1.0 0.0 0.0 0.0 0.0 1.0 0.0 0.0 0.0 0.0 1.0 0.0 0.0 0.0 0.0 1.0
0.9996165037155151 -0.0024809304159134626 0.027580950409173965 0.0019495454616844654 0.003488853108137846 0.9993255138397217 -0.03655632212758064 -0.00026389784761704504 -0.02747165411710739 0.0366385281085968 0.9989508986473083 -0.008456336334347725 0.0 0.0 0.0 1.0
0.9987127184867859 -0.0018759991507977247 0.05068951100111008 0.0022075199522078037 0.004899733699858189 0.9982106685638428 -0.059593867510557175 -0.000536405248567462 -0.050487011671066284 0.059765517711639404 0.9969348907470703 -0.015954282134771347 0.0 0.0 0.0 1.0
0.9970933794975281 0.005260475445538759 0.07600725442171097 0.0024295030161738396 0.0024359161034226418 0.9949024319648743 -0.10081269592046738 -0.0017299128230661154 -0.07615012675523758 0.10070481896400452 0.9919978380203247 -0.02423354983329773 0.0 0.0 0.0 1.0
0.9947372078895569 0.016503384336829185 0.10112116485834122 0.002003816654905677 0.000497722823638469 0.9861525297164917 -0.16584022343158722 -0.0029599706176668406 -0.10245781391859055 0.165017768740654 0.9809544086456299 -0.03540922701358795 0.0 0.0 0.0 1.0
0.9929382801055908 0.02419414557516575 0.11613868921995163 0.0003646448312792927 -0.001233410439454019 0.9810352921485901 -0.19382525980472565 -0.0031204945407807827 -0.11862558871507645 0.1923132687807083 0.9741373658180237 -0.04388609901070595 0.0 0.0 0.0 1.0
0.9905650615692139 0.03641707822680473 0.13211603462696075 -0.0017003290122374892 -0.00527252396568656 0.9734598398208618 -0.22879725694656372 -0.0031081291381269693 -0.13694177567958832 0.2259419709444046 0.9644672870635986 -0.052559949457645416 0.0 0.0 0.0 1.0
0.9870479702949524 0.04843373969197273 0.1529393494129181 -0.004504525102674961 -0.004430360626429319 0.9612029790878296 -0.27580657601356506 -0.002982312347739935 -0.1603640913963318 0.2715567350387573 0.9489679932594299 -0.06344529241323471 0.0 0.0 0.0 1.0
0.9841226935386658 0.05557019263505936 0.16856612265110016 -0.006974569987505674 -0.001821500831283629 0.9528356194496155 -0.3034813702106476 -0.0020411249715834856 -0.1774803251028061 0.2983558475971222 0.9378083348274231 -0.07164669781923294 0.0 0.0 0.0 1.0
0.9809844493865967 0.060408927500247955 0.18444570899009705 -0.010383225046098232 0.0037915906868875027 0.9441825747489929 -0.3294007480144501 0.00012389320181682706 -0.1940491646528244 0.3238363564014435 0.9259994029998779 -0.08009558916091919 0.0 0.0 0.0 1.0
0.977798342704773 0.06726245582103729 0.19845956563949585 -0.013078317977488041 0.008138920180499554 0.9341781139373779 -0.356714129447937 0.0023394161835312843 -0.2093900591135025 0.35040974617004395 0.9128903746604919 -0.0897887796163559 0.0 0.0 0.0 1.0
0.9752566814422607 0.07431092113256454 0.2082122564315796 -0.015004915185272694 0.011182187125086784 0.9240276217460632 -0.3821621835231781 0.004002358298748732 -0.22079269587993622 0.37503448128700256 0.9003331065177917 -0.0968053936958313 0.0 0.0 0.0 1.0
0.9733800888061523 0.08229880034923553 0.2139115184545517 -0.015526778064668179 0.013574172742664814 0.9109705090522766 -0.41224804520606995 0.005313329864293337 -0.22879460453987122 0.404177725315094 0.8856034278869629 -0.10224313288927078 0.0 0.0 0.0 1.0
0.9713970422744751 0.08533664047718048 0.2215976119041443 -0.01739119365811348 0.019158607348799706 0.9019875526428223 -0.43133679032325745 0.008103659376502037 -0.23668710887432098 0.42324477434158325 0.8745530843734741 -0.10860772430896759 0.0 0.0 0.0 1.0
0.9691124558448792 0.09103135019540787 0.2292037010192871 -0.018048003315925598 0.022160835564136505 0.8934793472290039 -0.44855719804763794 0.01030580885708332 -0.24562153220176697 0.43978172540664673 0.8638646006584167 -0.11373306065797806 0.0 0.0 0.0 1.0
0.9673503041267395 0.09075643122196198 0.23663614690303802 -0.018891220912337303 0.028965437784790993 0.8879782557487488 -0.45897239446640015 0.012849175371229649 -0.25178244709968567 0.45084133744239807 0.856357216835022 -0.11719142645597458 0.0 0.0 0.0 1.0
0.9665840268135071 0.09123747050762177 0.23956434428691864 -0.019558135420084 0.029883353039622307 0.888046145439148 -0.4587821662425995 0.01571107842028141 -0.254602313041687 0.450610488653183 0.855644702911377 -0.11917756497859955 0.0 0.0 0.0 1.0
0.9650800228118896 0.08714587986469269 0.2470347285270691 -0.020386405289173126 0.03330045938491821 0.8945770263671875 -0.4456713795661926 0.018653471022844315 -0.2598300278186798 0.4383349120616913 0.8604364395141602 -0.11983047425746918 0.0 0.0 0.0 1.0
0.9659077525138855 0.07849156111478806 0.2467007040977478 -0.020135745406150818 0.03632024675607681 0.9024202227592468 -0.42932337522506714 0.020909978076815605 -0.25632596015930176 0.42364701628685 0.8688039183616638 -0.11818872392177582 0.0 0.0 0.0 1.0
0.9681165814399719 0.06757771223783493 0.24121274054050446 -0.01965547911822796 0.03877123445272446 0.9108983278274536 -0.4108054041862488 0.023760611191391945 -0.247481569647789 0.4070596396923065 0.8792356252670288 -0.11423736810684204 0.0 0.0 0.0 1.0
0.9687550067901611 0.06288221478462219 0.23991575837135315 -0.019696811214089394 0.040726955980062485 0.9138626456260681 -0.4039757549762726 0.02483171597123146 -0.24465292692184448 0.4011245667934418 0.882748007774353 -0.11330945044755936 0.0 0.0 0.0 1.0
0.9687550067901611 0.06288221478462219 0.23991575837135315 -0.019696811214089394 0.040726955980062485 0.9138626456260681 -0.4039757549762726 0.02483171597123146 -0.24465292692184448 0.4011245667934418 0.882748007774353 -0.11330945044755936 0.0 0.0 0.0 1.0
0.9724196195602417 0.017913248389959335 0.23254935443401337 -0.01813996024429798 0.054447855800390244 0.9520639181137085 -0.3010144829750061 0.04142366349697113 -0.22679400444030762 0.3053742051124573 0.9248303174972534 -0.08759304881095886 0.0 0.0 0.0 1.0
0.9724196195602417 0.017913248389959335 0.23254935443401337 -0.01813996024429798 0.054447855800390244 0.9520639181137085 -0.3010144829750061 0.04142366349697113 -0.22679400444030762 0.3053742051124573 0.9248303174972534 -0.08759304881095886 0.0 0.0 0.0 1.0
0.9724196195602417 0.017913248389959335 0.23254935443401337 -0.01813996024429798 0.054447855800390244 0.9520639181137085 -0.3010144829750061 0.04142366349697113 -0.22679400444030762 0.3053742051124573 0.9248303174972534 -0.08759304881095886 0.0 0.0 0.0 1.0
0.9724196195602417 0.017913248389959335 0.23254935443401337 -0.01813996024429798 0.054447855800390244 0.9520639181137085 -0.3010144829750061 0.04142366349697113 -0.22679400444030762 0.3053742051124573 0.9248303174972534 -0.08759304881095886 0.0 0.0 0.0 1.0
0.9748455286026001 0.00555040268227458 0.2228124737739563 -0.02412535808980465 0.03581725433468819 0.9827958345413208 -0.1811891496181488 0.05335347726941109 -0.21998482942581177 0.1846119612455368 0.9578753113746643 -0.06844847649335861 0.0 0.0 0.0 1.0
0.9748455286026001 0.00555040268227458 0.2228124737739563 -0.02412535808980465 0.03581725433468819 0.9827958345413208 -0.1811891496181488 0.05335347726941109 -0.21998482942581177 0.1846119612455368 0.9578753113746643 -0.06844847649335861 0.0 0.0 0.0 1.0
0.975508987903595 0.0002061447739833966 0.21995943784713745 -0.024409374222159386 0.03665643930435181 0.985863208770752 -0.16349339485168457 0.055437877774238586 -0.2168836146593094 0.16755220293998718 0.9617108702659607 -0.06773111969232559 0.0 0.0 0.0 1.0
0.9792062640190125 -0.008396248333156109 0.20269328355789185 -0.02837499789893627 0.03658922389149666 0.9900673031806946 -0.1357496678829193 0.05898505821824074 -0.19954021275043488 0.1403433233499527 0.9697872996330261 -0.0629497617483139 0.0 0.0 0.0 1.0
0.9811269640922546 -0.013395086862146854 0.19290003180503845 -0.031419117003679276 0.03821481391787529 0.9913538098335266 -0.1255277842283249 0.06141771003603935 -0.1895507425069809 0.13053032755851746 0.9731558561325073 -0.060224778950214386 0.0 0.0 0.0 1.0
0.9828720688819885 -0.017071349546313286 0.18349680304527283 -0.03524525463581085 0.03788158670067787 0.9931527972221375 -0.11051034927368164 0.0636613517999649 -0.1803538054227829 0.11556868255138397 0.9767888188362122 -0.05765053257346153 0.0 0.0 0.0 1.0
0.9860209822654724 -0.02029939740896225 0.16538015007972717 -0.04133237525820732 0.03626171126961708 0.994904100894928 -0.09407932311296463 0.06671295315027237 -0.16262763738632202 0.09876115620136261 0.9817323684692383 -0.05470864847302437 0.0 0.0 0.0 1.0
0.988907516002655 -0.020939288660883904 0.147049218416214 -0.04678894579410553 0.03421647101640701 0.9955016374588013 -0.08835022151470184 0.06877000629901886 -0.14453774690628052 0.09240169823169708 0.9851754903793335 -0.052530478686094284 0.0 0.0 0.0 1.0
0.992206871509552 -0.017312148585915565 0.12339300662279129 -0.05322238430380821 0.026423761621117592 0.9970116019248962 -0.07259263843297958 0.0713360607624054 -0.12176752090454102 0.07528742402791977 0.9896991848945618 -0.05043376237154007 0.0 0.0 0.0 1.0
0.9957635998725891 -0.0057084206491708755 0.09177321940660477 -0.06315411627292633 0.011173082515597343 0.9981870055198669 -0.05914227291941643 0.0745287835597992 -0.09126923233270645 0.059917107224464417 0.9940220713615417 -0.047890689224004745 0.0 0.0 0.0 1.0
0.9980097413063049 0.013571548275649548 0.06158173456788063 -0.07176472991704941 -0.009799065068364143 0.9980802536010742 -0.06115339696407318 0.07622770220041275 -0.062293462455272675 0.06042824313044548 0.9962268471717834 -0.04707770422101021 0.0 0.0 0.0 1.0
0.9988503456115723 0.037390124052762985 0.029999682679772377 -0.0808381587266922 -0.035230595618486404 0.9969567060470581 -0.06954213231801987 0.07815396040678024 -0.032508574426174164 0.06840527802705765 0.9971278309822083 -0.04653697460889816 0.0 0.0 0.0 1.0
0.9973762035369873 0.0711229220032692 -0.013501214794814587 -0.0932888463139534 -0.07191859930753708 0.9947723746299744 -0.07249552756547928 0.08072205632925034 0.008274542167782784 0.07327630370855331 0.9972773790359497 -0.046661246567964554 0.0 0.0 0.0 1.0
0.9941583275794983 0.09735897183418274 -0.04658748582005501 -0.10315273702144623 -0.10088162124156952 0.9916419982910156 -0.0804305151104927 0.08281610161066055 0.03836747631430626 0.08466049283742905 0.9956709146499634 -0.04786894842982292 0.0 0.0 0.0 1.0
0.9895005822181702 0.12189255654811859 -0.07765834778547287 -0.11292508244514465 -0.12864471971988678 0.9877018332481384 -0.0888574942946434 0.0847601443529129 0.06587222218513489 0.09791487455368042 0.9930123686790466 -0.0497615709900856 0.0 0.0 0.0 1.0
0.9798662662506104 0.15731491148471832 -0.1229393258690834 -0.1268412172794342 -0.16956238448619843 0.9807900190353394 -0.09643439203500748 0.08792638778686523 0.10540708899497986 0.11533869057893753 0.9877177476882935 -0.05324957147240639 0.0 0.0 0.0 1.0
0.9708154797554016 0.18345139920711517 -0.1544763147830963 -0.13722863793373108 -0.20025208592414856 0.974503219127655 -0.10120542347431183 0.09049394726753235 0.13197138905525208 0.1291859894990921 0.9827993512153625 -0.056514378637075424 0.0 0.0 0.0 1.0
0.9611939787864685 0.20998145639896393 -0.17892423272132874 -0.14743079245090485 -0.2304265946149826 0.9677094221115112 -0.10218650102615356 0.09339358657598495 0.15168939530849457 0.13944995403289795 0.9785417914390564 -0.06029435619711876 0.0 0.0 0.0 1.0
0.9491104483604431 0.24044188857078552 -0.20341360569000244 -0.16069954633712769 -0.26758044958114624 0.9562613368034363 -0.1181735098361969 0.0974060595035553 0.16610269248485565 0.16658921539783478 0.9719351530075073 -0.06601278483867645 0.0 0.0 0.0 1.0
0.9392370581626892 0.25954490900039673 -0.22465580701828003 -0.1702328771352768 -0.29441457986831665 0.9455983638763428 -0.1384332776069641 0.1000259667634964 0.17650450766086578 0.1961635947227478 0.9645548462867737 -0.07072251290082932 0.0 0.0 0.0 1.0
0.9271448254585266 0.27920112013816833 -0.24989841878414154 -0.18114054203033447 -0.31838899850845337 0.9386492371559143 -0.13253706693649292 0.10302582383155823 0.19756247103214264 0.20244595408439636 0.9591583609580994 -0.07634156942367554 0.0 0.0 0.0 1.0
0.9054908752441406 0.29852113127708435 -0.3016146123409271 -0.19462239742279053 -0.3511194884777069 0.9261916875839233 -0.1374194622039795 0.10623809695243835 0.23833031952381134 0.2303348332643509 0.9434747099876404 -0.08585528284311295 0.0 0.0 0.0 1.0
0.8860462307929993 0.3054620325565338 -0.348733514547348 -0.2057664692401886 -0.37303611636161804 0.9164003729820251 -0.14510133862495422 0.10812196135520935 0.27525657415390015 0.25865668058395386 0.9259214401245117 -0.09229815006256104 0.0 0.0 0.0 1.0
0.8673585653305054 0.3085973560810089 -0.3904571533203125 -0.21589645743370056 -0.38777217268943787 0.9108258485794067 -0.14152401685714722 0.11004666984081268 0.3119645118713379 0.2741604745388031 0.909678041934967 -0.09947582334280014 0.0 0.0 0.0 1.0
0.8347146511077881 0.3086874186992645 -0.4560301601886749 -0.23015806078910828 -0.40722063183784485 0.9034743905067444 -0.13381099700927734 0.11286375671625137 0.370705783367157 0.2973988950252533 0.8798472285270691 -0.11008763313293457 0.0 0.0 0.0 1.0
0.8071125745773315 0.3092927634716034 -0.5028989315032959 -0.2403075248003006 -0.4215528964996338 0.8982712626457214 -0.12410416454076767 0.1148018017411232 0.41335514187812805 0.3121645152568817 0.8553892970085144 -0.11817604303359985 0.0 0.0 0.0 1.0
0.7816385626792908 0.30471816658973694 -0.5442315936088562 -0.25055915117263794 -0.42763230204582214 0.8969945311546326 -0.11194383352994919 0.1177549734711647 0.4540614187717438 0.320230633020401 0.8314328193664551 -0.12667562067508698 0.0 0.0 0.0 1.0
0.7353026866912842 0.297757089138031 -0.6088272333145142 -0.2638198733329773 -0.4414900839328766 0.8920130133628845 -0.09694972634315491 0.12077776342630386 0.5142143964767456 0.34007859230041504 0.787356436252594 -0.13683369755744934 0.0 0.0 0.0 1.0
0.6997146010398865 0.2992721199989319 -0.6487184762954712 -0.27273282408714294 -0.4500567615032196 0.8898513913154602 -0.07492247223854065 0.1244768500328064 0.5548408031463623 0.34438449144363403 0.7573314905166626 -0.14518629014492035 0.0 0.0 0.0 1.0
0.6647039651870728 0.3020808696746826 -0.6833123564720154 -0.281461626291275 -0.45541930198669434 0.8888683319091797 -0.050063356757164 0.12918129563331604 0.5922515392303467 0.34447094798088074 0.7284078001976013 -0.1529022455215454 0.0 0.0 0.0 1.0
0.6226962804794312 0.3060741424560547 -0.7201166749000549 -0.2909802496433258 -0.45985496044158936 0.887761652469635 -0.02031487412750721 0.13700686395168304 0.6330741047859192 0.3437992036342621 0.6935555338859558 -0.16368494927883148 0.0 0.0 0.0 1.0
0.5938596129417419 0.3104024827480316 -0.7422809600830078 -0.29754453897476196 -0.4645494520664215 0.8855461478233337 -0.0013491129502654076 0.14425405859947205 0.6569052934646606 0.34562739729881287 0.6700873970985413 -0.17115743458271027 0.0 0.0 0.0 1.0
0.570216715335846 0.3221897482872009 -0.75567626953125 -0.3044604957103729 -0.4704645872116089 0.8821661472320557 0.021117663010954857 0.15300782024860382 0.6734359264373779 0.3434772789478302 0.6546047925949097 -0.1777658611536026 0.0 0.0 0.0 1.0
0.5493744015693665 0.3449035882949829 -0.7610711455345154 -0.31071096658706665 -0.4764108955860138 0.8775748014450073 0.053806718438863754 0.16635827720165253 0.6864549517631531 0.3330225646495819 0.6464329361915588 -0.18695645034313202 0.0 0.0 0.0 1.0
0.5327565670013428 0.3564687669277191 -0.767528772354126 -0.3162815272808075 -0.48294976353645325 0.8728334903717041 0.07015135884284973 0.17721807956695557 0.6949315667152405 0.3333042562007904 0.637164294719696 -0.1931016594171524 0.0 0.0 0.0 1.0
0.5263472199440002 0.3756951093673706 -0.7627658843994141 -0.32078027725219727 -0.4881391227245331 0.8680394887924194 0.09070611000061035 0.18882021307945251 0.696188747882843 0.3245929479598999 0.6402816772460938 -0.19923697412014008 0.0 0.0 0.0 1.0
0.5146468877792358 0.4037022590637207 -0.7564145922660828 -0.3274148404598236 -0.49473634362220764 0.8603561520576477 0.12256930768489838 0.20560012757778168 0.700267493724823 0.3111458718776703 0.6425058245658875 -0.20682094991207123 0.0 0.0 0.0 1.0
0.504737138748169 0.41693538427352905 -0.7559135556221008 -0.3327248692512512 -0.498087078332901 0.8558375239372253 0.13946817815303802 0.2185927778482437 0.7050883769989014 0.3061160147190094 0.639643132686615 -0.21221581101417542 0.0 0.0 0.0 1.0
0.49624183773994446 0.4387810528278351 -0.7491430044174194 -0.3383898437023163 -0.5009909272193909 0.8494481444358826 0.16566810011863708 0.23199281096458435 0.709050178527832 0.2931024134159088 0.6413570642471313 -0.21780575811862946 0.0 0.0 0.0 1.0
0.49126341938972473 0.46698009967803955 -0.7352481484413147 -0.3465653359889984 -0.501568078994751 0.8417955040931702 0.19952405989170074 0.2503870129585266 0.7121023535728455 0.27075812220573425 0.6477656364440918 -0.22505861520767212 0.0 0.0 0.0 1.0
0.491672158241272 0.4855428636074066 -0.7228462100028992 -0.3532702922821045 -0.49584129452705383 0.8385000228881836 0.2259627878665924 0.2644462585449219 0.7158211469650269 0.247317373752594 0.6530193090438843 -0.2311217486858368 0.0 0.0 0.0 1.0
0.49810054898262024 0.4892381429672241 -0.7159203290939331 -0.3602648377418518 -0.48253828287124634 0.8423728346824646 0.23992660641670227 0.2785564959049225 0.7204530835151672 0.2259513884782791 0.655662477016449 -0.23793554306030273 0.0 0.0 0.0 1.0
0.5105689167976379 0.5037122964859009 -0.6968452334403992 -0.3714132308959961 -0.46652814745903015 0.8430599570274353 0.26758432388305664 0.29854559898376465 0.7222678661346436 0.18847768008708954 0.6654362082481384 -0.24695710837841034 0.0 0.0 0.0 1.0
0.5292789340019226 0.5136560201644897 -0.675293505191803 -0.37999117374420166 -0.452478289604187 0.8441709876060486 0.2874695062637329 0.31373369693756104 0.7177236080169678 0.153404101729393 0.6792201399803162 -0.2540726363658905 0.0 0.0 0.0 1.0
0.5599179267883301 0.5111636519432068 -0.6520764231681824 -0.389091819524765 -0.4330616295337677 0.8515023589134216 0.29563724994659424 0.3289559781551361 0.7063636183738708 0.11685669422149658 0.6981367468833923 -0.2617035210132599 0.0 0.0 0.0 1.0
0.6048312187194824 0.4976685047149658 -0.6216954588890076 -0.40233758091926575 -0.4043217897415161 0.864479124546051 0.29866328835487366 0.34946638345718384 0.6860780715942383 0.07072413712739944 0.7240821719169617 -0.2726380228996277 0.0 0.0 0.0 1.0
0.6404240131378174 0.48001810908317566 -0.5995329022407532 -0.4135715961456299 -0.3728303611278534 0.8767789602279663 0.30373695492744446 0.3654293417930603 0.671457052230835 0.02900361269712448 0.7404756546020508 -0.28160688281059265 0.0 0.0 0.0 1.0
0.676053524017334 0.4617958068847656 -0.5741918683052063 -0.4252694249153137 -0.33889132738113403 0.8868070244789124 0.31420695781707764 0.3814546763896942 0.6542968153953552 -0.017832061275839806 0.7560275793075562 -0.29149821400642395 0.0 0.0 0.0 1.0
0.715233564376831 0.4491572082042694 -0.5354425311088562 -0.4426284730434418 -0.3042692244052887 0.8898399472236633 0.340007483959198 0.40237700939178467 0.6291749477386475 -0.0802660807967186 0.7731081247329712 -0.3051605820655823 0.0 0.0 0.0 1.0
0.7368961572647095 0.4463564455509186 -0.5076907873153687 -0.4569905400276184 -0.29302987456321716 0.8877009749412537 0.35513436794281006 0.4175839424133301 0.6091941595077515 -0.11292857676744461 0.7849392294883728 -0.3147324323654175 0.0 0.0 0.0 1.0
0.7586953043937683 0.4497152864933014 -0.47131478786468506 -0.4716511070728302 -0.28975728154182434 0.8809438347816467 0.3741372525691986 0.4319900572299957 0.5834571123123169 -0.14728927612304688 0.7986761927604675 -0.3248695731163025 0.0 0.0 0.0 1.0
0.7840543389320374 0.44768115878105164 -0.429930716753006 -0.49245011806488037 -0.2857644259929657 0.8752442598342896 0.39023858308792114 0.44977569580078125 0.5509968400001526 -0.1831093430519104 0.8141704201698303 -0.3389764130115509 0.0 0.0 0.0 1.0
0.7961627840995789 0.45416009426116943 -0.39982929825782776 -0.5088697671890259 -0.28478771448135376 0.8642770051956177 0.41463378071784973 0.46275708079338074 0.5338733792304993 -0.2162494957447052 0.817444384098053 -0.34981051087379456 0.0 0.0 0.0 1.0
0.7989981174468994 0.4572943150997162 -0.39049193263053894 -0.5261850357055664 -0.28743329644203186 0.8608229160308838 0.4199594557285309 0.47417426109313965 0.528189480304718 -0.22330643236637115 0.8192375302314758 -0.3605385422706604 0.0 0.0 0.0 1.0
0.7987902164459229 0.46221646666526794 -0.3850845396518707 -0.5498709082603455 -0.2937469780445099 0.858258068561554 0.42083945870399475 0.48767659068107605 0.5250208377838135 -0.22304503619670868 0.8213428258895874 -0.37526121735572815 0.0 0.0 0.0 1.0
0.8024769425392151 0.4636507034301758 -0.3755779564380646 -0.5674251317977905 -0.3013150691986084 0.858178973197937 0.41561776399612427 0.4961371123790741 0.5150145292282104 -0.22035636007785797 0.8283737301826477 -0.38588467240333557 0.0 0.0 0.0 1.0
0.8051262497901917 0.4652043879032135 -0.3679083585739136 -0.5847769975662231 -0.30923992395401 0.8585841059684753 0.40890589356422424 0.5036799907684326 0.5061050653457642 -0.21544893085956573 0.8351283669471741 -0.39607569575309753 0.0 0.0 0.0 1.0
0.8087555170059204 0.4670826494693756 -0.3574189245700836 -0.6073378324508667 -0.32347550988197327 0.8607882261276245 0.39294683933258057 0.5119224190711975 0.49120065569877625 -0.20218166708946228 0.8472570180892944 -0.4089120328426361 0.0 0.0 0.0 1.0
0.8151654005050659 0.46324989199638367 -0.34771376848220825 -0.6237406134605408 -0.3310461640357971 0.8652056455612183 0.37660008668899536 0.5170742273330688 0.47530385851860046 -0.19188204407691956 0.8586428165435791 -0.41731372475624084 0.0 0.0 0.0 1.0
0.8218911290168762 0.4586447477340698 -0.33784613013267517 -0.6400793790817261 -0.33380091190338135 0.8683556914329529 0.3667905926704407 0.5219385623931885 0.46159717440605164 -0.18868857622146606 0.8667898774147034 -0.4242277145385742 0.0 0.0 0.0 1.0
0.8319600224494934 0.4507514238357544 -0.323520690202713 -0.6615161299705505 -0.32859405875205994 0.8701215386390686 0.36730697751045227 0.5281774401664734 0.44706645607948303 -0.19927777349948883 0.8720206022262573 -0.4317591190338135 0.0 0.0 0.0 1.0
0.8433579802513123 0.43741732835769653 -0.31211113929748535 -0.676979660987854 -0.3175395429134369 0.8742525577545166 0.36722078919410706 0.5322021842002869 0.4334927201271057 -0.21059095859527588 0.8762052059173584 -0.436123788356781 0.0 0.0 0.0 1.0
0.8556176424026489 0.421713650226593 -0.3001267611980438 -0.692031741142273 -0.3033387064933777 0.8783578872680664 0.3694225251674652 0.5357517004013062 0.41940924525260925 -0.2250443547964096 0.8794605731964111 -0.4393073618412018 0.0 0.0 0.0 1.0
0.8686688542366028 0.4046861529350281 -0.2857334017753601 -0.7114337086677551 -0.28670480847358704 0.8810547590255737 0.37622177600860596 0.5402737259864807 0.4039985239505768 -0.2448910027742386 0.8813703060150146 -0.4424385726451874 0.0 0.0 0.0 1.0
0.8795338273048401 0.3922991454601288 -0.2692984640598297 -0.7260037660598755 -0.2786578834056854 0.8833951354026794 0.3767794668674469 0.5429783463478088 0.38570722937583923 -0.2563481330871582 0.8862931728363037 -0.44354763627052307 0.0 0.0 0.0 1.0
0.8917076587677002 0.37846624851226807 -0.24823527038097382 -0.7401263117790222 -0.2711261510848999 0.8858127593994141 0.3765983581542969 0.5449883937835693 0.3624197542667389 -0.2685125768184662 0.8924981355667114 -0.4440505802631378 0.0 0.0 0.0 1.0
0.9044344425201416 0.3649978041648865 -0.22085048258304596 -0.7589259147644043 -0.2737009823322296 0.8935487270355225 0.35589107871055603 0.5454251170158386 0.32724010944366455 -0.2614331543445587 0.9080564975738525 -0.44445452094078064 0.0 0.0 0.0 1.0
0.9143621325492859 0.3494919538497925 -0.20444366335868835 -0.7743329405784607 -0.2663156986236572 0.8994490504264832 0.34650731086730957 0.5456872582435608 0.30498817563056946 -0.26238662004470825 0.915497362613678 -0.44452735781669617 0.0 0.0 0.0 1.0
0.9249110221862793 0.3278805613517761 -0.19244201481342316 -0.7905372381210327 -0.24996541440486908 0.9058467745780945 0.34199264645576477 0.5455952882766724 0.2864557206630707 -0.26820892095565796 0.9197864532470703 -0.44486281275749207 0.0 0.0 0.0 1.0
0.9356049299240112 0.29855358600616455 -0.18843869864940643 -0.8141837120056152 -0.22687914967536926 0.9173856973648071 0.3270004391670227 0.5448960661888123 0.270498126745224 -0.2631904184818268 0.9260461926460266 -0.44543224573135376 0.0 0.0 0.0 1.0
0.9431418180465698 0.277021586894989 -0.18369145691394806 -0.8332154750823975 -0.2094377875328064 0.9244097471237183 0.31875142455101013 0.5443405508995056 0.25810718536376953 -0.2621558606624603 0.9298682808876038 -0.4463069438934326 0.0 0.0 0.0 1.0
0.9501810669898987 0.2594847083091736 -0.17269504070281982 -0.8527851700782776 -0.19442853331565857 0.926456868648529 0.3222968280315399 0.5436541438102722 0.24362559616565704 -0.27266350388526917 0.9307529926300049 -0.4478088617324829 0.0 0.0 0.0 1.0
0.9602966904640198 0.22684265673160553 -0.16239675879478455 -0.8790009021759033 -0.1654600203037262 0.9317764043807983 0.3231341242790222 0.5411069989204407 0.2246180772781372 -0.2834344506263733 0.9323151707649231 -0.45084288716316223 0.0 0.0 0.0 1.0
0.9659553170204163 0.20367999374866486 -0.15951412916183472 -0.8987264037132263 -0.14370904862880707 0.9351421594619751 0.32381606101989746 0.5379729270935059 0.215123251080513 -0.28986820578575134 0.9325762391090393 -0.4549686312675476 0.0 0.0 0.0 1.0
0.9705107808113098 0.18415850400924683 -0.15554563701152802 -0.9181697368621826 -0.1245606392621994 0.9355595111846924 0.33047401905059814 0.5341691970825195 0.20638179779052734 -0.30135372281074524 0.9309095144271851 -0.46064743399620056 0.0 0.0 0.0 1.0
0.9760329127311707 0.15324527025222778 -0.15451762080192566 -0.9434312582015991 -0.09588081389665604 0.9402095079421997 0.3268224596977234 0.5272102355957031 0.19536294043064117 -0.30417418479919434 0.9323686957359314 -0.4705302119255066 0.0 0.0 0.0 1.0
0.9783733487129211 0.1373107135295868 -0.15469762682914734 -0.9620273113250732 -0.082375168800354 0.9446674585342407 0.31751805543899536 0.520656168460846 0.18973644077777863 -0.2979079782962799 0.9355484843254089 -0.4788806438446045 0.0 0.0 0.0 1.0
0.9800456166267395 0.129059836268425 -0.15117599070072174 -0.9802443981170654 -0.0758133977651596 0.9457545876502991 0.31591227650642395 0.5132690072059631 0.18374697864055634 -0.2981472611427307 0.9366670846939087 -0.48802003264427185 0.0 0.0 0.0 1.0
0.9818126559257507 0.11929229646921158 -0.1476932168006897 -1.0043625831604004 -0.07081330567598343 0.9519007802009583 0.2981114089488983 0.5019837617874146 0.17615167796611786 -0.2822309136390686 0.9430356621742249 -0.5013285279273987 0.0 0.0 0.0 1.0
0.9830227494239807 0.11805163323879242 -0.1404637098312378 -1.0218696594238281 -0.07427280396223068 0.9560327529907227 0.2836986780166626 0.4929436445236206 0.16777899861335754 -0.2684496343135834 0.9485699534416199 -0.5118798017501831 0.0 0.0 0.0 1.0
0.9840911030769348 0.1200985237956047 -0.13092373311519623 -1.0389801263809204 -0.0805630013346672 0.9584498405456543 0.2736484408378601 0.48416975140571594 0.15834861993789673 -0.2587473690509796 0.9528774619102478 -0.5226991772651672 0.0 0.0 0.0 1.0
0.9861392974853516 0.11796975135803223 -0.11667223274707794 -1.0613338947296143 -0.08401376008987427 0.9614054560661316 0.2619946599006653 0.472317099571228 0.14307676255702972 -0.24856114387512207 0.957990825176239 -0.5370200276374817 0.0 0.0 0.0 1.0
0.9876746535301208 0.1177770346403122 -0.10308908671140671 -1.0780174732208252 -0.08822347223758698 0.9629381895065308 0.25488555431365967 0.4638374447822571 0.12928809225559235 -0.2426491379737854 0.9614603519439697 -0.5474379658699036 0.0 0.0 0.0 1.0
0.9888914227485657 0.12042848765850067 -0.08712457865476608 -1.094051718711853 -0.09403545409440994 0.9608134031295776 0.26075831055641174 0.4562317728996277 0.11511319130659103 -0.24966885149478912 0.9614647030830383 -0.5583401322364807 0.0 0.0 0.0 1.0
0.9903026819229126 0.11862819641828537 -0.07230458408594131 -1.1155142784118652 -0.09697245806455612 0.9629346132278442 0.2517007291316986 0.4455174505710602 0.09948339313268661 -0.24224834144115448 0.9651004076004028 -0.5726743340492249 0.0 0.0 0.0 1.0
0.9915107488632202 0.11664797365665436 -0.05744290351867676 -1.131687045097351 -0.0995728000998497 0.9652849435806274 0.24147507548332214 0.4370994567871094 0.08361634612083435 -0.23370538651943207 0.9687053561210632 -0.5834317207336426 0.0 0.0 0.0 1.0
0.9925881028175354 0.11251452565193176 -0.045927759259939194 -1.1473346948623657 -0.09865304827690125 0.9666969776153564 0.23614510893821716 0.42874330282211304 0.07096797972917557 -0.22986389696598053 0.9706318378448486 -0.5950668454170227 0.0 0.0 0.0 1.0
0.9940800666809082 0.10551058501005173 -0.025928551331162453 -1.166875958442688 -0.09735852479934692 0.9709687829017639 0.21849709749221802 0.41665300726890564 0.04822956770658493 -0.21467924118041992 0.9754930734634399 -0.6112081408500671 0.0 0.0 0.0 1.0
0.9945560097694397 0.10414288938045502 -0.0035570692270994186 -1.181139349937439 -0.1014128252863884 0.9752028584480286 0.19670985639095306 0.4066528081893921 0.02395479753613472 -0.19527824223041534 0.9804552793502808 -0.6241815686225891 0.0 0.0 0.0 1.0
0.9942777752876282 0.10427902638912201 0.023186862468719482 -1.1947383880615234 -0.10667890310287476 0.980617344379425 0.16434475779533386 0.39594700932502747 -0.00559972831979394 -0.16587787866592407 0.98613041639328 -0.6379921436309814 0.0 0.0 0.0 1.0
0.9928429126739502 0.0987212210893631 0.06720875948667526 -1.2123082876205444 -0.10655223578214645 0.9863998293876648 0.12514792382717133 0.3822614848613739 -0.053939953446388245 -0.13141347467899323 0.9898590445518494 -0.6570537686347961 0.0 0.0 0.0 1.0
0.9895960092544556 0.09577802568674088 0.10736040771007538 -1.225627064704895 -0.10636255145072937 0.9895229935646057 0.09762821346521378 0.37313908338546753 -0.09688495099544525 -0.10803162306547165 0.9894152283668518 -0.6714510917663574 0.0 0.0 0.0 1.0
0.9838142395019531 0.09253542870283127 0.15344935655593872 -1.2390817403793335 -0.10400006920099258 0.9922201037406921 0.06843455880880356 0.36504504084587097 -0.14592291414737701 -0.08328563719987869 0.9857839345932007 -0.6866319179534912 0.0 0.0 0.0 1.0
0.9731184840202332 0.08397504687309265 0.21444959938526154 -1.257891297340393 -0.08973471075296402 0.9958163499832153 0.017247777432203293 0.356219619512558 -0.21210402250289917 -0.0360277034342289 0.9765827655792236 -0.7066170573234558 0.0 0.0 0.0 1.0
0.9615046381950378 0.07589767873287201 0.2640991806983948 -1.2726044654846191 -0.07743331789970398 0.9969868659973145 -0.0046062287874519825 0.35165321826934814 -0.2636530101299286 -0.016021164134144783 0.9644845128059387 -0.7207530736923218 0.0 0.0 0.0 1.0
0.948413610458374 0.0640769824385643 0.31049278378486633 -1.2882630825042725 -0.05924375355243683 0.9979308843612671 -0.024982284754514694 0.34809091687202454 -0.31145110726356506 0.005298781208693981 0.9502474069595337 -0.7340965867042542 0.0 0.0 0.0 1.0
0.9306418299674988 0.0471121110022068 0.3628860116004944 -1.3104517459869385 -0.03353985399007797 0.998485267162323 -0.04361467808485031 0.345581591129303 -0.36439111828804016 0.02841849811375141 0.9308122992515564 -0.7497115731239319 0.0 0.0 0.0 1.0
0.918996274471283 0.029571745544672012 0.39315563440322876 -1.327977180480957 -0.01490720734000206 0.9990763664245605 -0.04030150547623634 0.3452783524990082 -0.39398428797721863 0.03117608092725277 0.9185882806777954 -0.7588498592376709 0.0 0.0 0.0 1.0
0.911476731300354 0.009833953343331814 0.4112340807914734 -1.3470089435577393 0.0017747982637956738 0.9996109008789062 -0.027837706729769707 0.34613683819770813 -0.41134780645370483 0.02610328048467636 0.9111046195030212 -0.7657428979873657 0.0 0.0 0.0 1.0
0.909295380115509 -8.943907596403733e-05 0.41615134477615356 -1.3742595911026 0.017569687217473984 0.9991165995597839 -0.03817523643374443 0.3476281464099884 -0.41578030586242676 0.04202421382069588 0.9084936380386353 -0.7706611156463623 0.0 0.0 0.0 1.0
0.913985013961792 -0.0011644933838397264 0.4057462215423584 -1.3956326246261597 0.020193083211779594 0.9988872408866882 -0.042620185762643814 0.34981662034988403 -0.4052450954914093 0.0471474789083004 0.9129915237426758 -0.7702596783638 0.0 0.0 0.0 1.0
0.9218692183494568 -0.0018392748897895217 0.38749682903289795 -1.4174884557724 0.01844063214957714 0.999064028263092 -0.039128828793764114 0.3533180058002472 -0.3870621621608734 0.04321734979748726 0.9210402369499207 -0.7665456533432007 0.0 0.0 0.0 1.0
0.9361201524734497 -0.010089070536196232 0.3515356183052063 -1.4468085765838623 0.021291539072990417 0.9993807077407837 -0.02801598608493805 0.35894638299942017 -0.3510352373123169 0.033711064606904984 0.93575519323349 -0.7576228976249695 0.0 0.0 0.0 1.0
0.9460926055908203 -0.02114027924835682 0.3232056796550751 -1.4689109325408936 0.02637491002678871 0.9995821714401245 -0.011824232526123524 0.36397016048431396 -0.3228206932544708 0.019711339846253395 0.9462548494338989 -0.7484351396560669 0.0 0.0 0.0 1.0
0.9556812047958374 -0.029995281249284744 0.2928714156150818 -1.491346836090088 0.028090285137295723 0.9995480179786682 0.010709021240472794 0.36971795558929443 -0.2930602729320526 -0.0020075684878975153 0.9560918807983398 -0.7372313141822815 0.0 0.0 0.0 1.0
0.967789351940155 -0.04378864914178848 0.24792394042015076 -1.5216128826141357 0.035226788371801376 0.998623251914978 0.038867779076099396 0.37765657901763916 -0.24928458034992218 -0.028882257640361786 0.9679995179176331 -0.720326840877533 0.0 0.0 0.0 1.0
0.9757494330406189 -0.05376584827899933 0.21218445897102356 -1.5445096492767334 0.043475598096847534 0.9976544976234436 0.052871223539114 0.3836594820022583 -0.21452943980693817 -0.042364221066236496 0.9757983088493347 -0.7076490521430969 0.0 0.0 0.0 1.0
0.9813711047172546 -0.05928471311926842 0.18274593353271484 -1.5673521757125854 0.04953600838780403 0.9971181154251099 0.05746039003133774 0.38949859142303467 -0.1856258064508438 -0.04733746126294136 0.9814795851707458 -0.6925921440124512 0.0 0.0 0.0 1.0
0.98779296875 -0.06922700256109238 0.13954460620880127 -1.5986839532852173 0.058712299913167953 0.9952142238616943 0.07811196893453598 0.3976846933364868 -0.1442842334508896 -0.06896546483039856 0.9871301054954529 -0.6717962026596069 0.0 0.0 0.0 1.0
0.9914622902870178 -0.07563736289739609 0.10621463507413864 -1.6220299005508423 0.0661705806851387 0.9937419295310974 0.08999116718769073 0.4032425284385681 -0.11235663294792175 -0.08219456672668457 0.9902626276016235 -0.6558981537818909 0.0 0.0 0.0 1.0
0.9934832453727722 -0.08056148141622543 0.08062776178121567 -1.6442400217056274 0.07371936738491058 0.9936913847923279 0.0845155194401741 0.4078127443790436 -0.08692780882120132 -0.07802093029022217 0.9931547045707703 -0.6394129991531372 0.0 0.0 0.0 1.0
0.9945641756057739 -0.08678726106882095 0.05753291770815849 -1.6739310026168823 0.08192852139472961 0.9932574033737183 0.08202118426561356 0.41357558965682983 -0.06426338851451874 -0.07686174660921097 0.994968593120575 -0.6175896525382996 0.0 0.0 0.0 1.0
0.9950677156448364 -0.08646857738494873 0.04861539974808693 -1.6952134370803833 0.08226016908884048 0.9931686520576477 0.08276058733463287 0.4171828031539917 -0.055439479649066925 -0.07835327833890915 0.9953829646110535 -0.6010615825653076 0.0 0.0 0.0 1.0
0.9947498440742493 -0.08739881962537766 0.05323744937777519 -1.7154786586761475 0.08291525393724442 0.9932355880737305 0.08129025995731354 0.4201853275299072 -0.05998200178146362 -0.07644927501678467 0.9952676296234131 -0.5846739411354065 0.0 0.0 0.0 1.0
0.9931848049163818 -0.09202763438224792 0.07151838392019272 -1.7404606342315674 0.08697867393493652 0.9936932921409607 0.07076988369226456 0.4226452708244324 -0.07758012413978577 -0.06406699866056442 0.9949254989624023 -0.5623738169670105 0.0 0.0 0.0 1.0
0.9912775158882141 -0.09623461961746216 0.09004341810941696 -1.7582701444625854 0.08964048326015472 0.9931747913360596 0.07462178170681 0.42383965849876404 -0.09661005437374115 -0.06589935719966888 0.9931383728981018 -0.5459772944450378 0.0 0.0 0.0 1.0
0.9889953136444092 -0.10341741889715195 0.10579731315374374 -1.7756606340408325 0.09656554460525513 0.9930031895637512 0.06796910613775253 0.42350104451179504 -0.11208625137805939 -0.05700475350022316 0.9920620322227478 -0.5297000408172607 0.0 0.0 0.0 1.0
0.9863409996032715 -0.10917669534683228 0.12333624809980392 -1.798614263534546 0.10183073580265045 0.9927157163619995 0.06438972055912018 0.4218117594718933 -0.1294676810503006 -0.0509507991373539 0.9902737736701965 -0.5078115463256836 0.0 0.0 0.0 1.0
0.9844878315925598 -0.11707759648561478 0.13067707419395447 -1.8153198957443237 0.10932190716266632 0.9918757081031799 0.06504836678504944 0.41947659850120544 -0.13723112642765045 -0.04975345730781555 0.9892887473106384 -0.49172091484069824 0.0 0.0 0.0 1.0
0.9817225933074951 -0.13089962303638458 0.13815243542194366 -1.8321453332901 0.12346956133842468 0.9904665946960449 0.06108357012271881 0.4167550802230835 -0.14483118057250977 -0.04290949925780296 0.9885255098342896 -0.47611647844314575 0.0 0.0 0.0 1.0
0.9783066511154175 -0.13980013132095337 0.1528790444135666 -1.8550933599472046 0.13150127232074738 0.989301860332489 0.06316076219081879 0.41367799043655396 -0.1600734144449234 -0.041686803102493286 0.9862244725227356 -0.4568287432193756 0.0 0.0 0.0 1.0
0.9752614498138428 -0.14628110826015472 0.16573162376880646 -1.87248694896698 0.13718555867671967 0.9884023666381836 0.06512213498353958 0.4114019274711609 -0.17333567142486572 -0.0407751239836216 0.9840183854103088 -0.4434126317501068 0.0 0.0 0.0 1.0
0.972372829914093 -0.150804340839386 0.17818298935890198 -1.889863133430481 0.14242835342884064 0.9880466461181641 0.05897458642721176 0.40878260135650635 -0.18494673073291779 -0.03196697309613228 0.9822285175323486 -0.4303862452507019 0.0 0.0 0.0 1.0
0.9706621766090393 -0.1507594734430313 0.1873139590024948 -1.9139578342437744 0.14246095716953278 0.9881531596183777 0.057080596685409546 0.4058135449886322 -0.19370032846927643 -0.028721047565340996 0.9806402325630188 -0.4132464528083801 0.0 0.0 0.0 1.0
0.9693101048469543 -0.14682672917842865 0.19717960059642792 -1.9325264692306519 0.13856293261051178 0.9888169169425964 0.05514918640255928 0.4036453366279602 -0.20307190716266632 -0.026134882122278214 0.978814959526062 -0.4009016454219818 0.0 0.0 0.0 1.0
0.96743243932724 -0.14305610954761505 0.20882867276668549 -1.950499176979065 0.13525886833667755 0.9894850254058838 0.05122888460755348 0.4017733633518219 -0.21396145224571228 -0.021314555779099464 0.9766095280647278 -0.3894326984882355 0.0 0.0 0.0 1.0
0.9659907221794128 -0.1394476592540741 0.21775281429290771 -1.9741272926330566 0.13357914984226227 0.9901681542396545 0.04151687026023865 0.3997443616390228 -0.22140133380889893 -0.011017675511538982 0.9751205444335938 -0.37410083413124084 0.0 0.0 0.0 1.0
0.9649689197540283 -0.1417444795370102 0.22077935934066772 -1.9917044639587402 0.13419653475284576 0.9897475838661194 0.04889843240380287 0.3994162380695343 -0.2254469245672226 -0.017557639628648758 0.9740972518920898 -0.3626396954059601 0.0 0.0 0.0 1.0
0.9633980989456177 -0.14804819226264954 0.2234857827425003 -2.009087562561035 0.13516591489315033 0.9882059693336487 0.07196662575006485 0.39996984601020813 -0.23150449991226196 -0.03912484645843506 0.9720467925071716 -0.35143333673477173 0.0 0.0 0.0 1.0
0.9601901769638062 -0.1562630534172058 0.2315528243780136 -2.0308797359466553 0.13894259929656982 0.9862556457519531 0.08941370993852615 0.4010973572731018 -0.24234232306480408 -0.053681615740060806 0.9687045216560364 -0.3361823558807373 0.0 0.0 0.0 1.0
0.9559729695320129 -0.16571255028247833 0.24218802154064178 -2.0461127758026123 0.1421802043914795 0.9835144281387329 0.11173241585493088 0.40275102853775024 -0.25671088695526123 -0.07237882912158966 0.9637742638587952 -0.3251047134399414 0.0 0.0 0.0 1.0
0.9511564373970032 -0.176591157913208 0.2532133460044861 -2.061114549636841 0.14730562269687653 0.9804524779319763 0.13043764233589172 0.4052320122718811 -0.27129778265953064 -0.08676685392856598 0.9585765600204468 -0.3142065405845642 0.0 0.0 0.0 1.0
0.9428409934043884 -0.197239950299263 0.2686024010181427 -2.0800561904907227 0.15998606383800507 0.9749749302864075 0.1543641984462738 0.4094196856021881 -0.2923273742198944 -0.10256826132535934 0.9508020281791687 -0.2986752986907959 0.0 0.0 0.0 1.0
0.9346473217010498 -0.22154830396175385 0.2781199514865875 -2.093961000442505 0.17468978464603424 0.9673665165901184 0.18353617191314697 0.4135226607322693 -0.30970606207847595 -0.12295688688755035 0.9428487420082092 -0.28674474358558655 0.0 0.0 0.0 1.0
0.9253540635108948 -0.2465859353542328 0.28794994950294495 -2.1075644493103027 0.19005779922008514 0.9589556455612183 0.21043315529823303 0.41778093576431274 -0.3280211091041565 -0.13999803364276886 0.9342390894889832 -0.27365443110466003 0.0 0.0 0.0 1.0
0.909227728843689 -0.2923088073730469 0.2964126467704773 -2.1259002685546875 0.22033576667308807 0.9420138001441956 0.2531050145626068 0.42411988973617554 -0.35320961475372314 -0.16481977701187134 0.9209111928939819 -0.25673216581344604 0.0 0.0 0.0 1.0
0.8955729603767395 -0.32812318205833435 0.3004733920097351 -2.139418601989746 0.24789398908615112 0.9288113713264465 0.2754233181476593 0.4283106029033661 -0.36945587396621704 -0.17217613756656647 0.913158118724823 -0.2437325119972229 0.0 0.0 0.0 1.0
0.8812195658683777 -0.36374032497406006 0.3019024133682251 -2.1530611515045166 0.2744251489639282 0.913677453994751 0.29980722069740295 0.4334338307380676 -0.38489338755607605 -0.1813463717699051 0.9049699306488037 -0.23066167533397675 0.0 0.0 0.0 1.0
0.8585405945777893 -0.4134438931941986 0.3032691478729248 -2.1723859310150146 0.313541978597641 0.8913125991821289 0.32749542593955994 0.43947121500968933 -0.4057086110115051 -0.18608050048351288 0.8948600888252258 -0.21333833038806915 0.0 0.0 0.0 1.0
0.8419550657272339 -0.44664961099624634 0.3026810586452484 -2.188016176223755 0.3393780589103699 0.8745242357254028 0.34645330905914307 0.4435788094997406 -0.4194451570510864 -0.1889747977256775 0.8878931999206543 -0.20082177221775055 0.0 0.0 0.0 1.0
0.8237901329994202 -0.4770905077457428 0.3061935007572174 -2.2033917903900146 0.3606272041797638 0.8577759861946106 0.36629006266593933 0.44687941670417786 -0.43739891052246094 -0.19132442772388458 0.8786792159080505 -0.18768563866615295 0.0 0.0 0.0 1.0
0.7991313934326172 -0.5161787867546082 0.30813708901405334 -2.2240822315216064 0.3870152533054352 0.8339698910713196 0.3933362662792206 0.4490111768245697 -0.4600088894367218 -0.19507360458374023 0.8662205934524536 -0.16906167566776276 0.0 0.0 0.0 1.0
0.7838559150695801 -0.5467609167098999 0.2943168878555298 -2.240164279937744 0.4100474715232849 0.8117265701293945 0.415885865688324 0.44885438680648804 -0.4662949740886688 -0.20531070232391357 0.8604745864868164 -0.15555477142333984 0.0 0.0 0.0 1.0
0.7731695175170898 -0.5698181390762329 0.2784172594547272 -2.2562191486358643 0.42891576886177063 0.793198823928833 0.4322809875011444 0.4473242163658142 -0.46716180443763733 -0.21480894088745117 0.857681155204773 -0.14199170470237732 0.0 0.0 0.0 1.0
0.765192985534668 -0.5860652923583984 0.2664716839790344 -2.277085065841675 0.4455605149269104 0.7808465957641602 0.4378977119922638 0.4415821135044098 -0.46471017599105835 -0.21634699404239655 0.8586258888244629 -0.12406119704246521 0.0 0.0 0.0 1.0
0.7664871215820312 -0.5804066061973572 0.2750011682510376 -2.2917661666870117 0.4477044939994812 0.7898463010787964 0.419170081615448 0.43474000692367554 -0.46049773693084717 -0.19816921651363373 0.8652576208114624 -0.11142878979444504 0.0 0.0 0.0 1.0
0.7680487632751465 -0.5693176984786987 0.2932209074497223 -2.3054935932159424 0.446520060300827 0.8043093681335449 0.39205390214920044 0.426839143037796 -0.4590435326099396 -0.17018748819828033 0.8719605803489685 -0.09843699634075165 0.0 0.0 0.0 1.0
0.7653641104698181 -0.5651530623435974 0.3079281449317932 -2.3224000930786133 0.4521746039390564 0.8126536011695862 0.36760345101356506 0.4159843325614929 -0.4579911231994629 -0.14211320877075195 0.8775237798690796 -0.08136877417564392 0.0 0.0 0.0 1.0
0.764488697052002 -0.5595293641090393 0.3201310932636261 -2.333709716796875 0.457540899515152 0.8207988142967224 0.34197309613227844 0.4073052406311035 -0.45410722494125366 -0.11496149748563766 0.8834989666938782 -0.06773737072944641 0.0 0.0 0.0 1.0
0.761520504951477 -0.5569761991500854 0.3314574062824249 -2.344149112701416 0.4639185965061188 0.825532853603363 0.3213643729686737 0.39840421080589294 -0.4526212811470032 -0.09095630049705505 0.8870518207550049 -0.053897254168987274 0.0 0.0 0.0 1.0
0.7491145730018616 -0.5654029250144958 0.3451765775680542 -2.355923891067505 0.47176310420036316 0.8211399912834167 0.32119885087013245 0.3876042366027832 -0.4650450646877289 -0.07777318358421326 0.8818641901016235 -0.03492865338921547 0.0 0.0 0.0 1.0
0.7334011197090149 -0.572108268737793 0.3671715259552002 -2.362668752670288 0.4751945436000824 0.8176916241645813 0.32491615414619446 0.37959033250808716 -0.486120343208313 -0.06381596624851227 0.871558666229248 -0.020934980362653732 0.0 0.0 0.0 1.0
0.7145588994026184 -0.5797479152679443 0.3915327489376068 -2.367957353591919 0.47741782665252686 0.8132047057151794 0.33282172679901123 0.3720765709877014 -0.5113489627838135 -0.05089601129293442 0.8578646779060364 -0.007162779103964567 0.0 0.0 0.0 1.0
0.6877087950706482 -0.6024134755134583 0.40515995025634766 -2.373922109603882 0.4856259524822235 0.7965612411499023 0.3600800037384033 0.36311209201812744 -0.5396517515182495 -0.05087398737668991 0.8403497934341431 0.01080802921205759 0.0 0.0 0.0 1.0
0.6700926423072815 -0.6203521490097046 0.40760165452957153 -2.37719464302063 0.4907887578010559 0.7822449207305908 0.383691668510437 0.3566141426563263 -0.5568682551383972 -0.057062648236751556 0.8286383748054504 0.024057863280177116 0.0 0.0 0.0 1.0
0.6543158888816833 -0.6327757239341736 0.4140841066837311 -2.379578113555908 0.4964580535888672 0.7724833488464355 0.39597833156585693 0.3503202795982361 -0.5704385638237 -0.05351952090859413 0.8195947408676147 0.03688540682196617 0.0 0.0 0.0 1.0
0.6362826228141785 -0.6381009817123413 0.43355685472488403 -2.3811817169189453 0.49885064363479614 0.7690119743347168 0.3997107148170471 0.34163329005241394 -0.588466227054596 -0.0380488745868206 0.8076260089874268 0.05277957394719124 0.0 0.0 0.0 1.0
0.6146687269210815 -0.6477177739143372 0.45016008615493774 -2.380751609802246 0.5025014281272888 0.7614537477493286 0.40948808193206787 0.335568904876709 -0.6080088019371033 -0.02549341693520546 0.7935208678245544 0.06399111449718475 0.0 0.0 0.0 1.0
0.5910202860832214 -0.6549748778343201 0.47085341811180115 -2.3791661262512207 0.5053726434707642 0.7556046843528748 0.41672536730766296 0.3297121822834015 -0.628723680973053 -0.008336689323186874 0.7775840759277344 0.07491744309663773 0.0 0.0 0.0 1.0
0.5584250092506409 -0.6729058623313904 0.4851383864879608 -2.3765017986297607 0.5157319903373718 0.7396759986877441 0.4323192536830902 0.3225652575492859 -0.6497553586959839 0.00878352951258421 0.7600926160812378 0.089029960334301 0.0 0.0 0.0 1.0
0.5338560938835144 -0.6836947202682495 0.4975531995296478 -2.372864246368408 0.5334261655807495 0.7288658618927002 0.4291982054710388 0.3172028064727783 -0.6560900807380676 0.03627780079841614 0.7538101077079773 0.09930474311113358 0.0 0.0 0.0 1.0
0.5098861455917358 -0.6964589953422546 0.5049365758895874 -2.3694605827331543 0.5505375862121582 0.7152120471000671 0.43055787682533264 0.3116585910320282 -0.6610026359558105 0.05845106765627861 0.7481035590171814 0.10916462540626526 0.0 0.0 0.0 1.0
0.47535380721092224 -0.7087367177009583 0.5212782621383667 -2.3642756938934326 0.571490466594696 0.6992189288139343 0.4295247793197632 0.30453118681907654 -0.6689075827598572 0.09372931718826294 0.737412691116333 0.12165335565805435 0.0 0.0 0.0 1.0
0.4471682608127594 -0.7142106890678406 0.5384641885757446 -2.3603286743164062 0.5870382189750671 0.6885500550270081 0.4257756769657135 0.29917261004447937 -0.6748530864715576 0.12570568919181824 0.7271667122840881 0.13045023381710052 0.0 0.0 0.0 1.0
0.4164063632488251 -0.728196382522583 0.5443673133850098 -2.3571152687072754 0.5966459512710571 0.6706505417823792 0.4407283365726471 0.2939140498638153 -0.6860170364379883 0.14127247035503387 0.7137385606765747 0.13848470151424408 0.0 0.0 0.0 1.0
0.3779628276824951 -0.7410767674446106 0.5549317598342896 -2.3547444343566895 0.6033757925033569 0.6517890095710754 0.4594656825065613 0.2859242856502533 -0.702197790145874 0.16117145121097565 0.6934998035430908 0.14655208587646484 0.0 0.0 0.0 1.0
0.3574359118938446 -0.7364473938941956 0.5743560194969177 -2.353996992111206 0.6073963642120361 0.650462806224823 0.4560348391532898 0.27803584933280945 -0.7094428539276123 0.18585851788520813 0.6798142790794373 0.1500440537929535 0.0 0.0 0.0 1.0
0.3409321904182434 -0.7318569421768188 0.5900429487228394 -2.3536882400512695 0.6067212820053101 0.6507267355918884 0.45655667781829834 0.26964691281318665 -0.7180908918380737 0.20233675837516785 0.6658868789672852 0.15272554755210876 0.0 0.0 0.0 1.0
0.31647956371307373 -0.7385644912719727 0.5952841639518738 -2.354708671569824 0.6022797226905823 0.6412731409072876 0.4754239320755005 0.25834158062934875 -0.7328709363937378 0.20806562900543213 0.6477722525596619 0.1543496549129486 0.0 0.0 0.0 1.0
0.3005029261112213 -0.7330142259597778 0.6102361083030701 -2.3564746379852295 0.5985313057899475 0.6430738568305969 0.47771990299224854 0.24813854694366455 -0.7426024079322815 0.2216891646385193 0.6319775581359863 0.1530192792415619 0.0 0.0 0.0 1.0
0.28966936469078064 -0.72706139087677 0.6224735975265503 -2.3590691089630127 0.597751259803772 0.645352303981781 0.4756194055080414 0.2373885065317154 -0.7475192546844482 0.2343120127916336 0.6215406656265259 0.1501064896583557 0.0 0.0 0.0 1.0
0.2739768624305725 -0.7211548686027527 0.6362957954406738 -2.3640756607055664 0.5984045267105103 0.6457691788673401 0.4742300808429718 0.2221001386642456 -0.7528935670852661 0.250834196805954 0.6084681749343872 0.14456559717655182 0.0 0.0 0.0 1.0
0.2613852322101593 -0.7105310559272766 0.6533172130584717 -2.36871337890625 0.5983038544654846 0.6504017114639282 0.4679851830005646 0.20972895622253418 -0.7574366331100464 0.2685578167438507 0.5951188206672668 0.13896070420742035 0.0 0.0 0.0 1.0
0.24968938529491425 -0.7011985182762146 0.6678142547607422 -2.3738110065460205 0.6012176275253296 0.6528864502906799 0.46073493361473083 0.1969396024942398 -0.7590734958648682 0.28646108508110046 0.5845916867256165 0.13367794454097748 0.0 0.0 0.0 1.0
0.24458809196949005 -0.6924070119857788 0.6787850856781006 -2.381303071975708 0.608766496181488 0.6545365452766418 0.44831374287605286 0.17950262129306793 -0.7547052502632141 0.3035694360733032 0.5816060304641724 0.1280709207057953 0.0 0.0 0.0 1.0
0.23874422907829285 -0.6865968108177185 0.6867212057113647 -2.386861562728882 0.6182959675788879 0.6527807712554932 0.437706857919693 0.16666623950004578 -0.7488065361976624 0.3200969994068146 0.5803676843643188 0.12470787763595581 0.0 0.0 0.0 1.0
0.22964303195476532 -0.6813454031944275 0.6950054168701172 -2.392974376678467 0.6289456486701965 0.6488481163978577 0.42827966809272766 0.15450932085514069 -0.7427593469619751 0.33876919746398926 0.5775326490402222 0.1213117390871048 0.0 0.0 0.0 1.0
0.2139182984828949 -0.6790319681167603 0.7022496461868286 -2.401193141937256 0.6408053636550903 0.6401420831680298 0.4237765669822693 0.1392335593700409 -0.7372974157333374 0.35935178399086 0.5720654129981995 0.1181565448641777 0.0 0.0 0.0 1.0
0.20108604431152344 -0.670017659664154 0.7145913243293762 -2.407186985015869 0.6498789191246033 0.6370824575424194 0.41446754336357117 0.12843841314315796 -0.7329541444778442 0.38105419278144836 0.5635387301445007 0.11595267057418823 0.0 0.0 0.0 1.0
0.18719685077667236 -0.6633729934692383 0.7244954109191895 -2.412997007369995 0.6554147005081177 0.6337125301361084 0.41090142726898193 0.11834648996591568 -0.7317027449607849 0.3979254961013794 0.5534133911132812 0.11483120918273926 0.0 0.0 0.0 1.0
0.15702790021896362 -0.657340407371521 0.7370520830154419 -2.4207098484039307 0.6565408110618591 0.6269999146461487 0.4193152189254761 0.10656707733869553 -0.7377644777297974 0.4180605709552765 0.5300272703170776 0.11395633220672607 0.0 0.0 0.0 1.0
0.13703997433185577 -0.6548821330070496 0.7432021498680115 -2.426255226135254 0.6585798859596252 0.6206761598587036 0.4254804849624634 0.0984296128153801 -0.7399274110794067 0.4311501383781433 0.5163496732711792 0.11438404768705368 0.0 0.0 0.0 1.0
0.11540170013904572 -0.6589531898498535 0.7432786226272583 -2.431408166885376 0.6595797538757324 0.6103353500366211 0.4386858642101288 0.09097074717283249 -0.7427226901054382 0.43962645530700684 0.50506591796875 0.1164383739233017 0.0 0.0 0.0 1.0
0.0804126113653183 -0.6591712236404419 0.7476811408996582 -2.4381957054138184 0.6501473188400269 0.6032661199569702 0.461929053068161 0.08155359327793121 -0.7555410265922546 0.44895797967910767 0.47706863284111023 0.12106833606958389 0.0 0.0 0.0 1.0
0.054380469024181366 -0.6527866125106812 0.7555874586105347 -2.443216323852539 0.6390392184257507 0.6041959524154663 0.47600018978118896 0.07424799352884293 -0.7672494053840637 0.4569648802280426 0.4500126838684082 0.12555965781211853 0.0 0.0 0.0 1.0
0.030080191791057587 -0.651201069355011 0.7583088874816895 -2.447897434234619 0.6325159072875977 0.5998356938362122 0.4900211989879608 0.06720820814371109 -0.7739630341529846 0.46490252017974854 0.4299382269382477 0.131936177611351 0.0 0.0 0.0 1.0
0.008985688909888268 -0.649695634841919 0.7601413130760193 -2.4544079303741455 0.6299449801445007 0.5940420031547546 0.5002833604812622 0.05769956484436989 -0.7765877842903137 0.47435182332992554 0.4146103858947754 0.14274068176746368 0.0 0.0 0.0 1.0
0.023847348988056183 -0.6383059620857239 0.7694132924079895 -2.4585211277008057 0.6433888673782349 0.5988646149635315 0.4768773019313812 0.04930790886282921 -0.7651680111885071 0.48365968465805054 0.42496028542518616 0.15264283120632172 0.0 0.0 0.0 1.0
0.0550873801112175 -0.6403852701187134 0.7660757899284363 -2.462758779525757 0.6676146984100342 0.5941398739814758 0.4486517906188965 0.04064014554023743 -0.742466151714325 0.48672839999198914 0.4602602422237396 0.16439922153949738 0.0 0.0 0.0 1.0
0.11180353909730911 -0.6354902386665344 0.7639712691307068 -2.468191385269165 0.6951679587364197 0.5993796586990356 0.39684438705444336 0.02772626094520092 -0.7100995779037476 0.4867197573184967 0.5087852478027344 0.18151026964187622 0.0 0.0 0.0 1.0
0.1592782884836197 -0.6339609622955322 0.7567852735519409 -2.471637487411499 0.7160155773162842 0.6019361019134521 0.35354581475257874 0.017613112926483154 -0.6796706318855286 0.4855578541755676 0.5498012900352478 0.19475480914115906 0.0 0.0 0.0 1.0
0.20562559366226196 -0.6316182017326355 0.7475135922431946 -2.475120782852173 0.7293515205383301 0.6081990003585815 0.31327351927757263 0.007252256851643324 -0.6525062918663025 0.4807831346988678 0.5857329964637756 0.20836985111236572 0.0 0.0 0.0 1.0
0.27210384607315063 -0.6116378307342529 0.742871880531311 -2.479353427886963 0.7340326905250549 0.6311213374137878 0.2507627010345459 -0.00717060174793005 -0.6222182512283325 0.4770587384700775 0.6206926703453064 0.22486215829849243 0.0 0.0 0.0 1.0
0.31164297461509705 -0.592634379863739 0.742740273475647 -2.482173204421997 0.736430287361145 0.6445998549461365 0.20533253252506256 -0.01779775507748127 -0.6004574298858643 0.4829860031604767 0.6373189091682434 0.23609837889671326 0.0 0.0 0.0 1.0
0.34123778343200684 -0.5802314281463623 0.739518940448761 -2.4851484298706055 0.7382884621620178 0.6523951888084412 0.17120356857776642 -0.027987511828541756 -0.5817962884902954 0.48755714297294617 0.6510000824928284 0.24653179943561554 0.0 0.0 0.0 1.0
0.38085028529167175 -0.5464589595794678 0.7458791136741638 -2.487966775894165 0.7343751192092896 0.668914258480072 0.11509530991315842 -0.04177415743470192 -0.5618240237236023 0.5039209723472595 0.6560620665550232 0.2581389546394348 0.0 0.0 0.0 1.0
0.3961374759674072 -0.5152432322502136 0.759999692440033 -2.489792585372925 0.7267196774482727 0.6818443536758423 0.08346685767173767 -0.051605645567178726 -0.5612072348594666 0.5192424058914185 0.6445415019989014 0.26574212312698364 0.0 0.0 0.0 1.0
0.40304386615753174 -0.495409220457077 0.7694967985153198 -2.4905965328216553 0.7190225720405579 0.6915883421897888 0.06864434480667114 -0.061011601239442825 -0.5661820769309998 0.5256189107894897 0.6349508762359619 0.2722206711769104 0.0 0.0 0.0 1.0
0.41991323232650757 -0.46362778544425964 0.7802065014839172 -2.490834951400757 0.7107648253440857 0.7025609612464905 0.03494872525334358 -0.07354192435741425 -0.5643458366394043 0.5398679375648499 0.6245449781417847 0.28001388907432556 0.0 0.0 0.0 1.0
0.4295222759246826 -0.4531961977481842 0.7811042070388794 -2.490201950073242 0.7062381505966187 0.7076258659362793 0.022210028022527695 -0.08243440836668015 -0.5627950429916382 0.5421059131622314 0.6240054965019226 0.2853602170944214 0.0 0.0 0.0 1.0
0.4406929910182953 -0.4499787986278534 0.7767295241355896 -2.488420009613037 0.7034159898757935 0.7106665372848511 0.012609773315489292 -0.09073466062545776 -0.5576698184013367 0.5408069491386414 0.6297080516815186 0.29056987166404724 0.0 0.0 0.0 1.0
0.4504002630710602 -0.44526416063308716 0.7738730311393738 -2.4849631786346436 0.7025951743125916 0.7115896344184875 0.0005120837595313787 -0.10056494176387787 -0.5509080290794373 0.5434888005256653 0.63334059715271 0.2958420515060425 0.0 0.0 0.0 1.0
0.4542628526687622 -0.4327462613582611 0.7787014245986938 -2.481903314590454 0.697672426700592 0.7163617014884949 -0.008891487494111061 -0.10757096856832504 -0.5539841651916504 0.547317624092102 0.6273316740989685 0.29896804690361023 0.0 0.0 0.0 1.0
0.4596130847930908 -0.4189470410346985 0.7830958962440491 -2.478364944458008 0.6919538378715515 0.7216635942459106 -0.020038722082972527 -0.11403495073318481 -0.5567366480827332 0.5510762929916382 0.6215780377388 0.30158668756484985 0.0 0.0 0.0 1.0
0.4592483639717102 -0.3983803689479828 0.7939672470092773 -2.4728095531463623 0.6853470802307129 0.7275406122207642 -0.03136982396245003 -0.1213650181889534 -0.5651463270187378 0.5585496425628662 0.607150673866272 0.30431416630744934 0.0 0.0 0.0 1.0
0.4618307650089264 -0.3776246905326843 0.8025658130645752 -2.4691033363342285 0.6814193725585938 0.7302842140197754 -0.048503294587135315 -0.1265493631362915 -0.5677851438522339 0.5692842602729797 0.5945885181427002 0.30591580271720886 0.0 0.0 0.0 1.0
0.4736684262752533 -0.355665922164917 0.8056922554969788 -2.4652552604675293 0.6763624548912048 0.7328287363052368 -0.07413416355848312 -0.13126476109027863 -0.5640674233436584 0.5800549983978271 0.5876768827438354 0.3075212836265564 0.0 0.0 0.0 1.0
0.48367345333099365 -0.3496108651161194 0.8023915886878967 -2.4597060680389404 0.6756713390350342 0.7318838834762573 -0.08839789032936096 -0.1361633837223053 -0.5563526153564453 0.5849087238311768 0.5902148485183716 0.31041625142097473 0.0 0.0 0.0 1.0
0.49407142400741577 -0.3475368618965149 0.7969388365745544 -2.455627918243408 0.6756306290626526 0.7303781509399414 -0.10035457462072372 -0.13907605409622192 -0.5471897721290588 0.5880185961723328 0.5956655144691467 0.31254827976226807 0.0 0.0 0.0 1.0
0.5082268118858337 -0.33846786618232727 0.7919248938560486 -2.451878786087036 0.6737649440765381 0.7290012836456299 -0.12082195281982422 -0.14137497544288635 -0.5364198684692383 0.5949761867523193 0.5985457897186279 0.3143559396266937 0.0 0.0 0.0 1.0
0.527062177658081 -0.33124035596847534 0.7826143503189087 -2.446538209915161 0.669686496257782 0.728838324546814 -0.1425296813249588 -0.14322666823863983 -0.5231877565383911 0.5992283225059509 0.6059703230857849 0.3174317479133606 0.0 0.0 0.0 1.0
0.5437881946563721 -0.33528420329093933 0.7693367004394531 -2.4426209926605225 0.6664636731147766 0.7296512126922607 -0.1530858278274536 -0.1434076875448227 -0.5100201964378357 0.595981240272522 0.6202304363250732 0.32002443075180054 0.0 0.0 0.0 1.0
0.5560953617095947 -0.34027838706970215 0.758266806602478 -2.4385762214660645 0.6649950742721558 0.7294299006462097 -0.1603544056415558 -0.14281770586967468 -0.4985373914241791 0.5934160351753235 0.6319160461425781 0.3227135241031647 0.0 0.0 0.0 1.0
0.566505491733551 -0.3386944532394409 0.7512373924255371 -2.433310031890869 0.6632571816444397 0.7284163236618042 -0.17175433039665222 -0.14093390107154846 -0.4890413284301758 0.5955633521080017 0.6372933983802795 0.32547229528427124 0.0 0.0 0.0 1.0
0.576145589351654 -0.33375710248947144 0.7460981607437134 -2.429734468460083 0.6585996150970459 0.7301652431488037 -0.1819484680891037 -0.13942985236644745 -0.48404833674430847 0.5962088108062744 0.6404937505722046 0.3275918960571289 0.0 0.0 0.0 1.0
0.5841936469078064 -0.3326343297958374 0.7403189539909363 -2.4266357421875 0.6508948802947998 0.7368977069854736 -0.18253102898597717 -0.1373964250087738 -0.4848232567310333 0.5885033011436462 0.6470009684562683 0.32953178882598877 0.0 0.0 0.0 1.0
0.5953208804130554 -0.3279711902141571 0.7335038781166077 -2.422461986541748 0.645636260509491 0.7386630177497864 -0.1937284618616104 -0.13466188311576843 -0.4782748520374298 0.5889073014259338 0.651491641998291 0.331184446811676 0.0 0.0 0.0 1.0
0.6051522493362427 -0.32354936003685 0.7273971438407898 -2.4200613498687744 0.6423354148864746 0.7382131814956665 -0.20602543652057648 -0.13304999470710754 -0.47031477093696594 0.5919097065925598 0.6545585989952087 0.3322327435016632 0.0 0.0 0.0 1.0
0.6201848983764648 -0.31265729665756226 0.7194554209709167 -2.4186322689056396 0.6320528984069824 0.7423786520957947 -0.22222305834293365 -0.13147865235805511 -0.464628666639328 0.5925532579421997 0.6580280065536499 0.3324008584022522 0.0 0.0 0.0 1.0
0.6357285380363464 -0.29698291420936584 0.7124958634376526 -2.4173388481140137 0.6168996691703796 0.7502902150154114 -0.23769590258598328 -0.12887893617153168 -0.4639870524406433 0.5906485319137573 0.6601896286010742 0.3317853808403015 0.0 0.0 0.0 1.0
0.6282342076301575 -0.28694766759872437 0.7231754660606384 -2.417198896408081 0.612652063369751 0.7553835511207581 -0.2324932962656021 -0.12669305503368378 -0.4795614778995514 0.5891152024269104 0.6503568887710571 0.330507755279541 0.0 0.0 0.0 1.0
0.6225001215934753 -0.26422518491744995 0.736667275428772 -2.4179978370666504 0.6047775745391846 0.7598388195037842 -0.23851415514945984 -0.12502804398536682 -0.49672695994377136 0.5939949750900269 0.6327972412109375 0.3285179138183594 0.0 0.0 0.0 1.0
0.6294430494308472 -0.238164484500885 0.7396479845046997 -2.420226573944092 0.5909149050712585 0.7648390531539917 -0.256594717502594 -0.12335464358329773 -0.5045998692512512 0.5985807776451111 0.6221575736999512 0.32617446780204773 0.0 0.0 0.0 1.0
0.6431136727333069 -0.22851790487766266 0.7308791875839233 -2.4221596717834473 0.5819634199142456 0.7661924958229065 -0.2725209891796112 -0.12241895496845245 -0.4977182149887085 0.6006069183349609 0.6257379055023193 0.3248789608478546 0.0 0.0 0.0 1.0
0.6531193852424622 -0.23489435017108917 0.7199025750160217 -2.424042224884033 0.5783315300941467 0.7684282064437866 -0.2739538550376892 -0.12056215852499008 -0.48884323239326477 0.5952669382095337 0.6377221941947937 0.32382646203041077 0.0 0.0 0.0 1.0
0.6540055871009827 -0.24207881093025208 0.7167109251022339 -2.4256787300109863 0.5858832001686096 0.7614239454269409 -0.2774427831172943 -0.11885342001914978 -0.478557825088501 0.6013579964637756 0.6398054361343384 0.3213500678539276 0.0 0.0 0.0 1.0
0.6600269079208374 -0.24763229489326477 0.7092550992965698 -2.4274559020996094 0.5878922939300537 0.7580366730690002 -0.28242355585098267 -0.11775082349777222 -0.467704176902771 0.6033726930618286 0.6459057331085205 0.31996583938598633 0.0 0.0 0.0 1.0
0.6722622513771057 -0.2580576241016388 0.6938802003860474 -2.4291110038757324 0.5860662460327148 0.7581701278686523 -0.28583988547325134 -0.11707238852977753 -0.4523160755634308 0.5988191366195679 0.6609280109405518 0.31901198625564575 0.0 0.0 0.0 1.0
0.6934431195259094 -0.27210164070129395 0.6671561598777771 -2.4318294525146484 0.5797051191329956 0.7605772018432617 -0.2923427224159241 -0.11658664047718048 -0.4278768301010132 0.5894768834114075 0.6851557493209839 0.31830865144729614 0.0 0.0 0.0 1.0
0.7063281536102295 -0.2822008728981018 0.6492019891738892 -2.433981418609619 0.5762720704078674 0.7618418335914612 -0.29581671953201294 -0.11627194285392761 -0.41110947728157043 0.583060622215271 0.7007347941398621 0.31760165095329285 0.0 0.0 0.0 1.0
0.72083580493927 -0.28757554292678833 0.6306315064430237 -2.436074733734131 0.5708327889442444 0.7623847126960754 -0.3048270046710968 -0.11623120307922363 -0.3931230306625366 0.5797153115272522 0.7137117385864258 0.3169333338737488 0.0 0.0 0.0 1.0
0.734704315662384 -0.2924320697784424 0.6121217608451843 -2.4396164417266846 0.5618051886558533 0.7680398225784302 -0.30739182233810425 -0.11600377410650253 -0.3802426755428314 0.5697352886199951 0.7285720109939575 0.3156508803367615 0.0 0.0 0.0 1.0
0.745588481426239 -0.2923583686351776 0.5988525748252869 -2.4422249794006348 0.5545791983604431 0.7704841494560242 -0.31431838870048523 -0.11645062267780304 -0.3695128262042999 0.5664633512496948 0.7365999817848206 0.3154146671295166 0.0 0.0 0.0 1.0
0.7604820728302002 -0.2907778322696686 0.5806162357330322 -2.44527006149292 0.5426420569419861 0.7756783366203308 -0.3222774267196655 -0.11676590144634247 -0.35666030645370483 0.5601530075073242 0.747677743434906 0.3152226507663727 0.0 0.0 0.0 1.0
0.7753747701644897 -0.2876100540161133 0.5622049570083618 -2.449427604675293 0.5277233719825745 0.7840732336044312 -0.32670652866363525 -0.11742570996284485 -0.346845805644989 0.5500087141990662 0.7597291469573975 0.3147968351840973 0.0 0.0 0.0 1.0
0.7888978123664856 -0.27708637714385986 0.5485101342201233 -2.452589511871338 0.5128605961799622 0.788592517375946 -0.3392578065395355 -0.11847066879272461 -0.3385472893714905 0.5489490032196045 0.7642256021499634 0.31426724791526794 0.0 0.0 0.0 1.0
0.8021597266197205 -0.26366546750068665 0.5357427000999451 -2.4560084342956543 0.49628734588623047 0.7933030128479004 -0.3526601791381836 -0.1199449971318245 -0.3320220112800598 0.5487721562385559 0.7672095894813538 0.3131549060344696 0.0 0.0 0.0 1.0
0.8197906613349915 -0.2425132542848587 0.5187780261039734 -2.460536003112793 0.4723258316516876 0.7985758185386658 -0.3730749487876892 -0.12150291353464127 -0.3238079845905304 0.5508756041526794 0.7692102789878845 0.3110658824443817 0.0 0.0 0.0 1.0
0.8281919956207275 -0.22656039893627167 0.5126094222068787 -2.4637880325317383 0.4590114951133728 0.7990054488182068 -0.3884568512439728 -0.12246686965227127 -0.3215688169002533 0.5570104718208313 0.765723705291748 0.30917784571647644 0.0 0.0 0.0 1.0
0.8336464166641235 -0.21192190051078796 0.5100223422050476 -2.46649432182312 0.44668838381767273 0.8018037676811218 -0.39696377515792847 -0.12291524559259415 -0.32481250166893005 0.5587484836578369 0.7630838751792908 0.3075272738933563 0.0 0.0 0.0 1.0
0.8347573280334473 -0.20650246739387512 0.5104281902313232 -2.4691383838653564 0.4378412961959839 0.8110559582710266 -0.38792166113853455 -0.12193408608436584 -0.3338790833950043 0.5473069548606873 0.767450213432312 0.30608293414115906 0.0 0.0 0.0 1.0
0.8356716632843018 -0.20000499486923218 0.5115181803703308 -2.47059965133667 0.43244001269340515 0.8137708902359009 -0.38829439878463745 -0.1203739270567894 -0.33859777450561523 0.5456875562667847 0.7665354609489441 0.30487433075904846 0.0 0.0 0.0 1.0
0.8380587100982666 -0.19958530366420746 0.5077630281448364 -2.4715139865875244 0.4276423752307892 0.8182387948036194 -0.3841969072818756 -0.11783108115196228 -0.3387913405895233 0.5391205549240112 0.7710832953453064 0.3041076064109802 0.0 0.0 0.0 1.0
0.8355680704116821 -0.21212182939052582 0.5067842602729797 -2.4704535007476807 0.43091100454330444 0.8252620100975037 -0.3650456368923187 -0.11320130527019501 -0.3407956659793854 0.5233994126319885 0.7809682488441467 0.30374643206596375 0.0 0.0 0.0 1.0
0.8338419198989868 -0.2188347429037094 0.5067731738090515 -2.4688713550567627 0.4336695373058319 0.8277056217193604 -0.35613784193992615 -0.10907282680273056 -0.3415236473083496 0.5167347192764282 0.7850775718688965 0.3036961853504181 0.0 0.0 0.0 1.0
0.8317261934280396 -0.22655881941318512 0.5068556070327759 -2.46665096282959 0.43561044335365295 0.8323125839233398 -0.34278175234794617 -0.10411165654659271 -0.34420207142829895 0.5058921575546265 0.7909475564956665 0.3034028708934784 0.0 0.0 0.0 1.0
0.8236178755760193 -0.2425347864627838 0.5126699209213257 -2.4625630378723145 0.4457125961780548 0.8357735872268677 -0.32065993547439575 -0.09663929790258408 -0.35070478916168213 0.49260470271110535 0.796458899974823 0.3025464117527008 0.0 0.0 0.0 1.0
0.8192481994628906 -0.2538042962551117 0.5142137408256531 -2.459501266479492 0.4547359049320221 0.8338438272476196 -0.31292128562927246 -0.09085661917924881 -0.349353164434433 0.49019166827201843 0.7985389828681946 0.30110523104667664 0.0 0.0 0.0 1.0
0.814258873462677 -0.2687332034111023 0.5145531296730042 -2.456261157989502 0.4639928936958313 0.8339592218399048 -0.29870152473449707 -0.08465944230556488 -0.34884530305862427 0.48196935653686523 0.8037490248680115 0.2997431457042694 0.0 0.0 0.0 1.0
0.8038209080696106 -0.2822316288948059 0.5236576199531555 -2.4518840312957764 0.4771334230899811 0.8316094279289246 -0.28419965505599976 -0.07589226961135864 -0.3552684783935547 0.47830015420913696 0.8031271696090698 0.2967583239078522 0.0 0.0 0.0 1.0
0.7922620177268982 -0.2935546934604645 0.53492671251297 -2.448035717010498 0.48810386657714844 0.8309764266014099 -0.26689475774765015 -0.06889038532972336 -0.3661632537841797 0.4725503623485565 0.8016362190246582 0.29448366165161133 0.0 0.0 0.0 1.0
0.78059983253479 -0.30617210268974304 0.5449060201644897 -2.4441046714782715 0.4967901408672333 0.8329693078994751 -0.2436426430940628 -0.06144774332642555 -0.37929338216781616 0.46089133620262146 0.8023189902305603 0.2926199436187744 0.0 0.0 0.0 1.0
0.7630288004875183 -0.3293430507183075 0.5561656355857849 -2.43874192237854 0.5111978054046631 0.834054708480835 -0.20743560791015625 -0.05089522525668144 -0.3955550789833069 0.44258999824523926 0.8047671914100647 0.29044172167778015 0.0 0.0 0.0 1.0
0.7480480670928955 -0.34803327918052673 0.5650635957717896 -2.4349162578582764 0.523286759853363 0.8329973816871643 -0.1796838939189911 -0.04239623248577118 -0.408160537481308 0.43010249733924866 0.8052433133125305 0.2884639501571655 0.0 0.0 0.0 1.0
0.7323467135429382 -0.3670778274536133 0.573517382144928 -2.4311940670013428 0.5348648428916931 0.8313567638397217 -0.15088272094726562 -0.03365137055516243 -0.4214118421077728 0.4172527492046356 0.8051783442497253 0.2863163352012634 0.0 0.0 0.0 1.0
0.7080195546150208 -0.39722639322280884 0.5838831663131714 -2.4264254570007324 0.5515470504760742 0.8273916840553284 -0.10591898113489151 -0.021417252719402313 -0.4410262405872345 0.3970317542552948 0.8048985600471497 0.28298959136009216 0.0 0.0 0.0 1.0
0.6852004528045654 -0.41884690523147583 0.5958755016326904 -2.4230592250823975 0.5662999153137207 0.8208518624305725 -0.07420628517866135 -0.01242999080568552 -0.4580444395542145 0.3882904350757599 0.7996410727500916 0.27999669313430786 0.0 0.0 0.0 1.0
0.6598870754241943 -0.4407822787761688 0.6084899306297302 -2.419626474380493 0.5808185338973999 0.8130024671554565 -0.040949877351522446 -0.0033320030197501183 -0.4766538143157959 0.3804445266723633 0.7925043106079102 0.27665260434150696 0.0 0.0 0.0 1.0
0.6229265928268433 -0.46927985548973083 0.6258904933929443 -2.4155709743499756 0.5990812182426453 0.8006778359413147 0.0040875645354390144 0.00891980342566967 -0.5030548572540283 0.3724129796028137 0.7799002528190613 0.2714308500289917 0.0 0.0 0.0 1.0
0.5900539755821228 -0.4952409863471985 0.6376305222511292 -2.412672996520996 0.6155095100402832 0.7870259881019592 0.041691433638334274 0.01784568652510643 -0.5224791169166565 0.36786743998527527 0.7692133188247681 0.26716238260269165 0.0 0.0 0.0 1.0
0.5553084015846252 -0.5187379121780396 0.6500335335731506 -2.410316228866577 0.6316370368003845 0.7715207934379578 0.07609421759843826 0.026681892573833466 -0.5409873127937317 0.3683294653892517 0.7560860514640808 0.2625637948513031 0.0 0.0 0.0 1.0
0.5080573558807373 -0.5446603298187256 0.6672501564025879 -2.4078235626220703 0.6513344645500183 0.7498491406440735 0.11614508926868439 0.03788238391280174 -0.5635966062545776 0.3755946755409241 0.7357224225997925 0.2558887302875519 0.0 0.0 0.0 1.0
0.473310261964798 -0.5632219910621643 0.6773170232772827 -2.4061126708984375 0.6652095913887024 0.7325757145881653 0.1443227082490921 0.04640766978263855 -0.5774717330932617 0.3822483718395233 0.721396267414093 0.2505857050418854 0.0 0.0 0.0 1.0
0.4358830153942108 -0.5818408727645874 0.6866347193717957 -2.4051947593688965 0.6780436038970947 0.7139858603477478 0.1745883822441101 0.054702624678611755 -0.5918301343917847 0.38946816325187683 0.705727756023407 0.24537312984466553 0.0 0.0 0.0 1.0
0.3886297047138214 -0.6007552146911621 0.6986130475997925 -2.40472674369812 0.6927919983863831 0.6903986930847168 0.2082999348640442 0.06524410098791122 -0.607458770275116 0.4030419886112213 0.6845078468322754 0.23762273788452148 0.0 0.0 0.0 1.0
0.3520318865776062 -0.6140244007110596 0.7064329981803894 -2.404876232147217 0.7013465762138367 0.6728512644767761 0.23533830046653748 0.07292047142982483 -0.6198278069496155 0.4126077890396118 0.6675090193748474 0.23275335133075714 0.0 0.0 0.0 1.0
0.3269447982311249 -0.6258301138877869 0.708126962184906 -2.40551495552063 0.7056551575660706 0.660083532333374 0.2575666308403015 0.08031564205884933 -0.6286158561706543 0.41548335552215576 0.6574311256408691 0.22818677127361298 0.0 0.0 0.0 1.0
0.29802173376083374 -0.6356956958770752 0.7120912671089172 -2.4069178104400635 0.7141380310058594 0.6434818506240845 0.2755686044692993 0.08952754735946655 -0.6333955526351929 0.42640602588653564 0.6457460522651672 0.22265295684337616 0.0 0.0 0.0 1.0
0.28620705008506775 -0.6453830599784851 0.7082133889198303 -2.4084713459014893 0.7204989194869995 0.6322072148323059 0.2849479615688324 0.09621010720729828 -0.63163822889328 0.4287128746509552 0.6459399461746216 0.2190837413072586 0.0 0.0 0.0 1.0
0.2780173718929291 -0.6558652520179749 0.7018170356750488 -2.410358428955078 0.7278445363044739 0.6206253170967102 0.29166170954704285 0.102778360247612 -0.6268562078475952 0.42972666025161743 0.6499125361442566 0.21572859585285187 0.0 0.0 0.0 1.0
0.25968313217163086 -0.6644719243049622 0.7007437348365784 -2.413156509399414 0.7387645840644836 0.6040180921554565 0.2989799678325653 0.1121504008769989 -0.6219256520271301 0.4400446116924286 0.6477416157722473 0.21086382865905762 0.0 0.0 0.0 1.0
0.24991117417812347 -0.6745781302452087 0.6946141123771667 -2.415593385696411 0.7460914254188538 0.5914074182510376 0.3059164881706238 0.11952189356088638 -0.6171644926071167 0.44179365038871765 0.6510962843894958 0.20782865583896637 0.0 0.0 0.0 1.0
0.24898818135261536 -0.6850316524505615 0.6846433877944946 -2.4183149337768555 0.7516545057296753 0.5824643969535828 0.30943620204925537 0.12693092226982117 -0.6107539534568787 0.4375692903995514 0.659933865070343 0.20549188554286957 0.0 0.0 0.0 1.0
0.24919529259204865 -0.6895025372505188 0.6800646781921387 -2.4223990440368652 0.7521783709526062 0.5801202058792114 0.31255120038986206 0.13711024820804596 -0.610024094581604 0.433643639087677 0.663192093372345 0.2015777975320816 0.0 0.0 0.0 1.0
0.24393998086452484 -0.691977858543396 0.6794556379318237 -2.4258837699890137 0.7491823434829712 0.5793521404266357 0.32105597853660583 0.14505842328071594 -0.6158077120780945 0.4307177662849426 0.6597447395324707 0.19801349937915802 0.0 0.0 0.0 1.0
0.2475520819425583 -0.685154914855957 0.6850406527519226 -2.4289534091949463 0.7426286935806274 0.5882906317710876 0.3200261890888214 0.15309454500675201 -0.6222705245018005 0.42950767278671265 0.6544482707977295 0.19444161653518677 0.0 0.0 0.0 1.0
0.2639496624469757 -0.6819874048233032 0.6820731163024902 -2.433896541595459 0.7341834902763367 0.6006761193275452 0.316485196352005 0.16444355249404907 -0.6255439519882202 0.41723066568374634 0.6592521071434021 0.1887403428554535 0.0 0.0 0.0 1.0
0.27115535736083984 -0.6838379502296448 0.6773776412010193 -2.4374330043792725 0.7307470440864563 0.6042978167533875 0.3175419270992279 0.17318756878376007 -0.6264850497245789 0.40888848900794983 0.6635711789131165 0.18365159630775452 0.0 0.0 0.0 1.0
0.2812866270542145 -0.6799441576004028 0.6771659851074219 -2.4408671855926514 0.724183201789856 0.6134061217308044 0.31510570645332336 0.18182288110256195 -0.6296320557594299 0.40175721049308777 0.6649470925331116 0.1776367425918579 0.0 0.0 0.0 1.0
0.2980629801750183 -0.6673612594604492 0.6824862360954285 -2.4451332092285156 0.7076685428619385 0.6343183517456055 0.31120002269744873 0.19364719092845917 -0.6405963897705078 0.39021679759025574 0.6613373756408691 0.16703079640865326 0.0 0.0 0.0 1.0
0.3008592426776886 -0.6585721373558044 0.6897582411766052 -2.4479033946990967 0.6981484293937683 0.6448112726211548 0.3111385107040405 0.20292267203330994 -0.6496710777282715 0.3879447281360626 0.6537785530090332 0.15729983150959015 0.0 0.0 0.0 1.0
0.3055764138698578 -0.6510679125785828 0.6947903633117676 -2.450333595275879 0.6917452216148376 0.6532222628593445 0.3078784942626953 0.21223001182079315 -0.6543023586273193 0.3865375220775604 0.6499824523925781 0.1467605084180832 0.0 0.0 0.0 1.0
0.3181857168674469 -0.63950115442276 0.6998543739318848 -2.45223331451416 0.6806120872497559 0.6679832339286804 0.30094119906425476 0.2250465601682663 -0.6599432229995728 0.38057413697242737 0.6477949023246765 0.13079310953617096 0.0 0.0 0.0 1.0
0.3216540813446045 -0.6352519392967224 0.7021350860595703 -2.453009605407715 0.674453854560852 0.6741802096366882 0.3009868562221527 0.23485629260540009 -0.6645680069923401 0.3767440617084503 0.6453009247779846 0.11767838150262833 0.0 0.0 0.0 1.0
0.33081427216529846 -0.6319061517715454 0.7008969783782959 -2.453176259994507 0.6691114902496338 0.6808062195777893 0.29798105359077454 0.24466024339199066 -0.665471076965332 0.3704018294811249 0.6480360627174377 0.10359524190425873 0.0 0.0 0.0 1.0
0.34256377816200256 -0.6245056986808777 0.7018851041793823 -2.45212459564209 0.6570643782615662 0.6932371854782104 0.2961226999759674 0.25781750679016113 -0.6715031862258911 0.35974276065826416 0.647818386554718 0.08296903967857361 0.0 0.0 0.0 1.0
0.35001665353775024 -0.6159616112709045 0.7057476043701172 -2.450624465942383 0.6470080614089966 0.7037875056266785 0.2933661937713623 0.26735469698905945 -0.6773986220359802 0.35394132137298584 0.6448694467544556 0.06601347029209137 0.0 0.0 0.0 1.0
0.3627859354019165 -0.6075411438941956 0.7065975666046143 -2.448491334915161 0.6370862722396851 0.7150741815567017 0.28773248195648193 0.27683156728744507 -0.6800789833068848 0.34577828645706177 0.6464750170707703 0.04870309680700302 0.0 0.0 0.0 1.0
0.38267043232917786 -0.5962470769882202 0.7057285308837891 -2.444730758666992 0.623603343963623 0.7303071022033691 0.2788734436035156 0.2888566553592682 -0.6816760301589966 0.33337801694869995 0.651288628578186 0.024730289354920387 0.0 0.0 0.0 1.0
0.39881786704063416 -0.5892022848129272 0.7026983499526978 -2.441263437271118 0.6153017282485962 0.7401136755943298 0.2713586986064911 0.29751312732696533 -0.6799618005752563 0.32414883375167847 0.6577077507972717 0.006303312256932259 0.0 0.0 0.0 1.0
0.4155917465686798 -0.5832385420799255 0.6979371905326843 -2.4372973442077637 0.6063953042030334 0.7495924234390259 0.26532232761383057 0.30572283267974854 -0.6779146194458008 0.31296002864837646 0.6651975512504578 -0.012426357716321945 0.0 0.0 0.0 1.0
0.4382147789001465 -0.5720666646957397 0.6933307647705078 -2.4322309494018555 0.5916532874107361 0.7642543315887451 0.2566353976726532 0.3157869279384613 -0.6766935586929321 0.29774999618530273 0.6733726859092712 -0.03779538348317146 0.0 0.0 0.0 1.0
0.4586828649044037 -0.5619027614593506 0.6883860230445862 -2.4284262657165527 0.5807794332504272 0.7758918404579163 0.2463475465774536 0.3229367136955261 -0.6725364327430725 0.28680503368377686 0.6822298765182495 -0.0565480999648571 0.0 0.0 0.0 1.0
0.4810015857219696 -0.5489076375961304 0.6836211085319519 -2.424696922302246 0.5682143568992615 0.7889930009841919 0.23371465504169464 0.3294261395931244 -0.6676600575447083 0.2760262191295624 0.6914041042327881 -0.07521004974842072 0.0 0.0 0.0 1.0
0.5106090307235718 -0.5375072956085205 0.6710919141769409 -2.4192497730255127 0.5547593235969543 0.8022671937942505 0.22047550976276398 0.3383827805519104 -0.6569021940231323 0.2597177028656006 0.7078320384025574 -0.09917601943016052 0.0 0.0 0.0 1.0
0.5355184674263 -0.5290433168411255 0.6582804322242737 -2.4153048992156982 0.5441172122955322 0.8122642040252686 0.21015073359012604 0.34432581067085266 -0.6458764672279358 0.24564212560653687 0.7228440642356873 -0.11634630709886551 0.0 0.0 0.0 1.0
0.5626291632652283 -0.513786256313324 0.6476666331291199 -2.4104714393615723 0.5294075012207031 0.8256363272666931 0.19507020711898804 0.3498685956001282 -0.6349614858627319 0.2331274002790451 0.7365293502807617 -0.13304735720157623 0.0 0.0 0.0 1.0
0.5905981659889221 -0.5018144249916077 0.6319621205329895 -2.403080940246582 0.510873556137085 0.8387216329574585 0.1885581612586975 0.3570244312286377 -0.6246615052223206 0.21149064600467682 0.7517111897468567 -0.15462172031402588 0.0 0.0 0.0 1.0
0.606902539730072 -0.4965053200721741 0.620606005191803 -2.3966803550720215 0.4989358186721802 0.8458297252655029 0.1887727975845337 0.3619975745677948 -0.6186536550521851 0.1950758546590805 0.7610604763031006 -0.16998113691806793 0.0 0.0 0.0 1.0
0.6194904446601868 -0.48529136180877686 0.6170282363891602 -2.3894741535186768 0.4898155927658081 0.853196382522583 0.17926689982414246 0.3661297559738159 -0.6134429574012756 0.1911759227514267 0.7662503123283386 -0.18528226017951965 0.0 0.0 0.0 1.0
0.6368546485900879 -0.4740920066833496 0.6079908609390259 -2.3796651363372803 0.4826786518096924 0.8600980639457703 0.16508379578590393 0.37062543630599976 -0.6011967062950134 0.18832984566688538 0.7765915393829346 -0.205585777759552 0.0 0.0 0.0 1.0
0.6583095788955688 -0.464423805475235 0.5924010872840881 -2.371367931365967 0.4752923846244812 0.8667195439338684 0.151309072971344 0.373439759016037 -0.5837171077728271 0.1819555014371872 0.7913068532943726 -0.2199852466583252 0.0 0.0 0.0 1.0
0.6765025854110718 -0.4523538053035736 0.5811370015144348 -2.362408399581909 0.4676359295845032 0.8734694123268127 0.13552793860435486 0.3760567605495453 -0.5689119696617126 0.180075541138649 0.8024412393569946 -0.23472018539905548 0.0 0.0 0.0 1.0
0.6941999197006226 -0.4299229085445404 0.5772804617881775 -2.3488082885742188 0.4533032774925232 0.8841227889060974 0.11332713067531586 0.3792293071746826 -0.5591087937355042 0.18301144242286682 0.8086434602737427 -0.2541249990463257 0.0 0.0 0.0 1.0
0.7087459564208984 -0.41054320335388184 0.5737015008926392 -2.337663173675537 0.43895068764686584 0.8932654857635498 0.09694860875606537 0.3815183639526367 -0.5522693395614624 0.18311472237110138 0.8133065700531006 -0.2677805423736572 0.0 0.0 0.0 1.0
0.721523106098175 -0.393062561750412 0.570005476474762 -2.325465679168701 0.4268156886100769 0.9007179141044617 0.08084326237440109 0.3839588165283203 -0.5451905727386475 0.18495698273181915 0.8176540732383728 -0.2814454138278961 0.0 0.0 0.0 1.0
0.7366736531257629 -0.3770727813243866 0.5613626837730408 -2.308147668838501 0.41723328828811646 0.9067150354385376 0.06151597201824188 0.3875246047973633 -0.5321919918060303 0.18890200555324554 0.8252804279327393 -0.2985413074493408 0.0 0.0 0.0 1.0
0.7515841126441956 -0.3651071786880493 0.5493797659873962 -2.294780731201172 0.4059499502182007 0.9124686121940613 0.051045455038547516 0.39070892333984375 -0.5199288129806519 0.18465572595596313 0.8340121507644653 -0.31078189611434937 0.0 0.0 0.0 1.0
0.764731228351593 -0.3479381203651428 0.5423331260681152 -2.2800652980804443 0.3937697112560272 0.9185773134231567 0.03407512977719307 0.3939111828804016 -0.5100309252738953 0.18749602138996124 0.8394722938537598 -0.32287541031837463 0.0 0.0 0.0 1.0
0.7766502499580383 -0.3335391581058502 0.5343837738037109 -2.259098529815674 0.38025331497192383 0.9245597720146179 0.024426333606243134 0.3990093171596527 -0.5022168755531311 0.1842304915189743 0.8448889255523682 -0.3387971520423889 0.0 0.0 0.0 1.0
0.7869493961334229 -0.3258933126926422 0.5239315032958984 -2.242406129837036 0.3698190450668335 0.9288366436958313 0.02227918431162834 0.40348801016807556 -0.4939073920249939 0.17622725665569305 0.8514689803123474 -0.3505409359931946 0.0 0.0 0.0 1.0
0.7965424656867981 -0.31618261337280273 0.5153141021728516 -2.225161552429199 0.35944607853889465 0.9330134987831116 0.01686074584722519 0.4080977141857147 -0.4861260950565338 0.17179733514785767 0.8568354845046997 -0.36219581961631775 0.0 0.0 0.0 1.0
0.8073561191558838 -0.30437546968460083 0.505501389503479 -2.2003860473632812 0.3490808308124542 0.9370686411857605 0.006702595856040716 0.41357627511024475 -0.4757296144962311 0.17104946076869965 0.8627997636795044 -0.37758955359458923 0.0 0.0 0.0 1.0
0.8163676857948303 -0.30402377247810364 0.4910329282283783 -2.181116819381714 0.34318917989730835 0.939202606678009 0.010938861407339573 0.417402446269989 -0.46450507640838623 0.1595870554447174 0.8710723519325256 -0.38907960057258606 0.0 0.0 0.0 1.0
0.8266716003417969 -0.29776105284690857 0.4774436354637146 -2.1617467403411865 0.33722731471061707 0.9414176940917969 0.0032282101456075907 0.4197463393211365 -0.4504351317882538 0.15833836793899536 0.8786564469337463 -0.40036290884017944 0.0 0.0 0.0 1.0
0.8392422795295715 -0.301805704832077 0.45231154561042786 -2.1358163356781006 0.34553655982017517 0.9382845163345337 -0.015054390765726566 0.4210366904735565 -0.41985341906547546 0.1689244508743286 0.891732931137085 -0.41563406586647034 0.0 0.0 0.0 1.0
0.849047839641571 -0.30782222747802734 0.42937543988227844 -2.1173877716064453 0.35025882720947266 0.9364111423492432 -0.021282881498336792 0.42071688175201416 -0.3955205976963043 0.16846272349357605 0.9028753042221069 -0.426255464553833 0.0 0.0 0.0 1.0
0.8619814515113831 -0.2968052923679352 0.4109678566455841 -2.0993905067443848 0.3397459089756012 0.9399102926254272 -0.033784423023462296 0.4196769595146179 -0.37624552845954895 0.1687461882829666 0.9110236167907715 -0.4371856451034546 0.0 0.0 0.0 1.0
0.87322998046875 -0.27588850259780884 0.40169015526771545 -2.07590913772583 0.3273738920688629 0.9427111744880676 -0.06420248746871948 0.4170195162296295 -0.3609650731086731 0.18756639957427979 0.9135223627090454 -0.4529123902320862 0.0 0.0 0.0 1.0
0.8805990219116211 -0.2594200670719147 0.3965432643890381 -2.0595476627349854 0.31553328037261963 0.9453427791595459 -0.08225440979003906 0.41520214080810547 -0.3535308539867401 0.1975557506084442 0.914323627948761 -0.46479615569114685 0.0 0.0 0.0 1.0
0.8901819586753845 -0.24021591246128082 0.38713356852531433 -2.0439858436584473 0.29915833473205566 0.9490535259246826 -0.09900353103876114 0.41353899240493774 -0.34362825751304626 0.20394538342952728 0.9166929125785828 -0.476440966129303 0.0 0.0 0.0 1.0
0.9030893445014954 -0.21075119078159332 0.37418389320373535 -2.0234100818634033 0.2773372232913971 0.9514577388763428 -0.13346228003501892 0.4115435779094696 -0.32789283990859985 0.2243034839630127 0.9177005290985107 -0.49185431003570557 0.0 0.0 0.0 1.0
0.913689374923706 -0.18997342884540558 0.3592796325683594 -2.0077762603759766 0.2590705454349518 0.9533835053443909 -0.15473316609859467 0.410582035779953 -0.3131360709667206 0.23445682227611542 0.9203128814697266 -0.5032927393913269 0.0 0.0 0.0 1.0
0.9220198392868042 -0.17677907645702362 0.3444250226020813 -1.9919474124908447 0.2475457489490509 0.9532290697097778 -0.1734226942062378 0.41066718101501465 -0.29765844345092773 0.24516011774539948 0.9226570129394531 -0.5143357515335083 0.0 0.0 0.0 1.0
0.9309752583503723 -0.16455526649951935 0.3258936107158661 -1.9699945449829102 0.2378661036491394 0.9505837559700012 -0.1995249092578888 0.41187718510627747 -0.2769562900066376 0.2632718086242676 0.92411208152771 -0.5293033719062805 0.0 0.0 0.0 1.0
0.939615786075592 -0.1520669013261795 0.3065906763076782 -1.9531240463256836 0.22681403160095215 0.9475587010383606 -0.22513969242572784 0.41411924362182617 -0.25627636909484863 0.281083881855011 0.9248320460319519 -0.5400955080986023 0.0 0.0 0.0 1.0
0.9482168555259705 -0.1411670744419098 0.2845288813114166 -1.936206579208374 0.21397700905799866 0.9459309577941895 -0.2437794804573059 0.41762575507164 -0.234731063246727 0.2920384407043457 0.9271541833877563 -0.5507932305335999 0.0 0.0 0.0 1.0
0.9576708674430847 -0.13484340906143188 0.2543300986289978 -1.9133108854293823 0.20121295750141144 0.9453888535499573 -0.2564239799976349 0.4248517155647278 -0.20586375892162323 0.29674428701400757 0.9325035810470581 -0.5643973350524902 0.0 0.0 0.0 1.0
0.964232861995697 -0.12798163294792175 0.23211146891117096 -1.8959026336669922 0.18837156891822815 0.9469460844993591 -0.26040223240852356 0.43259596824645996 -0.18647032976150513 0.29481157660484314 0.9371845722198486 -0.5742639899253845 0.0 0.0 0.0 1.0
0.9702199101448059 -0.11650959402322769 0.21236476302146912 -1.877812385559082 0.17032279074192047 0.9515237212181091 -0.25611087679862976 0.4421764612197876 -0.17223073542118073 0.284654438495636 0.9430314898490906 -0.5835363864898682 0.0 0.0 0.0 1.0
0.9743611216545105 -0.11208640038967133 0.19508203864097595 -1.8524572849273682 0.15737386047840118 0.9591931104660034 -0.23490868508815765 0.45785635709762573 -0.160791277885437 0.25958672165870667 0.9522399306297302 -0.59529048204422 0.0 0.0 0.0 1.0
0.9769091010093689 -0.10183067619800568 0.18782739341259003 -1.8330835103988647 0.14537791907787323 0.9610380530357361 -0.23509804904460907 0.4704623520374298 -0.15656907856464386 0.256975382566452 0.9536507725715637 -0.6047327518463135 0.0 0.0 0.0 1.0
0.9800009727478027 -0.09457345306873322 0.175082728266716 -1.8142485618591309 0.13388699293136597 0.9642835855484009 -0.2285420000553131 0.4845171868801117 -0.14721539616584778 0.24741268157958984 0.957660973072052 -0.6149876713752747 0.0 0.0 0.0 1.0
0.9852077960968018 -0.09705895930528641 0.14122731983661652 -1.7883961200714111 0.12347939610481262 0.9735295176506042 -0.19233599305152893 0.5043523907661438 -0.11882103234529495 0.20692957937717438 0.9711136221885681 -0.6265049576759338 0.0 0.0 0.0 1.0
0.9880462884902954 -0.10517363250255585 0.11270783096551895 -1.7686799764633179 0.12261827290058136 0.9792919158935547 -0.16109654307365417 0.5193670392036438 -0.09343075752258301 0.17299088835716248 0.9804819226264954 -0.6354361176490784 0.0 0.0 0.0 1.0
0.9894360303878784 -0.11181200295686722 0.09227374196052551 -1.7488354444503784 0.12405611574649811 0.982370138168335 -0.13985364139080048 0.5338751077651978 -0.07500965148210526 0.1498233526945114 0.9858633279800415 -0.6445311903953552 0.0 0.0 0.0 1.0
0.9911692142486572 -0.11247646808624268 0.0702328160405159 -1.7217295169830322 0.11869590729475021 0.9886820316314697 -0.09175578504800797 0.5527790784835815 -0.05911755934357643 0.09928185492753983 0.9933016896247864 -0.6562755703926086 0.0 0.0 0.0 1.0
0.9927573800086975 -0.10316906124353409 0.06155382841825485 -1.7006175518035889 0.10675355046987534 0.9925866723060608 -0.05809779465198517 0.5657517313957214 -0.055103614926338196 0.06424810737371445 0.9964114427566528 -0.6652445197105408 0.0 0.0 0.0 1.0
0.9935581684112549 -0.09670155495405197 0.0590849332511425 -1.6788815259933472 0.09905462712049484 0.9943454265594482 -0.038280293345451355 0.5778121948242188 -0.055049069225788116 0.04388633370399475 0.9975187182426453 -0.6743829250335693 0.0 0.0 0.0 1.0
0.9938434958457947 -0.0970308855175972 0.05347971245646477 -1.6487834453582764 0.09758643060922623 0.9951959252357483 -0.007870197296142578 0.5925249457359314 -0.05245913937687874 0.013040638528764248 0.9985378980636597 -0.6857146620750427 0.0 0.0 0.0 1.0
0.9939023852348328 -0.09930486977100372 0.047922901809215546 -1.6256276369094849 0.09874799102544785 0.9950159788131714 0.013857115060091019 0.6026538610458374 -0.04906013235449791 -0.009040328674018383 0.9987549185752869 -0.6936270594596863 0.0 0.0 0.0 1.0
0.9941633343696594 -0.09858474880456924 0.043821919709444046 -1.6021103858947754 0.09733521938323975 0.994805634021759 0.029792428016662598 0.6119908094406128 -0.046531371772289276 -0.025353122502565384 0.9985950589179993 -0.7014929056167603 0.0 0.0 0.0 1.0
0.994586169719696 -0.09653537720441818 0.03846095874905586 -1.5702203512191772 0.09455534815788269 0.9942456483840942 0.0503479540348053 0.6234170198440552 -0.04309999942779541 -0.04643869027495384 0.9979909062385559 -0.7109017372131348 0.0 0.0 0.0 1.0
0.9951007962226868 -0.09210984408855438 0.03591883182525635 -1.5456743240356445 0.0897766649723053 0.9940359592437744 0.06190818175673485 0.6314491033554077 -0.041406963020563126 -0.058380208909511566 0.9974353313446045 -0.7171616554260254 0.0 0.0 0.0 1.0
0.9959205985069275 -0.08516843616962433 0.02980806864798069 -1.5205838680267334 0.0828443393111229 0.9939555525779724 0.07203594595193863 0.6389253735542297 -0.03576308488845825 -0.06927265226840973 0.9969565272331238 -0.7224970459938049 0.0 0.0 0.0 1.0
0.9969712495803833 -0.07457148283720016 0.022076895460486412 -1.4865305423736572 0.07214152067899704 0.992798388004303 0.09563958644866943 0.6484302878379822 -0.029049893841147423 -0.093757264316082 0.9951711893081665 -0.7281153202056885 0.0 0.0 0.0 1.0
0.9978844523429871 -0.06348466128110886 0.014012780040502548 -1.4603688716888428 0.0616210512816906 0.9923021197319031 0.10742152482271194 0.6548359394073486 -0.020724529400467873 -0.10633078217506409 0.9941148161888123 -0.730766236782074 0.0 0.0 0.0 1.0
0.9986422657966614 -0.052087072283029556 0.0007861957419663668 -1.4340767860412598 0.05155705288052559 0.9904146194458008 0.12814339995384216 0.6610649824142456 -0.007453274447470903 -0.12792888283729553 0.9917553663253784 -0.7322806119918823 0.0 0.0 0.0 1.0
0.9990927577018738 -0.03392474353313446 -0.025744382292032242 -1.3988916873931885 0.03768239542841911 0.9858629703521729 0.16326116025447845 0.6686488389968872 0.019841840490698814 -0.16408315300941467 0.9862469434738159 -0.7325379848480225 0.0 0.0 0.0 1.0
0.9984439611434937 -0.015943143516778946 -0.05343693494796753 -1.3726370334625244 0.025870325043797493 0.981328547000885 0.19059117138385773 0.6737236976623535 0.04940056800842285 -0.1916770339012146 0.98021399974823 -0.7323445677757263 0.0 0.0 0.0 1.0
0.997379720211029 0.0027487582992762327 -0.07229235023260117 -1.3465654850006104 0.012812458910048008 0.9767701625823975 0.21390633285045624 0.6779581308364868 0.07120098918676376 -0.21427208185195923 0.9741755127906799 -0.7321376204490662 0.0 0.0 0.0 1.0
0.9953225255012512 0.041755516082048416 -0.08711788058280945 -1.3119548559188843 -0.0181500855833292 0.966534435749054 0.25589412450790405 0.6829793453216553 0.09488742053508759 -0.2531159818172455 0.9627713561058044 -0.7315747737884521 0.0 0.0 0.0 1.0
0.9925495386123657 0.08323940634727478 -0.08897549659013748 -1.2864410877227783 -0.05409977585077286 0.9554023742675781 0.2903093993663788 0.6861898303031921 0.10917258262634277 -0.283332884311676 0.9527873992919922 -0.731568455696106 0.0 0.0 0.0 1.0
0.9885671734809875 0.1257365643978119 -0.0832182914018631 -1.261391520500183 -0.09348233789205551 0.9441353678703308 0.3160213530063629 0.6885561943054199 0.1183047667145729 -0.3046289086341858 0.9450953602790833 -0.7311474084854126 0.0 0.0 0.0 1.0
0.9818231463432312 0.1753300130367279 -0.0726824626326561 -1.2270807027816772 -0.13830220699310303 0.923160195350647 0.35867494344711304 0.692007303237915 0.1299840360879898 -0.3421032130718231 0.9306285977363586 -0.7309085726737976 0.0 0.0 0.0 1.0
0.9767078161239624 0.2019272744655609 -0.07257584482431412 -1.2025420665740967 -0.1597277671098709 0.9100572466850281 0.3824693560600281 0.6928694248199463 0.14327916502952576 -0.36196839809417725 0.9211134314537048 -0.7310585379600525 0.0 0.0 0.0 1.0
0.9705463647842407 0.22493018209934235 -0.08629129827022552 -1.1785295009613037 -0.17294956743717194 0.8998674154281616 0.4004085958003998 0.6923643350601196 0.1677147001028061 -0.37369105219841003 0.9122646450996399 -0.732337236404419 0.0 0.0 0.0 1.0
0.9629079103469849 0.24573589861392975 -0.11145498603582382 -1.147519588470459 -0.17891745269298553 0.890661358833313 0.41798433661460876 0.6904687881469727 0.20198240876197815 -0.38253918290138245 0.9015913009643555 -0.7334126830101013 0.0 0.0 0.0 1.0
0.9577903747558594 0.2588914632797241 -0.12495114654302597 -1.1243122816085815 -0.18203796446323395 0.8826326727867126 0.43338409066200256 0.6874802708625793 0.22248540818691254 -0.39234527945518494 0.8925051689147949 -0.7350289821624756 0.0 0.0 0.0 1.0
0.9520003199577332 0.27350279688835144 -0.13744693994522095 -1.1016901731491089 -0.18963542580604553 0.879464864730835 0.4365546703338623 0.6827942132949829 0.2402786761522293 -0.3895353674888611 0.889116644859314 -0.7369211316108704 0.0 0.0 0.0 1.0
0.9415589570999146 0.3005688786506653 -0.15206928551197052 -1.0719659328460693 -0.20833830535411835 0.8743705749511719 0.4382593631744385 0.6757984757423401 0.2646920382976532 -0.3809651732444763 0.8858914375305176 -0.7395918965339661 0.0 0.0 0.0 1.0
0.9319398999214172 0.32654526829719543 -0.1576586663722992 -1.0497863292694092 -0.22997444868087769 0.8684179782867432 0.4392743706703186 0.6697466969490051 0.28035658597946167 -0.3731198310852051 0.8844103813171387 -0.7406600713729858 0.0 0.0 0.0 1.0
0.9218474626541138 0.35001084208488464 -0.16640213131904602 -1.02756667137146 -0.2512573301792145 0.8666623830795288 0.4310058355331421 0.6629949808120728 0.29507118463516235 -0.355511873960495 0.8868733048439026 -0.7410585880279541 0.0 0.0 0.0 1.0
0.9065096974372864 0.3800499737262726 -0.18385359644889832 -0.998012125492096 -0.2765860855579376 0.8636241555213928 0.42148953676223755 0.6541842818260193 0.3189674913883209 -0.3312329947948456 0.8880002498626709 -0.7397775053977966 0.0 0.0 0.0 1.0
0.89471435546875 0.39993777871131897 -0.19883668422698975 -0.9758591651916504 -0.29093292355537415 0.8596466183662415 0.4199592173099518 0.6478579640388489 0.3388868272304535 -0.31789538264274597 0.8854932188987732 -0.7375770807266235 0.0 0.0 0.0 1.0
0.8838543891906738 0.41743823885917664 -0.21106107532978058 -0.9538184404373169 -0.3018609881401062 0.8536984920501709 0.42435699701309204 0.6420660614967346 0.35732534527778625 -0.3113586902618408 0.8805534243583679 -0.7340048551559448 0.0 0.0 0.0 1.0
0.8638765215873718 0.44374021887779236 -0.23835261166095734 -0.9247261881828308 -0.3182685673236847 0.847636342048645 0.4245206117630005 0.6344177722930908 0.39041319489479065 -0.290873259305954 0.8734816908836365 -0.7274044752120972 0.0 0.0 0.0 1.0
0.847132682800293 0.4643440544605255 -0.2583617866039276 -0.9031071662902832 -0.3281305730342865 0.8395498991012573 0.4329968988895416 0.6294586062431335 0.41796714067459106 -0.2820294201374054 0.8635756373405457 -0.721428394317627 0.0 0.0 0.0 1.0
0.8309746384620667 0.4825970530509949 -0.2767331302165985 -0.8813629150390625 -0.33666732907295227 0.8322635293006897 0.44044581055641174 0.6251745223999023 0.4428727328777313 -0.27283230423927307 0.8540645837783813 -0.713962733745575 0.0 0.0 0.0 1.0
0.8046205639839172 0.515933096408844 -0.29393672943115234 -0.8527054190635681 -0.35617658495903015 0.8154336214065552 0.45629623532295227 0.6199663877487183 0.4751042127609253 -0.2624519467353821 0.8398779630661011 -0.7028594017028809 0.0 0.0 0.0 1.0
0.7891989946365356 0.5370607972145081 -0.29787692427635193 -0.8311998844146729 -0.37160590291023254 0.8037645816802979 0.4646197557449341 0.6159128546714783 0.48895198106765747 -0.2559846043586731 0.8339051604270935 -0.6939139366149902 0.0 0.0 0.0 1.0
0.7753435969352722 0.5532988905906677 -0.3044711649417877 -0.8100844025611877 -0.3881295323371887 0.7977893352508545 0.4613974690437317 0.6112085580825806 0.49819454550743103 -0.23956730961799622 0.8333125114440918 -0.6848489046096802 0.0 0.0 0.0 1.0
0.7594725489616394 0.5720891952514648 -0.3097021281719208 -0.7825512290000916 -0.40687817335128784 0.7891886830329895 0.4600341022014618 0.604543149471283 0.5075939893722534 -0.223372220993042 0.8321377635002136 -0.673051118850708 0.0 0.0 0.0 1.0
0.7533732652664185 0.5774676203727722 -0.31457895040512085 -0.7626829743385315 -0.4194391369819641 0.7904132604598999 0.4464501142501831 0.5986407399177551 0.5064578652381897 -0.20439685881137848 0.837688684463501 -0.6643722057342529 0.0 0.0 0.0 1.0
0.744914710521698 0.5793778896331787 -0.3307919204235077 -0.7436947822570801 -0.431134968996048 0.7964287400245667 0.42405641078948975 0.5919435620307922 0.5091411471366882 -0.17326991260051727 0.8430615663528442 -0.6563668847084045 0.0 0.0 0.0 1.0
0.7448779940605164 0.5728021860122681 -0.3421320915222168 -0.7192506194114685 -0.4371190369129181 0.8063725233078003 0.3983595371246338 0.5825167894363403 0.5040671229362488 -0.1471768170595169 0.8510318994522095 -0.6465088725090027 0.0 0.0 0.0 1.0
0.750099241733551 0.5639572143554688 -0.345403254032135 -0.7017533779144287 -0.44036245346069336 0.815595805644989 0.3753456771373749 0.5754697918891907 0.4933883547782898 -0.12944386899471283 0.8601233959197998 -0.6397504806518555 0.0 0.0 0.0 1.0
0.7587887644767761 0.5501424074172974 -0.3486875295639038 -0.6847701668739319 -0.44113889336586 0.8279333710670471 0.3462986946105957 0.5675641298294067 0.47920364141464233 -0.10894791781902313 0.8709157109260559 -0.6341575384140015 0.0 0.0 0.0 1.0
0.7685431241989136 0.5326301455497742 -0.35446664690971375 -0.6629178524017334 -0.44199076294898987 0.8425723910331726 0.307759553194046 0.5569483637809753 0.46258583664894104 -0.07985551655292511 0.8829708099365234 -0.6282691955566406 0.0 0.0 0.0 1.0
0.7668718695640564 0.5177657008171082 -0.37924429774284363 -0.6479928493499756 -0.44152578711509705 0.8544667363166809 0.27375462651252747 0.549001157283783 0.46579238772392273 -0.042488593608140945 0.8838734030723572 -0.6250155568122864 0.0 0.0 0.0 1.0
0.7714179158210754 0.49820199608802795 -0.3958650529384613 -0.6333073377609253 -0.4300278425216675 0.8667073845863342 0.25277334451675415 0.541723906993866 0.46903136372566223 -0.024760887026786804 0.8828343749046326 -0.621823787689209 0.0 0.0 0.0 1.0
0.7769348621368408 0.47384223341941833 -0.4145427942276001 -0.614203691482544 -0.41780585050582886 0.8806096315383911 0.22352838516235352 0.531868040561676 0.4709675908088684 -0.0004685951571445912 0.882150411605835 -0.6177541017532349 0.0 0.0 0.0 1.0
0.7863771915435791 0.45229408144950867 -0.42076238989830017 -0.5996640920639038 -0.40710097551345825 0.8917285799980164 0.19770929217338562 0.5243002772331238 0.46462857723236084 0.01581868901848793 0.8853643536567688 -0.6153650283813477 0.0 0.0 0.0 1.0
0.8014795780181885 0.4285885989665985 -0.41706383228302 -0.5849883556365967 -0.3944151699542999 0.9030596017837524 0.17005878686904907 0.5163084268569946 0.44951876997947693 0.028197648003697395 0.892825722694397 -0.6130838990211487 0.0 0.0 0.0 1.0
0.8156222701072693 0.39187636971473694 -0.42566797137260437 -0.5663930773735046 -0.37499240040779114 0.9183037281036377 0.1268814653158188 0.5056485533714294 0.44061434268951416 0.0561349131166935 0.8959396481513977 -0.6118699908256531 0.0 0.0 0.0 1.0
0.8265404105186462 0.36392855644226074 -0.4294029772281647 -0.5523923635482788 -0.355042427778244 0.9290491938591003 0.10398299992084503 0.4980870485305786 0.43677887320518494 0.06651011854410172 0.8971068263053894 -0.6112041473388672 0.0 0.0 0.0 1.0
0.8383893966674805 0.3341158926486969 -0.4306620657444 -0.5384775996208191 -0.3361889123916626 0.9388881325721741 0.07393321394920349 0.4904281497001648 0.42904576659202576 0.08279898017644882 0.899479866027832 -0.6110978722572327 0.0 0.0 0.0 1.0
0.8500431180000305 0.2973099648952484 -0.4347797930240631 -0.5202860832214355 -0.31271451711654663 0.9491018652915955 0.03762040659785271 0.480628103017807 0.42383521795272827 0.10398299247026443 0.8997506499290466 -0.6114548444747925 0.0 0.0 0.0 1.0
0.8588219285011292 0.27634939551353455 -0.4313420355319977 -0.5064213275909424 -0.30068498849868774 0.9536442160606384 0.01229687687009573 0.47379282116889954 0.4147450923919678 0.1191372498869896 0.9021046757698059 -0.6111268401145935 0.0 0.0 0.0 1.0
0.870563268661499 0.25804516673088074 -0.41896575689315796 -0.4921286106109619 -0.293128103017807 0.9558562636375427 -0.02036561258137226 0.4662763178348541 0.395215779542923 0.14054018259048462 0.9077736139297485 -0.6111034154891968 0.0 0.0 0.0 1.0
0.888256847858429 0.2313087433576584 -0.39685776829719543 -0.4726833701133728 -0.2753198444843292 0.9596682190895081 -0.056884583085775375 0.45728975534439087 0.36769387125968933 0.15979093313217163 0.9161157608032227 -0.6112227439880371 0.0 0.0 0.0 1.0
0.8993287086486816 0.22119973599910736 -0.3771982491016388 -0.458171546459198 -0.2647206783294678 0.9619936943054199 -0.06701553612947464 0.4515346586704254 0.3480384945869446 0.16012117266654968 0.9237047433853149 -0.6104316115379333 0.0 0.0 0.0 1.0
0.9135433435440063 0.20151737332344055 -0.3533118665218353 -0.4430563747882843 -0.248647078871727 0.9641175866127014 -0.09301535785198212 0.44555407762527466 0.3218899965286255 0.17282353341579437 0.9308699369430542 -0.6095688343048096 0.0 0.0 0.0 1.0
0.9287146329879761 0.17545662820339203 -0.3266559839248657 -0.4232940971851349 -0.22353489696979523 0.9678052067756653 -0.11569444835186005 0.438632607460022 0.2958400249481201 0.18046614527702332 0.9380355477333069 -0.607951819896698 0.0 0.0 0.0 1.0
0.9408352375030518 0.1594860553741455 -0.2989870011806488 -0.4080349802970886 -0.20576955378055573 0.9699093699455261 -0.1301335096359253 0.4340551793575287 0.2692358195781708 0.18395662307739258 0.9453423023223877 -0.6066762804985046 0.0 0.0 0.0 1.0
0.9527605772018433 0.14321263134479523 -0.26783841848373413 -0.39278340339660645 -0.1880025714635849 0.9706864356994629 -0.14974281191825867 0.4296973943710327 0.23854206502437592 0.19302335381507874 0.9517561197280884 -0.6059024930000305 0.0 0.0 0.0 1.0
0.969282865524292 0.11951538175344467 -0.214957594871521 -0.3728583753108978 -0.15772925317287445 0.9726632237434387 -0.17043384909629822 0.42490726709365845 0.18871188163757324 0.1991037279367447 0.9616369009017944 -0.6049494743347168 0.0 0.0 0.0 1.0
0.9795817136764526 0.10579550266265869 -0.1709589958190918 -0.35896357893943787 -0.13692335784435272 0.9737210869789124 -0.1819869577884674 0.42202872037887573 0.14721296727657318 0.20167937874794006 0.9683252573013306 -0.6045641899108887 0.0 0.0 0.0 1.0
0.9864478707313538 0.09316433221101761 -0.1350592076778412 -0.3468276560306549 -0.11849169433116913 0.9738888740539551 -0.19364969432353973 0.4194701910018921 0.11349141597747803 0.20702873170375824 0.9717298150062561 -0.6044110655784607 0.0 0.0 0.0 1.0
0.9936715960502625 0.07570788264274597 -0.08297605812549591 -0.3314189314842224 -0.09150183945894241 0.9740421175956726 -0.20704911649227142 0.41635072231292725 0.06514692306518555 0.21333129703998566 0.9748054146766663 -0.6044130325317383 0.0 0.0 0.0 1.0
0.9974032044410706 0.05618177354335785 -0.045061081647872925 -0.32128915190696716 -0.06460480391979218 0.974466860294342 -0.2150360494852066 0.4143974184989929 0.03182942420244217 0.2173887938261032 0.9755659699440002 -0.6041642427444458 0.0 0.0 0.0 1.0
0.9990854263305664 0.03769019618630409 -0.02019359916448593 -0.31207868456840515 -0.041254736483097076 0.973832905292511 -0.22348931431770325 0.41190990805625916 0.011241834610700607 0.22411799430847168 0.9744971990585327 -0.6037169694900513 0.0 0.0 0.0 1.0
0.9997929334640503 0.017911387607455254 0.00965630728751421 -0.3016997277736664 -0.01500153262168169 0.9694212079048157 -0.2449437826871872 0.40855875611305237 -0.01374831236898899 0.24474820494651794 0.9694892168045044 -0.6034060716629028 0.0 0.0 0.0 1.0
0.9993948340415955 -0.0013454222353175282 0.03475846350193024 -0.2951553463935852 0.009951421990990639 0.9685451984405518 -0.24863864481449127 0.4066676199436188 -0.03333061933517456 0.24883407354354858 0.967972457408905 -0.6034749746322632 0.0 0.0 0.0 1.0
0.9988192915916443 -0.011928952299058437 0.04709303751587868 -0.29129138588905334 0.023799659684300423 0.9652405381202698 -0.26027733087539673 0.40507060289382935 -0.04235127195715904 0.26109081506729126 0.9643847346305847 -0.6030759215354919 0.0 0.0 0.0 1.0
0.9978394508361816 -0.02608330175280571 0.06029960885643959 -0.28488022089004517 0.04145984351634979 0.9619774222373962 -0.26996397972106934 0.4023537039756775 -0.050965309143066406 0.27188071608543396 0.9609804153442383 -0.6015509366989136 0.0 0.0 0.0 1.0
0.9960551857948303 -0.03563548997044563 0.08126596361398697 -0.2788350582122803 0.05687318369746208 0.9593595266342163 -0.2763959765434265 0.39970073103904724 -0.0681137666106224 0.27992749214172363 0.9576017260551453 -0.5995340347290039 0.0 0.0 0.0 1.0
0.993797779083252 -0.04452469199895859 0.10189958661794662 -0.27441805601119995 0.07211527228355408 0.9555768370628357 -0.285783588886261 0.3977953791618347 -0.08464846014976501 0.29135963320732117 0.9528610706329346 -0.5975043177604675 0.0 0.0 0.0 1.0
0.9938443303108215 -0.04750591889023781 0.10008297860622406 -0.27227309346199036 0.0738970935344696 0.95732581615448 -0.27940377593040466 0.3963544964790344 -0.08253868669271469 0.2850797176361084 0.9549434185028076 -0.5944200158119202 0.0 0.0 0.0 1.0
0.9942101240158081 -0.051143597811460495 0.09450143575668335 -0.2701902985572815 0.07521692663431168 0.9593095779418945 -0.27215343713760376 0.39492666721343994 -0.07673722505569458 0.27768582105636597 0.9576022028923035 -0.5906314849853516 0.0 0.0 0.0 1.0
0.9944982528686523 -0.059119921177625656 0.08647599816322327 -0.26852893829345703 0.08000170439481735 0.9615659713745117 -0.2626607120037079 0.3937954604625702 -0.06762389838695526 0.26813384890556335 0.9610053300857544 -0.5866867899894714 0.0 0.0 0.0 1.0
0.995943009853363 -0.06166546791791916 0.06553563475608826 -0.26777738332748413 0.076238714158535 0.9651165008544922 -0.2504751980304718 0.39224034547805786 -0.0478038527071476 0.2544553875923157 0.9659022688865662 -0.5807414650917053 0.0 0.0 0.0 1.0
0.9971942901611328 -0.06121250241994858 0.0430881604552269 -0.2679676413536072 0.06978922337293625 0.9684154391288757 -0.2393762469291687 0.3911120295524597 -0.02707442082464695 0.24171172082424164 0.9699703454971313 -0.5765485763549805 0.0 0.0 0.0 1.0
0.9980477094650269 -0.059596218168735504 0.018682371824979782 -0.26876896619796753 0.06228790804743767 0.9717134237289429 -0.22780092060565948 0.3898245096206665 -0.00457783741876483 0.22851987183094025 0.9735285043716431 -0.5720374584197998 0.0 0.0 0.0 1.0
0.9987744092941284 -0.04854686185717583 -0.009635189548134804 -0.2701966166496277 0.04545709490776062 0.9767700433731079 -0.2094132900238037 0.38821274042129517 0.019577722996473312 0.20871864259243011 0.977779746055603 -0.5673199892044067 0.0 0.0 0.0 1.0
0.99884432554245 -0.03480462729930878 -0.03314536437392235 -0.2724442481994629 0.027377860620617867 0.9788375496864319 -0.2027992606163025 0.38660362362861633 0.039502277970314026 0.20165744423866272 0.9786592125892639 -0.5639246106147766 0.0 0.0 0.0 1.0
0.9980505108833313 -0.016939450055360794 -0.06006905436515808 -0.27497074007987976 0.004824743140488863 0.9805232286453247 -0.1963438093662262 0.3844824731349945 0.062225062400102615 0.1956712156534195 0.978693425655365 -0.5606295466423035 0.0 0.0 0.0 1.0
0.9951867461204529 0.014771395362913609 -0.09687724709510803 -0.2793271839618683 -0.031502895057201385 0.984324038028717 -0.17353324592113495 0.38184255361557007 0.09279527515172958 0.17574989795684814 0.9800515174865723 -0.5566770434379578 0.0 0.0 0.0 1.0
0.9920997619628906 0.03698365390300751 -0.11987587064504623 -0.28234270215034485 -0.056464433670043945 0.9849371314048767 -0.16343389451503754 0.3797423541545868 0.11202581226825714 0.16891144216060638 0.9792441725730896 -0.553524911403656 0.0 0.0 0.0 1.0
0.9877521991729736 0.06376645714044571 -0.1424059122800827 -0.28608569502830505 -0.08448462188243866 0.9858855605125427 -0.14454062283039093 0.3773575723171234 0.1311790943145752 0.15480142831802368 0.9791979193687439 -0.5512837171554565 0.0 0.0 0.0 1.0
0.9778562784194946 0.09974442422389984 -0.18397867679595947 -0.29161855578422546 -0.12470342963933945 0.9837085604667664 -0.1294855773448944 0.37375408411026 0.16806593537330627 0.1495610475540161 0.9743640422821045 -0.5477154850959778 0.0 0.0 0.0 1.0
0.9689851403236389 0.12548241019248962 -0.21288961172103882 -0.2961805760860443 -0.15268532931804657 0.9813831448554993 -0.11650867760181427 0.3712347447872162 0.19430649280548096 0.1454003006219864 0.970104992389679 -0.5457003116607666 0.0 0.0 0.0 1.0
0.9569910764694214 0.15754428505897522 -0.24361413717269897 -0.3009550869464874 -0.187321275472641 0.9767574667930603 -0.10419029742479324 0.3680119812488556 0.22153733670711517 0.14534328877925873 0.9642595648765564 -0.5436908602714539 0.0 0.0 0.0 1.0
0.9381014704704285 0.2058921903371811 -0.2785210907459259 -0.3079559803009033 -0.2372344583272934 0.9678508043289185 -0.0835738256573677 0.36430636048316956 0.25235965847969055 0.1444755345582962 0.9567870497703552 -0.5412017107009888 0.0 0.0 0.0 1.0
0.917288064956665 0.2552086412906647 -0.3056979179382324 -0.31391099095344543 -0.28685280680656433 0.9559205174446106 -0.06270071119070053 0.36174100637435913 0.2762211561203003 0.14520491659641266 0.9500617980957031 -0.5394648313522339 0.0 0.0 0.0 1.0
0.8911922574043274 0.3139146566390991 -0.32746604084968567 -0.3198104202747345 -0.345110148191452 0.9376958012580872 -0.04031882435083389 0.35924503207206726 0.29440686106681824 0.1489436775445938 0.9440023303031921 -0.5378379821777344 0.0 0.0 0.0 1.0
0.8556113839149475 0.3929257392883301 -0.3369547724723816 -0.32757556438446045 -0.41926026344299316 0.9078465104103088 -0.005958017893135548 0.3570539951324463 0.3035621643066406 0.14636950194835663 0.9415019750595093 -0.5358702540397644 0.0 0.0 0.0 1.0
0.8244972229003906 0.4405404329299927 -0.3551456332206726 -0.3337666690349579 -0.46566760540008545 0.8848063349723816 0.01647580973803997 0.35541948676109314 0.32149335741996765 0.15179555118083954 0.9346657991409302 -0.5349382162094116 0.0 0.0 0.0 1.0
0.7951110005378723 0.4735434055328369 -0.37888672947883606 -0.3391658365726471 -0.49886780977249146 0.8659548759460449 0.03539830446243286 0.3538503348827362 0.3448614478111267 0.1608688086271286 0.9247658252716064 -0.5347468852996826 0.0 0.0 0.0 1.0
0.7593193650245667 0.5010900497436523 -0.4151420295238495 -0.34596481919288635 -0.5243005752563477 0.8489887118339539 0.06578036397695541 0.35171326994895935 0.3854127824306488 0.16771091520786285 0.9073753356933594 -0.533348023891449 0.0 0.0 0.0 1.0
0.735848069190979 0.5103389024734497 -0.44506388902664185 -0.35017815232276917 -0.5305777788162231 0.8429179787635803 0.08931126445531845 0.3497754633426666 0.4207313656806946 0.17042148113250732 0.8910340070724487 -0.531880795955658 0.0 0.0 0.0 1.0
0.7155957818031311 0.5112438797950745 -0.4759752154350281 -0.3540648818016052 -0.5296252369880676 0.8413941860198975 0.10748469829559326 0.34773221611976624 0.4554336667060852 0.17517289519309998 0.8728657364845276 -0.5295876264572144 0.0 0.0 0.0 1.0
0.6830787658691406 0.5110963582992554 -0.5217125415802002 -0.3590759038925171 -0.5253009796142578 0.8401021957397461 0.13523004949092865 0.34537214040756226 0.5074074268341064 0.18168334662914276 0.8423353433609009 -0.5252436995506287 0.0 0.0 0.0 1.0
0.6592227220535278 0.514615535736084 -0.548266589641571 -0.3622634708881378 -0.5266032218933105 0.8364275097846985 0.15191476047039032 0.3439154028892517 0.5367629528045654 0.18857330083847046 0.8223901987075806 -0.52140873670578 0.0 0.0 0.0 1.0
0.6406842470169067 0.5232528448104858 -0.5618987083435059 -0.3654490113258362 -0.5343100428581238 0.8293986916542053 0.1631276160478592 0.34278860688209534 0.551395058631897 0.1957148313522339 0.810961902141571 -0.5162732601165771 0.0 0.0 0.0 1.0
0.6154780387878418 0.5457470417022705 -0.5686360597610474 -0.3691674470901489 -0.5534743666648865 0.8129295706748962 0.18113970756530762 0.3420535922050476 0.5611175298690796 0.20323799550533295 0.8023973107337952 -0.5080682039260864 0.0 0.0 0.0 1.0
0.5976009964942932 0.5603773593902588 -0.5734546780586243 -0.3717126250267029 -0.5650675892829895 0.8017621636390686 0.19461771845817566 0.34178727865219116 0.5688336491584778 0.20773692429065704 0.7957849502563477 -0.5014296174049377 0.0 0.0 0.0 1.0
0.5828061699867249 0.5646793246269226 -0.5843579769134521 -0.3742208778858185 -0.5680456161499023 0.7973282933235168 0.20394060015678406 0.34116435050964355 0.5810861587524414 0.2130841314792633 0.7854514718055725 -0.4942699372768402 0.0 0.0 0.0 1.0
0.5557809472084045 0.5757174491882324 -0.5997140407562256 -0.37713244557380676 -0.5665479302406311 0.7902334928512573 0.23356902599334717 0.3408937156200409 0.6083838939666748 0.20995353162288666 0.7653682231903076 -0.4840001165866852 0.0 0.0 0.0 1.0
0.5386004447937012 0.578909695148468 -0.6121871471405029 -0.3787139356136322 -0.5650203824043274 0.7871549129486084 0.24726331233978271 0.34028324484825134 0.6250292658805847 0.21272209286689758 0.7510577440261841 -0.47609150409698486 0.0 0.0 0.0 1.0
0.5262066721916199 0.5850070118904114 -0.6171493530273438 -0.37933608889579773 -0.5648590922355652 0.7829679250717163 0.2605675756931305 0.3392048478126526 0.6356419920921326 0.2114899903535843 0.7424494624137878 -0.4672659635543823 0.0 0.0 0.0 1.0
0.518963634967804 0.6052470803260803 -0.6036163568496704 -0.37935417890548706 -0.5743981599807739 0.7698812484741211 0.2781180739402771 0.3382999002933502 0.6330430507659912 0.20238295197486877 0.7471931576728821 -0.4550250172615051 0.0 0.0 0.0 1.0
0.5177599191665649 0.6128385066986084 -0.5969536304473877 -0.37868696451187134 -0.5818138122558594 0.7637925148010254 0.27948829531669617 0.33690914511680603 0.6272299289703369 0.20260801911354065 0.7520190477371216 -0.44519951939582825 0.0 0.0 0.0 1.0
0.5183225870132446 0.6147894263267517 -0.5944541096687317 -0.3772869110107422 -0.5817039012908936 0.7629935145378113 0.28188908100128174 0.334951251745224 0.6268670558929443 0.19968679547309875 0.75310218334198 -0.43481603264808655 0.0 0.0 0.0 1.0
0.5208120346069336 0.6195963025093079 -0.5872437953948975 -0.3742223381996155 -0.572723925113678 0.7637192010879517 0.29785940051078796 0.3315187990665436 0.6330419778823853 0.1811998337507248 0.7526117563247681 -0.42033928632736206 0.0 0.0 0.0 1.0
0.5229342579841614 0.6192254424095154 -0.5857470035552979 -0.37122929096221924 -0.5665209889411926 0.7659426927566528 0.3039502799510956 0.3274529278278351 0.6368623971939087 0.17289194464683533 0.7513418793678284 -0.409208208322525 0.0 0.0 0.0 1.0
0.5240718722343445 0.6129700541496277 -0.5912836790084839 -0.3675198554992676 -0.5577064156532288 0.7716977000236511 0.3056897819042206 0.32218775153160095 0.643670916557312 0.1695592701435089 0.7462823987007141 -0.39783555269241333 0.0 0.0 0.0 1.0
0.5294954776763916 0.6018697023391724 -0.5978188514709473 -0.36183255910873413 -0.5387828946113586 0.7829276323318481 0.3110261559486389 0.3140648901462555 0.6552461385726929 0.15740765631198883 0.7388337850570679 -0.3812655806541443 0.0 0.0 0.0 1.0
0.5340608358383179 0.5971079468727112 -0.5985324382781982 -0.3566814959049225 -0.5300748348236084 0.7880069613456726 0.3131543695926666 0.30695071816444397 0.6586347222328186 0.15002353489398956 0.7373555898666382 -0.36914926767349243 0.0 0.0 0.0 1.0
0.5386361479759216 0.5866818428039551 -0.60471111536026 -0.35126152634620667 -0.5219043493270874 0.7957766056060791 0.30717331171035767 0.299029678106308 0.6614279747009277 0.1501467227935791 0.734825849533081 -0.35695168375968933 0.0 0.0 0.0 1.0
0.5467612743377686 0.5759817361831665 -0.6076982021331787 -0.3436132073402405 -0.5046889781951904 0.8058382868766785 0.3096993565559387 0.2879244387149811 0.6680876612663269 0.13736696541309357 0.7312928438186646 -0.3401818573474884 0.0 0.0 0.0 1.0
0.5515074729919434 0.5670624375343323 -0.6117839813232422 -0.3375050723552704 -0.49303075671195984 0.8131816983222961 0.30928340554237366 0.27940815687179565 0.6728745102882385 0.13105621933937073 0.7280550003051758 -0.3275575041770935 0.0 0.0 0.0 1.0
0.5529062747955322 0.5599067807197571 -0.6170891523361206 -0.33172693848609924 -0.48722708225250244 0.8180293440818787 0.3056758940219879 0.27073636651039124 0.6759470701217651 0.13165241479873657 0.7250953316688538 -0.3150162398815155 0.0 0.0 0.0 1.0
0.5525175333023071 0.5577482581138611 -0.6193878054618835 -0.3241592347621918 -0.48559513688087463 0.8193758726119995 0.3046647012233734 0.2598224878311157 0.6774376034736633 0.13243912160396576 0.7235593795776367 -0.2978026866912842 0.0 0.0 0.0 1.0
0.5558852553367615 0.5590976476669312 -0.6151434183120728 -0.3185412287712097 -0.48390284180641174 0.8193507790565491 0.3074122667312622 0.25200045108795166 0.6758917570114136 0.12678372859954834 0.7260139584541321 -0.2841694951057434 0.0 0.0 0.0 1.0
0.5560355186462402 0.560353696346283 -0.6138633489608765 -0.3131421208381653 -0.4846590757369995 0.8185941576957703 0.30823564529418945 0.2441617101430893 0.6752259135246277 0.12612448632717133 0.7267479300498962 -0.2708393335342407 0.0 0.0 0.0 1.0
0.5481168627738953 0.5623756647109985 -0.6191135048866272 -0.3065786063671112 -0.4842047691345215 0.8169123530387878 0.3133687674999237 0.23422373831272125 0.6819924116134644 0.12801499664783478 0.7200683951377869 -0.2524260878562927 0.0 0.0 0.0 1.0
0.5494577884674072 0.5666573643684387 -0.613999605178833 -0.3019354045391083 -0.4829001724720001 0.8150762319564819 0.3200908899307251 0.2272406369447708 0.68183833360672 0.12062408775091171 0.7214889526367188 -0.23757392168045044 0.0 0.0 0.0 1.0
0.5507531762123108 0.5719147324562073 -0.6079345941543579 -0.29743704199790955 -0.48374730348587036 0.812268853187561 0.3258954584598541 0.22013194859027863 0.6801907420158386 0.11459876596927643 0.724021852016449 -0.2228742092847824 0.0 0.0 0.0 1.0
0.549169659614563 0.5803947448730469 -0.6012941002845764 -0.2917918562889099 -0.48452237248420715 0.8073549866676331 0.33677297830581665 0.2109651416540146 0.6809190511703491 0.1063949465751648 0.7245891094207764 -0.2022559940814972 0.0 0.0 0.0 1.0
0.544243335723877 0.5840551853179932 -0.6022281050682068 -0.28786972165107727 -0.48385223746299744 0.8049599528312683 0.34340426325798035 0.20415115356445312 0.6853365898132324 0.10449395328760147 0.7206904888153076 -0.1866612285375595 0.0 0.0 0.0 1.0
0.5383746027946472 0.5836204290390015 -0.6078979969024658 -0.28418073058128357 -0.4775989055633545 0.8056407570838928 0.3504885733127594 0.197320356965065 0.6942996978759766 0.10163728147745132 0.7124730348587036 -0.17083114385604858 0.0 0.0 0.0 1.0
0.5346236228942871 0.5846229195594788 -0.610240638256073 -0.2795746922492981 -0.46593546867370605 0.8063454031944275 0.36429548263549805 0.18837343156337738 0.7050402164459229 0.08957178145647049 0.7034878730773926 -0.14914435148239136 0.0 0.0 0.0 1.0
0.5296769738197327 0.5822715163230896 -0.6167675852775574 -0.2760818898677826 -0.45779457688331604 0.8083949685096741 0.37002936005592346 0.18116924166679382 0.7140493392944336 0.08635681122541428 0.6947489380836487 -0.1325579136610031 0.0 0.0 0.0 1.0
0.5244868993759155 0.5861382484436035 -0.6175398826599121 -0.2724626660346985 -0.4505893588066101 0.8064972758293152 0.38279420137405396 0.1742689460515976 0.722414493560791 0.07748636603355408 0.6871048808097839 -0.11607952415943146 0.0 0.0 0.0 1.0
0.5195935368537903 0.5928513407707214 -0.6152640581130981 -0.26772600412368774 -0.4457590878009796 0.8024264574050903 0.3967500925064087 0.16544748842716217 0.7289179563522339 0.06811076402664185 0.6812044382095337 -0.09370195120573044 0.0 0.0 0.0 1.0
0.5202550292015076 0.598694920539856 -0.6090148091316223 -0.26328766345977783 -0.444492369890213 0.7987462878227234 0.40550076961517334 0.15898391604423523 0.7292196154594421 0.059738606214523315 0.681667149066925 -0.07744331657886505 0.0 0.0 0.0 1.0
0.5201352834701538 0.5972464680671692 -0.6105374097824097 -0.2593982219696045 -0.43821534514427185 0.8001987338066101 0.40945005416870117 0.1523481160402298 0.7330938577651978 0.054577432572841644 0.6779341697692871 -0.06157074496150017 0.0 0.0 0.0 1.0
0.5260481834411621 0.5854372382164001 -0.6168764233589172 -0.25365588068962097 -0.4185250401496887 0.8096435070037842 0.41147804260253906 0.1439243108034134 0.7403445839881897 0.041720952838659286 0.6709316372871399 -0.041525665670633316 0.0 0.0 0.0 1.0
0.5339687466621399 0.5773321986198425 -0.6177093982696533 -0.24964621663093567 -0.40192151069641113 0.816078782081604 0.41530048847198486 0.1377430260181427 0.7438659071922302 0.026513217017054558 0.6678028106689453 -0.028306199237704277 0.0 0.0 0.0 1.0
0.5387235879898071 0.5671950578689575 -0.62295001745224 -0.2455502599477768 -0.3920556306838989 0.8232603669166565 0.41052988171577454 0.1314251869916916 0.7457005381584167 0.023068923503160477 0.6658817529678345 -0.017220720648765564 0.0 0.0 0.0 1.0
0.542384922504425 0.550774335861206 -0.6344022750854492 -0.2410714030265808 -0.380571573972702 0.834277868270874 0.39893069863319397 0.12318941950798035 0.7489885687828064 0.025061480700969696 0.6621087789535522 -0.004788016434758902 0.0 0.0 0.0 1.0
0.5424873232841492 0.5452016592025757 -0.6391108632087708 -0.23867058753967285 -0.37493276596069336 0.8379471898078918 0.39657270908355713 0.11771385371685028 0.7517532110214233 0.024487927556037903 0.658989667892456 0.002426156774163246 0.0 0.0 0.0 1.0
0.5415797233581543 0.5355998277664185 -0.6479384899139404 -0.2368052750825882 -0.37628069519996643 0.8436853885650635 0.38289397954940796 0.11250551789999008 0.75173419713974 0.03643914684653282 0.6584587693214417 0.00717419246211648 0.0 0.0 0.0 1.0
0.5327008962631226 0.5287383198738098 -0.6608067154884338 -0.23469923436641693 -0.3792847692966461 0.8471647500991821 0.37209534645080566 0.10625611245632172 0.7565532326698303 0.052418388426303864 0.6518278121948242 0.010386581532657146 0.0 0.0 0.0 1.0
0.5305338501930237 0.5222694873809814 -0.6676589250564575 -0.23363271355628967 -0.37990155816078186 0.8506108522415161 0.36350512504577637 0.10187452286481857 0.757765531539917 0.060792870819568634 0.6496888399124146 0.011342729441821575 0.0 0.0 0.0 1.0
0.5280923247337341 0.5185734033584595 -0.672458291053772 -0.23317798972129822 -0.3803774118423462 0.8524523973464966 0.3586612641811371 0.09807523339986801 0.75923091173172 0.06638169288635254 0.6474271416664124 0.010629553347826004 0.0 0.0 0.0 1.0
0.5113182067871094 0.519036591053009 -0.6849486827850342 -0.23397643864154816 -0.38974764943122864 0.8503914475440979 0.35345593094825745 0.09383281320333481 0.7659310698509216 0.08622869104146957 0.6371139287948608 0.006093658972531557 0.0 0.0 0.0 1.0
0.5006186962127686 0.514663577079773 -0.6960619688034058 -0.23562410473823547 -0.39331331849098206 0.8515181541442871 0.34672972559928894 0.09117254614830017 0.7711585760116577 0.10019104927778244 0.6287099123001099 0.001126950024627149 0.0 0.0 0.0 1.0
0.4965198338031769 0.5161221623420715 -0.6979154348373413 -0.23738805949687958 -0.39716482162475586 0.8500087857246399 0.34604212641716003 0.08868905901908875 0.7718342542648315 0.10537070035934448 0.6270318031311035 -0.00551464082673192 0.0 0.0 0.0 1.0
0.475242018699646 0.5208649039268494 -0.7091154456138611 -0.24106276035308838 -0.40766623616218567 0.8445696830749512 0.34714600443840027 0.08584953099489212 0.7797135710716248 0.12410406023263931 0.6137140393257141 -0.017983948811888695 0.0 0.0 0.0 1.0
0.4589584171772003 0.531315267086029 -0.7120823264122009 -0.24450775980949402 -0.4130184054374695 0.8372056484222412 0.35847243666648865 0.08390627801418304 0.7866212129592896 0.12957917153835297 0.6036855578422546 -0.028589408844709396 0.0 0.0 0.0 1.0
0.45691341161727905 0.530343234539032 -0.7141191363334656 -0.247849240899086 -0.41592469811439514 0.8370321989059448 0.3555048704147339 0.08087889850139618 0.7862803339958191 0.13458484411239624 0.6030340790748596 -0.040827032178640366 0.0 0.0 0.0 1.0
0.449521005153656 0.529824435710907 -0.7191779613494873 -0.2520669996738434 -0.4202108383178711 0.8358864784240723 0.3531525135040283 0.07624539732933044 0.7882599234580994 0.14345690608024597 0.5983864665031433 -0.05897672474384308 0.0 0.0 0.0 1.0
0.4463281035423279 0.5316770076751709 -0.7197991013526917 -0.2548789381980896 -0.42037490010261536 0.8346575498580933 0.3558535575866699 0.07256530225276947 0.789984941482544 0.14375801384449005 0.5960347652435303 -0.0735410526394844 0.0 0.0 0.0 1.0
0.44628962874412537 0.5245183110237122 -0.7250559329986572 -0.2573968768119812 -0.4152030646800995 0.8390995264053345 0.3514518737792969 0.06811971962451935 0.7927370071411133 0.14419612288475037 0.5922630429267883 -0.08880364894866943 0.0 0.0 0.0 1.0
0.4437251091003418 0.5199988484382629 -0.7298693060874939 -0.2605067193508148 -0.40458622574806213 0.8429535031318665 0.35459744930267334 0.062030475586652756 0.79963618516922 0.13795125484466553 0.5844240188598633 -0.11067669093608856 0.0 0.0 0.0 1.0
0.44350117444992065 0.5228672623634338 -0.7279536724090576 -0.26276740431785583 -0.39389005303382874 0.8432676792144775 0.365718811750412 0.057478148490190506 0.8050822019577026 0.12453699111938477 0.5799424052238464 -0.12760435044765472 0.0 0.0 0.0 1.0
0.4497240483760834 0.5154985785484314 -0.7293898463249207 -0.2654050588607788 -0.38161951303482056 0.849240779876709 0.36490628123283386 0.05180799216032028 0.807536244392395 0.11424226313829422 0.5786483287811279 -0.1451551914215088 0.0 0.0 0.0 1.0
0.4637039005756378 0.5140030384063721 -0.7216506004333496 -0.2678470015525818 -0.3664630651473999 0.8528433442115784 0.37197187542915344 0.044435787945985794 0.8066495656967163 0.09197347611188889 0.5838298797607422 -0.17041024565696716 0.0 0.0 0.0 1.0
0.4747316837310791 0.5133694410324097 -0.7148997187614441 -0.26925021409988403 -0.3614351153373718 0.8543282151222229 0.37348079681396484 0.03905633091926575 0.8024926781654358 0.08108671009540558 0.5911264419555664 -0.19088199734687805 0.0 0.0 0.0 1.0
0.4891166388988495 0.5100115537643433 -0.7075684666633606 -0.27096158266067505 -0.36056336760520935 0.8568975925445557 0.3684026896953583 0.03360399976372719 0.7942033410072327 0.07493137568235397 0.603014349937439 -0.21191918849945068 0.0 0.0 0.0 1.0
0.5152574181556702 0.5051602125167847 -0.6923315525054932 -0.2730434834957123 -0.3641844391822815 0.8603148460388184 0.3566904664039612 0.02692282386124134 0.7758089303970337 0.0683489739894867 0.6272550821304321 -0.2411026954650879 0.0 0.0 0.0 1.0
0.5382021069526672 0.4986025393009186 -0.6795101165771484 -0.27470535039901733 -0.37130314111709595 0.8640516400337219 0.3399246037006378 0.023133082315325737 0.7566190958023071 0.06935608386993408 0.6501671075820923 -0.26388439536094666 0.0 0.0 0.0 1.0
0.5652930736541748 0.4985383152961731 -0.6571934819221497 -0.2763429582118988 -0.37673303484916687 0.8647938370704651 0.33196961879730225 0.020662358030676842 0.7338364720344543 0.05992638319730759 0.6766778230667114 -0.28718534111976624 0.0 0.0 0.0 1.0
0.5971415042877197 0.48396623134613037 -0.6396864056587219 -0.28004327416419983 -0.3800233006477356 0.8729905486106873 0.30572834610939026 0.01913822814822197 0.7064023613929749 0.060532648116350174 0.7052173614501953 -0.3187512159347534 0.0 0.0 0.0 1.0
0.6121929287910461 0.47108522057533264 -0.6350579261779785 -0.28381720185279846 -0.37981802225112915 0.8796226978302002 0.2863602638244629 0.019496280699968338 0.693511426448822 0.06589871644973755 0.7174254059791565 -0.3430740237236023 0.0 0.0 0.0 1.0
0.6296454071998596 0.4624377191066742 -0.6242579817771912 -0.28840991854667664 -0.3780147135257721 0.8843712210655212 0.2738473415374756 0.021464476361870766 0.6787131428718567 0.06355198472738266 0.7316485643386841 -0.36715811491012573 0.0 0.0 0.0 1.0
0.6537578701972961 0.44827210903167725 -0.6096333265304565 -0.2965475022792816 -0.38308751583099365 0.8908393383026123 0.2442319691181183 0.025719603523612022 0.6525677442550659 0.0738743469119072 0.7541206479072571 -0.39913737773895264 0.0 0.0 0.0 1.0
0.6721590161323547 0.4450445771217346 -0.5917242169380188 -0.3038158416748047 -0.3882245123386383 0.8923607468605042 0.23016080260276794 0.03045467659831047 0.6304633021354675 0.07501717656850815 0.7725855708122253 -0.42282727360725403 0.0 0.0 0.0 1.0
0.6892064213752747 0.44029632210731506 -0.5754421949386597 -0.31227025389671326 -0.39559078216552734 0.8940336108207703 0.2102661430835724 0.03609452769160271 0.6070440411567688 0.08272285014390945 0.7903508543968201 -0.4455451965332031 0.0 0.0 0.0 1.0
0.7075353860855103 0.44225701689720154 -0.551182746887207 -0.32520389556884766 -0.41185083985328674 0.8918705582618713 0.18693794310092926 0.04506673663854599 0.5742582678794861 0.09473985433578491 0.8131738901138306 -0.4756069779396057 0.0 0.0 0.0 1.0
0.7191617488861084 0.4431478679180145 -0.5351881980895996 -0.33597907423973083 -0.4194888770580292 0.8909251093864441 0.1740158498287201 0.05276395007967949 0.5539273619651794 0.09935995191335678 0.8266148567199707 -0.49728989601135254 0.0 0.0 0.0 1.0
0.7288933992385864 0.45100608468055725 -0.5150805115699768 -0.3479207158088684 -0.4266493618488312 0.8876279592514038 0.17345581948757172 0.06165475770831108 0.5354294776916504 0.09332796186208725 0.8394076228141785 -0.517535924911499 0.0 0.0 0.0 1.0
0.7403688430786133 0.4707547724246979 -0.4798373579978943 -0.36498430371284485 -0.4367806911468506 0.8795057535171509 0.1889238804578781 0.07520230114459991 0.5109565258026123 0.06971032917499542 0.8567752838134766 -0.5425232648849487 0.0 0.0 0.0 1.0
0.7466250061988831 0.47375527024269104 -0.46701928973197937 -0.378758043050766 -0.4382064640522003 0.878444492816925 0.1905527263879776 0.08522307127714157 0.5005258917808533 0.06237943097949028 0.863471269607544 -0.5602539777755737 0.0 0.0 0.0 1.0
0.7495095133781433 0.48056676983833313 -0.45529234409332275 -0.3923259973526001 -0.4378522038459778 0.8757079839706421 0.2035214602947235 0.09572754800319672 0.49650877714157104 0.04680947959423065 0.8667686581611633 -0.5769389271736145 0.0 0.0 0.0 1.0
0.7459113597869873 0.491373747587204 -0.449631005525589 -0.41160860657691956 -0.44293177127838135 0.8701211214065552 0.2161034643650055 0.11024913191795349 0.497420996427536 0.037961818277835846 0.8666782975196838 -0.5973407030105591 0.0 0.0 0.0 1.0
0.7398971915245056 0.5002214312553406 -0.44981178641319275 -0.42622774839401245 -0.44888046383857727 0.8651329278945923 0.22372165322303772 0.12160546332597733 0.5010573267936707 0.03638070076704025 0.8646490573883057 -0.6115640997886658 0.0 0.0 0.0 1.0
0.7356373071670532 0.5025109648704529 -0.454225093126297 -0.44041699171066284 -0.45079147815704346 0.8636941313743591 0.22543171048164368 0.13230836391448975 0.505593478679657 0.03892482444643974 0.8618932962417603 -0.6243458390235901 0.0 0.0 0.0 1.0
0.7314886450767517 0.5104252696037292 -0.4520955979824066 -0.458579421043396 -0.4487861394882202 0.8595828413963318 0.2443528175354004 0.14819203317165375 0.5133374929428101 0.02415291592478752 0.8578468561172485 -0.6388663649559021 0.0 0.0 0.0 1.0
0.7279624938964844 0.517586350440979 -0.4496387541294098 -0.47132474184036255 -0.446335107088089 0.8555750846862793 0.26225224137306213 0.16026099026203156 0.5204378962516785 0.00977975782006979 0.8538435101509094 -0.6477830410003662 0.0 0.0 0.0 1.0
0.7223343253135681 0.519123911857605 -0.456884503364563 -0.4842771589756012 -0.4448181986808777 0.8546429872512817 0.26780980825424194 0.17191524803638458 0.5294995903968811 0.009782330133020878 0.8482537865638733 -0.6557021737098694 0.0 0.0 0.0 1.0
0.7164933681488037 0.5217981934547424 -0.4629944860935211 -0.5012097358703613 -0.4393019378185272 0.8530673980712891 0.2815845012664795 0.18678584694862366 0.5418957471847534 0.0016409439267590642 0.8404440879821777 -0.6647847294807434 0.0 0.0 0.0 1.0
0.7137649655342102 0.5233297944068909 -0.46547338366508484 -0.5139960050582886 -0.4383685886859894 0.8521302342414856 0.2858445346355438 0.19713756442070007 0.5462349057197571 2.3100503312889487e-05 0.8376320600509644 -0.6708049774169922 0.0 0.0 0.0 1.0
0.7105045914649963 0.5236621499061584 -0.47006508708000183 -0.5272497534751892 -0.44375261664390564 0.8518563508987427 0.2782523036003113 0.20668642222881317 0.5461381673812866 0.010893073864281178 0.8376243114471436 -0.6761132478713989 0.0 0.0 0.0 1.0
0.710095226764679 0.5215777158737183 -0.47299206256866455 -0.5455839037895203 -0.4468151032924652 0.8529749512672424 0.269796222448349 0.2187090963125229 0.544170081615448 0.01975899748504162 0.838742196559906 -0.6815181970596313 0.0 0.0 0.0 1.0
0.7096639275550842 0.5262773036956787 -0.46841147541999817 -0.5599696040153503 -0.44791072607040405 0.8502060174942017 0.2766329050064087 0.22785857319831848 0.5438318848609924 0.013490133918821812 0.8390857577323914 -0.6848317384719849 0.0 0.0 0.0 1.0
0.7066909074783325 0.5345177054405212 -0.46355026960372925 -0.5750067830085754 -0.45072609186172485 0.8451371192932129 0.287383496761322 0.23664236068725586 0.5453750491142273 0.0058429064229130745 0.8381717801094055 -0.6871594190597534 0.0 0.0 0.0 1.0
0.7046384811401367 0.5447525978088379 -0.4546748101711273 -0.5964260697364807 -0.46104323863983154 0.8385810852050781 0.2902083098888397 0.2470996230840683 0.5393734574317932 0.005132817663252354 0.8420510292053223 -0.6896554827690125 0.0 0.0 0.0 1.0
0.7038349509239197 0.560049295425415 -0.43699097633361816 -0.6121770143508911 -0.4751230776309967 0.8284586071968079 0.2965036630630493 0.2540881931781769 0.5280855894088745 -0.0010651591001078486 0.8491904735565186 -0.6912035942077637 0.0 0.0 0.0 1.0
0.7019189596176147 0.5701993703842163 -0.4268283247947693 -0.6283366084098816 -0.4828844964504242 0.8214783072471619 0.3033083975315094 0.2603020966053009 0.5235764384269714 -0.006789159961044788 0.8519516587257385 -0.6924468874931335 0.0 0.0 0.0 1.0
0.7065308094024658 0.5675584673881531 -0.422719269990921 -0.6493733525276184 -0.47775793075561523 0.8232007622718811 0.3067374527454376 0.2667945921421051 0.522074282169342 -0.014761966653168201 0.8527722954750061 -0.693614661693573 0.0 0.0 0.0 1.0
0.7143285870552063 0.5640633702278137 -0.41420674324035645 -0.6648450493812561 -0.4755689203739166 0.8254852890968323 0.30398717522621155 0.2703664302825928 0.5133895874023438 -0.020162876695394516 0.8579187393188477 -0.6944501996040344 0.0 0.0 0.0 1.0
0.72225022315979 0.5570810437202454 -0.4098966717720032 -0.679973840713501 -0.4744201600551605 0.8302885293960571 0.29248329997062683 0.27302244305610657 0.5032694339752197 -0.01678290404379368 0.8639665842056274 -0.6950539350509644 0.0 0.0 0.0 1.0
0.738139808177948 0.5423470735549927 -0.4012596309185028 -0.6992707848548889 -0.46290361881256104 0.8398236632347107 0.2835778594017029 0.27641990780830383 0.49078497290611267 -0.023575561121106148 0.8709617257118225 -0.6949317455291748 0.0 0.0 0.0 1.0
0.7569702863693237 0.5242525339126587 -0.3900707960128784 -0.713028609752655 -0.4470314681529999 0.8508603572845459 0.2760425806045532 0.27873721718788147 0.47661179304122925 -0.03458210453391075 0.8784334063529968 -0.694329023361206 0.0 0.0 0.0 1.0
0.8003523945808411 0.48055869340896606 -0.35846808552742004 -0.7433270812034607 -0.40857070684432983 0.8747666478157043 0.2604866623878479 0.28377458453178406 0.4387550354003906 -0.062021560966968536 0.8964638113975525 -0.6917294859886169 0.0 0.0 0.0 1.0
0.8149686455726624 0.45918411016464233 -0.3535194993019104 -0.7559000253677368 -0.39366385340690613 0.8863471746444702 0.243756964802742 0.2855582535266876 0.42527031898498535 -0.05948643013834953 0.9031093716621399 -0.6905010938644409 0.0 0.0 0.0 1.0
0.8283315300941467 0.43846774101257324 -0.3487304747104645 -0.7687757015228271 -0.37823107838630676 0.896873414516449 0.2292582392692566 0.28785988688468933 0.4132894277572632 -0.05800112336874008 0.9087506532669067 -0.6892805695533752 0.0 0.0 0.0 1.0
0.8435978293418884 0.41648244857788086 -0.3389470875263214 -0.786318302154541 -0.3581331968307495 0.9067055583000183 0.22276803851127625 0.29134970903396606 0.40010419487953186 -0.06653843075037003 0.9140509963035583 -0.6870315074920654 0.0 0.0 0.0 1.0
0.8556365966796875 0.3989584445953369 -0.32972440123558044 -0.7998420596122742 -0.34423476457595825 0.9143825173377991 0.21308940649032593 0.2935466170310974 0.386508047580719 -0.06882448494434357 0.9197144508361816 -0.68556809425354 0.0 0.0 0.0 1.0
0.8685757517814636 0.378729909658432 -0.31959325075149536 -0.8130380511283875 -0.3275788426399231 0.9227192401885986 0.2031780183315277 0.29496482014656067 0.37184444069862366 -0.07178350538015366 0.9255154728889465 -0.6844305396080017 0.0 0.0 0.0 1.0
0.8821656107902527 0.34882503747940063 -0.3163936734199524 -0.830822765827179 -0.30464473366737366 0.9350214004516602 0.1814568042755127 0.29614347219467163 0.3591315448284149 -0.0636872798204422 0.9311113953590393 -0.682671308517456 0.0 0.0 0.0 1.0
0.8889411687850952 0.33198097348213196 -0.31555065512657166 -0.8440135717391968 -0.29217734932899475 0.9415798187255859 0.16751062870025635 0.2964078187942505 0.35272645950317383 -0.05671034753322601 0.93400639295578 -0.6814409494400024 0.0 0.0 0.0 1.0
0.9015973210334778 0.2861904501914978 -0.3243721127510071 -0.8736639022827148 -0.26566797494888306 0.9581183195114136 0.10691042989492416 0.2955743074417114 0.34138357639312744 -0.010214879177510738 0.9398685693740845 -0.6784910559654236 0.0 0.0 0.0 1.0
0.9038074612617493 0.27137303352355957 -0.33089083433151245 -0.8862252831459045 -0.25778743624687195 0.9624384641647339 0.08519315719604492 0.2955173850059509 0.34158119559288025 0.008301285095512867 0.9398156404495239 -0.6768726110458374 0.0 0.0 0.0 1.0
0.8999567627906799 0.26302239298820496 -0.3477025330066681 -0.9031027555465698 -0.2602825164794922 0.9639366865158081 0.05548979714512825 0.2964196801185608 0.3497582674026489 0.0405624657869339 0.9359614253044128 -0.674829363822937 0.0 0.0 0.0 1.0
0.894239068031311 0.24981871247291565 -0.3713853657245636 -0.9260727763175964 -0.2608736455440521 0.9651428461074829 0.021076060831546783 0.3000848889350891 0.3637051284313202 0.07803761959075928 0.9282395839691162 -0.6708475351333618 0.0 0.0 0.0 1.0
0.8924393653869629 0.24749036133289337 -0.37722742557525635 -0.9366024136543274 -0.26798611879348755 0.9634208679199219 -0.0019192117033526301 0.3029535412788391 0.3629538118839264 0.10280449688434601 0.9261186718940735 -0.66917484998703 0.0 0.0 0.0 1.0
0.891087532043457 0.24037256836891174 -0.3849468529224396 -0.949914813041687 -0.275078684091568 0.9607148170471191 -0.03686148300766945 0.3076675832271576 0.3609636425971985 0.1387374848127365 0.9222023487091064 -0.6651976108551025 0.0 0.0 0.0 1.0
0.8914440870285034 0.24004492163658142 -0.3843252658843994 -0.9598180651664734 -0.2749534547328949 0.960718035697937 -0.03770280256867409 0.3131413459777832 0.3601778447628021 0.1392814964056015 0.9224275350570679 -0.6610186696052551 0.0 0.0 0.0 1.0
0.8880555629730225 0.24504072964191437 -0.3889888525009155 -0.9696187973022461 -0.2808411419391632 0.9590402245521545 -0.03701555356383324 0.31964680552482605 0.3639856278896332 0.14211593568325043 0.9204985499382019 -0.656409502029419 0.0 0.0 0.0 1.0
0.8847299814224243 0.25213849544525146 -0.39201924204826355 -0.9823685884475708 -0.28505489230155945 0.9581286311149597 -0.027078989893198013 0.3301384449005127 0.36877718567848206 0.13570459187030792 0.9195584058761597 -0.6495927572250366 0.0 0.0 0.0 1.0
0.8854883313179016 0.2573297321796417 -0.38690027594566345 -0.9910745024681091 -0.2852236330509186 0.9583374857902527 -0.01538759469985962 0.3390763998031616 0.3668213486671448 0.1239786371588707 0.9219931364059448 -0.6438953876495361 0.0 0.0 0.0 1.0
0.8888179659843445 0.26553279161453247 -0.37349027395248413 -0.9988523721694946 -0.2858791649341583 0.9582651853561401 0.0009540219325572252 0.3487960994243622 0.3581560552120209 0.10592513531446457 0.9276335835456848 -0.6376903653144836 0.0 0.0 0.0 1.0
0.892699658870697 0.27713626623153687 -0.35536298155784607 -1.0083353519439697 -0.2902286946773529 0.9568044543266296 0.017104053869843483 0.3629029393196106 0.3447530269622803 0.08786775171756744 0.9345718622207642 -0.6303964853286743 0.0 0.0 0.0 1.0
0.8951354622840881 0.28685462474823 -0.3412432074546814 -1.0141620635986328 -0.2914956212043762 0.9557846188545227 0.03880853205919266 0.3745991289615631 0.33728742599487305 0.06473201513290405 0.9391735792160034 -0.6250497102737427 0.0 0.0 0.0 1.0
0.8999013304710388 0.2912042737007141 -0.32461920380592346 -1.018870234489441 -0.2882700264453888 0.9557753801345825 0.05825677886605263 0.386557400226593 0.3272276520729065 0.04115263372659683 0.9440490007400513 -0.6200634837150574 0.0 0.0 0.0 1.0
0.9028595089912415 0.29851168394088745 -0.30941155552864075 -1.0239384174346924 -0.28627461194992065 0.9543367028236389 0.0853714570403099 0.4029620289802551 0.32076719403266907 0.011498249135911465 0.9470883011817932 -0.6135440468788147 0.0 0.0 0.0 1.0
0.9086493849754333 0.30268654227256775 -0.2876407206058502 -1.0256272554397583 -0.28221672773361206 0.9528828859329224 0.111210897564888 0.41563349962234497 0.30774998664855957 -0.019874684512615204 0.9512596726417542 -0.6091279983520508 0.0 0.0 0.0 1.0
0.9171856641769409 0.3037712275981903 -0.25786343216896057 -1.026068925857544 -0.2773796617984772 0.9513527154922485 0.13412119448184967 0.42806047201156616 0.28606122732162476 -0.05148797109723091 0.9568270444869995 -0.6052363514900208 0.0 0.0 0.0 1.0
0.923997163772583 0.30431443452835083 -0.23156410455703735 -1.0250595808029175 -0.2749771475791931 0.9495713114738464 0.1506715565919876 0.4432818591594696 0.2657381594181061 -0.07554525136947632 0.9610807299613953 -0.6003026962280273 0.0 0.0 0.0 1.0
0.9311760067939758 0.29870331287384033 -0.20901568233966827 -1.0230162143707275 -0.267945259809494 0.9495067000389099 0.163224995136261 0.45406585931777954 0.24721764028072357 -0.09598643332719803 0.9641939997673035 -0.5968285799026489 0.0 0.0 0.0 1.0
0.9364703297615051 0.2934187650680542 -0.1921686828136444 -1.020354151725769 -0.2613999843597412 0.9491588473320007 0.1754067987203598 0.4647894501686096 0.23386624455451965 -0.1140303686261177 0.9655587077140808 -0.5931710004806519 0.0 0.0 0.0 1.0
0.9458955526351929 0.27923834323883057 -0.1652500480413437 -1.0153543949127197 -0.24704359471797943 0.9499625563621521 0.19115595519542694 0.4787176847457886 0.21035942435264587 -0.13998959958553314 0.9675493836402893 -0.587946355342865 0.0 0.0 0.0 1.0
0.9528188705444336 0.26623088121414185 -0.14579884707927704 -1.0108715295791626 -0.2367563545703888 0.9524276256561279 0.19190628826618195 0.48850396275520325 0.1899542212486267 -0.1483331322669983 0.9705228805541992 -0.5838692784309387 0.0 0.0 0.0 1.0
0.9589745402336121 0.2513892948627472 -0.13103902339935303 -1.0056869983673096 -0.22476670145988464 0.955915093421936 0.18896104395389557 0.49897271394729614 0.17276497185230255 -0.15175563097000122 0.9732021689414978 -0.5796434879302979 0.0 0.0 0.0 1.0
0.9679175019264221 0.22773438692092896 -0.10617349296808243 -0.9983935356140137 -0.20296843349933624 0.9577199220657349 0.20390276610851288 0.5133573412895203 0.14812014997005463 -0.17581118643283844 0.9732167720794678 -0.5741537809371948 0.0 0.0 0.0 1.0
0.9727354049682617 0.21141870319843292 -0.09533071517944336 -0.9930131435394287 -0.18924003839492798 0.9611973762512207 0.20071826875209808 0.5235952138900757 0.13406723737716675 -0.1772053837776184 0.9749996066093445 -0.5697928071022034 0.0 0.0 0.0 1.0
0.9768295288085938 0.1938582956790924 -0.09068074077367783 -0.9879845380783081 -0.1727830320596695 0.9643628597259521 0.2003752887248993 0.5338970422744751 0.12629355490207672 -0.18006440997123718 0.9755135774612427 -0.5654783248901367 0.0 0.0 0.0 1.0
0.9813507199287415 0.17273227870464325 -0.08434661477804184 -0.9818207025527954 -0.15287236869335175 0.9673141837120056 0.20231974124908447 0.5476760864257812 0.11653682589530945 -0.18565236032009125 0.9756804704666138 -0.5589411854743958 0.0 0.0 0.0 1.0
0.983710527420044 0.1587202399969101 -0.08438871800899506 -0.9777473211288452 -0.13991785049438477 0.9707948565483093 0.19488535821437836 0.5579652786254883 0.11285638809204102 -0.1799032837152481 0.9771889448165894 -0.5542989373207092 0.0 0.0 0.0 1.0
0.9856535792350769 0.14917494356632233 -0.07895451784133911 -0.9742576479911804 -0.13064828515052795 0.9704973101615906 0.20264741778373718 0.5687687993049622 0.10685506463050842 -0.18942488729953766 0.97606360912323 -0.5492634177207947 0.0 0.0 0.0 1.0
0.9878529906272888 0.1376899927854538 -0.07202737778425217 -0.9697983264923096 -0.12079309672117233 0.9720180034637451 0.20146965980529785 0.582470178604126 0.09775225818157196 -0.19032199680805206 0.9768428802490234 -0.5432729125022888 0.0 0.0 0.0 1.0
0.9891294836997986 0.12929101288318634 -0.0700480118393898 -0.9672028422355652 -0.11322406679391861 0.9735980033874512 0.1982100009918213 0.5927808880805969 0.09382537752389908 -0.18812423944473267 0.9776533246040344 -0.538818359375 0.0 0.0 0.0 1.0
0.9901201725006104 0.12565046548843384 -0.06224159151315689 -0.9644265174865723 -0.11017678678035736 0.9716978073120117 0.20896027982234955 0.6029977798461914 0.08673597872257233 -0.20003820955753326 0.9759413599967957 -0.5347863435745239 0.0 0.0 0.0 1.0
0.99171382188797 0.11555135250091553 -0.056139446794986725 -0.9613602757453918 -0.10029219835996628 0.9694684743881226 0.22376848757266998 0.6163509488105774 0.08028217405080795 -0.21628394722938538 0.9730241894721985 -0.5286283493041992 0.0 0.0 0.0 1.0
0.992599606513977 0.1113053560256958 -0.0485505610704422 -0.9590514302253723 -0.09670443087816238 0.9663545489311218 0.23834240436553955 0.6257649660110474 0.07344584167003632 -0.23188352584838867 0.9699668884277344 -0.5238843560218811 0.0 0.0 0.0 1.0
0.9931482672691345 0.1092291921377182 -0.04153956472873688 -0.9571436047554016 -0.09576301276683807 0.9644210338592529 0.24641725420951843 0.6344868540763855 0.0669775903224945 -0.24075090885162354 0.9682732224464417 -0.5187795758247375 0.0 0.0 0.0 1.0
0.994094967842102 0.1045856922864914 -0.028932303190231323 -0.9542902708053589 -0.09353973716497421 0.9610478281974792 0.2600718140602112 0.644787609577179 0.05500511825084686 -0.25582975149154663 0.9651557207107544 -0.5122005343437195 0.0 0.0 0.0 1.0
0.9943224787712097 0.10495338588953018 -0.017536994069814682 -0.9527627825737 -0.09589791297912598 0.9552741646766663 0.27974072098731995 0.6521307229995728 0.04611237347126007 -0.27647072076797485 0.9599153995513916 -0.5069760680198669 0.0 0.0 0.0 1.0
0.9941160082817078 0.10761979222297668 -0.01230449229478836 -0.9515970349311829 -0.09944119304418564 0.9517576694488525 0.2902909219264984 0.6582189202308655 0.04295194149017334 -0.2873592674732208 0.9568593502044678 -0.5018171072006226 0.0 0.0 0.0 1.0
0.9941532015800476 0.10770861804485321 -0.007630841340869665 -0.9504216313362122 -0.10066507011651993 0.9500667452812195 0.2953636348247528 0.6647195816040039 0.039063017815351486 -0.2928685247898102 0.9553544521331787 -0.4953017234802246 0.0 0.0 0.0 1.0
0.9941501617431641 0.10753125697374344 -0.01012120395898819 -0.9498158693313599 -0.09947597235441208 0.9481027722358704 0.3020026981830597 0.6691516637802124 0.042070671916007996 -0.2992292046546936 0.9532533288002014 -0.4911981523036957 0.0 0.0 0.0 1.0
0.9937917590141296 0.11044616997241974 -0.013399697840213776 -0.9495457410812378 -0.10122516751289368 0.9475870728492737 0.3030382990837097 0.672535240650177 0.0461667999625206 -0.2998005747795105 0.9528841972351074 -0.4872893989086151 0.0 0.0 0.0 1.0
0.993434488773346 0.11352818459272385 -0.014117556624114513 -0.9494532346725464 -0.10442192852497101 0.9502448439598083 0.2934805154800415 0.6756693124771118 0.046733446419239044 -0.2900794744491577 0.9558607935905457 -0.48280951380729675 0.0 0.0 0.0 1.0
0.99285888671875 0.1181633248925209 -0.016392653807997704 -0.9495828747749329 -0.1084657832980156 0.951373279094696 0.28831252455711365 0.6776874661445618 0.04966349899768829 -0.2844755947589874 0.9573960304260254 -0.4796918034553528 0.0 0.0 0.0 1.0
0.9921578764915466 0.12351804226636887 -0.01913296803832054 -0.9501090049743652 -0.11261378973722458 0.9497886300086975 0.2919241786003113 0.6797415018081665 0.05423017963767052 -0.2874802350997925 0.9562500715255737 -0.4767517149448395 0.0 0.0 0.0 1.0
0.9916868805885315 0.12610240280628204 -0.02559943124651909 -0.9505285024642944 -0.11370230466127396 0.9519191384315491 0.28446754813194275 0.6812063455581665 0.06024063006043434 -0.2791920006275177 0.9583438038825989 -0.47349312901496887 0.0 0.0 0.0 1.0
0.9913433194160461 0.12929034233093262 -0.022855820134282112 -0.950383722782135 -0.1175447553396225 0.9515268802642822 0.28421786427497864 0.6821702122688293 0.058494552969932556 -0.2790709137916565 0.9584872722625732 -0.47153863310813904 0.0 0.0 0.0 1.0
0.9909636974334717 0.1329364776611328 -0.01785544492304325 -0.9497413635253906 -0.12280977517366409 0.9527780413627625 0.27772605419158936 0.6822201609611511 0.05393219739198685 -0.2730236053466797 0.960494339466095 -0.470091313123703 0.0 0.0 0.0 1.0
0.990719735622406 0.13526281714439392 -0.013356783427298069 -0.9490564465522766 -0.12675903737545013 0.9549363851547241 0.2683815658092499 0.6816661953926086 0.04905692860484123 -0.26419782638549805 0.9632200598716736 -0.4693674147129059 0.0 0.0 0.0 1.0
0.990632951259613 0.13595761358737946 -0.012722967192530632 -0.9485914707183838 -0.12800510227680206 0.9570364356040955 0.2601844072341919 0.680930495262146 0.047550395131111145 -0.25611865520477295 0.9654751420021057 -0.4695967435836792 0.0 0.0 0.0 1.0
0.9908959865570068 0.13360720872879028 -0.016560209915041924 -0.9483279585838318 -0.12496872991323471 0.9585610628128052 0.2560146450996399 0.6798349022865295 0.05007937550544739 -0.25161439180374146 0.9665310382843018 -0.4705187976360321 0.0 0.0 0.0 1.0
0.9909090399742126 0.1321304738521576 -0.025313489139080048 -0.9478814601898193 -0.12142948061227798 0.9594162106513977 0.25451016426086426 0.6781371235847473 0.057914718985557556 -0.24912263453006744 0.966738760471344 -0.4723649322986603 0.0 0.0 0.0 1.0
0.9907947778701782 0.1325262039899826 -0.027614591643214226 -0.9475536942481995 -0.12161555141210556 0.9609877467155457 0.24841949343681335 0.6762179732322693 0.059459373354911804 -0.2427743673324585 0.9682588577270508 -0.47404706478118896 0.0 0.0 0.0 1.0
0.9904824495315552 0.1344469040632248 -0.029471855610609055 -0.9474143385887146 -0.12336814403533936 0.962139904499054 0.2430371642112732 0.674612283706665 0.06103164330124855 -0.2370881587266922 0.9695691466331482 -0.47580841183662415 0.0 0.0 0.0 1.0
0.9902840256690979 0.13495199382305145 -0.0335487462580204 -0.9472292065620422 -0.12303169071674347 0.9627098441123962 0.2409418374300003 0.672361433506012 0.0648132935166359 -0.23447328805923462 0.969959557056427 -0.47859033942222595 0.0 0.0 0.0 1.0
0.9901952743530273 0.1342790424823761 -0.03850238397717476 -0.9470897912979126 -0.12150118499994278 0.9639019966125488 0.2369185835123062 0.6707557439804077 0.06892572343349457 -0.22991758584976196 0.9707662463188171 -0.48035168647766113 0.0 0.0 0.0 1.0
0.990138828754425 0.13245180249214172 -0.04562453553080559 -0.9471235275268555 -0.11790504306554794 0.9637872576713562 0.23919133841991425 0.6696285605430603 0.07565367221832275 -0.23145326972007751 0.9698999524116516 -0.4820803701877594 0.0 0.0 0.0 1.0
0.9899367094039917 0.13150686025619507 -0.05226088687777519 -0.947510302066803 -0.11558030545711517 0.9644650816917419 0.23758845031261444 0.6677960753440857 0.0816483125090599 -0.2291572093963623 0.969959020614624 -0.4836141765117645 0.0 0.0 0.0 1.0
0.9895899295806885 0.13292798399925232 -0.05515402555465698 -0.9474581480026245 -0.11670052260160446 0.9654527902603149 0.23298463225364685 0.6664641499519348 0.08421878516674042 -0.22412273287773132 0.9709151387214661 -0.4843375086784363 0.0 0.0 0.0 1.0
0.9893761277198792 0.13404932618141174 -0.05626367777585983 -0.9473831057548523 -0.11789381504058838 0.9662584066390991 0.22901026904582977 0.6653798222541809 0.08506392687559128 -0.21994416415691376 0.9717966318130493 -0.4848930239677429 0.0 0.0 0.0 1.0
0.9892681241035461 0.13540732860565186 -0.05489443242549896 -0.9473114609718323 -0.1194787323474884 0.9659431576728821 0.22951827943325043 0.6640345454216003 0.08410335332155228 -0.22049640119075775 0.9717550873756409 -0.4847056269645691 0.0 0.0 0.0 1.0
0.9891958236694336 0.13627800345420837 -0.054036468267440796 -0.9473203420639038 -0.12060759961605072 0.9660477638244629 0.22848521173000336 0.6631827354431152 0.08333931863307953 -0.2194993942975998 0.9720466136932373 -0.4845202565193176 0.0 0.0 0.0 1.0
0.9895533919334412 0.13377459347248077 -0.05374378338456154 -0.9468837976455688 -0.11856694519519806 0.9672407507896423 0.22447088360786438 0.6624468564987183 0.08201167732477188 -0.2157536894083023 0.9729976654052734 -0.48367294669151306 0.0 0.0 0.0 1.0
0.9894953966140747 0.13377317786216736 -0.05480507016181946 -0.9461978673934937 -0.11780892312526703 0.9658883810043335 0.23060940206050873 0.6620578169822693 0.08378493040800095 -0.22173041105270386 0.9715017676353455 -0.4822988510131836 0.0 0.0 0.0 1.0
0.9898476004600525 0.13086573779582977 -0.05546057969331741 -0.9456535577774048 -0.11532408744096756 0.9675586223602295 0.2247903048992157 0.6615020036697388 0.08307871222496033 -0.21611221134662628 0.9728275537490845 -0.4813743531703949 0.0 0.0 0.0 1.0
0.9900602102279663 0.1305743008852005 -0.05226057022809982 -0.9449707865715027 -0.11542928963899612 0.9666776657104492 0.22849585115909576 0.6614563465118408 0.08035480976104736 -0.22019225358963013 0.9721412062644958 -0.4801488518714905 0.0 0.0 0.0 1.0
0.9900161027908325 0.1319052278995514 -0.04969048872590065 -0.944209635257721 -0.11664638668298721 0.9645960330963135 0.2365334928035736 0.6617276668548584 0.07913125306367874 -0.22837574779987335 0.9703518748283386 -0.47886550426483154 0.0 0.0 0.0 1.0
0.9901556968688965 0.1313987821340561 -0.04822954535484314 -0.9434691667556763 -0.1169610545039177 0.9659966230392456 0.23058758676052094 0.6612430810928345 0.07688850909471512 -0.22267663478851318 0.9718555808067322 -0.4782516062259674 0.0 0.0 0.0 1.0
0.9898247718811035 0.13425424695014954 -0.047145891934633255 -0.9426469206809998 -0.12000418454408646 0.965669572353363 0.23039376735687256 0.6610342860221863 0.07645869255065918 -0.2223917543888092 0.9719547033309937 -0.4778769612312317 0.0 0.0 0.0 1.0
0.9900373220443726 0.13409516215324402 -0.042948152869939804 -0.941710352897644 -0.12079641222953796 0.9656012654304504 0.23026588559150696 0.660620927810669 0.07234833389520645 -0.22278384864330292 0.9721795320510864 -0.4775736629962921 0.0 0.0 0.0 1.0
0.9901405572891235 0.13360342383384705 -0.04209225997328758 -0.9411255717277527 -0.12067430466413498 0.9661542773246765 0.22799915075302124 0.6602715849876404 0.07112908363342285 -0.22067175805568695 0.9727510809898376 -0.4773167669773102 0.0 0.0 0.0 1.0
0.9900484681129456 0.13413238525390625 -0.042574428021907806 -0.9405701756477356 -0.12072474509477615 0.9649914503097534 0.2328455150127411 0.6600592136383057 0.07231608778238297 -0.2253885567188263 0.9715813994407654 -0.47707921266555786 0.0 0.0 0.0 1.0
0.9904173016548157 0.13180162012577057 -0.041254643350839615 -0.9397414922714233 -0.11889509856700897 0.9656940698623657 0.23086564242839813 0.6594657897949219 0.07026782631874084 -0.2237483412027359 0.9721106290817261 -0.4768531024456024 0.0 0.0 0.0 1.0
0.9904353022575378 0.13187502324581146 -0.040581271052360535 -0.9392939209938049 -0.11900690197944641 0.9653093814849854 0.23241154849529266 0.6590734124183655 0.069822758436203 -0.22535915672779083 0.9717705845832825 -0.47669273614883423 0.0 0.0 0.0 1.0
0.9904066920280457 0.1321260929107666 -0.04046371206641197 -0.939134955406189 -0.1192745640873909 0.9652642607688904 0.2324618697166443 0.6588969230651855 0.06977245211601257 -0.2254054993391037 0.9717634320259094 -0.47663283348083496 0.0 0.0 0.0 1.0
