1.0 0.0 0.0 0.0 0.0 1.0 0.0 0.0 0.0 0.0 1.0 0.0 0.0 0.0 0.0 1.0
0.999505877494812 -0.021719589829444885 0.022720525041222572 0.004408055916428566 0.021664317697286606 0.999761700630188 0.002676034579053521 0.006713519804179668 -0.02277323231101036 -0.0021824876312166452 0.9997382760047913 -0.010075102560222149 0.0 0.0 0.0 1.0
0.9986466765403748 -0.040352337062358856 0.03280932456254959 0.007988983765244484 0.04037855565547943 0.9991844296455383 -0.0001366866345051676 0.01179578248411417 -0.032777052372694016 0.001461294828914106 0.9994615912437439 -0.01796734891831875 0.0 0.0 0.0 1.0
0.9976155757904053 -0.05629677698016167 0.03992344066500664 0.010641919448971748 0.056483857333660126 0.9983971118927002 -0.003572676097974181 0.016824273392558098 -0.0396583192050457 0.00581918703392148 0.9991963505744934 -0.02672327309846878 0.0 0.0 0.0 1.0
0.9953829646110535 -0.07780687510967255 0.056203991174697876 0.01470250729471445 0.07867272943258286 0.996811032295227 -0.0133574353531003 0.023630907759070396 -0.05498545616865158 0.017717484384775162 0.9983299374580383 -0.03971909359097481 0.0 0.0 0.0 1.0
0.9931661486625671 -0.09469777345657349 0.06821505725383759 0.017653705552220345 0.09626391530036926 0.9951540231704712 -0.020042387768626213 0.029067832976579666 -0.0659865215420723 0.026472069323062897 0.9974693059921265 -0.050384003669023514 0.0 0.0 0.0 1.0
0.9912920594215393 -0.10727003961801529 0.07637529075145721 0.019551914185285568 0.11006534844636917 0.9933639764785767 -0.033370934426784515 0.034467875957489014 -0.07228876650333405 0.04148661717772484 0.9965205192565918 -0.06164039298892021 0.0 0.0 0.0 1.0
0.989079475402832 -0.12139274179935455 0.08357959985733032 0.02070457860827446 0.1259358525276184 0.9907058477401733 -0.05140092223882675 0.04184639826416969 -0.07656310498714447 0.061365265399217606 0.9951745271682739 -0.07788074016571045 0.0 0.0 0.0 1.0
0.9878052473068237 -0.1280336230993271 0.08859027922153473 0.020596493035554886 0.13362520933151245 0.9891932010650635 -0.0603417232632637 0.047527071088552475 -0.0799071341753006 0.07144376635551453 0.9942387342453003 -0.09055347740650177 0.0 0.0 0.0 1.0
0.9873602986335754 -0.13135285675525665 0.08869115263223648 0.01824314147233963 0.13857954740524292 0.9870392680168152 -0.08092700690031052 0.05545046925544739 -0.07691165804862976 0.09219489246606827 0.9927662014961243 -0.10707835108041763 0.0 0.0 0.0 1.0
0.9886407852172852 -0.12607483565807343 0.08182010799646378 0.014277786947786808 0.13352550566196442 0.9866654872894287 -0.09307094663381577 0.062145259231328964 -0.0689951702952385 0.10293880105018616 0.9922919273376465 -0.12011582404375076 0.0 0.0 0.0 1.0
0.990148663520813 -0.11941660195589066 0.07311178743839264 0.009312700480222702 0.12664343416690826 0.9864988327026367 -0.10383383184671402 0.06903673708438873 -0.059725213795900345 0.11207005381584167 0.9919038414955139 -0.13311026990413666 0.0 0.0 0.0 1.0
0.992701530456543 -0.10557655990123749 0.058286093175411224 0.0008726859814487398 0.11193661391735077 0.9864965081214905 -0.11956088989973068 0.07817719876766205 -0.04487619921565056 0.125212624669075 0.9911144971847534 -0.14927281439304352 0.0 0.0 0.0 1.0
0.9950054883956909 -0.09105084836483002 0.040912047028541565 -0.006319171749055386 0.09557200968265533 0.9872636198997498 -0.12718722224235535 0.08519808202981949 -0.028810469433665276 0.13046203553676605 0.9910346269607544 -0.16160790622234344 0.0 0.0 0.0 1.0
0.9965464472770691 -0.07882879674434662 0.02609976939857006 -0.013960400596261024 0.08169709146022797 0.9870136976242065 -0.13830947875976562 0.09154395759105682 -0.014858060516417027 0.13996408879756927 0.9900450706481934 -0.17293183505535126 0.0 0.0 0.0 1.0
0.9979382753372192 -0.06389878690242767 0.006011550314724445 -0.025430573150515556 0.06408774852752686 0.9870625138282776 -0.1469704657793045 0.0996011421084404 0.0034574579913169146 0.14705272018909454 0.9891226291656494 -0.18714897334575653 0.0 0.0 0.0 1.0
0.998442530632019 -0.052199412137269974 -0.019690874963998795 -0.03500254079699516 0.04870793595910072 0.9877021908760071 -0.14856626093387604 0.10502143949270248 0.027203792706131935 0.14737577736377716 0.9887064099311829 -0.19680391252040863 0.0 0.0 0.0 1.0
0.9978514909744263 -0.042128998786211014 -0.05017485469579697 -0.04463235288858414 0.03429688140749931 0.9884165525436401 -0.14783915877342224 0.10992956161499023 0.0558219738304615 0.14580067992210388 0.9877378344535828 -0.20546168088912964 0.0 0.0 0.0 1.0
0.9948402643203735 -0.03523973375558853 -0.09513695538043976 -0.0585545152425766 0.021553806960582733 0.9897429347038269 -0.14122463762760162 0.11555615812540054 0.09913785010576248 0.1384453922510147 0.985395610332489 -0.2158045470714569 0.0 0.0 0.0 1.0
0.9923574328422546 -0.018619650974869728 -0.12198398262262344 -0.06920715421438217 0.002168231178075075 0.9910286664962769 -0.1336318701505661 0.11876700073480606 0.12337779998779297 0.13234607875347137 0.9834949970245361 -0.22280611097812653 0.0 0.0 0.0 1.0
0.9899578094482422 0.0003089370729867369 -0.14136287569999695 -0.08068402856588364 -0.0187713373452425 0.9914293885231018 -0.12928812205791473 0.12138427793979645 0.14011137187480927 0.1306433528661728 0.9814790487289429 -0.22904719412326813 0.0 0.0 0.0 1.0
0.985167384147644 0.01914820447564125 -0.1705242544412613 -0.09543778002262115 -0.04229868948459625 0.9901884198188782 -0.13318316638469696 0.1251317858695984 0.1663009077310562 0.13842067122459412 0.9763112664222717 -0.2366427779197693 0.0 0.0 0.0 1.0
0.9804342985153198 0.03997926414012909 -0.19274400174617767 -0.10723482817411423 -0.06707875430583954 0.9884087443351746 -0.13619334995746613 0.12724344432353973 0.18506495654582977 0.14645767211914062 0.9717515707015991 -0.24057479202747345 0.0 0.0 0.0 1.0
0.9750885963439941 0.06286607682704926 -0.21272066235542297 -0.11908787488937378 -0.09337569028139114 0.9862208366394043 -0.13656283915042877 0.12916429340839386 0.20120437443256378 0.15302379429340363 0.9675228595733643 -0.24400633573532104 0.0 0.0 0.0 1.0
0.9643604755401611 0.09237197786569595 -0.2479442059993744 -0.1353897601366043 -0.1291520595550537 0.9821978211402893 -0.13640804588794708 0.13165336847305298 0.23092998564243317 0.16356903314590454 0.9591227769851685 -0.24881811439990997 0.0 0.0 0.0 1.0
0.9548901319503784 0.1130107119679451 -0.27461498975753784 -0.14735743403434753 -0.15315578877925873 0.9796953797340393 -0.129384383559227 0.1332661658525467 0.25441721081733704 0.16560675203800201 0.9528096914291382 -0.251181036233902 0.0 0.0 0.0 1.0
0.9426965713500977 0.13642916083335876 -0.304483562707901 -0.15948501229286194 -0.17992211878299713 0.9763879179954529 -0.11956044286489487 0.13519716262817383 0.28098252415657043 0.1674925535917282 0.9449841380119324 -0.2536003887653351 0.0 0.0 0.0 1.0
0.9225685000419617 0.172578364610672 -0.3450855612754822 -0.17482401430606842 -0.22504331171512604 0.9671831130981445 -0.1179504245519638 0.13743868470191956 0.31340524554252625 0.18647654354572296 0.9311302900314331 -0.2572198808193207 0.0 0.0 0.0 1.0
0.9119529128074646 0.19243906438350677 -0.3623659014701843 -0.18500012159347534 -0.24935618042945862 0.9613147974014282 -0.11702695488929749 0.13964533805847168 0.32582715153694153 0.19708125293254852 0.9246597290039062 -0.25971537828445435 0.0 0.0 0.0 1.0
0.9029101729393005 0.21306273341178894 -0.37330618500709534 -0.19486522674560547 -0.26939237117767334 0.9572650194168091 -0.10522086173295975 0.14180037379264832 0.3349343240261078 0.19557082653045654 0.9217218160629272 -0.261256605386734 0.0 0.0 0.0 1.0
0.8824954628944397 0.24562092125415802 -0.4010886251926422 -0.2075808048248291 -0.30985331535339355 0.9451964497566223 -0.10293015092611313 0.1449471265077591 0.35382574796676636 0.215114027261734 0.9102380275726318 -0.2638377249240875 0.0 0.0 0.0 1.0
0.8690503835678101 0.26144939661026 -0.4199947714805603 -0.21608954668045044 -0.33346322178840637 0.9366816878318787 -0.1069096028804779 0.1473696082830429 0.3654499650001526 0.23296265304088593 0.9012073874473572 -0.26576462388038635 0.0 0.0 0.0 1.0
0.8567928671836853 0.281472772359848 -0.4320637285709381 -0.22385457158088684 -0.35527071356773376 0.9295092225074768 -0.09897121787071228 0.1501711905002594 0.3737495243549347 0.23829741775989532 0.8963959217071533 -0.26748374104499817 0.0 0.0 0.0 1.0
0.8299734592437744 0.3092571794986725 -0.4642241597175598 -0.23403654992580414 -0.3925781846046448 0.9150782823562622 -0.09227212518453598 0.15505000948905945 0.39626559615135193 0.25882768630981445 0.8808982968330383 -0.26978036761283875 0.0 0.0 0.0 1.0
0.8145756721496582 0.32762524485588074 -0.4786733090877533 -0.24059461057186127 -0.41660788655281067 0.9046422243118286 -0.08977942913770676 0.1591927409172058 0.4036140739917755 0.27255120873451233 0.873390793800354 -0.2714325487613678 0.0 0.0 0.0 1.0
0.79847252368927 0.35308337211608887 -0.4876205027103424 -0.24646389484405518 -0.44529345631599426 0.8914682269096375 -0.08365520089864731 0.16424010694026947 0.40516093373298645 0.28393059968948364 0.8690385818481445 -0.2733021676540375 0.0 0.0 0.0 1.0
0.7756914496421814 0.3838925361633301 -0.5009284019470215 -0.252586305141449 -0.47772613167762756 0.8758294582366943 -0.06856009364128113 0.17195065319538116 0.41240814328193665 0.29248806834220886 0.8627689480781555 -0.27556347846984863 0.0 0.0 0.0 1.0
0.7580855488777161 0.406105637550354 -0.5102788209915161 -0.25627604126930237 -0.4989825189113617 0.8649962544441223 -0.05289582535624504 0.1781923919916153 0.41990795731544495 0.29471978545188904 0.8583807945251465 -0.27687370777130127 0.0 0.0 0.0 1.0
0.7314230799674988 0.43049246072769165 -0.5288634300231934 -0.25898516178131104 -0.5267793536186218 0.8491828441619873 -0.03730981424450874 0.18514718115329742 0.43304014205932617 0.30588361620903015 0.8478864431381226 -0.2781819701194763 0.0 0.0 0.0 1.0
0.6989562511444092 0.44968459010124207 -0.5560970902442932 -0.2606331706047058 -0.5509093403816223 0.834376871585846 -0.017721880227327347 0.19407913088798523 0.45602530241012573 0.3187459111213684 0.830928385257721 -0.2796767055988312 0.0 0.0 0.0 1.0
0.6798062324523926 0.459688276052475 -0.571445643901825 -0.26003119349479675 -0.557476818561554 0.8301795721054077 0.004633182194083929 0.20107777416706085 0.47653234004974365 0.3154180347919464 0.8206268548965454 -0.2800182104110718 0.0 0.0 0.0 1.0
0.6559534072875977 0.46630027890205383 -0.5935395359992981 -0.25898873805999756 -0.565060555934906 0.8247163891792297 0.023439181968569756 0.20825573801994324 0.500431478023529 0.3200107514858246 0.8044634461402893 -0.28024208545684814 0.0 0.0 0.0 1.0
0.6350343227386475 0.4701143205165863 -0.6129632592201233 -0.25500887632369995 -0.5675118565559387 0.822257936000824 0.042687296867370605 0.21735578775405884 0.524081826210022 0.3207559883594513 0.7889574766159058 -0.2809629738330841 0.0 0.0 0.0 1.0
0.6364955902099609 0.4620935916900635 -0.6175296306610107 -0.25118574500083923 -0.5546228885650635 0.8306054472923279 0.049880124628543854 0.22414465248584747 0.5359727740287781 0.31074756383895874 0.784964382648468 -0.28080421686172485 0.0 0.0 0.0 1.0
0.6408406496047974 0.4532894790172577 -0.6195578575134277 -0.24711789190769196 -0.5412461161613464 0.8391225934028625 0.054091665893793106 0.23104681074619293 0.544404149055481 0.3006691634654999 0.7830850481987 -0.28105440735816956 0.0 0.0 0.0 1.0
0.6500217318534851 0.44342654943466187 -0.6171261668205261 -0.2418961375951767 -0.5234845280647278 0.8499662280082703 0.059341635555028915 0.2411867082118988 0.5508500337600708 0.2844826281070709 0.784623384475708 -0.281379759311676 0.0 0.0 0.0 1.0
0.6616598963737488 0.43686288595199585 -0.6093906760215759 -0.23832274973392487 -0.5095928907394409 0.8581849336624146 0.06191755086183548 0.2491205781698227 0.550019383430481 0.26957276463508606 0.7904487252235413 -0.28203126788139343 0.0 0.0 0.0 1.0
0.6751457452774048 0.42841145396232605 -0.6005346179008484 -0.2359674721956253 -0.49648788571357727 0.8659942150115967 0.05961383134126663 0.2574828565120697 0.5455987453460693 0.2579101324081421 0.7973734140396118 -0.28319525718688965 0.0 0.0 0.0 1.0
0.691733181476593 0.42049217224121094 -0.5871043801307678 -0.2338835597038269 -0.4821779429912567 0.8741530776023865 0.057972729206085205 0.2690539062023163 0.5375961661338806 0.24298711121082306 0.8074327111244202 -0.28534427285194397 0.0 0.0 0.0 1.0
0.7029169201850891 0.41388699412345886 -0.5784507989883423 -0.2336971014738083 -0.4715898931026459 0.8800005912780762 0.05658610537648201 0.2780885696411133 0.5324572920799255 0.2330162078142166 0.8137522339820862 -0.28791335225105286 0.0 0.0 0.0 1.0
0.7103684544563293 0.4059183597564697 -0.5749843120574951 -0.23480916023254395 -0.4623594880104065 0.8850708603858948 0.05360309034585953 0.28736796975135803 0.5306603312492371 0.22777150571346283 0.8164066076278687 -0.29109394550323486 0.0 0.0 0.0 1.0
0.71698397397995 0.40426039695739746 -0.5678974390029907 -0.23784931004047394 -0.456062912940979 0.8881555795669556 0.05644736811518669 0.3004266023635864 0.5272006988525391 0.21852509677410126 0.8211615085601807 -0.29638636112213135 0.0 0.0 0.0 1.0
0.7243587970733643 0.40019169449806213 -0.561383068561554 -0.2419062703847885 -0.4524413049221039 0.8903401494026184 0.050904493778944016 0.31019625067710876 0.5201934576034546 0.21711978316307068 0.8259889483451843 -0.30050885677337646 0.0 0.0 0.0 1.0
0.7275856137275696 0.39515915513038635 -0.5607748031616211 -0.24768659472465515 -0.45347464084625244 0.8904121518135071 0.039076123386621475 0.3195592761039734 0.5147619843482971 0.2258659303188324 0.827045738697052 -0.30469951033592224 0.0 0.0 0.0 1.0
0.7374008297920227 0.3951452076435089 -0.547814130783081 -0.25611865520477295 -0.45159658789634705 0.8915281891822815 0.03518599644303322 0.33209821581840515 0.5022953152656555 0.22144481539726257 0.8358598351478577 -0.3111132085323334 0.0 0.0 0.0 1.0
0.7454858422279358 0.38863232731819153 -0.5414940118789673 -0.2639824151992798 -0.44411519169807434 0.8954253196716309 0.03122776187956333 0.3410589396953583 0.49700355529785156 0.21720585227012634 0.8401244282722473 -0.3153906464576721 0.0 0.0 0.0 1.0
0.7549387812614441 0.38278424739837646 -0.5324881076812744 -0.2723548114299774 -0.4330427944660187 0.9007483124732971 0.03356220945715904 0.34965312480926514 0.4924848675727844 0.2052527368068695 0.8457717895507812 -0.31958502531051636 0.0 0.0 0.0 1.0
0.7669632434844971 0.3742751181125641 -0.5212346315383911 -0.2839340567588806 -0.42214566469192505 0.9060500264167786 0.029433542862534523 0.35988613963127136 0.4832809269428253 0.19746249914169312 0.8529056906700134 -0.3258313536643982 0.0 0.0 0.0 1.0
0.776140570640564 0.3692386746406555 -0.5111444592475891 -0.2934890687465668 -0.4112391471862793 0.9109088182449341 0.033578358590602875 0.3671320378780365 0.4780043959617615 0.18414106965065002 0.858838677406311 -0.3294931948184967 0.0 0.0 0.0 1.0
0.7897089123725891 0.3537258803844452 -0.5012363195419312 -0.3033551871776581 -0.3899635672569275 0.920166015625 0.034971144050359726 0.37439876794815063 0.47359079122543335 0.16784685850143433 0.8646035194396973 -0.33304205536842346 0.0 0.0 0.0 1.0
0.8010479211807251 0.33629509806632996 -0.4952048659324646 -0.31717708706855774 -0.36502039432525635 0.930088996887207 0.04116586968302727 0.3830723166465759 0.4744284749031067 0.1477840393781662 0.8678004145622253 -0.33871522545814514 0.0 0.0 0.0 1.0
0.8091323971748352 0.33623892068862915 -0.4819212853908539 -0.3276129961013794 -0.35195133090019226 0.9340434670448303 0.06077035889029503 0.38890984654426575 0.47056880593299866 0.12044157832860947 0.8741045594215393 -0.3433922529220581 0.0 0.0 0.0 1.0
0.8230516314506531 0.325518399477005 -0.46542853116989136 -0.33844661712646484 -0.3328460156917572 0.9404427409172058 0.06914477795362473 0.3940461277961731 0.46021679043769836 0.09800631552934647 0.882380485534668 -0.3480614423751831 0.0 0.0 0.0 1.0
0.8385796546936035 0.30933451652526855 -0.4484376609325409 -0.35342028737068176 -0.30853894352912903 0.9480878710746765 0.07702700048685074 0.39986491203308105 0.44898539781570435 0.07376720756292343 0.8904889225959778 -0.35629069805145264 0.0 0.0 0.0 1.0
0.8475415110588074 0.2967838644981384 -0.43999168276786804 -0.365224689245224 -0.2931899130344391 0.9528695940971375 0.07796896994113922 0.4033699929714203 0.4423946440219879 0.06291917711496353 0.8946106433868408 -0.36350879073143005 0.0 0.0 0.0 1.0
0.8575561046600342 0.28023770451545715 -0.4313517212867737 -0.3779178559780121 -0.2727668881416321 0.9587010741233826 0.08056367188692093 0.4067370593547821 0.4361143410205841 0.048570599406957626 0.8985795378684998 -0.3707590699195862 0.0 0.0 0.0 1.0
0.8696991801261902 0.25382810831069946 -0.42331382632255554 -0.3962900638580322 -0.24291321635246277 0.9666949510574341 0.08058542013168335 0.41008543968200684 0.42967018485069275 0.03274344652891159 0.9023920297622681 -0.38204890489578247 0.0 0.0 0.0 1.0
0.8755448460578918 0.22876770794391632 -0.4255426526069641 -0.4114239513874054 -0.21728575229644775 0.9731379151344299 0.07608897984027863 0.4119621217250824 0.43151840567588806 0.025845041498541832 0.9017338156700134 -0.39131948351860046 0.0 0.0 0.0 1.0
0.8827658891677856 0.20909863710403442 -0.42071616649627686 -0.42699211835861206 -0.19240227341651917 0.9778593182563782 0.08229511231184006 0.4131482243537903 0.42860904335975647 0.008299430832266808 0.9034519195556641 -0.40148138999938965 0.0 0.0 0.0 1.0
0.892524778842926 0.18488682806491852 -0.4113592207431793 -0.44872716069221497 -0.16539765894412994 0.9827421307563782 0.08283410966396332 0.41332995891571045 0.4195749759674072 -0.005893645342439413 0.9077015519142151 -0.4150742292404175 0.0 0.0 0.0 1.0
0.8962280750274658 0.1761462390422821 -0.40712133049964905 -0.4654245674610138 -0.161127969622612 0.9843623638153076 0.07119330763816833 0.41238245368003845 0.41329535841941833 0.0017931953771039844 0.9105952978134155 -0.42591622471809387 0.0 0.0 0.0 1.0
0.8980929851531982 0.1788676679134369 -0.40179017186164856 -0.48168063163757324 -0.16562815010547638 0.983856737613678 0.06777336448431015 0.41125011444091797 0.4074264168739319 0.0056809778325259686 0.9132203459739685 -0.4372788369655609 0.0 0.0 0.0 1.0
0.9015578031539917 0.18947789072990417 -0.3889622390270233 -0.5027542114257812 -0.17803500592708588 0.9818332195281982 0.0656280666589737 0.4081568717956543 0.3943311274051666 0.010081400163471699 0.9189131259918213 -0.4526057541370392 0.0 0.0 0.0 1.0
0.9059237241744995 0.1930275857448578 -0.3768853545188904 -0.5178691744804382 -0.18209950625896454 0.981143057346344 0.0647926852107048 0.40489432215690613 0.3822852075099945 0.009933408349752426 0.9239909648895264 -0.46397343277931213 0.0 0.0 0.0 1.0
0.9100251197814941 0.19017013907432556 -0.3683606684207916 -0.5321251153945923 -0.18262098729610443 0.9816096425056458 0.05560627952218056 0.4008435606956482 0.37216106057167053 0.016667278483510017 0.9280185103416443 -0.47548556327819824 0.0 0.0 0.0 1.0
0.9129372835159302 0.19072525203227997 -0.3607900142669678 -0.5500904321670532 -0.18469150364398956 0.9814471006393433 0.05148418992757797 0.3954544961452484 0.36391565203666687 0.019633017480373383 0.9312250018119812 -0.49129998683929443 0.0 0.0 0.0 1.0
0.9149336814880371 0.1919843852519989 -0.3550187945365906 -0.5626186728477478 -0.18667533993721008 0.9811736941337585 0.04950292780995369 0.39097774028778076 0.35783886909484863 0.020981358364224434 0.9335476160049438 -0.5030209422111511 0.0 0.0 0.0 1.0
0.9175028800964355 0.19304178655147552 -0.3477402627468109 -0.5749757885932922 -0.18708738684654236 0.9810200333595276 0.0509708896279335 0.3865433633327484 0.35097965598106384 0.018291877582669258 0.9362043738365173 -0.51374751329422 0.0 0.0 0.0 1.0
0.9208409786224365 0.19659215211868286 -0.3367542028427124 -0.5910354256629944 -0.1899041086435318 0.9803689122200012 0.053039733320474625 0.3808833956718445 0.3405705392360687 0.015109843574464321 0.9400975704193115 -0.5272738933563232 0.0 0.0 0.0 1.0
0.9230249524116516 0.2021152824163437 -0.3273749351501465 -0.6029600501060486 -0.1950342208147049 0.9792704582214355 0.054689813405275345 0.3768182098865509 0.3316422700881958 0.013369259424507618 0.9433104991912842 -0.5366123914718628 0.0 0.0 0.0 1.0
0.9261221289634705 0.2069370448589325 -0.31539636850357056 -0.6148217916488647 -0.198357954621315 0.9783254265785217 0.059442948549985886 0.3730565309524536 0.32086125016212463 0.00750995147973299 0.9470964074134827 -0.544948935508728 0.0 0.0 0.0 1.0
0.9286482930183411 0.22322966158390045 -0.2962783873081207 -0.6307620406150818 -0.20959345996379852 0.9747163653373718 0.07745078206062317 0.36848410964012146 0.30607667565345764 -0.00982652883976698 0.9519561529159546 -0.55463045835495 0.0 0.0 0.0 1.0
0.9281424283981323 0.24063533544540405 -0.2839828431606293 -0.6424649953842163 -0.22299520671367645 0.9703342914581299 0.09340495616197586 0.3647376298904419 0.29803481698036194 -0.023366287350654602 0.9542689919471741 -0.5612050294876099 0.0 0.0 0.0 1.0
0.9294450283050537 0.24805444478988647 -0.27313169836997986 -0.6542317867279053 -0.22908884286880493 0.9682755470275879 0.09980374574661255 0.36102095246315 0.28922349214553833 -0.03019067645072937 0.9567853808403015 -0.5670760273933411 0.0 0.0 0.0 1.0
0.9324787259101868 0.2504219114780426 -0.2603312134742737 -0.6697049736976624 -0.23198549449443817 0.9675852060317993 0.09980753064155579 0.35540515184402466 0.27688664197921753 -0.032675329595804214 0.9603468775749207 -0.5736861824989319 0.0 0.0 0.0 1.0
0.9363273978233337 0.24933940172195435 -0.24722632765769958 -0.6807650327682495 -0.23202165961265564 0.9678263068199158 0.09735608845949173 0.35093626379966736 0.2635468542575836 -0.0337953083217144 0.9640544056892395 -0.5778266191482544 0.0 0.0 0.0 1.0
0.9417344927787781 0.24328133463859558 -0.23227210342884064 -0.6916460990905762 -0.22979013621807098 0.9696168303489685 0.08390317857265472 0.34628912806510925 0.2456270158290863 -0.02564067952334881 0.9690252542495728 -0.5811757445335388 0.0 0.0 0.0 1.0
0.9497999548912048 0.23580129444599152 -0.20561563968658447 -0.7061331272125244 -0.22379542887210846 0.9713345766067505 0.08015471696853638 0.3407212495803833 0.21862216293811798 -0.03011510521173477 0.9753447771072388 -0.5832213759422302 0.0 0.0 0.0 1.0
0.9551383852958679 0.23161515593528748 -0.184567391872406 -0.7171403765678406 -0.22066538035869598 0.9722177982330322 0.07809833437204361 0.3363935947418213 0.19752846658229828 -0.03386708348989487 0.9797119498252869 -0.583525538444519 0.0 0.0 0.0 1.0
0.9607430100440979 0.22210079431533813 -0.16626505553722382 -0.7279055714607239 -0.2134799361228943 0.9745591282844543 0.06827045977115631 0.33222201466560364 0.17719805240631104 -0.030096115544438362 0.9837149381637573 -0.5831036567687988 0.0 0.0 0.0 1.0
0.9686764478683472 0.20442576706409454 -0.1409824788570404 -0.7426613569259644 -0.1990361213684082 0.9786391854286194 0.05147785320878029 0.3271103501319885 0.14849437773227692 -0.021804777905344963 0.9886728525161743 -0.580929160118103 0.0 0.0 0.0 1.0
0.9736388325691223 0.19618405401706696 -0.11635847389698029 -0.75385582447052 -0.1918492317199707 0.9802760481834412 0.04746261611580849 0.32413890957832336 0.1233748346567154 -0.023888159543275833 0.992072582244873 -0.5778397917747498 0.0 0.0 0.0 1.0
0.9773386716842651 0.18967722356319427 -0.09397672116756439 -0.7651028037071228 -0.18642376363277435 0.9815563559532166 0.0423479788005352 0.3215886652469635 0.10027588903903961 -0.023868823423981667 0.9946733117103577 -0.5741761326789856 0.0 0.0 0.0 1.0
0.981884777545929 0.1752319633960724 -0.07208322733640671 -0.7811993956565857 -0.1739082932472229 0.9844620823860168 0.024295717477798462 0.31885579228401184 0.07522059231996536 -0.011319723911583424 0.997102677822113 -0.5675481557846069 0.0 0.0 0.0 1.0
0.9839228987693787 0.1668933779001236 -0.06357958912849426 -0.7937861680984497 -0.16508831083774567 0.9857367277145386 0.03269563615322113 0.3183509409427643 0.06812942028045654 -0.021673737093806267 0.9974410533905029 -0.5611365437507629 0.0 0.0 0.0 1.0
0.985531210899353 0.15773774683475494 -0.062024522572755814 -0.8067688941955566 -0.1551140397787094 0.9868671894073486 0.04508678615093231 0.3184851109981537 0.06832185387611389 -0.03481356054544449 0.99705570936203 -0.5533666610717773 0.0 0.0 0.0 1.0
0.9876686334609985 0.14413778483867645 -0.06111404299736023 -0.8242176175117493 -0.14072838425636292 0.9884142279624939 0.056858040392398834 0.3188200891017914 0.06860137730836868 -0.047556426376104355 0.9965100288391113 -0.5424433350563049 0.0 0.0 0.0 1.0
0.989421010017395 0.13390500843524933 -0.055816370993852615 -0.8373672962188721 -0.1309588998556137 0.989944338798523 0.0534791462123394 0.31909817457199097 0.06241622567176819 -0.04560374096035957 0.9970077872276306 -0.5340977907180786 0.0 0.0 0.0 1.0
0.9915273785591125 0.12191206961870193 -0.044843338429927826 -0.8501779437065125 -0.11933053284883499 0.9912548065185547 0.056339189410209656 0.31996023654937744 0.05131960287690163 -0.050510670989751816 0.9974040985107422 -0.5251919031143188 0.0 0.0 0.0 1.0
0.9938040375709534 0.10814088582992554 -0.0256721880286932 -0.8666881322860718 -0.10529197752475739 0.9899742007255554 0.0941523090004921 0.3221541941165924 0.03559651970863342 -0.09086587280035019 0.9952267408370972 -0.5121159553527832 0.0 0.0 0.0 1.0
0.9954404830932617 0.09424256533384323 -0.014715724624693394 -0.8787235617637634 -0.09227944165468216 0.9905493855476379 0.10147120803594589 0.32356253266334534 0.024139558896422386 -0.09965059161186218 0.9947296380996704 -0.5030349493026733 0.0 0.0 0.0 1.0
0.9969623684883118 0.07731292396783829 -0.009421280585229397 -0.8899112939834595 -0.07606586068868637 0.9925188422203064 0.09550043940544128 0.3248717784881592 0.01673421636223793 -0.09449370950460434 0.9953848123550415 -0.49425655603408813 0.0 0.0 0.0 1.0
0.9984127879142761 0.05566322058439255 -0.008574571460485458 -0.9052826166152954 -0.05430237203836441 0.9918107390403748 0.11559732258319855 0.3282504379749298 0.014938871376216412 -0.11494822800159454 0.9932591319084167 -0.48198023438453674 0.0 0.0 0.0 1.0
0.9988766312599182 0.043728332966566086 -0.01825706474483013 -0.9169544577598572 -0.041370753198862076 0.9926190376281738 0.11399959772825241 0.33026641607284546 0.023107321932911873 -0.11311622709035873 0.9933130145072937 -0.4728066921234131 0.0 0.0 0.0 1.0
0.9990920424461365 0.03071805275976658 -0.029521994292736053 -0.9285406470298767 -0.02747240476310253 0.9941270351409912 0.10467404872179031 0.3323189914226532 0.03256399556994438 -0.10376796871423721 0.9940683245658875 -0.4636695981025696 0.0 0.0 0.0 1.0
0.9994537830352783 0.008980956859886646 -0.03180285915732384 -0.9436191916465759 -0.005172658711671829 0.9930163025856018 0.11786370724439621 0.3361916244029999 0.032639287412166595 -0.11763482540845871 0.9925203919410706 -0.4510323107242584 0.0 0.0 0.0 1.0
0.9996301531791687 -0.0026928195729851723 -0.027061469852924347 -0.9551266431808472 0.006058397702872753 0.9921296238899231 0.12506826221942902 0.3391869366168976 0.026511698961257935 -0.12518596649169922 0.9917790293693542 -0.4415869116783142 0.0 0.0 0.0 1.0
0.9997596144676208 -0.011130851693451405 -0.018888605758547783 -0.9664226174354553 0.013396043330430984 0.9921438694000244 0.12438277900218964 0.3418377935886383 0.017355727031826973 -0.12460591644048691 0.9920545220375061 -0.43308836221694946 0.0 0.0 0.0 1.0
0.9995985627174377 -0.028276510536670685 -0.0017843634122982621 -0.9815691113471985 0.028295977041125298 0.993111252784729 0.11370719224214554 0.3455847203731537 -0.001443171058781445 -0.11371202766895294 0.9935126900672913 -0.42238491773605347 0.0 0.0 0.0 1.0
0.9992893934249878 -0.03670279681682587 0.008579901419579983 -0.9933638572692871 0.03532398119568825 0.9913315176963806 0.1265466958284378 0.34905025362968445 -0.01315014436841011 -0.12615369260311127 0.9919235706329346 -0.414790540933609 0.0 0.0 0.0 1.0
0.9991443157196045 -0.03849106654524803 0.01513457391411066 -1.005243182182312 0.035957787185907364 0.989215075969696 0.1419878602027893 0.35214582085609436 -0.020436612889170647 -0.14132216572761536 0.9897527098655701 -0.4088653028011322 0.0 0.0 0.0 1.0
0.9982191324234009 -0.05164874345064163 0.029849763959646225 -1.020704746246338 0.04703761264681816 0.9892250895500183 0.13864055275917053 0.3547391891479492 -0.03668874502182007 -0.13698959350585938 0.989892840385437 -0.4025333523750305 0.0 0.0 0.0 1.0
0.9972464442253113 -0.06250878423452377 0.03990287706255913 -1.0323777198791504 0.05570157989859581 0.9865885376930237 0.15342868864536285 0.3566184937953949 -0.04895836114883423 -0.15078355371952057 0.9873537421226501 -0.39926669001579285 0.0 0.0 0.0 1.0
0.9962125420570374 -0.07083360105752945 0.050429992377758026 -1.0440706014633179 0.06140682101249695 0.9837501049041748 0.16871540248394012 0.3577031195163727 -0.061561230570077896 -0.16497965157032013 0.9843738675117493 -0.39794376492500305 0.0 0.0 0.0 1.0
0.9941856861114502 -0.08327530324459076 0.06826408952474594 -1.059592843055725 0.07080533355474472 0.9832042455673218 0.1682140827178955 0.3572576344013214 -0.08112562447786331 -0.16240258514881134 0.9833839535713196 -0.3986518085002899 0.0 0.0 0.0 1.0
0.9919596314430237 -0.09678742289543152 0.08153723925352097 -1.0716674327850342 0.08203621208667755 0.9823572039604187 0.16806082427501678 0.3562116026878357 -0.09636486321687698 -0.16002054512500763 0.9823986887931824 -0.40064167976379395 0.0 0.0 0.0 1.0
0.9895129799842834 -0.10896643251180649 0.0948176458477974 -1.0840818881988525 0.09199043363332748 0.9814947247505188 0.16794607043266296 0.35497647523880005 -0.1113635003566742 -0.15746250748634338 0.9812256097793579 -0.4036208689212799 0.0 0.0 0.0 1.0
0.9859768748283386 -0.12366702407598495 0.11205392330884933 -1.101777195930481 0.10282205045223236 0.9790468811988831 0.1757693886756897 0.35291773080825806 -0.13144291937351227 -0.16178293526172638 0.9780332446098328 -0.4088638126850128 0.0 0.0 0.0 1.0
0.982860267162323 -0.1335383951663971 0.12709514796733856 -1.1158126592636108 0.11200714856386185 0.9801396131515503 0.16364824771881104 0.3505379557609558 -0.1464243084192276 -0.14660778641700745 0.9782975316047668 -0.4140593707561493 0.0 0.0 0.0 1.0
0.9786277413368225 -0.1455117166042328 0.14530690014362335 -1.1298497915267944 0.12329938262701035 0.9807088375091553 0.15168192982673645 0.34786754846572876 -0.1645752638578415 -0.1305238902568817 0.9776903986930847 -0.4198254942893982 0.0 0.0 0.0 1.0
0.9723180532455444 -0.15860779583454132 0.17158415913581848 -1.1492314338684082 0.13211491703987122 0.9788547158241272 0.15616990625858307 0.34443414211273193 -0.19272573292255402 -0.1291780024766922 0.9727126359939575 -0.4282190203666687 0.0 0.0 0.0 1.0
0.9664818644523621 -0.16993579268455505 0.19244396686553955 -1.1633549928665161 0.1405111700296402 0.9774743914604187 0.1574816107749939 0.3410724103450775 -0.21487081050872803 -0.12516258656978607 0.9685891270637512 -0.43515756726264954 0.0 0.0 0.0 1.0
0.959871768951416 -0.18167845904827118 0.2136332094669342 -1.177534580230713 0.15239596366882324 0.9774044156074524 0.14647884666919708 0.33647021651268005 -0.23541809618473053 -0.10804407298564911 0.9658699631690979 -0.442375510931015 0.0 0.0 0.0 1.0
0.9532403349876404 -0.19770047068595886 0.2285768687725067 -1.1966664791107178 0.16646409034729004 0.9747453927993774 0.14886607229709625 0.32982322573661804 -0.25223514437675476 -0.10385529696941376 0.9620766639709473 -0.45258575677871704 0.0 0.0 0.0 1.0
0.9504497051239014 -0.2053174376487732 0.23343127965927124 -1.2110908031463623 0.17345403134822845 0.9733679890632629 0.1498946249485016 0.32405802607536316 -0.2579905092716217 -0.10197770595550537 0.9607504606246948 -0.460174560546875 0.0 0.0 0.0 1.0
0.9476378560066223 -0.21173380315303802 0.23906326293945312 -1.2254557609558105 0.17991426587104797 0.9724663496017456 0.14812159538269043 0.3180151581764221 -0.2638433277606964 -0.09735473990440369 0.9596399068832397 -0.4679025709629059 0.0 0.0 0.0 1.0
0.943111002445221 -0.21790213882923126 0.2511180341243744 -1.2444322109222412 0.1872532069683075 0.972230076789856 0.14037403464317322 0.3097524344921112 -0.2747323215007782 -0.0853656455874443 0.9577237963676453 -0.47827181220054626 0.0 0.0 0.0 1.0
0.9385949373245239 -0.22407753765583038 0.2623524069786072 -1.2583987712860107 0.19375823438167572 0.9714966416358948 0.13657233119010925 0.3040159046649933 -0.28547725081443787 -0.07735315710306168 0.9552587270736694 -0.48557865619659424 0.0 0.0 0.0 1.0
0.9350953102111816 -0.2298295497894287 0.26976868510246277 -1.2721940279006958 0.19945234060287476 0.9704996943473816 0.13545885682106018 0.29832175374031067 -0.2929428517818451 -0.07286094129085541 0.953349769115448 -0.491891086101532 0.0 0.0 0.0 1.0
0.9315553307533264 -0.2365439534187317 0.2761370539665222 -1.29054856300354 0.20632576942443848 0.9692342877388 0.13421832025051117 0.2899249792098999 -0.2993900179862976 -0.0680575966835022 0.9517004489898682 -0.4992845356464386 0.0 0.0 0.0 1.0
0.9287423491477966 -0.24422620236873627 0.278910756111145 -1.3040950298309326 0.21330507099628448 0.9673632383346558 0.13678209483623505 0.2834499776363373 -0.30321377515792847 -0.06754225492477417 0.9505258798599243 -0.5041483640670776 0.0 0.0 0.0 1.0
0.9270059466362 -0.2502567172050476 0.27934134006500244 -1.318060278892517 0.21544186770915985 0.9649944305419922 0.14956772327423096 0.2768620252609253 -0.30699315667152405 -0.07846835255622864 0.9484713673591614 -0.5084627270698547 0.0 0.0 0.0 1.0
0.9258870482444763 -0.2465878129005432 0.2862299680709839 -1.3366223573684692 0.21241706609725952 0.9663075804710388 0.14535677433013916 0.2668658494949341 -0.31242939829826355 -0.07378382980823517 0.9470711946487427 -0.513831615447998 0.0 0.0 0.0 1.0
0.9247148633003235 -0.24381378293037415 0.29233065247535706 -1.3505456447601318 0.21040482819080353 0.9673569202423096 0.1412457823753357 0.2590704560279846 -0.31722575426101685 -0.06910429149866104 0.9458289742469788 -0.5181620717048645 0.0 0.0 0.0 1.0
0.9214508533477783 -0.23946096003055573 0.30591949820518494 -1.3640093803405762 0.21039369702339172 0.9695647954940796 0.12521414458751678 0.25054460763931274 -0.32659268379211426 -0.05101514980196953 0.9437873959541321 -0.522419810295105 0.0 0.0 0.0 1.0
0.9133410453796387 -0.2378457486629486 0.33051103353500366 -1.3812294006347656 0.2129865437746048 0.970835268497467 0.11007100343704224 0.23938685655593872 -0.3470516800880432 -0.030137961730360985 0.9373616576194763 -0.5266227126121521 0.0 0.0 0.0 1.0
0.9076985120773315 -0.23771259188652039 0.3457978069782257 -1.394002914428711 0.2126104235649109 0.9709932804107666 0.10940253734588623 0.23094500601291656 -0.36177369952201843 -0.025784306228160858 0.9319093227386475 -0.5291726589202881 0.0 0.0 0.0 1.0
0.9033492207527161 -0.23250257968902588 0.36042025685310364 -1.4068560600280762 0.21329931914806366 0.9725710153579712 0.09278471767902374 0.2219245731830597 -0.37210696935653687 -0.006939607672393322 0.9281638860702515 -0.5313926339149475 0.0 0.0 0.0 1.0
0.8981565833091736 -0.23503552377223969 0.3715817630290985 -1.4238895177841187 0.22407545149326324 0.9718271493911743 0.07309041917324066 0.21030636131763458 -0.37829211354255676 0.01761571317911148 0.9255186319351196 -0.5328727960586548 0.0 0.0 0.0 1.0
0.8956334590911865 -0.23990163207054138 0.3745502829551697 -1.4366791248321533 0.23144075274467468 0.9704585075378418 0.06815772503614426 0.20221343636512756 -0.37983667850494385 0.02564186044037342 0.9246981143951416 -0.531814694404602 0.0 0.0 0.0 1.0
0.893673300743103 -0.2386070191860199 0.3800194263458252 -1.449476718902588 0.23460352420806885 0.9703842997550964 0.05758023262023926 0.19431036710739136 -0.3825039267539978 0.0376959852874279 0.9231845736503601 -0.5294862389564514 0.0 0.0 0.0 1.0
0.8883458375930786 -0.23454144597053528 0.39475566148757935 -1.4664207696914673 0.23924005031585693 0.9702138900756836 0.03806779161095619 0.18384157121181488 -0.3919259011745453 0.06062399968504906 0.9179971814155579 -0.5243837833404541 0.0 0.0 0.0 1.0
0.8825951814651489 -0.2370012402534485 0.40602484345436096 -1.4792922735214233 0.24545224010944366 0.9688805341720581 0.03199539706110954 0.1768556833267212 -0.40097251534461975 0.07142072170972824 0.9133017659187317 -0.5177375078201294 0.0 0.0 0.0 1.0
0.8776004314422607 -0.24208496510982513 0.413778156042099 -1.4919103384017944 0.24763046205043793 0.9679816961288452 0.04111678525805473 0.1703864336013794 -0.4104834198951721 0.06637996435165405 0.9094487428665161 -0.5094271898269653 0.0 0.0 0.0 1.0
0.8730655312538147 -0.24174503982067108 0.4234570562839508 -1.5089863538742065 0.2461487203836441 0.9681767225265503 0.04521818086504936 0.16131074726581573 -0.4209125339984894 0.06475497782230377 0.9047869443893433 -0.4960954785346985 0.0 0.0 0.0 1.0
0.8691384196281433 -0.24410203099250793 0.43013086915016174 -1.5219221115112305 0.2511098384857178 0.967072069644928 0.04141772538423538 0.15423156321048737 -0.4260776937007904 0.07201234996318817 0.9018159508705139 -0.4844765365123749 0.0 0.0 0.0 1.0
0.8673074245452881 -0.2520851790904999 0.4292213022708893 -1.5349515676498413 0.25707653164863586 0.9652267694473267 0.047423094511032104 0.1473056524991989 -0.42625054717063904 0.06921231746673584 0.9019535183906555 -0.4715508222579956 0.0 0.0 0.0 1.0
0.8683701753616333 -0.2591865360736847 0.42279496788978577 -1.5525227785110474 0.2547277510166168 0.9646080732345581 0.06815462559461594 0.13802732527256012 -0.4254961907863617 0.048514172434806824 0.9036588668823242 -0.4529966413974762 0.0 0.0 0.0 1.0
0.870287299156189 -0.2528189420700073 0.422708660364151 -1.5658364295959473 0.2514570355415344 0.9660037159919739 0.06005128100514412 0.12996110320091248 -0.4235202670097351 0.05403120070695877 0.9042738676071167 -0.4391387403011322 0.0 0.0 0.0 1.0
0.87259441614151 -0.24982178211212158 0.4197238087654114 -1.5789746046066284 0.25397789478302 0.9660676121711731 0.046995315700769424 0.1221851110458374 -0.4172220528125763 0.06559271365404129 0.9064344167709351 -0.42485082149505615 0.0 0.0 0.0 1.0
0.8746013045310974 -0.2553553879261017 0.41214820742607117 -1.5957705974578857 0.26074761152267456 0.9643950462341309 0.04419108107686043 0.11342226713895798 -0.40875810384750366 0.06881707161664963 0.9100444912910461 -0.4050542712211609 0.0 0.0 0.0 1.0
0.8756402134895325 -0.25051048398017883 0.41291487216949463 -1.6072447299957275 0.2652941942214966 0.9639118313789368 0.022202540189027786 0.10738024860620499 -0.40357547998428345 0.09010247886180878 0.9104989767074585 -0.38977915048599243 0.0 0.0 0.0 1.0
0.8742327094078064 -0.25287100672721863 0.41445550322532654 -1.6176105737686157 0.2755207419395447 0.961280345916748 0.005333957262337208 0.10301052033901215 -0.3997567296028137 0.10952796787023544 0.9100539684295654 -0.3740621507167816 0.0 0.0 0.0 1.0
0.8650436401367188 -0.2690903842449188 0.4234262704849243 -1.6289043426513672 0.30088040232658386 0.9536226391792297 -0.008653202094137669 0.10013754665851593 -0.4014603793621063 0.13488605618476868 0.9058892130851746 -0.35188382863998413 0.0 0.0 0.0 1.0
0.8561381101608276 -0.2686600089073181 0.4414173662662506 -1.6360697746276855 0.3137432932853699 0.9490042924880981 -0.030918767675757408 0.09935697913169861 -0.41060036420822144 0.16496247053146362 0.8967690467834473 -0.334919810295105 0.0 0.0 0.0 1.0
0.8482918739318848 -0.2478739619255066 0.46793094277381897 -1.6420761346817017 0.3156787157058716 0.9462019801139832 -0.07105504721403122 0.10058660060167313 -0.4251444637775421 0.20799125730991364 0.880903959274292 -0.31787896156311035 0.0 0.0 0.0 1.0
0.8381614685058594 -0.23184631764888763 0.49369287490844727 -1.6485865116119385 0.32017412781715393 0.9419354200363159 -0.10122361034154892 0.1053781658411026 -0.44155848026275635 0.24290941655635834 0.8637251257896423 -0.29350197315216064 0.0 0.0 0.0 1.0
0.8317676186561584 -0.2198016196489334 0.5097547173500061 -1.651894211769104 0.3176223039627075 0.9415463805198669 -0.11227855086326599 0.10997390747070312 -0.4552787244319916 0.2552991509437561 0.8529616594314575 -0.27469590306282043 0.0 0.0 0.0 1.0
0.8310678601264954 -0.2002420723438263 0.5188730955123901 -1.6539233922958374 0.3094992935657501 0.9416483640670776 -0.13232003152370453 0.11454910784959793 -0.46209996938705444 0.27055779099464417 0.8445484638214111 -0.255374938249588 0.0 0.0 0.0 1.0
0.8337655067443848 -0.1943790316581726 0.516770601272583 -1.6548826694488525 0.3017725646495819 0.9442371726036072 -0.13171733915805817 0.12203644216060638 -0.4623509347438812 0.26576855778694153 0.8459306359291077 -0.22868956625461578 0.0 0.0 0.0 1.0
0.8404763340950012 -0.19709983468055725 0.5047288537025452 -1.6551097631454468 0.29761797189712524 0.9463273882865906 -0.12604764103889465 0.12796100974082947 -0.45279476046562195 0.25615644454956055 0.854026198387146 -0.2089921534061432 0.0 0.0 0.0 1.0
0.8584182262420654 -0.19367080926895142 0.47498390078544617 -1.654636025428772 0.2829154133796692 0.9511643648147583 -0.12347152829170227 0.13373695313930511 -0.42787495255470276 0.2403704822063446 0.8712893128395081 -0.18999230861663818 0.0 0.0 0.0 1.0
0.8783642649650574 -0.1765967458486557 0.4441731870174408 -1.6526856422424316 0.261469304561615 0.9554101228713989 -0.13720543682575226 0.14047293365001678 -0.4001375138759613 0.23665399849414825 0.8853726983070374 -0.16710425913333893 0.0 0.0 0.0 1.0
0.8955016136169434 -0.15621648728847504 0.41674119234085083 -1.650622844696045 0.23974762856960297 0.9582226276397705 -0.15598221123218536 0.14456462860107422 -0.3749638497829437 0.23959504067897797 0.8955424427986145 -0.15182575583457947 0.0 0.0 0.0 1.0
0.9095233082771301 -0.14664959907531738 0.3889232575893402 -1.648903489112854 0.22263701260089874 0.9620286822319031 -0.15790370106697083 0.1478552371263504 -0.35099881887435913 0.23020580410957336 0.9076371192932129 -0.13761042058467865 0.0 0.0 0.0 1.0
0.9162005186080933 -0.14979980885982513 0.3716673254966736 -1.6470743417739868 0.2184664011001587 0.9642627239227295 -0.14989925920963287 0.15003328025341034 -0.33593007922172546 0.21853460371494293 0.9161842465400696 -0.12041011452674866 0.0 0.0 0.0 1.0
0.9195652008056641 -0.14121775329113007 0.3666843771934509 -1.6482073068618774 0.2119024246931076 0.9640851020812988 -0.1601163148880005 0.1497955173254013 -0.33090367913246155 0.22493869066238403 0.9164634943008423 -0.10985739529132843 0.0 0.0 0.0 1.0
0.9191557765007019 -0.1251019686460495 0.3734998404979706 -1.6509753465652466 0.2010008543729782 0.9644415378570557 -0.17161335051059723 0.1480644941329956 -0.33874958753585815 0.23281319439411163 0.911617636680603 -0.10025680065155029 0.0 0.0 0.0 1.0
0.9089611768722534 -0.1454595923423767 0.3906802535057068 -1.6564959287643433 0.22161294519901276 0.9623646140098572 -0.15729588270187378 0.14366033673286438 -0.3530966639518738 0.2295556664466858 0.9069878458976746 -0.08800703287124634 0.0 0.0 0.0 1.0
0.8995675444602966 -0.16952072083950043 0.40254315733909607 -1.6632195711135864 0.24204714596271515 0.9606349468231201 -0.1363585889339447 0.13861936330795288 -0.36358141899108887 0.22009818255901337 0.9051880240440369 -0.0789521187543869 0.0 0.0 0.0 1.0
0.8966377377510071 -0.16560596227645874 0.41062816977500916 -1.6722888946533203 0.24270519614219666 0.9595027565956116 -0.1429986208677292 0.13108330965042114 -0.3703174293041229 0.22787953913211823 0.9005197882652283 -0.07023179531097412 0.0 0.0 0.0 1.0
0.8987174034118652 -0.16209733486175537 0.40746960043907166 -1.6869145631790161 0.24673856794834137 0.9550574421882629 -0.16427229344844818 0.1193692684173584 -0.3625287711620331 0.2481728345155716 0.8983224034309387 -0.05763173848390579 0.0 0.0 0.0 1.0
0.9000701308250427 -0.17791783809661865 0.3977675437927246 -1.699135661125183 0.266277939081192 0.9471521377563477 -0.17888221144676208 0.11032912880182266 -0.3449200689792633 0.2669232487678528 0.899878978729248 -0.04739978536963463 0.0 0.0 0.0 1.0
0.9065400958061218 -0.19044028222560883 0.3767194151878357 -1.71280837059021 0.28132566809654236 0.9379297494888306 -0.20283906161785126 0.10088420659303665 -0.31470760703086853 0.28986260294914246 0.9038466811180115 -0.03604593873023987 0.0 0.0 0.0 1.0
0.9230767488479614 -0.19976906478405 0.32866641879081726 -1.7326751947402954 0.28443485498428345 0.9297696948051453 -0.23372016847133636 0.08882471919059753 -0.25889402627944946 0.30922582745552063 0.915070116519928 -0.020467516034841537 0.0 0.0 0.0 1.0
0.9325916171073914 -0.20776808261871338 0.2951360046863556 -1.747178077697754 0.2855575680732727 0.9248369336128235 -0.2512638568878174 0.08145839720964432 -0.22074806690216064 0.31860488653182983 0.9218249320983887 -0.008154322393238544 0.0 0.0 0.0 1.0
0.9359660148620605 -0.22418391704559326 0.2714943587779999 -1.7603297233581543 0.29568755626678467 0.9190990924835205 -0.26043370366096497 0.07555628567934036 -0.1911451667547226 0.32403460144996643 0.9265339374542236 0.004688487388193607 0.0 0.0 0.0 1.0
0.9332228899002075 -0.2528206408023834 0.2552974820137024 -1.7765895128250122 0.3190726339817047 0.9098251461982727 -0.26535043120384216 0.0703822672367096 -0.1651899814605713 0.32908952236175537 0.9297378063201904 0.021936973556876183 0.0 0.0 0.0 1.0
0.92535400390625 -0.273174911737442 0.26286014914512634 -1.7875044345855713 0.34071847796440125 0.903298556804657 -0.2606963813304901 0.0687117874622345 -0.16622549295425415 0.3307977318763733 0.9289466738700867 0.03440549597144127 0.0 0.0 0.0 1.0
0.9100632071495056 -0.2946334183216095 0.2915066182613373 -1.7976491451263428 0.36932462453842163 0.8956741094589233 -0.24772410094738007 0.06884591281414032 -0.18810713291168213 0.3331051766872406 0.9239354133605957 0.0458298958837986 0.0 0.0 0.0 1.0
0.8807603120803833 -0.32270410656929016 0.3465881943702698 -1.809923529624939 0.41373735666275024 0.8804341554641724 -0.2316400706768036 0.07163673639297485 -0.23039686679840088 0.34741586446762085 0.9089661836624146 0.059307683259248734 0.0 0.0 0.0 1.0
0.8513904809951782 -0.3461464047431946 0.39410272240638733 -1.8190312385559082 0.4545513093471527 0.8618283867835999 -0.22502218186855316 0.0748664140701294 -0.26175829768180847 0.37072163820266724 0.8910937309265137 0.06859148293733597 0.0 0.0 0.0 1.0
0.8110061883926392 -0.3869037628173828 0.438833087682724 -1.8282138109207153 0.5046513080596924 0.8421153426170349 -0.1901809424161911 0.08097594231367111 -0.29596635699272156 0.3756955862045288 0.8782122135162354 0.07784589380025864 0.0 0.0 0.0 1.0
0.726825475692749 -0.45268821716308594 0.5165250301361084 -1.839974284172058 0.5860076546669006 0.8009749054908752 -0.12261436134576797 0.08978347480297089 -0.3582174777984619 0.39180684089660645 0.8474476933479309 0.08923915773630142 0.0 0.0 0.0 1.0
0.6622491478919983 -0.4846782684326172 0.5714132189750671 -1.8502777814865112 0.6398418545722961 0.7626538276672363 -0.09466525167226791 0.09678012132644653 -0.3899082839488983 0.42830607295036316 0.8151842951774597 0.09674814343452454 0.0 0.0 0.0 1.0
0.6047428250312805 -0.5244759917259216 0.5993422269821167 -1.86158287525177 0.6851847171783447 0.7262250185012817 -0.05584951117634773 0.10365207493305206 -0.40596556663513184 0.4444347023963928 0.7985422611236572 0.10479685664176941 0.0 0.0 0.0 1.0
0.527328372001648 -0.5727209448814392 0.6276268362998962 -1.8769701719284058 0.7324244379997253 0.6808229088783264 0.005884686950594187 0.11113907396793365 -0.4306730329990387 0.4565860629081726 0.7784920930862427 0.11512093245983124 0.0 0.0 0.0 1.0
0.48760879039764404 -0.5882152318954468 0.6451669931411743 -1.8894579410552979 0.7548379302024841 0.6553550362586975 0.027007298544049263 0.11453258991241455 -0.4386995732784271 0.4738275408744812 0.7635641098022461 0.12320972979068756 0.0 0.0 0.0 1.0
0.4588063359260559 -0.6035773158073425 0.6520668268203735 -1.902951955795288 0.7731814980506897 0.6328105330467224 0.04172808676958084 0.11542341858148575 -0.4378208816051483 0.4850209057331085 0.7570123076438904 0.13191021978855133 0.0 0.0 0.0 1.0
0.44154325127601624 -0.6120087504386902 0.6561133861541748 -1.9207463264465332 0.7811282277107239 0.6219872832298279 0.0545024499297142 0.11244425177574158 -0.44145017862319946 0.4884434938430786 0.7526916265487671 0.14390918612480164 0.0 0.0 0.0 1.0
0.4254017174243927 -0.607806921005249 0.6705252528190613 -1.9337916374206543 0.7821976542472839 0.6195898056030273 0.06538568437099457 0.10755810886621475 -0.455192506313324 0.49666810035705566 0.7389997243881226 0.15225571393966675 0.0 0.0 0.0 1.0
0.40218648314476013 -0.6158343553543091 0.6774910688400269 -1.9472609758377075 0.7841481566429138 0.6136686205863953 0.09231769293546677 0.1006067767739296 -0.4726073741912842 0.4941244125366211 0.729714572429657 0.15972746908664703 0.0 0.0 0.0 1.0
0.3894498348236084 -0.614295244216919 0.6862726807594299 -1.9641603231430054 0.7785878777503967 0.6176368594169617 0.11102069914340973 0.0872892290353775 -0.49206677079200745 0.49108657240867615 0.7188214063644409 0.16866427659988403 0.0 0.0 0.0 1.0
0.3874847888946533 -0.6030819416046143 0.6972429156303406 -1.9758200645446777 0.7729402184486389 0.6247280240058899 0.11080731451511383 0.07507620751857758 -0.5024130940437317 0.49599096179008484 0.7082189321517944 0.17483201622962952 0.0 0.0 0.0 1.0
0.3869888186454773 -0.601001501083374 0.6993116736412048 -1.987108588218689 0.7694999575614929 0.6283553242683411 0.11419030278921127 0.062169745564460754 -0.5080447793006897 0.493929922580719 0.7056370973587036 0.18117655813694 0.0 0.0 0.0 1.0
0.38768506050109863 -0.6014623641967773 0.6985294222831726 -2.0006377696990967 0.7662635445594788 0.6315088272094727 0.1184772402048111 0.04432732239365578 -0.5123870372772217 0.48932573199272156 0.7057051658630371 0.1910233050584793 0.0 0.0 0.0 1.0
0.38813233375549316 -0.60593181848526 0.6944061517715454 -2.0099096298217773 0.7650805115699768 0.6319263577461243 0.12377738952636719 0.030815275385975838 -0.5138142108917236 0.4832346439361572 0.7088577151298523 0.1995806246995926 0.0 0.0 0.0 1.0
0.38994595408439636 -0.6156336069107056 0.6847900748252869 -2.0180208683013916 0.7655894160270691 0.629975438117981 0.13039842247962952 0.017504656687378883 -0.5116785764694214 0.4734196960926056 0.7169789671897888 0.20722565054893494 0.0 0.0 0.0 1.0
0.3858724534511566 -0.6210329532623291 0.6822173595428467 -2.0279898643493652 0.7700363993644714 0.6240763068199158 0.1325620412826538 -0.0010132245952263474 -0.5080810785293579 0.47418013215065 0.7190318703651428 0.21735318005084991 0.0 0.0 0.0 1.0
0.3801521956920624 -0.6276125311851501 0.6794018149375916 -2.0345611572265625 0.7741142511367798 0.6178992390632629 0.13765062391757965 -0.015067266300320625 -0.5061931014060974 0.4736064076423645 0.7207395434379578 0.22512686252593994 0.0 0.0 0.0 1.0
0.3734833598136902 -0.6351040601730347 0.6761308908462524 -2.040713310241699 0.7771246433258057 0.6122241020202637 0.14580444991588593 -0.029403313994407654 -0.5065446496009827 0.47098246216773987 0.7222105264663696 0.23278002440929413 0.0 0.0 0.0 1.0
0.36687174439430237 -0.6374125480651855 0.6775768399238586 -2.0475265979766846 0.7787871360778809 0.6088265180587769 0.15106579661369324 -0.048360977321863174 -0.5088179707527161 0.4722663462162018 0.7197699546813965 0.24247360229492188 0.0 0.0 0.0 1.0
0.3631546199321747 -0.6380492448806763 0.6789785623550415 -2.051649332046509 0.7816610336303711 0.6052305102348328 0.15067198872566223 -0.06216415762901306 -0.5070747137069702 0.4760138690471649 0.7185304760932922 0.2502173185348511 0.0 0.0 0.0 1.0
0.3593335449695587 -0.6457726359367371 0.6736891865730286 -2.0547075271606445 0.7911929488182068 0.5936309695243835 0.14702396094799042 -0.07550831139087677 -0.4948667883872986 0.48018747568130493 0.7242422699928284 0.25735601782798767 0.0 0.0 0.0 1.0
0.35552144050598145 -0.6551682353019714 0.666602611541748 -2.057732343673706 0.8096977472305298 0.5721532106399536 0.13050007820129395 -0.09311147779226303 -0.4668983221054077 0.4933510720729828 0.7339010238647461 0.266611248254776 0.0 0.0 0.0 1.0
0.3508705794811249 -0.6662447452545166 0.6580332517623901 -2.0588526725769043 0.8207212686538696 0.5571514964103699 0.12648651003837585 -0.10538655519485474 -0.45089519023895264 0.4956814646720886 0.7422893047332764 0.27251607179641724 0.0 0.0 0.0 1.0
0.3466271460056305 -0.677463710308075 0.6487622857093811 -2.059011220932007 0.8283315300941467 0.5456116199493408 0.12718045711517334 -0.1175142377614975 -0.44013237953186035 0.493306040763855 0.7502883672714233 0.2791842222213745 0.0 0.0 0.0 1.0
0.33715489506721497 -0.6759976744651794 0.6552508473396301 -2.058436870574951 0.8312079310417175 0.5405545830726624 0.12997747957706451 -0.13325969874858856 -0.4420633316040039 0.5008271336555481 0.7441452741622925 0.28641337156295776 0.0 0.0 0.0 1.0
0.32396501302719116 -0.670296847820282 0.667644202709198 -2.0583126544952393 0.831653356552124 0.5381865501403809 0.13677667081356049 -0.14453768730163574 -0.45099812746047974 0.5109376907348633 0.7318082451820374 0.2915787994861603 0.0 0.0 0.0 1.0
0.3137386739253998 -0.6630442142486572 0.6796619892120361 -2.0570034980773926 0.8288900852203369 0.540407657623291 0.14457081258296967 -0.15562137961387634 -0.46315139532089233 0.5180076360702515 0.7191375494003296 0.29643139243125916 0.0 0.0 0.0 1.0
0.29509347677230835 -0.6653322577476501 0.6857497692108154 -2.0549328327178955 0.8289594650268555 0.535175621509552 0.16252146661281586 -0.17011293768882751 -0.47512733936309814 0.5204997658729553 0.7094603776931763 0.3029472827911377 0.0 0.0 0.0 1.0
0.2769913971424103 -0.6646551489830017 0.69390869140625 -2.052664041519165 0.8290079832077026 0.5304358005523682 0.17715412378311157 -0.18097570538520813 -0.4858204424381256 0.5261856913566589 0.6979305744171143 0.30863091349601746 0.0 0.0 0.0 1.0
0.25765925645828247 -0.6661176681518555 0.699927806854248 -2.050401449203491 0.82696932554245 0.5266762971878052 0.19680902361869812 -0.19129645824432373 -0.4997333884239197 0.5281091928482056 0.6865618824958801 0.31402096152305603 0.0 0.0 0.0 1.0
0.22949954867362976 -0.6656771302223206 0.7100731730461121 -2.046776056289673 0.8272283673286438 0.5178179144859314 0.21807752549648285 -0.2044783979654312 -0.5128578543663025 0.5373439788818359 0.6695060133934021 0.32138997316360474 0.0 0.0 0.0 1.0
0.20299631357192993 -0.6635226011276245 0.7200904488563538 -2.0438194274902344 0.8253358602523804 0.5116593837738037 0.23879975080490112 -0.21404162049293518 -0.5268900990486145 0.5458410382270813 0.6514939665794373 0.326427161693573 0.0 0.0 0.0 1.0
0.1709233820438385 -0.6710270047187805 0.7214623689651489 -2.041422128677368 0.8226227164268494 0.50020432472229 0.2703469693660736 -0.2232288271188736 -0.5422887206077576 0.5472827553749084 0.637498676776886 0.3316250443458557 0.0 0.0 0.0 1.0
0.13230347633361816 -0.6787289977073669 0.7223730087280273 -2.0385751724243164 0.8210220336914062 0.4833602011203766 0.30378562211990356 -0.23543889820575714 -0.5553544759750366 0.55289226770401 0.6212016940116882 0.3392375111579895 0.0 0.0 0.0 1.0
0.11582200974225998 -0.6782413721084595 0.725654125213623 -2.0370187759399414 0.8139880299568176 0.4834839999675751 0.32197314500808716 -0.24438346922397614 -0.5692176818847656 0.553382158279419 0.6080784797668457 0.3451731503009796 0.0 0.0 0.0 1.0
0.10069534927606583 -0.6771027445793152 0.7289666533470154 -2.0357582569122314 0.8076603412628174 0.4834892749786377 0.3375247120857239 -0.2533843219280243 -0.5809864401817322 0.554770290851593 0.5955541133880615 0.3514537811279297 0.0 0.0 0.0 1.0
0.08097794651985168 -0.6738530993461609 0.7344143986701965 -2.03409481048584 0.8006967902183533 0.482785165309906 0.35468733310699463 -0.2654980719089508 -0.5935715436935425 0.5593214631080627 0.5786470174789429 0.35994964838027954 0.0 0.0 0.0 1.0
0.07009278982877731 -0.6715574860572815 0.7376297116279602 -2.0325987339019775 0.7947801351547241 0.4844614565372467 0.3655429780483246 -0.2748813033103943 -0.6028363108634949 0.5606314539909363 0.5676977634429932 0.366950124502182 0.0 0.0 0.0 1.0
0.06155698001384735 -0.6721750497817993 0.7378288507461548 -2.0313010215759277 0.7916449308395386 0.48309242725372314 0.37405887246131897 -0.28428778052330017 -0.6078725457191467 0.5610725283622742 0.5618616938591003 0.3745589554309845 0.0 0.0 0.0 1.0
0.05394750088453293 -0.6768378615379333 0.7341526746749878 -2.029435157775879 0.7836154699325562 0.48438912630081177 0.38899102807044983 -0.2973032295703888 -0.618899405002594 0.554308295249939 0.556512176990509 0.38537126779556274 0.0 0.0 0.0 1.0
0.04765655845403671 -0.6745601296424866 0.7366800308227539 -2.027125597000122 0.7769291400909424 0.4885599911212921 0.3971022963523865 -0.30690997838974 -0.6277818083763123 0.5534236431121826 0.5473685264587402 0.39323678612709045 0.0 0.0 0.0 1.0
0.04283783957362175 -0.6753425598144531 0.7362590432167053 -2.0244805812835693 0.771378755569458 0.4906916320323944 0.4052116572856903 -0.31654468178749084 -0.634932816028595 0.5505762100219727 0.5419650673866272 0.4015887677669525 0.0 0.0 0.0 1.0
0.040865927934646606 -0.6806217432022095 0.7314943671226501 -2.019878625869751 0.76185142993927 0.4948996901512146 0.41791948676109314 -0.3297486901283264 -0.6464614272117615 0.5402113795280457 0.5387572050094604 0.4131549298763275 0.0 0.0 0.0 1.0
0.03655747324228287 -0.6837509870529175 0.7287991046905518 -2.0156166553497314 0.7518251538276672 0.4992637038230896 0.4306909739971161 -0.33947470784187317 -0.6583483219146729 0.5321845412254333 0.5323129892349243 0.42137330770492554 0.0 0.0 0.0 1.0
0.032155320048332214 -0.6893183588981628 0.7237445712089539 -2.0104808807373047 0.7411954998970032 0.5022323131561279 0.4454120993614197 -0.34898555278778076 -0.670518696308136 0.5221138596534729 0.527069091796875 0.4293918311595917 0.0 0.0 0.0 1.0
0.027345923706889153 -0.6961328387260437 0.7173920273780823 -2.0024590492248535 0.7350374460220337 0.5003817081451416 0.4575348198413849 -0.3612648546695709 -0.677474856376648 0.5147982835769653 0.5253670811653137 0.4394952654838562 0.0 0.0 0.0 1.0
0.022647272795438766 -0.6989396810531616 0.7148219347000122 -1.9962384700775146 0.7327262759208679 0.4980374872684479 0.46375733613967896 -0.37051013112068176 -0.6801465153694153 0.5132659673690796 0.5234106779098511 0.4459381103515625 0.0 0.0 0.0 1.0
0.016540776938199997 -0.6944068074226379 0.7193924784660339 -1.9895826578140259 0.730462908744812 0.49969354271888733 0.4655430316925049 -0.3793981969356537 -0.6827520132064819 0.5177891254425049 0.5155037641525269 0.45156675577163696 0.0 0.0 0.0 1.0
0.011668570339679718 -0.6916406750679016 0.7221474647521973 -1.980749487876892 0.7309678196907043 0.4986971616744995 0.465818852186203 -0.39065465331077576 -0.6823121905326843 0.5224311351776123 0.5113861560821533 0.459113746881485 0.0 0.0 0.0 1.0
0.010836124420166016 -0.68995600938797 0.7237702012062073 -1.9738209247589111 0.7320964336395264 0.49850258231163025 0.4642520248889923 -0.3988245725631714 -0.6811147928237915 0.524838924407959 0.5105161666870117 0.4650067389011383 0.0 0.0 0.0 1.0
0.013247364200651646 -0.6963689923286438 0.717561662197113 -1.9668076038360596 0.7313689589500427 0.49610576033592224 0.46795138716697693 -0.4065937399864197 -0.6818532943725586 0.5186032056808472 0.5158748030662537 0.4715016186237335 0.0 0.0 0.0 1.0
0.015402073971927166 -0.6961551308631897 0.7177261710166931 -1.9572646617889404 0.7269865274429321 0.5006175637245178 0.4699708819389343 -0.4164842665195465 -0.6864789724349976 0.5145387053489685 0.5138059258460999 0.4790693521499634 0.0 0.0 0.0 1.0
0.017588801681995392 -0.6895431280136108 0.7240310311317444 -1.9504197835922241 0.7258338928222656 0.5068362951278687 0.4650614559650421 -0.42328891158103943 -0.6876451373100281 0.5173463821411133 0.5094084143638611 0.4842146635055542 0.0 0.0 0.0 1.0
0.02199576608836651 -0.6851885318756104 0.7280336022377014 -1.943914771080017 0.7236021161079407 0.5134001970291138 0.4613244831562042 -0.42923295497894287 -0.6898667812347412 0.5166594386100769 0.5070964694023132 0.4891504943370819 0.0 0.0 0.0 1.0
0.024090472608804703 -0.6847618818283081 0.7283685803413391 -1.936395287513733 0.7200978398323059 0.5172693729400635 0.4624840319156647 -0.43548154830932617 -0.6934542059898376 0.5133551955223083 0.5055568218231201 0.4953426122665405 0.0 0.0 0.0 1.0
0.029552437365055084 -0.676449179649353 0.7358961701393127 -1.9308372735977173 0.7175722718238831 0.5268833041191101 0.4555041491985321 -0.4395199716091156 -0.6958568096160889 0.5145974159240723 0.5009718537330627 0.5002396106719971 0.0 0.0 0.0 1.0
0.036843493580818176 -0.6726832389831543 0.7390127182006836 -1.9252758026123047 0.7131522297859192 0.5357407331466675 0.45210152864456177 -0.4429463744163513 -0.700040340423584 0.5103715658187866 0.49946412444114685 0.5052104592323303 0.0 0.0 0.0 1.0
0.03759772330522537 -0.6686534285545349 0.7426230907440186 -1.915463924407959 0.7053046822547913 0.544208288192749 0.45429354906082153 -0.4469642639160156 -0.7079066038131714 0.5066951513290405 0.4920653700828552 0.5121698975563049 0.0 0.0 0.0 1.0
0.03646247088909149 -0.6755814552307129 0.7363831996917725 -1.9075270891189575 0.6961153149604797 0.5458626747131348 0.46632325649261475 -0.44909951090812683 -0.7170034646987915 0.49560433626174927 0.49018609523773193 0.5171595811843872 0.0 0.0 0.0 1.0
0.03619922325015068 -0.6831814050674438 0.7293509244918823 -1.899860143661499 0.6922887563705444 0.5434849262237549 0.47472137212753296 -0.45094600319862366 -0.7207120656967163 0.48773691058158875 0.49263253808021545 0.5215297341346741 0.0 0.0 0.0 1.0
0.0369894877076149 -0.6810526251792908 0.731299638748169 -1.890284538269043 0.6888043880462646 0.5475645065307617 0.4751017093658447 -0.4530445337295532 -0.7240029573440552 0.4861486256122589 0.48936617374420166 0.5249184370040894 0.0 0.0 0.0 1.0
0.03352963179349899 -0.6914905309677124 0.721606969833374 -1.8842320442199707 0.6877312064170837 0.5398549437522888 0.4853683412075043 -0.45333632826805115 -0.7251906991004944 0.4799974262714386 0.49366074800491333 0.5265035629272461 0.0 0.0 0.0 1.0
0.03268764913082123 -0.6899650692939758 0.7231042385101318 -1.879194974899292 0.6862995624542236 0.5414528846740723 0.48561474680900574 -0.454009085893631 -0.7265840768814087 0.4803924858570099 0.49122154712677 0.5266909003257751 0.0 0.0 0.0 1.0
0.0348399393260479 -0.6807329058647156 0.7317027449607849 -1.8734854459762573 0.686988353729248 0.548052191734314 0.4771643877029419 -0.4539599120616913 -0.7258327603340149 0.4860468804836273 0.48674964904785156 0.5247909426689148 0.0 0.0 0.0 1.0
0.03480582311749458 -0.6805382966995239 0.7318853735923767 -1.870705246925354 0.6803447008132935 0.5525724291801453 0.4814507067203522 -0.4528120756149292 -0.7320653200149536 0.48117706179618835 0.48223334550857544 0.5223226547241211 0.0 0.0 0.0 1.0
0.02889959327876568 -0.6741890907287598 0.7379931211471558 -1.8673173189163208 0.6717875003814697 0.5598042011260986 0.4850987195968628 -0.45054835081100464 -0.7401799559593201 0.48175540566444397 0.46908992528915405 0.5191088914871216 0.0 0.0 0.0 1.0
0.02040032669901848 -0.6774076819419861 0.7353249192237854 -1.8633121252059937 0.6636447906494141 0.5592575073242188 0.4967963695526123 -0.4459875226020813 -0.7477695941925049 0.4778597354888916 0.460967093706131 0.514162540435791 0.0 0.0 0.0 1.0
0.015392620116472244 -0.676925778388977 0.7358903288841248 -1.860378384590149 0.661084771156311 0.5590513348579407 0.5004283785820007 -0.440979540348053 -0.7501533031463623 0.47878298163414 0.45611056685447693 0.5101658701896667 0.0 0.0 0.0 1.0
0.004351349547505379 -0.682121753692627 0.7312256693840027 -1.8582308292388916 0.6642884016036987 0.5485467314720154 0.5077571868896484 -0.4347482919692993 -0.7474637031555176 0.4835353195667267 0.45551249384880066 0.5055485367774963 0.0 0.0 0.0 1.0
-0.005034821107983589 -0.6870790719985962 0.7265651822090149 -1.857527494430542 0.6684858202934265 0.5380533337593079 0.5134444832801819 -0.4254753589630127 -0.7437078356742859 0.488283634185791 0.4565936326980591 0.49949148297309875 0.0 0.0 0.0 1.0
-0.012234407477080822 -0.6868293881416321 0.7267156839370728 -1.857615351676941 0.6685897707939148 0.5347974300384521 0.5167005658149719 -0.4174186885356903 -0.743530809879303 0.4921962022781372 0.45266416668891907 0.49502021074295044 0.0 0.0 0.0 1.0
-0.022042566910386086 -0.6931234002113342 0.720481812953949 -1.8592393398284912 0.6679450273513794 0.5260055661201477 0.5264670848846436 -0.40800657868385315 -0.7438841462135315 0.49284693598747253 0.45137378573417664 0.49049416184425354 0.0 0.0 0.0 1.0
-0.03891991823911667 -0.6918624639511108 0.7209795713424683 -1.8621219396591187 0.6688533425331116 0.5180113911628723 0.533197283744812 -0.39408138394355774 -0.742374837398529 0.5029816031455994 0.4425935745239258 0.4839712083339691 0.0 0.0 0.0 1.0
-0.05524605140089989 -0.6957648396492004 0.7161418795585632 -1.8652390241622925 0.6716616153717041 0.5048055052757263 0.5422564744949341 -0.3816748857498169 -0.7387953400611877 0.5109625458717346 0.43943002820014954 0.47894102334976196 0.0 0.0 0.0 1.0
-0.07316690683364868 -0.7044584155082703 0.7059638500213623 -1.8683501482009888 0.6780068874359131 0.4839899241924286 0.5532272458076477 -0.36876073479652405 -0.7314049601554871 0.519126296043396 0.44221562147140503 0.4749843180179596 0.0 0.0 0.0 1.0
-0.0858640968799591 -0.7143133282661438 0.6945385932922363 -1.8739078044891357 0.6836693286895752 0.464843213558197 0.562598466873169 -0.3525654673576355 -0.7247231006622314 0.5231417417526245 0.4484407603740692 0.4707658588886261 0.0 0.0 0.0 1.0
-0.10048064589500427 -0.7137132883071899 0.6931933164596558 -1.8785361051559448 0.6767892241477966 0.4616627097129822 0.573431670665741 -0.34028610587120056 -0.729287326335907 0.5267645716667175 0.4366452693939209 0.46699678897857666 0.0 0.0 0.0 1.0
-0.12056344747543335 -0.7253036499023438 0.6777898669242859 -1.8837281465530396 0.6716617941856384 0.4431603252887726 0.5936997532844543 -0.32787856459617615 -0.7309821844100952 0.5268239974975586 0.43372979760169983 0.46395277976989746 0.0 0.0 0.0 1.0
-0.13630062341690063 -0.7392297983169556 0.6595160365104675 -1.8903627395629883 0.6787804961204529 0.4152159094810486 0.6056837439537048 -0.31216952204704285 -0.7215810418128967 0.530221700668335 0.4451805651187897 0.46110692620277405 0.0 0.0 0.0 1.0
-0.14695970714092255 -0.7464439868927002 0.649017870426178 -1.895707130432129 0.6919929385185242 0.3912581205368042 0.6066818237304688 -0.3018561005592346 -0.7067875266075134 0.5382735729217529 0.45903480052948 0.45944544672966003 0.0 0.0 0.0 1.0
-0.1566176563501358 -0.7516592741012573 0.640686571598053 -1.9009512662887573 0.7026235461235046 0.3710956573486328 0.6071311235427856 -0.29266369342803955 -0.694111704826355 0.5452488660812378 0.4700133502483368 0.4582670331001282 0.0 0.0 0.0 1.0
-0.17139527201652527 -0.7569624781608582 0.6305803060531616 -1.9090187549591064 0.7087723612785339 0.34982621669769287 0.6125873923301697 -0.28151053190231323 -0.6842991709709167 0.5519324541091919 0.4765555262565613 0.45736029744148254 0.0 0.0 0.0 1.0
-0.17561189830303192 -0.760405421257019 0.6252551674842834 -1.9150786399841309 0.7114353775978088 0.34097152948379517 0.6144900918006897 -0.27460771799087524 -0.6804558038711548 0.5527404546737671 0.4811006784439087 0.4574556052684784 0.0 0.0 0.0 1.0
-0.17486272752285004 -0.7640805840492249 0.6209700703620911 -1.9214996099472046 0.7076792120933533 0.34096017479896545 0.618818461894989 -0.2684168517589569 -0.6845532655715942 0.5476558804512024 0.48110273480415344 0.45845794677734375 0.0 0.0 0.0 1.0
-0.17608319222927094 -0.7712815403938293 0.6116530895233154 -1.9301934242248535 0.7015386819839478 0.33755800127983093 0.6276130080223083 -0.2600564658641815 -0.6905347108840942 0.5396103858947754 0.48164552450180054 0.4604126811027527 0.0 0.0 0.0 1.0
-0.1672223061323166 -0.7788408994674683 0.604519248008728 -1.9367438554763794 0.6974538564682007 0.33992642164230347 0.6308789253234863 -0.2540965676307678 -0.6968463659286499 0.5271213054656982 0.4863623082637787 0.4622516334056854 0.0 0.0 0.0 1.0
-0.15484055876731873 -0.7872685194015503 0.5968523025512695 -1.943955898284912 0.6935747861862183 0.34360426664352417 0.6331588625907898 -0.24804149568080902 -0.7035470604896545 0.5120003819465637 0.4928257167339325 0.4645523428916931 0.0 0.0 0.0 1.0
-0.14066776633262634 -0.7940220236778259 0.591389536857605 -1.9534434080123901 0.6849921941757202 0.35323017835617065 0.6371923685073853 -0.23974338173866272 -0.7148414254188538 0.4947296380996704 0.494210809469223 0.4678731858730316 0.0 0.0 0.0 1.0
-0.12587392330169678 -0.8015913963317871 0.5844715237617493 -1.9610364437103271 0.6776849031448364 0.36078745126724243 0.64076167345047 -0.23309563100337982 -0.7244990468025208 0.4767427444458008 0.4978126883506775 0.47069692611694336 0.0 0.0 0.0 1.0
-0.11006250232458115 -0.8119392991065979 0.5732719898223877 -1.9689624309539795 0.6747502684593201 0.36246243119239807 0.642909824848175 -0.226524218916893 -0.7297933101654053 0.4575757086277008 0.5079627633094788 0.47403377294540405 0.0 0.0 0.0 1.0
-0.08530128747224808 -0.8236787915229797 0.5606040954589844 -1.9808340072631836 0.6718602776527405 0.36793598532676697 0.6428272724151611 -0.21785204112529755 -0.7357496023178101 0.43148162961006165 0.5220116376876831 0.4778898358345032 0.0 0.0 0.0 1.0
-0.06348744034767151 -0.8342444896697998 0.5477275848388672 -1.990248203277588 0.6695752143859863 0.37136605381965637 0.64323890209198 -0.21164393424987793 -0.7400259375572205 0.4075824022293091 0.5350123643875122 0.4803820848464966 0.0 0.0 0.0 1.0
-0.044420503079891205 -0.8439596891403198 0.5345641374588013 -1.9998337030410767 0.6682806611061096 0.37263965606689453 0.6438482999801636 -0.20547819137573242 -0.742581844329834 0.38583892583847046 0.5474491119384766 0.48187991976737976 0.0 0.0 0.0 1.0
-0.01740831322968006 -0.8489461541175842 0.5281925797462463 -2.012529134750366 0.6710256934165955 0.38171079754829407 0.6356267929077148 -0.19835691154003143 -0.7412297129631042 0.3654959499835968 0.5630197525024414 0.4825148284435272 0.0 0.0 0.0 1.0
0.005148613825440407 -0.8500282168388367 0.5267120003700256 -2.0220699310302734 0.6700185537338257 0.39393502473831177 0.6291981935501099 -0.19341062009334564 -0.7423264980316162 0.3496673107147217 0.5715628862380981 0.4817943274974823 0.0 0.0 0.0 1.0
0.025543227791786194 -0.8483902215957642 0.528754711151123 -2.031440019607544 0.6650707721710205 0.4093121290206909 0.6246154308319092 -0.18904592096805573 -0.7463433742523193 0.33570459485054016 0.5746946930885315 0.47979217767715454 0.0 0.0 0.0 1.0
0.05323393642902374 -0.845565915107727 0.5312103033065796 -2.0436666011810303 0.6573362946510315 0.4301261305809021 0.618789553642273 -0.18311670422554016 -0.751714825630188 0.3162432014942169 0.5787184834480286 0.475389301776886 0.0 0.0 0.0 1.0
0.07392817735671997 -0.839290201663971 0.5386340022087097 -2.0528066158294678 0.6515244245529175 0.4495600461959839 0.6110742092132568 -0.17850002646446228 -0.7550169229507446 0.305757611989975 0.5800532102584839 0.4706116318702698 0.0 0.0 0.0 1.0
0.09711816161870956 -0.8329223990440369 0.5448012351989746 -2.061910629272461 0.6482791900634766 0.4682822525501251 0.6003714203834534 -0.17346835136413574 -0.7551835179328918 0.2948763370513916 0.585444986820221 0.4652368724346161 0.0 0.0 0.0 1.0
0.13461872935295105 -0.8276350498199463 0.5448834896087646 -2.0737364292144775 0.6452369689941406 0.4905470013618469 0.5856901407241821 -0.16573859751224518 -0.7520286440849304 0.2727341055870056 0.6000575423240662 0.45726925134658813 0.0 0.0 0.0 1.0
0.15990330278873444 -0.8233682513237 0.5445141196250916 -2.0826635360717773 0.6422373056411743 0.5056765079498291 0.5760403871536255 -0.15858915448188782 -0.7496413588523865 0.25759652256965637 0.6096571683883667 0.450044184923172 0.0 0.0 0.0 1.0
0.17940202355384827 -0.8206416368484497 0.5425515174865723 -2.0910110473632812 0.6413612961769104 0.5157507061958313 0.56802898645401 -0.15092866122722626 -0.7459695935249329 0.24606601893901825 0.6188545227050781 0.44140034914016724 0.0 0.0 0.0 1.0
0.20108067989349365 -0.8200240135192871 0.5358425378799438 -2.101412296295166 0.6412504315376282 0.5237120389938354 0.5608240365982056 -0.1390155702829361 -0.7405163645744324 0.2308383584022522 0.6311491131782532 0.42835333943367004 0.0 0.0 0.0 1.0
0.21361196041107178 -0.8188489675521851 0.5327816605567932 -2.108959674835205 0.6388823986053467 0.5296736359596252 0.5579203963279724 -0.12964315712451935 -0.739052951335907 0.22120636701583862 0.6362928152084351 0.4169948995113373 0.0 0.0 0.0 1.0
0.22058455646038055 -0.8151687383651733 0.5355767011642456 -2.115640878677368 0.6373124122619629 0.5361327528953552 0.5535292029380798 -0.11980418115854263 -0.7383599281311035 0.21922968327999115 0.637779712677002 0.4045724868774414 0.0 0.0 0.0 1.0
0.23032622039318085 -0.811950147151947 0.5363643765449524 -2.123415231704712 0.6378007531166077 0.5422477722167969 0.546971321105957 -0.1069055050611496 -0.7349557876586914 0.21611176431179047 0.6427562832832336 0.3871597945690155 0.0 0.0 0.0 1.0
0.2423662394285202 -0.8085812330245972 0.5361483097076416 -2.1286842823028564 0.6403824687004089 0.5484673380851746 0.5376745462417603 -0.09768874943256378 -0.7288133502006531 0.21302583813667297 0.6507312059402466 0.3741386830806732 0.0 0.0 0.0 1.0
0.2616797983646393 -0.7957282662391663 0.5462052822113037 -2.134791374206543 0.6412089467048645 0.5663114190101624 0.5178247094154358 -0.08667360246181488 -0.7213700413703918 0.21472743153572083 0.6584203839302063 0.3557348847389221 0.0 0.0 0.0 1.0
0.2796785533428192 -0.7846182584762573 0.5533119440078735 -2.1389522552490234 0.6415168642997742 0.5814948081970215 0.50031977891922 -0.07896437495946884 -0.7143080830574036 0.215030238032341 0.6659774780273438 0.3418833613395691 0.0 0.0 0.0 1.0
0.2999579608440399 -0.7767157554626465 0.5538392066955566 -2.1424498558044434 0.6401559114456177 0.5943315029144287 0.486796110868454 -0.0710596963763237 -0.7072663307189941 0.20852507650852203 0.6754936575889587 0.32814061641693115 0.0 0.0 0.0 1.0
0.3237995207309723 -0.7666403651237488 0.5544514060020447 -2.1468617916107178 0.6326095461845398 0.6111939549446106 0.4756544232368469 -0.06132323667407036 -0.7035332322120667 0.19673459231853485 0.6828883290290833 0.30941906571388245 0.0 0.0 0.0 1.0
0.3413241505622864 -0.7536815404891968 0.5616600513458252 -2.1493701934814453 0.6265705227851868 0.6278576850891113 0.4617403447628021 -0.05437074974179268 -0.7006477117538452 0.19431649148464203 0.6865375638008118 0.29512426257133484 0.0 0.0 0.0 1.0
0.3561994135379791 -0.7428866624832153 0.5667815804481506 -2.1509618759155273 0.6215605735778809 0.6412825584411621 0.44991010427474976 -0.046675387769937515 -0.6976993680000305 0.1920313984155655 0.6901735663414001 0.2815350294113159 0.0 0.0 0.0 1.0
0.3731939196586609 -0.7397591471672058 0.5598952770233154 -2.1519935131073 0.6133176684379578 0.6495316028594971 0.4493885636329651 -0.036022309213876724 -0.6961089968681335 0.1756845861673355 0.6961086392402649 0.2637210488319397 0.0 0.0 0.0 1.0
0.38169315457344055 -0.7310314774513245 0.5655999779701233 -2.151486873626709 0.6113582253456116 0.65862637758255 0.438694030046463 -0.028001772239804268 -0.6932181715965271 0.1783376932144165 0.6983152627944946 0.25045061111450195 0.0 0.0 0.0 1.0
0.3889448642730713 -0.7216475009918213 0.572666347026825 -2.150282859802246 0.6096829175949097 0.6676428914070129 0.42724665999412537 -0.01969217136502266 -0.6906580924987793 0.18296949565410614 0.6996524333953857 0.23718859255313873 0.0 0.0 0.0 1.0
0.40411797165870667 -0.7166548371315002 0.5684139728546143 -2.147233486175537 0.6049509048461914 0.6755037903785706 0.4215792119503021 -0.008301880210638046 -0.6860926151275635 0.17349481582641602 0.7065242528915405 0.22065190970897675 0.0 0.0 0.0 1.0
0.41496723890304565 -0.7107681035995483 0.567988395690918 -2.1442861557006836 0.6054926514625549 0.6816965937614441 0.4106925427913666 0.00015936675481498241 -0.6791029572486877 0.17348887026309967 0.7132466435432434 0.20862191915512085 0.0 0.0 0.0 1.0
0.4255795180797577 -0.7029027342796326 0.5699208378791809 -2.1405014991760254 0.6087934374809265 0.6883611679077148 0.39437222480773926 0.008815674111247063 -0.6695167422294617 0.17912732064723969 0.7208749651908875 0.19656015932559967 0.0 0.0 0.0 1.0
0.43899089097976685 -0.6980297565460205 0.5657221078872681 -2.1344501972198486 0.6085377931594849 0.6942217350006104 0.3843669295310974 0.02059205062687397 -0.6610360741615295 0.17552970349788666 0.7295345067977905 0.18060651421546936 0.0 0.0 0.0 1.0
0.4462585151195526 -0.696105420589447 0.5623971819877625 -2.1291284561157227 0.6078709363937378 0.6970017552375793 0.38037019968032837 0.029658939689397812 -0.6567695736885071 0.17212143540382385 0.7341852188110352 0.16845372319221497 0.0 0.0 0.0 1.0
0.4488525688648224 -0.694875180721283 0.5618538856506348 -2.123256206512451 0.6071822643280029 0.6984707117080688 0.37877219915390015 0.0389653742313385 -0.6556379199028015 0.1711348444223404 0.7354263067245483 0.15591438114643097 0.0 0.0 0.0 1.0
0.4496851861476898 -0.6919808983802795 0.5647526979446411 -2.114788293838501 0.6022403240203857 0.7018444538116455 0.38042208552360535 0.051251161843538284 -0.6596133708953857 0.16904667019844055 0.732347846031189 0.13846717774868011 0.0 0.0 0.0 1.0
0.4489496350288391 -0.688278317451477 0.569839596748352 -2.1084237098693848 0.6000996828079224 0.704746425151825 0.37843480706214905 0.05966098979115486 -0.6620608568191528 0.17206239700317383 0.7294312119483948 0.12426232546567917 0.0 0.0 0.0 1.0
0.4496774971485138 -0.6863243579864502 0.5716196298599243 -2.1017990112304688 0.602226197719574 0.705599308013916 0.3734343647956848 0.06771208345890045 -0.6596314907073975 0.17631930112838745 0.7306146621704102 0.11030950397253036 0.0 0.0 0.0 1.0
0.45721161365509033 -0.6868730783462524 0.5649451017379761 -2.0924606323242188 0.6041330099105835 0.7060425281524658 0.36949601769447327 0.07750165462493896 -0.6526721119880676 0.17236408591270447 0.7377734780311584 0.09102890640497208 0.0 0.0 0.0 1.0
0.46114063262939453 -0.6793254613876343 0.5708469748497009 -2.0849225521087646 0.6041297316551208 0.7115631699562073 0.3587549924850464 0.08361504971981049 -0.6499050855636597 0.17942912876605988 0.7385313510894775 0.0750807672739029 0.0 0.0 0.0 1.0
0.4648245573043823 -0.6699156165122986 0.57892245054245 -2.0768582820892334 0.6048338413238525 0.7177639603614807 0.34495067596435547 0.08889467269182205 -0.6466174721717834 0.18981032073497772 0.7388219237327576 0.05843402445316315 0.0 0.0 0.0 1.0
0.4737563729286194 -0.6678192019462585 0.5740839838981628 -2.0655746459960938 0.6024211049079895 0.7212545275688171 0.34187817573547363 0.09530320018529892 -0.6423735022544861 0.18387335538864136 0.7440073490142822 0.03566429391503334 0.0 0.0 0.0 1.0
0.4789884686470032 -0.6619030237197876 0.5765886306762695 -2.0558080673217773 0.5969510078430176 0.7271908521652222 0.3388848900794983 0.09842875599861145 -0.6435989141464233 0.18187320232391357 0.7434397339820862 0.017287807539105415 0.0 0.0 0.0 1.0
0.4858662188053131 -0.6483867764472961 0.5861130952835083 -2.045626640319824 0.5900055766105652 0.7380508780479431 0.3273748457431793 0.09997478872537613 -0.6448468565940857 0.1867496371269226 0.7411458492279053 -0.0014246453065425158 0.0 0.0 0.0 1.0
0.501757800579071 -0.6313207745552063 0.5913317203521729 -2.031891107559204 0.5735281705856323 0.7545528411865234 0.31892865896224976 0.1008865237236023 -0.6475372910499573 0.17912045121192932 0.7406829595565796 -0.02669505961239338 0.0 0.0 0.0 1.0
0.513813316822052 -0.6210365295410156 0.5918695330619812 -2.022021532058716 0.5599651336669922 0.7654508352279663 0.31705528497695923 0.1007181853055954 -0.6499499678611755 0.16851907968521118 0.7410576343536377 -0.04621594399213791 0.0 0.0 0.0 1.0
0.5245642066001892 -0.6046542525291443 0.5993543267250061 -2.011669874191284 0.5473448634147644 0.7787333130836487 0.3065747618675232 0.0995216965675354 -0.652108907699585 0.1672353893518448 0.7394499778747559 -0.06563524901866913 0.0 0.0 0.0 1.0
0.5371639728546143 -0.5929255485534668 0.5999117493629456 -1.998483419418335 0.5345091819763184 0.7894836664199829 0.30168768763542175 0.09730467200279236 -0.6524989008903503 0.15860258042812347 0.7410063743591309 -0.09122084081172943 0.0 0.0 0.0 1.0
0.5487574934959412 -0.5854771137237549 0.5967259407043457 -1.989270567893982 0.528716504573822 0.7959759831428528 0.2947560250759125 0.0949234813451767 -0.6475523710250854 0.1537492722272873 0.7463491559028625 -0.10984053462743759 0.0 0.0 0.0 1.0
0.5605125427246094 -0.5752126574516296 0.5957819223403931 -1.980823278427124 0.5231532454490662 0.8036313652992249 0.2837027311325073 0.09206598997116089 -0.6419784426689148 0.15266633033752441 0.751369833946228 -0.12826792895793915 0.0 0.0 0.0 1.0
0.5763687491416931 -0.560872495174408 0.5943241119384766 -1.9707692861557007 0.513450562953949 0.8143459558486938 0.27057191729545593 0.08743515610694885 -0.6357417702674866 0.14920686185359955 0.7573438286781311 -0.152386873960495 0.0 0.0 0.0 1.0
0.5878329277038574 -0.5530884265899658 0.5903775095939636 -1.963929295539856 0.5029742121696472 0.8214523792266846 0.26876193284988403 0.08365847170352936 -0.6336160898208618 0.13895753026008606 0.7610659599304199 -0.1700257956981659 0.0 0.0 0.0 1.0
0.5973094701766968 -0.5382155776023865 0.594596803188324 -1.9575142860412598 0.49003493785858154 0.8318154215812683 0.2606699764728546 0.0792304128408432 -0.6348914504051208 0.13567255437374115 0.7605956792831421 -0.18712136149406433 0.0 0.0 0.0 1.0
0.6081128716468811 -0.5197016000747681 0.6000908017158508 -1.9498498439788818 0.4745362401008606 0.8439769744873047 0.2500365078449249 0.07295980304479599 -0.636407196521759 0.1327143907546997 0.7598505020141602 -0.2099948525428772 0.0 0.0 0.0 1.0
0.6157190203666687 -0.5141245126724243 0.5971315503120422 -1.944879412651062 0.4719129204750061 0.8474767208099365 0.2430666834115982 0.06830126792192459 -0.6310216188430786 0.13213331997394562 0.76442950963974 -0.22660064697265625 0.0 0.0 0.0 1.0
0.6244154572486877 -0.5080227851867676 0.5933111906051636 -1.9405137300491333 0.4739754796028137 0.8501965403556824 0.22915734350681305 0.06353376060724258 -0.6208482384681702 0.13812555372714996 0.7716662287712097 -0.24281613528728485 0.0 0.0 0.0 1.0
0.6428984999656677 -0.48889169096946716 0.5896324515342712 -1.9347493648529053 0.4745500981807709 0.8584939241409302 0.194397434592247 0.05794935300946236 -0.6012352108955383 0.15483233332633972 0.7839280366897583 -0.263702392578125 0.0 0.0 0.0 1.0
0.6598063707351685 -0.4814373850822449 0.5769519805908203 -1.9308013916015625 0.4766371250152588 0.8617140054702759 0.17397136986255646 0.05480413883924484 -0.5809239149093628 0.16020932793617249 0.7980353236198425 -0.2784469425678253 0.0 0.0 0.0 1.0
0.6782875061035156 -0.4772709906101227 0.558693528175354 -1.9262373447418213 0.4800347089767456 0.8634755611419678 0.15484392642974854 0.05317814648151398 -0.5563207268714905 0.16316360235214233 0.8147913217544556 -0.29186394810676575 0.0 0.0 0.0 1.0
0.7075042128562927 -0.46893027424812317 0.5287175178527832 -1.9188954830169678 0.47599074244499207 0.8691888451576233 0.13395342230796814 0.05175464227795601 -0.5223702192306519 0.15689203143119812 0.8381612300872803 -0.3095286190509796 0.0 0.0 0.0 1.0
0.7230744957923889 -0.461902379989624 0.513623833656311 -1.9122881889343262 0.47141292691230774 0.8734545707702637 0.12184804677963257 0.050979334861040115 -0.5049090385437012 0.15402372181415558 0.8493194580078125 -0.3230520188808441 0.0 0.0 0.0 1.0
0.7357383966445923 -0.4524326026439667 0.5039779543876648 -1.9045937061309814 0.46715736389160156 0.8777936100959778 0.10603007674217224 0.05036531016230583 -0.4903600811958313 0.1574266105890274 0.8571836948394775 -0.33715155720710754 0.0 0.0 0.0 1.0
0.7501603960990906 -0.434136301279068 0.49878355860710144 -1.8935426473617554 0.45273247361183167 0.8869785666465759 0.09111691266298294 0.049779269844293594 -0.4819675087928772 0.1574632227420807 0.8619238138198853 -0.35705915093421936 0.0 0.0 0.0 1.0
0.7599866390228271 -0.41914102435112 0.4967304468154907 -1.884675145149231 0.4370344877243042 0.8952506184577942 0.08675917983055115 0.04939388483762741 -0.4810625910758972 0.15115250647068024 0.8635575771331787 -0.37283849716186523 0.0 0.0 0.0 1.0
0.7701972723007202 -0.40434762835502625 0.493253618478775 -1.8753750324249268 0.4248325824737549 0.9020664691925049 0.07611409574747086 0.04835877940058708 -0.47572410106658936 0.1509273201227188 0.8665491938591003 -0.38907691836357117 0.0 0.0 0.0 1.0
0.7785714268684387 -0.3902595639228821 0.49145087599754333 -1.8627132177352905 0.41406506299972534 0.9079232215881348 0.06500441581010818 0.04615489020943642 -0.4715682566165924 0.15288205444812775 0.8684759140014648 -0.4120386838912964 0.0 0.0 0.0 1.0
0.7872512936592102 -0.3768441677093506 0.48808184266090393 -1.854314923286438 0.3984712064266205 0.914964497089386 0.06372309476137161 0.044330574572086334 -0.4705912470817566 0.14432047307491302 0.8704685568809509 -0.42981788516044617 0.0 0.0 0.0 1.0
0.7979205250740051 -0.3624267876148224 0.4816322326660156 -1.8466209173202515 0.37812575697898865 0.9232321977615356 0.06828810274600983 0.04207368195056915 -0.4694078266620636 0.12762907147407532 0.8737088441848755 -0.448040634393692 0.0 0.0 0.0 1.0
0.7989950180053711 -0.3359832465648651 0.49872058629989624 -1.8365501165390015 0.3572325110435486 0.9323474764823914 0.05579502880573273 0.037717897444963455 -0.4837270975112915 0.13357926905155182 0.8649651408195496 -0.47349151968955994 0.0 0.0 0.0 1.0
0.7941544651985168 -0.3141797184944153 0.5202017426490784 -1.8287549018859863 0.3436386287212372 0.9381622076034546 0.042001787573099136 0.033975861966609955 -0.5012297034263611 0.14540550112724304 0.8530099987983704 -0.4918695390224457 0.0 0.0 0.0 1.0
0.7928357124328613 -0.2839531898498535 0.5392422080039978 -1.8205255270004272 0.3205167055130005 0.9468482136726379 0.027341121807694435 0.029843926429748535 -0.5183441042900085 0.1511591076850891 0.8417068123817444 -0.5090687870979309 0.0 0.0 0.0 1.0
0.7938343286514282 -0.23374076187610626 0.5614199638366699 -1.8085522651672363 0.2861483097076416 0.9581684470176697 -0.005684381350874901 0.023068325594067574 -0.5366062521934509 0.1651618331670761 0.8275115489959717 -0.5294545888900757 0.0 0.0 0.0 1.0
0.7998965382575989 -0.19495078921318054 0.5675911903381348 -1.799225926399231 0.26118266582489014 0.9645887017250061 -0.03677256032824516 0.017569128423929214 -0.5403231978416443 0.17765922844409943 0.8224889039993286 -0.5418770909309387 0.0 0.0 0.0 1.0
0.8110606670379639 -0.15714336931705475 0.5634593963623047 -1.7893650531768799 0.23071858286857605 0.9710891842842102 -0.06127603352069855 0.012689178809523582 -0.5375401973724365 0.1796991527080536 0.8238681554794312 -0.5521454215049744 0.0 0.0 0.0 1.0
0.8291914463043213 -0.11631649732589722 0.5467284321784973 -1.7756563425064087 0.19285552203655243 0.9775809049606323 -0.08451244980096817 0.006725137121975422 -0.5246410965919495 0.17551660537719727 0.8330339789390564 -0.5624163746833801 0.0 0.0 0.0 1.0
0.8476713299751282 -0.08902597427368164 0.5229987502098083 -1.7649133205413818 0.17108114063739777 0.9790256023406982 -0.11063481122255325 0.0023713186383247375 -0.5021798014640808 0.18325717747211456 0.8451226353645325 -0.5676097273826599 0.0 0.0 0.0 1.0
0.8677952885627747 -0.06280925869941711 0.4929364025592804 -1.7535849809646606 0.14249560236930847 0.9817733764648438 -0.12576176226139069 -0.0021058248821645975 -0.47605282068252563 0.1793767362833023 0.8609284162521362 -0.5707264542579651 0.0 0.0 0.0 1.0
0.8914992809295654 -0.02351381443440914 0.4524115025997162 -1.7365477085113525 0.09034760296344757 0.9878188967704773 -0.12669314444065094 -0.007706602569669485 -0.44392159581184387 0.15382114052772522 0.8827642202377319 -0.572253942489624 0.0 0.0 0.0 1.0
0.9021949172019958 0.006447231397032738 0.43128031492233276 -1.7227089405059814 0.056620024144649506 0.9894658327102661 -0.13323494791984558 -0.011326760053634644 -0.42759615182876587 0.14462299644947052 0.8923259973526001 -0.5716258883476257 0.0 0.0 0.0 1.0
0.9073055982589722 0.035943325608968735 0.4189327359199524 -1.7078094482421875 0.026882614940404892 0.989342451095581 -0.14310413599014282 -0.014080985449254513 -0.4196115732192993 0.1411011964082718 0.8966696858406067 -0.5698296427726746 0.0 0.0 0.0 1.0
0.9082628488540649 0.08177434653043747 0.41033095121383667 -1.6869351863861084 -0.016165845096111298 0.9868410229682922 -0.16088341176509857 -0.015315627679228783 -0.41808757185935974 0.13949108123779297 0.8976330161094666 -0.5639879107475281 0.0 0.0 0.0 1.0
0.9073618054389954 0.12016704678535461 0.40280818939208984 -1.6715489625930786 -0.05459662154316902 0.9838407039642334 -0.17051872611045837 -0.01363254152238369 -0.41678985953330994 0.13273021578788757 0.8992602229118347 -0.5576879382133484 0.0 0.0 0.0 1.0
0.9102798104286194 0.15641459822654724 0.38330814242362976 -1.6562755107879639 -0.08967042714357376 0.9783926010131836 -0.1862984299659729 -0.009836774319410324 -0.4041656255722046 0.13521230220794678 0.904636800289154 -0.5492563247680664 0.0 0.0 0.0 1.0
0.9178348779678345 0.18930816650390625 0.34891477227211 -1.6354151964187622 -0.13920338451862335 0.9766383171081543 -0.16370725631713867 0.00015724421245977283 -0.37175464630126953 0.10168612748384476 0.9227450489997864 -0.534639298915863 0.0 0.0 0.0 1.0
0.9229904413223267 0.20425257086753845 0.3261434733867645 -1.6185203790664673 -0.16953635215759277 0.976662814617157 -0.13186052441596985 0.010407645255327225 -0.3454650640487671 0.06641282141208649 0.936078667640686 -0.5222265720367432 0.0 0.0 0.0 1.0
0.9289590120315552 0.20932018756866455 0.3053198754787445 -1.6012392044067383 -0.18582525849342346 0.9770172834396362 -0.10443274676799774 0.02204841375350952 -0.32016268372535706 0.040277596563100815 0.9465059638023376 -0.5099798440933228 0.0 0.0 0.0 1.0
0.9352644681930542 0.21791772544384003 0.2789125442504883 -1.576936960220337 -0.20298080146312714 0.9757657647132874 -0.0817314013838768 0.03834351524710655 -0.2899640202522278 0.01982658915221691 0.9568321704864502 -0.49439358711242676 0.0 0.0 0.0 1.0
0.9393525719642639 0.2211909294128418 0.262090265750885 -1.5578752756118774 -0.21316727995872498 0.9752304553985596 -0.0590365044772625 0.051298025995492935 -0.26865673065185547 -0.00041297488496638834 0.9632359147071838 -0.4835048317909241 0.0 0.0 0.0 1.0
0.9454215168952942 0.2150362730026245 0.24482153356075287 -1.5378634929656982 -0.2110985368490219 0.9765387773513794 -0.04253775253891945 0.06446506083011627 -0.2482248842716217 -0.011465362273156643 0.9686346054077148 -0.4742870628833771 0.0 0.0 0.0 1.0
0.9580273032188416 0.18670934438705444 0.21753928065299988 -1.5100195407867432 -0.18425369262695312 0.982367217540741 -0.031704969704151154 0.08222880214452744 -0.21962307393550873 -0.009708188474178314 0.9755365252494812 -0.46399879455566406 0.0 0.0 0.0 1.0
0.9686100482940674 0.16204248368740082 0.18851199746131897 -1.4890984296798706 -0.16184531152248383 0.9866774678230286 -0.016543615609407425 0.09540200233459473 -0.18868131935596466 -0.01448547001928091 0.9819315075874329 -0.4578539729118347 0.0 0.0 0.0 1.0
0.9778552651405334 0.13905379176139832 0.156406968832016 -1.4676984548568726 -0.1382083296775818 0.9902686476707458 -0.01632199063897133 0.10804630815982819 -0.15715456008911133 -0.005656200461089611 0.9875578284263611 -0.4530361592769623 0.0 0.0 0.0 1.0
0.9872482419013977 0.11195412278175354 0.11316906660795212 -1.438924789428711 -0.10976719856262207 0.9936328530311584 -0.025394108146429062 0.12463468313217163 -0.11529148370027542 0.012648035772144794 0.9932512044906616 -0.44970592856407166 0.0 0.0 0.0 1.0
0.9918698668479919 0.09100913256406784 0.08894642442464828 -1.4174989461898804 -0.08858754485845566 0.9955917000770569 -0.03081200271844864 0.13703082501888275 -0.0913584977388382 0.02268195152282715 0.9955596923828125 -0.4491959512233734 0.0 0.0 0.0 1.0
0.9956163167953491 0.06519164144992828 0.06706904619932175 -1.396115779876709 -0.06279201805591583 0.997329831123352 -0.03728710487484932 0.14997969567775726 -0.06932077556848526 0.0329122468829155 0.9970513582229614 -0.4498787522315979 0.0 0.0 0.0 1.0
0.9982635974884033 0.04335182532668114 0.03988004848361015 -1.3689589500427246 -0.042100295424461365 0.9986101984977722 -0.03170467168092728 0.16720817983150482 -0.041199080646038055 0.02997065894305706 0.9987013339996338 -0.4521802067756653 0.0 0.0 0.0 1.0
0.9991222620010376 0.03650286793708801 0.020548611879348755 -1.3487604856491089 -0.03567936643958092 0.9985977411270142 -0.039108820259571075 0.18005511164665222 -0.021947382017970085 0.03834133222699165 0.9990236759185791 -0.4557519853115082 0.0 0.0 0.0 1.0
0.9996787309646606 0.02508709393441677 0.003607433754950762 -1.3283153772354126 -0.02484947070479393 0.9981608986854553 -0.055293358862400055 0.19333671033382416 -0.004987949039787054 0.0551859512925148 0.9984636306762695 -0.46022939682006836 0.0 0.0 0.0 1.0
0.9999666810035706 0.0024811176117509604 -0.007776298560202122 -1.3008058071136475 -0.003004014026373625 0.9976829290390015 -0.06796877086162567 0.21198508143424988 0.007589641492813826 0.06798987090587616 0.9976571202278137 -0.46686553955078125 0.0 0.0 0.0 1.0
0.9996895790100098 -0.014154121279716492 -0.020503995940089226 -1.2805219888687134 0.012521025724709034 0.9968984723091125 -0.07769621163606644 0.22745521366596222 0.021540123969316483 0.0774153620004654 0.996766209602356 -0.47254478931427 0.0 0.0 0.0 1.0
0.9987015128135681 -0.030524175614118576 -0.040787115693092346 -1.2603203058242798 0.026688866317272186 0.9954495429992676 -0.09147658199071884 0.243500754237175 0.04339376091957092 0.09026923775672913 0.9949715733528137 -0.47811374068260193 0.0 0.0 0.0 1.0
0.9972088932991028 -0.04984685406088829 -0.05558549985289574 -1.2329457998275757 0.04350142925977707 0.9929746985435486 -0.11004043370485306 0.265701562166214 0.06068016216158867 0.10731524229049683 0.9923715591430664 -0.4850690960884094 0.0 0.0 0.0 1.0
0.9957565665245056 -0.06736923009157181 -0.06269168108701706 -1.2119959592819214 0.059044137597084045 0.9902338981628418 -0.12629593908786774 0.2834237515926361 0.0705878883600235 0.1220584288239479 0.9900096654891968 -0.49021482467651367 0.0 0.0 0.0 1.0
0.9938079118728638 -0.0849754586815834 -0.07158923149108887 -1.1912410259246826 0.07433659583330154 0.9873531460762024 -0.14002786576747894 0.30173465609550476 0.08258278667926788 0.13383910059928894 0.9875561594963074 -0.4946783483028412 0.0 0.0 0.0 1.0
0.991682767868042 -0.10082986950874329 -0.07999145984649658 -1.163598895072937 0.08728539198637009 0.9836145639419556 -0.15774568915367126 0.32690006494522095 0.09458623826503754 0.1494515985250473 0.9842345714569092 -0.4996742010116577 0.0 0.0 0.0 1.0
0.9900752305984497 -0.11072055995464325 -0.08655610680580139 -1.1425669193267822 0.09374842792749405 0.9791576266288757 -0.18017087876796722 0.34614619612693787 0.10470069199800491 0.1702682226896286 0.9798195958137512 -0.5033705234527588 0.0 0.0 0.0 1.0
0.9884059429168701 -0.12363088130950928 -0.08814238756895065 -1.1219037771224976 0.10404979437589645 0.9742985367774963 -0.1997898370027542 0.36598142981529236 0.11057718843221664 0.18830226361751556 0.9758662581443787 -0.5062440633773804 0.0 0.0 0.0 1.0
0.9884322881698608 -0.1303771734237671 -0.07748137414455414 -1.0947957038879395 0.11225304752588272 0.9724481105804443 -0.20431342720985413 0.3932509422302246 0.1019844189286232 0.19325247406959534 0.9758343696594238 -0.5095583200454712 0.0 0.0 0.0 1.0
0.9891623258590698 -0.13166110217571259 -0.06498606503009796 -1.0747284889221191 0.11448227614164352 0.968736469745636 -0.22009886801242828 0.41344210505485535 0.09193282574415207 0.21027375757694244 0.9733104705810547 -0.5121031403541565 0.0 0.0 0.0 1.0
0.9900955557823181 -0.13018986582756042 -0.052548523992300034 -1.0556524991989136 0.1139741837978363 0.9639014601707458 -0.24063214659690857 0.433214396238327 0.08197946101427078 0.23225964605808258 0.9691928625106812 -0.5143790245056152 0.0 0.0 0.0 1.0
0.9916378259658813 -0.12121832370758057 -0.0442776121199131 -1.031991958618164 0.10610927641391754 0.9611349105834961 -0.2548735439777374 0.4600347876548767 0.07345210015773773 0.2480439841747284 0.9659601449966431 -0.5171912908554077 0.0 0.0 0.0 1.0
0.9917064309120178 -0.1209949254989624 -0.043341994285583496 -1.015133023262024 0.10546664893627167 0.9588528871536255 -0.26358675956726074 0.48003727197647095 0.07345125079154968 0.25682955980300903 0.9636614918708801 -0.519507646560669 0.0 0.0 0.0 1.0
0.9911918640136719 -0.12519344687461853 -0.04318944364786148 -0.9996206760406494 0.11013959348201752 0.9603555202484131 -0.25609859824180603 0.4998730421066284 0.07353908568620682 0.24908599257469177 0.9656853675842285 -0.5221381783485413 0.0 0.0 0.0 1.0
0.9906482696533203 -0.12519307434558868 -0.054246656596660614 -0.9808993339538574 0.10797461122274399 0.9624007344245911 -0.24925139546394348 0.5253306031227112 0.0834115743637085 0.241063192486763 0.9669183492660522 -0.5275014638900757 0.0 0.0 0.0 1.0
0.9899198412895203 -0.12630963325500488 -0.06406741589307785 -0.9675871729850769 0.10761696100234985 0.964909553527832 -0.239516481757164 0.5436030030250549 0.0920725017786026 0.23020736873149872 0.9687761664390564 -0.5341314077377319 0.0 0.0 0.0 1.0
0.9882160425186157 -0.13161635398864746 -0.07814227789640427 -0.955244243144989 0.1100153848528862 0.9656918048858643 -0.23523592948913574 0.5605040192604065 0.10642225295305252 0.22386705875396729 0.9687919616699219 -0.5416723489761353 0.0 0.0 0.0 1.0
0.9856279492378235 -0.13255873322486877 -0.1047174483537674 -0.9392509460449219 0.10722190141677856 0.9699103236198425 -0.21858040988445282 0.5807427167892456 0.13054127991199493 0.20421095192432404 0.9701839089393616 -0.5540264248847961 0.0 0.0 0.0 1.0
0.9849661588668823 -0.12305900454521179 -0.12123570591211319 -0.9274166226387024 0.096982441842556 0.9746906757354736 -0.20142610371112823 0.594158947467804 0.14295461773872375 0.1866401731967926 0.9719719290733337 -0.5648911595344543 0.0 0.0 0.0 1.0
0.9863100051879883 -0.10899759083986282 -0.12374187260866165 -0.9149110913276672 0.08214298635721207 0.9754223227500916 -0.20445972681045532 0.6054505705833435 0.1429862082004547 0.19149614870548248 0.9710222482681274 -0.5774099230766296 0.0 0.0 0.0 1.0
0.990574061870575 -0.08192354440689087 -0.10977935045957565 -0.89693683385849 0.05832681804895401 0.9774185419082642 -0.20310334861278534 0.6184629201889038 0.12393932044506073 0.19478583335876465 0.9729838371276855 -0.5948350429534912 0.0 0.0 0.0 1.0
0.9933549761772156 -0.06656326353549957 -0.09388915449380875 -0.8827921748161316 0.04678851738572121 0.9788894653320312 -0.1989629864692688 0.6272046566009521 0.1051507294178009 0.1932479441165924 0.975499153137207 -0.6068837642669678 0.0 0.0 0.0 1.0
0.9949609041213989 -0.055188409984111786 -0.08370792865753174 -0.8683522343635559 0.0387578010559082 0.981682300567627 -0.18654131889343262 0.6352863311767578 0.09246951341629028 0.18235698342323303 0.9788745045661926 -0.6183517575263977 0.0 0.0 0.0 1.0
0.9955887794494629 -0.042963311076164246 -0.08340953290462494 -0.84903883934021 0.02581491880118847 0.9801201820373535 -0.19671809673309326 0.6450496912002563 0.09020302444696426 0.19369712471961975 0.9769057631492615 -0.6339683532714844 0.0 0.0 0.0 1.0
0.9950822591781616 -0.036483414471149445 -0.09208807349205017 -0.8339776992797852 0.017084699124097824 0.9789801836013794 -0.20323868095874786 0.6523733735084534 0.09756723791360855 0.2006659209728241 0.9747891426086426 -0.6447367072105408 0.0 0.0 0.0 1.0
0.9941692352294922 -0.02982162870466709 -0.10362529009580612 -0.8182963728904724 0.008821194060146809 0.9802681803703308 -0.19747528433799744 0.660352885723114 0.10746961086988449 0.19540975987911224 0.9748155474662781 -0.6533872485160828 0.0 0.0 0.0 1.0
0.9932394623756409 -0.031399667263031006 -0.11175615340471268 -0.7958409786224365 0.009761539287865162 0.9819044470787048 -0.18912538886070251 0.6709399223327637 0.11567233502864838 0.18675589561462402 0.9755727052688599 -0.6629831194877625 0.0 0.0 0.0 1.0
0.9938260316848755 -0.02930433303117752 -0.10700975358486176 -0.7778064608573914 0.00861709751188755 0.9819626212120056 -0.18887870013713837 0.6789714097976685 0.11061453819274902 0.18679045140743256 0.9761525392532349 -0.6687928438186646 0.0 0.0 0.0 1.0
0.9941641092300415 -0.025379478931427002 -0.10485043376684189 -0.7590887546539307 0.005987308453768492 0.9834151864051819 -0.18126961588859558 0.6869433522224426 0.1077120453119278 0.17958398163318634 0.9778280854225159 -0.6733298897743225 0.0 0.0 0.0 1.0
0.9939162731170654 -0.01626800186932087 -0.10893048346042633 -0.7332118153572083 -0.0010530705330893397 0.9875826239585876 -0.15709707140922546 0.6971164345741272 0.11013350635766983 0.1562560498714447 0.9815572500228882 -0.6777651906013489 0.0 0.0 0.0 1.0
0.9943300485610962 -0.009341814555227757 -0.10592693835496902 -0.7135810256004333 -0.007664904464036226 0.9872462153434753 -0.15901635587215424 0.7041387557983398 0.10606146603822708 0.15892666578292847 0.9815769195556641 -0.6813831925392151 0.0 0.0 0.0 1.0
0.9946195483207703 0.0018118921434506774 -0.10357935726642609 -0.6938918232917786 -0.01968052051961422 0.9849435091018677 -0.17175255715847015 0.710197925567627 0.10170862078666687 0.17286694049835205 0.9796797037124634 -0.6852819323539734 0.0 0.0 0.0 1.0
0.9935005307197571 0.022993579506874084 -0.11148065328598022 -0.6684625148773193 -0.04119185358285904 0.9856326580047607 -0.163803368806839 0.7189369201660156 0.106112539768219 0.16733083128929138 0.9801737070083618 -0.6889153122901917 0.0 0.0 0.0 1.0
0.9921003580093384 0.038602620363235474 -0.1193598136305809 -0.6500222086906433 -0.05687866359949112 0.9864749312400818 -0.1537269651889801 0.7248315811157227 0.11181120574474335 0.15930159389972687 0.9808778166770935 -0.69179767370224 0.0 0.0 0.0 1.0
0.9914393424987793 0.05231359601020813 -0.11962974816560745 -0.6315678954124451 -0.07167637348175049 0.9838910102844238 -0.1637711524963379 0.7299944162368774 0.10913517326116562 0.17094379663467407 0.9792179465293884 -0.6956568360328674 0.0 0.0 0.0 1.0
0.9894030690193176 0.06622067093849182 -0.12921442091464996 -0.6078113913536072 -0.08801134675741196 0.981334388256073 -0.17098771035671234 0.7365345358848572 0.11547964066267014 0.18054810166358948 0.9767634272575378 -0.7002158761024475 0.0 0.0 0.0 1.0
0.9878077507019043 0.06946037709712982 -0.13932359218597412 -0.590788722038269 -0.09187855571508408 0.9825777411460876 -0.16155292093753815 0.741068422794342 0.12567473948001862 0.1723840832710266 0.9769798517227173 -0.7028566002845764 0.0 0.0 0.0 1.0
0.9861018657684326 0.06614957749843597 -0.15240514278411865 -0.574526309967041 -0.0910063236951828 0.9825219511985779 -0.16238360106945038 0.7450096607208252 0.1389997899532318 0.17399659752845764 0.9748867750167847 -0.7065076231956482 0.0 0.0 0.0 1.0
0.9802941083908081 0.06908505409955978 -0.18506938219070435 -0.5534756183624268 -0.10069162398576736 0.9807604551315308 -0.16724279522895813 0.7490590214729309 0.16995474696159363 0.1825820654630661 0.9683899879455566 -0.7114198803901672 0.0 0.0 0.0 1.0
0.9749533534049988 0.07022108882665634 -0.21103310585021973 -0.5380383133888245 -0.10673778504133224 0.98016756772995 -0.16696873307228088 0.751721203327179 0.1951230764389038 0.1853119283914566 0.9631128907203674 -0.7144520878791809 0.0 0.0 0.0 1.0
0.9710507392883301 0.06719207763671875 -0.22922848165035248 -0.5224700570106506 -0.108909972012043 0.9786142706871033 -0.1745070517063141 0.7538244128227234 0.21260078251361847 0.1944204717874527 0.9576020240783691 -0.7174628376960754 0.0 0.0 0.0 1.0
0.9678454995155334 0.07696560770273209 -0.23948144912719727 -0.5014256834983826 -0.11959174275398254 0.9783520698547363 -0.16889356076717377 0.7562549114227295 0.22129817306995392 0.19210287928581238 0.9560981392860413 -0.7220938801765442 0.0 0.0 0.0 1.0
0.9653348326683044 0.0825500413775444 -0.2476169764995575 -0.48563453555107117 -0.12655720114707947 0.9777271151542664 -0.16743062436580658 0.7583742737770081 0.2282804250717163 0.1929643303155899 0.9542813301086426 -0.7251135110855103 0.0 0.0 0.0 1.0
0.9637160897254944 0.08853380382061005 -0.25181958079338074 -0.46999290585517883 -0.13301636278629303 0.977199137210846 -0.16549484431743622 0.760486900806427 0.23142597079277039 0.19298617541790009 0.9535189270973206 -0.7273932099342346 0.0 0.0 0.0 1.0
0.9605734944343567 0.10568627715110779 -0.25715556740760803 -0.4504937529563904 -0.1498909592628479 0.9758601188659668 -0.15883871912956238 0.7637463212013245 0.23416079580783844 0.19112156331539154 0.9532267451286316 -0.7298829555511475 0.0 0.0 0.0 1.0
0.9564501047134399 0.12205027043819427 -0.2651544511318207 -0.43648815155029297 -0.16898159682750702 0.9722088575363159 -0.1620343178510666 0.7657794952392578 0.23800918459892273 0.19978396594524384 0.950493574142456 -0.731696605682373 0.0 0.0 0.0 1.0
0.9464801549911499 0.14384721219539642 -0.28893473744392395 -0.4052967429161072 -0.1974298506975174 0.9662116169929504 -0.16570034623146057 0.7704793810844421 0.25533655285835266 0.21387644112110138 0.9428998231887817 -0.7354457974433899 0.0 0.0 0.0 1.0
0.941207766532898 0.1525649130344391 -0.30141639709472656 -0.3921833038330078 -0.2080126404762268 0.9647468328475952 -0.16122743487358093 0.7728430032730103 0.26619285345077515 0.21444693207740784 0.9397626519203186 -0.7376529574394226 0.0 0.0 0.0 1.0
0.9369691014289856 0.1602357029914856 -0.3105051815509796 -0.37870723009109497 -0.21848446130752563 0.9621706604957581 -0.1627640724182129 0.7751287221908569 0.2726783752441406 0.22034545242786407 0.9365331530570984 -0.7399091124534607 0.0 0.0 0.0 1.0
0.9295192956924438 0.17444533109664917 -0.324904203414917 -0.36107635498046875 -0.23699477314949036 0.9575896859169006 -0.1638765037059784 0.7782533764839172 0.28253743052482605 0.2293269783258438 0.9314406514167786 -0.7433586716651917 0.0 0.0 0.0 1.0
0.9240772128105164 0.18030467629432678 -0.33700382709503174 -0.34784582257270813 -0.24602770805358887 0.9553787708282471 -0.16346801817417145 0.7808207273483276 0.29249224066734314 0.23396934568881989 0.9272036552429199 -0.745634913444519 0.0 0.0 0.0 1.0
0.9186667203903198 0.18438836932182312 -0.3493598997592926 -0.3343041241168976 -0.25050681829452515 0.9557400345802307 -0.15429626405239105 0.7833672761917114 0.3054468035697937 0.22926387190818787 0.9241971373558044 -0.7480241060256958 0.0 0.0 0.0 1.0
0.909687340259552 0.19545449316501617 -0.3664238750934601 -0.3162703514099121 -0.2616785168647766 0.9549049139022827 -0.1402888149023056 0.7870461344718933 0.32247987389564514 0.2235042154788971 0.9198111891746521 -0.751616895198822 0.0 0.0 0.0 1.0
0.904847264289856 0.199172243475914 -0.37627360224723816 -0.30199626088142395 -0.2680550217628479 0.9531668424606323 -0.14006952941417694 0.7896111607551575 0.3307535648345947 0.22760356962680817 0.9158595204353333 -0.7547363042831421 0.0 0.0 0.0 1.0
0.898036539554596 0.19951030611991882 -0.39207905530929565 -0.2883959412574768 -0.272479385137558 0.9519674181938171 -0.13968904316425323 0.7922749519348145 0.3453770875930786 0.23227933049201965 0.9092639684677124 -0.7576937079429626 0.0 0.0 0.0 1.0
0.8860012888908386 0.21811999380588531 -0.4091764986515045 -0.26491856575012207 -0.28971344232559204 0.9494054913520813 -0.12122432142496109 0.796447217464447 0.3620329797267914 0.22594882547855377 0.9043667912483215 -0.7611685991287231 0.0 0.0 0.0 1.0
0.8830361366271973 0.22445426881313324 -0.4121497571468353 -0.25555264949798584 -0.29547253251075745 0.948200523853302 -0.11666939407587051 0.7976934909820557 0.36461368203163147 0.22480222582817078 0.903615415096283 -0.7626025676727295 0.0 0.0 0.0 1.0
0.8819704651832581 0.2283754050731659 -0.412277489900589 -0.24141091108322144 -0.2993832230567932 0.9470747709274292 -0.1158408522605896 0.797940194606781 0.36400240659713745 0.22559717297554016 0.9036637544631958 -0.7642428874969482 0.0 0.0 0.0 1.0
0.8802345991134644 0.22706255316734314 -0.4166889190673828 -0.22316820919513702 -0.2976333796977997 0.9480747580528259 -0.11210983991622925 0.7965697646141052 0.36959630250930786 0.2227034866809845 0.9021096229553223 -0.7650017142295837 0.0 0.0 0.0 1.0
0.877183735370636 0.21963687241077423 -0.4269757866859436 -0.21037723124027252 -0.29479533433914185 0.9482663869857788 -0.11784136295318604 0.7938153147697449 0.37900447845458984 0.22923900187015533 0.896551787853241 -0.7643206715583801 0.0 0.0 0.0 1.0
0.8740038871765137 0.2026255577802658 -0.44165605306625366 -0.199467271566391 -0.28945502638816833 0.9471521973609924 -0.1382695585489273 0.7897568941116333 0.3902985453605652 0.24868769943714142 0.8864657282829285 -0.7614099979400635 0.0 0.0 0.0 1.0
0.8669142723083496 0.20882265269756317 -0.45260655879974365 -0.18482007086277008 -0.2989811301231384 0.9443812370300293 -0.1369463950395584 0.7834429144859314 0.3988356590270996 0.2540416121482849 0.881131649017334 -0.7566431760787964 0.0 0.0 0.0 1.0
0.8640025854110718 0.21307945251464844 -0.45617613196372986 -0.1746978908777237 -0.3077026903629303 0.9406091570854187 -0.14343462884426117 0.7776997685432434 0.39852043986320496 0.26429450511932373 0.8782538771629333 -0.751785397529602 0.0 0.0 0.0 1.0
0.861117959022522 0.21370790898799896 -0.46130770444869995 -0.1651834100484848 -0.3139097988605499 0.9372425079345703 -0.15177984535694122 0.7708098888397217 0.39992061257362366 0.2755093574523926 0.8741613626480103 -0.7451149821281433 0.0 0.0 0.0 1.0
0.8549209833145142 0.21702952682971954 -0.4711775779724121 -0.15388260781764984 -0.32242733240127563 0.9338363409042358 -0.15488815307617188 0.7609323859214783 0.40638744831085205 0.2843376696109772 0.8683325052261353 -0.7339487075805664 0.0 0.0 0.0 1.0
0.852927565574646 0.21241876482963562 -0.4768572449684143 -0.14568816125392914 -0.3237244188785553 0.9318413138389587 -0.16393356025218964 0.7526531219482422 0.40953272581100464 0.2941937744617462 0.863558292388916 -0.7246387004852295 0.0 0.0 0.0 1.0
0.8499529361724854 0.20066715776920319 -0.4871475100517273 -0.138530433177948 -0.3217456638813019 0.9298810958862305 -0.17832808196544647 0.7434393167495728 0.4172046482563019 0.30830806493759155 0.8549189567565918 -0.7137629985809326 0.0 0.0 0.0 1.0
0.839307427406311 0.19761663675308228 -0.5064688324928284 -0.13007405400276184 -0.32738837599754333 0.9274584054946899 -0.1806592345237732 0.7313324809074402 0.4340275228023529 0.3174406588077545 0.8431200981140137 -0.6980701684951782 0.0 0.0 0.0 1.0
0.8319917917251587 0.19672329723834991 -0.5187384486198425 -0.12424056231975555 -0.3340723216533661 0.9241448044776917 -0.18534314632415771 0.7215926647186279 0.44292813539505005 0.3275001347064972 0.8346006870269775 -0.6853451728820801 0.0 0.0 0.0 1.0
0.826311469078064 0.19412736594676971 -0.5287002921104431 -0.11864054203033447 -0.3393727242946625 0.9207822680473328 -0.19231794774532318 0.7110503911972046 0.44948363304138184 0.33834096789360046 0.8267344236373901 -0.6720530390739441 0.0 0.0 0.0 1.0
0.8218472003936768 0.19928017258644104 -0.533717691898346 -0.11164770275354385 -0.3450472950935364 0.9195699095726013 -0.1879722625017166 0.6970054507255554 0.4533315598964691 0.33864232897758484 0.8245070576667786 -0.6526870727539062 0.0 0.0 0.0 1.0
0.818936824798584 0.20730319619178772 -0.5351334810256958 -0.10686234384775162 -0.3510386347770691 0.9186329245567322 -0.1813434362411499 0.6859395503997803 0.4539981484413147 0.3363613486289978 0.825073778629303 -0.6382670402526855 0.0 0.0 0.0 1.0
0.8140469789505005 0.20537161827087402 -0.5432771444320679 -0.10218717902898788 -0.3584454655647278 0.9136537909507751 -0.19171229004859924 0.6737638115882874 0.4569949507713318 0.3507980406284332 0.8173716068267822 -0.624122679233551 0.0 0.0 0.0 1.0
0.8071535229682922 0.20727145671844482 -0.5527583360671997 -0.09587103873491287 -0.36320415139198303 0.9125054478645325 -0.18819287419319153 0.6566805243492126 0.4653879702091217 0.35266464948654175 0.8118138313293457 -0.6047319769859314 0.0 0.0 0.0 1.0
0.804256796836853 0.21192573010921478 -0.555210292339325 -0.09123262017965317 -0.3651365339756012 0.9133269786834717 -0.18030299246311188 0.6434350609779358 0.4688776731491089 0.34773746132850647 0.8119312524795532 -0.5911993980407715 0.0 0.0 0.0 1.0
0.7996870875358582 0.21594083309173584 -0.560241162776947 -0.08598953485488892 -0.3718324601650238 0.9107375144958496 -0.1797158122062683 0.6292180418968201 0.4714246392250061 0.35203224420547485 0.8085988163948059 -0.5777696967124939 0.0 0.0 0.0 1.0
0.7957003116607666 0.2235039621591568 -0.5629449486732483 -0.07862740755081177 -0.37818458676338196 0.9093216061592102 -0.17352427542209625 0.6088790893554688 0.47311463952064514 0.35097041726112366 0.8080732226371765 -0.560562252998352 0.0 0.0 0.0 1.0
0.7960973381996155 0.22426676750183105 -0.5620796084403992 -0.07212426513433456 -0.3755984902381897 0.9113644361495972 -0.1683466136455536 0.5920072793960571 0.4745047986507416 0.34513652324676514 0.8097690939903259 -0.5484832525253296 0.0 0.0 0.0 1.0
0.7976395487785339 0.22262480854988098 -0.5605438351631165 -0.06554336100816727 -0.3723256289958954 0.9129098653793335 -0.16723982989788055 0.5743430256843567 0.47449424862861633 0.34210193157196045 0.8110619187355042 -0.5370174050331116 0.0 0.0 0.0 1.0
0.7990410923957825 0.2273908406496048 -0.5566207766532898 -0.05656272545456886 -0.3725031614303589 0.9138891100883484 -0.1613941341638565 0.5500354766845703 0.4719901382923126 0.33630356192588806 0.8149387836456299 -0.5235596895217896 0.0 0.0 0.0 1.0
0.8015328645706177 0.22119373083114624 -0.555534303188324 -0.05000610277056694 -0.3679770827293396 0.9147710204124451 -0.1666937619447708 0.5313594341278076 0.4713151156902313 0.33803442120552063 0.8146132826805115 -0.5145403742790222 0.0 0.0 0.0 1.0
0.8048464059829712 0.21501363813877106 -0.5531648993492126 -0.04368361830711365 -0.3614090383052826 0.9168795943260193 -0.16945607960224152 0.5123067498207092 0.47075021266937256 0.3363049030303955 0.8156551122665405 -0.5064502358436584 0.0 0.0 0.0 1.0
0.8041805028915405 0.22315776348114014 -0.5509032011032104 -0.03652382642030716 -0.3617589473724365 0.9191705584526062 -0.15574322640895844 0.48765188455581665 0.4716187119483948 0.32453984022140503 0.8199083209037781 -0.4965257942676544 0.0 0.0 0.0 1.0
0.8035116791725159 0.22335325181484222 -0.5517991781234741 -0.03224685788154602 -0.3588409721851349 0.9213318228721619 -0.14960235357284546 0.4689640700817108 0.47497594356536865 0.31821537017822266 0.82044917345047 -0.4906834661960602 0.0 0.0 0.0 1.0
0.8034814596176147 0.22129316627979279 -0.5526725053787231 -0.028717925772070885 -0.35427647829055786 0.9238065481185913 -0.1451537311077118 0.44968006014823914 0.4784409701824188 0.31242719292640686 0.820660412311554 -0.4855518043041229 0.0 0.0 0.0 1.0
0.8044736385345459 0.2313937097787857 -0.5470641255378723 -0.025970004498958588 -0.356510192155838 0.9247607588768005 -0.13310909271240234 0.42462536692619324 0.47510281205177307 0.3021166920661926 0.8264398574829102 -0.48009002208709717 0.0 0.0 0.0 1.0
0.8017013669013977 0.24160724878311157 -0.5467182397842407 -0.025619057938456535 -0.3681870400905609 0.9201508164405823 -0.13326966762542725 0.4061712324619293 0.47086432576179504 0.30813702940940857 0.8266428112983704 -0.4777550995349884 0.0 0.0 0.0 1.0
0.7965714335441589 0.25154614448547363 -0.5497258305549622 -0.026406751945614815 -0.3845774531364441 0.9124542474746704 -0.1397407203912735 0.38764363527297974 0.46644842624664307 0.3227256238460541 0.8235739469528198 -0.4759752154350281 0.0 0.0 0.0 1.0
0.791101336479187 0.26319000124931335 -0.5521681308746338 -0.02881699800491333 -0.39538219571113586 0.9087930917739868 -0.13329660892486572 0.3639829158782959 0.4667242765426636 0.32376858592033386 0.823008120059967 -0.4735565185546875 0.0 0.0 0.0 1.0
0.7889102697372437 0.2712230086326599 -0.5514151453971863 -0.0316319465637207 -0.3952682316303253 0.9110320210456848 -0.11740399152040482 0.34737396240234375 0.470514178276062 0.3105781078338623 0.8259283304214478 -0.47187143564224243 0.0 0.0 0.0 1.0
0.7828839421272278 0.27370551228523254 -0.5587289333343506 -0.03478241711854935 -0.40025103092193604 0.909099817276001 -0.11548444628715515 0.33079302310943604 0.4763316214084625 0.31404274702072144 0.8212705850601196 -0.4706728458404541 0.0 0.0 0.0 1.0
0.7733228206634521 0.27263903617858887 -0.5723982453346252 -0.04063373804092407 -0.40956300497055054 0.9039857983589172 -0.12275125831365585 0.3094133138656616 0.48397311568260193 0.3293595016002655 0.8107357025146484 -0.46938809752464294 0.0 0.0 0.0 1.0
0.768171489238739 0.270751416683197 -0.5801777839660645 -0.044933196157217026 -0.41131988167762756 0.9031357765197754 -0.12313281744718552 0.2941335439682007 0.49064093828201294 0.3332257866859436 0.8051285743713379 -0.468761146068573 0.0 0.0 0.0 1.0
0.7637839913368225 0.27073612809181213 -0.5859487652778625 -0.049708906561136246 -0.4128907322883606 0.9026915431022644 -0.12111656367778778 0.27933990955352783 0.49614039063453674 0.3344397246837616 0.8012457489967346 -0.46794217824935913 0.0 0.0 0.0 1.0
0.7572381496429443 0.2760269045829773 -0.5919455885887146 -0.05669949948787689 -0.4268181622028351 0.8951486349105835 -0.12858928740024567 0.26041179895401 0.49438515305519104 0.35002583265304565 0.7956539392471313 -0.4671490490436554 0.0 0.0 0.0 1.0
0.7521640658378601 0.27964791655540466 -0.596696138381958 -0.06205796077847481 -0.43880048394203186 0.888092577457428 -0.13691508769989014 0.24668684601783752 0.49163341522216797 0.3648131489753723 0.7907009124755859 -0.466627299785614 0.0 0.0 0.0 1.0
0.7580505013465881 0.29558107256889343 -0.5813701748847961 -0.07478170096874237 -0.4452466070652008 0.8858988881111145 -0.1301485002040863 0.21834474802017212 0.47656574845314026 0.3575122356414795 0.8031625747680664 -0.4635109007358551 0.0 0.0 0.0 1.0
0.7670208811759949 0.2946566939353943 -0.5699617862701416 -0.07952745258808136 -0.43618687987327576 0.8909339308738708 -0.1264028698205948 0.20765715837478638 0.47055286169052124 0.34556350111961365 0.8118903040885925 -0.46124303340911865 0.0 0.0 0.0 1.0
0.7727048993110657 0.2997892200946808 -0.5595118999481201 -0.08457382023334503 -0.4299817383289337 0.8956186771392822 -0.11394251883029938 0.1977459192276001 0.46695056557655334 0.32862386107444763 0.820952832698822 -0.4583531320095062 0.0 0.0 0.0 1.0
0.7704399228096008 0.32682958245277405 -0.5473616123199463 -0.09147511422634125 -0.4333868622779846 0.8981888890266418 -0.0737060084939003 0.18681415915489197 0.4675447940826416 0.2940053641796112 0.8336442112922668 -0.45206356048583984 0.0 0.0 0.0 1.0
0.7680437564849854 0.3493700921535492 -0.5367022752761841 -0.09649534523487091 -0.43730494379997253 0.8983783721923828 -0.04099629074335098 0.17928574979305267 0.4678388237953186 0.26618948578834534 0.8427751660346985 -0.44644391536712646 0.0 0.0 0.0 1.0
0.7620733380317688 0.3670358955860138 -0.533412516117096 -0.10194551944732666 -0.4448632299900055 0.8953871130943298 -0.019458089023828506 0.1723335087299347 0.4704688489437103 0.2521241009235382 0.8456314206123352 -0.44043293595314026 0.0 0.0 0.0 1.0
0.7531799674034119 0.3998987078666687 -0.5223034620285034 -0.10839332640171051 -0.4622911512851715 0.8866440653800964 0.012213942594826221 0.1643316149711609 0.46798163652420044 0.23225697875022888 0.8526722192764282 -0.4309574067592621 0.0 0.0 0.0 1.0
0.752450704574585 0.425246924161911 -0.5029740929603577 -0.112562395632267 -0.4740714430809021 0.8798050284385681 0.034631967544555664 0.15938466787338257 0.4572463035583496 0.212386816740036 0.8636073470115662 -0.4229395389556885 0.0 0.0 0.0 1.0
0.7553504705429077 0.44491147994995117 -0.48114392161369324 -0.11616430431604385 -0.4821261167526245 0.8745681643486023 0.051816556602716446 0.1548907458782196 0.4438469409942627 0.19283241033554077 0.8751088976860046 -0.41450560092926025 0.0 0.0 0.0 1.0
0.7580775618553162 0.457315057516098 -0.4649530053138733 -0.12210105359554291 -0.4891265332698822 0.8702511787414551 0.05846424400806427 0.14921966195106506 0.431362509727478 0.18310043215751648 0.8834028840065002 -0.4014866352081299 0.0 0.0 0.0 1.0
0.7575225830078125 0.46445006132125854 -0.4587436020374298 -0.12675605714321136 -0.49319055676460266 0.867567241191864 0.06395445019006729 0.14570777118206024 0.42769455909729004 0.17780107259750366 0.8862641453742981 -0.3917970657348633 0.0 0.0 0.0 1.0
0.7542142868041992 0.4768138825893402 -0.45145246386528015 -0.13048988580703735 -0.49902474880218506 0.8630813956260681 0.07787663489580154 0.14318658411502838 0.4267728626728058 0.16655027866363525 0.888890266418457 -0.38196641206741333 0.0 0.0 0.0 1.0
0.7575430870056152 0.4870908856391907 -0.4345929026603699 -0.13599637150764465 -0.5029656887054443 0.8599103689193726 0.0870615541934967 0.14119960367679596 0.4161178171634674 0.1526324301958084 0.8964090943336487 -0.3683539032936096 0.0 0.0 0.0 1.0
0.7578165531158447 0.505961537361145 -0.4119672477245331 -0.1447352021932602 -0.5111104249954224 0.8528050780296326 0.10718964785337448 0.14268092811107635 0.4055615961551666 0.12933067977428436 0.9048720002174377 -0.3462277054786682 0.0 0.0 0.0 1.0
0.7636814117431641 0.5193350315093994 -0.3835125267505646 -0.1498035490512848 -0.5239343047142029 0.8456487655639648 0.10183792561292648 0.14520710706710815 0.37720489501953125 0.12316364049911499 0.9179036617279053 -0.3314449191093445 0.0 0.0 0.0 1.0
0.7641910314559937 0.5312328934669495 -0.36579182744026184 -0.15346622467041016 -0.5365261435508728 0.8383343815803528 0.09661873430013657 0.148109570145607 0.35798293352127075 0.12242171168327332 0.925667941570282 -0.3201179504394531 0.0 0.0 0.0 1.0
0.7625601291656494 0.5443703532218933 -0.34951817989349365 -0.1568046510219574 -0.5487006306648254 0.830454409122467 0.09629694372415543 0.15167315304279327 0.3426801264286041 0.1183486357331276 0.9319677948951721 -0.30846264958381653 0.0 0.0 0.0 1.0
0.7608489394187927 0.5505819916725159 -0.34346526861190796 -0.16131000220775604 -0.554370641708374 0.8265975117683411 0.09700378775596619 0.15761512517929077 0.3373160660266876 0.11660182476043701 0.9341422915458679 -0.29249441623687744 0.0 0.0 0.0 1.0
0.760105550289154 0.5526135563850403 -0.341844767332077 -0.16414578258991241 -0.5535628795623779 0.8261961340904236 0.10472871363162994 0.16313695907592773 0.3403053283691406 0.10962770134210587 0.9339026212692261 -0.2804358899593353 0.0 0.0 0.0 1.0
0.7586788535118103 0.5569264888763428 -0.33799299597740173 -0.16692030429840088 -0.5527636408805847 0.8248802423477173 0.11842717975378036 0.16975221037864685 0.3447589874267578 0.09698203951120377 0.9336678981781006 -0.26823341846466064 0.0 0.0 0.0 1.0
0.7592917680740356 0.5577402710914612 -0.33526375889778137 -0.17065107822418213 -0.5475236177444458 0.8259788155555725 0.13407789170742035 0.17981518805027008 0.35170140862464905 0.08176058530807495 0.9325348734855652 -0.25124672055244446 0.0 0.0 0.0 1.0
0.7622951865196228 0.5590364336967468 -0.3261660635471344 -0.173414945602417 -0.5436282157897949 0.8265156745910645 0.1460828185081482 0.18826639652252197 0.35124698281288147 0.06595484167337418 0.9339569211006165 -0.23882262408733368 0.0 0.0 0.0 1.0
0.7654701471328735 0.5596502423286438 -0.31756433844566345 -0.17693379521369934 -0.541937530040741 0.8267868757247925 0.1507551670074463 0.19702759385108948 0.346928209066391 0.05670146644115448 0.9361761212348938 -0.2267644703388214 0.0 0.0 0.0 1.0
0.7693558931350708 0.5610346794128418 -0.30550214648246765 -0.18216900527477264 -0.5398212671279907 0.8266841173171997 0.15870198607444763 0.20972439646720886 0.34159108996391296 0.04281824827194214 0.9388728141784668 -0.2112199068069458 0.0 0.0 0.0 1.0
0.7748844027519226 0.5594792366027832 -0.2941719591617584 -0.1867782175540924 -0.5357892513275146 0.828280508518219 0.16395524144172668 0.21990403532981873 0.3353864550590515 0.03056781366467476 0.941584587097168 -0.20030155777931213 0.0 0.0 0.0 1.0
0.7798026204109192 0.5578106641769409 -0.28417450189590454 -0.19210214912891388 -0.5310394167900085 0.8297919631004333 0.1715879738330841 0.23102571070194244 0.33151933550834656 0.017103105783462524 0.9432933926582336 -0.18984335660934448 0.0 0.0 0.0 1.0
0.7829542756080627 0.5558854937553406 -0.2792380750179291 -0.20023369789123535 -0.5239079594612122 0.8312584757804871 0.185821995139122 0.24681590497493744 0.3354147672653198 0.0008049278403632343 0.9420701861381531 -0.17718011140823364 0.0 0.0 0.0 1.0
0.7845451235771179 0.5538511276245117 -0.2788151204586029 -0.20713290572166443 -0.518229067325592 0.8325671553611755 0.19562853872776031 0.25940802693367004 0.34048140048980713 -0.008989321067929268 0.9402082562446594 -0.16867543756961823 0.0 0.0 0.0 1.0
0.7858371138572693 0.553024411201477 -0.2768103778362274 -0.21433953940868378 -0.5129434466362 0.8328925967216492 0.20779548585414886 0.27266377210617065 0.34546929597854614 -0.021305328235030174 0.9381881952285767 -0.1610511690378189 0.0 0.0 0.0 1.0
0.7896627187728882 0.5481512546539307 -0.27561378479003906 -0.2249077409505844 -0.5045035481452942 0.8357628583908081 0.21674086153507233 0.2908477187156677 0.349154531955719 -0.032104041427373886 0.9365150332450867 -0.1522638499736786 0.0 0.0 0.0 1.0
0.7914025783538818 0.5446972250938416 -0.27746516466140747 -0.2338050901889801 -0.49862927198410034 0.8377851247787476 0.22245217859745026 0.30461108684539795 0.35362526774406433 -0.037696972489356995 0.9346272349357605 -0.14673331379890442 0.0 0.0 0.0 1.0
0.7928464412689209 0.5408291816711426 -0.28088846802711487 -0.2430824339389801 -0.49351924657821655 0.8402023911476135 0.22471913695335388 0.3186337947845459 0.3575378358364105 -0.039543889462947845 0.9330610632896423 -0.1423853188753128 0.0 0.0 0.0 1.0
0.7943939566612244 0.5376945734024048 -0.28252923488616943 -0.25645795464515686 -0.4882144331932068 0.8419643640518188 0.22965776920318604 0.3373798727989197 0.36136528849601746 -0.04450390115380287 0.9313616752624512 -0.1377141773700714 0.0 0.0 0.0 1.0
0.7943074703216553 0.537264883518219 -0.2835879325866699 -0.26672953367233276 -0.48615458607673645 0.8420632481575012 0.2336304634809494 0.35151371359825134 0.36432042717933655 -0.04770684987306595 0.9300509095191956 -0.13559308648109436 0.0 0.0 0.0 1.0
0.7950207591056824 0.5371193885803223 -0.28185948729515076 -0.2772693634033203 -0.4851985275745392 0.8419746160507202 0.23592612147331238 0.3651772439479828 0.36403903365135193 -0.05080835521221161 0.9299968481063843 -0.13430076837539673 0.0 0.0 0.0 1.0
0.7984528541564941 0.5331268906593323 -0.27972981333732605 -0.29139161109924316 -0.4799741208553314 0.84415203332901 0.23881413042545319 0.38305535912513733 0.3634527027606964 -0.0564187616109848 0.9299027323722839 -0.13418033719062805 0.0 0.0 0.0 1.0
0.8012274503707886 0.5308618545532227 -0.2760801613330841 -0.3022458553314209 -0.4751609265804291 0.8449124097824097 0.245652437210083 0.3961893320083618 0.36367106437683105 -0.06564096361398697 0.9292118549346924 -0.13498340547084808 0.0 0.0 0.0 1.0
0.8038596510887146 0.5268570780754089 -0.27610015869140625 -0.3131306767463684 -0.46969616413116455 0.8470390439033508 0.24881799519062042 0.4087919592857361 0.36495912075042725 -0.07033155858516693 0.9283632636070251 -0.13639210164546967 0.0 0.0 0.0 1.0
0.8077338337898254 0.5206804871559143 -0.2765101492404938 -0.32779020071029663 -0.4609760344028473 0.8501833081245422 0.25434115529060364 0.4250746965408325 0.36751478910446167 -0.07797541469335556 0.9267430901527405 -0.13913804292678833 0.0 0.0 0.0 1.0
0.8116486072540283 0.5158440470695496 -0.27410122752189636 -0.3392832279205322 -0.4542190730571747 0.8523736596107483 0.25912192463874817 0.43698716163635254 0.36730316281318665 -0.08581393212080002 0.9261341094970703 -0.14129756391048431 0.0 0.0 0.0 1.0
0.8146437406539917 0.5126997232437134 -0.2710988521575928 -0.35071948170661926 -0.44804102182388306 0.8531651496887207 0.26714879274368286 0.44869551062583923 0.3682591915130615 -0.0961676761507988 0.9247361421585083 -0.1435285359621048 0.0 0.0 0.0 1.0
0.8184455037117004 0.5107830166816711 -0.2631494700908661 -0.36614990234375 -0.4421793520450592 0.8523626327514648 0.2792049050331116 0.4635993540287018 0.3669118881225586 -0.11215474456548691 0.9234700798988342 -0.1467266082763672 0.0 0.0 0.0 1.0
0.8216438889503479 0.5074076652526855 -0.2596898674964905 -0.37771376967430115 -0.43487972021102905 0.8525564670562744 0.28987428545951843 0.4743484556674957 0.3684847056865692 -0.1252395659685135 0.9211590886116028 -0.14939753711223602 0.0 0.0 0.0 1.0
0.8253500461578369 0.5017207264900208 -0.2589857578277588 -0.38947686553001404 -0.42564839124679565 0.8542594313621521 0.29843637347221375 0.4844195246696472 0.37097272276878357 -0.13607759773731232 0.918619692325592 -0.15266898274421692 0.0 0.0 0.0 1.0
0.8276419043540955 0.4970618188381195 -0.26065003871917725 -0.405166894197464 -0.4180091321468353 0.855808436870575 0.3047298192977905 0.4971878230571747 0.37453606724739075 -0.14325307309627533 0.9160792827606201 -0.1572498083114624 0.0 0.0 0.0 1.0
0.8259808421134949 0.499069482088089 -0.2620789110660553 -0.4165639579296112 -0.419489324092865 0.8547652959823608 0.30562224984169006 0.5056628584861755 0.37654268741607666 -0.14249882102012634 0.9153740406036377 -0.16098886728286743 0.0 0.0 0.0 1.0
0.8259708881378174 0.4979453682899475 -0.26423951983451843 -0.42823895812034607 -0.4181995391845703 0.8555885553359985 0.30508580803871155 0.5135668516159058 0.3779963552951813 -0.14148713648319244 0.9149317741394043 -0.16485686600208282 0.0 0.0 0.0 1.0
0.8270862102508545 0.49463507533073425 -0.2669541835784912 -0.443084180355072 -0.4142376482486725 0.8574316501617432 0.3053164780139923 0.5230990052223206 0.37991517782211304 -0.14194057881832123 0.9140663743019104 -0.16987761855125427 0.0 0.0 0.0 1.0
0.8270091414451599 0.49512383341789246 -0.26628610491752625 -0.45392394065856934 -0.4148094952106476 0.8571187853813171 0.305418461561203 0.5297961831092834 0.37945878505706787 -0.14212584495544434 0.9142271280288696 -0.1729932576417923 0.0 0.0 0.0 1.0
0.8286018371582031 0.49412649869918823 -0.2631691098213196 -0.46448588371276855 -0.41332200169563293 0.857004702091217 0.30774641036987305 0.5359839797019958 0.37760281562805176 -0.14622566103935242 0.9143490195274353 -0.17569255828857422 0.0 0.0 0.0 1.0
0.8340663909912109 0.48549824953079224 -0.2619631588459015 -0.47822514176368713 -0.4041805863380432 0.860980749130249 0.30878835916519165 0.5436256527900696 0.3754614293575287 -0.15166956186294556 0.914344072341919 -0.17891249060630798 0.0 0.0 0.0 1.0
0.8378108143806458 0.4801653325557709 -0.25983506441116333 -0.48805758357048035 -0.39730003476142883 0.862636387348175 0.3130672574043274 0.5487942695617676 0.37446722388267517 -0.15905866026878357 0.9134958386421204 -0.1809196174144745 0.0 0.0 0.0 1.0
0.8416221141815186 0.4735347032546997 -0.25968658924102783 -0.49802640080451965 -0.389989972114563 0.8655110001564026 0.31432241201400757 0.5535884499549866 0.3736041486263275 -0.16326552629470825 0.9131069779396057 -0.18252530694007874 0.0 0.0 0.0 1.0
0.843999445438385 0.4696367681026459 -0.259048730134964 -0.5108606815338135 -0.38270846009254456 0.8657181262969971 0.32259315252304077 0.5594207048416138 0.37576478719711304 -0.17312829196453094 0.9103996157646179 -0.1843356341123581 0.0 0.0 0.0 1.0
0.8475199937820435 0.46353137493133545 -0.2585507929325104 -0.520287811756134 -0.3780132532119751 0.8691003918647766 0.3190148174762726 0.5629090666770935 0.37257999181747437 -0.17263582348823547 0.9118009805679321 -0.18597890436649323 0.0 0.0 0.0 1.0
0.8539120554924011 0.45721811056137085 -0.24856744706630707 -0.5288497805595398 -0.37190914154052734 0.8702308535575867 0.3230817914009094 0.5661476254463196 0.3640299141407013 -0.18343894183635712 0.9131442308425903 -0.18776045739650726 0.0 0.0 0.0 1.0
0.8609769940376282 0.4479667544364929 -0.24092406034469604 -0.5402780771255493 -0.3646093010902405 0.8738073706626892 0.3217463493347168 0.5697387456893921 0.35465288162231445 -0.18917304277420044 0.9156609177589417 -0.18988823890686035 0.0 0.0 0.0 1.0
0.8646552562713623 0.43885448575019836 -0.2444954663515091 -0.5488760471343994 -0.35832923650741577 0.8798808455467224 0.31210556626319885 0.5715126395225525 0.3520958125591278 -0.18225383758544922 0.9180479645729065 -0.19185258448123932 0.0 0.0 0.0 1.0
0.86814945936203 0.43077942728996277 -0.2464662790298462 -0.5575246214866638 -0.35204362869262695 0.8845494985580444 0.30600231885910034 0.5729794502258301 0.34983113408088684 -0.17888887226581573 0.9195743203163147 -0.19451916217803955 0.0 0.0 0.0 1.0
0.8718859553337097 0.4199241101741791 -0.251949667930603 -0.5689328908920288 -0.34248489141464233 0.8906111717224121 0.29919201135635376 0.5742470026016235 0.3500271439552307 -0.17457236349582672 0.9203290343284607 -0.19811004400253296 0.0 0.0 0.0 1.0
0.8738602995872498 0.41072753071784973 -0.2601367235183716 -0.5776671171188354 -0.3348820209503174 0.8964022397994995 0.2903740704059601 0.5746275782585144 0.35245174169540405 -0.16663126647472382 0.9208755493164062 -0.20152007043361664 0.0 0.0 0.0 1.0
0.8746544122695923 0.40301671624183655 -0.26936447620391846 -0.5860632658004761 -0.3321269452571869 0.9029900431632996 0.272581547498703 0.5738568902015686 0.35308837890625 -0.148951455950737 0.9236568808555603 -0.20529118180274963 0.0 0.0 0.0 1.0
0.878767728805542 0.393300324678421 -0.27033719420433044 -0.5970792174339294 -0.3280358910560608 0.9091976284980774 0.25642189383506775 0.5727930068969727 0.3466407358646393 -0.13665497303009033 0.9279900789260864 -0.2100267857313156 0.0 0.0 0.0 1.0
0.8823332786560059 0.3848230242729187 -0.2709229290485382 -0.6050918102264404 -0.32553669810295105 0.9147804975509644 0.2391703873872757 0.5713253021240234 0.3398732841014862 -0.12283264845609665 0.9324153065681458 -0.21332137286663055 0.0 0.0 0.0 1.0
0.8872081637382507 0.37470901012420654 -0.2691742777824402 -0.6123170852661133 -0.3208963871002197 0.9203611016273499 0.2235194593667984 0.5693506598472595 0.33149227499961853 -0.11193124204874039 0.9367946982383728 -0.21692094206809998 0.0 0.0 0.0 1.0
0.893003523349762 0.35814136266708374 -0.2725425064563751 -0.6220495104789734 -0.308656245470047 0.9280955195426941 0.20825476944446564 0.5670386552810669 0.3275301456451416 -0.10185029357671738 0.9393351674079895 -0.2209896594285965 0.0 0.0 0.0 1.0
0.8973738551139832 0.34494805335998535 -0.2751927375793457 -0.6288762092590332 -0.29838263988494873 0.9337904453277588 0.19749224185943604 0.5653703808784485 0.3250969350337982 -0.09511162340641022 0.940885603427887 -0.2241680771112442 0.0 0.0 0.0 1.0
0.9017128348350525 0.3339136242866516 -0.27461913228034973 -0.6352581977844238 -0.289540559053421 0.9381241202354431 0.18997211754322052 0.5640984177589417 0.3210611045360565 -0.09178691357374191 0.9426000714302063 -0.2267259657382965 0.0 0.0 0.0 1.0
0.9092119932174683 0.3193724751472473 -0.2670856714248657 -0.6438738703727722 -0.2771451473236084 0.9430125951766968 0.18416783213615417 0.5628123879432678 0.3106832802295685 -0.09342610836029053 0.9459109306335449 -0.22905966639518738 0.0 0.0 0.0 1.0
0.9129112362861633 0.3135243356227875 -0.2613341808319092 -0.6505268216133118 -0.27112340927124023 0.944418728351593 0.18591773509979248 0.5621625781059265 0.30509862303733826 -0.0988725870847702 0.9471742510795593 -0.2305315136909485 0.0 0.0 0.0 1.0
0.9159698486328125 0.30828025937080383 -0.25683173537254333 -0.6569568514823914 -0.26579922437667847 0.9456837177276611 0.18717136979103088 0.5615289211273193 0.3005828261375427 -0.10317765176296234 0.9481583833694458 -0.23201222717761993 0.0 0.0 0.0 1.0
0.9220336079597473 0.2947293519973755 -0.25097545981407166 -0.6646470427513123 -0.2555655241012573 0.9504126310348511 0.17720647156238556 0.5604009628295898 0.2907581627368927 -0.09924964606761932 0.9516350030899048 -0.2344817966222763 0.0 0.0 0.0 1.0
0.9264102578163147 0.28823745250701904 -0.24224628508090973 -0.6696264743804932 -0.25214919447898865 0.9527536630630493 0.16935528814792633 0.5594557523727417 0.279615581035614 -0.09581025689840317 0.9553195834159851 -0.23615872859954834 0.0 0.0 0.0 1.0
0.9319957494735718 0.2832666337490082 -0.2261502891778946 -0.6737861037254333 -0.2485305666923523 0.9535602331161499 0.17016282677650452 0.5588562488555908 0.2638493776321411 -0.10238577425479889 0.9591144919395447 -0.23803171515464783 0.0 0.0 0.0 1.0
0.938398540019989 0.2700839638710022 -0.21555235981941223 -0.679307222366333 -0.2389543503522873 0.9577887654304504 0.15981723368167877 0.5571175217628479 0.24961769580841064 -0.09846509248018265 0.9633253216743469 -0.24123075604438782 0.0 0.0 0.0 1.0
0.9414247274398804 0.2585785388946533 -0.21646377444267273 -0.6835830807685852 -0.22860264778137207 0.96125328540802 0.15405485033988953 0.5559501647949219 0.24791179597377777 -0.09554685652256012 0.9640594124794006 -0.2436729520559311 0.0 0.0 0.0 1.0
0.943363606929779 0.2515634000301361 -0.2162889689207077 -0.6880407333374023 -0.22114197909832 0.9627985954284668 0.15529032051563263 0.5550037622451782 0.24730807542800903 -0.09866467118263245 0.9639003872871399 -0.24577149748802185 0.0 0.0 0.0 1.0
0.9468716979026794 0.24097326397895813 -0.21299265325069427 -0.6936299204826355 -0.21023991703987122 0.9649484753608704 0.15707843005657196 0.5541582703590393 0.2433786243200302 -0.10395356267690659 0.9643446207046509 -0.24905720353126526 0.0 0.0 0.0 1.0
0.9513230323791504 0.22951948642730713 -0.2056823968887329 -0.7014848589897156 -0.19946424663066864 0.9672763347625732 0.15681372582912445 0.5535879135131836 0.23494350910186768 -0.10815422981977463 0.9659731984138489 -0.2546495795249939 0.0 0.0 0.0 1.0
0.9553633332252502 0.2232741415500641 -0.19346722960472107 -0.705718457698822 -0.19541533291339874 0.9687157273292542 0.15297949314117432 0.5534048080444336 0.22157111763954163 -0.10834452509880066 0.9691066741943359 -0.25874996185302734 0.0 0.0 0.0 1.0
0.9581003189086914 0.21964742243289948 -0.18384458124637604 -0.7083013653755188 -0.1930517852306366 0.9693389534950256 0.1520296186208725 0.5531931519508362 0.21160061657428741 -0.11016809195280075 0.9711272716522217 -0.26201704144477844 0.0 0.0 0.0 1.0
0.9612228870391846 0.2123275250196457 -0.1759759783744812 -0.7104805707931519 -0.18762730062007904 0.9711870551109314 0.14694099128246307 0.5531408190727234 0.20210522413253784 -0.10822514444589615 0.9733657240867615 -0.2649983763694763 0.0 0.0 0.0 1.0
0.9652642011642456 0.20098629593849182 -0.1669417768716812 -0.7128676176071167 -0.17782628536224365 0.9734953045845032 0.1438218206167221 0.553026020526886 0.19142325222492218 -0.10913942754268646 0.9754207730293274 -0.2688060998916626 0.0 0.0 0.0 1.0
0.9682844877243042 0.19231000542640686 -0.15950556099414825 -0.7144211530685425 -0.16939446330070496 0.974570631980896 0.14668864011764526 0.5535131692886353 0.1836591362953186 -0.11501698195934296 0.9762378931045532 -0.2708723247051239 0.0 0.0 0.0 1.0
0.9721554517745972 0.17905238270759583 -0.15117529034614563 -0.7155167460441589 -0.1572636514902115 0.9767676591873169 0.14557839930057526 0.5540290474891663 0.1737292855978012 -0.11775045841932297 0.9777284860610962 -0.27265655994415283 0.0 0.0 0.0 1.0
0.9773988127708435 0.16187524795532227 -0.13597062230110168 -0.7168613076210022 -0.14208590984344482 0.9792559146881104 0.14446279406547546 0.5552949905395508 0.15653498470783234 -0.1218782514333725 0.9801236987113953 -0.27482208609580994 0.0 0.0 0.0 1.0
0.9799944758415222 0.15174420177936554 -0.12878111004829407 -0.7186018824577332 -0.13168492913246155 0.9795498251914978 0.15212254226207733 0.5571998953819275 0.1492312252521515 -0.13212071359157562 0.9799357652664185 -0.2756293714046478 0.0 0.0 0.0 1.0
0.9826999306678772 0.13880573213100433 -0.12261244654655457 -0.7205364108085632 -0.11920969188213348 0.9807242155075073 0.15481944382190704 0.5593294501304626 0.14173881709575653 -0.13752445578575134 0.9803045988082886 -0.27639272809028625 0.0 0.0 0.0 1.0
0.9860478043556213 0.12456584721803665 -0.1104220449924469 -0.7239232659339905 -0.10565172135829926 0.9809316992759705 0.163128063082695 0.5625296235084534 0.1286366730928421 -0.14918579161167145 0.9804061651229858 -0.2767505943775177 0.0 0.0 0.0 1.0
0.987898588180542 0.1195448786020279 -0.09881995618343353 -0.7266967296600342 -0.1012173667550087 0.9796620011329651 0.1732552945613861 0.5652231574058533 0.11752193421125412 -0.16115637123584747 0.9799067378044128 -0.27727288007736206 0.0 0.0 0.0 1.0
0.9897733926773071 0.11409511417150497 -0.08562120050191879 -0.7296450138092041 -0.09854456037282944 0.9808670878410339 0.1678948998451233 0.5672315359115601 0.1031390056014061 -0.15774038434028625 0.9820795655250549 -0.2777962386608124 0.0 0.0 0.0 1.0
0.9921377897262573 0.10608857125043869 -0.06639174371957779 -0.734216034412384 -0.09326081722974777 0.9804838299751282 0.1730719804763794 0.5709229111671448 0.08345699310302734 -0.16551950573921204 0.982668936252594 -0.27769967913627625 0.0 0.0 0.0 1.0
0.993165135383606 0.10224539041519165 -0.056293003261089325 -0.737933337688446 -0.09008534997701645 0.9781648516654968 0.18729177117347717 0.5739731788635254 0.07421355694532394 -0.18094049394130707 0.9806900024414062 -0.2776121497154236 0.0 0.0 0.0 1.0
0.9943562150001526 0.09450835734605789 -0.04820656403899193 -0.7414261102676392 -0.08434364944696426 0.9798262119293213 0.18118147552013397 0.5762804746627808 0.0643572211265564 -0.17609301209449768 0.9822674989700317 -0.27774277329444885 0.0 0.0 0.0 1.0
0.9959255456924438 0.0824662297964096 -0.03649190068244934 -0.7460941672325134 -0.07424332946538925 0.9794954657554626 0.1872873306274414 0.579543948173523 0.05118853226304054 -0.18381495773792267 0.9816271066665649 -0.2774805426597595 0.0 0.0 0.0 1.0
0.996294379234314 0.07939077913761139 -0.033085551112890244 -0.7505500912666321 -0.07140760868787766 0.9779331088066101 0.19633588194847107 0.5820372104644775 0.047942712903022766 -0.1932457834482193 0.9799783229827881 -0.2766689658164978 0.0 0.0 0.0 1.0
0.9967992305755615 0.07402480393648148 -0.030193110927939415 -0.7543889880180359 -0.06663035601377487 0.977952241897583 0.1979137510061264 0.5835862159729004 0.04417794570326805 -0.19526849687099457 0.9797543287277222 -0.2767277956008911 0.0 0.0 0.0 1.0
0.9976398348808289 0.06281620264053345 -0.02772911638021469 -0.7587897777557373 -0.05651926249265671 0.9805657863616943 0.18787305057048798 0.5845350623130798 0.038991693407297134 -0.18586240708827972 0.9818018078804016 -0.2773381173610687 0.0 0.0 0.0 1.0
0.9979550838470459 0.058678604662418365 -0.025346696376800537 -0.7619847059249878 -0.052978429943323135 0.9811921119689941 0.18562141060829163 0.5850591063499451 0.035761985927820206 -0.18389900028705597 0.9822943806648254 -0.2777356207370758 0.0 0.0 0.0 1.0
0.9982213377952576 0.05534714087843895 -0.022154662758111954 -0.7644070386886597 -0.050557322800159454 0.9828409552574158 0.17739108204841614 0.5851532816886902 0.03159260004758835 -0.17595548927783966 0.9838910102844238 -0.27867019176483154 0.0 0.0 0.0 1.0
0.9986271858215332 0.04964253306388855 -0.016712795943021774 -0.7663810849189758 -0.046288635581731796 0.9857025146484375 0.1620122194290161 0.5841564536094666 0.02451654151082039 -0.16101621091365814 0.9866471886634827 -0.2804700434207916 0.0 0.0 0.0 1.0
0.9986968040466309 0.048061639070510864 -0.017169203609228134 -0.7678632140159607 -0.04483150690793991 0.986912190914154 0.15490157902240753 0.5832511186599731 0.024389319121837616 -0.15392997860908508 0.9877806901931763 -0.28102102875709534 0.0 0.0 0.0 1.0
0.9987754225730896 0.046346940100193024 -0.01730879209935665 -0.7688822746276855 -0.043004073202610016 0.9862738251686096 0.1594197154045105 0.5822274088859558 0.024459823966026306 -0.15848013758659363 0.9870591759681702 -0.28142547607421875 0.0 0.0 0.0 1.0
0.9988317489624023 0.042522769421339035 -0.02295653522014618 -0.7701679468154907 -0.038385696709156036 0.9867522716522217 0.15762780606746674 0.5799435377120972 0.029355183243751526 -0.1565624624490738 0.9872317314147949 -0.28180068731307983 0.0 0.0 0.0 1.0
0.9987378120422363 0.04222638159990311 -0.027198215946555138 -0.7709442377090454 -0.0375753790140152 0.9874666929244995 0.15328921377658844 0.5776312351226807 0.03333018347620964 -0.15207375586032867 0.9878069758415222 -0.2818300127983093 0.0 0.0 0.0 1.0
0.9986687898635864 0.043133314698934555 -0.028288239613175392 -0.7712721824645996 -0.03829067945480347 0.9873701930046082 0.15373337268829346 0.5752776861190796 0.034561995416879654 -0.15244553983211517 0.9877073764801025 -0.28194475173950195 0.0 0.0 0.0 1.0
0.9988227486610413 0.04300086572766304 -0.02245039865374565 -0.770949125289917 -0.038963980972766876 0.9868746995925903 0.15671683847904205 0.57204270362854 0.028894690796732903 -0.1556575745344162 0.9873883724212646 -0.2819630801677704 0.0 0.0 0.0 1.0
0.9989282488822937 0.04146883264183998 -0.02056017704308033 -0.7700414061546326 -0.03783876448869705 0.9874634742736816 0.15324516594409943 0.5691408514976501 0.02665732242166996 -0.15230295062065125 0.9879742860794067 -0.2824682891368866 0.0 0.0 0.0 1.0
0.9989715814590454 0.0383373461663723 -0.02420860156416893 -0.7690742015838623 -0.03454987332224846 0.9893898963928223 0.1411169171333313 0.5659613013267517 0.029361793771386147 -0.14013539254665375 0.9896969199180603 -0.28311270475387573 0.0 0.0 0.0 1.0
0.9990590214729309 0.03279074653983116 -0.028387147933244705 -0.7672629952430725 -0.028551580384373665 0.9899300336837769 0.13864827156066895 0.5620399117469788 0.032647669315338135 -0.13770730793476105 0.9899347424507141 -0.2830663025379181 0.0 0.0 0.0 1.0
0.9990999698638916 0.030116964131593704 -0.029869036749005318 -0.7657409906387329 -0.025638334453105927 0.9897637963294983 0.14039352536201477 0.5592862367630005 0.03379151597619057 -0.13950137794017792 0.9896451234817505 -0.2825271189212799 0.0 0.0 0.0 1.0
0.9991307258605957 0.02685564011335373 -0.03188306838274002 -0.7639760971069336 -0.02217322215437889 0.9900339841842651 0.13907219469547272 0.5563244223594666 0.03530019521713257 -0.13824434578418732 0.9897688627243042 -0.2819002568721771 0.0 0.0 0.0 1.0
0.9990803599357605 0.02495267242193222 -0.03486831113696098 -0.7619543671607971 -0.020013362169265747 0.9905827641487122 0.135444775223732 0.5523919463157654 0.037919655442237854 -0.13462239503860474 0.9901711344718933 -0.2810951769351959 0.0 0.0 0.0 1.0
0.999021589756012 0.02514766901731491 -0.03638015314936638 -0.7606403827667236 -0.020181650295853615 0.9911832809448242 0.13095182180404663 0.5495450496673584 0.03935253247618675 -0.13008947670459747 0.9907209873199463 -0.2803151309490204 0.0 0.0 0.0 1.0
0.998986542224884 0.0270643699914217 -0.03596474602818489 -0.759505569934845 -0.022238142788410187 0.9914727210998535 0.12840299308300018 0.5468456149101257 0.039133209735155106 -0.12747307121753693 0.9910697340965271 -0.2792591154575348 0.0 0.0 0.0 1.0
0.9989613890647888 0.031049411743879318 -0.03334730863571167 -0.758155882358551 -0.026697257533669472 0.9919430613517761 0.12383963912725449 0.5433024168014526 0.03692377731204033 -0.12282073497772217 0.9917417764663696 -0.27772143483161926 0.0 0.0 0.0 1.0
0.9990308880805969 0.02964184060692787 -0.032536838203668594 -0.7572299242019653 -0.02553105540573597 0.9924215078353882 0.12019872665405273 0.540904700756073 0.03585316985845566 -0.1192515417933464 0.9922165274620056 -0.2768535017967224 0.0 0.0 0.0 1.0
0.9990018010139465 0.02830038219690323 -0.034561242908239365 -0.7564883232116699 -0.02400657720863819 0.992617666721344 0.11888590455055237 0.5388014912605286 0.037670619785785675 -0.11793753504753113 0.9923062324523926 -0.2755741775035858 0.0 0.0 0.0 1.0
0.9990069270133972 0.02304675057530403 -0.038132015615701675 -0.755771279335022 -0.0182670708745718 0.9924526810646057 0.12125977128744125 0.5366746187210083 0.040638864040374756 -0.12044278532266617 0.9918881058692932 -0.27382707595825195 0.0 0.0 0.0 1.0
0.999017596244812 0.0201205275952816 -0.03948461636900902 -0.7552174925804138 -0.01519859954714775 0.9925098419189453 0.12121566385030746 0.5353344678878784 0.04162779077887535 -0.120496466755867 0.9918406009674072 -0.27249768376350403 0.0 0.0 0.0 1.0
0.9990680813789368 0.01793879084289074 -0.039257634431123734 -0.7549756169319153 -0.013037791475653648 0.9924794435501099 0.12171493470668793 0.5344100594520569 0.04114581644535065 -0.12108967453241348 0.9917884469032288 -0.27148428559303284 0.0 0.0 0.0 1.0
0.9989762902259827 0.01730884425342083 -0.041795019060373306 -0.754812479019165 -0.012014013715088367 0.9922387599945068 0.1237657442688942 0.5335926413536072 0.043612878769636154 -0.12313691526651382 0.9914308786392212 -0.26999929547309875 0.0 0.0 0.0 1.0
0.9988741874694824 0.017673319205641747 -0.044022660702466965 -0.7549707889556885 -0.01200689934194088 0.9919824004173279 0.12580429017543793 0.5331209897994995 0.04589308425784111 -0.12513408064842224 0.9910778403282166 -0.2691977620124817 0.0 0.0 0.0 1.0
0.9988324642181396 0.019842127338051796 -0.04404543712735176 -0.7551238536834717 -0.014136672019958496 0.9918964505195618 0.12625981867313385 0.5325022339820862 0.04619377851486206 -0.1254897564649582 0.9910188913345337 -0.2685316205024719 0.0 0.0 0.0 1.0
0.9988917112350464 0.02404004894196987 -0.04046525061130524 -0.7551685571670532 -0.018758496269583702 0.9918299317359924 0.12618067860603333 0.5316223502159119 0.04316803440451622 -0.12528175115585327 0.9911816120147705 -0.26787301898002625 0.0 0.0 0.0 1.0
0.9988950490951538 0.026140252128243446 -0.03905552253127098 -0.7554710507392883 -0.021049322560429573 0.9918696880340576 0.12550491094589233 0.531027615070343 0.04201871529221535 -0.12454414367675781 0.9913239479064941 -0.26753416657447815 0.0 0.0 0.0 1.0
0.9987562298774719 0.02652875706553459 -0.04221681132912636 -0.7556205987930298 -0.021168891340494156 0.9922186732292175 0.12269444018602371 0.529971182346344 0.045143239200115204 -0.1216481477022171 0.9915461540222168 -0.2675740122795105 0.0 0.0 0.0 1.0
