0.9933599829673767 -0.011944999918341637 -0.11442700028419495 2.9482851028442383 0.10305900126695633 -0.34969401359558105 0.9311779737472534 4.432959079742432 -0.05113700032234192 -0.936788022518158 -0.3461410105228424 1.4604270458221436 0.0 0.0 0.0 1.0
0.9931399822235107 -0.016022000461816788 -0.11582499742507935 2.9491019248962402 0.10292500257492065 -0.35027000308036804 0.9309769868850708 4.433566093444824 -0.05548600107431412 -0.9365119934082031 -0.3462179899215698 1.4634829759597778 0.0 0.0 0.0 1.0
0.9932339787483215 -0.01622599922120571 -0.11498899757862091 2.952414035797119 0.10223499685525894 -0.3474609851837158 0.9321039915084839 4.433719158172607 -0.05507799983024597 -0.9375540018081665 -0.34345099329948425 1.4594589471817017 0.0 0.0 0.0 1.0
0.9934669733047485 -0.01548600010573864 -0.1130639985203743 2.9550600051879883 0.10067199915647507 -0.3476549983024597 0.9322019815444946 4.435544967651367 -0.05374300107359886 -0.9374949932098389 -0.34382501244544983 1.464879035949707 0.0 0.0 0.0 1.0
0.9935430288314819 -0.018943000584840775 -0.11186599731445312 2.95858097076416 0.09844300150871277 -0.3462580144405365 0.9329599738121033 4.436487197875977 -0.056407999247312546 -0.9379479885101318 -0.3421579897403717 1.4632240533828735 0.0 0.0 0.0 1.0
0.993565022945404 -0.021265000104904175 -0.11124899983406067 2.95912504196167 0.09700000286102295 -0.347368985414505 0.9326980113983154 4.438571929931641 -0.05847800150513649 -0.937487006187439 -0.34307101368904114 1.4648029804229736 0.0 0.0 0.0 1.0
0.9936509728431702 -0.02153399959206581 -0.11043000221252441 2.9573700428009033 0.09618599712848663 -0.34660598635673523 0.9330660104751587 4.440669059753418 -0.058368001133203506 -0.9377639889717102 -0.34233400225639343 1.4673680067062378 0.0 0.0 0.0 1.0
0.9936259984970093 -0.02186499908566475 -0.1105860024690628 2.9577178955078125 0.09635499864816666 -0.34442099928855896 0.9338579773902893 4.4407877922058105 -0.05850699916481972 -0.9385610222816467 -0.34011900424957275 1.4674429893493652 0.0 0.0 0.0 1.0
0.9937160015106201 -0.02041799947619438 -0.11005599796772003 2.9584760665893555 0.09619800001382828 -0.34692201018333435 0.9329479932785034 4.44187593460083 -0.05722900107502937 -0.9376720190048218 -0.3427779972553253 1.466346025466919 0.0 0.0 0.0 1.0
0.9942319989204407 -0.017086999490857124 -0.10588099807500839 2.9557840824127197 0.09324000030755997 -0.3501549959182739 0.9320399761199951 4.441681861877441 -0.053001001477241516 -0.9365360140800476 -0.34654200077056885 1.45911705493927 0.0 0.0 0.0 1.0
0.9947789907455444 -0.007091999985277653 -0.10180400311946869 2.953680992126465 0.09225499629974365 -0.36398398876190186 0.9268249869346619 4.449699878692627 -0.04362799972295761 -0.9313780069351196 -0.36142900586128235 1.4691109657287598 0.0 0.0 0.0 1.0
0.9953359961509705 -0.007703999988734722 -0.09616199880838394 2.947158098220825 0.08648200333118439 -0.37044501304626465 0.9248200058937073 4.446432113647461 -0.04274800047278404 -0.9288229942321777 -0.3680509924888611 1.455322027206421 0.0 0.0 0.0 1.0
0.9956219792366028 -0.006147999782115221 -0.0932689979672432 2.9423019886016846 0.08379100263118744 -0.383527010679245 0.9197210073471069 4.445237159729004 -0.041425999253988266 -0.9235090017318726 -0.38133299350738525 1.4463920593261719 0.0 0.0 0.0 1.0
0.9958189725875854 -0.004050999879837036 -0.09126000106334686 2.939129114151001 0.0821869969367981 -0.39635899662971497 0.9144089818000793 4.445349216461182 -0.039875999093055725 -0.9180870056152344 -0.3943690061569214 1.4380929470062256 0.0 0.0 0.0 1.0
0.9961379766464233 -0.004964999854564667 -0.0876619964838028 2.9347140789031982 0.07792799919843674 -0.4100069999694824 0.9087470173835754 4.444365978240967 -0.04045400023460388 -0.9120690226554871 -0.408037006855011 1.4301420450210571 0.0 0.0 0.0 1.0
0.996321976184845 -0.005578000098466873 -0.08550400286912918 2.931288957595825 0.07518500089645386 -0.421750009059906 0.9035900235176086 4.441307067871094 -0.04110100120306015 -0.9066950082778931 -0.4197790026664734 1.4191759824752808 0.0 0.0 0.0 1.0
0.9963679909706116 -0.005962000228464603 -0.08494500070810318 2.9262290000915527 0.07414499670267105 -0.42983898520469666 0.8998559713363647 4.436378002166748 -0.04187700152397156 -0.9028859734535217 -0.42783498764038086 1.4062780141830444 0.0 0.0 0.0 1.0
0.9963039755821228 -0.008589999750256538 -0.08546999841928482 2.92084002494812 0.0729369968175888 -0.4410080015659332 0.8945350050926208 4.433173179626465 -0.04537700116634369 -0.897462010383606 -0.4387519955635071 1.4014140367507935 0.0 0.0 0.0 1.0
0.9962599873542786 -0.01101600006222725 -0.08570200204849243 2.9173309803009033 0.07149200141429901 -0.4519590139389038 0.8891689777374268 4.430253982543945 -0.0485289990901947 -0.8919699788093567 -0.4494819939136505 1.3936760425567627 0.0 0.0 0.0 1.0
0.9962869882583618 -0.0124080004170537 -0.0851920023560524 2.9156250953674316 0.06989400088787079 -0.46117299795150757 0.8845530152320862 4.426037788391113 -0.05026400089263916 -0.887224018573761 -0.4585939943790436 1.3838930130004883 0.0 0.0 0.0 1.0
0.9962549805641174 -0.014731000177562237 -0.08520100265741348 2.920422077178955 0.06775499880313873 -0.47916799783706665 0.8751040101051331 4.430912971496582 -0.0537169985473156 -0.8776000142097473 -0.4763759970664978 1.3906069993972778 0.0 0.0 0.0 1.0
0.9969480037689209 -0.01590700075030327 -0.07642500102519989 2.9127418994903564 0.05933399870991707 -0.4817869961261749 0.8742769956588745 4.422192096710205 -0.050728000700473785 -0.8761439919471741 -0.4793730080127716 1.3740500211715698 0.0 0.0 0.0 1.0
0.9973649978637695 -0.016083000227808952 -0.07074599713087082 2.9122960567474365 0.05386999994516373 -0.489003986120224 0.8706160187721252 4.419435024261475 -0.048597000539302826 -0.8721330165863037 -0.48684900999069214 1.3687629699707031 0.0 0.0 0.0 1.0
0.9976279735565186 -0.01649799942970276 -0.0668260008096695 2.9135210514068604 0.04997299984097481 -0.49403101205825806 0.8680070042610168 4.418173789978027 -0.04733400046825409 -0.8692880272865295 -0.49203500151634216 1.36503005027771 0.0 0.0 0.0 1.0
0.9978839755058289 -0.016888000071048737 -0.0627949982881546 2.9131100177764893 0.04622400179505348 -0.4949919879436493 0.867667019367218 4.414303779602051 -0.04573599994182587 -0.8687340021133423 -0.4931640028953552 1.360237956047058 0.0 0.0 0.0 1.0
0.9981549978256226 -0.017720000818371773 -0.058079998940229416 2.911294937133789 0.04171299934387207 -0.49500399827957153 0.8678889870643616 4.408556938171387 -0.04412899911403656 -0.8687099814414978 -0.4933519959449768 1.353314995765686 0.0 0.0 0.0 1.0
0.9981229901313782 -0.022092999890446663 -0.057124000042676926 2.914361000061035 0.03860300034284592 -0.4971669912338257 0.8667960166931152 4.404486179351807 -0.04755000025033951 -0.8673740029335022 -0.4953809976577759 1.342911958694458 0.0 0.0 0.0 1.0
0.9981939792633057 -0.029461000114679337 -0.052347999066114426 2.9058079719543457 0.03037700057029724 -0.504256010055542 0.8630200028419495 4.401291847229004 -0.0518219992518425 -0.8630520105361938 -0.5024499893188477 1.338897943496704 0.0 0.0 0.0 1.0
0.9980869889259338 -0.03284300118684769 -0.052382998168468475 2.904546022415161 0.028230000287294388 -0.5116900205612183 0.858705997467041 4.401185989379883 -0.0550060011446476 -0.8585420250892639 -0.5097839832305908 1.3415169715881348 0.0 0.0 0.0 1.0
0.9979299902915955 -0.03545700013637543 -0.0536470003426075 2.9057159423828125 0.027977999299764633 -0.5117459893226624 0.8586810231208801 4.4007039070129395 -0.05790000036358833 -0.8584049940109253 -0.50969398021698 1.3440489768981934 0.0 0.0 0.0 1.0
0.998420000076294 -0.030004000291228294 -0.04751899838447571 2.8948609828948975 0.02512199990451336 -0.5180870294570923 0.8549590110778809 4.408545017242432 -0.05027100071310997 -0.8548009991645813 -0.5165150165557861 1.364948034286499 0.0 0.0 0.0 1.0
0.9982709884643555 -0.0281629990786314 -0.05159899964928627 2.8996570110321045 0.029954999685287476 -0.5115519762039185 0.8587300181388855 4.40816593170166 -0.05057999864220619 -0.8587909936904907 -0.5098239779472351 1.371392011642456 0.0 0.0 0.0 1.0
0.9982770085334778 -0.027201000601053238 -0.05199100077152252 2.897022008895874 0.03116000071167946 -0.5050320029258728 0.8625379800796509 4.408760070800781 -0.04971899837255478 -0.862671971321106 -0.5033140182495117 1.3774490356445312 0.0 0.0 0.0 1.0
0.9982920289039612 -0.027178000658750534 -0.05172299966216087 2.895418882369995 0.03126399964094162 -0.4993770122528076 0.8658210039138794 4.409368991851807 -0.04936100170016289 -0.8659589886665344 -0.49767398834228516 1.3854320049285889 0.0 0.0 0.0 1.0
0.99822598695755 -0.030634000897407532 -0.0510529987514019 2.8926539421081543 0.029326999559998512 -0.49326300621032715 0.8693860173225403 4.409453868865967 -0.05181499943137169 -0.8693410158157349 -0.4914889931678772 1.3943040370941162 0.0 0.0 0.0 1.0
0.9979569911956787 -0.03480200096964836 -0.05358299985527992 2.8925929069519043 0.030055999755859375 -0.48435598611831665 0.8743550181388855 4.408751010894775 -0.05638200044631958 -0.8741790056228638 -0.48232001066207886 1.3963810205459595 0.0 0.0 0.0 1.0
0.9975860118865967 -0.040157999843358994 -0.056648001074790955 2.8900389671325684 0.030640000477433205 -0.477524995803833 0.8780840039253235 4.412436008453369 -0.06231300160288811 -0.8776999711990356 -0.4751420021057129 1.4102809429168701 0.0 0.0 0.0 1.0
0.997052013874054 -0.04614099860191345 -0.06130899861454964 2.8873119354248047 0.033160001039505005 -0.4614430069923401 0.8865500092506409 4.412170886993408 -0.06919699907302856 -0.8859689831733704 -0.4585520029067993 1.4183039665222168 0.0 0.0 0.0 1.0
0.9965959787368774 -0.04954800009727478 -0.06589599698781967 2.884821891784668 0.03695100173354149 -0.4460600018501282 0.8942400217056274 4.412543773651123 -0.07370200008153915 -0.8936309814453125 -0.4427109956741333 1.4309829473495483 0.0 0.0 0.0 1.0
0.9965739846229553 -0.05029600113630295 -0.06564900279045105 2.8797550201416016 0.03773900121450424 -0.42975398898124695 0.9021570086479187 4.411016941070557 -0.07358799874782562 -0.9015439748764038 -0.42638400197029114 1.4405750036239624 0.0 0.0 0.0 1.0
0.9968289732933044 -0.04909000173211098 -0.06263499706983566 2.875041961669922 0.037321001291275024 -0.40677499771118164 0.9127659797668457 4.401679039001465 -0.07028599828481674 -0.9122089743614197 -0.40365299582481384 1.4296159744262695 0.0 0.0 0.0 1.0
0.9973340034484863 -0.04775499925017357 -0.05517800152301788 2.8677539825439453 0.03212200105190277 -0.39165300130844116 0.9195520281791687 4.4012861251831055 -0.06552399694919586 -0.9188730120658875 -0.38907501101493835 1.4378210306167603 0.0 0.0 0.0 1.0
0.9976699948310852 -0.04751100018620491 -0.048951998353004456 2.862159013748169 0.027209000661969185 -0.38089799880981445 0.9242169857025146 4.403189182281494 -0.06255599856376648 -0.9233959913253784 -0.37871798872947693 1.4505300521850586 0.0 0.0 0.0 1.0
0.9980700016021729 -0.04348500072956085 -0.044335998594760895 2.858469009399414 0.025297999382019043 -0.3673210144042969 0.9297500252723694 4.405106067657471 -0.05671599879860878 -0.9290770292282104 -0.36551201343536377 1.4584699869155884 0.0 0.0 0.0 1.0
0.9983500242233276 -0.04201800003647804 -0.03914399817585945 2.8533170223236084 0.021920999512076378 -0.3511880040168762 0.9360479712486267 4.403298854827881 -0.05307700112462044 -0.9353619813919067 -0.34968799352645874 1.466040015220642 0.0 0.0 0.0 1.0
0.9987260103225708 -0.04062800109386444 -0.029935000464320183 2.836047887802124 0.01432500034570694 -0.3405509889125824 0.9401170015335083 4.407739162445068 -0.048388998955488205 -0.9393479824066162 -0.3395349979400635 1.4865750074386597 0.0 0.0 0.0 1.0
0.9989190101623535 -0.038791000843048096 -0.025614000856876373 2.8260650634765625 0.011694000102579594 -0.32359498739242554 0.9461230039596558 4.406330108642578 -0.04498999938368797 -0.9453999996185303 -0.3227919936180115 1.4964599609375 0.0 0.0 0.0 1.0
0.9989359974861145 -0.041147999465465546 -0.02080800011754036 2.8156139850616455 0.007255000062286854 -0.3053869903087616 0.9522010087966919 4.403654098510742 -0.04553600028157234 -0.9513390064239502 -0.3047640025615692 1.5003509521484375 0.0 0.0 0.0 1.0
0.9989950060844421 -0.042500998824834824 -0.014275000430643559 2.804749011993408 0.0011109999613836408 -0.29484298825263977 0.9555450081825256 4.403732776641846 -0.04481999948620796 -0.9545999765396118 -0.2944999933242798 1.513903021812439 0.0 0.0 0.0 1.0
0.9989479780197144 -0.04537900164723396 -0.0065379999577999115 2.789669990539551 -0.0067090000957250595 -0.2857449948787689 0.9582819938659668 4.4020280838012695 -0.045354001224040985 -0.9572309851646423 -0.28574898838996887 1.5213170051574707 0.0 0.0 0.0 1.0
0.9986230134963989 -0.05245999991893768 0.0004459999909158796 2.771872043609619 -0.01449500024318695 -0.2677310109138489 0.9633849859237671 4.391357898712158 -0.05042000114917755 -0.9620649814605713 -0.26812300086021423 1.5015549659729004 0.0 0.0 0.0 1.0
0.9982889890670776 -0.05829000100493431 0.004662000108510256 2.756524085998535 -0.019896000623703003 -0.26360800862312317 0.9644250273704529 4.3923749923706055 -0.054986998438835144 -0.962867021560669 -0.26431599259376526 1.5184400081634521 0.0 0.0 0.0 1.0
0.9978569746017456 -0.06499099731445312 0.007583000231534243 2.7377140522003174 -0.02390200085937977 -0.25418001413345337 0.9668620228767395 4.389862060546875 -0.060910001397132874 -0.9649710059165955 -0.25518798828125 1.5270750522613525 0.0 0.0 0.0 1.0
0.997596025466919 -0.06919500231742859 0.003647000063210726 2.72632098197937 -0.020609000697731972 -0.2460460066795349 0.9690390229225159 4.388325214385986 -0.06615500152111053 -0.9667850136756897 -0.24688099324703217 1.5335659980773926 0.0 0.0 0.0 1.0
0.997219979763031 -0.07443899661302567 0.003350999904796481 2.7101380825042725 -0.020709000527858734 -0.2336689978837967 0.9720960259437561 4.384842872619629 -0.07157900184392929 -0.9694629907608032 -0.2345609962940216 1.5353959798812866 0.0 0.0 0.0 1.0
0.9971349835395813 -0.075593002140522 0.0026420000940561295 2.699428081512451 -0.019693000242114067 -0.22572200000286102 0.9739930033683777 4.384026050567627 -0.0730310007929802 -0.9712550044059753 -0.22656400501728058 1.5477900505065918 0.0 0.0 0.0 1.0
0.997044026851654 -0.07657600194215775 0.006300000008195639 2.6897900104522705 -0.02267500013113022 -0.2149049937725067 0.9763720035552979 4.381637096405029 -0.07341299951076508 -0.9736279845237732 -0.21600599586963654 1.5488569736480713 0.0 0.0 0.0 1.0
0.9969109892845154 -0.07692799717187881 0.01580600067973137 2.6750528812408447 -0.031929999589920044 -0.2131430059671402 0.9764990210533142 4.383664131164551 -0.07175099849700928 -0.9739879965782166 -0.21494099497795105 1.559453010559082 0.0 0.0 0.0 1.0
0.9968169927597046 -0.07623899728059769 0.023312000557780266 2.6656899452209473 -0.039002999663352966 -0.21132400631904602 0.9766370058059692 4.382289886474609 -0.06953100115060806 -0.9744380116462708 -0.2136249989271164 1.565276026725769 0.0 0.0 0.0 1.0
0.9964219927787781 -0.0777439996600151 0.03314799815416336 2.6552939414978027 -0.04869699850678444 -0.20757099986076355 0.9770069718360901 4.383336067199707 -0.06907600164413452 -0.9751260280609131 -0.21061499416828156 1.5719729661941528 0.0 0.0 0.0 1.0
0.9962090253829956 -0.0773020014166832 0.0399009995162487 2.6471478939056396 -0.05447100102901459 -0.19666600227355957 0.9789559841156006 4.380864143371582 -0.06782799959182739 -0.9774190187454224 -0.20013099908828735 1.5714999437332153 0.0 0.0 0.0 1.0
0.9962559938430786 -0.07550600171089172 0.042114999145269394 2.6414380073547363 -0.056033000349998474 -0.19291800260543823 0.9796140193939209 4.381869792938232 -0.06584200263023376 -0.978305995464325 -0.19642600417137146 1.588958978652954 0.0 0.0 0.0 1.0
0.9962210059165955 -0.07475999742746353 0.044217001646757126 2.6352059841156006 -0.05735199898481369 -0.18388700485229492 0.9812729954719543 4.380796909332275 -0.06522899866104126 -0.9801009893417358 -0.18747900426387787 1.5984599590301514 0.0 0.0 0.0 1.0
0.9965739846229553 -0.07086200267076492 0.042649999260902405 2.6371970176696777 -0.05440099909901619 -0.1731950044631958 0.9833840131759644 4.378115177154541 -0.0622979998588562 -0.9823349714279175 -0.1764570027589798 1.604604959487915 0.0 0.0 0.0 1.0
0.996711015701294 -0.06496500223875046 0.04843899980187416 2.6314549446105957 -0.058522000908851624 -0.16359299421310425 0.9847909808158875 4.3762102127075195 -0.05605199933052063 -0.9843869805335999 -0.16685700416564941 1.6072310209274292 0.0 0.0 0.0 1.0
0.996537983417511 -0.06193400174379349 0.05546199902892113 2.6298511028289795 -0.06469500064849854 -0.15870800614356995 0.9852039813995361 4.3746018409729 -0.05221499875187874 -0.985381007194519 -0.16216500103473663 1.6135870218276978 0.0 0.0 0.0 1.0
0.9964500069618225 -0.05720299854874611 0.06177299842238426 2.6293671131134033 -0.06998000293970108 -0.15483100712299347 0.98545902967453 4.372190952301025 -0.046806998550891876 -0.986283004283905 -0.1582850068807602 1.6221799850463867 0.0 0.0 0.0 1.0
0.9964320063591003 -0.05345499888062477 0.06531699746847153 2.63102388381958 -0.07259300351142883 -0.14798200130462646 0.9863219857215881 4.371281147003174 -0.04305800050497055 -0.9875440001487732 -0.1513350009918213 1.6302189826965332 0.0 0.0 0.0 1.0
0.9964659810066223 -0.04952700063586235 0.06784400343894958 2.6287848949432373 -0.07414200156927109 -0.1389710009098053 0.9875169992446899 4.367743968963623 -0.039480000734329224 -0.9890570044517517 -0.14215199649333954 1.6391810178756714 0.0 0.0 0.0 1.0
0.9966520071029663 -0.04510100185871124 0.0681919977068901 2.6237549781799316 -0.07351899892091751 -0.12950299680233002 0.9888499975204468 4.3649091720581055 -0.035767000168561935 -0.9905530214309692 -0.1323850005865097 1.6479899883270264 0.0 0.0 0.0 1.0
0.9966790080070496 -0.04316699877381325 0.06904599815607071 2.615792989730835 -0.073403000831604 -0.10917499661445618 0.9913079738616943 4.355434894561768 -0.03525400161743164 -0.9930850267410278 -0.11198099702596664 1.6364929676055908 0.0 0.0 0.0 1.0
0.9966890215873718 -0.041053999215364456 0.07018300145864487 2.6084630489349365 -0.07390300184488297 -0.09748400002717972 0.9924889802932739 4.350860118865967 -0.033904001116752625 -0.9943900108337402 -0.10019499808549881 1.6450140476226807 0.0 0.0 0.0 1.0
0.9970600008964539 -0.0379600003361702 0.06656000018119812 2.6142148971557617 -0.06962300091981888 -0.08608300238847733 0.9938520193099976 4.34365701675415 -0.03199699893593788 -0.9955649971961975 -0.08847299963235855 1.654526948928833 0.0 0.0 0.0 1.0
0.9972580075263977 -0.036518000066280365 0.06436599791049957 2.6182820796966553 -0.06699199974536896 -0.07593899965286255 0.994858980178833 4.338782787322998 -0.031442999839782715 -0.9964439868927002 -0.07817699760198593 1.6635589599609375 0.0 0.0 0.0 1.0
0.9972249865531921 -0.03477799892425537 0.06582800298929214 2.6184029579162598 -0.06797699630260468 -0.06470099836587906 0.9955869913101196 4.334284782409668 -0.030365999788045883 -0.997298002243042 -0.06688600033521652 1.6652389764785767 0.0 0.0 0.0 1.0
0.9972599744796753 -0.032666001468896866 0.06636600196361542 2.6224780082702637 -0.06818199902772903 -0.05805100128054619 0.9959819912910461 4.329455852508545 -0.028682999312877655 -0.9977790117263794 -0.06011899933218956 1.6705269813537598 0.0 0.0 0.0 1.0
0.9971950054168701 -0.03256699815392494 0.06739100068807602 2.626523017883301 -0.06906700134277344 -0.05339699983596802 0.9961820244789124 4.32698917388916 -0.02884400077164173 -0.9980419874191284 -0.055497001856565475 1.679326057434082 0.0 0.0 0.0 1.0
0.9971460103988647 -0.03305500000715256 0.06788100302219391 2.630608081817627 -0.06939999759197235 -0.04718799889087677 0.9964720010757446 4.322883129119873 -0.029735000804066658 -0.9983389973640442 -0.04934699833393097 1.687986969947815 0.0 0.0 0.0 1.0
0.9971259832382202 -0.03434300050139427 0.06753399968147278 2.6359260082244873 -0.06879200041294098 -0.03690300136804581 0.9969480037689209 4.315661907196045 -0.03174600005149841 -0.9987289905548096 -0.03915899991989136 1.6905790567398071 0.0 0.0 0.0 1.0
0.9969850182533264 -0.035169001668691635 0.0691630020737648 2.634974956512451 -0.07015500217676163 -0.027793999761343002 0.9971489906311035 4.311322212219238 -0.033146001398563385 -0.9989950060844421 -0.030177999287843704 1.6965069770812988 0.0 0.0 0.0 1.0
0.9966650009155273 -0.03812199831008911 0.0721530020236969 2.6344919204711914 -0.07265300303697586 -0.01191100012511015 0.9972860217094421 4.307130813598633 -0.03715899959206581 -0.9992020130157471 -0.01464099995791912 1.690561056137085 0.0 0.0 0.0 1.0
0.9968389868736267 -0.039073001593351364 0.06917399913072586 2.6437768936157227 -0.0695519968867302 -0.00839999970048666 0.9975429773330688 4.3041791915893555 -0.03839600086212158 -0.9992009997367859 -0.011091000400483608 1.7041980028152466 0.0 0.0 0.0 1.0
0.9968370199203491 -0.0394430011510849 0.0689919963479042 2.650197982788086 -0.06919699907302856 -0.0038610000628978014 0.997596025466919 4.297606945037842 -0.03908099979162216 -0.9992139935493469 -0.006577999796718359 1.7120920419692993 0.0 0.0 0.0 1.0
0.9965810179710388 -0.04069900140166283 0.07190699875354767 2.649275064468384 -0.0718189999461174 0.003613000037148595 0.9974110126495361 4.295226097106934 -0.040853001177310944 -0.9991649985313416 0.0006779999821446836 1.7146090269088745 0.0 0.0 0.0 1.0
0.9962679743766785 -0.04275200143456459 0.07497700303792953 2.6568710803985596 -0.07452999800443649 0.011952999979257584 0.9971470236778259 4.288859844207764 -0.043526001274585724 -0.9990140199661255 0.008721999824047089 1.7105549573898315 0.0 0.0 0.0 1.0
0.9958800077438354 -0.03893699869513512 0.08190099895000458 2.6607160568237305 -0.08151999861001968 0.011278999969363213 0.9966080188751221 4.284327983856201 -0.03972800076007843 -0.9991779923439026 0.008058000355958939 1.714766025543213 0.0 0.0 0.0 1.0
0.99440997838974 -0.036336999386548996 0.09914200007915497 2.655143976211548 -0.09886299818754196 0.00940100010484457 0.9950569868087769 4.2826948165893555 -0.03708900138735771 -0.9992949962615967 0.005756000056862831 1.7199230194091797 0.0 0.0 0.0 1.0
0.992376983165741 -0.03652900084853172 0.11769700050354004 2.659799098968506 -0.1174200028181076 0.009657000191509724 0.9930350184440613 4.2808837890625 -0.037411000579595566 -0.9992859959602356 0.005293999798595905 1.7256580591201782 0.0 0.0 0.0 1.0
0.9897390007972717 -0.033452000468969345 0.13891799747943878 2.663975954055786 -0.1386439949274063 0.010366999544203281 0.9902880191802979 4.277822017669678 -0.034568000584840775 -0.9993870258331299 0.005623000208288431 1.733396053314209 0.0 0.0 0.0 1.0
0.9874590039253235 -0.03403099998831749 0.15416200459003448 2.6768319606781006 -0.15402600169181824 0.00659500015899539 0.9880449771881104 4.27357816696167 -0.034641001373529434 -0.9993990063667297 0.0012710000155493617 1.7456170320510864 0.0 0.0 0.0 1.0
0.9835320115089417 -0.04460600018501282 0.17514300346374512 2.678093910217285 -0.1747550070285797 0.012477000243961811 0.9845330119132996 4.26517391204834 -0.04610100015997887 -0.9989269971847534 0.004476000089198351 1.735211968421936 0.0 0.0 0.0 1.0
0.9822270274162292 -0.04780200123786926 0.1815049946308136 2.700421094894409 -0.1813639998435974 0.007317000068724155 0.9833890199661255 4.25843620300293 -0.04833599925041199 -0.9988300204277039 -0.0014819999923929572 1.7469639778137207 0.0 0.0 0.0 1.0
0.9801759719848633 -0.050067998468875885 0.19169799983501434 2.7107410430908203 -0.19175200164318085 0.003759999992325902 0.981436014175415 4.25458288192749 -0.049858998507261276 -0.9987390041351318 -0.005915000103414059 1.7562739849090576 0.0 0.0 0.0 1.0
0.9780709743499756 -0.04946799948811531 0.2023099958896637 2.7188239097595215 -0.2022549957036972 0.006182999815791845 0.9793130159378052 4.249657154083252 -0.049695998430252075 -0.998757004737854 -0.003957999870181084 1.7540919780731201 0.0 0.0 0.0 1.0
0.9754649996757507 -0.05093200132250786 0.21418200433254242 2.7238810062408447 -0.21406400203704834 0.007823999971151352 0.9767879843711853 4.247542858123779 -0.05142499879002571 -0.9986709952354431 -0.0032709999941289425 1.750391960144043 0.0 0.0 0.0 1.0
0.9727749824523926 -0.05373299866914749 0.22543799877166748 2.7328379154205322 -0.22554099559783936 0.004209999926388264 0.9742239713668823 4.242776870727539 -0.053296998143196106 -0.9985470175743103 -0.008023999631404877 1.7606120109558105 0.0 0.0 0.0 1.0
0.970329999923706 -0.055167000740766525 0.23540599644184113 2.7451488971710205 -0.23551400005817413 0.004635999910533428 0.9718599915504456 4.238286972045898 -0.05470599979162216 -0.9984660148620605 -0.008495000191032887 1.7588410377502441 0.0 0.0 0.0 1.0
0.9674720168113708 -0.057027000933885574 0.2464659959077835 2.7550079822540283 -0.24665799736976624 0.0037620000075548887 0.96909499168396 4.233908176422119 -0.05619199946522713 -0.9983659982681274 -0.010427000001072884 1.759384036064148 0.0 0.0 0.0 1.0
0.9648230075836182 -0.057183001190423965 0.25660499930381775 2.7678279876708984 -0.25694799423217773 0.0013909999979659915 0.9664239883422852 4.228059768676758 -0.05561999976634979 -0.9983630180358887 -0.013350999914109707 1.7629460096359253 0.0 0.0 0.0 1.0
0.9611669778823853 -0.057133998721838 0.26998600363731384 2.773487091064453 -0.27052798867225647 -0.0018309999722987413 0.9627100229263306 4.223097801208496 -0.054510001093149185 -0.9983649849891663 -0.017216000705957413 1.7665280103683472 0.0 0.0 0.0 1.0
0.9558659791946411 -0.05982400104403496 0.287647008895874 2.7728359699249268 -0.2885879874229431 -0.007546999957412481 0.957423985004425 4.217482089996338 -0.0551070012152195 -0.9981799721717834 -0.024477999657392502 1.7741509675979614 0.0 0.0 0.0 1.0
0.9515500068664551 -0.057555001229047775 0.30206099152565 2.773771047592163 -0.3029539883136749 -0.007278000004589558 0.9529770016670227 4.2158989906311035 -0.052650999277830124 -0.9983159899711609 -0.024361999705433846 1.7680829763412476 0.0 0.0 0.0 1.0
0.9480730295181274 -0.056324999779462814 0.3130260109901428 2.784662961959839 -0.3141329884529114 -0.011776000261306763 0.9493060111999512 4.212009906768799 -0.049782998859882355 -0.9983429908752441 -0.02885800041258335 1.7684910297393799 0.0 0.0 0.0 1.0
0.9455400109291077 -0.0555419996380806 0.3207319974899292 2.7988460063934326 -0.32209399342536926 -0.01737000048160553 0.9465479850769043 4.205061912536621 -0.047001998871564865 -0.9983050227165222 -0.03431300073862076 1.7699790000915527 0.0 0.0 0.0 1.0
0.9433240294456482 -0.05281199887394905 0.3276439905166626 2.8105790615081787 -0.3291429877281189 -0.02251099981367588 0.9440119862556458 4.198363780975342 -0.042479000985622406 -0.998350977897644 -0.038617998361587524 1.7715309858322144 0.0 0.0 0.0 1.0
0.9401209950447083 -0.05078199878334999 0.3370380103588104 2.814620018005371 -0.3386160135269165 -0.026340000331401825 0.940555989742279 4.193885803222656 -0.03888599947094917 -0.9983620047569275 -0.041958000510931015 1.769685983657837 0.0 0.0 0.0 1.0
0.9372789859771729 -0.051628999412059784 0.3447369933128357 2.8175199031829834 -0.34657201170921326 -0.031982000917196274 0.9374780058860779 4.190642833709717 -0.037376001477241516 -0.9981539845466614 -0.0478690005838871 1.7685539722442627 0.0 0.0 0.0 1.0
0.9355980157852173 -0.05102900043129921 0.34936100244522095 2.8252720832824707 -0.3513230085372925 -0.03629999980330467 0.9355499744415283 4.186191082000732 -0.035057999193668365 -0.9980369806289673 -0.05189000070095062 1.763401985168457 0.0 0.0 0.0 1.0
0.9336029887199402 -0.052717000246047974 0.35440999269485474 2.827449083328247 -0.3567189872264862 -0.043678998947143555 0.9331899881362915 4.183734893798828 -0.03371499851346016 -0.9976540207862854 -0.05958399921655655 1.7612320184707642 0.0 0.0 0.0 1.0
0.9327750205993652 -0.05370499938726425 0.35643601417541504 2.8351309299468994 -0.3590250015258789 -0.05028900131583214 0.9319720268249512 4.179989814758301 -0.03212700039148331 -0.9972900152206421 -0.0661889985203743 1.7542070150375366 0.0 0.0 0.0 1.0
0.9316869974136353 -0.05595700070261955 0.358925998210907 2.8429489135742188 -0.3617269992828369 -0.052170999348163605 0.930823028087616 4.174356937408447 -0.03336000069975853 -0.9970690011978149 -0.06884799897670746 1.7300759553909302 0.0 0.0 0.0 1.0
0.9292759895324707 -0.05967500060796738 0.3645339906215668 2.8411779403686523 -0.36802899837493896 -0.06505999714136124 0.9275349974632263 4.175539016723633 -0.031633999198675156 -0.9960960149765015 -0.08242099732160568 1.7309210300445557 0.0 0.0 0.0 1.0
0.9286479949951172 -0.06556399911642075 0.365121990442276 2.850569009780884 -0.3695079982280731 -0.07643400132656097 0.9260789752006531 4.172144889831543 -0.032809000462293625 -0.9949169754981995 -0.09520599991083145 1.7318609952926636 0.0 0.0 0.0 1.0
0.9268569946289062 -0.06956300139427185 0.36891400814056396 2.8524649143218994 -0.37386998534202576 -0.0819540023803711 0.9238529801368713 4.170872211456299 -0.03403199836611748 -0.9942060112953186 -0.10196699947118759 1.722188949584961 0.0 0.0 0.0 1.0
0.9244779944419861 -0.07515200227499008 0.37375500798225403 2.84968900680542 -0.37968000769615173 -0.09303800016641617 0.9204270243644714 4.171408176422119 -0.03439899906516075 -0.992821991443634 -0.11454600095748901 1.7221009731292725 0.0 0.0 0.0 1.0
0.9227749705314636 -0.07993099838495255 0.3769580125808716 2.8491508960723877 -0.38374099135398865 -0.1016089990735054 0.9178339838981628 4.171987056732178 -0.035062000155448914 -0.9916080236434937 -0.12443500012159348 1.7121989727020264 0.0 0.0 0.0 1.0
0.9220110177993774 -0.08656899631023407 0.3773620128631592 2.848918914794922 -0.3854129910469055 -0.11262500286102295 0.9158449769020081 4.173009872436523 -0.03678400069475174 -0.9898589849472046 -0.1372070014476776 1.7026549577713013 0.0 0.0 0.0 1.0
0.9221289753913879 -0.09196999669075012 0.3757910132408142 2.8448328971862793 -0.38519400358200073 -0.12763400375843048 0.9139670133590698 4.174994945526123 -0.036093998700380325 -0.9875479936599731 -0.15312199294567108 1.6990079879760742 0.0 0.0 0.0 1.0
0.9228619933128357 -0.09637299925088882 0.37287700176239014 2.8411200046539307 -0.3834789991378784 -0.14038699865341187 0.9128170013427734 4.177168846130371 -0.035624001175165176 -0.9853950142860413 -0.16651499271392822 1.6883900165557861 0.0 0.0 0.0 1.0
0.9222919940948486 -0.10145899653434753 0.37293899059295654 2.8352808952331543 -0.38483500480651855 -0.15176300704479218 0.9104229807853699 4.180404186248779 -0.03577199950814247 -0.9831960201263428 -0.17901499569416046 1.6778980493545532 0.0 0.0 0.0 1.0
0.9197880029678345 -0.10656700283288956 0.37766700983047485 2.8248870372772217 -0.39098799228668213 -0.16690599918365479 0.905135989189148 4.18512487411499 -0.03342299908399582 -0.980197012424469 -0.19518500566482544 1.6730190515518188 0.0 0.0 0.0 1.0
0.9169700145721436 -0.11243599653244019 0.38278400897979736 2.819427013397217 -0.3979080021381378 -0.18825900554656982 0.8979020118713379 4.193288803100586 -0.028893999755382538 -0.9756619930267334 -0.2173669934272766 1.6840349435806274 0.0 0.0 0.0 1.0
0.9138669967651367 -0.11680900305509567 0.3888489902019501 2.813015937805176 -0.4051060080528259 -0.19831299781799316 0.892503023147583 4.198860168457031 -0.027139000594615936 -0.9731540083885193 -0.2285510003566742 1.6744929552078247 0.0 0.0 0.0 1.0
0.911994993686676 -0.11853700131177902 0.39270099997520447 2.807576894760132 -0.4095500111579895 -0.2091819941997528 0.8879820108413696 4.202991962432861 -0.02311299927532673 -0.9706659913063049 -0.23931999504566193 1.6652350425720215 0.0 0.0 0.0 1.0
0.9098190069198608 -0.12496999651193619 0.3957430124282837 2.8003969192504883 -0.4144819974899292 -0.22573399543762207 0.88161700963974 4.208682060241699 -0.02084299921989441 -0.9661399722099304 -0.2571749985218048 1.6589590311050415 0.0 0.0 0.0 1.0
0.9078590273857117 -0.1281609982252121 0.3992080092430115 2.7902450561523438 -0.4188460111618042 -0.23416100442409515 0.8773459792137146 4.214362144470215 -0.01896199956536293 -0.9637129902839661 -0.26626500487327576 1.6451940536499023 0.0 0.0 0.0 1.0
0.9070129990577698 -0.12966200709342957 0.4006440043449402 2.7833731174468994 -0.4206849932670593 -0.23665300011634827 0.8757960200309753 4.21845817565918 -0.018743999302387238 -0.9629039764404297 -0.26919400691986084 1.63463294506073 0.0 0.0 0.0 1.0
0.9054759740829468 -0.13249100744724274 0.40318599343299866 2.771761894226074 -0.42402899265289307 -0.24288499355316162 0.8724709749221802 4.223917007446289 -0.017666000872850418 -0.9609649777412415 -0.2761070132255554 1.6278539896011353 0.0 0.0 0.0 1.0
0.9053019881248474 -0.13563799858093262 0.4025300145149231 2.763791084289551 -0.42444300651550293 -0.25177499651908875 0.8697450160980225 4.227560043334961 -0.0166229996830225 -0.9582340121269226 -0.28550300002098083 1.6213250160217285 0.0 0.0 0.0 1.0
0.904350996017456 -0.13867899775505066 0.40362998843193054 2.750005006790161 -0.4265049993991852 -0.2591809928417206 0.8665559887886047 4.2341108322143555 -0.015560000203549862 -0.9558209776878357 -0.29353800415992737 1.610584020614624 0.0 0.0 0.0 1.0
0.9046369791030884 -0.14421199262142181 0.40104201436042786 2.744684934616089 -0.42586299777030945 -0.2694529891014099 0.8637329936027527 4.236732006072998 -0.01649799942970276 -0.9521549940109253 -0.30517199635505676 1.6012890338897705 0.0 0.0 0.0 1.0
0.9013929963111877 -0.14817200601100922 0.40685999393463135 2.7220699787139893 -0.4328550100326538 -0.2839309871196747 0.8555819988250732 4.250916957855225 -0.011253000237047672 -0.9473270177841187 -0.3200699985027313 1.6057950258255005 0.0 0.0 0.0 1.0
0.9020450115203857 -0.15139399468898773 0.40422001481056213 2.7092959880828857 -0.4314520061016083 -0.2885499894618988 0.854744017124176 4.251575946807861 -0.012764999642968178 -0.9454200267791748 -0.32560500502586365 1.590520977973938 0.0 0.0 0.0 1.0
0.9031909704208374 -0.15424099564552307 0.40056899189949036 2.690548896789551 -0.4290130138397217 -0.29410499334335327 0.8540779948234558 4.261137008666992 -0.013925000093877316 -0.9432460069656372 -0.3318040072917938 1.5781790018081665 0.0 0.0 0.0 1.0
0.9055089950561523 -0.1550379991531372 0.394989013671875 2.6755568981170654 -0.4240660071372986 -0.2980540096759796 0.8551790118217468 4.264284133911133 -0.014857999980449677 -0.9418740272521973 -0.33563700318336487 1.57122004032135 0.0 0.0 0.0 1.0
0.9058910012245178 -0.1598449945449829 0.3921859860420227 2.654984951019287 -0.4231109917163849 -0.30140799283981323 0.8544769883155823 4.271611213684082 -0.01837499998509884 -0.9400020241737366 -0.3406749963760376 1.562662959098816 0.0 0.0 0.0 1.0
0.9061819911003113 -0.16512000560760498 0.3893199861049652 2.6312808990478516 -0.4222539961338043 -0.3028840124607086 0.8543779850006104 4.277223110198975 -0.023156000301241875 -0.938614010810852 -0.3441910147666931 1.556885004043579 0.0 0.0 0.0 1.0
0.9061769843101501 -0.17044499516487122 0.3870289921760559 2.6094939708709717 -0.42185500264167786 -0.3000980019569397 0.8555579781532288 4.286003112792969 -0.02967900037765503 -0.9385579824447632 -0.343845009803772 1.5491119623184204 0.0 0.0 0.0 1.0
0.9060670137405396 -0.18230900168418884 0.38184601068496704 2.5935750007629395 -0.4213770031929016 -0.3065989911556244 0.8534860014915466 4.2956438064575195 -0.03852400183677673 -0.9342169761657715 -0.3546200096607208 1.5559890270233154 0.0 0.0 0.0 1.0
0.9081100225448608 -0.1889999955892563 0.3736500144004822 2.5855588912963867 -0.41603100299835205 -0.30607399344444275 0.8562920093536377 4.296639919281006 -0.04747400060296059 -0.9330580234527588 -0.3565790057182312 1.5343830585479736 0.0 0.0 0.0 1.0
0.9119579792022705 -0.20006400346755981 0.35819798707962036 2.597733974456787 -0.4057239890098572 -0.30998000502586365 0.8598260283470154 4.290907859802246 -0.060986001044511795 -0.9294549822807312 -0.36386001110076904 1.527237057685852 0.0 0.0 0.0 1.0
0.9111260175704956 -0.2032179981470108 0.35853999853134155 2.583893060684204 -0.4073230028152466 -0.3115909993648529 0.858485996723175 4.291191101074219 -0.06274200230836868 -0.9282310009002686 -0.3666749894618988 1.5128090381622314 0.0 0.0 0.0 1.0
0.907256007194519 -0.2092610001564026 0.36482399702072144 2.558738946914673 -0.41626301407814026 -0.32283100485801697 0.8500030040740967 4.308342933654785 -0.060095999389886856 -0.9230329990386963 -0.37999799847602844 1.516739010810852 0.0 0.0 0.0 1.0
0.9077960252761841 -0.21251900494098663 0.36158299446105957 2.5559608936309814 -0.41489899158477783 -0.32891398668289185 0.8483359813690186 4.3103251457214355 -0.061358001083135605 -0.9201369881629944 -0.38675999641418457 1.5040199756622314 0.0 0.0 0.0 1.0
0.9075080156326294 -0.21611200273036957 0.36017298698425293 2.5442678928375244 -0.4158959984779358 -0.34224098920822144 0.8425559997558594 4.320166110992432 -0.058821000158786774 -0.914421021938324 -0.40046700835227966 1.5056289434432983 0.0 0.0 0.0 1.0
0.9078410267829895 -0.21778899431228638 0.3583190143108368 2.527237892150879 -0.41514700651168823 -0.3466559946537018 0.8411200046539307 4.325873851776123 -0.05897299945354462 -0.9123579859733582 -0.4051229953765869 1.4887139797210693 0.0 0.0 0.0 1.0
0.9114279747009277 -0.21731799840927124 0.349386990070343 2.521277904510498 -0.4072760045528412 -0.3557249903678894 0.8411809802055359 4.332472801208496 -0.058517999947071075 -0.9089739918708801 -0.4127260148525238 1.4820280075073242 0.0 0.0 0.0 1.0
0.9136289954185486 -0.21622200310230255 0.34428301453590393 2.505687952041626 -0.40256598591804504 -0.3628999888896942 0.840382993221283 4.340651035308838 -0.056768998503685 -0.9063950181007385 -0.418599009513855 1.4739049673080444 0.0 0.0 0.0 1.0
0.9158130288124084 -0.2146099954843521 0.3394539952278137 2.494335889816284 -0.398050993680954 -0.37286698818206787 0.8381680250167847 4.350973129272461 -0.053307998925447464 -0.9027259945869446 -0.42690199613571167 1.4694069623947144 0.0 0.0 0.0 1.0
0.9181360006332397 -0.212678000330925 0.33435699343681335 2.48875093460083 -0.39313000440597534 -0.38294100761413574 0.8359460234642029 4.358768939971924 -0.049747999757528305 -0.8989580273628235 -0.4352020025253296 1.459218978881836 0.0 0.0 0.0 1.0
0.921114981174469 -0.21144099533557892 0.32686299085617065 2.4921040534973145 -0.38667601346969604 -0.39980798959732056 0.8310449719429016 4.3651909828186035 -0.04503399878740311 -0.8918780088424683 -0.4500280022621155 1.4621740579605103 0.0 0.0 0.0 1.0
0.9206500053405762 -0.21458099782466888 0.32612699270248413 2.485935926437378 -0.38776499032974243 -0.4059329926967621 0.8275610208511353 4.372528076171875 -0.04519300162792206 -0.8883540034294128 -0.456930011510849 1.4556529521942139 0.0 0.0 0.0 1.0
0.9192410111427307 -0.2168159931898117 0.3286130130290985 2.4779489040374756 -0.3913570046424866 -0.41241198778152466 0.8226510286331177 4.383822917938232 -0.04284000024199486 -0.8848199844360352 -0.4639590084552765 1.451503038406372 0.0 0.0 0.0 1.0
0.917930006980896 -0.22121800482273102 0.3293429911136627 2.4828240871429443 -0.39438098669052124 -0.41834399104118347 0.8181999921798706 4.394545078277588 -0.04322199895977974 -0.8809379935264587 -0.47125500440597534 1.4548850059509277 0.0 0.0 0.0 1.0
0.9154030084609985 -0.22608299553394318 0.33305200934410095 2.484523057937622 -0.3999890089035034 -0.41791099309921265 0.8156949877738953 4.404469013214111 -0.04522800073027611 -0.8799070119857788 -0.4729880094528198 1.4583760499954224 0.0 0.0 0.0 1.0
0.9103479981422424 -0.2311840057373047 0.34325000643730164 2.4790520668029785 -0.41126400232315063 -0.4129140079021454 0.8126279711723328 4.414792060852051 -0.04613399878144264 -0.8809400200843811 -0.47097301483154297 1.4599900245666504 0.0 0.0 0.0 1.0
0.9067710041999817 -0.23506499826908112 0.3500150144100189 2.484596014022827 -0.4189099967479706 -0.4082759916782379 0.8110640048980713 4.4237060546875 -0.04774999991059303 -0.8820750117301941 -0.46868398785591125 1.4629709720611572 0.0 0.0 0.0 1.0
0.9018219709396362 -0.23969100415706635 0.35953301191329956 2.4871840476989746 -0.42914000153541565 -0.3994840085506439 0.8100929856300354 4.435032844543457 -0.05054499953985214 -0.8848509788513184 -0.46312499046325684 1.4647929668426514 0.0 0.0 0.0 1.0
0.8974990248680115 -0.24349099397659302 0.36770498752593994 2.492708921432495 -0.43759700655937195 -0.3880639970302582 0.811119019985199 4.441798210144043 -0.05480699986219406 -0.8888859748840332 -0.45483899116516113 1.4666459560394287 0.0 0.0 0.0 1.0
0.8927549719810486 -0.25107601284980774 0.3740989863872528 2.494776964187622 -0.4462130069732666 -0.3778829872608185 0.8112329840660095 4.449562072753906 -0.06231600046157837 -0.8911600112915039 -0.4493899941444397 1.4662179946899414 0.0 0.0 0.0 1.0
0.8851540088653564 -0.2583490014076233 0.38698598742485046 2.4836831092834473 -0.460875004529953 -0.3723889887332916 0.8055559992790222 4.465465068817139 -0.06400600075721741 -0.8913930058479309 -0.44868800044059753 1.4684449434280396 0.0 0.0 0.0 1.0
0.8803499937057495 -0.2618109881877899 0.3955239951610565 2.490149974822998 -0.47017601132392883 -0.37161698937416077 0.8005220293998718 4.478425025939941 -0.06260199844837189 -0.8907049894332886 -0.4502499997615814 1.4773950576782227 0.0 0.0 0.0 1.0
0.8728820085525513 -0.2644279897212982 0.41006600856781006 2.4889800548553467 -0.48435598611831665 -0.3680360019207001 0.7936930060386658 4.494089126586914 -0.05895499885082245 -0.891418993473053 -0.44933000206947327 1.4836740493774414 0.0 0.0 0.0 1.0
0.8658689856529236 -0.2702479958534241 0.42099401354789734 2.4939401149749756 -0.49713799357414246 -0.3707990050315857 0.7844499945640564 4.503811836242676 -0.05589200183749199 -0.8885239958763123 -0.4554139971733093 1.4901700019836426 0.0 0.0 0.0 1.0
0.858784019947052 -0.2743079960346222 0.4327180087566376 2.493238925933838 -0.5098140239715576 -0.3738139867782593 0.7748240232467651 4.517126083374023 -0.050783999264240265 -0.8860120177268982 -0.46087199449539185 1.4915679693222046 0.0 0.0 0.0 1.0
0.855364978313446 -0.27433401346206665 0.43942201137542725 2.495461940765381 -0.5159069895744324 -0.3744739890098572 0.7704600095748901 4.529084205627441 -0.046810999512672424 -0.8857259750366211 -0.46184301376342773 1.4920120239257812 0.0 0.0 0.0 1.0
0.8556600213050842 -0.27184200286865234 0.4403960108757019 2.497159004211426 -0.5154680013656616 -0.37159600853919983 0.7721459865570068 4.5365729331970215 -0.04625200107693672 -0.8877040147781372 -0.45808500051498413 1.4931529760360718 0.0 0.0 0.0 1.0
0.8573189973831177 -0.26719900965690613 0.4400089979171753 2.4953839778900146 -0.5128239989280701 -0.3687790036201477 0.7752500176429749 4.545932769775391 -0.044879000633955 -0.8902850151062012 -0.4531880021095276 1.49891197681427 0.0 0.0 0.0 1.0
0.8594620227813721 -0.26255300641059875 0.43862399458885193 2.4955830574035645 -0.5092549920082092 -0.3649879992008209 0.7793859839439392 4.549806118011475 -0.044537000358104706 -0.8932240009307861 -0.4474000036716461 1.4996600151062012 0.0 0.0 0.0 1.0
0.8588740229606628 -0.2629320025444031 0.43954700231552124 2.4903860092163086 -0.5102120041847229 -0.3639279901981354 0.7792549729347229 4.555798053741455 -0.044927000999450684 -0.8935449719429016 -0.4467200040817261 1.5004340410232544 0.0 0.0 0.0 1.0
0.8580809831619263 -0.26458001136779785 0.44010600447654724 2.4866220951080322 -0.5114660263061523 -0.3639029860496521 0.7784450054168701 4.560946941375732 -0.04580499976873398 -0.8930690288543701 -0.44758298993110657 1.4938169717788696 0.0 0.0 0.0 1.0
0.8572019934654236 -0.268777996301651 0.4392760097980499 2.4864890575408936 -0.512669026851654 -0.36465099453926086 0.7773029804229736 4.561758041381836 -0.0487390011548996 -0.8915089964866638 -0.4503740072250366 1.4878050088882446 0.0 0.0 0.0 1.0
0.8552839756011963 -0.27145200967788696 0.44136399030685425 2.480530023574829 -0.5161409974098206 -0.3712329864501953 0.7718700170516968 4.569703102111816 -0.04567699879407883 -0.8879749774932861 -0.45761799812316895 1.4904550313949585 0.0 0.0 0.0 1.0
0.8536369800567627 -0.27155500650405884 0.44447800517082214 2.4794840812683105 -0.5191479921340942 -0.37428900599479675 0.7683699727058411 4.572556018829346 -0.042291998863220215 -0.8866599798202515 -0.46048399806022644 1.4908490180969238 0.0 0.0 0.0 1.0
0.8519880175590515 -0.2751080095767975 0.44545799493789673 2.4796741008758545 -0.52190101146698 -0.3785490095615387 0.7644079923629761 4.572567939758301 -0.04166699945926666 -0.8837509751319885 -0.46609801054000854 1.4900330305099487 0.0 0.0 0.0 1.0
0.8519750237464905 -0.27556800842285156 0.4451969861984253 2.4762089252471924 -0.5220909714698792 -0.38300201296806335 0.7620559930801392 4.573821067810059 -0.039487000554800034 -0.8816869854927063 -0.4701800048351288 1.4884799718856812 0.0 0.0 0.0 1.0
0.854403018951416 -0.27112099528312683 0.4432699978351593 2.4708011150360107 -0.5182009935379028 -0.3818190097808838 0.7652980089187622 4.574464797973633 -0.03824000060558319 -0.8835769891738892 -0.4667229950428009 1.4875589609146118 0.0 0.0 0.0 1.0
0.8568350076675415 -0.27024000883102417 0.43909400701522827 2.4710240364074707 -0.5141440033912659 -0.38409799337387085 0.7668930292129517 4.5716657638549805 -0.038589999079704285 -0.8828579783439636 -0.4680509865283966 1.4871439933776855 0.0 0.0 0.0 1.0
0.8564630150794983 -0.26606500148773193 0.44235798716545105 2.468903064727783 -0.5152450203895569 -0.3883030116558075 0.7640299797058105 4.5711989402771 -0.03151300176978111 -0.8822870254516602 -0.46965599060058594 1.486739993095398 0.0 0.0 0.0 1.0
0.8528890013694763 -0.2635740041732788 0.45067599415779114 2.4657270908355713 -0.5214419960975647 -0.38697099685668945 0.7604939937591553 4.5713911056518555 -0.026048000901937485 -0.8836190104484558 -0.4674820005893707 1.486646056175232 0.0 0.0 0.0 1.0
0.8518419861793518 -0.26752400398254395 0.45032799243927 2.476073980331421 -0.5231519937515259 -0.3918229937553406 0.7568269968032837 4.568583965301514 -0.026019999757409096 -0.8802869915962219 -0.4737269878387451 1.4912309646606445 0.0 0.0 0.0 1.0
0.8499079942703247 -0.2705700099468231 0.4521600008010864 2.474318027496338 -0.5264310240745544 -0.39861199259757996 0.7509850263595581 4.571564197540283 -0.022957999259233475 -0.8762999773025513 -0.481220006942749 1.4957410097122192 0.0 0.0 0.0 1.0
0.8490769863128662 -0.2721500098705292 0.45277300477027893 2.4748170375823975 -0.5277640223503113 -0.399495005607605 0.7495790123939514 4.569157123565674 -0.023118000477552414 -0.8754079937934875 -0.48283299803733826 1.4956250190734863 0.0 0.0 0.0 1.0
0.85139399766922 -0.2720069885253906 0.44848600029945374 2.4801509380340576 -0.5239250063896179 -0.4000929892063141 0.7519500255584717 4.562754154205322 -0.025100000202655792 -0.8751789927482605 -0.4831480085849762 1.492576003074646 0.0 0.0 0.0 1.0
0.8540160059928894 -0.27117300033569336 0.4439840018749237 2.4842050075531006 -0.5195760130882263 -0.40126198530197144 0.7543399930000305 4.558798789978027 -0.026402000337839127 -0.8749020099639893 -0.48357900977134705 1.4906439781188965 0.0 0.0 0.0 1.0
0.8579580187797546 -0.26729199290275574 0.43870601058006287 2.4900949001312256 -0.5130829811096191 -0.40334200859069824 0.7576680183410645 4.555184841156006 -0.02556999959051609 -0.8751400113105774 -0.4831939935684204 1.4933140277862549 0.0 0.0 0.0 1.0
0.8631910085678101 -0.26180100440979004 0.43169599771499634 2.496659994125366 -0.5041829943656921 -0.4021669924259186 0.7642390131950378 4.548025131225586 -0.026464000344276428 -0.8773379921913147 -0.4791420102119446 1.487265944480896 0.0 0.0 0.0 1.0
0.8709890246391296 -0.2560870051383972 0.4192819893360138 2.5051259994506836 -0.4905639886856079 -0.40656501054763794 0.7707470059394836 4.544029235839844 -0.026913000270724297 -0.8769969940185547 -0.47974100708961487 1.4886759519577026 0.0 0.0 0.0 1.0
0.8804469704627991 -0.24578499794006348 0.4054659903049469 2.5134470462799072 -0.47336098551750183 -0.4065079987049103 0.7814599871635437 4.53526496887207 -0.02724600024521351 -0.8799669742584229 -0.4742540121078491 1.4802850484848022 0.0 0.0 0.0 1.0
0.8894379734992981 -0.2366500049829483 0.3910199999809265 2.521009922027588 -0.4563010036945343 -0.4106380045413971 0.7894080281257629 4.5309882164001465 -0.026246000081300735 -0.8805530071258545 -0.4732210040092468 1.4816429615020752 0.0 0.0 0.0 1.0
0.900825023651123 -0.21971799433231354 0.37448498606681824 2.5384318828582764 -0.43368399143218994 -0.41399499773979187 0.8003290295600891 4.519423961639404 -0.02081100083887577 -0.8833640217781067 -0.46822500228881836 1.4754400253295898 0.0 0.0 0.0 1.0
0.9059609770774841 -0.2072180062532425 0.3691819906234741 2.5422298908233643 -0.4231719970703125 -0.41715800762176514 0.8043040037155151 4.517827987670898 -0.012659000232815742 -0.8848950266838074 -0.4656180143356323 1.473044991493225 0.0 0.0 0.0 1.0
0.912555992603302 -0.19497600197792053 0.35948100686073303 2.5629351139068604 -0.40890100598335266 -0.4210819900035858 0.8096230030059814 4.51059103012085 -0.0064860000275075436 -0.8858190178871155 -0.46398699283599854 1.4713640213012695 0.0 0.0 0.0 1.0
0.9185919761657715 -0.18121300637722015 0.3512110114097595 2.5803050994873047 -0.39520499110221863 -0.4235660135746002 0.8151100277900696 4.500885009765625 0.0010529999854043126 -0.8875550031661987 -0.46070098876953125 1.4649879932403564 0.0 0.0 0.0 1.0
0.9246159791946411 -0.16620199382305145 0.34272700548171997 2.5959179401397705 -0.38078200817108154 -0.42575299739837646 0.8208159804344177 4.492147922515869 0.00949500035494566 -0.8894450068473816 -0.45694500207901 1.4585360288619995 0.0 0.0 0.0 1.0
0.9316819906234741 -0.15255799889564514 0.32968801259994507 2.6196370124816895 -0.3629760146141052 -0.42768800258636475 0.8278470039367676 4.482633113861084 0.014708999544382095 -0.8909599781036377 -0.45384401082992554 1.4570790529251099 0.0 0.0 0.0 1.0
0.9387369751930237 -0.14190100133419037 0.31406599283218384 2.6392009258270264 -0.34427401423454285 -0.42783400416374207 0.8357229828834534 4.468533039093018 0.01577799953520298 -0.8926489949226379 -0.4504770040512085 1.4462759494781494 0.0 0.0 0.0 1.0
0.9465739727020264 -0.13625699281692505 0.2922860085964203 2.6573679447174072 -0.3222010135650635 -0.43772000074386597 0.8393970131874084 4.457818031311035 0.013566000387072563 -0.8887270092964172 -0.4582369923591614 1.4399420022964478 0.0 0.0 0.0 1.0
0.9542809724807739 -0.12698699533939362 0.2705959975719452 2.6741600036621094 -0.2984580099582672 -0.4546410143375397 0.8391810059547424 4.452773094177246 0.01645899936556816 -0.8815760016441345 -0.4717549979686737 1.4428590536117554 0.0 0.0 0.0 1.0
0.9602689743041992 -0.11971399933099747 0.2520950138568878 2.6940250396728516 -0.2785260081291199 -0.4677709937095642 0.8388170003890991 4.444591045379639 0.017503999173641205 -0.8757050037384033 -0.48252999782562256 1.442628026008606 0.0 0.0 0.0 1.0
0.9663400053977966 -0.1095929965376854 0.23275800049304962 2.7332520484924316 -0.25655099749565125 -0.47803500294685364 0.840038001537323 4.431085109710693 0.019204000011086464 -0.8714770078659058 -0.4900600016117096 1.4408090114593506 0.0 0.0 0.0 1.0
0.9666540026664734 -0.1078919991850853 0.232246994972229 2.7455010414123535 -0.2549639940261841 -0.4902549982070923 0.8334519863128662 4.433226108551025 0.023936999961733818 -0.8648750185966492 -0.501416027545929 1.4519799947738647 0.0 0.0 0.0 1.0
0.966500997543335 -0.10937900096178055 0.23218800127506256 2.7622759342193604 -0.25542598962783813 -0.4985699951648712 0.8283630013465881 4.429927825927734 0.025157000869512558 -0.8599209785461426 -0.5098069906234741 1.4603379964828491 0.0 0.0 0.0 1.0
0.9655709862709045 -0.1092739999294281 0.2360759973526001 2.77632999420166 -0.25867098569869995 -0.49958598613739014 0.8267419934272766 4.422451019287109 0.027598999440670013 -0.859345018863678 -0.5106520056724548 1.461217999458313 0.0 0.0 0.0 1.0
0.9641839861869812 -0.11140599846839905 0.2407039999961853 2.7899560928344727 -0.26376399397850037 -0.4981890022754669 0.8259760141372681 4.418330192565918 0.027897000312805176 -0.8598809838294983 -0.5097309947013855 1.465798020362854 0.0 0.0 0.0 1.0
0.9644110202789307 -0.11102499812841415 0.23996999859809875 2.8068289756774902 -0.26311999559402466 -0.49247100949287415 0.8296020030975342 4.410749912261963 0.026071999222040176 -0.8632190227508545 -0.5041570067405701 1.4693429470062256 0.0 0.0 0.0 1.0
0.964480996131897 -0.11158999800682068 0.23942600190639496 2.818269968032837 -0.26308900117874146 -0.487062007188797 0.8327990174293518 4.408092021942139 0.023684000596404076 -0.8662089705467224 -0.49911999702453613 1.4767249822616577 0.0 0.0 0.0 1.0
0.9646989703178406 -0.10991600155830383 0.23931999504566193 2.8320090770721436 -0.2623650133609772 -0.47979599237442017 0.8372330069541931 4.399396896362305 0.022799000144004822 -0.870468020439148 -0.4916970133781433 1.475348949432373 0.0 0.0 0.0 1.0
0.9641370177268982 -0.11030100286006927 0.24139900505542755 2.8434150218963623 -0.26438799500465393 -0.47867700457572937 0.8372380137443542 4.396925926208496 0.023204000666737556 -0.8710349798202515 -0.4906730055809021 1.4827150106430054 0.0 0.0 0.0 1.0
0.9633539915084839 -0.11074099689722061 0.24430499970912933 2.8523340225219727 -0.2673340141773224 -0.47087499499320984 0.840719997882843 4.391295909881592 0.021934999153017998 -0.8752220273017883 -0.4832240045070648 1.483301043510437 0.0 0.0 0.0 1.0
0.9622439742088318 -0.10815499722957611 0.24977900087833405 2.8540549278259277 -0.2710860073566437 -0.4633530080318451 0.8436920046806335 4.38399600982666 0.024486999958753586 -0.8795490264892578 -0.4751780033111572 1.4841920137405396 0.0 0.0 0.0 1.0
0.9607459902763367 -0.10879500210285187 0.25520700216293335 2.857851028442383 -0.2763670086860657 -0.4557409882545471 0.8461210131645203 4.3804612159729 0.024255000054836273 -0.8834390044212341 -0.4679189920425415 1.4897079467773438 0.0 0.0 0.0 1.0
0.9590309858322144 -0.1074099987745285 0.26214799284935 2.8579750061035156 -0.2820979952812195 -0.4472010135650635 0.848783016204834 4.379546165466309 0.026065999642014503 -0.8879609704017639 -0.45917999744415283 1.4993669986724854 0.0 0.0 0.0 1.0
0.9578700065612793 -0.1070920005440712 0.26649001240730286 2.8645339012145996 -0.28608500957489014 -0.4375869929790497 0.8524510264396667 4.375557899475098 0.02532299980521202 -0.8927760124206543 -0.44978898763656616 1.5078949928283691 0.0 0.0 0.0 1.0
0.9563239812850952 -0.10743600130081177 0.27184799313545227 2.8725619316101074 -0.2912670075893402 -0.4286380112171173 0.8552389740943909 4.369949817657471 0.024640999734401703 -0.8970659971237183 -0.44120898842811584 1.5136009454727173 0.0 0.0 0.0 1.0
0.9537850022315979 -0.10685300081968307 0.2808479964733124 2.8743278980255127 -0.29928499460220337 -0.4213559925556183 0.8560879826545715 4.367713928222656 0.026861000806093216 -0.9005780220031738 -0.4338630139827728 1.519940972328186 0.0 0.0 0.0 1.0
0.9513069987297058 -0.10652899742126465 0.2892509996891022 2.8733720779418945 -0.30693700909614563 -0.41369301080703735 0.8571159839630127 4.365425109863281 0.02835400030016899 -0.9041630029678345 -0.4262470006942749 1.5270580053329468 0.0 0.0 0.0 1.0
0.9502090215682983 -0.10402800142765045 0.2937360107898712 2.877676010131836 -0.31025099754333496 -0.4038589894771576 0.8606060147285461 4.361128807067871 0.029100999236106873 -0.9088870286941528 -0.4160250127315521 1.5297119617462158 0.0 0.0 0.0 1.0
0.9495930075645447 -0.10012300312519073 0.29706600308418274 2.882204055786133 -0.3120430111885071 -0.39267000555992126 0.865123987197876 4.356387138366699 0.03002999909222126 -0.9142130017280579 -0.40411999821662903 1.5341639518737793 0.0 0.0 0.0 1.0
0.9485599994659424 -0.09593400359153748 0.3017129898071289 2.8852651119232178 -0.3149310052394867 -0.3835819959640503 0.8681489825248718 4.353013038635254 0.03244699910283089 -0.9185100197792053 -0.39406299591064453 1.5425870418548584 0.0 0.0 0.0 1.0
0.9476600289344788 -0.09057299792766571 0.3061630129814148 2.889209032058716 -0.3174780011177063 -0.3690339922904968 0.873511016368866 4.3457770347595215 0.03386799991130829 -0.924992024898529 -0.37847399711608887 1.5329409837722778 0.0 0.0 0.0 1.0
0.9478639960289001 -0.08962000161409378 0.3058150112628937 2.904294013977051 -0.31695500016212463 -0.36472201347351074 0.8755099773406982 4.340890884399414 0.033075001090765 -0.9267939925193787 -0.37411201000213623 1.544160008430481 0.0 0.0 0.0 1.0
0.9454669952392578 -0.08904000371694565 0.31331101059913635 2.901837110519409 -0.3238320052623749 -0.3603009879589081 0.8748229742050171 4.341515064239502 0.034991998225450516 -0.9285770058631897 -0.3694869875907898 1.5503510236740112 0.0 0.0 0.0 1.0
0.9440190196037292 -0.08900699764490128 0.317656010389328 2.9041500091552734 -0.32794898748397827 -0.3575179874897003 0.8744310140609741 4.3402838706970215 0.03573700040578842 -0.9296550154685974 -0.36669299006462097 1.557332992553711 0.0 0.0 0.0 1.0
0.9423030018806458 -0.08894599974155426 0.3227289915084839 2.90427303314209 -0.33278799057006836 -0.35343098640441895 0.8742650151252747 4.339405059814453 0.03629999980330467 -0.9312229752540588 -0.36263900995254517 1.5597200393676758 0.0 0.0 0.0 1.0
0.9407129883766174 -0.08922000229358673 0.32725900411605835 2.9038150310516357 -0.33727899193763733 -0.3486430048942566 0.8744660019874573 4.3380022048950195 0.036077000200748444 -0.9330000281333923 -0.35806500911712646 1.562296986579895 0.0 0.0 0.0 1.0
0.9378389716148376 -0.08712299913167953 0.33595898747444153 2.8952670097351074 -0.3446280062198639 -0.3484260141849518 0.8716830015182495 4.339631080627441 0.041113000363111496 -0.9332789778709412 -0.35679200291633606 1.5742019414901733 0.0 0.0 0.0 1.0
0.9348549842834473 -0.08421800285577774 0.34489700198173523 2.8908209800720215 -0.351826012134552 -0.3499790132045746 0.8681780099868774 4.342432022094727 0.047589998692274094 -0.932964026927948 -0.35680899024009705 1.5845040082931519 0.0 0.0 0.0 1.0
0.9308919906616211 -0.08199500292539597 0.3559719920158386 2.8862380981445312 -0.36122700572013855 -0.3516319990158081 0.8636379837989807 4.346362113952637 0.054356999695301056 -0.932541012763977 -0.3569509983062744 1.5940380096435547 0.0 0.0 0.0 1.0
0.9262499809265137 -0.0798330008983612 0.3683589994907379 2.878528118133545 -0.3722420036792755 -0.347104012966156 0.8607869744300842 4.3465189933776855 0.05913899838924408 -0.93442302942276 -0.3512220084667206 1.5952019691467285 0.0 0.0 0.0 1.0
0.9188039898872375 -0.08130200207233429 0.38624998927116394 2.8567519187927246 -0.3902469873428345 -0.33390599489212036 0.8580290079116821 4.346261024475098 0.05921199917793274 -0.9390929937362671 -0.3385230004787445 1.580551028251648 0.0 0.0 0.0 1.0
0.91703200340271 -0.0852620005607605 0.3895930051803589 2.8602240085601807 -0.3948209881782532 -0.33198198676109314 0.8566820025444031 4.3451619148254395 0.05629599839448929 -0.939424991607666 -0.33810099959373474 1.6006629467010498 0.0 0.0 0.0 1.0
0.9130330085754395 -0.08550000190734863 0.398824006319046 2.851149082183838 -0.4042060077190399 -0.32071900367736816 0.8565959930419922 4.344429016113281 0.0546719990670681 -0.9433079957962036 -0.3273870050907135 1.604349970817566 0.0 0.0 0.0 1.0
0.9073169827461243 -0.0878710001707077 0.41116100549697876 2.836142063140869 -0.4171000123023987 -0.31124401092529297 0.8539050221443176 4.34678316116333 0.05293799936771393 -0.9462590217590332 -0.31904900074005127 1.613584041595459 0.0 0.0 0.0 1.0
0.9025729894638062 -0.09109900146722794 0.4207890033721924 2.8256120681762695 -0.42765599489212036 -0.3025749921798706 0.8517969846725464 4.347712993621826 0.04972299933433533 -0.9487619996070862 -0.31205499172210693 1.6180939674377441 0.0 0.0 0.0 1.0
0.898472011089325 -0.09202799946069717 0.4292759895324707 2.815433979034424 -0.43638598918914795 -0.29434698820114136 0.8502510190010071 4.346951007843018 0.04810899868607521 -0.9512580037117004 -0.30462199449539185 1.6191339492797852 0.0 0.0 0.0 1.0
0.8927019834518433 -0.09208600223064423 0.44113901257514954 2.8015589714050293 -0.44815701246261597 -0.28416699171066284 0.847586989402771 4.348354816436768 0.04730600118637085 -0.9543420076370239 -0.29494601488113403 1.6225160360336304 0.0 0.0 0.0 1.0
0.8856959939002991 -0.0940999984741211 0.45462900400161743 2.7878670692443848 -0.46188798546791077 -0.27758198976516724 0.84238201379776 4.35073709487915 0.046929001808166504 -0.9560829997062683 -0.2893170118331909 1.6341520547866821 0.0 0.0 0.0 1.0
0.8785210251808167 -0.09678500145673752 0.4677959978580475 2.775538921356201 -0.4755379855632782 -0.27031299471855164 0.8371350169181824 4.353005886077881 0.04543000087141991 -0.9578959941864014 -0.28349998593330383 1.6376750469207764 0.0 0.0 0.0 1.0
0.8690940141677856 -0.1000090017914772 0.48443201184272766 2.7551870346069336 -0.4925430119037628 -0.2651970088481903 0.828898012638092 4.359039783477783 0.045572999864816666 -0.9589939713478088 -0.27974000573158264 1.6441229581832886 0.0 0.0 0.0 1.0
0.8585150241851807 -0.10320600122213364 0.5022950172424316 2.7355260848999023 -0.5109549760818481 -0.25492700934410095 0.8209369778633118 4.363728046417236 0.04332200065255165 -0.9614369869232178 -0.27159199118614197 1.637611985206604 0.0 0.0 0.0 1.0
0.8511239886283875 -0.1045989990234375 0.5144379734992981 2.7261159420013428 -0.5233650207519531 -0.24549800157546997 0.8159779906272888 4.363326072692871 0.040943000465631485 -0.9637370109558105 -0.2636930048465729 1.6355839967727661 0.0 0.0 0.0 1.0
0.8434200286865234 -0.10873199999332428 0.5261359810829163 2.7119500637054443 -0.5359899997711182 -0.23743100464344025 0.8101490139961243 4.366787910461426 0.03683200106024742 -0.9653000235557556 -0.2585340142250061 1.6423399448394775 0.0 0.0 0.0 1.0
0.837302029132843 -0.11450599879026413 0.5346149802207947 2.6975960731506348 -0.5458390116691589 -0.23120999336242676 0.8053579926490784 4.369674205780029 0.0313900001347065 -0.9661419987678528 -0.2560949921607971 1.648643970489502 0.0 0.0 0.0 1.0
0.8323910236358643 -0.11942200362682343 0.5411679744720459 2.6845920085906982 -0.5534560084342957 -0.229312002658844 0.8006889820098877 4.374001979827881 0.02847599983215332 -0.9659990072250366 -0.25697198510169983 1.656182050704956 0.0 0.0 0.0 1.0
0.8272920250892639 -0.12137500196695328 0.5485029816627502 2.6715660095214844 -0.5611289739608765 -0.22519700229167938 0.7965049743652344 4.37811279296875 0.026845000684261322 -0.9667239785194397 -0.2544110119342804 1.6590739488601685 0.0 0.0 0.0 1.0
0.8218389749526978 -0.12266100198030472 0.5563579797744751 2.6613290309906006 -0.5690439939498901 -0.22427299618721008 0.7911319732666016 4.37992000579834 0.027735000476241112 -0.9667760133743286 -0.2541159987449646 1.6702669858932495 0.0 0.0 0.0 1.0
0.8152480125427246 -0.12350499629974365 0.5657879710197449 2.6500279903411865 -0.5784400105476379 -0.22067999839782715 0.785306990146637 4.38318395614624 0.0278680007904768 -0.9674950242042542 -0.25134900212287903 1.6723300218582153 0.0 0.0 0.0 1.0
0.8103070259094238 -0.12382099777460098 0.5727750062942505 2.6407859325408936 -0.5853829979896545 -0.21607999503612518 0.7814319729804993 4.386404037475586 0.027008000761270523 -0.9684929847717285 -0.24757400155067444 1.6742140054702759 0.0 0.0 0.0 1.0
0.8056660294532776 -0.12188500165939331 0.5796939730644226 2.6300859451293945 -0.5917109847068787 -0.2116989940404892 0.7778559923171997 4.392076015472412 0.027912000194191933 -0.9697049856185913 -0.24267999827861786 1.6784909963607788 0.0 0.0 0.0 1.0
0.8015009760856628 -0.11771000176668167 0.5862929821014404 2.61714506149292 -0.5971919894218445 -0.20826299488544464 0.7745879888534546 4.3979058265686035 0.030926000326871872 -0.9709640145301819 -0.23721900582313538 1.6859699487686157 0.0 0.0 0.0 1.0
0.8006240129470825 -0.11761900037527084 0.5875089764595032 2.6156179904937744 -0.5982249975204468 -0.21186700463294983 0.772812008857727 4.4003729820251465 0.03357600048184395 -0.9701949954032898 -0.23998799920082092 1.7101269960403442 0.0 0.0 0.0 1.0
0.7965949773788452 -0.10903400182723999 0.5945979952812195 2.605189085006714 -0.6031469702720642 -0.209430992603302 0.769644021987915 4.403952121734619 0.04061000049114227 -0.9717260003089905 -0.2325959950685501 1.7131290435791016 0.0 0.0 0.0 1.0
0.7925329804420471 -0.10370700061321259 0.6009460091590881 2.6028060913085938 -0.60828697681427 -0.20446400344371796 0.7669299840927124 4.405458927154541 0.04333600029349327 -0.9733650088310242 -0.22512899339199066 1.722267985343933 0.0 0.0 0.0 1.0
0.7846469879150391 -0.0907519981265068 0.6132640242576599 2.590449094772339 -0.6180890202522278 -0.19094400107860565 0.762565016746521 4.410285949707031 0.047894999384880066 -0.9773970246315002 -0.20591600239276886 1.7193390130996704 0.0 0.0 0.0 1.0
0.7770799994468689 -0.08511500060558319 0.6236199736595154 2.587178945541382 -0.6273980140686035 -0.18374699354171753 0.7567089796066284 4.415399074554443 0.05018100142478943 -0.979282021522522 -0.19618700444698334 1.7348350286483765 0.0 0.0 0.0 1.0
0.7678269743919373 -0.07817699760198593 0.635869026184082 2.58058500289917 -0.638454020023346 -0.17560799419879913 0.7493590116500854 4.422152042388916 0.05308099836111069 -0.9813510179519653 -0.18474900722503662 1.7377769947052002 0.0 0.0 0.0 1.0
0.7586780190467834 -0.07372300326824188 0.6472799777984619 2.573227882385254 -0.6489279866218567 -0.17313100397586823 0.7408900260925293 4.430789947509766 0.05744300037622452 -0.9821360111236572 -0.17919200658798218 1.7441920042037964 0.0 0.0 0.0 1.0
0.7506210207939148 -0.06897900253534317 0.6571230292320251 2.572890043258667 -0.6580740213394165 -0.16719099879264832 0.7341570258140564 4.436433792114258 0.059223998337984085 -0.9835090041160583 -0.17089000344276428 1.7423169612884521 0.0 0.0 0.0 1.0
0.7401090264320374 -0.06393499672412872 0.6694409847259521 2.563524007797241 -0.6695110201835632 -0.16360099613666534 0.7245609760284424 4.4475507736206055 0.06319700181484222 -0.984453022480011 -0.16388800740242004 1.7461429834365845 0.0 0.0 0.0 1.0
0.7354120016098022 -0.06414800137281418 0.6745759844779968 2.5673270225524902 -0.6752359867095947 -0.15279600024223328 0.7216020226478577 4.450709819793701 0.05678299814462662 -0.9861739873886108 -0.1556839942932129 1.7392640113830566 0.0 0.0 0.0 1.0
0.7315679788589478 -0.06980700045824051 0.678184986114502 2.5623109340667725 -0.6796900033950806 -0.1522970050573349 0.7175139784812927 4.461637020111084 0.05319799855351448 -0.9858670234680176 -0.15886299312114716 1.7470829486846924 0.0 0.0 0.0 1.0
0.7292129993438721 -0.0702819973230362 0.6806679964065552 2.556910991668701 -0.6825690269470215 -0.1451440006494522 0.7162629961967468 4.474442958831787 0.048454999923706055 -0.9869109988212585 -0.15381300449371338 1.7528239488601685 0.0 0.0 0.0 1.0
0.7290400266647339 -0.06448499858379364 0.6814259886741638 2.5529661178588867 -0.6831979751586914 -0.12922699749469757 0.7187070250511169 4.483291149139404 0.04171299934387207 -0.989516019821167 -0.13826799392700195 1.756358027458191 0.0 0.0 0.0 1.0
0.7288259863853455 -0.06334300339221954 0.6817619800567627 2.545397996902466 -0.6840530037879944 -0.11058899760246277 0.7210000157356262 4.4926838874816895 0.029725000262260437 -0.9918460249900818 -0.12392999976873398 1.766605019569397 0.0 0.0 0.0 1.0
0.7281889915466309 -0.06393600255250931 0.6823880076408386 2.5403599739074707 -0.6851500272750854 -0.09347999840974808 0.7223780155181885 4.503652095794678 0.01760300062596798 -0.9935659766197205 -0.11187700182199478 1.7749329805374146 0.0 0.0 0.0 1.0
0.7268620133399963 -0.07147300243377686 0.6830539703369141 2.5363049507141113 -0.6867830157279968 -0.07573600113391876 0.7229059934616089 4.514998912811279 6.399999983841553e-05 -0.9945629835128784 -0.10413599759340286 1.7792099714279175 0.0 0.0 0.0 1.0
0.7242079973220825 -0.07929699867963791 0.6850079894065857 2.534174919128418 -0.6894530057907104 -0.06406799703836441 0.7214909791946411 4.526547908782959 -0.013325000181794167 -0.9947900176048279 -0.10107000172138214 1.7841130495071411 0.0 0.0 0.0 1.0
0.7188659906387329 -0.08626499772071838 0.6897749900817871 2.53098201751709 -0.6947199702262878 -0.05431700125336647 0.7172260284423828 4.539505958557129 -0.02440500073134899 -0.9947909712791443 -0.0989769995212555 1.7939679622650146 0.0 0.0 0.0 1.0
0.7139459848403931 -0.08609499782323837 0.6948869824409485 2.529452085494995 -0.6995429992675781 -0.04470999911427498 0.7131900191307068 4.549526214599609 -0.030333999544382095 -0.9952830076217651 -0.09214799851179123 1.7949349880218506 0.0 0.0 0.0 1.0
0.7101920247077942 -0.08611299842596054 0.6987220048904419 2.5248379707336426 -0.7031300067901611 -0.03721199929714203 0.7100870013237 4.557516098022461 -0.03514700010418892 -0.9955899715423584 -0.08697599917650223 1.7946360111236572 0.0 0.0 0.0 1.0
0.7073820233345032 -0.0887100026011467 0.7012420296669006 2.526231050491333 -0.7057589888572693 -0.034012001007795334 0.7076349854469299 4.5659871101379395 -0.0389229990541935 -0.995477020740509 -0.086667001247406 1.8076119422912598 0.0 0.0 0.0 1.0
0.700751006603241 -0.08612199872732162 0.708187997341156 2.519763946533203 -0.7123590111732483 -0.030736999586224556 0.7011409997940063 4.577250957489014 -0.03861600160598755 -0.9958099722862244 -0.08288899809122086 1.8122129440307617 0.0 0.0 0.0 1.0
0.6959289908409119 -0.07729200273752213 0.7139390110969543 2.516511917114258 -0.7173960208892822 -0.030489999800920486 0.6959980130195618 4.582687854766846 -0.032026998698711395 -0.9965419769287109 -0.07666800171136856 1.816364049911499 0.0 0.0 0.0 1.0
0.6846100091934204 -0.06614500284194946 0.7259020209312439 2.5121009349823 -0.7284560203552246 -0.026979999616742134 0.684561014175415 4.592883110046387 -0.025696000084280968 -0.9974449872970581 -0.0666550025343895 1.811581015586853 0.0 0.0 0.0 1.0
0.6709910035133362 -0.05981399863958359 0.7390490174293518 2.505702018737793 -0.7412220239639282 -0.02854200080037117 0.6706529855728149 4.602930068969727 -0.019020000472664833 -0.9978010058403015 -0.06348700076341629 1.814303994178772 0.0 0.0 0.0 1.0
0.6584479808807373 -0.05553700029850006 0.750573992729187 2.5018749237060547 -0.7525079846382141 -0.03091599978506565 0.6578570008277893 4.611496925354004 -0.01333099976181984 -0.9979779720306396 -0.06214800104498863 1.8114900588989258 0.0 0.0 0.0 1.0
0.6468520164489746 -0.052452001720666885 0.7608100175857544 2.501081943511963 -0.7625799775123596 -0.03480599820613861 0.6459569931030273 4.620423793792725 -0.007400999777019024 -0.9980170130729675 -0.06251300126314163 1.8103669881820679 0.0 0.0 0.0 1.0
0.6334919929504395 -0.04814999923110008 0.7722499966621399 2.4971110820770264 -0.773747980594635 -0.041381001472473145 0.6321409940719604 4.632001876831055 0.0015190000412985682 -0.9979829788208008 -0.0634709969162941 1.8158550262451172 0.0 0.0 0.0 1.0
0.6194970011711121 -0.042778000235557556 0.7838320136070251 2.492166042327881 -0.7849289774894714 -0.04705300182104111 0.617796003818512 4.641310214996338 0.010453999973833561 -0.9979760050773621 -0.06272599846124649 1.8172039985656738 0.0 0.0 0.0 1.0
0.6027659773826599 -0.03989800065755844 0.7969200015068054 2.4924869537353516 -0.797747015953064 -0.05083300173282623 0.600845992565155 4.652149200439453 0.016536999493837357 -0.9979100227355957 -0.0624690018594265 1.8126230239868164 0.0 0.0 0.0 1.0
0.588916003704071 -0.03864800184965134 0.8072699904441833 2.490575075149536 -0.8076750040054321 -0.063960000872612 0.5861489772796631 4.662665843963623 0.028978999704122543 -0.9972040057182312 -0.06888200342655182 1.8266019821166992 0.0 0.0 0.0 1.0
0.575465977191925 -0.033240001648664474 0.8171499967575073 2.4886410236358643 -0.816914975643158 -0.07050199806690216 0.5724329948425293 4.67156982421875 0.038582999259233475 -0.9969580173492432 -0.0677260011434555 1.8311489820480347 0.0 0.0 0.0 1.0
0.558775007724762 -0.028359999880194664 0.8288339972496033 2.482983112335205 -0.8280199766159058 -0.0750110000371933 0.5556589961051941 4.684030055999756 0.04641399905085564 -0.9967790246009827 -0.0653970018029213 1.8303170204162598 0.0 0.0 0.0 1.0
0.5431619882583618 -0.026373999193310738 0.839214026927948 2.4789340496063232 -0.8379759788513184 -0.07969000190496445 0.5398569703102112 4.694272994995117 0.05263900011777878 -0.9964709877967834 -0.06538499891757965 1.8315199613571167 0.0 0.0 0.0 1.0
0.5266839861869812 -0.024229999631643295 0.8497160077095032 2.474159002304077 -0.8479949831962585 -0.08462599664926529 0.5232049822807312 4.704553127288818 0.059230998158454895 -0.9961180090904236 -0.06511799991130829 1.8321000337600708 0.0 0.0 0.0 1.0
0.5092369914054871 -0.024039000272750854 0.860289990901947 2.4680309295654297 -0.8583580255508423 -0.08671600371599197 0.5056700110435486 4.715110778808594 0.06244499981403351 -0.995943009853363 -0.06479299813508987 1.8328529596328735 0.0 0.0 0.0 1.0
0.49073898792266846 -0.027435999363660812 0.8708739876747131 2.4602959156036377 -0.8689939975738525 -0.0881740003824234 0.48690199851989746 4.72792387008667 0.06342899799346924 -0.995727002620697 -0.06711199879646301 1.8362970352172852 0.0 0.0 0.0 1.0
0.47636398673057556 -0.0312890000641346 0.8786910176277161 2.4590229988098145 -0.8768929839134216 -0.09000500291585922 0.4721840023994446 4.73578405380249 0.06431200355291367 -0.9954500198364258 -0.0703120008111 1.8384859561920166 0.0 0.0 0.0 1.0
0.46077799797058105 -0.03232099860906601 0.8869270086288452 2.453778028488159 -0.885208010673523 -0.08874700218439102 0.4566510021686554 4.745450019836426 0.06395299732685089 -0.9955300092697144 -0.06950400024652481 1.8369050025939941 0.0 0.0 0.0 1.0
0.44336000084877014 -0.04408400133252144 0.8952590227127075 2.4530489444732666 -0.8948379755020142 -0.07964400202035904 0.43922901153564453 4.7553019523620605 0.05193899944424629 -0.9958480000495911 -0.07475800067186356 1.8483660221099854 0.0 0.0 0.0 1.0
0.42915400862693787 -0.043912000954151154 0.902163028717041 2.4478960037231445 -0.9017789959907532 -0.07745800167322159 0.4251999855041504 4.766454219818115 0.05120899900794029 -0.9960280060768127 -0.07283999770879745 1.8486599922180176 0.0 0.0 0.0 1.0
0.4147830009460449 -0.043292999267578125 0.9088900089263916 2.4428720474243164 -0.908486008644104 -0.07576099783182144 0.41098999977111816 4.778591156005859 0.051065001636743546 -0.9961860179901123 -0.07075600326061249 1.8464080095291138 0.0 0.0 0.0 1.0
0.403533011674881 -0.04239499941468239 0.9139819741249084 2.438654899597168 -0.9134039878845215 -0.07698199898004532 0.39970698952674866 4.787181854248047 0.053415000438690186 -0.9961310029029846 -0.06978899985551834 1.8408260345458984 0.0 0.0 0.0 1.0
0.3931629955768585 -0.05137199908494949 0.9180319905281067 2.43527889251709 -0.9177820086479187 -0.08237600326538086 0.38844600319862366 4.7968339920043945 0.05566899850964546 -0.9952759742736816 -0.07953599840402603 1.8406230211257935 0.0 0.0 0.0 1.0
0.3822149932384491 -0.06360899657011032 0.9218819737434387 2.433985948562622 -0.9221749901771545 -0.09017699956893921 0.37611401081085205 4.8088459968566895 0.05920900031924248 -0.9938920140266418 -0.09312500059604645 1.833853006362915 0.0 0.0 0.0 1.0
0.36954599618911743 -0.07698100060224533 0.9260179996490479 2.4301700592041016 -0.9273629784584045 -0.09339199960231781 0.3623189926147461 4.824038982391357 0.058591000735759735 -0.9926490187644958 -0.10590200126171112 1.8301509618759155 0.0 0.0 0.0 1.0
0.3580150008201599 -0.08979599922895432 0.9293879866600037 2.4281020164489746 -0.9318270087242126 -0.09764199703931808 0.3495210111141205 4.8355488777160645 0.05936200171709061 -0.9911620020866394 -0.1186320036649704 1.8274589776992798 0.0 0.0 0.0 1.0
0.3487600088119507 -0.09935200214385986 0.9319310188293457 2.4266839027404785 -0.935375988483429 -0.09911800175905228 0.33948200941085815 4.841769218444824 0.058642998337745667 -0.990103006362915 -0.1274999976158142 1.8089840412139893 0.0 0.0 0.0 1.0
0.33855900168418884 -0.1203330010175705 0.9332190155982971 2.424717903137207 -0.9391400218009949 -0.10462000221014023 0.3272170126438141 4.856237888336182 0.05825899913907051 -0.987205982208252 -0.1484300047159195 1.8113609552383423 0.0 0.0 0.0 1.0
0.33034899830818176 -0.13513000309467316 0.9341359734535217 2.4270670413970947 -0.9426050186157227 -0.09821700304746628 0.31913700699806213 4.863196849822998 0.04862299934029579 -0.9859480261802673 -0.15982000529766083 1.7814379930496216 0.0 0.0 0.0 1.0
0.32568100094795227 -0.16386500000953674 0.9311720132827759 2.4300990104675293 -0.9442729949951172 -0.10611999779939651 0.31158798933029175 4.8763861656188965 0.04775699973106384 -0.980758011341095 -0.1892949938774109 1.7963839769363403 0.0 0.0 0.0 1.0
0.32642999291419983 -0.18547600507736206 0.9268450140953064 2.4306020736694336 -0.9440850019454956 -0.11204399913549423 0.31007999181747437 4.884407043457031 0.04633500054478645 -0.9762399792671204 -0.21167999505996704 1.7868269681930542 0.0 0.0 0.0 1.0
0.3260810077190399 -0.20688100159168243 0.9224269986152649 2.43034291267395 -0.9442600011825562 -0.11794000118970871 0.30734801292419434 4.8945488929748535 0.04520599916577339 -0.971231997013092 -0.23380699753761292 1.7711470127105713 0.0 0.0 0.0 1.0
0.32421600818634033 -0.22428500652313232 0.9190099835395813 2.4289419651031494 -0.9447759985923767 -0.1258309930562973 0.3025969862937927 4.9052581787109375 0.04777200147509575 -0.9663659930229187 -0.2526949942111969 1.7594200372695923 0.0 0.0 0.0 1.0
0.32226499915122986 -0.24124500155448914 0.9153940081596375 2.4319539070129395 -0.945563018321991 -0.12834200263023376 0.29906201362609863 4.90955114364624 0.045336998999118805 -0.9619410037994385 -0.26947200298309326 1.7522759437561035 0.0 0.0 0.0 1.0
0.3181059956550598 -0.2586379945278168 0.912093997001648 2.430116891860962 -0.947064995765686 -0.13065800070762634 0.29325300455093384 4.916830062866211 0.0433260016143322 -0.9570969939231873 -0.28650999069213867 1.7421339750289917 0.0 0.0 0.0 1.0
0.31276899576187134 -0.2755480110645294 0.90898197889328 2.429236888885498 -0.9488170146942139 -0.13480700552463531 0.28560999035835266 4.92549991607666 0.043838001787662506 -0.9517880082130432 -0.3036080002784729 1.7307929992675781 0.0 0.0 0.0 1.0
0.30769801139831543 -0.2894099950790405 0.9064019918441772 2.4295740127563477 -0.9503769874572754 -0.13941599428653717 0.27811199426651 4.933338165283203 0.04587800055742264 -0.9469980001449585 -0.3179459869861603 1.724092960357666 0.0 0.0 0.0 1.0
0.3055729866027832 -0.297991007566452 0.9043369889259338 2.4262280464172363 -0.9508799910545349 -0.14489799737930298 0.2735539972782135 4.940780162811279 0.04952000081539154 -0.9435070157051086 -0.32763001322746277 1.7136919498443604 0.0 0.0 0.0 1.0
0.3107619881629944 -0.2933320105075836 0.904092013835907 2.421984910964966 -0.9492020010948181 -0.14522500336170197 0.27915000915527344 4.933582782745361 0.049414001405239105 -0.9449160099029541 -0.32356199622154236 1.6726549863815308 0.0 0.0 0.0 1.0
0.3103710114955902 -0.31068500876426697 0.8984119892120361 2.426453113555908 -0.9492200016975403 -0.15248000621795654 0.275193989276886 4.943868160247803 0.05149099975824356 -0.938202977180481 -0.3422339856624603 1.6809240579605103 0.0 0.0 0.0 1.0
0.3137109875679016 -0.3183540105819702 0.8945590257644653 2.4257049560546875 -0.947987973690033 -0.15847599506378174 0.27605000138282776 4.9490580558776855 0.05388399958610535 -0.9346320033073425 -0.35151201486587524 1.674800992012024 0.0 0.0 0.0 1.0
0.3190149962902069 -0.3270860016345978 0.8895189762115479 2.4233200550079346 -0.9461929798126221 -0.16369499266147614 0.27914801239967346 4.9508891105651855 0.05430399999022484 -0.9307090044021606 -0.36170798540115356 1.666221022605896 0.0 0.0 0.0 1.0
0.324290007352829 -0.33431801199913025 0.8849110007286072 2.4202330112457275 -0.9442309737205505 -0.1708890050649643 0.2814669907093048 4.959221839904785 0.05712199956178665 -0.9268379807472229 -0.37109100818634033 1.656370997428894 0.0 0.0 0.0 1.0
0.33111000061035156 -0.34256601333618164 0.8792120218276978 2.4181909561157227 -0.9418309926986694 -0.17687800526618958 0.2857759892940521 4.9605631828308105 0.05761599913239479 -0.9226930141448975 -0.3812049925327301 1.6493749618530273 0.0 0.0 0.0 1.0
0.33667999505996704 -0.3534500002861023 0.8727650046348572 2.419900894165039 -0.9397879838943481 -0.18390899896621704 0.28805598616600037 4.962337017059326 0.05869600176811218 -0.9171969890594482 -0.3940869867801666 1.6452709436416626 0.0 0.0 0.0 1.0
0.33637601137161255 -0.3627470135688782 0.8690609931945801 2.4135520458221436 -0.9397810101509094 -0.18860800564289093 0.2850239872932434 4.97099494934082 0.060520000755786896 -0.9126020073890686 -0.40434500575065613 1.6346919536590576 0.0 0.0 0.0 1.0
0.3391540050506592 -0.37350600957870483 0.8634049892425537 2.4112660884857178 -0.938942015171051 -0.19097700715065002 0.28621000051498413 4.9710259437561035 0.057989999651908875 -0.907755970954895 -0.41547098755836487 1.623049020767212 0.0 0.0 0.0 1.0
0.34161901473999023 -0.38857701420783997 0.8557479977607727 2.4145960807800293 -0.9380789995193481 -0.19667300581932068 0.2851809859275818 4.975103855133057 0.05748799815773964 -0.9001820087432861 -0.43170300126075745 1.6202210187911987 0.0 0.0 0.0 1.0
0.3487290143966675 -0.39108899235725403 0.8517259955406189 2.4086060523986816 -0.9357510209083557 -0.19620400667190552 0.2930409908294678 4.959218978881836 0.05250699818134308 -0.8991960287094116 -0.4343850016593933 1.5907479524612427 0.0 0.0 0.0 1.0
0.3552449941635132 -0.4022909998893738 0.8437790274620056 2.4112720489501953 -0.9334400296211243 -0.2008489966392517 0.29723501205444336 4.954966068267822 0.049897000193595886 -0.8932089805603027 -0.4468649923801422 1.583528995513916 0.0 0.0 0.0 1.0
0.3577530086040497 -0.41193699836730957 0.8380450010299683 2.4105958938598633 -0.9326000213623047 -0.20340299606323242 0.29813599586486816 4.957262992858887 0.047648001462221146 -0.8882200121879578 -0.45694100856781006 1.5765249729156494 0.0 0.0 0.0 1.0
0.36139100790023804 -0.4214160144329071 0.8317480087280273 2.409459114074707 -0.9312030076980591 -0.20857399702072144 0.29892799258232117 4.957099914550781 0.04750800132751465 -0.8825560212135315 -0.46779999136924744 1.5700099468231201 0.0 0.0 0.0 1.0
0.3626999855041504 -0.4292770028114319 0.8271459937095642 2.406416893005371 -0.9307820200920105 -0.210439994931221 0.29892900586128235 4.960278034210205 0.0457409992814064 -0.8783140182495117 -0.47589001059532166 1.5596740245819092 0.0 0.0 0.0 1.0
0.3680199980735779 -0.43839600682258606 0.8199819922447205 2.4084789752960205 -0.9290090203285217 -0.21015200018882751 0.3045960068702698 4.952041149139404 0.03878699988126755 -0.8738679885864258 -0.4846140146255493 1.556467056274414 0.0 0.0 0.0 1.0
0.37095800042152405 -0.4446060061454773 0.8153010010719299 2.407757043838501 -0.927964985370636 -0.21118700504302979 0.30705299973487854 4.949501991271973 0.035663001239299774 -0.8704739809036255 -0.4909200072288513 1.5492069721221924 0.0 0.0 0.0 1.0
0.3709540069103241 -0.4502440094947815 0.8122029900550842 2.4013969898223877 -0.9281370043754578 -0.20883899927139282 0.308133989572525 4.94628381729126 0.030883999541401863 -0.8681399822235107 -0.4953579902648926 1.5353339910507202 0.0 0.0 0.0 1.0
0.3731519877910614 -0.46054500341415405 0.8053910136222839 2.403726100921631 -0.9273999929428101 -0.20965799689292908 0.30979299545288086 4.940371036529541 0.026182999834418297 -0.8625199794769287 -0.5053439736366272 1.5322599411010742 0.0 0.0 0.0 1.0
0.37240999937057495 -0.4663560092449188 0.8023849725723267 2.4009740352630615 -0.9278010129928589 -0.2078319936990738 0.30982398986816406 4.937985897064209 0.022273000329732895 -0.8598359823226929 -0.5100849866867065 1.521846055984497 0.0 0.0 0.0 1.0
0.3749080002307892 -0.4674629867076874 0.8005759716033936 2.396815061569214 -0.9268040060997009 -0.20938700437545776 0.31175699830055237 4.929026126861572 0.021895000711083412 -0.8588569760322571 -0.5117470026016235 1.5060780048370361 0.0 0.0 0.0 1.0
0.3745979964733124 -0.4731599986553192 0.7973679900169373 2.3966410160064697 -0.9269279837608337 -0.21144700050354004 0.3099910020828247 4.920738220214844 0.021925000473856926 -0.8552250266075134 -0.5177929997444153 1.4974550008773804 0.0 0.0 0.0 1.0
0.3728390038013458 -0.4797089993953705 0.7942730188369751 2.398653030395508 -0.9276170134544373 -0.2137030065059662 0.3063639998435974 4.914011001586914 0.022772999480366707 -0.8510059714317322 -0.524662971496582 1.4930800199508667 0.0 0.0 0.0 1.0
0.37108099460601807 -0.4857980012893677 0.7913910150527954 2.399493932723999 -0.9282960295677185 -0.21587799489498138 0.30275899171829224 4.905826091766357 0.023764999583363533 -0.8469930291175842 -0.5310729742050171 1.4883270263671875 0.0 0.0 0.0 1.0
0.3699510097503662 -0.49501100182533264 0.7861940264701843 2.4031660556793213 -0.9287300109863281 -0.21928399801254272 0.2989560067653656 4.902155876159668 0.02441300079226494 -0.8407610058784485 -0.5408560037612915 1.4859240055084229 0.0 0.0 0.0 1.0
0.3709610104560852 -0.5023959875106812 0.7810159921646118 2.406287908554077 -0.9283739924430847 -0.2210640013217926 0.29875001311302185 4.896492004394531 0.022563999518752098 -0.8359000086784363 -0.5484179854393005 1.4841710329055786 0.0 0.0 0.0 1.0
0.3739680051803589 -0.5083339810371399 0.7757220268249512 2.408086061477661 -0.9272720217704773 -0.22095300257205963 0.30223599076271057 4.886784076690674 0.017761999741196632 -0.8323320150375366 -0.5539929866790771 1.481552004814148 0.0 0.0 0.0 1.0
0.37727800011634827 -0.5137969851493835 0.770501971244812 2.408406972885132 -0.9260010123252869 -0.22145700454711914 0.305743008852005 4.87937593460083 0.01354300044476986 -0.8288360238075256 -0.5593270063400269 1.4760260581970215 0.0 0.0 0.0 1.0
0.37843000888824463 -0.5200750231742859 0.7657099962234497 2.4095349311828613 -0.9255769848823547 -0.22144700586795807 0.3070319890975952 4.8727498054504395 0.009885000064969063 -0.8249139785766602 -0.5651710033416748 1.4715490341186523 0.0 0.0 0.0 1.0
0.3813459873199463 -0.524757981300354 0.7610539793968201 2.412882089614868 -0.9243999719619751 -0.223348006606102 0.3091929852962494 4.8608551025390625 0.007728000171482563 -0.8214280009269714 -0.5702599883079529 1.4672050476074219 0.0 0.0 0.0 1.0
0.3777279853820801 -0.5297290086746216 0.75941401720047 2.4074039459228516 -0.9258999824523926 -0.22101399302482605 0.30636799335479736 4.849883079528809 0.005549000110477209 -0.8188650012016296 -0.5739589929580688 1.4600950479507446 0.0 0.0 0.0 1.0
0.3779590129852295 -0.5317729711532593 0.7578690052032471 2.4082980155944824 -0.9258109927177429 -0.22117400169372559 0.30652299523353577 4.83175802230835 0.004619999788701534 -0.8174960017204285 -0.5759159922599792 1.4496949911117554 0.0 0.0 0.0 1.0
0.373540997505188 -0.5369110107421875 0.756434977054596 2.4118709564208984 -0.9275969862937927 -0.2210559993982315 0.3011600077152252 4.821360111236572 0.005518000107258558 -0.8141630291938782 -0.5806099772453308 1.448660969734192 0.0 0.0 0.0 1.0
0.36988699436187744 -0.5401840209960938 0.7559000253677368 2.413741111755371 -0.9290500283241272 -0.22117500007152557 0.29655900597572327 4.8088698387146 0.006990000139921904 -0.8119620084762573 -0.5836690068244934 1.4442780017852783 0.0 0.0 0.0 1.0
0.36606699228286743 -0.5459979772567749 0.7535790205001831 2.419516086578369 -0.9305350184440613 -0.22347000241279602 0.29011398553848267 4.799184799194336 0.010001000016927719 -0.8074319958686829 -0.5898759961128235 1.4466949701309204 0.0 0.0 0.0 1.0
0.36223798990249634 -0.5488200187683105 0.7533789873123169 2.4265658855438232 -0.9319990277290344 -0.22428900003433228 0.28473201394081116 4.792253017425537 0.012707999907433987 -0.8052899837493896 -0.5927460193634033 1.4507520198822021 0.0 0.0 0.0 1.0
0.3569689989089966 -0.549543023109436 0.7553640007972717 2.429126024246216 -0.9340140223503113 -0.22193199396133423 0.27993500232696533 4.784965991973877 0.013802999630570412 -0.8054490089416504 -0.5925040245056152 1.4535620212554932 0.0 0.0 0.0 1.0
0.3520750105381012 -0.5493190288543701 0.7578200101852417 2.4301669597625732 -0.9358929991722107 -0.21710799634456635 0.27743101119995117 4.7756500244140625 0.012130999937653542 -0.8069159984588623 -0.5905420184135437 1.4534610509872437 0.0 0.0 0.0 1.0
0.34788501262664795 -0.5494660139083862 0.759647011756897 2.430840015411377 -0.9374920129776001 -0.2118619978427887 0.2760869860649109 4.763523101806641 0.009239999577403069 -0.8082090020179749 -0.5888230204582214 1.45427405834198 0.0 0.0 0.0 1.0
0.34193000197410583 -0.550773024559021 0.7614020109176636 2.4340639114379883 -0.9396910071372986 -0.20731599628925323 0.2720299959182739 4.758553981781006 0.008023999631404877 -0.8084980249404907 -0.5884450078010559 1.4575539827346802 0.0 0.0 0.0 1.0
0.33392900228500366 -0.5521900057792664 0.7639229893684387 2.432260036468506 -0.9425979852676392 -0.1962289959192276 0.2701910138130188 4.749937057495117 0.0007070000283420086 -0.8102970123291016 -0.586018979549408 1.4589619636535645 0.0 0.0 0.0 1.0
0.3284800052642822 -0.5588350296020508 0.7614489793777466 2.444485902786255 -0.9445000290870667 -0.19043800234794617 0.2676810026168823 4.742279052734375 -0.004581000190228224 -0.8071169853210449 -0.5903739929199219 1.472614049911499 0.0 0.0 0.0 1.0
0.319489985704422 -0.5598160028457642 0.7645469903945923 2.4457039833068848 -0.9475669860839844 -0.18316900730133057 0.2618510127067566 4.738674163818359 -0.006546999793499708 -0.8081179857254028 -0.5889840126037598 1.475527048110962 0.0 0.0 0.0 1.0
0.30275198817253113 -0.5556750297546387 0.7743170261383057 2.4488680362701416 -0.9530050158500671 -0.16702400147914886 0.2527559995651245 4.726377964019775 -0.011121000163257122 -0.8144500255584717 -0.5801270008087158 1.4834400415420532 0.0 0.0 0.0 1.0
0.2936500012874603 -0.5522750020027161 0.7802320122718811 2.448564052581787 -0.9558529853820801 -0.16046999394893646 0.24616099894046783 4.720691204071045 -0.010745000094175339 -0.8180720210075378 -0.5750160217285156 1.4863890409469604 0.0 0.0 0.0 1.0
0.2827039957046509 -0.5502979755401611 0.7856529951095581 2.452531099319458 -0.9591550230979919 -0.15367700159549713 0.23749500513076782 4.715191841125488 -0.00995699968189001 -0.8207039833068848 -0.5712670087814331 1.4935530424118042 0.0 0.0 0.0 1.0
0.27284500002861023 -0.5430629849433899 0.7941269874572754 2.453761100769043 -0.9620310068130493 -0.1478389948606491 0.22943399846553802 4.707708835601807 -0.007195000071078539 -0.826574981212616 -0.5627809762954712 1.4975550174713135 0.0 0.0 0.0 1.0
0.2595269978046417 -0.5364969968795776 0.8030040264129639 2.454310894012451 -0.9657260179519653 -0.14046800136566162 0.2182690054178238 4.706535816192627 -0.004304000176489353 -0.8321290016174316 -0.5545650124549866 1.5051649808883667 0.0 0.0 0.0 1.0
0.24790799617767334 -0.5300869941711426 0.8108940124511719 2.4556870460510254 -0.9687740206718445 -0.13200600445270538 0.2098820060491562 4.70243501663208 -0.0042130001820623875 -0.8376049995422363 -0.5462599992752075 1.513625979423523 0.0 0.0 0.0 1.0
0.23305900394916534 -0.5201640129089355 0.8216519951820374 2.452681064605713 -0.972461998462677 -0.12407699972391129 0.197285994887352 4.709235191345215 -0.0006730000022798777 -0.8450049757957458 -0.5347579717636108 1.5203919410705566 0.0 0.0 0.0 1.0
0.21610799431800842 -0.4909389913082123 0.8439649939537048 2.4416489601135254 -0.9763249754905701 -0.11690499633550644 0.18199700117111206 4.712125778198242 0.00931399967521429 -0.8633149862289429 -0.504580020904541 1.5300170183181763 0.0 0.0 0.0 1.0
0.20419900119304657 -0.4864479899406433 0.849511981010437 2.441912889480591 -0.9788479804992676 -0.11268900334835052 0.17076000571250916 4.725021839141846 0.012664999812841415 -0.8664119839668274 -0.4991700053215027 1.5503499507904053 0.0 0.0 0.0 1.0
0.20258000493049622 -0.4761030077934265 0.8557379841804504 2.44146990776062 -0.9791550040245056 -0.11163300275802612 0.16968800127506256 4.724470138549805 0.014739999547600746 -0.8722749948501587 -0.4887939989566803 1.5595539808273315 0.0 0.0 0.0 1.0
0.1995439976453781 -0.4645859897136688 0.8627520203590393 2.4357919692993164 -0.9797840118408203 -0.10745300352573395 0.16875000298023224 4.729506969451904 0.01430600043386221 -0.8789839744567871 -0.47663599252700806 1.5607579946517944 0.0 0.0 0.0 1.0
0.1880359947681427 -0.45514100790023804 0.8703380227088928 2.426182985305786 -0.9820659756660461 -0.09952100366353989 0.16013100743293762 4.755080223083496 0.013735000044107437 -0.8848400115966797 -0.46569201350212097 1.5662490129470825 0.0 0.0 0.0 1.0
0.18117499351501465 -0.45171698927879333 0.8735719919204712 2.4205610752105713 -0.9833909869194031 -0.09303899854421616 0.15584099292755127 4.767096996307373 0.010879999957978725 -0.8872969746589661 -0.4610700011253357 1.5677930116653442 0.0 0.0 0.0 1.0
0.17469599843025208 -0.4506869912147522 0.8754209876060486 2.4178318977355957 -0.9846019744873047 -0.08574199676513672 0.15234200656414032 4.780344009399414 0.006401999853551388 -0.8885549902915955 -0.4587259888648987 1.572854995727539 0.0 0.0 0.0 1.0
0.1640319973230362 -0.4513779878616333 0.8771269917488098 2.409501075744629 -0.9864550232887268 -0.0750579982995987 0.1458519995212555 4.811061859130859 9.999999974752427e-07 -0.8891710042953491 -0.4575760066509247 1.5801609754562378 0.0 0.0 0.0 1.0
0.1548919975757599 -0.447517991065979 0.8807590007781982 2.4038259983062744 -0.9879310131072998 -0.07060900330543518 0.13786299526691437 4.8294901847839355 0.000493000028654933 -0.8914830088615417 -0.4530540108680725 1.5788350105285645 0.0 0.0 0.0 1.0
0.13324099779129028 -0.4421420097351074 0.8869929909706116 2.3906540870666504 -0.9910820126533508 -0.06133599951863289 0.11830300092697144 4.8536858558654785 0.0020979999098926783 -0.8948460221290588 -0.4463709890842438 1.5682400465011597 0.0 0.0 0.0 1.0
0.11463800072669983 -0.4392069876194 0.8910419940948486 2.3806769847869873 -0.99338299036026 -0.057036999613046646 0.0996910035610199 4.8765339851379395 0.007036999799311161 -0.896573007106781 -0.44283899664878845 1.5481489896774292 0.0 0.0 0.0 1.0
0.0805630013346672 -0.460193008184433 0.8841559886932373 2.3821840286254883 -0.9967219829559326 -0.043862998485565186 0.06798899918794632 4.899044990539551 0.007493999786674976 -0.8867350220680237 -0.4622179865837097 1.545941948890686 0.0 0.0 0.0 1.0
0.056352000683546066 -0.46804800629615784 0.8819050192832947 2.3856120109558105 -0.9983789920806885 -0.033555999398231506 0.04598600044846535 4.90912389755249 0.008070000447332859 -0.8830659985542297 -0.46917998790740967 1.5397709608078003 0.0 0.0 0.0 1.0
0.04303799942135811 -0.4740760028362274 0.8794320225715637 2.3848249912261963 -0.9990460276603699 -0.02699200063943863 0.034341000020504 4.915987014770508 0.007457000203430653 -0.8800699710845947 -0.4747850000858307 1.5379409790039062 0.0 0.0 0.0 1.0
0.01824299991130829 -0.48118698596954346 0.87642902135849 2.3952229022979736 -0.9998199939727783 -0.013402000069618225 0.01345400046557188 4.923264026641846 0.0052720000967383385 -0.8765159845352173 -0.4813440144062042 1.5464450120925903 0.0 0.0 0.0 1.0
-0.005892000161111355 -0.4694859981536865 0.8829200267791748 2.394426107406616 -0.9999809861183167 0.0009590000263415277 -0.006163000129163265 4.917514801025391 0.0020469999872148037 -0.8829389810562134 -0.46948298811912537 1.5365010499954224 0.0 0.0 0.0 1.0
-0.026907000690698624 -0.47074100375175476 0.8818609714508057 2.4005019664764404 -0.9996340274810791 0.01018999982625246 -0.025061000138521194 4.92421817779541 0.002810999983921647 -0.8822119832038879 -0.47084298729896545 1.5413559675216675 0.0 0.0 0.0 1.0
-0.06355699896812439 -0.4699839949607849 0.8803840279579163 2.4054160118103027 -0.9979770183563232 0.02863300032913685 -0.0567610003054142 4.920835018157959 0.0014690000098198652 -0.8822100162506104 -0.4708540141582489 1.5371019840240479 0.0 0.0 0.0 1.0
-0.11383499950170517 -0.4747680127620697 0.8727189898490906 2.417120933532715 -0.993465006351471 0.04705300182104111 -0.10398700088262558 4.920101165771484 0.008305000141263008 -0.8788520097732544 -0.4770219922065735 1.5254549980163574 0.0 0.0 0.0 1.0
-0.14588400721549988 -0.4811350107192993 0.8644229769706726 2.4262819290161133 -0.9891960024833679 0.0581820011138916 -0.13455699384212494 4.921345233917236 0.014445999637246132 -0.8747140169143677 -0.48442500829696655 1.5127589702606201 0.0 0.0 0.0 1.0
-0.174794003367424 -0.47203901410102844 0.8640750050544739 2.4174180030822754 -0.984604001045227 0.08479700237512589 -0.15285199880599976 4.926453113555908 -0.0011190000222995877 -0.8774899840354919 -0.4795930087566376 1.4833550453186035 0.0 0.0 0.0 1.0
-0.18772999942302704 -0.4773940145969391 0.8584010004997253 2.4257869720458984 -0.9822120070457458 0.09487800300121307 -0.16204200685024261 4.92051887512207 -0.00408599991351366 -0.8735520243644714 -0.4867140054702759 1.4826070070266724 0.0 0.0 0.0 1.0
-0.20377199351787567 -0.48123401403427124 0.8525789976119995 2.4347710609436035 -0.9789819717407227 0.10761299729347229 -0.1732420027256012 4.919344902038574 -0.008377999998629093 -0.8699619770050049 -0.4930480122566223 1.4798099994659424 0.0 0.0 0.0 1.0
-0.2229509949684143 -0.4849889874458313 0.8456230163574219 2.444974899291992 -0.9747390151023865 0.12268800288438797 -0.18662799894809723 4.9234299659729 -0.01323499996215105 -0.865871012210846 -0.5000920295715332 1.4804270267486572 0.0 0.0 0.0 1.0
-0.23861399292945862 -0.4883269965648651 0.8394039869308472 2.455984115600586 -0.9709550142288208 0.13559800386428833 -0.19712400436401367 4.9221978187561035 -0.01756099984049797 -0.8620610237121582 -0.5065000057220459 1.4824450016021729 0.0 0.0 0.0 1.0
-0.2547059953212738 -0.4863559901714325 0.835811972618103 2.4676599502563477 -0.9667220115661621 0.14947199821472168 -0.2076220065355301 4.925022125244141 -0.023951999843120575 -0.860880970954895 -0.5082430243492126 1.484686017036438 0.0 0.0 0.0 1.0
-0.26851698756217957 -0.48255598545074463 0.8336899876594543 2.475308895111084 -0.9628999829292297 0.15858900547027588 -0.2183389961719513 4.934868812561035 -0.02685300074517727 -0.8613880276679993 -0.5072370171546936 1.4859470129013062 0.0 0.0 0.0 1.0
-0.2781679928302765 -0.4791580140590668 0.8324840068817139 2.483064889907837 -0.9600790143013 0.16532200574874878 -0.2256470024585724 4.939487934112549 -0.029506999999284744 -0.8620190024375916 -0.5060170292854309 1.4890259504318237 0.0 0.0 0.0 1.0
-0.28770700097084045 -0.4755299985408783 0.8313210010528564 2.490372896194458 -0.9573130011558533 0.16805200278759003 -0.2351820021867752 4.94805383682251 -0.027868999168276787 -0.8634989857673645 -0.5035809874534607 1.4896420240402222 0.0 0.0 0.0 1.0
-0.29467299580574036 -0.4740920066833496 0.8297010064125061 2.496645927429199 -0.9552860260009766 0.16832000017166138 -0.24309700727462769 4.952637195587158 -0.02440500073134899 -0.8642370104789734 -0.5024939775466919 1.4876840114593506 0.0 0.0 0.0 1.0
-0.31396499276161194 -0.46975600719451904 0.8250790238380432 2.5038681030273438 -0.9493269920349121 0.16840699315071106 -0.26536300778388977 4.988522052764893 -0.014294000342488289 -0.8665840029716492 -0.4988259971141815 1.4818979501724243 0.0 0.0 0.0 1.0
-0.3176349997520447 -0.4714460074901581 0.8227069973945618 2.514301061630249 -0.9481769800186157 0.16546499729156494 -0.27125900983810425 4.993490219116211 -0.008244999684393406 -0.8662329912185669 -0.4995720088481903 1.4881459474563599 0.0 0.0 0.0 1.0
-0.3251909911632538 -0.46859800815582275 0.8213809728622437 2.523076057434082 -0.9456470012664795 0.1623159945011139 -0.2817879915237427 5.012016773223877 -0.001276999944821 -0.8683720231056213 -0.49591198563575745 1.4882999658584595 0.0 0.0 0.0 1.0
-0.33021000027656555 -0.4663049876689911 0.8206830024719238 2.5246920585632324 -0.9439030289649963 0.16048899292945862 -0.28859999775886536 5.020676136016846 0.0028649999294430017 -0.8699439764022827 -0.4931429922580719 1.4812270402908325 0.0 0.0 0.0 1.0
-0.33706000447273254 -0.47206300497055054 0.8145840167999268 2.5301411151885986 -0.941448986530304 0.16168199479579926 -0.2958579957485199 5.026255130767822 0.007960000075399876 -0.8666120171546936 -0.4989199936389923 1.4812450408935547 0.0 0.0 0.0 1.0
-0.3451809883117676 -0.4787760078907013 0.8072320222854614 2.542464017868042 -0.9384210109710693 0.1625940054655075 -0.304843008518219 5.034218788146973 0.014701000414788723 -0.8627499938011169 -0.505416989326477 1.4889190196990967 0.0 0.0 0.0 1.0
-0.3574259877204895 -0.4776250123977661 0.8025709986686707 2.5499351024627686 -0.9337270259857178 0.16434499621391296 -0.31803199648857117 5.045735836029053 0.020002000033855438 -0.8630560040473938 -0.5047129988670349 1.489395022392273 0.0 0.0 0.0 1.0
-0.3696630001068115 -0.4753760099411011 0.7983520030975342 2.554482936859131 -0.9288949966430664 0.1683569997549057 -0.32986199855804443 5.056702136993408 0.022400999441742897 -0.8635240197181702 -0.5038099884986877 1.4879870414733887 0.0 0.0 0.0 1.0
-0.3821040093898773 -0.47179099917411804 0.7946130037307739 2.559861898422241 -0.9238089919090271 0.1727380007505417 -0.3416689932346344 5.069778919219971 0.02393599972128868 -0.8646240234375 -0.5018489956855774 1.4875420331954956 0.0 0.0 0.0 1.0
-0.3934600055217743 -0.4674470126628876 0.7916319966316223 2.563076972961426 -0.9189599752426147 0.17516200244426727 -0.35331401228904724 5.0838541984558105 0.026491999626159668 -0.8664939999580383 -0.4984849989414215 1.488044023513794 0.0 0.0 0.0 1.0
-0.4158569872379303 -0.4549660086631775 0.787443995475769 2.562774896621704 -0.9090930223464966 0.18439899384975433 -0.37356001138687134 5.106801986694336 0.024754000827670097 -0.8712080121040344 -0.49028998613357544 1.4778079986572266 0.0 0.0 0.0 1.0
-0.42993199825286865 -0.4549359977245331 0.7798659801483154 2.568481922149658 -0.9025459885597229 0.19374899566173553 -0.38454100489616394 5.108992099761963 0.02384299971163273 -0.8691920042037964 -0.49390000104904175 1.489791989326477 0.0 0.0 0.0 1.0
-0.4497399926185608 -0.4457849860191345 0.7739570140838623 2.568005084991455 -0.8928300142288208 0.2008499950170517 -0.4031299948692322 5.119916915893555 0.02425999939441681 -0.8723160028457642 -0.48833999037742615 1.4903210401535034 0.0 0.0 0.0 1.0
-0.4760189950466156 -0.43035900592803955 0.7669399976730347 2.5657379627227783 -0.8791469931602478 0.2105569988489151 -0.4275110065937042 5.139660835266113 0.022499000653624535 -0.8777570128440857 -0.47857800126075745 1.485129952430725 0.0 0.0 0.0 1.0
-0.4988580048084259 -0.42240700125694275 0.7567780017852783 2.568234920501709 -0.8664309978485107 0.22200199961662292 -0.44722700119018555 5.151831150054932 0.020905999466776848 -0.8787990212440491 -0.4767340123653412 1.49127197265625 0.0 0.0 0.0 1.0
-0.516165018081665 -0.41268599033355713 0.7505090236663818 2.5614349842071533 -0.8563240170478821 0.23143599927425385 -0.46167799830436707 5.158699989318848 0.016832999885082245 -0.8809810280799866 -0.4728519916534424 1.4907649755477905 0.0 0.0 0.0 1.0
-0.5464230179786682 -0.40180400013923645 0.7348290085792542 2.5607080459594727 -0.8374130129814148 0.24886900186538696 -0.48662400245666504 5.187448978424072 0.012651000171899796 -0.881259024143219 -0.47246500849723816 1.487056016921997 0.0 0.0 0.0 1.0
-0.567113995552063 -0.39942899346351624 0.720304012298584 2.5622119903564453 -0.8235859870910645 0.2650899887084961 -0.5014309883117676 5.205336093902588 0.009340000338852406 -0.8776010274887085 -0.47930100560188293 1.4890669584274292 0.0 0.0 0.0 1.0
-0.5856990218162537 -0.3945609927177429 0.7080100178718567 2.5630741119384766 -0.8105180263519287 0.2805419862270355 -0.5141559839248657 5.224573135375977 0.004238999914377928 -0.8749960064888 -0.4841119945049286 1.4913289546966553 0.0 0.0 0.0 1.0
-0.5972719788551331 -0.39223501086235046 0.6995840072631836 2.564465045928955 -0.8020380139350891 0.29195401072502136 -0.5210540294647217 5.2394328117370605 0.0001289999927394092 -0.8723040223121643 -0.4889630079269409 1.4973469972610474 0.0 0.0 0.0 1.0
-0.6277610063552856 -0.3729889988899231 0.6832240223884583 2.574165105819702 -0.7783910036087036 0.3063479959964752 -0.54795902967453 5.299230098724365 -0.004922000225633383 -0.8758029937744141 -0.4826450049877167 1.4795869588851929 0.0 0.0 0.0 1.0
-0.6347630023956299 -0.3728950023651123 0.6767759919166565 2.5773611068725586 -0.7726479768753052 0.3171530067920685 -0.5499359965324402 5.312104225158691 -0.00957299955189228 -0.8719890117645264 -0.4894329905509949 1.480646014213562 0.0 0.0 0.0 1.0
-0.6387180089950562 -0.37976300716400146 0.6691930294036865 2.582413911819458 -0.7694050073623657 0.3235290050506592 -0.5507670044898987 5.324110984802246 -0.007342000026255846 -0.8666660189628601 -0.4988349974155426 1.488595962524414 0.0 0.0 0.0 1.0
-0.6427140235900879 -0.3824700117111206 0.6638039946556091 2.5826430320739746 -0.7660959959030151 0.32520800828933716 -0.5543789863586426 5.332001209259033 -0.003840999910607934 -0.8648449778556824 -0.5020250082015991 1.492529034614563 0.0 0.0 0.0 1.0
-0.6482930183410645 -0.38398799300193787 0.6574720144271851 2.582590103149414 -0.7613829970359802 0.32297199964523315 -0.5621259808540344 5.339680194854736 0.003504999913275242 -0.8650100231170654 -0.5017430186271667 1.4981529712677002 0.0 0.0 0.0 1.0
-0.6570940017700195 -0.38127800822257996 0.6502730250358582 2.587615966796875 -0.7537400126457214 0.320699006319046 -0.5736100077629089 5.352579116821289 0.010162999853491783 -0.8670529723167419 -0.4981130063533783 1.4999979734420776 0.0 0.0 0.0 1.0
-0.6657090187072754 -0.37466898560523987 0.6453329920768738 2.5875000953674316 -0.7460899949073792 0.3185800015926361 -0.5846850275993347 5.360808849334717 0.013473999686539173 -0.8707069754600525 -0.49161800742149353 1.5025429725646973 0.0 0.0 0.0 1.0
-0.674127995967865 -0.3671010136604309 0.6409279704093933 2.5830190181732178 -0.7384380102157593 0.31597399711608887 -0.5957090258598328 5.367002010345459 0.016169000416994095 -0.8748700022697449 -0.4840880036354065 1.5020420551300049 0.0 0.0 0.0 1.0
-0.6847590208053589 -0.36274999380111694 0.6320739984512329 2.5854580402374268 -0.7284950017929077 0.3169350028038025 -0.6073279976844788 5.371825218200684 0.019982000812888145 -0.8763359785079956 -0.4812859892845154 1.505871057510376 0.0 0.0 0.0 1.0
-0.6957319974899292 -0.3568269908428192 0.623403012752533 2.5843939781188965 -0.7178739905357361 0.31548699736595154 -0.6205840110778809 5.37652587890625 0.024764999747276306 -0.8792849779129028 -0.4756520092487335 1.5051109790802002 0.0 0.0 0.0 1.0
-0.7172120213508606 -0.34120500087738037 0.6076059937477112 2.5921719074249268 -0.6963300108909607 0.3170880079269409 -0.6438779830932617 5.404224872589111 0.027029000222682953 -0.8848919868469238 -0.46501100063323975 1.4940639734268188 0.0 0.0 0.0 1.0
-0.7277730107307434 -0.33759400248527527 0.5969719886779785 2.5980019569396973 -0.6850669980049133 0.3171539902687073 -0.6558169722557068 5.41044282913208 0.03206700086593628 -0.8862529993057251 -0.46209099888801575 1.494920015335083 0.0 0.0 0.0 1.0
-0.7352449893951416 -0.3331339955329895 0.5902850031852722 2.5982840061187744 -0.6769899725914001 0.3183310031890869 -0.6635879874229431 5.411681175231934 0.033156998455524445 -0.887516975402832 -0.4595800042152405 1.4906189441680908 0.0 0.0 0.0 1.0
-0.7424250245094299 -0.329245001077652 0.5834400057792664 2.598926067352295 -0.6691409945487976 0.32220399379730225 -0.6696529984474182 5.413978099822998 0.03249400109052658 -0.8875709772109985 -0.4595229923725128 1.4845980405807495 0.0 0.0 0.0 1.0
-0.7489339709281921 -0.3310309946537018 0.5740349888801575 2.6052520275115967 -0.6617010235786438 0.32738998532295227 -0.6745120286941528 5.418990135192871 0.03535100072622299 -0.885004997253418 -0.4642370045185089 1.486096978187561 0.0 0.0 0.0 1.0
-0.7540959715843201 -0.33180099725723267 0.566785991191864 2.613564968109131 -0.6556860208511353 0.3309299945831299 -0.6786460280418396 5.417582035064697 0.037608999758958817 -0.8833990097045898 -0.4671109914779663 1.4844690561294556 0.0 0.0 0.0 1.0
-0.7593569755554199 -0.3299329876899719 0.560820996761322 2.615149974822998 -0.6495299935340881 0.33329299092292786 -0.6833930015563965 5.417183876037598 0.03855599835515022 -0.8832100033760071 -0.4673910140991211 1.483970046043396 0.0 0.0 0.0 1.0
-0.7647240161895752 -0.3278909921646118 0.5546919703483582 2.616455078125 -0.6431379914283752 0.3354780077934265 -0.6883519887924194 5.4122772216796875 0.03961699828505516 -0.8831440210342407 -0.46742698550224304 1.4815850257873535 0.0 0.0 0.0 1.0
-0.7732769846916199 -0.32218000292778015 0.546114981174469 2.6244940757751465 -0.6328189969062805 0.33812201023101807 -0.6965720057487488 5.41526985168457 0.039767999202013016 -0.8842359781265259 -0.46534401178359985 1.4767309427261353 0.0 0.0 0.0 1.0
-0.7790939807891846 -0.3155040144920349 0.5417289733886719 2.631165027618408 -0.6258730292320251 0.34182798862457275 -0.7010250091552734 5.414413928985596 0.03599800169467926 -0.8852180242538452 -0.46378201246261597 1.4787850379943848 0.0 0.0 0.0 1.0
-0.7898529767990112 -0.29260098934173584 0.5389959812164307 2.630059003829956 -0.6128379702568054 0.3426080048084259 -0.7120739817619324 5.433582782745361 0.02368899993598461 -0.8927509784698486 -0.4499270021915436 1.4635670185089111 0.0 0.0 0.0 1.0
-0.793274998664856 -0.28447699546813965 0.5383189916610718 2.6350109577178955 -0.6085770130157471 0.3433600068092346 -0.7153580188751221 5.434113025665283 0.018665999174118042 -0.8950849771499634 -0.4455049932003021 1.4622550010681152 0.0 0.0 0.0 1.0
-0.79578697681427 -0.28091099858283997 0.5364800095558167 2.639946937561035 -0.6053419709205627 0.3443619906902313 -0.7176179885864258 5.436066150665283 0.016844000667333603 -0.895825982093811 -0.4440859854221344 1.4593909978866577 0.0 0.0 0.0 1.0
-0.7985609769821167 -0.27919501066207886 0.5332450270652771 2.6455230712890625 -0.6017040014266968 0.3468869924545288 -0.7194589972496033 5.438231945037842 0.015893999487161636 -0.8953880071640015 -0.4450030028820038 1.4549859762191772 0.0 0.0 0.0 1.0
-0.8005319833755493 -0.2787550091743469 0.5305119752883911 2.6506800651550293 -0.5991230010986328 0.35141700506210327 -0.7194139957427979 5.437043190002441 0.014109999872744083 -0.8937569856643677 -0.44832998514175415 1.4576289653778076 0.0 0.0 0.0 1.0
-0.8015270233154297 -0.27849501371383667 0.5291450023651123 2.657866954803467 -0.5977669954299927 0.3507919907569885 -0.7208470106124878 5.440331935882568 0.01513299997895956 -0.8940830230712891 -0.44764500856399536 1.4593640565872192 0.0 0.0 0.0 1.0
-0.7999719977378845 -0.2811169922351837 0.5301110148429871 2.661983013153076 -0.5997480154037476 0.34714099764823914 -0.720969021320343 5.44296407699585 0.01865299977362156 -0.8946880102157593 -0.44630199670791626 1.4582890272140503 0.0 0.0 0.0 1.0
-0.7993050217628479 -0.28539198637008667 0.5288310050964355 2.6652400493621826 -0.6004800200462341 0.3454659879207611 -0.7211629748344421 5.446432113647461 0.023120999336242676 -0.8939819931983948 -0.44750601053237915 1.455104947090149 0.0 0.0 0.0 1.0
-0.8001909852027893 -0.29045701026916504 0.5247179865837097 2.670943021774292 -0.5990039706230164 0.34355399012565613 -0.7233009934425354 5.453368186950684 0.029819000512361526 -0.8930870294570923 -0.4488939940929413 1.4456020593643188 0.0 0.0 0.0 1.0
-0.8027539849281311 -0.2954150140285492 0.5179929733276367 2.676208019256592 -0.5954939723014832 0.35168200731277466 -0.7222930192947388 5.448056221008301 0.031207000836730003 -0.8882849812507629 -0.45823198556900024 1.4525829553604126 0.0 0.0 0.0 1.0
-0.807125985622406 -0.294173002243042 0.5118690133094788 2.683645009994507 -0.5896220207214355 0.3577370047569275 -0.7241349816322327 5.449678897857666 0.029906999319791794 -0.8862770199775696 -0.46219000220298767 1.4542200565338135 0.0 0.0 0.0 1.0
-0.8103569746017456 -0.2931309938430786 0.5073419809341431 2.689868927001953 -0.5852029919624329 0.36157798767089844 -0.7258089780807495 5.454203128814697 0.02931400015950203 -0.8850619792938232 -0.4645490050315857 1.4550679922103882 0.0 0.0 0.0 1.0
-0.811926007270813 -0.2925339937210083 0.5051739811897278 2.6937520503997803 -0.5829920172691345 0.36191800236701965 -0.7274180054664612 5.460087776184082 0.029961999505758286 -0.8851209878921509 -0.4643949866294861 1.4549319744110107 0.0 0.0 0.0 1.0
-0.8146370053291321 -0.29214799404144287 0.5010150074958801 2.697535991668701 -0.5791339874267578 0.3633649945259094 -0.729773998260498 5.462309837341309 0.031150000169873238 -0.8846560120582581 -0.46520400047302246 1.4588830471038818 0.0 0.0 0.0 1.0
-0.8194299936294556 -0.2895379960536957 0.4946739971637726 2.7014689445495605 -0.57225501537323 0.3642500042915344 -0.7347419857978821 5.4682722091674805 0.03254999965429306 -0.8851490020751953 -0.4641669988632202 1.4608409404754639 0.0 0.0 0.0 1.0
-0.8250349760055542 -0.28444498777389526 0.48827099800109863 2.7019131183624268 -0.5641599893569946 0.3653010129928589 -0.7404580116271973 5.474269866943359 0.03225399926304817 -0.8863670229911804 -0.46185800433158875 1.4592640399932861 0.0 0.0 0.0 1.0
-0.8310019969940186 -0.27917298674583435 0.4811429977416992 2.703066110610962 -0.5554500222206116 0.3695000112056732 -0.7449460029602051 5.476632118225098 0.03018599934875965 -0.8863030076026917 -0.46212199330329895 1.4605309963226318 0.0 0.0 0.0 1.0
-0.8375599980354309 -0.2729850113391876 0.47325798869132996 2.7035460472106934 -0.5456240177154541 0.3734099864959717 -0.7502400279045105 5.482915878295898 0.028085000813007355 -0.8865910172462463 -0.4616999924182892 1.458752989768982 0.0 0.0 0.0 1.0
-0.8440709710121155 -0.2662859857082367 0.4654409885406494 2.705838918685913 -0.5356979966163635 0.3800550103187561 -0.7540460228919983 5.4827728271484375 0.023899000138044357 -0.8858050107955933 -0.46344199776649475 1.4643490314483643 0.0 0.0 0.0 1.0
-0.8513799905776978 -0.2566100060939789 0.4574970006942749 2.7112269401550293 -0.5241339802742004 0.38145801424980164 -0.7614279985427856 5.489017009735107 0.02087399922311306 -0.8880550265312195 -0.45926401019096375 1.4630379676818848 0.0 0.0 0.0 1.0
-0.8605319857597351 -0.24272699654102325 0.44784700870513916 2.7147250175476074 -0.5091260075569153 0.3812420070171356 -0.771651029586792 5.5102667808532715 0.016561999917030334 -0.892041027545929 -0.4516499936580658 1.4531400203704834 0.0 0.0 0.0 1.0
-0.8675000071525574 -0.24156500399112701 0.43484601378440857 2.726003885269165 -0.49698299169540405 0.3835110068321228 -0.7784129977226257 5.515807151794434 0.021268999204039574 -0.8913840055465698 -0.45274901390075684 1.4520200490951538 0.0 0.0 0.0 1.0
-0.8736940026283264 -0.23971900343894958 0.4233120083808899 2.725290060043335 -0.4858640134334564 0.3863750100135803 -0.7839959859848022 5.514317989349365 0.024382000789046288 -0.8906450271606445 -0.45404499769210815 1.4495179653167725 0.0 0.0 0.0 1.0
-0.8809430003166199 -0.23700200021266937 0.4095959961414337 2.722939968109131 -0.4723989963531494 0.38943201303482056 -0.7906839847564697 5.510115146636963 0.027884000912308693 -0.8900409936904907 -0.4550270140171051 1.4480409622192383 0.0 0.0 0.0 1.0
-0.8886020183563232 -0.23472699522972107 0.39406800270080566 2.7251150608062744 -0.45760199427604675 0.39481601119041443 -0.7966930270195007 5.503794193267822 0.03142099827528 -0.8882700204849243 -0.45824599266052246 1.448091983795166 0.0 0.0 0.0 1.0
-0.8963680267333984 -0.22878900170326233 0.37970998883247375 2.7278690338134766 -0.4421539902687073 0.39956700801849365 -0.8030229806900024 5.499256134033203 0.032003000378608704 -0.8876940011978149 -0.4593200087547302 1.449455976486206 0.0 0.0 0.0 1.0
-0.9020670056343079 -0.22270900011062622 0.3696970045566559 2.726412057876587 -0.4304470121860504 0.40176498889923096 -0.8082699775695801 5.492929935455322 0.031477998942136765 -0.8882489800453186 -0.458283007144928 1.4509769678115845 0.0 0.0 0.0 1.0
-0.9086520075798035 -0.21376599371433258 0.35868600010871887 2.7292659282684326 -0.416469007730484 0.4020780026912689 -0.8154060244560242 5.48914098739624 0.03008599951863289 -0.8903020024299622 -0.4543749988079071 1.4478720426559448 0.0 0.0 0.0 1.0
-0.9139009714126587 -0.21070200204849243 0.3469710052013397 2.73221492767334 -0.4046480059623718 0.4048070013523102 -0.8199939727783203 5.48401403427124 0.03231799975037575 -0.8897960186004639 -0.4552139937877655 1.448855996131897 0.0 0.0 0.0 1.0
-0.9192799925804138 -0.20395299792289734 0.33664199709892273 2.7358078956604004 -0.3923889994621277 0.4076780080795288 -0.824517011642456 5.475008964538574 0.030920999124646187 -0.8900570273399353 -0.45479899644851685 1.4462690353393555 0.0 0.0 0.0 1.0
-0.9257190227508545 -0.1914210021495819 0.32619500160217285 2.7407898902893066 -0.3772970139980316 0.4074079990386963 -0.8316649794578552 5.470652103424072 0.02630399912595749 -0.8929600119590759 -0.4493680000305176 1.436622977256775 0.0 0.0 0.0 1.0
-0.9296410083770752 -0.1866060048341751 0.31772100925445557 2.741386890411377 -0.3676069974899292 0.4107860028743744 -0.8343390226364136 5.461263179779053 0.02517700009047985 -0.8924310207366943 -0.45048099756240845 1.4358270168304443 0.0 0.0 0.0 1.0
-0.9339439868927002 -0.18067200481891632 0.30839499831199646 2.743166923522949 -0.35667499899864197 0.41539499163627625 -0.8367980122566223 5.447927951812744 0.023080000653862953 -0.8915179967880249 -0.4523960053920746 1.4330270290374756 0.0 0.0 0.0 1.0
-0.9391989707946777 -0.17435799539089203 0.2958120107650757 2.753122091293335 -0.3426769971847534 0.42108801007270813 -0.8397960066795349 5.437375068664551 0.021862000226974487 -0.8901029825210571 -0.45523399114608765 1.431388020515442 0.0 0.0 0.0 1.0
-0.9422780275344849 -0.16941100358963013 0.2888120114803314 2.7562708854675293 -0.3342669904232025 0.42588600516319275 -0.8407660126686096 5.421734809875488 0.019433999434113503 -0.8887749910354614 -0.4579319953918457 1.4323810338974 0.0 0.0 0.0 1.0
-0.9461960196495056 -0.1608469933271408 0.28078699111938477 2.763500928878784 -0.32322099804878235 0.42807498574256897 -0.8439670205116272 5.408245086669922 0.015552000142633915 -0.8893139958381653 -0.4570319950580597 1.430042028427124 0.0 0.0 0.0 1.0
-0.9490829706192017 -0.15332600474357605 0.27519598603248596 2.769787073135376 -0.31485798954963684 0.4331069886684418 -0.844560980796814 5.390145778656006 0.010304000228643417 -0.8882060050964355 -0.4593299925327301 1.4378290176391602 0.0 0.0 0.0 1.0
-0.9506829977035522 -0.1450739949941635 0.2741450071334839 2.769798994064331 -0.31014499068260193 0.43465501070022583 -0.8455089926719666 5.3734660148620605 0.003502999898046255 -0.8888360261917114 -0.4582130014896393 1.4413750171661377 0.0 0.0 0.0 1.0
-0.9529250264167786 -0.13738499581813812 0.27029699087142944 2.769073009490967 -0.30320799350738525 0.43296900391578674 -0.8488839864730835 5.364465236663818 -0.0004070000140927732 -0.8908780217170715 -0.454243004322052 1.4298059940338135 0.0 0.0 0.0 1.0
-0.9573389887809753 -0.1303669959306717 0.2578909993171692 2.777904987335205 -0.28894901275634766 0.44257399439811707 -0.848904013633728 5.348083019256592 -0.0034660000819712877 -0.8872050046920776 -0.4613629877567291 1.431467056274414 0.0 0.0 0.0 1.0
-0.9639890193939209 -0.11848500370979309 0.238087996840477 2.8003389835357666 -0.2658349871635437 0.45457199215888977 -0.8501150012016296 5.328771114349365 -0.00750300008803606 -0.8827940225601196 -0.46970000863075256 1.4416810274124146 0.0 0.0 0.0 1.0
-0.9662349820137024 -0.10858599841594696 0.23366500437259674 2.7960619926452637 -0.2572929859161377 0.4551979899406433 -0.8524060249328613 5.31033992767334 -0.013803999871015549 -0.8837440013885498 -0.4677659869194031 1.4433579444885254 0.0 0.0 0.0 1.0
-0.9687960147857666 -0.10060200095176697 0.2265239953994751 2.7988839149475098 -0.24727299809455872 0.45512399077415466 -0.8554049730300903 5.293945789337158 -0.017040999606251717 -0.8847270011901855 -0.4657990038394928 1.447587013244629 0.0 0.0 0.0 1.0
-0.971231997013092 -0.09599599987268448 0.21793100237846375 2.799504041671753 -0.23757800459861755 0.4532630145549774 -0.8591330051422119 5.279994010925293 -0.01630599983036518 -0.8861929774284363 -0.46303001046180725 1.4471880197525024 0.0 0.0 0.0 1.0
-0.9740849733352661 -0.09183400124311447 0.20669899880886078 2.800539016723633 -0.22569899260997772 0.45434999465942383 -0.8617579936981201 5.265010833740234 -0.01477499958127737 -0.8860769867897034 -0.46330299973487854 1.4460309743881226 0.0 0.0 0.0 1.0
-0.9771130084991455 -0.08668500185012817 0.19425800442695618 2.7996890544891357 -0.21223600208759308 0.4589189887046814 -0.8627570271492004 5.251513957977295 -0.014360999688506126 -0.8842390179634094 -0.46681299805641174 1.4439560174942017 0.0 0.0 0.0 1.0
-0.9806380271911621 -0.0785129964351654 0.1793999969959259 2.8033719062805176 -0.19518700242042542 0.46597498655319214 -0.8629999756813049 5.232161998748779 -0.015838999301195145 -0.8813080191612244 -0.47227799892425537 1.4475200176239014 0.0 0.0 0.0 1.0
-0.9838640093803406 -0.07014700025320053 0.16459199786186218 2.812274932861328 -0.17813600599765778 0.4699069857597351 -0.8645550012588501 5.215418815612793 -0.016697000712156296 -0.8799239993095398 -0.474821001291275 1.4549369812011719 0.0 0.0 0.0 1.0
-0.9859529733657837 -0.06377699971199036 0.15436500310897827 2.8165700435638428 -0.1661739945411682 0.467536985874176 -0.8682140111923218 5.202041149139404 -0.016798999160528183 -0.8816699981689453 -0.4715679883956909 1.453050971031189 0.0 0.0 0.0 1.0
-0.9879040122032166 -0.06097999960184097 0.14257700741291046 2.8190970420837402 -0.15445800125598907 0.4685460031032562 -0.8698319792747498 5.187864780426025 -0.013762000016868114 -0.8813319802284241 -0.4722970128059387 1.455907940864563 0.0 0.0 0.0 1.0
-0.9935179948806763 -0.03851599991321564 0.10695700347423553 2.881524085998535 -0.11246000230312347 0.4704830050468445 -0.8752139806747437 5.169334888458252 -0.01661200076341629 -0.8815680146217346 -0.4717639982700348 1.4635889530181885 0.0 0.0 0.0 1.0
-0.9943079948425293 -0.035868000239133835 0.10033000260591507 2.8704559803009033 -0.1054219976067543 0.4677329957485199 -0.8775609731674194 5.1534271240234375 -0.015451000072062016 -0.8831419944763184 -0.4688510000705719 1.4710220098495483 0.0 0.0 0.0 1.0
-0.9957240223884583 -0.03212700039148331 0.08661399781703949 2.880146026611328 -0.09160599857568741 0.46458500623703003 -0.8807780146598816 5.137569904327393 -0.011943000368773937 -0.8849459886550903 -0.4655410051345825 1.4759019613265991 0.0 0.0 0.0 1.0
-0.9965590238571167 -0.029529999941587448 0.07744699716567993 2.885298013687134 -0.08233200013637543 0.4604879915714264 -0.883840024471283 5.125391960144043 -0.009564000181853771 -0.8871750235557556 -0.4613350033760071 1.47679603099823 0.0 0.0 0.0 1.0
-0.997422993183136 -0.024822000414133072 0.06731200218200684 2.8971140384674072 -0.07118699699640274 0.45901599526405334 -0.8855720162391663 5.112428188323975 -0.008914999663829803 -0.8880810141563416 -0.4596000015735626 1.4806280136108398 0.0 0.0 0.0 1.0
-0.9979869723320007 -0.019937999546527863 0.06020199880003929 2.9074759483337402 -0.06268200278282166 0.45427098870277405 -0.8886560201644897 5.0991621017456055 -0.009630000218749046 -0.8906400203704834 -0.4546070098876953 1.4824589490890503 0.0 0.0 0.0 1.0
-0.9986169934272766 -0.013675999827682972 0.05076099932193756 2.9245541095733643 -0.0514959990978241 0.44874298572540283 -0.8921759724617004 5.0901198387146 -0.010577999986708164 -0.8935559988021851 -0.44882699847221375 1.4829269647598267 0.0 0.0 0.0 1.0
-0.9989129900932312 -0.00913500040769577 0.04572099819779396 2.9332799911499023 -0.04500799998641014 0.444938987493515 -0.8944290280342102 5.077985763549805 -0.012172999791800976 -0.8955140113830566 -0.44486600160598755 1.4848829507827759 0.0 0.0 0.0 1.0
-0.9991700053215027 -0.002997000003233552 0.04061900079250336 2.940984010696411 -0.037808001041412354 0.43916600942611694 -0.8976100087165833 5.067176818847656 -0.015147999860346317 -0.8984010219573975 -0.4389150142669678 1.485461950302124 0.0 0.0 0.0 1.0
-0.9995999932289124 0.004021999891847372 0.02798300050199032 2.958678960800171 -0.023446999490261078 0.4350300133228302 -0.9001100063323975 5.053378105163574 -0.015793999657034874 -0.9004070162773132 -0.43476200103759766 1.4928929805755615 0.0 0.0 0.0 1.0
-0.9998700022697449 0.009961999952793121 0.01266700029373169 2.974705934524536 -0.007211000192910433 0.42638298869132996 -0.9045140147209167 5.050971984863281 -0.014410999603569508 -0.9044880270957947 -0.426256000995636 1.4902369976043701 0.0 0.0 0.0 1.0
-0.9998980164527893 0.014140999875962734 0.002217999892309308 2.985084056854248 0.0039900001138448715 0.4241650104522705 -0.9055759906768799 5.038290977478027 -0.01374599989503622 -0.9054750204086304 -0.42417800426483154 1.496785044670105 0.0 0.0 0.0 1.0
-0.9997180104255676 0.021501999348402023 -0.010065999813377857 3.0010430812835693 0.018239999189972878 0.42418599128723145 -0.9053919911384583 5.020664215087891 -0.015197999775409698 -0.9053199887275696 -0.42445799708366394 1.506875991821289 0.0 0.0 0.0 1.0
-0.9995149970054626 0.024274999275803566 -0.019530000165104866 3.014599084854126 0.027922000735998154 0.41980600357055664 -0.9071850180625916 5.01145076751709 -0.013822999782860279 -0.9072890281677246 -0.42028000950813293 1.5057289600372314 0.0 0.0 0.0 1.0
-0.9991120100021362 0.03179699927568436 -0.02765600010752678 3.03039288520813 0.038451001048088074 0.4192749857902527 -0.9070450067520142 4.9977898597717285 -0.017246000468730927 -0.9073020219802856 -0.42012500762939453 1.5097730159759521 0.0 0.0 0.0 1.0
-0.9987549781799316 0.03725900128483772 -0.0331679992377758 3.0400590896606445 0.04574599862098694 0.4189920127391815 -0.906836986541748 4.986763000488281 -0.019890999421477318 -0.9072250127792358 -0.4201749861240387 1.5177359580993652 0.0 0.0 0.0 1.0
-0.998088002204895 0.04336300119757652 -0.04405900090932846 3.052746057510376 0.058045998215675354 0.4121910035610199 -0.9092469811439514 4.974073886871338 -0.02126700058579445 -0.9100649952888489 -0.41391998529434204 1.5191969871520996 0.0 0.0 0.0 1.0
-0.9974949955940247 0.046202998608350754 -0.05356200039386749 3.05953311920166 0.06771499663591385 0.40475499629974365 -0.9119150042533875 4.962189197540283 -0.02045300044119358 -0.9132570028305054 -0.40686899423599243 1.5211130380630493 0.0 0.0 0.0 1.0
-0.9964979887008667 0.049633000046014786 -0.06728799641132355 3.073168992996216 0.0815190002322197 0.397724986076355 -0.9138759970664978 4.9512248039245605 -0.01859699934720993 -0.9161610007286072 -0.4003779888153076 1.520975947380066 0.0 0.0 0.0 1.0
-0.9954209923744202 0.05187999829649925 -0.08028800040483475 3.080554962158203 0.09429600089788437 0.3951050043106079 -0.9137840270996094 4.937037944793701 -0.01568399928510189 -0.917169988155365 -0.3981879949569702 1.5207639932632446 0.0 0.0 0.0 1.0
-0.9937549829483032 0.056977998465299606 -0.095940001308918 3.0984489917755127 0.11065900325775146 0.39274799823760986 -0.9129639863967896 4.926966190338135 -0.014337999746203423 -0.9178789854049683 -0.39660099148750305 1.5166950225830078 0.0 0.0 0.0 1.0
-0.9930999875068665 0.06120000034570694 -0.10003499686717987 3.0954248905181885 0.11621399968862534 0.39937201142311096 -0.9093930125236511 4.908616065979004 -0.015704000368714333 -0.9147440195083618 -0.40372899174690247 1.5280580520629883 0.0 0.0 0.0 1.0
-0.9917410016059875 0.06493999809026718 -0.1105939969420433 3.105487108230591 0.12738700211048126 0.39886701107025146 -0.9081180095672607 4.896484851837158 -0.01486000046133995 -0.9147070050239563 -0.40384501218795776 1.525678038597107 0.0 0.0 0.0 1.0
-0.9903420209884644 0.0690549984574318 -0.12021800130605698 3.1119279861450195 0.13787099719047546 0.3993529975414276 -0.906370997428894 4.884535789489746 -0.014580000191926956 -0.9141929745674133 -0.40501800179481506 1.5249409675598145 0.0 0.0 0.0 1.0
-0.9892429709434509 0.07060600072145462 -0.1281130015850067 3.1131598949432373 0.14570899307727814 0.39824599027633667 -0.9056310057640076 4.875728130340576 -0.012922000139951706 -0.9145569801330566 -0.40424999594688416 1.5242600440979004 0.0 0.0 0.0 1.0
-0.987159013748169 0.07321099936962128 -0.14197500050067902 3.122792959213257 0.15945099294185638 0.39823898673057556 -0.9033160209655762 4.860787868499756 -0.009592000395059586 -0.914355993270874 -0.4047990143299103 1.5234689712524414 0.0 0.0 0.0 1.0
-0.9854469895362854 0.07618600130081177 -0.15194900333881378 3.1285839080810547 0.16978000104427338 0.39791300892829895 -0.9015759825706482 4.848229885101318 -0.008225000463426113 -0.9142540097236633 -0.40505799651145935 1.5237610340118408 0.0 0.0 0.0 1.0
-0.9837210178375244 0.07828400284051895 -0.16175200045108795 3.131381034851074 0.1795949935913086 0.3975220024585724 -0.8998450040817261 4.834574222564697 -0.006142999976873398 -0.9142469763755798 -0.4051100015640259 1.5275629758834839 0.0 0.0 0.0 1.0
-0.9818819761276245 0.0800589993596077 -0.17174899578094482 3.134119987487793 0.18943999707698822 0.3934760093688965 -0.8996049761772156 4.823391914367676 -0.004443000070750713 -0.9158419966697693 -0.401513010263443 1.5239360332489014 0.0 0.0 0.0 1.0
-0.9800220131874084 0.08410900086164474 -0.18022699654102325 3.1411259174346924 0.19881699979305267 0.39018499851226807 -0.8990139961242676 4.807952880859375 -0.005293000023812056 -0.9168869853019714 -0.3991119861602783 1.5236519575119019 0.0 0.0 0.0 1.0
-0.9775350093841553 0.08838199824094772 -0.19134899973869324 3.1564040184020996 0.2106820046901703 0.3827889859676361 -0.8994920253753662 4.799600124359131 -0.006252999883145094 -0.9195989966392517 -0.39280998706817627 1.5124720335006714 0.0 0.0 0.0 1.0
-0.9760239720344543 0.09328100085258484 -0.19665999710559845 3.158776044845581 0.21745699644088745 0.37871599197387695 -0.8996040225028992 4.789665222167969 -0.009437999688088894 -0.9208009839057922 -0.3899199962615967 1.5010780096054077 0.0 0.0 0.0 1.0
-0.9735050201416016 0.10161200165748596 -0.2048500031232834 3.1701951026916504 0.22825400531291962 0.3780049979686737 -0.897225022315979 4.7707438468933105 -0.013735000044107437 -0.9202110171318054 -0.3911829888820648 1.5012929439544678 0.0 0.0 0.0 1.0
-0.9721810221672058 0.10894399881362915 -0.20735299587249756 3.1748158931732178 0.2332960069179535 0.37139201164245605 -0.8986889719963074 4.755209922790527 -0.020896999165415764 -0.9220619797706604 -0.386476993560791 1.5050289630889893 0.0 0.0 0.0 1.0
-0.9715510010719299 0.11079400032758713 -0.2093150019645691 3.182101011276245 0.23570199310779572 0.3662239909172058 -0.900180995464325 4.744222164154053 -0.02307800017297268 -0.923907995223999 -0.3819189965724945 1.498913049697876 0.0 0.0 0.0 1.0
-0.9705590009689331 0.11591599881649017 -0.2111389935016632 3.1841330528259277 0.23945100605487823 0.3694919943809509 -0.8978530168533325 4.728468894958496 -0.026061000302433968 -0.9219759702682495 -0.3863700032234192 1.494493007659912 0.0 0.0 0.0 1.0
-0.9680150151252747 0.12339600175619125 -0.21845099329948425 3.192064046859741 0.24925099313259125 0.37350401282310486 -0.8935149908065796 4.712504863739014 -0.0286640003323555 -0.9193850159645081 -0.39231398701667786 1.489395022392273 0.0 0.0 0.0 1.0
-0.9657800197601318 0.1306850016117096 -0.22403299808502197 3.1957640647888184 0.2574859857559204 0.37936899065971375 -0.888696014881134 4.694448947906494 -0.031147999688982964 -0.9159700274467468 -0.4000360071659088 1.4896279573440552 0.0 0.0 0.0 1.0
-0.9639549851417542 0.13347700238227844 -0.23016299307346344 3.2024519443511963 0.2642669975757599 0.37987199425697327 -0.8864880204200745 4.678188800811768 -0.030892999842762947 -0.9153590202331543 -0.4014529883861542 1.488347053527832 0.0 0.0 0.0 1.0
-0.963267982006073 0.1315159946680069 -0.23413200676441193 3.2107200622558594 0.26730799674987793 0.3861590027809143 -0.8828520178794861 4.665204048156738 -0.025697000324726105 -0.913008987903595 -0.40713000297546387 1.4811190366744995 0.0 0.0 0.0 1.0
-0.9627010226249695 0.13632500171661377 -0.23371100425720215 3.218108892440796 0.2694860100746155 0.4060690104961395 -0.8732039928436279 4.646183013916016 -0.024136999621987343 -0.9036170244216919 -0.4276619851589203 1.4864449501037598 0.0 0.0 0.0 1.0
-0.9618409872055054 0.13708999752998352 -0.23678599298000336 3.2224531173706055 0.2726849913597107 0.4092999994754791 -0.8706989884376526 4.631761074066162 -0.022446999326348305 -0.9020419716835022 -0.43106400966644287 1.4860730171203613 0.0 0.0 0.0 1.0
-0.9596580266952515 0.13550199568271637 -0.2463649958372116 3.2271900177001953 0.28061699867248535 0.4066309928894043 -0.8694279789924622 4.6179280281066895 -0.017629999667406082 -0.9034879803657532 -0.4282509982585907 1.486726999282837 0.0 0.0 0.0 1.0
-0.9560400247573853 0.13497400283813477 -0.26032501459121704 3.2351160049438477 0.2930450141429901 0.4078640043735504 -0.8647379875183105 4.602209091186523 -0.010540000163018703 -0.9030110239982605 -0.42948800325393677 1.4857009649276733 0.0 0.0 0.0 1.0
-0.951911985874176 0.13749900460243225 -0.2737849950790405 3.2410740852355957 0.30631598830223083 0.41003599762916565 -0.8590930104255676 4.586944103240967 -0.005863000173121691 -0.9016450047492981 -0.432437002658844 1.4860860109329224 0.0 0.0 0.0 1.0
-0.947484016418457 0.14064200222492218 -0.2872160077095032 3.2448949813842773 0.3197920024394989 0.4099240005016327 -0.8542219996452332 4.572052955627441 -0.0024029999040067196 -0.9012119770050049 -0.43337199091911316 1.4899040460586548 0.0 0.0 0.0 1.0
-0.942671000957489 0.1438169926404953 -0.3011449873447418 3.249413013458252 0.3337239921092987 0.40509501099586487 -0.851190984249115 4.560442924499512 -0.00042299999040551484 -0.9028930068016052 -0.4298669993877411 1.4893180131912231 0.0 0.0 0.0 1.0
-0.9371349811553955 0.14945200085639954 -0.3153440058231354 3.257889986038208 0.34896600246429443 0.4029490053653717 -0.8460819721221924 4.5492072105407715 0.0006189999985508621 -0.9029380083084106 -0.4297710061073303 1.4858640432357788 0.0 0.0 0.0 1.0
-0.9306470155715942 0.15958599746227264 -0.3292829990386963 3.2691879272460938 0.36591699719429016 0.4046419858932495 -0.8380749821662903 4.534530162811279 -0.0005029999883845448 -0.9004430174827576 -0.4349740147590637 1.485366940498352 0.0 0.0 0.0 1.0
-0.925544023513794 0.1685519963502884 -0.33905500173568726 3.27406907081604 0.37863099575042725 0.40615200996398926 -0.8316720128059387 4.521725177764893 -0.002471999963745475 -0.8981260061264038 -0.4397299885749817 1.485232949256897 0.0 0.0 0.0 1.0
-0.9192399978637695 0.17999400198459625 -0.3501420021057129 3.281212091445923 0.393638014793396 0.40483400225639343 -0.8253229856491089 4.512112140655518 -0.006804000120609999 -0.8964999914169312 -0.4429920017719269 1.478402018547058 0.0 0.0 0.0 1.0
-0.9132480025291443 0.18995900452136993 -0.3604069948196411 3.2820019721984863 0.40734198689460754 0.4104680120944977 -0.8158360123634338 4.505298137664795 -0.007040000054985285 -0.8918700218200684 -0.45223701000213623 1.4749239683151245 0.0 0.0 0.0 1.0
-0.9023029804229736 0.20306800305843353 -0.3802799880504608 3.2903010845184326 0.4310699999332428 0.4141460061073303 -0.801662027835846 4.489725112915039 -0.0053010000847280025 -0.8872690200805664 -0.46122199296951294 1.4765290021896362 0.0 0.0 0.0 1.0
-0.8928840160369873 0.21234799921512604 -0.3970719873905182 3.2935709953308105 0.4502660036087036 0.412647008895874 -0.7918220162391663 4.480593204498291 -0.004290999844670296 -0.8857939839363098 -0.4640600085258484 1.4753390550613403 0.0 0.0 0.0 1.0
-0.8833780288696289 0.22207699716091156 -0.4127050042152405 3.3013999462127686 0.46865200996398926 0.41308900713920593 -0.7808470129966736 4.470491886138916 -0.0029249999206513166 -0.8831980228424072 -0.4689910113811493 1.4750150442123413 0.0 0.0 0.0 1.0
-0.8746179938316345 0.23259299993515015 -0.4253750145435333 3.305880069732666 0.4848000109195709 0.41342398524284363 -0.7707459926605225 4.4627861976623535 -0.0034099998883903027 -0.8803300261497498 -0.4743500053882599 1.4734660387039185 0.0 0.0 0.0 1.0
-0.8653979897499084 0.24142399430274963 -0.4390900135040283 3.3089239597320557 0.5010690093040466 0.41022399067878723 -0.7620009779930115 4.456027030944824 -0.0038399999029934406 -0.8794490098953247 -0.47597700357437134 1.4714490175247192 0.0 0.0 0.0 1.0
-0.8551470041275024 0.2502259910106659 -0.4539940059185028 3.3114330768585205 0.5183680057525635 0.40554699301719666 -0.7528790235519409 4.449734210968018 -0.004273999948054552 -0.8791580200195312 -0.47651100158691406 1.4712029695510864 0.0 0.0 0.0 1.0
-0.8439649939537048 0.25950801372528076 -0.46944499015808105 3.314582109451294 0.5363820195198059 0.4016300141811371 -0.7422850131988525 4.443729877471924 -0.00408599991351366 -0.8782650232315063 -0.47815701365470886 1.4719029664993286 0.0 0.0 0.0 1.0
-0.833486020565033 0.2677150070667267 -0.48335200548171997 3.318142890930176 0.5525299906730652 0.39844200015068054 -0.7320889830589294 4.440206050872803 -0.0034030000679194927 -0.877252995967865 -0.4800170063972473 1.4688849449157715 0.0 0.0 0.0 1.0
-0.819599986076355 0.27989500761032104 -0.4999139904975891 3.3320069313049316 0.5729339718818665 0.3981209993362427 -0.7164120078086853 4.427781105041504 -0.0014939999673515558 -0.8735889792442322 -0.48666200041770935 1.4670159816741943 0.0 0.0 0.0 1.0
-0.8122050166130066 0.2875150144100189 -0.5075989961624146 3.3364720344543457 0.5833709836006165 0.40137800574302673 -0.7060980200767517 4.4235758781433105 0.0007259999983943999 -0.8696150183677673 -0.49372899532318115 1.4649180173873901 0.0 0.0 0.0 1.0
-0.8075060248374939 0.29403701424598694 -0.5113469958305359 3.3403940200805664 0.5898560285568237 0.405131995677948 -0.6985250115394592 4.4216508865356445 0.0017709999810904264 -0.865684986114502 -0.5005859732627869 1.4623039960861206 0.0 0.0 0.0 1.0
-0.8038089871406555 0.30167800188064575 -0.5127180218696594 3.3437249660491943 0.594880998134613 0.4115079939365387 -0.6904910206794739 4.417758941650391 0.002681999932974577 -0.8600299954414368 -0.5102369785308838 1.4624409675598145 0.0 0.0 0.0 1.0
-0.8016520142555237 0.3067309856414795 -0.5130980014801025 3.3474819660186768 0.5977820158004761 0.4158810079097748 -0.6853460073471069 4.416720867156982 0.0031709999311715364 -0.8561300039291382 -0.5167499780654907 1.4606690406799316 0.0 0.0 0.0 1.0
-0.8011839985847473 0.31063300371170044 -0.5114799737930298 3.348562002182007 0.5984119772911072 0.41962099075317383 -0.6825100183486938 4.4169511795043945 0.0026179999113082886 -0.8528929948806763 -0.5220800042152405 1.462162971496582 0.0 0.0 0.0 1.0
-0.8002899885177612 0.31246501207351685 -0.5117629766464233 3.3520898818969727 0.5996109843254089 0.41949498653411865 -0.681535005569458 4.418867111206055 0.0017259999876841903 -0.8522850275039673 -0.5230749845504761 1.4604949951171875 0.0 0.0 0.0 1.0
-0.8000879883766174 0.31301000714302063 -0.5117459893226624 3.3533709049224854 0.5998820066452026 0.418953001499176 -0.68163001537323 4.421392917633057 0.001041000010445714 -0.8523520231246948 -0.5229679942131042 1.4617069959640503 0.0 0.0 0.0 1.0
-0.8000530004501343 0.3128780126571655 -0.5118799805641174 3.354006052017212 0.5999280214309692 0.4178990125656128 -0.6822360157966614 4.425127029418945 0.0004569999873638153 -0.8529170155525208 -0.5220460295677185 1.4627959728240967 0.0 0.0 0.0 1.0
-0.800466001033783 0.312175989151001 -0.5116649866104126 3.353231906890869 0.5993779897689819 0.4178699851036072 -0.6827369928359985 4.4309210777282715 0.0006760000251233578 -0.8531889915466309 -0.5216019749641418 1.4639220237731934 0.0 0.0 0.0 1.0
-0.80000901222229 0.3138059973716736 -0.5113809704780579 3.351478099822998 0.5999869704246521 0.41817399859428406 -0.6820160150527954 4.436730861663818 -0.0001740000006975606 -0.8524410128593445 -0.5228229761123657 1.4664039611816406 0.0 0.0 0.0 1.0
-0.7991819977760315 0.31540998816490173 -0.5116869807243347 3.345897912979126 0.6010860204696655 0.41690799593925476 -0.6818230152130127 4.446743965148926 -0.0017269999952986836 -0.8524690270423889 -0.5227749943733215 1.4667600393295288 0.0 0.0 0.0 1.0
-0.7935730218887329 0.32048499584198 -0.5172340273857117 3.3438639640808105 0.6084669828414917 0.41364699602127075 -0.6772480010986328 4.454455852508545 -0.0030960000585764647 -0.8521649837493896 -0.5232639908790588 1.4659420251846313 0.0 0.0 0.0 1.0
-0.7883449792861938 0.3250960111618042 -0.5223270058631897 3.335829019546509 0.6152250170707703 0.4119409918785095 -0.6721630096435547 4.464501857757568 -0.0033489998895674944 -0.8512439727783203 -0.5247589945793152 1.467218041419983 0.0 0.0 0.0 1.0
-0.7804489731788635 0.32979100942611694 -0.5311650037765503 3.328932046890259 0.625216007232666 0.40922001004219055 -0.6645619869232178 4.474286079406738 -0.0018029999919235706 -0.8507500290870667 -0.5255669951438904 1.4694230556488037 0.0 0.0 0.0 1.0
-0.7713490128517151 0.3358530104160309 -0.5405769944190979 3.3199779987335205 0.6364060044288635 0.4032210111618042 -0.657571017742157 4.486118793487549 -0.0028750000055879354 -0.8512439727783203 -0.5247629880905151 1.467903971672058 0.0 0.0 0.0 1.0
-0.7616649866104126 0.3431609869003296 -0.549642026424408 3.31370210647583 0.6479600071907043 0.39859700202941895 -0.6490510106086731 4.495574951171875 -0.0036430000327527523 -0.8505060076713562 -0.5259529948234558 1.4709579944610596 0.0 0.0 0.0 1.0
-0.7549989819526672 0.34750598669052124 -0.5560719966888428 3.302488088607788 0.6557040214538574 0.39317598938941956 -0.6445649862289429 4.5088090896606445 -0.005355999805033207 -0.851265013217926 -0.5247089862823486 1.4753479957580566 0.0 0.0 0.0 1.0
-0.7441790103912354 0.351269006729126 -0.5681620240211487 3.298021078109741 0.6679440140724182 0.38243600726127625 -0.6384299993515015 4.521005153656006 -0.006974999792873859 -0.8546069860458374 -0.519228994846344 1.4748270511627197 0.0 0.0 0.0 1.0
-0.7360129952430725 0.35536500811576843 -0.5761939883232117 3.286086082458496 0.6769070029258728 0.37500500679016113 -0.6333780288696289 4.5372209548950195 -0.00900499988347292 -0.8562049865722656 -0.5165579915046692 1.4749070405960083 0.0 0.0 0.0 1.0
-0.7253190279006958 0.3613710105419159 -0.5859379768371582 3.2800979614257812 0.6883469820022583 0.36897701025009155 -0.6245269775390625 4.5481438636779785 -0.009488999843597412 -0.8563100099563599 -0.5163750052452087 1.4775769710540771 0.0 0.0 0.0 1.0
-0.7152379751205444 0.36223798990249634 -0.5976759791374207 3.269676923751831 0.6988289952278137 0.3603540062904358 -0.6178849935531616 4.565852165222168 -0.008445999585092068 -0.8596100211143494 -0.5108820199966431 1.4739940166473389 0.0 0.0 0.0 1.0
-0.6995350122451782 0.366890013217926 -0.6132230162620544 3.2656168937683105 0.7145640254020691 0.35075798630714417 -0.6052820086479187 4.576175212860107 -0.006978999823331833 -0.8616039752960205 -0.5075340270996094 1.473876953125 0.0 0.0 0.0 1.0
-0.6865509748458862 0.37098199129104614 -0.6253160238265991 3.2574410438537598 0.7270560264587402 0.34313398599624634 -0.5946829915046692 4.588520050048828 -0.006049000192433596 -0.8629199862480164 -0.5053039789199829 1.4729870557785034 0.0 0.0 0.0 1.0
-0.6727870106697083 0.37698298692703247 -0.636584997177124 3.252470016479492 0.7398139834403992 0.3362730145454407 -0.5827479958534241 4.596693992614746 -0.005619999952614307 -0.8630200028419495 -0.5051379799842834 1.4756560325622559 0.0 0.0 0.0 1.0
-0.6618260145187378 0.381879985332489 -0.6450989842414856 3.2471890449523926 0.7496160268783569 0.3281649947166443 -0.5747889876365662 4.607800006866455 -0.007801000028848648 -0.8639879822731018 -0.5034520030021667 1.476317048072815 0.0 0.0 0.0 1.0
-0.6500880122184753 0.3897179961204529 -0.6523079872131348 3.2447500228881836 0.7597560286521912 0.31924399733543396 -0.5664399862289429 4.612215995788574 -0.012507000006735325 -0.8638309836387634 -0.5036270022392273 1.4825890064239502 0.0 0.0 0.0 1.0
-0.641514003276825 0.3925429880619049 -0.6590669751167297 3.2415809631347656 0.7669379711151123 0.30995601415634155 -0.5619009733200073 4.620185852050781 -0.016287999227643013 -0.8659319877624512 -0.4998970031738281 1.4849250316619873 0.0 0.0 0.0 1.0
-0.6340050101280212 0.3946940004825592 -0.6650210022926331 3.2383930683135986 0.7730910181999207 0.30216899514198303 -0.5576949715614319 4.629551887512207 -0.019169999286532402 -0.8677039742469788 -0.49671098589897156 1.4886159896850586 0.0 0.0 0.0 1.0
-0.6257359981536865 0.39690399169921875 -0.6715059876441956 3.2352449893951416 0.7797769904136658 0.29619699716567993 -0.5515559911727905 4.633545875549316 -0.020016999915242195 -0.8687549829483032 -0.49483799934387207 1.4930670261383057 0.0 0.0 0.0 1.0
-0.6154530048370361 0.39516499638557434 -0.6819549798965454 3.240567922592163 0.7880139946937561 0.29108700156211853 -0.5424969792366028 4.629827976226807 -0.015867000445723534 -0.871271014213562 -0.49054598808288574 1.496358036994934 0.0 0.0 0.0 1.0
-0.6118850111961365 0.40041500329971313 -0.6821029782295227 3.2240710258483887 0.7907440066337585 0.2901799976825714 -0.5389990210533142 4.636929035186768 -0.01789099909365177 -0.8691740036010742 -0.4941819906234741 1.5145809650421143 0.0 0.0 0.0 1.0
-0.6038540005683899 0.4007500112056732 -0.6890280246734619 3.22377610206604 0.7968090176582336 0.28035101294517517 -0.5352550148963928 4.644545078277588 -0.021333999931812286 -0.8722400069236755 -0.4886130094528198 1.5165369510650635 0.0 0.0 0.0 1.0
-0.5942109823226929 0.40103399753570557 -0.6971989870071411 3.2240779399871826 0.8039820194244385 0.27142900228500366 -0.5290930271148682 4.649654865264893 -0.022943999618291855 -0.8749279975891113 -0.48370999097824097 1.522500991821289 0.0 0.0 0.0 1.0
-0.5827329754829407 0.4002400040626526 -0.707269012928009 3.2250869274139404 0.8123199939727783 0.2615799903869629 -0.5212600231170654 4.653769016265869 -0.023621000349521637 -0.8782849907875061 -0.4775550067424774 1.5230950117111206 0.0 0.0 0.0 1.0
-0.5713649988174438 0.4017240107059479 -0.7156530022621155 3.222048044204712 0.8203439712524414 0.25402000546455383 -0.5123569965362549 4.657597064971924 -0.024035999551415443 -0.8798249959945679 -0.4746899902820587 1.527474045753479 0.0 0.0 0.0 1.0
-0.5600100159645081 0.40032801032066345 -0.725346028804779 3.222259998321533 0.8281260132789612 0.24469000101089478 -0.5043150186538696 4.6617889404296875 -0.024406999349594116 -0.8830990195274353 -0.46855100989341736 1.5257459878921509 0.0 0.0 0.0 1.0
-0.547730028629303 0.4016200006008148 -0.7339569926261902 3.2231130599975586 0.836296021938324 0.23709000647068024 -0.49436599016189575 4.662693023681641 -0.02453400008380413 -0.8845850229263306 -0.46573400497436523 1.5284600257873535 0.0 0.0 0.0 1.0
-0.5385079979896545 0.4024380147457123 -0.74030601978302 3.2231199741363525 0.8423169851303101 0.23350399732589722 -0.48577600717544556 4.665996074676514 -0.022630000486969948 -0.8851659893989563 -0.46472400426864624 1.5306750535964966 0.0 0.0 0.0 1.0
-0.5265330076217651 0.4036270081996918 -0.7482309937477112 3.2246949672698975 0.8498920202255249 0.22800099849700928 -0.4750789999961853 4.663607120513916 -0.021157000213861465 -0.8860599994659424 -0.4630889892578125 1.5339490175247192 0.0 0.0 0.0 1.0
-0.5066220164299011 0.3957360088825226 -0.7659810185432434 3.251239061355591 0.8619269728660583 0.21146200597286224 -0.4608309864997864 4.65402889251709 -0.02039100043475628 -0.8936870098114014 -0.4482269883155823 1.5147370100021362 0.0 0.0 0.0 1.0
-0.5009239912033081 0.3983849883079529 -0.7683519721031189 3.247309923171997 0.8652139902114868 0.20801199972629547 -0.45621898770332336 4.661559104919434 -0.02192400023341179 -0.8933200240135193 -0.4488869905471802 1.5201419591903687 0.0 0.0 0.0 1.0
-0.49341899156570435 0.39917799830436707 -0.7727839946746826 3.2488150596618652 0.8695080280303955 0.20368100702762604 -0.44996699690818787 4.661002159118652 -0.02221599966287613 -0.8939639925956726 -0.4475879967212677 1.5245050191879272 0.0 0.0 0.0 1.0
-0.4850139915943146 0.39708200097084045 -0.7791579961776733 3.2501020431518555 0.8742780089378357 0.19983500242233276 -0.4423840045928955 4.657617092132568 -0.01995999924838543 -0.8957629799842834 -0.44408300518989563 1.5285170078277588 0.0 0.0 0.0 1.0
-0.4766109883785248 0.3966270089149475 -0.7845569849014282 3.251802921295166 0.8789380192756653 0.1970909982919693 -0.4343090057373047 4.656094074249268 -0.017629999667406082 -0.896573007106781 -0.442546010017395 1.5345629453659058 0.0 0.0 0.0 1.0
-0.4680820107460022 0.39302098751068115 -0.7914760112762451 3.256150007247925 0.8835489749908447 0.19242599606513977 -0.42698198556900024 4.656836986541748 -0.01551199983805418 -0.8991699814796448 -0.43732398748397827 1.5342650413513184 0.0 0.0 0.0 1.0
-0.4597040116786957 0.3905070126056671 -0.7976070046424866 3.255894899368286 0.8879290223121643 0.18598300218582153 -0.4207040071487427 4.661795139312744 -0.015946000814437866 -0.9016180038452148 -0.43224000930786133 1.532696008682251 0.0 0.0 0.0 1.0
-0.45097899436950684 0.38760998845100403 -0.8039759993553162 3.2564659118652344 0.8924270272254944 0.1818149983882904 -0.4129379987716675 4.66395902633667 -0.013883999548852444 -0.9037160277366638 -0.4279080033302307 1.5339670181274414 0.0 0.0 0.0 1.0
-0.44270598888397217 0.3840950131416321 -0.8102359771728516 3.2554900646209717 0.896586000919342 0.17747099697589874 -0.40575599670410156 4.664907932281494 -0.01205500029027462 -0.9060770273208618 -0.42294201254844666 1.5372480154037476 0.0 0.0 0.0 1.0
-0.4394010007381439 0.3788689970970154 -0.8144840002059937 3.2531049251556396 0.8982160091400146 0.17360100150108337 -0.4038200080394745 4.671850204467773 -0.011599999852478504 -0.9090219736099243 -0.4165869951248169 1.5385140180587769 0.0 0.0 0.0 1.0
-0.42448800802230835 0.37010499835014343 -0.8263369798660278 3.267720937728882 0.9054269790649414 0.17012299597263336 -0.38892099261283875 4.652554035186768 -0.0033629999961704016 -0.9132800102233887 -0.40731900930404663 1.535735011100769 0.0 0.0 0.0 1.0
-0.41805100440979004 0.36522001028060913 -0.8317739963531494 3.26767897605896 0.9084190130233765 0.17087000608444214 -0.3815459907054901 4.6500468254089355 0.002776999957859516 -0.9151049852371216 -0.403205007314682 1.5465580224990845 0.0 0.0 0.0 1.0
-0.41033899784088135 0.3597790002822876 -0.8379619717597961 3.26452898979187 0.9119269847869873 0.1651660054922104 -0.3756450116634369 4.649738788604736 0.003254000097513199 -0.9183019995689392 -0.3958669900894165 1.5547610521316528 0.0 0.0 0.0 1.0
-0.40390700101852417 0.34831199049949646 -0.845894992351532 3.267378091812134 0.9147999882698059 0.15432700514793396 -0.3732619881629944 4.652723789215088 0.0005329999839887023 -0.9245870113372803 -0.3809700012207031 1.552301049232483 0.0 0.0 0.0 1.0
-0.3982259929180145 0.34213799238204956 -0.8510919809341431 3.263978958129883 0.9172850251197815 0.1503559947013855 -0.3687559962272644 4.650485038757324 0.001800999976694584 -0.927541971206665 -0.37371399998664856 1.5693789720535278 0.0 0.0 0.0 1.0
-0.39562100172042847 0.3278529942035675 -0.8579019904136658 3.2635929584503174 0.918412983417511 0.14246200025081635 -0.3690829873085022 4.6572771072387695 0.001214000047184527 -0.933925986289978 -0.357464998960495 1.572877049446106 0.0 0.0 0.0 1.0
-0.39069101214408875 0.3178659975528717 -0.8638989925384521 3.2652130126953125 0.9205210208892822 0.136245995759964 -0.36616700887680054 4.658699035644531 0.001310999970883131 -0.9382950067520142 -0.3458319902420044 1.5834970474243164 0.0 0.0 0.0 1.0
-0.38557299971580505 0.3069410026073456 -0.8701270222663879 3.265950918197632 0.9226769804954529 0.1292250007390976 -0.3632749915122986 4.664813995361328 0.0009379999828524888 -0.9429150223731995 -0.3330329954624176 1.588109016418457 0.0 0.0 0.0 1.0
-0.3744809925556183 0.3013699948787689 -0.8768919706344604 3.26064395904541 0.9272339940071106 0.1224220022559166 -0.3539060056209564 4.66413688659668 0.0006939999875612557 -0.9456160068511963 -0.32528600096702576 1.5974960327148438 0.0 0.0 0.0 1.0
-0.3663659989833832 0.29343199729919434 -0.8829910159111023 3.2571280002593994 0.9304699897766113 0.11644800007343292 -0.3473680019378662 4.674367904663086 0.000893999997060746 -0.9488610029220581 -0.3156929910182953 1.607138991355896 0.0 0.0 0.0 1.0
-0.35355401039123535 0.27771300077438354 -0.8932380080223083 3.25764799118042 0.9354130029678345 0.10348200052976608 -0.3380739986896515 4.6744279861450195 -0.0014540000120177865 -0.9550740122795105 -0.2963629961013794 1.5971460342407227 0.0 0.0 0.0 1.0
-0.35099300742149353 0.2645469903945923 -0.898231029510498 3.252326011657715 0.936348021030426 0.09151700139045715 -0.3389340043067932 4.697988986968994 -0.007460999768227339 -0.9600210189819336 -0.2798300087451935 1.6028790473937988 0.0 0.0 0.0 1.0
-0.34365200996398926 0.24996399879455566 -0.9052190184593201 3.250765085220337 0.9390550255775452 0.08231300115585327 -0.33376699686050415 4.706117153167725 -0.008918000385165215 -0.9647499918937683 -0.2630169987678528 1.603672981262207 0.0 0.0 0.0 1.0
-0.33417901396751404 0.23943200707435608 -0.9115899801254272 3.2484190464019775 0.942467987537384 0.07583100348711014 -0.32558101415634155 4.71112585067749 -0.008828000165522099 -0.9679470062255859 -0.25099900364875793 1.6085970401763916 0.0 0.0 0.0 1.0
-0.3236599862575531 0.2366040050983429 -0.916113018989563 3.244678020477295 0.9461449980735779 0.07347699999809265 -0.31529301404953003 4.712166786193848 -0.007286999840289354 -0.968824028968811 -0.24764299392700195 1.6200419664382935 0.0 0.0 0.0 1.0
-0.31457701325416565 0.23336400091648102 -0.9200990200042725 3.2427101135253906 0.9492070078849792 0.07033299654722214 -0.3066900074481964 4.715508937835693 -0.006856999825686216 -0.9698429703712463 -0.24363599717617035 1.623128056526184 0.0 0.0 0.0 1.0
-0.30846500396728516 0.22795499861240387 -0.9235180020332336 3.2410531044006348 0.9512060284614563 0.0662740021944046 -0.3013550043106079 4.72300386428833 -0.00749000022187829 -0.9714140295982361 -0.23727500438690186 1.6228059530258179 0.0 0.0 0.0 1.0
-0.302947998046875 0.22280600666999817 -0.9265959858894348 3.2376089096069336 0.9529669880867004 0.06191499903798103 -0.29668301343917847 4.7327752113342285 -0.008732999674975872 -0.9728950262069702 -0.23108400404453278 1.625661015510559 0.0 0.0 0.0 1.0
-0.2937749922275543 0.21674799919128418 -0.9309759736061096 3.2358241081237793 0.9558449983596802 0.05898600071668625 -0.2878899872303009 4.736388206481934 -0.00748499995097518 -0.9744439721107483 -0.22450600564479828 1.6273260116577148 0.0 0.0 0.0 1.0
-0.2809140086174011 0.21671000123023987 -0.9349460005760193 3.233581066131592 0.9596859812736511 0.0538409985601902 -0.2758679986000061 4.733455181121826 -0.009445000439882278 -0.9747499823570251 -0.2230979949235916 1.631330966949463 0.0 0.0 0.0 1.0
-0.2777250111103058 0.22905200719833374 -0.9329540133476257 3.221298933029175 0.9605810046195984 0.053752001374959946 -0.27275198698043823 4.747539043426514 -0.01232600025832653 -0.9719290137290955 -0.23495100438594818 1.643833041191101 0.0 0.0 0.0 1.0
-0.2675119936466217 0.22824400663375854 -0.9361310005187988 3.2196130752563477 0.9634649753570557 0.05013100057840347 -0.2631010115146637 4.752038955688477 -0.01312199980020523 -0.9723129868507385 -0.23331500589847565 1.6388740539550781 0.0 0.0 0.0 1.0
-0.25539499521255493 0.2336210012435913 -0.9381870031356812 3.216749906539917 0.9667369723320007 0.04775400087237358 -0.2512759864330292 4.753386974334717 -0.013900999911129475 -0.9711549878120422 -0.23804600536823273 1.6417720317840576 0.0 0.0 0.0 1.0
-0.2439730018377304 0.23400400578975677 -0.9411259889602661 3.2151939868927 0.9696800112724304 0.04479299858212471 -0.2402379959821701 4.757874011993408 -0.01406100019812584 -0.9712030291557312 -0.2378380000591278 1.6329560279846191 0.0 0.0 0.0 1.0
-0.23405000567436218 0.2417680025100708 -0.9416840076446533 3.2095820903778076 0.9720569849014282 0.04021399840712547 -0.23127500712871552 4.766613006591797 -0.018045999109745026 -0.9695010185241699 -0.2444240003824234 1.6330660581588745 0.0 0.0 0.0 1.0
-0.22128599882125854 0.24939599633216858 -0.9427800178527832 3.2062180042266846 0.9750180244445801 0.03745900094509125 -0.2189439982175827 4.771152019500732 -0.019287999719381332 -0.9676769971847534 -0.25145500898361206 1.6288679838180542 0.0 0.0 0.0 1.0
-0.20558500289916992 0.26053500175476074 -0.9433220028877258 3.200171947479248 0.9784370064735413 0.03514299914240837 -0.20353199541568756 4.772625923156738 -0.01987599954009056 -0.9648249745368958 -0.26214200258255005 1.628451943397522 0.0 0.0 0.0 1.0
-0.19224600493907928 0.2696389853954315 -0.9435759782791138 3.1941659450531006 0.981115996837616 0.031950000673532486 -0.19076399505138397 4.778282165527344 -0.021290000528097153 -0.962431013584137 -0.2706890106201172 1.6252310276031494 0.0 0.0 0.0 1.0
-0.1790429949760437 0.2799060046672821 -0.9431840181350708 3.1906869411468506 0.983614981174469 0.030362000688910484 -0.1777079999446869 4.776372909545898 -0.021105000749230385 -0.9595469832420349 -0.28075599670410156 1.6235300302505493 0.0 0.0 0.0 1.0
-0.16874200105667114 0.28859901428222656 -0.9424629807472229 3.1889050006866455 0.9854459762573242 0.02946699969470501 -0.16741499304771423 4.777829170227051 -0.02054399996995926 -0.9569969773292542 -0.2893710136413574 1.614482045173645 0.0 0.0 0.0 1.0
-0.16026100516319275 0.3092480003833771 -0.9373800158500671 3.1842079162597656 0.9868580102920532 0.030314000323414803 -0.158720001578331 4.777010917663574 -0.020667999982833862 -0.9504979848861694 -0.31004199385643005 1.6223100423812866 0.0 0.0 0.0 1.0
-0.1499509960412979 0.31558799743652344 -0.936972975730896 3.182403087615967 0.9884139895439148 0.025327999144792557 -0.14965300261974335 4.775331974029541 -0.023497000336647034 -0.94855797290802 -0.3157300055027008 1.6057779788970947 0.0 0.0 0.0 1.0
-0.14205099642276764 0.3301379978656769 -0.9331830143928528 3.1777539253234863 0.9895169734954834 0.02255599945783615 -0.14264599978923798 4.776360034942627 -0.026043999940156937 -0.9436630010604858 -0.3298819959163666 1.6047890186309814 0.0 0.0 0.0 1.0
-0.13780300319194794 0.34635400772094727 -0.9279270172119141 3.1722218990325928 0.9900239706039429 0.02038699947297573 -0.13941599428653717 4.780632019042969 -0.029370000585913658 -0.9378830194473267 -0.3457080125808716 1.6017980575561523 0.0 0.0 0.0 1.0
-0.1363770067691803 0.3594290018081665 -0.9231529831886292 3.171359062194824 0.9900439977645874 0.016673000529408455 -0.13976700603961945 4.785820007324219 -0.03484499827027321 -0.933023989200592 -0.3581239879131317 1.593168020248413 0.0 0.0 0.0 1.0
-0.13149799406528473 0.37485599517822266 -0.91771000623703 3.168771982192993 0.9906259775161743 0.01513299997895956 -0.13576500117778778 4.7801408767700195 -0.037004999816417694 -0.9269599914550781 -0.3733310103416443 1.5901750326156616 0.0 0.0 0.0 1.0
-0.1286119967699051 0.39081498980522156 -0.9114400148391724 3.1662650108337402 0.9909420013427734 0.014832999557256699 -0.13347099721431732 4.775922775268555 -0.0386429987847805 -0.9203500151634216 -0.38918301463127136 1.5809379816055298 0.0 0.0 0.0 1.0
-0.1262110024690628 0.40452298521995544 -0.9057769775390625 3.1684730052948 0.9912490248680115 0.01582299917936325 -0.13105399906635284 4.7690839767456055 -0.038683000952005386 -0.9143909811973572 -0.4029799997806549 1.5649720430374146 0.0 0.0 0.0 1.0
-0.12439099699258804 0.4227910041809082 -0.8976500034332275 3.1644558906555176 0.9914550185203552 0.017136000096797943 -0.1293179988861084 4.763020992279053 -0.039292000234127045 -0.9060649871826172 -0.4213100075721741 1.5566469430923462 0.0 0.0 0.0 1.0
-0.12676000595092773 0.43871501088142395 -0.8896409869194031 3.164180040359497 0.9911860227584839 0.02120400033891201 -0.13077199459075928 4.763641834259033 -0.03850699961185455 -0.8983759880065918 -0.43753600120544434 1.5467360019683838 0.0 0.0 0.0 1.0
-0.1286260038614273 0.45610401034355164 -0.8805819749832153 3.162368059158325 0.9907270073890686 0.019917000085115433 -0.13439899682998657 4.766651153564453 -0.0437610000371933 -0.8897039890289307 -0.4544360041618347 1.529075026512146 0.0 0.0 0.0 1.0
-0.1335899978876114 0.46365898847579956 -0.875885009765625 3.1681969165802 0.9900630116462708 0.023271000012755394 -0.13868600130081177 4.771503925323486 -0.04391999915242195 -0.8857079744338989 -0.46216100454330444 1.5038959980010986 0.0 0.0 0.0 1.0
-0.1322679966688156 0.48226800560951233 -0.8659809827804565 3.1657440662384033 0.9901390075683594 0.023607000708580017 -0.1380849927663803 4.765614032745361 -0.04615100100636482 -0.8757060170173645 -0.48063498735427856 1.5005450248718262 0.0 0.0 0.0 1.0
-0.13255800306797028 0.4944869875907898 -0.8590180277824402 3.1679930686950684 0.9901750087738037 0.02713100053369999 -0.13718000054359436 4.755799770355225 -0.04452800005674362 -0.8687620162963867 -0.49322500824928284 1.4888429641723633 0.0 0.0 0.0 1.0
-0.13298699259757996 0.5058889985084534 -0.8522859811782837 3.1706159114837646 0.9901160001754761 0.029159000143408775 -0.1371850073337555 4.749516010284424 -0.04454899951815605 -0.8621060252189636 -0.5047670006752014 1.4776159524917603 0.0 0.0 0.0 1.0
-0.1391260027885437 0.5173130035400391 -0.8444120287895203 3.1704840660095215 0.9893249869346619 0.03527599945664406 -0.14139099419116974 4.748329162597656 -0.04335600137710571 -0.8550689816474915 -0.5166990160942078 1.4697990417480469 0.0 0.0 0.0 1.0
-0.14287200570106506 0.5269039869308472 -0.8378300070762634 3.1748640537261963 0.9888060092926025 0.03920299932360649 -0.14396299421787262 4.740393161773682 -0.04300900176167488 -0.8490200042724609 -0.5266069769859314 1.4630680084228516 0.0 0.0 0.0 1.0
-0.15088899433612823 0.5325070023536682 -0.8328679800033569 3.179382085800171 0.9875919818878174 0.044098999351263046 -0.15072399377822876 4.735177040100098 -0.043533001095056534 -0.8452759981155396 -0.5325530171394348 1.4535759687423706 0.0 0.0 0.0 1.0
-0.15727700293064117 0.540922999382019 -0.8262360095977783 3.1815340518951416 0.9865270256996155 0.04791000112891197 -0.15642400085926056 4.730661869049072 -0.04502800107002258 -0.8397070169448853 -0.5411700010299683 1.450708031654358 0.0 0.0 0.0 1.0
-0.16597600281238556 0.5452420115470886 -0.8216840028762817 3.187537908554077 0.9852380156517029 0.05626000091433525 -0.16168099641799927 4.728576183319092 -0.041926998645067215 -0.8363890051841736 -0.5465310215950012 1.4422789812088013 0.0 0.0 0.0 1.0
-0.16288399696350098 0.559810996055603 -0.8124529719352722 3.1866509914398193 0.9858109951019287 0.058479998260736465 -0.1573439985513687 4.709668159484863 -0.040571000427007675 -0.826554000377655 -0.5613930225372314 1.4469350576400757 0.0 0.0 0.0 1.0
-0.1706939935684204 0.5560529828071594 -0.8134300112724304 3.2017059326171875 0.9847260117530823 0.06750500202178955 -0.16049300134181976 4.710019111633301 -0.034331999719142914 -0.8284010291099548 -0.5590819716453552 1.4238539934158325 0.0 0.0 0.0 1.0
-0.17580099403858185 0.5621089935302734 -0.8081629872322083 3.2052500247955322 0.9839209914207458 0.07402999699115753 -0.16254299879074097 4.710159778594971 -0.03153799846768379 -0.8237429857254028 -0.5660859942436218 1.4225679636001587 0.0 0.0 0.0 1.0
-0.17882999777793884 0.5656890273094177 -0.8049939870834351 3.2111570835113525 0.9835230112075806 0.08075500279664993 -0.16174200177192688 4.704594135284424 -0.026489000767469406 -0.8206549882888794 -0.5708100199699402 1.4143060445785522 0.0 0.0 0.0 1.0
-0.1811619997024536 0.5738660097122192 -0.7986599802970886 3.213578939437866 0.9831770062446594 0.08644499629735947 -0.16090300679206848 4.698545932769775 -0.02329700067639351 -0.8143740296363831 -0.5798730254173279 1.412485957145691 0.0 0.0 0.0 1.0
-0.18192200362682343 0.5792700052261353 -0.7945759892463684 3.216623067855835 0.9831529855728149 0.09256800264120102 -0.15761199593544006 4.69113302230835 -0.017748000100255013 -0.8098629713058472 -0.5863509774208069 1.4123380184173584 0.0 0.0 0.0 1.0
-0.18478800356388092 0.5833920240402222 -0.7908899784088135 3.2191109657287598 0.9826329946517944 0.0958390012383461 -0.15889300405979156 4.687568187713623 -0.016898000612854958 -0.8065159916877747 -0.590969979763031 1.410912036895752 0.0 0.0 0.0 1.0
-0.18839199841022491 0.587336003780365 -0.7871119976043701 3.222588062286377 0.9819610118865967 0.0994419977068901 -0.1608249992132187 4.679985046386719 -0.016186000779271126 -0.803210973739624 -0.5954750180244446 1.4095230102539062 0.0 0.0 0.0 1.0
-0.19485600292682648 0.5888100266456604 -0.7844319939613342 3.2269599437713623 0.9807279706001282 0.10532599687576294 -0.16455699503421783 4.67299222946167 -0.014271999709308147 -0.8013799786567688 -0.5979859828948975 1.4115740060806274 0.0 0.0 0.0 1.0
-0.19978299736976624 0.5884019732475281 -0.7834979891777039 3.2326459884643555 0.9797120094299316 0.10704699903726578 -0.16942399740219116 4.6614837646484375 -0.015817999839782715 -0.8014510273933411 -0.5978509783744812 1.4124770164489746 0.0 0.0 0.0 1.0
-0.20020200312137604 0.5999469757080078 -0.7745850086212158 3.225656032562256 0.9795560240745544 0.10666199773550034 -0.17056599259376526 4.643784046173096 -0.019711999222636223 -0.7928979992866516 -0.6090360283851624 1.4348469972610474 0.0 0.0 0.0 1.0
-0.20946599543094635 0.5998389720916748 -0.7722160220146179 3.228416919708252 0.9775609970092773 0.11042699962854385 -0.17938999831676483 4.638835906982422 -0.022331999614834785 -0.792464017868042 -0.6095100045204163 1.4350470304489136 0.0 0.0 0.0 1.0
-0.21904100477695465 0.5999540090560913 -0.7694640159606934 3.2351059913635254 0.9754109978675842 0.11494500190019608 -0.18804499506950378 4.636478900909424 -0.024372000247240067 -0.791733980178833 -0.6103799939155579 1.4344489574432373 0.0 0.0 0.0 1.0
-0.22634799778461456 0.5998299717903137 -0.7674440145492554 3.24047589302063 0.9737359881401062 0.11945399641990662 -0.19382700324058533 4.62937593460083 -0.024589000269770622 -0.791159987449646 -0.6111149787902832 1.4328019618988037 0.0 0.0 0.0 1.0
-0.23260900378227234 0.6004170179367065 -0.7651090025901794 3.2421770095825195 0.972258985042572 0.12364400178194046 -0.1985580027103424 4.621895790100098 -0.024615999311208725 -0.7900699973106384 -0.6125220060348511 1.4363900423049927 0.0 0.0 0.0 1.0
-0.24040499329566956 0.5971519947052002 -0.7652549743652344 3.24678897857666 0.9703519940376282 0.12758000195026398 -0.20528200268745422 4.61690092086792 -0.024953000247478485 -0.7919179797172546 -0.6101179718971252 1.437237024307251 0.0 0.0 0.0 1.0
-0.2469480037689209 0.5913339853286743 -0.7676849961280823 3.256589889526367 0.9687700271606445 0.13235999643802643 -0.20967799425125122 4.606924057006836 -0.02237899973988533 -0.795490026473999 -0.6055529713630676 1.4352569580078125 0.0 0.0 0.0 1.0
-0.2552410066127777 0.587565004825592 -0.7678670287132263 3.261820077896118 0.9666900038719177 0.1394290030002594 -0.21464000642299652 4.598905086517334 -0.01905200071632862 -0.797074019908905 -0.6035810112953186 1.4358700513839722 0.0 0.0 0.0 1.0
-0.2676680088043213 0.5841919779777527 -0.7662069797515869 3.265810012817383 0.9633299708366394 0.14684100449085236 -0.2245739996433258 4.59630823135376 -0.01868399977684021 -0.7982209920883179 -0.6020749807357788 1.4362239837646484 0.0 0.0 0.0 1.0
-0.2784999907016754 0.5796340107917786 -0.7658079862594604 3.273437976837158 0.960316002368927 0.15548400580883026 -0.23155200481414795 4.582508087158203 -0.01514500007033348 -0.7999060153961182 -0.599934995174408 1.4372309446334839 0.0 0.0 0.0 1.0
-0.2996790111064911 0.5737919807434082 -0.7622039914131165 3.27962589263916 0.9539229869842529 0.16771000623703003 -0.24880599975585938 4.587625026702881 -0.014933000318706036 -0.8016459941864014 -0.5976120233535767 1.4364449977874756 0.0 0.0 0.0 1.0
-0.3186349868774414 0.5722839832305908 -0.7556210160255432 3.2829020023345947 0.9477130174636841 0.17749899625778198 -0.2652049958705902 4.580313205718994 -0.017650000751018524 -0.8006160259246826 -0.5989180207252502 1.4361310005187988 0.0 0.0 0.0 1.0
-0.3429130017757416 0.5692340135574341 -0.7472500205039978 3.287137985229492 0.939208984375 0.1931850016117096 -0.28384000062942505 4.577869892120361 -0.017212999984622 -0.7991570234298706 -0.600875973701477 1.4350030422210693 0.0 0.0 0.0 1.0
-0.3650209903717041 0.5656290054321289 -0.7394750118255615 3.294980049133301 0.9308599829673767 0.20799000561237335 -0.3003999888896942 4.568562030792236 -0.016110999509692192 -0.7979999780654907 -0.6024420261383057 1.4351580142974854 0.0 0.0 0.0 1.0
-0.3880090117454529 0.5612310171127319 -0.7310730218887329 3.29913592338562 0.9214940071105957 0.22137199342250824 -0.31912899017333984 4.56705904006958 -0.01726599968969822 -0.7975050210952759 -0.6030660271644592 1.4332890510559082 0.0 0.0 0.0 1.0
-0.40750598907470703 0.5566620230674744 -0.7239239811897278 3.307440996170044 0.9130809903144836 0.23545999825000763 -0.33292800188064575 4.556481838226318 -0.014872999861836433 -0.796671986579895 -0.6042289733886719 1.4329639673233032 0.0 0.0 0.0 1.0
-0.42581498622894287 0.5520820021629333 -0.716858983039856 3.3192100524902344 0.9046689867973328 0.2457839995622635 -0.34808701276779175 4.54960298538208 -0.01597999967634678 -0.7967410087585449 -0.6041100025177002 1.4316380023956299 0.0 0.0 0.0 1.0
-0.4423539936542511 0.5473489761352539 -0.710444986820221 3.3276638984680176 0.8967130184173584 0.2565470039844513 -0.3606800138950348 4.538365840911865 -0.015155999921262264 -0.7966129779815674 -0.6043000221252441 1.4314019680023193 0.0 0.0 0.0 1.0
-0.46458300948143005 0.5416269898414612 -0.7005730271339417 3.3309099674224854 0.8853520154953003 0.2682810127735138 -0.3797059953212738 4.540187835693359 -0.017709000036120415 -0.796658992767334 -0.604170024394989 1.430292010307312 0.0 0.0 0.0 1.0
-0.4810349941253662 0.5372440218925476 -0.6928020119667053 3.3387041091918945 0.876475989818573 0.27678099274635315 -0.39393100142478943 4.533121109008789 -0.019881999120116234 -0.7967190146446228 -0.6040229797363281 1.427191972732544 0.0 0.0 0.0 1.0
-0.49627500772476196 0.5307989716529846 -0.6869959831237793 3.356153964996338 0.8680520057678223 0.29059699177742004 -0.402539998292923 4.517471790313721 -0.014028999954462051 -0.796118974685669 -0.6049780249595642 1.4259510040283203 0.0 0.0 0.0 1.0
-0.512811005115509 0.5246559977531433 -0.6795290112495422 3.363996982574463 0.8583930134773254 0.3008140027523041 -0.4155380129814148 4.50929594039917 -0.013602999970316887 -0.796396017074585 -0.6046220064163208 1.423037052154541 0.0 0.0 0.0 1.0
-0.5293470025062561 0.5180929899215698 -0.671841025352478 3.3742740154266357 0.8483110070228577 0.31143900752067566 -0.4282209873199463 4.505931854248047 -0.012621000409126282 -0.7966089844703674 -0.6043639779090881 1.4195770025253296 0.0 0.0 0.0 1.0
-0.547980010509491 0.51317298412323 -0.6605839729309082 3.3771839141845703 0.8364099860191345 0.3251349925994873 -0.44125398993492126 4.502062797546387 -0.011660000309348106 -0.7943180203437805 -0.6073909997940063 1.4210280179977417 0.0 0.0 0.0 1.0
-0.5643879771232605 0.5065969824790955 -0.6517860293388367 3.3831660747528076 0.8254389762878418 0.3360599875450134 -0.45355600118637085 4.496799945831299 -0.010730000212788582 -0.7939919829368591 -0.607833981513977 1.419875979423523 0.0 0.0 0.0 1.0
-0.578682005405426 0.5008569955825806 -0.6436370015144348 3.3923070430755615 0.8154829740524292 0.34503600001335144 -0.4646899998188019 4.491127014160156 -0.010665000416338444 -0.7937840223312378 -0.6081069707870483 1.420259952545166 0.0 0.0 0.0 1.0
-0.5939729809761047 0.4952070116996765 -0.63400799036026 3.3982748985290527 0.8044000267982483 0.35413798689842224 -0.4769980013370514 4.486583232879639 -0.011686000041663647 -0.7933200001716614 -0.60869300365448 1.4217159748077393 0.0 0.0 0.0 1.0
-0.6119149923324585 0.48784101009368896 -0.6225519776344299 3.3989319801330566 0.790772020816803 0.3619529902935028 -0.49362900853157043 4.485874176025391 -0.015478000044822693 -0.7943559885025024 -0.6072559952735901 1.4226189851760864 0.0 0.0 0.0 1.0
-0.6265720129013062 0.48005399107933044 -0.6139659881591797 3.407304048538208 0.7791699767112732 0.3683199882507324 -0.5071830153465271 4.482777118682861 -0.01733900047838688 -0.7961710095405579 -0.6048229932785034 1.423496961593628 0.0 0.0 0.0 1.0
-0.642831027507782 0.473143994808197 -0.6024140119552612 3.407938003540039 0.7657690048217773 0.3772810101509094 -0.5208230018615723 4.480587005615234 -0.019145000725984573 -0.796110987663269 -0.6048480272293091 1.4261159896850586 0.0 0.0 0.0 1.0
-0.6629509925842285 0.46256399154663086 -0.5886690020561218 3.403101921081543 0.7484710216522217 0.39168301224708557 -0.5351409912109375 4.486886978149414 -0.016964999958872795 -0.7953739762306213 -0.6058819890022278 1.4318909645080566 0.0 0.0 0.0 1.0
-0.6748380064964294 0.4516960084438324 -0.5835790038108826 3.411350965499878 0.7378280162811279 0.39767199754714966 -0.5454049706459045 4.481680870056152 -0.014285000041127205 -0.79864102602005 -0.6016380190849304 1.430732011795044 0.0 0.0 0.0 1.0
-0.6871010065078735 0.44208601117134094 -0.5765870213508606 3.4140779972076416 0.7264360189437866 0.4032289981842041 -0.5565040111541748 4.478160858154297 -0.013526000082492828 -0.8012279868125916 -0.5982059836387634 1.4332029819488525 0.0 0.0 0.0 1.0
-0.7004370093345642 0.4320879876613617 -0.5680549740791321 3.4164440631866455 0.7135869860649109 0.408951997756958 -0.5688160061836243 4.47612190246582 -0.013472000136971474 -0.8037769794464111 -0.5947780013084412 1.4352240562438965 0.0 0.0 0.0 1.0
-0.7126340270042419 0.42298999428749084 -0.5596709847450256 3.4197840690612793 0.7013999819755554 0.41389000415802 -0.580286979675293 4.470956802368164 -0.01381400041282177 -0.806086003780365 -0.5916370153427124 1.4379420280456543 0.0 0.0 0.0 1.0
-0.7248409986495972 0.4112370014190674 -0.5527099967002869 3.4243030548095703 0.6887819766998291 0.4167740046977997 -0.5931940078735352 4.468378067016602 -0.01358800008893013 -0.8106679916381836 -0.5853480100631714 1.43635094165802 0.0 0.0 0.0 1.0
-0.736536979675293 0.4007039964199066 -0.5449299812316895 3.4268200397491455 0.6762940287590027 0.4222260117530823 -0.6036149859428406 4.464399814605713 -0.011788000352680683 -0.8131189942359924 -0.581978976726532 1.437978982925415 0.0 0.0 0.0 1.0
-0.7471799850463867 0.39067700505256653 -0.5376729965209961 3.429877996444702 0.6645349860191345 0.4261530041694641 -0.6138290166854858 4.460093021392822 -0.010677999816834927 -0.815945029258728 -0.5780320167541504 1.4375449419021606 0.0 0.0 0.0 1.0
-0.7575430274009705 0.3803879916667938 -0.5305020213127136 3.4326040744781494 0.6527159810066223 0.4296259880065918 -0.6240059733390808 4.455636978149414 -0.00944599974900484 -0.818979024887085 -0.5737460255622864 1.437345027923584 0.0 0.0 0.0 1.0
-0.7702770233154297 0.37057700753211975 -0.5189849734306335 3.4287490844726562 0.6376230120658875 0.43421098589897156 -0.6363160014152527 4.454661846160889 -0.010455000214278698 -0.8210570216178894 -0.5707510113716125 1.437175989151001 0.0 0.0 0.0 1.0
-0.780305027961731 0.36615800857543945 -0.5070030093193054 3.4292919635772705 0.6252790093421936 0.44090700149536133 -0.6439149975776672 4.4476752281188965 -0.01223399955779314 -0.8194689750671387 -0.5729929804801941 1.4450219869613647 0.0 0.0 0.0 1.0
-0.7916529774665833 0.3571679890155792 -0.4956980049610138 3.430612087249756 0.6107990145683289 0.44341498613357544 -0.6559780240058899 4.444189071655273 -0.01449500024318695 -0.8220790028572083 -0.5691890120506287 1.444620966911316 0.0 0.0 0.0 1.0
-0.8034129738807678 0.3474999964237213 -0.4834980070590973 3.42903208732605 0.5952119827270508 0.44714298844337463 -0.6676719784736633 4.440712928771973 -0.01582299917936325 -0.8242009878158569 -0.5660769939422607 1.4462939500808716 0.0 0.0 0.0 1.0
-0.8137210011482239 0.3379240036010742 -0.47293299436569214 3.4307260513305664 0.5810359716415405 0.45052000880241394 -0.6778110265731812 4.435998916625977 -0.01598300039768219 -0.8263409733772278 -0.5629439949989319 1.4473880529403687 0.0 0.0 0.0 1.0
-0.8239200115203857 0.3273729979991913 -0.4625830054283142 3.4312028884887695 0.5665150284767151 0.45458900928497314 -0.6873199939727783 4.4322052001953125 -0.01472499966621399 -0.8283569812774658 -0.5600069761276245 1.4480700492858887 0.0 0.0 0.0 1.0
-0.8347769975662231 0.3154740035533905 -0.4512479901313782 3.429979085922241 0.5504540205001831 0.4600889980792999 -0.6966469883918762 4.429164886474609 -0.012160000391304493 -0.8299360275268555 -0.5577260255813599 1.4489320516586304 0.0 0.0 0.0 1.0
-0.8444589972496033 0.3038859963417053 -0.44106900691986084 3.4301979541778564 0.535548985004425 0.4656670093536377 -0.7045149803161621 4.425171852111816 -0.008701999671757221 -0.8311489820480347 -0.5559830069541931 1.4497029781341553 0.0 0.0 0.0 1.0
-0.8533400297164917 0.2935369908809662 -0.4308669865131378 3.429335117340088 0.5213180184364319 0.47082000970840454 -0.7117270231246948 4.421384811401367 -0.006056999787688255 -0.8319640159606934 -0.5547959804534912 1.450732946395874 0.0 0.0 0.0 1.0
-0.8617730140686035 0.28211501240730286 -0.42161500453948975 3.429500102996826 0.5072870254516602 0.4748620092868805 -0.7191420197486877 4.418194770812988 -0.002672000089660287 -0.8336169719696045 -0.5523369908332825 1.4510899782180786 0.0 0.0 0.0 1.0
-0.8676319718360901 0.2738269865512848 -0.415010005235672 3.432723045349121 0.49720698595046997 0.47644999623298645 -0.7251070141792297 4.4125471115112305 -0.0008219999726861715 -0.8354719877243042 -0.5495319962501526 1.4530359506607056 0.0 0.0 0.0 1.0
-0.87322598695755 0.2668069899082184 -0.4077880084514618 3.430617094039917 0.4873160123825073 0.47763800621032715 -0.7310159802436829 4.409769058227539 -0.00026500000967644155 -0.8370640277862549 -0.5471050143241882 1.4565520286560059 0.0 0.0 0.0 1.0
-0.878699004650116 0.25682199001312256 -0.4024060070514679 3.4341750144958496 0.47737300395965576 0.47586798667907715 -0.738690972328186 4.406486988067627 0.0017810000572353601 -0.8411849737167358 -0.5407450199127197 1.4544320106506348 0.0 0.0 0.0 1.0
-0.8837760090827942 0.24692699313163757 -0.3974510133266449 3.435292959213257 0.46788400411605835 0.4754759967327118 -0.7449880242347717 4.401854991912842 0.005020999815315008 -0.8443639874458313 -0.5357469916343689 1.4561280012130737 0.0 0.0 0.0 1.0
-0.8894069790840149 0.2362940013408661 -0.3913060128688812 3.434946060180664 0.4570479989051819 0.47441500425338745 -0.7523540258407593 4.400109767913818 0.00786499958485365 -0.8479949831962585 -0.5299460291862488 1.4576189517974854 0.0 0.0 0.0 1.0
-0.8956170082092285 0.2254589945077896 -0.3834550082683563 3.4354469776153564 0.4447129964828491 0.4732219874858856 -0.760453999042511 4.399318218231201 0.010007999837398529 -0.8516039848327637 -0.5240910053253174 1.4592269659042358 0.0 0.0 0.0 1.0
-0.9017860293388367 0.21531599760055542 -0.3747270107269287 3.43757700920105 0.43203800916671753 0.4715000092983246 -0.7687849998474121 4.397439002990723 0.011152000166475773 -0.8551769852638245 -0.5182170271873474 1.4568639993667603 0.0 0.0 0.0 1.0
-0.9078519940376282 0.20791499316692352 -0.36410900950431824 3.4403910636901855 0.4191260039806366 0.4743199944496155 -0.7741789817810059 4.392969131469727 0.011741000227630138 -0.8554480075836182 -0.5177549719810486 1.4631179571151733 0.0 0.0 0.0 1.0
-0.9162939786911011 0.19624699652194977 -0.3491309881210327 3.4376111030578613 0.40034401416778564 0.4736190140247345 -0.7844809889793396 4.395873069763184 0.011402999982237816 -0.8585870265960693 -0.5125409960746765 1.4622859954833984 0.0 0.0 0.0 1.0
-0.9222990274429321 0.18520300090312958 -0.33921098709106445 3.44229793548584 0.3862049877643585 0.4745649993419647 -0.7909700274467468 4.3927459716796875 0.01448800042271614 -0.8605160117149353 -0.5092170238494873 1.4609869718551636 0.0 0.0 0.0 1.0
-0.9278550148010254 0.1763319969177246 -0.3286220133304596 3.4448440074920654 0.3725759983062744 0.47727298736572266 -0.7958620190620422 4.392385005950928 0.016505999490618706 -0.8608819842338562 -0.508538007736206 1.4605319499969482 0.0 0.0 0.0 1.0
-0.9340599775314331 0.16933700442314148 -0.31441399455070496 3.435636043548584 0.35677599906921387 0.48083698749542236 -0.800940990447998 4.395205020904541 0.015553000383079052 -0.8603029847145081 -0.5095459818840027 1.4639650583267212 0.0 0.0 0.0 1.0
-0.9383580088615417 0.16201500594615936 -0.30534499883651733 3.43631911277771 0.3452340066432953 0.4833579957485199 -0.8044739961624146 4.389959812164307 0.017254000529646873 -0.8603000044822693 -0.5094959735870361 1.469162940979004 0.0 0.0 0.0 1.0
-0.9430789947509766 0.15214399993419647 -0.2957260012626648 3.4347190856933594 0.3319549858570099 0.48462599515914917 -0.8092859983444214 4.3896989822387695 0.02018900029361248 -0.8613880276679993 -0.5075460076332092 1.4678499698638916 0.0 0.0 0.0 1.0
-0.9468309879302979 0.1454160064458847 -0.28699201345443726 3.439419984817505 0.32101601362228394 0.48640498518943787 -0.812624990940094 4.386475086212158 0.021425999701023102 -0.8615480065345764 -0.507224977016449 1.468122959136963 0.0 0.0 0.0 1.0
-0.951295018196106 0.13864199817180634 -0.2753489911556244 3.4395649433135986 0.307574987411499 0.4873510003089905 -0.8172439932823181 4.383450984954834 0.020887000486254692 -0.8621299862861633 -0.5062569975852966 1.4713770151138306 0.0 0.0 0.0 1.0
-0.9550399780273438 0.13220100104808807 -0.26537200808525085 3.4400999546051025 0.2958050072193146 0.48514801263809204 -0.8228800296783447 4.380935192108154 0.01995900087058544 -0.8643810153007507 -0.5024409890174866 1.4743460416793823 0.0 0.0 0.0 1.0
-0.958603024482727 0.1257530003786087 -0.25547200441360474 3.4414238929748535 0.28414198756217957 0.4808099865913391 -0.8295090198516846 4.3792548179626465 0.018519999459385872 -0.8677600026130676 -0.4966380000114441 1.473695993423462 0.0 0.0 0.0 1.0
-0.9619070291519165 0.12049800157546997 -0.245387002825737 3.4418880939483643 0.27282801270484924 0.4799340069293976 -0.8338040113449097 4.375707149505615 0.017297999933362007 -0.8689900040626526 -0.49452701210975647 1.4752540588378906 0.0 0.0 0.0 1.0
-0.9649819731712341 0.11517799645662308 -0.23567700386047363 3.4403040409088135 0.2618339955806732 0.4773469865322113 -0.838798999786377 4.375326156616211 0.0158890001475811 -0.8711339831352234 -0.490788996219635 1.4745290279388428 0.0 0.0 0.0 1.0
-0.9667850136756897 0.11254999786615372 -0.22947800159454346 3.4416089057922363 0.25520700216293335 0.474355012178421 -0.8425300121307373 4.371132850646973 0.014027999714016914 -0.873108983039856 -0.48732298612594604 1.4747339487075806 0.0 0.0 0.0 1.0
-0.9680920243263245 0.110896997153759 -0.2247219979763031 3.443819046020508 0.25029900670051575 0.4715139865875244 -0.8455920219421387 4.368398189544678 0.01218700036406517 -0.874858021736145 -0.4842259883880615 1.476343035697937 0.0 0.0 0.0 1.0
-0.9697650074958801 0.1102909967303276 -0.21769599616527557 3.4411590099334717 0.2438639998435974 0.4718509912490845 -0.8472819924354553 4.361382961273193 0.009273000061511993 -0.8747529983520508 -0.48447999358177185 1.4858030080795288 0.0 0.0 0.0 1.0
-0.970782995223999 0.10774300247430801 -0.21441100537776947 3.441206932067871 0.23982299864292145 0.4658539891242981 -0.8517429828643799 4.358726978302002 0.00811500009149313 -0.8782780170440674 -0.47808200120925903 1.4849929809570312 0.0 0.0 0.0 1.0
-0.9709320068359375 0.10728099942207336 -0.21396499872207642 3.445204019546509 0.23923900723457336 0.46262699365615845 -0.8536630272865295 4.353764057159424 0.007404000032693148 -0.8800380229949951 -0.4748449921607971 1.4845809936523438 0.0 0.0 0.0 1.0
-0.9713029861450195 0.10604599863290787 -0.21289700269699097 3.4474639892578125 0.23773400485515594 0.4604319930076599 -0.8552690148353577 4.349427223205566 0.007327000144869089 -0.8813380002975464 -0.4724299907684326 1.4840070009231567 0.0 0.0 0.0 1.0
-0.9712399840354919 0.1049640029668808 -0.2137179970741272 3.4515490531921387 0.2379709929227829 0.457738995552063 -0.8566470146179199 4.342875003814697 0.007910000160336494 -0.8828690052032471 -0.46955299377441406 1.4836430549621582 0.0 0.0 0.0 1.0
-0.9712939858436584 0.10239800065755844 -0.21471400558948517 3.454334020614624 0.23764300346374512 0.45808500051498413 -0.8565530180931091 4.336697101593018 0.010648000054061413 -0.8829910159111023 -0.4692699909210205 1.4829740524291992 0.0 0.0 0.0 1.0
-0.9708930253982544 0.10167200118303299 -0.21686099469661713 3.4569180011749268 0.23917800188064575 0.45934000611305237 -0.8554530143737793 4.328586101531982 0.012636999599635601 -0.8824229836463928 -0.4702880084514618 1.483741044998169 0.0 0.0 0.0 1.0
-0.9698410034179688 0.10112400352954865 -0.22176900506019592 3.4630188941955566 0.24325700104236603 0.45864400267601013 -0.8546770215034485 4.319408893585205 0.015285000205039978 -0.8828480243682861 -0.4694109857082367 1.4832090139389038 0.0 0.0 0.0 1.0
-0.9690679907798767 0.10114999860525131 -0.22511200606822968 3.467581033706665 0.24622100591659546 0.4583339989185333 -0.8539940118789673 4.311703205108643 0.016795000061392784 -0.8830059766769409 -0.4690620005130768 1.4832019805908203 0.0 0.0 0.0 1.0
-0.9681779742240906 0.10204699635505676 -0.22851400077342987 3.474416971206665 0.24970999360084534 0.4546380043029785 -0.8549559712409973 4.307631015777588 0.016644999384880066 -0.8848109841346741 -0.4656530022621155 1.4731930494308472 0.0 0.0 0.0 1.0
-0.9681789875030518 0.10454100370407104 -0.2273779958486557 3.4794580936431885 0.2498839944601059 0.45359599590301514 -0.8554589748382568 4.301267147064209 0.013706999830901623 -0.8850550055503845 -0.4652850031852722 1.470410943031311 0.0 0.0 0.0 1.0
-0.9675210118293762 0.10737200081348419 -0.22885499894618988 3.4857730865478516 0.2525489926338196 0.45017001032829285 -0.8564850091934204 4.293362140655518 0.01106099970638752 -0.88646399974823 -0.46266600489616394 1.4688940048217773 0.0 0.0 0.0 1.0
-0.9661679863929749 0.10778699815273285 -0.2343119978904724 3.492331027984619 0.25761500000953674 0.44707000255584717 -0.8565999865531921 4.286322116851807 0.012423000298440456 -0.8879809975624084 -0.4597119987010956 1.4660379886627197 0.0 0.0 0.0 1.0
-0.9637110233306885 0.10878200083971024 -0.2437800019979477 3.503340005874634 0.26647600531578064 0.4464130103588104 -0.8542280197143555 4.275469779968262 0.015901999548077583 -0.888189971446991 -0.45920100808143616 1.4637819528579712 0.0 0.0 0.0 1.0
-0.9616400003433228 0.1110140010714531 -0.25084900856018066 3.515522003173828 0.2736789882183075 0.4505789875984192 -0.8497520089149475 4.261415004730225 0.018693000078201294 -0.8858069777488708 -0.46367698907852173 1.4656460285186768 0.0 0.0 0.0 1.0
-0.9615970253944397 0.11100699752569199 -0.2510159909725189 3.527432918548584 0.27375900745391846 0.45352599024772644 -0.8481569886207581 4.248995780944824 0.019690999761223793 -0.8843029737472534 -0.466499000787735 1.4670950174331665 0.0 0.0 0.0 1.0
-0.9622799754142761 0.1029449999332428 -0.2518340051174164 3.5400290489196777 0.270689994096756 0.4551379978656769 -0.8482789993286133 4.2394700050354 0.027293000370264053 -0.8844500184059143 -0.4658359885215759 1.465636968612671 0.0 0.0 0.0 1.0
-0.9618819952011108 0.0958390012383461 -0.25612300634384155 3.553344964981079 0.2710239887237549 0.4589860141277313 -0.8460959792137146 4.229883193969727 0.03646799921989441 -0.8832589983940125 -0.46746501326560974 1.4642670154571533 0.0 0.0 0.0 1.0
-0.9604640007019043 0.09427600353956223 -0.26195698976516724 3.564565896987915 0.2753390073776245 0.46091100573539734 -0.8436520099639893 4.219726085662842 0.04120299965143204 -0.882423996925354 -0.46864598989486694 1.4645260572433472 0.0 0.0 0.0 1.0
-0.9564080238342285 0.09767500311136246 -0.2752169966697693 3.584599018096924 0.28844401240348816 0.4632909893989563 -0.8379510045051575 4.203216075897217 0.04565899819135666 -0.8808069825172424 -0.47126901149749756 1.4698350429534912 0.0 0.0 0.0 1.0
-0.95449298620224 0.10532700270414352 -0.279013991355896 3.595093011856079 0.29541799426078796 0.46214601397514343 -0.8361520171165466 4.191472053527832 0.04087600111961365 -0.8805270195007324 -0.4722299873828888 1.4722939729690552 0.0 0.0 0.0 1.0
-0.952996015548706 0.11496099829673767 -0.2803269922733307 3.6046090126037598 0.3013800084590912 0.4547489881515503 -0.8380770087242126 4.178114891052246 0.031132999807596207 -0.8831689953804016 -0.4680210053920746 1.4796069860458374 0.0 0.0 0.0 1.0
-0.9514340162277222 0.1187329962849617 -0.2840360105037689 3.6185779571533203 0.3069649934768677 0.4359380006790161 -0.8460090160369873 4.166916847229004 0.02337300032377243 -0.8921099901199341 -0.451213002204895 1.4802650213241577 0.0 0.0 0.0 1.0
-0.9505419731140137 0.11880200356245041 -0.28697699308395386 3.6322860717773438 0.3098610043525696 0.4262459874153137 -0.8498830199241638 4.154998779296875 0.021354999393224716 -0.8967729806900024 -0.44197699427604675 1.4797420501708984 0.0 0.0 0.0 1.0
-0.9512150287628174 0.11836899816989899 -0.28492000699043274 3.6363139152526855 0.3079479932785034 0.42091798782348633 -0.8532270193099976 4.1451191902160645 0.018931999802589417 -0.8993420004844666 -0.43683499097824097 1.4810190200805664 0.0 0.0 0.0 1.0
-0.950094997882843 0.11274100095033646 -0.29087701439857483 3.643420934677124 0.31093600392341614 0.4177500009536743 -0.8536999821662903 4.134847164154053 0.025266999378800392 -0.9015399813652039 -0.43195798993110657 1.4779880046844482 0.0 0.0 0.0 1.0
-0.9471669793128967 0.11311499774456024 -0.30013400316238403 3.6555089950561523 0.31941598653793335 0.41766300797462463 -0.8506060242652893 4.121825218200684 0.029139000922441483 -0.9015330076217651 -0.43172699213027954 1.4734840393066406 0.0 0.0 0.0 1.0
-0.944329023361206 0.11627200245857239 -0.3077720105648041 3.661210060119629 0.32752400636672974 0.42081698775291443 -0.845956027507782 4.10725212097168 0.031153999269008636 -0.899662971496582 -0.4354720115661621 1.472362995147705 0.0 0.0 0.0 1.0
-0.9385899901390076 0.11715900152921677 -0.32453399896621704 3.6683781147003174 0.34278199076652527 0.4239259958267212 -0.8383240103721619 4.091054916381836 0.039361000061035156 -0.8980870246887207 -0.4380530118942261 1.4687390327453613 0.0 0.0 0.0 1.0
-0.9302210211753845 0.12270300090312958 -0.3458789885044098 3.6793019771575928 0.36417099833488464 0.4253759980201721 -0.8285130262374878 4.0775628089904785 0.04546799883246422 -0.8966599702835083 -0.44037899374961853 1.4647940397262573 0.0 0.0 0.0 1.0
-0.9242870211601257 0.12702199816703796 -0.3599419891834259 3.6863090991973877 0.3785569965839386 0.4257679879665375 -0.8218370079994202 4.062084197998047 0.04885999858379364 -0.8958719968795776 -0.4416170120239258 1.4602210521697998 0.0 0.0 0.0 1.0
-0.919376015663147 0.13532400131225586 -0.3693709969520569 3.6906280517578125 0.3906089961528778 0.4252760112285614 -0.8164340257644653 4.050337791442871 0.046601999551057816 -0.8948900103569031 -0.44384801387786865 1.453861951828003 0.0 0.0 0.0 1.0
-0.9125080108642578 0.14740900695323944 -0.38157400488853455 3.6983718872070312 0.4066910147666931 0.4271189868450165 -0.8075709939002991 4.033771991729736 0.04393399879336357 -0.8920990228652954 -0.4496999979019165 1.4491219520568848 0.0 0.0 0.0 1.0
-0.9046249985694885 0.16029299795627594 -0.39491701126098633 3.6985740661621094 0.42418399453163147 0.42878401279449463 -0.7976289987564087 4.019646167755127 0.04148000106215477 -0.8890730142593384 -0.4558820128440857 1.4465850591659546 0.0 0.0 0.0 1.0
-0.893123984336853 0.1733819991350174 -0.41505199670791626 3.7028799057006836 0.4479149878025055 0.42743799090385437 -0.7852820158004761 4.003619194030762 0.04125500097870827 -0.8872630000114441 -0.459416002035141 1.443276047706604 0.0 0.0 0.0 1.0
-0.8806509971618652 0.18899600207805634 -0.43443500995635986 3.705404043197632 0.47205498814582825 0.42789000272750854 -0.770762026309967 3.9807019233703613 0.040219999849796295 -0.8838499784469604 -0.4660390019416809 1.4476100206375122 0.0 0.0 0.0 1.0
-0.8687189817428589 0.20520099997520447 -0.45080000162124634 3.7110118865966797 0.49435800313949585 0.41548898816108704 -0.7635310292243958 3.9639289379119873 0.030625000596046448 -0.8861500024795532 -0.46238601207733154 1.451509952545166 0.0 0.0 0.0 1.0
-0.8567479848861694 0.2180889993906021 -0.4673539996147156 3.720555067062378 0.5153399705886841 0.3974649906158447 -0.7592399716377258 3.9476819038391113 0.02017500065267086 -0.891323983669281 -0.4529170095920563 1.4501709938049316 0.0 0.0 0.0 1.0
-0.8457610011100769 0.23463299870491028 -0.479203999042511 3.728087902069092 0.5335190296173096 0.38327300548553467 -0.753961980342865 3.9328269958496094 0.006761999800801277 -0.8933359980583191 -0.44933900237083435 1.4502689838409424 0.0 0.0 0.0 1.0
-0.8336589932441711 0.2507860064506531 -0.4920560121536255 3.741334915161133 0.5522729754447937 0.3743189871311188 -0.7449020147323608 3.9144809246063232 -0.002624999964609742 -0.8927440047264099 -0.45055699348449707 1.4526209831237793 0.0 0.0 0.0 1.0
-0.823261022567749 0.2617909908294678 -0.5036929845809937 3.7525970935821533 0.5676379799842834 0.3714120090007782 -0.7347379922866821 3.896883964538574 -0.005270000081509352 -0.8907970190048218 -0.45437100529670715 1.4519670009613037 0.0 0.0 0.0 1.0
-0.8116729855537415 0.2783460021018982 -0.5135279893875122 3.7669930458068848 0.5839750170707703 0.3675830066204071 -0.723779022693634 3.8791210651397705 -0.012695999816060066 -0.8873590230941772 -0.46090400218963623 1.4532450437545776 0.0 0.0 0.0 1.0
-0.8030250072479248 0.2901949882507324 -0.5205159783363342 3.782841920852661 0.5956190228462219 0.36197298765182495 -0.7170860171318054 3.860301971435547 -0.01968199945986271 -0.8858680129051208 -0.46351900696754456 1.4578560590744019 0.0 0.0 0.0 1.0
-0.7985609769821167 0.29273098707199097 -0.5259360074996948 3.8019750118255615 0.6015239953994751 0.35669198632240295 -0.7148000001907349 3.8470919132232666 -0.021647000685334206 -0.8871750235557556 -0.46092501282691956 1.4561630487442017 0.0 0.0 0.0 1.0
-0.7948020100593567 0.29947900772094727 -0.5278279781341553 3.8175809383392334 0.6064339876174927 0.35901400446891785 -0.7094690203666687 3.8299710750579834 -0.02297299914062023 -0.8839809894561768 -0.46695899963378906 1.4585909843444824 0.0 0.0 0.0 1.0
-0.7916960120201111 0.3026210069656372 -0.5306959748268127 3.8348019123077393 0.6105589866638184 0.3622879981994629 -0.7042480111122131 3.812309980392456 -0.020855000242590904 -0.8815709948539734 -0.4715900123119354 1.4601919651031494 0.0 0.0 0.0 1.0
-0.7894449830055237 0.3008919954299927 -0.5350149869918823 3.8495121002197266 0.6136329770088196 0.3652479946613312 -0.7000349760055542 3.7974820137023926 -0.015220999717712402 -0.8809419870376587 -0.47297999262809753 1.4616060256958008 0.0 0.0 0.0 1.0
-0.7836830019950867 0.29889899492263794 -0.5445190072059631 3.868143081665039 0.6211029887199402 0.36510199308395386 -0.6934919953346252 3.783776044845581 -0.008479000069200993 -0.8816800117492676 -0.4717719852924347 1.460405945777893 0.0 0.0 0.0 1.0
-0.7772169709205627 0.29706698656082153 -0.5546939969062805 3.8844759464263916 0.6292290091514587 0.3639979958534241 -0.6867139935493469 3.76961088180542 -0.0020920000970363617 -0.8827559947967529 -0.4698280096054077 1.4605779647827148 0.0 0.0 0.0 1.0
-0.7720999717712402 0.29524698853492737 -0.5627530217170715 3.89524507522583 0.6354889869689941 0.36411699652671814 -0.6808609962463379 3.761121988296509 0.0038850000128149986 -0.8833159804344177 -0.46876099705696106 1.4589749574661255 0.0 0.0 0.0 1.0
-0.7641689777374268 0.29978200793266296 -0.5711190104484558 3.9097321033477783 0.6449980139732361 0.3617979884147644 -0.6731119751930237 3.751084089279175 0.00484299985691905 -0.8827419877052307 -0.46983399987220764 1.4557570219039917 0.0 0.0 0.0 1.0
-0.7511209845542908 0.3085300028324127 -0.5836319923400879 3.928795099258423 0.6601499915122986 0.35677701234817505 -0.6609929800033569 3.7385120391845703 0.004290999844670296 -0.8817700147628784 -0.47165998816490173 1.4551060199737549 0.0 0.0 0.0 1.0
-0.7400929927825928 0.3141680061817169 -0.5946090221405029 3.9465889930725098 0.6724889874458313 0.35165300965309143 -0.6512280106544495 3.7280020713806152 0.0045010000467300415 -0.8818380236625671 -0.4715310037136078 1.4520119428634644 0.0 0.0 0.0 1.0
-0.7277010083198547 0.32229501008987427 -0.6054559946060181 3.968674898147583 0.6858639717102051 0.3502329885959625 -0.6379089951515198 3.71648907661438 0.0064559997990727425 -0.8794670104980469 -0.47591501474380493 1.4496920108795166 0.0 0.0 0.0 1.0
-0.7111219763755798 0.3347949981689453 -0.6182370185852051 3.9909210205078125 0.7030270099639893 0.3481940031051636 -0.62009197473526 3.7013139724731445 0.007662999909371138 -0.8755990266799927 -0.4829789996147156 1.4508320093154907 0.0 0.0 0.0 1.0
-0.6966540217399597 0.3428899943828583 -0.6301590204238892 4.015672206878662 0.7173910140991211 0.3389529883861542 -0.6086549758911133 3.690598964691162 0.004892999771982431 -0.8760920166969299 -0.48211899399757385 1.4522370100021362 0.0 0.0 0.0 1.0
-0.6818839907646179 0.34798601269721985 -0.6433820128440857 4.044497966766357 0.7314580082893372 0.3264380097389221 -0.5986700057983398 3.6811890602111816 0.0016959999920800328 -0.8788310289382935 -0.4771299958229065 1.4479399919509888 0.0 0.0 0.0 1.0
-0.6665329933166504 0.35911598801612854 -0.6532760262489319 4.072826862335205 0.7454599738121033 0.3155139982700348 -0.5871449708938599 3.6703040599823 -0.004734999965876341 -0.8783429861068726 -0.4780080020427704 1.4467049837112427 0.0 0.0 0.0 1.0
-0.6527810096740723 0.3704180121421814 -0.6608080267906189 4.104292869567871 0.7573990225791931 0.3018769919872284 -0.578980028629303 3.65938401222229 -0.01498199999332428 -0.8784419894218445 -0.47761398553848267 1.4449069499969482 0.0 0.0 0.0 1.0
-0.6358659863471985 0.3832649886608124 -0.6699129939079285 4.136439800262451 0.7714899778366089 0.291032999753952 -0.5657770037651062 3.6379990577697754 -0.021875999867916107 -0.8765890002250671 -0.4807429909706116 1.450566053390503 0.0 0.0 0.0 1.0
-0.6290730237960815 0.3862980008125305 -0.6745679974555969 4.158130168914795 0.776868999004364 0.2820180058479309 -0.5629749894142151 3.631309986114502 -0.02723499946296215 -0.8782029747962952 -0.47751298546791077 1.4558089971542358 0.0 0.0 0.0 1.0
-0.6221889853477478 0.3851430118083954 -0.6815770268440247 4.194167137145996 0.7824059724807739 0.2760249972343445 -0.5582579970359802 3.617572069168091 -0.02687700092792511 -0.880611002445221 -0.47307801246643066 1.4494630098342896 0.0 0.0 0.0 1.0
-0.6214069724082947 0.3930079936981201 -0.6777899861335754 4.216980934143066 0.7829409837722778 0.2791709899902344 -0.5559380054473877 3.6019539833068848 -0.02926900051534176 -0.8761330246925354 -0.48118001222610474 1.453955054283142 0.0 0.0 0.0 1.0
-0.6225200295448303 0.39662599563598633 -0.6746529936790466 4.2361860275268555 0.782006025314331 0.2815749943256378 -0.5560410022735596 3.5911989212036133 -0.030574999749660492 -0.8737300038337708 -0.48544999957084656 1.4589849710464478 0.0 0.0 0.0 1.0
-0.618287980556488 0.39619600772857666 -0.6787850260734558 4.255764007568359 0.7855449914932251 0.2837260067462921 -0.5499269962310791 3.5754339694976807 -0.025289999321103096 -0.8732290267944336 -0.48665401339530945 1.4591039419174194 0.0 0.0 0.0 1.0
-0.6128939986228943 0.3960599899291992 -0.6837379932403564 4.268118858337402 0.7899439930915833 0.2866550087928772 -0.542048990726471 3.5650529861450195 -0.01868700049817562 -0.8723340034484863 -0.4885540008544922 1.4596689939498901 0.0 0.0 0.0 1.0
-0.6000069975852966 0.3979380130767822 -0.6940010190010071 4.282876968383789 0.799934983253479 0.2878279983997345 -0.5265539884567261 3.54709792137146 -0.009782999753952026 -0.8710910081863403 -0.491023987531662 1.459609031677246 0.0 0.0 0.0 1.0
-0.5888969898223877 0.4012660086154938 -0.7015600204467773 4.294741153717041 0.8081979751586914 0.2880040109157562 -0.5136820077896118 3.536062002182007 -0.0040710000321269035 -0.869504988193512 -0.49390700459480286 1.458050012588501 0.0 0.0 0.0 1.0
-0.5750550031661987 0.40392500162124634 -0.71144700050354 4.306875228881836 0.8181149959564209 0.2848359942436218 -0.4995569884777069 3.520443916320801 0.0008619999862276018 -0.8693180084228516 -0.494253009557724 1.453969955444336 0.0 0.0 0.0 1.0
-0.5574219822883606 0.40938499569892883 -0.7222769856452942 4.312020778656006 0.8302029967308044 0.28179699182510376 -0.48099198937416077 3.4991750717163086 0.006624000146985054 -0.8677530288696289 -0.49695199728012085 1.4562640190124512 0.0 0.0 0.0 1.0
-0.5458130240440369 0.4073050022125244 -0.7322499752044678 4.321164131164551 0.8377060294151306 0.284404993057251 -0.46622198820114136 3.4864230155944824 0.01836100034415722 -0.8678799867630005 -0.4964340031147003 1.4455070495605469 0.0 0.0 0.0 1.0
-0.5310400128364563 0.41249001026153564 -0.7401679754257202 4.330924034118652 0.8467599749565125 0.2908419966697693 -0.44543200731277466 3.468946933746338 0.031536001712083817 -0.863286018371582 -0.5037279725074768 1.4385169744491577 0.0 0.0 0.0 1.0
-0.5085449814796448 0.4327470064163208 -0.7443869709968567 4.344389915466309 0.8593909740447998 0.30850398540496826 -0.4077650010585785 3.429605007171631 0.05318700149655342 -0.847087025642395 -0.5287870168685913 1.4196289777755737 0.0 0.0 0.0 1.0
-0.5039939880371094 0.44683799147605896 -0.7391390204429626 4.346491813659668 0.8620740175247192 0.31286001205444336 -0.39868301153182983 3.414999008178711 0.05310099944472313 -0.838126003742218 -0.5428869724273682 1.4131200313568115 0.0 0.0 0.0 1.0
-0.498198002576828 0.4587010145187378 -0.7357940077781677 4.351286888122559 0.8655200004577637 0.31370100378990173 -0.3904699981212616 3.3979499340057373 0.05170999839901924 -0.831375002861023 -0.5533000230789185 1.4038660526275635 0.0 0.0 0.0 1.0
-0.49218299984931946 0.4708530008792877 -0.732155978679657 4.357234954833984 0.8691890239715576 0.3118250072002411 -0.3837659955024719 3.380354881286621 0.04760799929499626 -0.8252649903297424 -0.5627359747886658 1.3928940296173096 0.0 0.0 0.0 1.0
-0.48979198932647705 0.48612499237060547 -0.7237309813499451 4.360899925231934 0.8708710074424744 0.311924010515213 -0.3798519968986511 3.3624510765075684 0.041092999279499054 -0.81632399559021 -0.5761299729347229 1.3871890306472778 0.0 0.0 0.0 1.0
-0.4850510060787201 0.49943000078201294 -0.7178410291671753 4.3677568435668945 0.8736670017242432 0.3122749924659729 -0.3730820119380951 3.340939998626709 0.03783499822020531 -0.8081169724464417 -0.5878049731254578 1.3762249946594238 0.0 0.0 0.0 1.0
-0.4789769947528839 0.5160530209541321 -0.7101200222969055 4.369325160980225 0.8768600225448608 0.31923601031303406 -0.3594509959220886 3.3209760189056396 0.041200000792741776 -0.7948449850082397 -0.605413019657135 1.3709230422973633 0.0 0.0 0.0 1.0
-0.4679589867591858 0.5254740118980408 -0.7105569839477539 4.370697021484375 0.882902979850769 0.31317999958992004 -0.34985798597335815 3.3113911151885986 0.038690000772476196 -0.7910720109939575 -0.6104980111122131 1.3600759506225586 0.0 0.0 0.0 1.0
-0.4595229923725128 0.5337510108947754 -0.709892988204956 4.369586944580078 0.8874369859695435 0.3082990050315857 -0.3426479995250702 3.2980549335479736 0.03596999868750572 -0.7874400019645691 -0.6153410077095032 1.3618799448013306 0.0 0.0 0.0 1.0
-0.45025599002838135 0.5403550267219543 -0.7108340263366699 4.373045921325684 0.8923709988594055 0.2996949851512909 -0.33742600679397583 3.283874034881592 0.03070399910211563 -0.7862560153007507 -0.6171370148658752 1.3620669841766357 0.0 0.0 0.0 1.0
-0.4446110129356384 0.5462340116500854 -0.709892988204956 4.37427282333374 0.8953089714050293 0.29511499404907227 -0.3336600065231323 3.2720160484313965 0.027243999764323235 -0.7839229702949524 -0.6202600002288818 1.3655129671096802 0.0 0.0 0.0 1.0
-0.4423049986362457 0.5481230020523071 -0.7098780274391174 4.3744988441467285 0.8964419960975647 0.29448699951171875 -0.3311629891395569 3.2624809741973877 0.027532000094652176 -0.7828400135040283 -0.6216139793395996 1.3711169958114624 0.0 0.0 0.0 1.0
-0.43885698914527893 0.5475929975509644 -0.7124230265617371 4.376605033874512 0.8980609774589539 0.29362601041793823 -0.3275200128555298 3.2516400814056396 0.029837999492883682 -0.7835339903831482 -0.620631992816925 1.3777450323104858 0.0 0.0 0.0 1.0
-0.4384779930114746 0.5440959930419922 -0.7153300046920776 4.38129997253418 0.898248016834259 0.29168900847435 -0.3287369906902313 3.2449429035186768 0.029789000749588013 -0.7866880297660828 -0.6166319847106934 1.3820290565490723 0.0 0.0 0.0 1.0
-0.44016000628471375 0.5388810038566589 -0.7182379961013794 4.382306098937988 0.8975279927253723 0.287651002407074 -0.33421599864959717 3.2397689819335938 0.026498999446630478 -0.7917479872703552 -0.610273003578186 1.3902360200881958 0.0 0.0 0.0 1.0
-0.44290998578071594 0.5287539958953857 -0.724049985408783 4.383622169494629 0.896245002746582 0.2827189862728119 -0.34178200364112854 3.2382659912109375 0.023984000086784363 -0.8003060221672058 -0.5991129875183105 1.4000929594039917 0.0 0.0 0.0 1.0
-0.44296199083328247 0.5154880285263062 -0.7335230112075806 4.394524097442627 0.896265983581543 0.27484700083732605 -0.3480899930000305 3.2365260124206543 0.02216999977827072 -0.8116229772567749 -0.583761990070343 1.3999489545822144 0.0 0.0 0.0 1.0
-0.4423049986362457 0.5182809829711914 -0.7319499850273132 4.399188995361328 0.8966709971427917 0.2724820077419281 -0.348904013633728 3.2295260429382324 0.018611999228596687 -0.8106409907341003 -0.5852479934692383 1.4197839498519897 0.0 0.0 0.0 1.0
-0.4452719986438751 0.5095509886741638 -0.7362679839134216 4.402571201324463 0.8951740264892578 0.27162298560142517 -0.35339099168777466 3.2320339679718018 0.019917000085115433 -0.8164430260658264 -0.5770819783210754 1.4267020225524902 0.0 0.0 0.0 1.0
-0.445592999458313 0.499424010515213 -0.7429819703102112 4.407218933105469 0.8949509859085083 0.2694390118122101 -0.35561999678611755 3.237114906311035 0.022583000361919403 -0.8233940005302429 -0.5670199990272522 1.4338480234146118 0.0 0.0 0.0 1.0
-0.44389501214027405 0.4898900091648102 -0.7503100037574768 4.414299964904785 0.8957039713859558 0.26678699254989624 -0.35572299361228943 3.2401540279388428 0.02590700052678585 -0.829958975315094 -0.5572220087051392 1.441311001777649 0.0 0.0 0.0 1.0
-0.44347500801086426 0.48158198595046997 -0.7559159994125366 4.420723915100098 0.8958780169487 0.263619989156723 -0.35763901472091675 3.2423009872436523 0.027041999623179436 -0.8358129858970642 -0.5483480095863342 1.4499629735946655 0.0 0.0 0.0 1.0
-0.44717299938201904 0.47121700644493103 -0.7602570056915283 4.430654048919678 0.8941699862480164 0.25669699907302856 -0.36683401465415955 3.2492949962615967 0.022297000512480736 -0.8438379764556885 -0.5361350178718567 1.4574609994888306 0.0 0.0 0.0 1.0
-0.4676879942417145 0.44575798511505127 -0.7632610201835632 4.451569080352783 0.8838520050048828 0.2441830039024353 -0.3989729881286621 3.2687199115753174 0.00853000022470951 -0.861204981803894 -0.5081859827041626 1.4731839895248413 0.0 0.0 0.0 1.0
-0.47864800691604614 0.43129798769950867 -0.7647730112075806 4.469028949737549 0.8780050277709961 0.23660899698734283 -0.4160799980163574 3.2759909629821777 0.0014979999978095293 -0.8706309795379639 -0.49193400144577026 1.4796700477600098 0.0 0.0 0.0 1.0
-0.49549800157546997 0.4160650074481964 -0.7624769806861877 4.484996795654297 0.8686059713363647 0.2351209968328476 -0.436165988445282 3.287645101547241 -0.0021989999804645777 -0.8784120082855225 -0.4778989851474762 1.4858150482177734 0.0 0.0 0.0 1.0
-0.5116569995880127 0.4058459997177124 -0.7572950124740601 4.50078010559082 0.859184980392456 0.2387930005788803 -0.45252498984336853 3.2986109256744385 -0.002819000044837594 -0.8821939826011658 -0.4708769917488098 1.4921669960021973 0.0 0.0 0.0 1.0
-0.5337949991226196 0.3845140039920807 -0.7531350255012512 4.539122104644775 0.8456140160560608 0.24292400479316711 -0.47531598806381226 3.3097400665283203 0.00018899999849963933 -0.8905829787254333 -0.45482099056243896 1.484827995300293 0.0 0.0 0.0 1.0
-0.5461440086364746 0.37669798731803894 -0.7482150197029114 4.555859088897705 0.837677001953125 0.250793993473053 -0.48517999053001404 3.315579891204834 0.004881999921053648 -0.8917409777641296 -0.4525209963321686 1.4837199449539185 0.0 0.0 0.0 1.0
-0.5567219853401184 0.37484198808670044 -0.741320013999939 4.564309120178223 0.8306480050086975 0.26113998889923096 -0.49176299571990967 3.324035882949829 0.009254000149667263 -0.889549970626831 -0.456743985414505 1.4878820180892944 0.0 0.0 0.0 1.0
-0.5656449794769287 0.3679629862308502 -0.7380040287971497 4.574382781982422 0.8244929909706116 0.2697330117225647 -0.49744901061058044 3.33587908744812 0.01602100022137165 -0.8898580074310303 -0.45595601201057434 1.4863940477371216 0.0 0.0 0.0 1.0
-0.5747780203819275 0.36153900623321533 -0.734112024307251 4.593935012817383 0.8177559971809387 0.2867429852485657 -0.4990519881248474 3.3494060039520264 0.030074000358581543 -0.8871690034866333 -0.4604640007019043 1.486104965209961 0.0 0.0 0.0 1.0
-0.5820159912109375 0.35815298557281494 -0.7300570011138916 4.599106788635254 0.8124589920043945 0.293830007314682 -0.5035610198974609 3.360285997390747 0.034161001443862915 -0.8862230181694031 -0.46199899911880493 1.4886109828948975 0.0 0.0 0.0 1.0
-0.5933550000190735 0.3521899878978729 -0.7238039970397949 4.608603000640869 0.8040890097618103 0.3007209897041321 -0.5128440260887146 3.377742052078247 0.03704499825835228 -0.8863009810447693 -0.4616270065307617 1.4938139915466309 0.0 0.0 0.0 1.0
-0.6033710241317749 0.34711501002311707 -0.7179520130157471 4.614173889160156 0.7967699766159058 0.2998650074005127 -0.5246319770812988 3.38759708404541 0.033181000500917435 -0.8885899782180786 -0.45750099420547485 1.4963690042495728 0.0 0.0 0.0 1.0
-0.6281780004501343 0.3372119963169098 -0.701200008392334 4.6264967918396 0.7779499888420105 0.28805699944496155 -0.5584070086479187 3.4052650928497314 0.013683999888598919 -0.8962759971618652 -0.4432849884033203 1.5016720294952393 0.0 0.0 0.0 1.0
-0.6480460166931152 0.3287520110607147 -0.6869919896125793 4.627241134643555 0.7616009712219238 0.2787970006465912 -0.5850099921226501 3.4235010147094727 -0.0007919999770820141 -0.9023270010948181 -0.43105098605155945 1.5026379823684692 0.0 0.0 0.0 1.0
-0.6901159882545471 0.31792500615119934 -0.6501250267028809 4.60830020904541 0.7232990264892578 0.27316001057624817 -0.6342099905014038 3.4637210369110107 -0.024042999371886253 -0.9079139828681946 -0.4184669852256775 1.5338129997253418 0.0 0.0 0.0 1.0
-0.7149940133094788 0.2986980080604553 -0.6321099996566772 4.595177173614502 0.6983460187911987 0.2623099982738495 -0.6659629940986633 3.4873650074005127 -0.03311299905180931 -0.9175909757614136 -0.39614400267601013 1.5524940490722656 0.0 0.0 0.0 1.0
-0.7246119976043701 0.28683599829673767 -0.6266279816627502 4.590324878692627 0.6883370280265808 0.25688600540161133 -0.6783819794654846 3.4975039958953857 -0.033612001687288284 -0.9228950142860413 -0.3835830092430115 1.5546469688415527 0.0 0.0 0.0 1.0
-0.750095009803772 0.26175400614738464 -0.6073229908943176 4.575682163238525 0.6606150269508362 0.2538839876651764 -0.706492006778717 3.5202438831329346 -0.030736999586224556 -0.9311429858207703 -0.36335599422454834 1.5594979524612427 0.0 0.0 0.0 1.0
-0.7777690291404724 0.2298009991645813 -0.5850359797477722 4.558567047119141 0.6283280253410339 0.2595300078392029 -0.7333809733390808 3.5429039001464844 -0.016697000712156296 -0.937995970249176 -0.3462449908256531 1.5580430030822754 0.0 0.0 0.0 1.0
-0.796642005443573 0.2119089961051941 -0.5660880208015442 4.532559871673584 0.6044390201568604 0.2733460068702698 -0.7482879757881165 3.5648860931396484 -0.003831000067293644 -0.9382839798927307 -0.3458450138568878 1.5562130212783813 0.0 0.0 0.0 1.0
-0.805616021156311 0.20314599573612213 -0.5565199851989746 4.506856918334961 0.5924339890480042 0.2797450125217438 -0.7554889917373657 3.5814990997314453 0.0022090000566095114 -0.9383360147476196 -0.34571799635887146 1.5539569854736328 0.0 0.0 0.0 1.0
-0.817566990852356 0.21074999868869781 -0.5358800292015076 4.4799089431762695 0.5757579803466797 0.2841620147228241 -0.76665198802948 3.597059965133667 -0.00929499976336956 -0.9353269934654236 -0.35366299748420715 1.5557379722595215 0.0 0.0 0.0 1.0
-0.8386819958686829 0.2226019948720932 -0.49705201387405396 4.450293064117432 0.5438629984855652 0.2941960096359253 -0.7859140038490295 3.6099131107330322 -0.028714999556541443 -0.9294610023498535 -0.3678019940853119 1.560204029083252 0.0 0.0 0.0 1.0
-0.8489900231361389 0.22308500111103058 -0.4790070056915283 4.430813789367676 0.5276079773902893 0.3080190122127533 -0.7916780114173889 3.610434055328369 -0.029068000614643097 -0.9248549938201904 -0.37920698523521423 1.5581239461898804 0.0 0.0 0.0 1.0
-0.8582360148429871 0.2158149927854538 -0.4656769931316376 4.400119781494141 0.5124049782752991 0.30807000398635864 -0.8015829920768738 3.6225740909576416 -0.029532000422477722 -0.9265620112419128 -0.37498098611831665 1.5399240255355835 0.0 0.0 0.0 1.0
-0.863677978515625 0.20603199303150177 -0.4600119888782501 4.354755878448486 0.5036590099334717 0.3170759975910187 -0.8036119937896729 3.6192760467529297 -0.019711000844836235 -0.9257509708404541 -0.37762099504470825 1.526481032371521 0.0 0.0 0.0 1.0
-0.8731439709663391 0.18247100710868835 -0.4520229995250702 4.3179030418396 0.48746299743652344 0.32630598545074463 -0.8098790049552917 3.6125190258026123 -0.0002809999859891832 -0.9274849891662598 -0.3738600015640259 1.5125199556350708 0.0 0.0 0.0 1.0
-0.8832190036773682 0.16466200351715088 -0.4391019940376282 4.286201000213623 0.46873900294303894 0.33876100182533264 -0.815796971321106 3.6078948974609375 0.014419999904930592 -0.9263520240783691 -0.3763839900493622 1.5128719806671143 0.0 0.0 0.0 1.0
-0.8893219828605652 0.1565150022506714 -0.4296630024909973 4.272336006164551 0.45677998661994934 0.3480829894542694 -0.8186519742012024 3.604494094848633 0.02142699994146824 -0.9243059754371643 -0.3810499906539917 1.511970043182373 0.0 0.0 0.0 1.0
-0.8953070044517517 0.15335899591445923 -0.4182190001010895 4.262022018432617 0.4447839856147766 0.3590869903564453 -0.820501983165741 3.5995850563049316 0.024344999343156815 -0.9206179976463318 -0.38970500230789185 1.5112919807434082 0.0 0.0 0.0 1.0
-0.9031689763069153 0.15210899710655212 -0.4014340043067932 4.245973110198975 0.428725004196167 0.3673569858074188 -0.8253750205039978 3.600054979324341 0.021922999992966652 -0.9175570011138916 -0.3969990015029907 1.512218952178955 0.0 0.0 0.0 1.0
-0.9138270020484924 0.1390630006790161 -0.3815529942512512 4.217162132263184 0.4057770073413849 0.3504360020160675 -0.844120979309082 3.602468967437744 0.01632400043308735 -0.9262049794197083 -0.37666600942611694 1.5200979709625244 0.0 0.0 0.0 1.0
-0.9172390103340149 0.13941699266433716 -0.3731420040130615 4.205628871917725 0.39819198846817017 0.3461349904537201 -0.8494899868965149 3.602001905441284 0.010723999701440334 -0.9277679920196533 -0.3730039894580841 1.5269650220870972 0.0 0.0 0.0 1.0
-0.9203619956970215 0.14127999544143677 -0.3646549880504608 4.193150997161865 0.3910430073738098 0.34264901280403137 -0.8542109727859497 3.602328062057495 0.004265999887138605 -0.9287800192832947 -0.37060800194740295 1.5304559469223022 0.0 0.0 0.0 1.0
-0.9258360266685486 0.14407099783420563 -0.3493860065937042 4.175591945648193 0.3778339922428131 0.33262500166893005 -0.8640609979629517 3.6064250469207764 -0.008271999657154083 -0.9319890141487122 -0.36239200830459595 1.5352979898452759 0.0 0.0 0.0 1.0
-0.9294049739837646 0.1461540013551712 -0.3388870060443878 4.158080101013184 0.36871200799942017 0.32784798741340637 -0.86980801820755 3.6085779666900635 -0.016023000702261925 -0.9333570003509521 -0.3585920035839081 1.5395469665527344 0.0 0.0 0.0 1.0
-0.9322419762611389 0.14987200498580933 -0.3293359875679016 4.1377692222595215 0.3610219955444336 0.324321985244751 -0.874343991279602 3.611212968826294 -0.024228999391198158 -0.9339990019798279 -0.3564540147781372 1.5443899631500244 0.0 0.0 0.0 1.0
-0.9367730021476746 0.1467839926481247 -0.3176639974117279 4.120222091674805 0.34876298904418945 0.31730300188064575 -0.881862998008728 3.615957021713257 -0.02864699997007847 -0.936896026134491 -0.3484340012073517 1.5437519550323486 0.0 0.0 0.0 1.0
-0.9414730072021484 0.13987399637699127 -0.30669599771499634 4.107236862182617 0.3359360098838806 0.3142380118370056 -0.887919008731842 3.6172330379486084 -0.027821000665426254 -0.9389830231666565 -0.3428359925746918 1.5451380014419556 0.0 0.0 0.0 1.0
-0.9477970004081726 0.13743700087070465 -0.2877349853515625 4.0865278244018555 0.3172129988670349 0.31442001461982727 -0.8947150111198425 3.621577024459839 -0.03249799832701683 -0.9392820000648499 -0.34160301089286804 1.5534019470214844 0.0 0.0 0.0 1.0
-0.9537699818611145 0.1331540048122406 -0.2694309949874878 4.075735092163086 0.29842299222946167 0.31342101097106934 -0.9015049934387207 3.6229588985443115 -0.03559400141239166 -0.9402329921722412 -0.33866798877716064 1.5548369884490967 0.0 0.0 0.0 1.0
-0.9605309963226318 0.12256299704313278 -0.24971400201320648 4.062854766845703 0.27607399225234985 0.3099989891052246 -0.9097710251808167 3.626176118850708 -0.03409299999475479 -0.9428039789199829 -0.33160099387168884 1.5562479496002197 0.0 0.0 0.0 1.0
-0.9666270017623901 0.11945399641990662 -0.22663000226020813 4.043217182159424 0.25287699699401855 0.30320900678634644 -0.918757975101471 3.6334550380706787 -0.04103400185704231 -0.9454079866409302 -0.32329699397087097 1.5543789863586426 0.0 0.0 0.0 1.0
-0.972603976726532 0.10730099678039551 -0.20622199773788452 4.034239768981934 0.22954300045967102 0.3030239939689636 -0.9249250292778015 3.634716033935547 -0.036754999309778214 -0.946923017501831 -0.31935200095176697 1.5631779432296753 0.0 0.0 0.0 1.0
-0.9803239703178406 0.08710400015115738 -0.17713400721549988 4.0310959815979 0.19535799324512482 0.29963698983192444 -0.9338369965553284 3.636445999145508 -0.028264999389648438 -0.950069010257721 -0.31075799465179443 1.570930004119873 0.0 0.0 0.0 1.0
-0.9863960146903992 0.07542099803686142 -0.14606599509716034 4.019460201263428 0.161871999502182 0.29074499011039734 -0.9430080056190491 3.6446409225463867 -0.028655000030994415 -0.9538229703903198 -0.29899799823760986 1.5660250186920166 0.0 0.0 0.0 1.0
-0.9911869764328003 0.06074099987745285 -0.11772000044584274 4.00557804107666 0.13018199801445007 0.2823230028152466 -0.9504449963569641 3.6553730964660645 -0.02449600026011467 -0.957394003868103 -0.2877430021762848 1.5608129501342773 0.0 0.0 0.0 1.0
-0.9942160248756409 0.04816100001335144 -0.09599000215530396 3.987415075302124 0.10552400350570679 0.27199599146842957 -0.9564949870109558 3.6666669845581055 -0.019957000389695168 -0.9610919952392578 -0.27550598978996277 1.559805989265442 0.0 0.0 0.0 1.0
-0.9961400032043457 0.03269900009036064 -0.08145499974489212 3.9760220050811768 0.08725400269031525 0.2681390047073364 -0.9594209790229797 3.673013925552368 -0.009530999697744846 -0.9628250002861023 -0.2699579894542694 1.5603410005569458 0.0 0.0 0.0 1.0
-0.9977980256080627 0.02142300084233284 -0.06276199966669083 3.9536828994750977 0.06622999906539917 0.27332401275634766 -0.9596390128135681 3.6835310459136963 -0.003404000075533986 -0.9616829752922058 -0.27414199709892273 1.5543220043182373 0.0 0.0 0.0 1.0
-0.9987639784812927 0.012671999633312225 -0.04806600138545036 3.9445419311523438 0.049678001552820206 0.2884100079536438 -0.9562169909477234 3.687105894088745 0.0017450000159442425 -0.9574229717254639 -0.2886829972267151 1.5546259880065918 0.0 0.0 0.0 1.0
-0.9994040131568909 0.007644999772310257 -0.03364500030875206 3.9307680130004883 0.034414999186992645 0.29068100452423096 -0.9562010169029236 3.6946680545806885 0.002469999948516488 -0.9567899703979492 -0.2907710075378418 1.547739028930664 0.0 0.0 0.0 1.0
-0.999796986579895 0.007594999857246876 -0.01866300031542778 3.9105279445648193 0.020076999440789223 0.2971250116825104 -0.9546269774436951 3.7027928829193115 -0.0017049999441951513 -0.9548079967498779 -0.29721799492836 1.5425670146942139 0.0 0.0 0.0 1.0
-0.9999210238456726 0.007081999909132719 -0.010343000292778015 3.9079999923706055 0.012045999988913536 0.31462201476097107 -0.9491400122642517 3.703049898147583 -0.0034680000972002745 -0.9491909742355347 -0.3146829903125763 1.5392509698867798 0.0 0.0 0.0 1.0
-0.9999690055847168 0.0038479999639093876 0.006899999920278788 3.895193099975586 -0.005245000123977661 0.32989001274108887 -0.944005012512207 3.7001450061798096 -0.0059090000577270985 -0.9440119862556458 -0.32986000180244446 1.546010971069336 0.0 0.0 0.0 1.0
-0.9998229742050171 0.004546999931335449 0.018278999254107475 3.878103017807007 -0.015782000496983528 0.32752999663352966 -0.9447090029716492 3.7070960998535156 -0.010281999595463276 -0.9448300004005432 -0.3274010121822357 1.5431360006332397 0.0 0.0 0.0 1.0
-0.999779999256134 0.0032840000931173563 0.020709000527858734 3.8716320991516113 -0.01854199916124344 0.322750985622406 -0.9463019967079163 3.7106170654296875 -0.009790999814867973 -0.946478009223938 -0.3226189911365509 1.5520000457763672 0.0 0.0 0.0 1.0
-0.9995999932289124 0.005530000198632479 0.027741000056266785 3.8563690185546875 -0.024605000391602516 0.31381499767303467 -0.9491649866104126 3.718456983566284 -0.01395499985665083 -0.9494680166244507 -0.31355300545692444 1.550832986831665 0.0 0.0 0.0 1.0
-0.9994649887084961 0.0075690001249313354 0.031831998378038406 3.847904920578003 -0.0279690008610487 0.3072510063648224 -0.9512180089950562 3.7233619689941406 -0.016979999840259552 -0.9515990018844604 -0.30687499046325684 1.5604360103607178 0.0 0.0 0.0 1.0
-0.9991790056228638 0.006719000171869993 0.03995199874043465 3.8286139965057373 -0.03626200184226036 0.29142001271247864 -0.9559080004692078 3.7317121028900146 -0.018066000193357468 -0.9565719962120056 -0.29093700647354126 1.5670750141143799 0.0 0.0 0.0 1.0
-0.9991310238838196 0.009964999742805958 0.04046199843287468 3.8219010829925537 -0.036146000027656555 0.2758919894695282 -0.9605090022087097 3.7370100021362305 -0.0207349993288517 -0.9611369967460632 -0.2752920091152191 1.5719000101089478 0.0 0.0 0.0 1.0
-0.9990140199661255 0.011633000336587429 0.04283599928021431 3.81176495552063 -0.03828300163149834 0.2625750005245209 -0.9641519784927368 3.7433550357818604 -0.022463999688625336 -0.9648420214653015 -0.26187101006507874 1.5812489986419678 0.0 0.0 0.0 1.0
-0.9989209771156311 0.010111000388860703 0.04533499851822853 3.798090934753418 -0.04135600104928017 0.2507219910621643 -0.9671750068664551 3.7523300647735596 -0.021145999431610107 -0.9680060148239136 -0.2500329911708832 1.5886470079421997 0.0 0.0 0.0 1.0
-0.9987900257110596 0.01155799999833107 0.04779199883341789 3.7868270874023438 -0.04363900050520897 0.23949499428272247 -0.9699159860610962 3.7585229873657227 -0.02265699952840805 -0.9708290100097656 -0.2387010008096695 1.5939090251922607 0.0 0.0 0.0 1.0
-inf -inf -inf -inf -inf -inf -inf -inf -inf -inf -inf -inf -inf -inf -inf -inf
-inf -inf -inf -inf -inf -inf -inf -inf -inf -inf -inf -inf -inf -inf -inf -inf
-inf -inf -inf -inf -inf -inf -inf -inf -inf -inf -inf -inf -inf -inf -inf -inf
-inf -inf -inf -inf -inf -inf -inf -inf -inf -inf -inf -inf -inf -inf -inf -inf
-inf -inf -inf -inf -inf -inf -inf -inf -inf -inf -inf -inf -inf -inf -inf -inf
-inf -inf -inf -inf -inf -inf -inf -inf -inf -inf -inf -inf -inf -inf -inf -inf
-inf -inf -inf -inf -inf -inf -inf -inf -inf -inf -inf -inf -inf -inf -inf -inf
-inf -inf -inf -inf -inf -inf -inf -inf -inf -inf -inf -inf -inf -inf -inf -inf
-inf -inf -inf -inf -inf -inf -inf -inf -inf -inf -inf -inf -inf -inf -inf -inf
-inf -inf -inf -inf -inf -inf -inf -inf -inf -inf -inf -inf -inf -inf -inf -inf
-0.9972460269927979 -0.05000999942421913 0.05477700009942055 3.6704840660095215 -0.06128599867224693 0.13958099484443665 -0.9883120059967041 3.8687009811401367 0.04177999868988991 -0.9889469742774963 -0.14226099848747253 1.6396039724349976 0.0 0.0 0.0 1.0
-0.9969040155410767 -0.0481639988720417 0.06214600056409836 3.6563971042633057 -0.06836800277233124 0.1406490057706833 -0.9876959919929504 3.8767991065979004 0.03883099928498268 -0.9888870120048523 -0.1435070037841797 1.6462830305099487 0.0 0.0 0.0 1.0
-0.9966570138931274 -0.05133099853992462 0.06356199830770493 3.656251907348633 -0.0703819990158081 0.14435100555419922 -0.9870200157165527 3.882567882537842 0.04148999974131584 -0.9881939888000488 -0.14748099446296692 1.6534249782562256 0.0 0.0 0.0 1.0
-0.9968550205230713 -0.04526099935173988 0.06505300104618073 3.6554830074310303 -0.07092899829149246 0.1434050053358078 -0.9871190190315247 3.8904340267181396 0.03534900024533272 -0.9886289834976196 -0.14616499841213226 1.6574840545654297 0.0 0.0 0.0 1.0
-0.9967629909515381 -0.040550000965595245 0.06942600011825562 3.6506500244140625 -0.07446999847888947 0.1401199996471405 -0.9873300194740295 3.900381088256836 0.030308999121189117 -0.9893040060997009 -0.14268599450588226 1.6573959589004517 0.0 0.0 0.0 1.0
-0.9964150190353394 -0.03349199891090393 0.07768499851226807 3.6433260440826416 -0.08150000125169754 0.1338289976119995 -0.9876480102539062 3.909043073654175 0.02268099971115589 -0.9904379844665527 -0.13607899844646454 1.654420018196106 0.0 0.0 0.0 1.0
-0.9958480000495911 -0.035305000841617584 0.08390499651432037 3.636220932006836 -0.08785799890756607 0.13156500458717346 -0.9874070286750793 3.917006015777588 0.023821000009775162 -0.9906790256500244 -0.13412100076675415 1.654222011566162 0.0 0.0 0.0 1.0
-0.9957420229911804 -0.03892999887466431 0.08356200158596039 3.6364541053771973 -0.08789800107479095 0.12770399451255798 -0.9879099726676941 3.923413038253784 0.02778800018131733 -0.9910479784011841 -0.1305830031633377 1.6501859426498413 0.0 0.0 0.0 1.0
-0.9957619905471802 -0.03877900168299675 0.08339100331068039 3.63203501701355 -0.08766700327396393 0.1262339949607849 -0.9881190061569214 3.9280331134796143 0.02779199928045273 -0.991241991519928 -0.12909799814224243 1.6492409706115723 0.0 0.0 0.0 1.0
-0.9957690238952637 -0.04045199975371361 0.08250799775123596 3.6290159225463867 -0.08704099804162979 0.12738700211048126 -0.9880260229110718 3.930854082107544 0.02945699915289879 -0.9910280108451843 -0.13036899268627167 1.6519839763641357 0.0 0.0 0.0 1.0
-0.9952110052108765 -0.0416949987411499 0.08840800076723099 3.613044023513794 -0.09312800318002701 0.129721000790596 -0.9871670007705688 3.934743881225586 0.029690999537706375 -0.9906740188598633 -0.13298200070858002 1.6537489891052246 0.0 0.0 0.0 1.0
-0.9952679872512817 -0.036639001220464706 0.0899989977478981 3.6094861030578613 -0.09392199665307999 0.1252029985189438 -0.9876760244369507 3.9387199878692627 0.02491999976336956 -0.991454005241394 -0.1280509978532791 1.6507569551467896 0.0 0.0 0.0 1.0
-0.9949650168418884 -0.03395799919962883 0.09429600089788437 3.6044180393218994 -0.0978119969367981 0.12381599843502045 -0.9874730110168457 3.94234299659729 0.02185799926519394 -0.9917240142822266 -0.1265140026807785 1.6532880067825317 0.0 0.0 0.0 1.0
-0.9943940043449402 -0.030233999714255333 0.10132800042629242 3.6008338928222656 -0.10436899960041046 0.12669600546360016 -0.9864360094070435 3.9454660415649414 0.016985999420285225 -0.9914810061454773 -0.12914100289344788 1.6528229713439941 0.0 0.0 0.0 1.0
-0.9933379888534546 -0.025257999077439308 0.11243399977684021 3.5871329307556152 -0.11477000266313553 0.12916100025177002 -0.9849600195884705 3.949398994445801 0.010355999693274498 -0.9913020133972168 -0.13119900226593018 1.65788996219635 0.0 0.0 0.0 1.0
-0.9925580024719238 -0.019305000081658363 0.12023399770259857 3.5750539302825928 -0.12172199785709381 0.12841999530792236 -0.9842219948768616 3.953685998916626 0.0035600000992417336 -0.991532027721405 -0.1298139989376068 1.6557530164718628 0.0 0.0 0.0 1.0
-0.9918069839477539 -0.020044999197125435 0.12616099417209625 3.5683538913726807 -0.1277099996805191 0.13285799324512482 -0.9828730225563049 3.9538140296936035 0.0029410000424832106 -0.9909319877624512 -0.13433000445365906 1.6614450216293335 0.0 0.0 0.0 1.0
-0.9912779927253723 -0.02930000051856041 0.1284870058298111 3.5629820823669434 -0.13137100636959076 0.14242500066757202 -0.9810490012168884 3.9532220363616943 0.010444999672472477 -0.9893720149993896 -0.14503200352191925 1.673740029335022 0.0 0.0 0.0 1.0
-0.9912760257720947 -0.03472600132226944 0.127142995595932 3.5616230964660645 -0.13097800314426422 0.1519930064678192 -0.9796649813652039 3.9513280391693115 0.014694999903440475 -0.9877719879150391 -0.15521499514579773 1.6643860340118408 0.0 0.0 0.0 1.0
-0.9912170171737671 -0.03400300070643425 0.12780199944972992 3.5510950088500977 -0.13167299330234528 0.1637600064277649 -0.9776729941368103 3.951780080795288 0.012315000407397747 -0.9859139919281006 -0.16679899394512177 1.6610900163650513 0.0 0.0 0.0 1.0
-0.9899200201034546 -0.028627999126911163 0.13870200514793396 3.5331010818481445 -0.14159700274467468 0.1804880052804947 -0.9733319878578186 3.9467740058898926 0.0028299998957663774 -0.9831609725952148 -0.18272200226783752 1.6316070556640625 0.0 0.0 0.0 1.0
-0.9896060228347778 -0.03222300112247467 0.1401440054178238 3.5286340713500977 -0.14377999305725098 0.2053699940443039 -0.9680650234222412 3.942267894744873 0.0024129999801516533 -0.9781540036201477 -0.20786799490451813 1.6294230222702026 0.0 0.0 0.0 1.0
-0.9885500073432922 -0.03880799934267998 0.14581799507141113 3.520008087158203 -0.15081100165843964 0.22201800346374512 -0.9633089900016785 3.941420078277588 0.005009999964386225 -0.9742699861526489 -0.22532899677753448 1.6148940324783325 0.0 0.0 0.0 1.0
-0.9876030087471008 -0.03879899904131889 0.15210099518299103 3.5160369873046875 -0.15697099268436432 0.24427500367164612 -0.9569169878959656 3.9367969036102295 -2.700000004551839e-05 -0.9689289927482605 -0.2473369985818863 1.6113289594650269 0.0 0.0 0.0 1.0
-0.9857900142669678 -0.04115299880504608 0.16286300122737885 3.50982403755188 -0.167944997549057 0.26190900802612305 -0.9503669738769531 3.935478925704956 -0.003544999985024333 -0.9642149806022644 -0.2650980055332184 1.6043729782104492 0.0 0.0 0.0 1.0
-0.9837440252304077 -0.04461200162768364 0.17394599318504333 3.5026209354400635 -0.17949000000953674 0.27410098910331726 -0.94480299949646 3.9358201026916504 -0.005528999958187342 -0.9606660008430481 -0.27765199542045593 1.5906790494918823 0.0 0.0 0.0 1.0
-0.9817910194396973 -0.04622500017285347 0.18425099551677704 3.495837926864624 -0.189751997590065 0.28411000967025757 -0.939827024936676 3.935544967651367 -0.00890399981290102 -0.9576770067214966 -0.28770801424980164 1.5798989534378052 0.0 0.0 0.0 1.0
-0.9800900220870972 -0.05418900027871132 0.19101400673389435 3.487942934036255 -0.1984740048646927 0.2942349910736084 -0.9348970055580139 3.9365899562835693 -0.005541999824345112 -0.9541959762573242 -0.29913198947906494 1.5654840469360352 0.0 0.0 0.0 1.0
-0.9795669913291931 -0.06346999853849411 0.19084200263023376 3.478951930999756 -0.20112000405788422 0.3094489872455597 -0.9294040203094482 3.938114881515503 -6.600000051548705e-05 -0.9487959742546082 -0.31589099764823914 1.5560580492019653 0.0 0.0 0.0 1.0
-0.9802380204200745 -0.07074800133705139 0.1847359985113144 3.47542405128479 -0.197734996676445 0.3230910003185272 -0.9254800081253052 3.9383740425109863 0.005789999850094318 -0.9437199831008911 -0.3306959867477417 1.5470080375671387 0.0 0.0 0.0 1.0
-0.9813479781150818 -0.07798899710178375 0.1757120043039322 3.476438045501709 -0.1917019933462143 0.3285199999809265 -0.9248380064964294 3.9455459117889404 0.014402000233530998 -0.9412720203399658 -0.3373430073261261 1.516597032546997 0.0 0.0 0.0 1.0
-0.9815490245819092 -0.08074899762868881 0.17332400381565094 3.471052885055542 -0.19049400091171265 0.3345789909362793 -0.9229140281677246 3.949522018432617 0.016534000635147095 -0.9389020204544067 -0.3437870144844055 1.5058369636535645 0.0 0.0 0.0 1.0
-0.981548011302948 -0.08531200140714645 0.17113099992275238 3.46954607963562 -0.1902340054512024 0.3450239896774292 -0.9191129803657532 3.95054292678833 0.019367000088095665 -0.9347090125083923 -0.3548870086669922 1.4997609853744507 0.0 0.0 0.0 1.0
-0.981115996837616 -0.08970300108194351 0.17136499285697937 3.4694790840148926 -0.1922529935836792 0.3549189865589142 -0.9149159789085388 3.950598955154419 0.021250000223517418 -0.9305840134620667 -0.3654620051383972 1.4931340217590332 0.0 0.0 0.0 1.0
-0.9801269769668579 -0.09409400075674057 0.17463700473308563 3.4677910804748535 -0.19715100526809692 0.36447200179100037 -0.9101049900054932 3.9532110691070557 0.02198600023984909 -0.9264479875564575 -0.37577900290489197 1.4877430200576782 0.0 0.0 0.0 1.0
-0.9781280159950256 -0.09545399993658066 0.18481199443340302 3.462146043777466 -0.2072950005531311 0.3738900125026703 -0.904009997844696 3.953092098236084 0.017192000523209572 -0.9225479960441589 -0.3854990005493164 1.4827450513839722 0.0 0.0 0.0 1.0
-0.976302981376648 -0.09963499754667282 0.19210700690746307 3.464189052581787 -0.2158460021018982 0.38443899154663086 -0.8975620269775391 3.9543519020080566 0.015575000084936619 -0.9177579879760742 -0.39683499932289124 1.4768329858779907 0.0 0.0 0.0 1.0
-0.9746099710464478 -0.10322599858045578 0.19869500398635864 3.4663469791412354 -0.2234950065612793 0.3945690095424652 -0.8912720084190369 3.9578559398651123 0.013602999970316887 -0.9130499958992004 -0.40762099623680115 1.4723830223083496 0.0 0.0 0.0 1.0
-0.9726030230522156 -0.10565900057554245 0.20707300305366516 3.466392993927002 -0.23225800693035126 0.40345698595046997 -0.88503098487854 3.9594969749450684 0.009965999983251095 -0.9088780283927917 -0.4169439971446991 1.4687390327453613 0.0 0.0 0.0 1.0
-0.9703750014305115 -0.11059500277042389 0.21480700373649597 3.4672911167144775 -0.24141299724578857 0.4083560109138489 -0.8803210258483887 3.9655370712280273 0.00964100006967783 -0.9060980081558228 -0.42295798659324646 1.4619319438934326 0.0 0.0 0.0 1.0
-0.9675160050392151 -0.12714500725269318 0.2185100018978119 3.470231056213379 -0.2519409954547882 0.4133569896221161 -0.8750209808349609 3.9669740200042725 0.020932000130414963 -0.901648998260498 -0.4319620132446289 1.45278000831604 0.0 0.0 0.0 1.0
-0.9654650092124939 -0.1316079944372177 0.2248460054397583 3.473423957824707 -0.2597300112247467 0.4185520112514496 -0.870261013507843 3.969763994216919 0.020424000918865204 -0.8986070156097412 -0.43827998638153076 1.447761058807373 0.0 0.0 0.0 1.0
-0.9632840156555176 -0.13967199623584747 0.22929500043392181 3.479707956314087 -0.2673729956150055 0.4213950037956238 -0.8665670156478882 3.9737610816955566 0.024411000311374664 -0.8960570096969604 -0.44326698780059814 1.4409199953079224 0.0 0.0 0.0 1.0
-0.9611340165138245 -0.1445859968662262 0.23519499599933624 3.486923933029175 -0.2749820053577423 0.42534399032592773 -0.8622450232505798 3.975303888320923 0.024630000814795494 -0.8934080004692078 -0.44857099652290344 1.437432050704956 0.0 0.0 0.0 1.0
-0.959089994430542 -0.15133200585842133 0.2392600029706955 3.497986078262329 -0.28184399008750916 0.4307970106601715 -0.8573089838027954 3.9746410846710205 0.026666000485420227 -0.8896700143814087 -0.45582500100135803 1.4371320009231567 0.0 0.0 0.0 1.0
-0.9555630087852478 -0.15892399847507477 0.24827800691127777 3.5033299922943115 -0.29344499111175537 0.43255698680877686 -0.8525159955024719 3.9771809577941895 0.02809000015258789 -0.8874890208244324 -0.45997101068496704 1.4339280128479004 0.0 0.0 0.0 1.0
-0.9527890086174011 -0.16326700150966644 0.2560020089149475 3.5140819549560547 -0.3023799955844879 0.43369901180267334 -0.8488050103187561 3.97829008102417 0.027553999796509743 -0.8861430287361145 -0.4625929892063141 1.4338020086288452 0.0 0.0 0.0 1.0
-0.9496009945869446 -0.1665859967470169 0.2655330002307892 3.523061990737915 -0.3124060034751892 0.4334540069103241 -0.8452929854393005 3.9762980937957764 0.025717999786138535 -0.8856449723243713 -0.4636499881744385 1.4360450506210327 0.0 0.0 0.0 1.0
-0.9462130069732666 -0.16966399550437927 0.2754899859428406 3.534970998764038 -0.3225730061531067 0.42879199981689453 -0.8438509702682495 3.978609085083008 0.025042999535799026 -0.8873289823532104 -0.46045801043510437 1.4345309734344482 0.0 0.0 0.0 1.0
-0.9429029822349548 -0.1717980057001114 0.2853420078754425 3.5496621131896973 -0.33223599195480347 0.42460599541664124 -0.8422170281410217 3.9801158905029297 0.02353299967944622 -0.888929009437561 -0.45743998885154724 1.4325189590454102 0.0 0.0 0.0 1.0
-0.9371960163116455 -0.17713099718093872 0.300478994846344 3.554029941558838 -0.34800100326538086 0.41650500893592834 -0.8398920297622681 3.9811339378356934 0.0236200001090765 -0.8917109966278076 -0.45198899507522583 1.4282269477844238 0.0 0.0 0.0 1.0
-0.9321749806404114 -0.1844179928302765 0.31150999665260315 3.567101001739502 -0.3610450029373169 0.4109320044517517 -0.8371269702911377 3.9802520275115967 0.026372000575065613 -0.8928179740905762 -0.44964399933815 1.4306789636611938 0.0 0.0 0.0 1.0
-0.9278939962387085 -0.19013699889183044 0.32071900367736816 3.578885078430176 -0.3715609908103943 0.4002699851989746 -0.8376910090446472 3.9843590259552 0.03090200014412403 -0.8964549899101257 -0.44205600023269653 1.4226340055465698 0.0 0.0 0.0 1.0
-0.922307014465332 -0.19902299344539642 0.3312709927558899 3.5872859954833984 -0.38480401039123535 0.3936919867992401 -0.8348249793052673 3.986258029937744 0.0357309989631176 -0.8974390029907227 -0.4396899938583374 1.4213379621505737 0.0 0.0 0.0 1.0
-0.9163560271263123 -0.20912599563598633 0.341405987739563 3.5887370109558105 -0.3981949985027313 0.3874030113220215 -0.8314800262451172 3.983336925506592 0.04162200167775154 -0.8978779911994934 -0.43827199935913086 1.4251879453659058 0.0 0.0 0.0 1.0
-0.9138100147247314 -0.20843100547790527 0.34857800602912903 3.6093571186065674 -0.4041059911251068 0.3808169960975647 -0.8316709995269775 3.9838008880615234 0.04060199856758118 -0.9008520245552063 -0.43222299218177795 1.4243489503860474 0.0 0.0 0.0 1.0
-0.9112560153007507 -0.20735299587249756 0.3558340072631836 3.6276509761810303 -0.4100149869918823 0.37549200654029846 -0.8312000036239624 3.98075795173645 0.038738999515771866 -0.9033330082893372 -0.4271880090236664 1.4245109558105469 0.0 0.0 0.0 1.0
-0.9096789956092834 -0.20670199394226074 0.3602199852466583 3.6388399600982666 -0.4135819971561432 0.37179800868034363 -0.8310930132865906 3.980595111846924 0.0378590002655983 -0.9050089716911316 -0.42370501160621643 1.4272739887237549 0.0 0.0 0.0 1.0
-0.9093490242958069 -0.2063779979944229 0.3612369894981384 3.6536779403686523 -0.41413599252700806 0.3662070035934448 -0.833296000957489 3.986764907836914 0.03968600183725357 -0.9073590040206909 -0.41847899556159973 1.4305859804153442 0.0 0.0 0.0 1.0
-0.9084259867668152 -0.2044380009174347 0.3646470010280609 3.660810947418213 -0.4160209894180298 0.35634198784828186 -0.8366280198097229 3.987199068069458 0.041099000722169876 -0.9117159843444824 -0.40876099467277527 1.4245129823684692 0.0 0.0 0.0 1.0
-0.9207860231399536 -0.18287500739097595 0.344541996717453 3.776621103286743 -0.38866299390792847 0.3552440106868744 -0.8501430153846741 3.986215114593506 0.03307399898767471 -0.9167109727859497 -0.3981800079345703 1.4144330024719238 0.0 0.0 0.0 1.0
-0.920864999294281 -0.18175700306892395 0.3449249863624573 3.7828829288482666 -0.3885219991207123 0.3539229929447174 -0.8507580161094666 3.985152006149292 0.032554998993873596 -0.9174439907073975 -0.39653098583221436 1.4125310182571411 0.0 0.0 0.0 1.0
-0.922573983669281 -0.18315599858760834 0.33957400918006897 3.8013980388641357 -0.38420701026916504 0.3557400107383728 -0.8519589900970459 3.9784750938415527 0.03524100035429001 -0.9164620041847229 -0.39856600761413574 1.4165929555892944 0.0 0.0 0.0 1.0
-0.9222120046615601 -0.18523499369621277 0.3394320011138916 3.810352087020874 -0.38489100337028503 0.35523998737335205 -0.8518589735031128 3.9732110500335693 0.0372139997780323 -0.916238009929657 -0.39890098571777344 1.420827031135559 0.0 0.0 0.0 1.0
-0.9264230132102966 -0.18134699761867523 0.32993200421333313 3.853224992752075 -0.37476301193237305 0.3604539930820465 -0.8541820049285889 3.965955972671509 0.03597800061106682 -0.9149789810180664 -0.4018940031528473 1.4297339916229248 0.0 0.0 0.0 1.0
-0.9250320196151733 -0.18273699283599854 0.33305099606513977 3.8602919578552246 -0.3779659867286682 0.35460999608039856 -0.8552160263061523 3.9621119499206543 0.0381769984960556 -0.9169840216636658 -0.3970940113067627 1.4308279752731323 0.0 0.0 0.0 1.0
-0.9259979724884033 -0.1794939935207367 0.3321300148963928 3.8725709915161133 -0.3756529986858368 0.3504819869995117 -0.8579319715499878 3.9614100456237793 0.03758800029754639 -0.9192090034484863 -0.39197298884391785 1.4257789850234985 0.0 0.0 0.0 1.0
-0.9266489744186401 -0.17853699624538422 0.3308280110359192 3.8783280849456787 -0.374006986618042 0.34896600246429443 -0.8592680096626282 3.961190938949585 0.03796299919486046 -0.9199720025062561 -0.3901430070400238 1.4186749458312988 0.0 0.0 0.0 1.0
-0.9273020029067993 -0.18399100005626678 0.3259739875793457 3.891087055206299 -0.3718689978122711 0.35344600677490234 -0.8583639860153198 3.952765941619873 0.04271699860692024 -0.9171820282936096 -0.3961710035800934 1.4213279485702515 0.0 0.0 0.0 1.0
-0.9302269816398621 -0.18733300268650055 0.31556999683380127 3.9161760807037354 -0.36380699276924133 0.35780200362205505 -0.8600130081176758 3.9438490867614746 0.048197001218795776 -0.9148139953613281 -0.40099000930786133 1.4324909448623657 0.0 0.0 0.0 1.0
-0.9309970140457153 -0.18919099867343903 0.31217101216316223 3.9365060329437256 -0.3609820008277893 0.3502439856529236 -0.8643040060997009 3.9423370361328125 0.05418200045824051 -0.9173529744148254 -0.39437100291252136 1.4292529821395874 0.0 0.0 0.0 1.0
-0.9327250123023987 -0.18874399363994598 0.3072449862957001 3.957015037536621 -0.3560959994792938 0.3480600118637085 -0.8672080039978027 3.9391820430755615 0.05674099922180176 -0.9182760119438171 -0.39185500144958496 1.4287530183792114 0.0 0.0 0.0 1.0
-0.9312909841537476 -0.1897449940443039 0.31095701456069946 3.9547369480133057 -0.3600350022315979 0.3495689928531647 -0.8649719953536987 3.933819055557251 0.05542299896478653 -0.9174960255622864 -0.3938649892807007 1.4378960132598877 0.0 0.0 0.0 1.0
-0.9324179887771606 -0.1854739934206009 0.310153990983963 3.970237970352173 -0.3571609854698181 0.34218400716781616 -0.8691070079803467 3.931459903717041 0.055066999047994614 -0.9211459755897522 -0.38530299067497253 1.429036021232605 0.0 0.0 0.0 1.0
-0.9334560036659241 -0.1816989928483963 0.30926498770713806 3.9904849529266357 -0.3549500107765198 0.34372198581695557 -0.86940598487854 3.9243180751800537 0.05166900157928467 -0.9213259816169739 -0.3853429853916168 1.4322580099105835 0.0 0.0 0.0 1.0
-0.9340260028839111 -0.17915600538253784 0.3090299963951111 4.009018898010254 -0.3535139858722687 0.3395490050315857 -0.8716269731521606 3.922616958618164 0.05122600123286247 -0.9233689904212952 -0.3804819881916046 1.4269510507583618 0.0 0.0 0.0 1.0
-0.9331809878349304 -0.1763879954814911 0.3131459951400757 4.016177177429199 -0.3561600148677826 0.336993008852005 -0.8715419769287109 3.914088010787964 0.04820200055837631 -0.9248369932174683 -0.3772979974746704 1.4304159879684448 0.0 0.0 0.0 1.0
-0.9316679835319519 -0.1733749955892563 0.31927400827407837 4.014441013336182 -0.360522985458374 0.33252501487731934 -0.8714650273323059 3.9089748859405518 0.04492399841547012 -0.9270210266113281 -0.37230899930000305 1.4304449558258057 0.0 0.0 0.0 1.0
-0.93510901927948 -0.1654130071401596 0.3133839964866638 4.0404791831970215 -0.35182100534439087 0.32769399881362915 -0.8768349885940552 3.907119035720825 0.04234600067138672 -0.9301909804344177 -0.3646250069141388 1.4168610572814941 0.0 0.0 0.0 1.0
-0.9346609711647034 -0.1643500030040741 0.3152729868888855 4.045787811279297 -0.3533399999141693 0.3309040069580078 -0.8750159740447998 3.899346113204956 0.03948400169610977 -0.9292430281639099 -0.36735400557518005 1.420488953590393 0.0 0.0 0.0 1.0
-0.9304419755935669 -0.1618639975786209 0.32875099778175354 4.06607723236084 -0.36528798937797546 0.3386569917201996 -0.8671079874038696 3.872663974761963 0.029020000249147415 -0.9268829822540283 -0.37422800064086914 1.4427059888839722 0.0 0.0 0.0 1.0
-0.9310140013694763 -0.15236200392246246 0.3316589891910553 4.073729038238525 -0.36449000239372253 0.3409869968891144 -0.8665300011634827 3.8657169342041016 0.01893400028347969 -0.9276390075683594 -0.37299901247024536 1.4447449445724487 0.0 0.0 0.0 1.0
-0.931846022605896 -0.14709199965000153 0.3317030072212219 4.093984127044678 -0.3625980019569397 0.34314700961112976 -0.866470992565155 3.853243112564087 0.013628999702632427 -0.9276930093765259 -0.3730959892272949 1.4489569664001465 0.0 0.0 0.0 1.0
-0.9341239929199219 -0.13964800536632538 0.3284969925880432 4.119027137756348 -0.35683000087738037 0.3416459858417511 -0.869454026222229 3.8424019813537598 0.009188000112771988 -0.9293959736824036 -0.36897099018096924 1.4467430114746094 0.0 0.0 0.0 1.0
-0.9331790208816528 -0.13536399602890015 0.33294498920440674 4.112213134765625 -0.35938501358032227 0.34043100476264954 -0.8688780069351196 3.835905075073242 0.004269999917596579 -0.9304749965667725 -0.3663310110569 1.442715048789978 0.0 0.0 0.0 1.0
-0.9356570243835449 -0.12936599552631378 0.32834601402282715 4.128818035125732 -0.35291099548339844 0.3437969982624054 -0.8702049851417542 3.8246428966522217 -0.00030899999546818435 -0.9300910234451294 -0.36733001470565796 1.441303014755249 0.0 0.0 0.0 1.0
-0.9407479763031006 -0.1241919994354248 0.315544992685318 4.1579389572143555 -0.33908501267433167 0.3548380136489868 -0.8712700009346008 3.8088600635528564 -0.003763000015169382 -0.9266430139541626 -0.3759250044822693 1.4570610523223877 0.0 0.0 0.0 1.0
-0.943015992641449 -0.12056300044059753 0.310137003660202 4.179626941680908 -0.3327069878578186 0.3561530113220215 -0.8731899857521057 3.7971060276031494 -0.0051819998770952225 -0.9266170263290405 -0.3759709894657135 1.4643570184707642 0.0 0.0 0.0 1.0
-0.9438310265541077 -0.11463700234889984 0.3099049925804138 4.188320159912109 -0.33031898736953735 0.35148000717163086 -0.8759859800338745 3.787925958633423 -0.008504999801516533 -0.9291499853134155 -0.36960500478744507 1.4624249935150146 0.0 0.0 0.0 1.0
-0.9418309926986694 -0.11738099902868271 0.3149220049381256 4.186737060546875 -0.3360300064086914 0.3461250066757202 -0.8759459853172302 3.787414073944092 -0.006182999815791845 -0.9308159947395325 -0.36543500423431396 1.4547890424728394 0.0 0.0 0.0 1.0
-0.9476969838142395 -0.11533199995756149 0.2976059913635254 4.242343902587891 -0.31916099786758423 0.3500640094280243 -0.8806769847869873 3.7817680835723877 -0.0026110000908374786 -0.9295989871025085 -0.36856400966644287 1.452515959739685 0.0 0.0 0.0 1.0
-0.9449250102043152 -0.1276160031557083 0.30138200521469116 4.246482849121094 -0.3272559940814972 0.35569900274276733 -0.875432014465332 3.7674720287323 0.004517999943345785 -0.9258469939231873 -0.3778719902038574 1.4625799655914307 0.0 0.0 0.0 1.0
-0.9450690150260925 -0.13313999772071838 0.29852598905563354 4.26140022277832 -0.3267120122909546 0.3563709855079651 -0.875361979007721 3.7557740211486816 0.010160000063478947 -0.924809992313385 -0.38029399514198303 1.4663280248641968 0.0 0.0 0.0 1.0
-0.9447410106658936 -0.13659599423408508 0.29800501465797424 4.270664215087891 -0.3275200128555298 0.35443300008773804 -0.8758469820022583 3.7511119842529297 0.014015000313520432 -0.9250509738922119 -0.37958499789237976 1.4697890281677246 0.0 0.0 0.0 1.0
-0.9477159976959229 -0.13416899740695953 0.28953900933265686 4.30167818069458 -0.31870800256729126 0.3522079885005951 -0.879984974861145 3.745181083679199 0.016087999567389488 -0.9262549877166748 -0.376554012298584 1.4713389873504639 0.0 0.0 0.0 1.0
-0.9472460150718689 -0.13544900715351105 0.29047998785972595 4.308560848236084 -0.3200269937515259 0.35011398792266846 -0.8803430199623108 3.738158941268921 0.017541000619530678 -0.9268630146980286 -0.3749909996986389 1.4767240285873413 0.0 0.0 0.0 1.0
-0.9503610134124756 -0.13034899532794952 0.2825300097465515 4.32839298248291 -0.31064099073410034 0.3456070125102997 -0.8854699730873108 3.7365169525146484 0.017775999382138252 -0.929282009601593 -0.368943989276886 1.4739500284194946 0.0 0.0 0.0 1.0
-0.9512019753456116 -0.12822699546813965 0.28066501021385193 4.332414150238037 -0.30803900957107544 0.34127700328826904 -0.8880550265312195 3.7339820861816406 0.018087999895215034 -0.9311760067939758 -0.3641220033168793 1.4704899787902832 0.0 0.0 0.0 1.0
-0.9550729990005493 -0.1243709996342659 0.269010990858078 4.356513023376465 -0.2956730127334595 0.3376559913158417 -0.893625020980835 3.730963945388794 0.0203079991042614 -0.9330170154571533 -0.3592590093612671 1.4623010158538818 0.0 0.0 0.0 1.0
-0.9588479995727539 -0.12251400202512741 0.2561280131340027 4.379597187042236 -0.2829599976539612 0.3381730020046234 -0.8975369930267334 3.7269020080566406 0.02334499917924404 -0.9330750107765198 -0.3589229881763458 1.460994005203247 0.0 0.0 0.0 1.0
-0.9618610143661499 -0.11976200342178345 0.24592499434947968 4.395820140838623 -0.27258801460266113 0.3448899984359741 -0.898190975189209 3.7160580158233643 0.022752000018954277 -0.9309719800949097 -0.3643819987773895 1.4815829992294312 0.0 0.0 0.0 1.0
-0.9657080173492432 -0.1154170036315918 0.2325650006532669 4.414626121520996 -0.2584199905395508 0.3409630060195923 -0.9038599729537964 3.713305950164795 0.02502400055527687 -0.9329649806022644 -0.3590970039367676 1.4796479940414429 0.0 0.0 0.0 1.0
-0.9699140191078186 -0.10951700061559677 0.21742300689220428 4.4400482177734375 -0.24209600687026978 0.33990299701690674 -0.908765971660614 3.714445114135742 0.025622999295592308 -0.9340620040893555 -0.3561910092830658 1.467458963394165 0.0 0.0 0.0 1.0
-0.9730119705200195 -0.10755100101232529 0.20415599644184113 4.468329906463623 -0.2292719930410385 0.3505539894104004 -0.9080449938774109 3.710407018661499 0.026093000546097755 -0.9303460121154785 -0.3657520115375519 1.4605300426483154 0.0 0.0 0.0 1.0
-0.9747679829597473 -0.11087500303983688 0.19373300671577454 4.501204967498779 -0.2213519960641861 0.36815398931503296 -0.9030309915542603 3.6949820518493652 0.02879999950528145 -0.9231299757957458 -0.3834080100059509 1.4769530296325684 0.0 0.0 0.0 1.0
-0.9750499725341797 -0.11724399775266647 0.18849700689315796 4.537714004516602 -0.21909399330615997 0.37167900800704956 -0.9021369814872742 3.685789108276367 0.03570999950170517 -0.9209280014038086 -0.3880940079689026 1.4875400066375732 0.0 0.0 0.0 1.0
-0.9755129814147949 -0.1148810014128685 0.1875550001859665 4.544917106628418 -0.21722400188446045 0.36958199739456177 -0.9034500122070312 3.683716058731079 0.03447199985384941 -0.9220690131187439 -0.38548699021339417 1.488515019416809 0.0 0.0 0.0 1.0
-0.9769120216369629 -0.11344199627637863 0.18103399872779846 4.560904026031494 -0.2106810063123703 0.3709850013256073 -0.9044240117073059 3.6790430545806885 0.03543899953365326 -0.9216840267181396 -0.38631901144981384 1.488306999206543 0.0 0.0 0.0 1.0
-0.9788200259208679 -0.111115001142025 0.1719440072774887 4.582667827606201 -0.2014860063791275 0.3741320073604584 -0.90522301197052 3.67077898979187 0.036253999918699265 -0.9206950068473816 -0.3885959982872009 1.4893929958343506 0.0 0.0 0.0 1.0
-0.980118989944458 -0.11093199998140335 0.16450199484825134 4.597068786621094 -0.1946049928665161 0.3758600056171417 -0.9060119986534119 3.663970947265625 0.038676001131534576 -0.9200130105018616 -0.38997501134872437 1.4894529581069946 0.0 0.0 0.0 1.0
-0.9811260104179382 -0.11005400121212006 0.1589989960193634 4.605289936065674 -0.1893319934606552 0.3795430064201355 -0.905593991279602 3.6512439250946045 0.03931700065732002 -0.9186050295829773 -0.39321601390838623 1.491773009300232 0.0 0.0 0.0 1.0
-0.9823579788208008 -0.11001899838447571 0.15122100710868835 4.619609832763672 -0.18225599825382233 0.3821119964122772 -0.9059659838676453 3.6395061016082764 0.04188999906182289 -0.9175440073013306 -0.3954220116138458 1.4977400302886963 0.0 0.0 0.0 1.0
-0.9839019775390625 -0.10548199713230133 0.14425499737262726 4.62671422958374 -0.1738550066947937 0.37817999720573425 -0.9092599749565125 3.6350810527801514 0.04135600104928017 -0.9197030067443848 -0.3904309868812561 1.4930670261383057 0.0 0.0 0.0 1.0
-0.9858620166778564 -0.10086499899625778 0.1337990015745163 4.653541088104248 -0.16234299540519714 0.37728801369667053 -0.9117559790611267 3.6235740184783936 0.04148299992084503 -0.9205870032310486 -0.38832899928092957 1.489791989326477 0.0 0.0 0.0 1.0
-0.9864550232887268 -0.09982799738645554 0.1301569938659668 4.66514778137207 -0.15863899886608124 0.3788119852542877 -0.9117760062217712 3.6130340099334717 0.04171599820256233 -0.9200739860534668 -0.38951799273490906 1.491845965385437 0.0 0.0 0.0 1.0
-0.9866679906845093 -0.0971900001168251 0.1305370032787323 4.675837993621826 -0.1577730029821396 0.3744809925556183 -0.9137129783630371 3.6028060913085938 0.03991999849677086 -0.9221270084381104 -0.3848220109939575 1.4855430126190186 0.0 0.0 0.0 1.0
-0.9873809814453125 -0.09560900181531906 0.12624500691890717 4.703506946563721 -0.1532279998064041 0.37541499733924866 -0.9141029715538025 3.5868189334869385 0.0400019995868206 -0.9219120144844055 -0.3853279948234558 1.4948129653930664 0.0 0.0 0.0 1.0
-0.9873020052909851 -0.09336800128221512 0.12852099537849426 4.715731143951416 -0.15439899265766144 0.3737100064754486 -0.9146050214767456 3.575670003890991 0.03736500069499016 -0.9228349924087524 -0.3833799958229065 1.4961539506912231 0.0 0.0 0.0 1.0
-0.9866170287132263 -0.08997199684381485 0.13598500192165375 4.719668865203857 -0.159838005900383 0.368818998336792 -0.9156550168991089 3.5630381107330322 0.032228998839855194 -0.9251369833946228 -0.37826400995254517 1.4964720010757446 0.0 0.0 0.0 1.0
-0.9866200089454651 -0.08613699674606323 0.1384260058403015 4.739953994750977 -0.1604679971933365 0.3628700077533722 -0.9179189801216125 3.549807071685791 0.028836000710725784 -0.9278500080108643 -0.37183699011802673 1.4988590478897095 0.0 0.0 0.0 1.0
-0.9860339760780334 -0.0809670016169548 0.14553700387477875 4.74876594543457 -0.16514800488948822 0.3624509871006012 -0.9172549843788147 3.5302939414978027 0.021517999470233917 -0.928479015827179 -0.3707599937915802 1.5147960186004639 0.0 0.0 0.0 1.0
-0.9847720265388489 -0.07616999745368958 0.1562809944152832 4.7455878257751465 -0.17330700159072876 0.35877299308776855 -0.9171950221061707 3.514791965484619 0.013793000020086765 -0.9303119778633118 -0.3665100038051605 1.5182520151138306 0.0 0.0 0.0 1.0
-0.9847689867019653 -0.07091200351715088 0.15875199437141418 4.765088081359863 -0.1736679971218109 0.35721999406814575 -0.9177330136299133 3.4933669567108154 0.00836899969726801 -0.9313250184059143 -0.36409398913383484 1.5239269733428955 0.0 0.0 0.0 1.0
-0.9847019910812378 -0.06685200333595276 0.16091400384902954 4.784214019775391 -0.17416000366210938 0.3481709957122803 -0.921110987663269 3.482841968536377 0.005553000140935183 -0.93504399061203 -0.35448700189590454 1.523846983909607 0.0 0.0 0.0 1.0
-0.983676016330719 -0.06159700080752373 0.16907699406147003 4.7909979820251465 -0.17993700504302979 0.3473159968852997 -0.9203230142593384 3.46441388130188 -0.00203399988822639 -0.9357230067253113 -0.35273000597953796 1.5296449661254883 0.0 0.0 0.0 1.0
-0.983735978603363 -0.05621299892663956 0.1706009954214096 4.803335189819336 -0.17948199808597565 0.3451650142669678 -0.9212210178375244 3.4502460956573486 -0.007100999820977449 -0.9368569850921631 -0.34964099526405334 1.5231879949569702 0.0 0.0 0.0 1.0
-0.9841200113296509 -0.05057400092482567 0.17014700174331665 4.813220977783203 -0.17703799903392792 0.34907400608062744 -0.9202200174331665 3.4267430305480957 -0.012854999862611294 -0.93572998046875 -0.35248398780822754 1.5354479551315308 0.0 0.0 0.0 1.0
-0.9845870137214661 -0.04584300145506859 0.16878099739551544 4.821710109710693 -0.17412200570106506 0.3475770056247711 -0.9213420152664185 3.4061241149902344 -0.016426999121904373 -0.9365299940109253 -0.3502030074596405 1.5445599555969238 0.0 0.0 0.0 1.0
-0.9854339957237244 -0.04283500090241432 0.16457800567150116 4.840480804443359 -0.16923700273036957 0.34221601486206055 -0.9242550134658813 3.395625114440918 -0.01673099957406521 -0.9386439919471741 -0.3444800078868866 1.5421520471572876 0.0 0.0 0.0 1.0
-0.9850299954414368 -0.04034600034356117 0.1675959974527359 4.839292049407959 -0.17123299837112427 0.3411470055580139 -0.9242830276489258 3.3789780139923096 -0.019883999601006508 -0.9391440153121948 -0.3429490029811859 1.547927975654602 0.0 0.0 0.0 1.0
-0.9856089949607849 -0.04573800042271614 0.16273599863052368 4.855877876281738 -0.16851000487804413 0.3420740067958832 -0.9244400262832642 3.364804983139038 -0.013385999947786331 -0.9385589957237244 -0.3448590040206909 1.5581879615783691 0.0 0.0 0.0 1.0
-0.9854739904403687 -0.04563099890947342 0.16358600556850433 4.849973201751709 -0.1692589968442917 0.3428870141506195 -0.9240019917488098 3.3538010120391846 -0.013927999883890152 -0.9382680058479309 -0.3456299901008606 1.5619829893112183 0.0 0.0 0.0 1.0
-0.9868639707565308 -0.04388900101184845 0.15547800064086914 4.866137981414795 -0.16105499863624573 0.3428399860858917 -0.9254850149154663 3.3384459018707275 -0.012684999965131283 -0.938368022441864 -0.3454050123691559 1.5576889514923096 0.0 0.0 0.0 1.0
-0.9878460168838501 -0.041457001119852066 0.14980800449848175 4.875572204589844 -0.15489999949932098 0.3426949977874756 -0.9265890121459961 3.323925018310547 -0.012924999929964542 -0.9385319948196411 -0.34495100378990173 1.555148959159851 0.0 0.0 0.0 1.0
-0.9883859753608704 -0.03673800081014633 0.1474599987268448 4.877232074737549 -0.15112599730491638 0.3395969867706299 -0.9283509850502014 3.3101449012756348 -0.015970999374985695 -0.9398540258407593 -0.3412039875984192 1.5507930517196655 0.0 0.0 0.0 1.0
-0.9891129732131958 -0.032267000526189804 0.14358000457286835 4.88287878036499 -0.1460839956998825 0.33310699462890625 -0.9315040111541748 3.2973859310150146 -0.017771000042557716 -0.9423369765281677 -0.33419400453567505 1.5441550016403198 0.0 0.0 0.0 1.0
-0.990227997303009 -0.02851100079715252 0.1365170031785965 4.895648956298828 -0.13827699422836304 0.32807400822639465 -0.9344769716262817 3.280574083328247 -0.0181450005620718 -0.9442219734191895 -0.3288100063800812 1.5406579971313477 0.0 0.0 0.0 1.0
-0.9919170141220093 -0.026381999254226685 0.12411600351333618 4.914208889007568 -0.12588700652122498 0.3272300064563751 -0.9365220069885254 3.2640159130096436 -0.01590700075030327 -0.9445769786834717 -0.3279060125350952 1.5414079427719116 0.0 0.0 0.0 1.0
-0.9935410022735596 -0.027643999084830284 0.11005599796772003 4.928695201873779 -0.1129629984498024 0.33293598890304565 -0.9361590147018433 3.2449119091033936 -0.010762999765574932 -0.9425439834594727 -0.33390799164772034 1.5446230173110962 0.0 0.0 0.0 1.0
-0.9946420192718506 -0.030489999800920486 0.09878599643707275 4.935258865356445 -0.10327599942684174 0.33661898970603943 -0.9359599947929382 3.2347350120544434 -0.0047160000540316105 -0.9411470293998718 -0.3379639983177185 1.5464229583740234 0.0 0.0 0.0 1.0
-0.9962469935417175 -0.03393299877643585 0.07962600141763687 4.962069034576416 -0.08646900206804276 0.34932899475097656 -0.9330019950866699 3.205678939819336 0.003843999933451414 -0.936385989189148 -0.35095199942588806 1.5672969818115234 0.0 0.0 0.0 1.0
-0.9968010187149048 -0.034185998141765594 0.07224100083112717 4.967885971069336 -0.07964300364255905 0.3494339883327484 -0.9335700273513794 3.1875760555267334 0.0066709998063743114 -0.9363369941711426 -0.35103899240493774 1.5637849569320679 0.0 0.0 0.0 1.0
-0.9972059726715088 -0.031154999509453773 0.06789299845695496 4.965888977050781 -0.07446300238370895 0.3423120081424713 -0.9366310238838196 3.1780500411987305 0.005940000060945749 -0.9390699863433838 -0.34367600083351135 1.5541820526123047 0.0 0.0 0.0 1.0
-0.9979569911956787 -0.03345699980854988 0.054430000483989716 4.983784198760986 -0.06257200241088867 0.3396419882774353 -0.9384710192680359 3.1603169441223145 0.012911000289022923 -0.9399600028991699 -0.3410409986972809 1.5588560104370117 0.0 0.0 0.0 1.0
-0.998528003692627 -0.03370700031518936 0.042486000806093216 4.999789237976074 -0.05142299830913544 0.33958199620246887 -0.9391700029373169 3.143799066543579 0.017230000346899033 -0.9399719834327698 -0.3408159911632538 1.5681469440460205 0.0 0.0 0.0 1.0
-0.9986270070075989 -0.036740999668836594 0.037338998168706894 4.999510765075684 -0.04748399928212166 0.33390700817108154 -0.9414089918136597 3.1283209323883057 0.022120999172329903 -0.9418900012969971 -0.335193008184433 1.5708379745483398 0.0 0.0 0.0 1.0
-0.9991530179977417 -0.030705999583005905 0.027406999841332436 5.005459785461426 -0.03585600107908249 0.3224239945411682 -0.9459159970283508 3.1151909828186035 0.020208999514579773 -0.9460970163345337 -0.32325199246406555 1.5618940591812134 0.0 0.0 0.0 1.0
-0.9994919896125793 -0.025224000215530396 0.019486000761389732 5.0040788650512695 -0.026288000866770744 0.30663999915122986 -0.951462984085083 3.104954957962036 0.01802399940788746 -0.9514909982681274 -0.30714699625968933 1.5508179664611816 0.0 0.0 0.0 1.0
-0.9996070265769958 -0.021491000428795815 0.01800600066781044 5.000195026397705 -0.02360299974679947 0.29839199781417847 -0.95415198802948 3.0984790325164795 0.015131999738514423 -0.9542019963264465 -0.29878199100494385 1.5380250215530396 0.0 0.0 0.0 1.0
-0.9996510148048401 -0.024981999769806862 0.008640999905765057 5.021039009094238 -0.015904000028967857 0.3072809875011444 -0.9514859914779663 3.0763089656829834 0.021114999428391457 -0.951291024684906 -0.3075709939002991 1.5497629642486572 0.0 0.0 0.0 1.0
-0.9992150068283081 -0.039174001663923264 -0.006018000189214945 5.057446002960205 -0.007267000153660774 0.33035001158714294 -0.9438310265541077 3.0440518856048584 0.03896100074052811 -0.943045973777771 -0.33037498593330383 1.579854965209961 0.0 0.0 0.0 1.0
-0.9990400075912476 -0.04291500151157379 -0.00877000018954277 5.071901798248291 -0.005886000115424395 0.32993799448013306 -0.9439839720726013 3.0351850986480713 0.043404001742601395 -0.9430270195007324 -0.3298740088939667 1.559414029121399 0.0 0.0 0.0 1.0
-0.9990630149841309 -0.04303799942135811 -0.0046179997734725475 5.070629119873047 -0.009844999760389328 0.32982099056243896 -0.943992018699646 3.0201261043548584 0.04215100035071373 -0.9430620074272156 -0.3299350142478943 1.5449910163879395 0.0 0.0 0.0 1.0
-0.9990299940109253 -0.04390599951148033 -0.003370000049471855 5.082077980041504 -0.011411000043153763 0.33201900124549866 -0.9432039856910706 3.0016860961914062 0.042532000690698624 -0.9422500133514404 -0.33219799399375916 1.5400060415267944 0.0 0.0 0.0 1.0
-0.9988960027694702 -0.04696299880743027 0.0010319999419152737 5.091288089752197 -0.01648000068962574 0.3297719955444336 -0.9439169764518738 2.9905691146850586 0.04398899897933006 -0.9428920149803162 -0.3301819860935211 1.517838954925537 0.0 0.0 0.0 1.0
-0.9986330270767212 -0.05207400023937225 0.004600000102072954 5.106273174285889 -0.02213899977505207 0.3415760099887848 -0.9395939707756042 2.9689810276031494 0.04735700041055679 -0.9384109973907471 -0.34226199984550476 1.521301031112671 0.0 0.0 0.0 1.0
-0.9982759952545166 -0.05783199891448021 0.010065999813377857 5.117918968200684 -0.02910899929702282 0.3387709856033325 -0.9404190182685852 2.9553279876708984 0.05097600072622299 -0.9390900135040283 -0.33987000584602356 1.492946982383728 0.0 0.0 0.0 1.0
-0.9979060292243958 -0.0635249987244606 0.012152000330388546 5.133059024810791 -0.0339060015976429 0.3538149893283844 -0.9347010254859924 2.9323999881744385 0.05507799983024597 -0.9331560134887695 -0.3552280068397522 1.5059750080108643 0.0 0.0 0.0 1.0
-0.997668981552124 -0.06759300082921982 0.009448000229895115 5.15723180770874 -0.033073000609874725 0.3577049970626831 -0.9332489967346191 2.9124350547790527 0.05970099940896034 -0.9313859939575195 -0.35910600423812866 1.4914519786834717 0.0 0.0 0.0 1.0
-0.9972720146179199 -0.07338400185108185 0.008011999540030956 5.168064117431641 -0.03443299978971481 0.3664259910583496 -0.9298099875450134 2.8916900157928467 0.06529799848794937 -0.9275490045547485 -0.36795300245285034 1.4924219846725464 0.0 0.0 0.0 1.0
-0.9973480105400085 -0.07277300208806992 0.00014000000373926014 5.186583042144775 -0.028286999091506004 0.38589298725128174 -0.9221100211143494 2.8627090454101562 0.06705000251531601 -0.919668972492218 -0.386927992105484 1.5013240575790405 0.0 0.0 0.0 1.0
-0.9976549744606018 -0.06837400048971176 -0.0031330001074820757 5.189652919769287 -0.024461999535560608 0.3989259898662567 -0.9166569709777832 2.8385159969329834 0.06392599642276764 -0.9144309759140015 -0.3996630012989044 1.5138870477676392 0.0 0.0 0.0 1.0
-0.9984819889068604 -0.05442100018262863 -0.008516999892890453 5.182100772857666 -0.013555999845266342 0.39263299107551575 -0.9195950031280518 2.822467088699341 0.05338900163769722 -0.9180840253829956 -0.3927749991416931 1.5146739482879639 0.0 0.0 0.0 1.0
-0.99863201379776 -0.04309599846601486 -0.029619000852108 5.192148208618164 0.010614999569952488 0.38755300641059875 -0.9217860102653503 2.805972099304199 0.051203999668359756 -0.9208400249481201 -0.3865649998188019 1.5114920139312744 0.0 0.0 0.0 1.0
-0.9980289936065674 -0.036628998816013336 -0.050946999341249466 5.183507919311523 0.03242399916052818 0.3940809965133667 -0.9185029864311218 2.7851650714874268 0.053720999509096146 -0.9183459877967834 -0.3921169936656952 1.5263680219650269 0.0 0.0 0.0 1.0
-0.9970179796218872 -0.027789000421762466 -0.07199300080537796 5.167651176452637 0.05520400032401085 0.39504700899124146 -0.9170010089874268 2.76863694190979 0.053922999650239944 -0.918241024017334 -0.3923349976539612 1.5350069999694824 0.0 0.0 0.0 1.0
-0.993806004524231 -0.01664399914443493 -0.10987599939107895 5.198917865753174 0.09457200020551682 0.39256200194358826 -0.9148499965667725 2.741291046142578 0.05835999920964241 -0.9195749759674072 -0.38855600357055664 1.5348320007324219 0.0 0.0 0.0 1.0
-0.9925640225410461 -0.006142999976873398 -0.12156999856233597 5.193575859069824 0.10987500101327896 0.3846220076084137 -0.9165109992027283 2.735399007797241 0.0523889996111393 -0.9230539798736572 -0.3810870051383972 1.5253419876098633 0.0 0.0 0.0 1.0
-0.991441011428833 0.006643000058829784 -0.130389004945755 5.194022178649902 0.12282399833202362 0.3860880136489868 -0.914247989654541 2.718498945236206 0.04426800087094307 -0.9224380254745483 -0.38359901309013367 1.532336950302124 0.0 0.0 0.0 1.0
-0.9899489879608154 0.016075000166893005 -0.14050500094890594 5.205242156982422 0.13577499985694885 0.3859719932079315 -0.9124640226364136 2.7033979892730713 0.039563000202178955 -0.922370970249176 -0.38427498936653137 1.540132999420166 0.0 0.0 0.0 1.0
-0.9887539744377136 0.030937999486923218 -0.1463170051574707 5.196059226989746 0.14686499536037445 0.3854900002479553 -0.9109489917755127 2.6873230934143066 0.028219999745488167 -0.9221929907798767 -0.38569799065589905 1.5529520511627197 0.0 0.0 0.0 1.0
-0.9874879717826843 0.04009599983692169 -0.15251199901103973 5.202281951904297 0.1562190055847168 0.3807370066642761 -0.9113919734954834 2.677845001220703 0.02152400091290474 -0.9238139986991882 -0.3822369873523712 1.5544580221176147 0.0 0.0 0.0 1.0
-0.9857900142669678 0.046539001166820526 -0.1614059954881668 5.214449882507324 0.16685999929904938 0.38213300704956055 -0.908918023109436 2.6633970737457275 0.01937899924814701 -0.9229350090026855 -0.38446900248527527 1.5601710081100464 0.0 0.0 0.0 1.0
-0.9830989837646484 0.05517299845814705 -0.17456400394439697 5.227750778198242 0.18226799368858337 0.38444700837135315 -0.9049749970436096 2.6496939659118652 0.017180999740958214 -0.9214969873428345 -0.38800498843193054 1.5665769577026367 0.0 0.0 0.0 1.0
-0.9797080159187317 0.0660260021686554 -0.1892399936914444 5.239958763122559 0.20000599324703217 0.3832609951496124 -0.9017249941825867 2.637371063232422 0.012990999966859818 -0.9212769865989685 -0.3886899948120117 1.5652869939804077 0.0 0.0 0.0 1.0
-0.9760450124740601 0.07524999976158142 -0.2041430026292801 5.254806995391846 0.21734799444675446 0.3796370029449463 -0.8992419838905334 2.625821113586426 0.009832000359892845 -0.9220700263977051 -0.386898010969162 1.5610790252685547 0.0 0.0 0.0 1.0
-0.9718300104141235 0.08473800122737885 -0.21991999447345734 5.270233154296875 0.2355549931526184 0.3797230124473572 -0.8946089744567871 2.611422061920166 0.007701000198721886 -0.9212110042572021 -0.3889870047569275 1.5681020021438599 0.0 0.0 0.0 1.0
-0.9677309989929199 0.08995699882507324 -0.23538200557231903 5.286330223083496 0.2518880069255829 0.3713589906692505 -0.8936690092086792 2.6041839122772217 0.007019000127911568 -0.9241210222244263 -0.3820349872112274 1.5566819906234741 0.0 0.0 0.0 1.0
-0.9628739953041077 0.094480000436306 -0.25287899374961853 5.3043131828308105 0.2697939872741699 0.3688499927520752 -0.8894720077514648 2.5950779914855957 0.009236999787390232 -0.9246749877929688 -0.3806470036506653 1.5525540113449097 0.0 0.0 0.0 1.0
-0.9560379981994629 0.10399100184440613 -0.274183988571167 5.326530933380127 0.29309800267219543 0.3682219982147217 -0.8823300004005432 2.5850729942321777 0.009205999784171581 -0.9239040017127991 -0.38251399993896484 1.5445430278778076 0.0 0.0 0.0 1.0
-0.9485269784927368 0.12023299932479858 -0.29298800230026245 5.350059986114502 0.31665900349617004 0.37450599670410156 -0.8714770078659058 2.57163405418396 0.004945000167936087 -0.9193959832191467 -0.39330199360847473 1.5502699613571167 0.0 0.0 0.0 1.0
-0.9421740174293518 0.13378700613975525 -0.30726099014282227 5.368573188781738 0.3351059854030609 0.3665370047092438 -0.8679599761962891 2.575079917907715 -0.0034990001004189253 -0.9207339882850647 -0.3901750147342682 1.5308170318603516 0.0 0.0 0.0 1.0
-0.9340839982032776 0.1493919938802719 -0.32429900765419006 5.391703128814697 0.35694101452827454 0.36787399649620056 -0.8586400151252747 2.5632710456848145 -0.008972999639809132 -0.9177970290184021 -0.39694899320602417 1.5391290187835693 0.0 0.0 0.0 1.0
-0.9247450232505798 0.16624300181865692 -0.3423610031604767 5.417112827301025 0.38029998540878296 0.3685910105705261 -0.8482419848442078 2.5494110584259033 -0.014822999946773052 -0.914605975151062 -0.4040749967098236 1.5534080266952515 0.0 0.0 0.0 1.0
-0.9155460000038147 0.1788170039653778 -0.36027801036834717 5.442802906036377 0.401636004447937 0.35846400260925293 -0.8427289724349976 2.5449419021606445 -0.02154799923300743 -0.9162579774856567 -0.40000998973846436 1.5480140447616577 0.0 0.0 0.0 1.0
-0.9067469835281372 0.19272300601005554 -0.37505799531936646 5.466578006744385 0.42062699794769287 0.3506920039653778 -0.8367130160331726 2.5401151180267334 -0.0297240000218153 -0.9164459705352783 -0.39905399084091187 1.5539809465408325 0.0 0.0 0.0 1.0
-0.8995469808578491 0.20588700473308563 -0.38526099920272827 5.489459991455078 0.4351840019226074 0.3460319936275482 -0.8311899900436401 2.530880928039551 -0.03781900182366371 -0.9153540134429932 -0.40087100863456726 1.5624339580535889 0.0 0.0 0.0 1.0
-0.8962110280990601 0.21189600229263306 -0.38975200057029724 5.513103008270264 0.4412980079650879 0.33587199449539185 -0.8321340084075928 2.531467914581299 -0.04541900008916855 -0.9177640080451965 -0.3945220112800598 1.549211025238037 0.0 0.0 0.0 1.0
-0.8946030139923096 0.20979799330234528 -0.39455100893974304 5.540759086608887 0.44506800174713135 0.33928200602531433 -0.8287349939346313 2.525902032852173 -0.04000300168991089 -0.9169909954071045 -0.39689698815345764 1.5383720397949219 0.0 0.0 0.0 1.0
-0.8921740055084229 0.2101379930973053 -0.399834007024765 5.563632965087891 0.45070600509643555 0.3557159900665283 -0.8187369704246521 2.517936944961548 -0.02982099913060665 -0.9106630086898804 -0.41207200288772583 1.5397980213165283 0.0 0.0 0.0 1.0
-0.8834779858589172 0.2163970023393631 -0.4154979884624481 5.595327854156494 0.46805500984191895 0.37030699849128723 -0.802370011806488 2.4985389709472656 -0.01976899988949299 -0.9033520221710205 -0.4284439980983734 1.547065019607544 0.0 0.0 0.0 1.0
-0.8780329823493958 0.21960200369358063 -0.425244003534317 5.609940052032471 0.4783889949321747 0.37631499767303467 -0.793429970741272 2.4894509315490723 -0.014213000424206257 -0.9000899791717529 -0.4354720115661621 1.5550739765167236 0.0 0.0 0.0 1.0
-0.8706790208816528 0.22548900544643402 -0.4371190071105957 5.621485233306885 0.4916419982910156 0.37299299240112305 -0.786870002746582 2.482132911682129 -0.014387999661266804 -0.9000170230865479 -0.43561699986457825 1.5696710348129272 0.0 0.0 0.0 1.0
-0.8643630146980286 0.23247499763965607 -0.44590499997138977 5.628277778625488 0.5024570226669312 0.3634459972381592 -0.7845020294189453 2.4811270236968994 -0.020315000787377357 -0.9021430015563965 -0.43095800280570984 1.5738680362701416 0.0 0.0 0.0 1.0
-0.8584240078926086 0.24235700070858002 -0.4520750045776367 5.636765956878662 0.5121769905090332 0.3568800091743469 -0.7812240123748779 2.4782330989837646 -0.027999000623822212 -0.9021639823913574 -0.43048399686813354 1.5769920349121094 0.0 0.0 0.0 1.0
-0.855006992816925 0.24297299981117249 -0.45817801356315613 5.643908977508545 0.5177810192108154 0.349808007478714 -0.7807289958000183 2.4798080921173096 -0.02942200005054474 -0.9047639966011047 -0.4248949885368347 1.5791079998016357 0.0 0.0 0.0 1.0
-0.8509359955787659 0.24093200266361237 -0.4667539894580841 5.649395942687988 0.5244699716567993 0.340736985206604 -0.7802749872207642 2.4766080379486084 -0.028953000903129578 -0.9087629914283752 -0.4163070023059845 1.593487024307251 0.0 0.0 0.0 1.0
-0.8463590145111084 0.23814700543880463 -0.47640499472618103 5.654653072357178 0.531902015209198 0.3317590057849884 -0.7791119813919067 2.472482919692993 -0.02749199979007244 -0.9128100275993347 -0.40745800733566284 1.6021499633789062 0.0 0.0 0.0 1.0
-0.8433250188827515 0.23451000452041626 -0.4835360050201416 5.6544508934021 0.5370460152626038 0.33498701453208923 -0.7741870284080505 2.4681739807128906 -0.019576000049710274 -0.912572979927063 -0.4084460139274597 1.630154013633728 0.0 0.0 0.0 1.0
-0.840499997138977 0.22612999379634857 -0.4923669993877411 5.656088829040527 0.5415369868278503 0.3216649889945984 -0.7767040133476257 2.478296995162964 -0.017257999628782272 -0.9194549918174744 -0.3928169906139374 1.6209150552749634 0.0 0.0 0.0 1.0
-0.8346570134162903 0.22875100374221802 -0.5010190010070801 5.658031940460205 0.5504260063171387 0.314316987991333 -0.7734569907188416 2.4714488983154297 -0.019449999555945396 -0.9213460087776184 -0.3882580101490021 1.636152982711792 0.0 0.0 0.0 1.0
-0.8312439918518066 0.2282160073518753 -0.5069029927253723 5.660231113433838 0.5556190013885498 0.31170400977134705 -0.7707970142364502 2.4653561115264893 -0.017904000356793404 -0.9223660230636597 -0.385903000831604 1.652904987335205 0.0 0.0 0.0 1.0
-0.8299000263214111 0.22219300270080566 -0.5117589831352234 5.661256790161133 0.5576890110969543 0.30443599820137024 -0.7722049951553345 2.4677670001983643 -0.01578100025653839 -0.9262549877166748 -0.37656599283218384 1.6558469533920288 0.0 0.0 0.0 1.0
-0.8298599720001221 0.20879599452018738 -0.5174329876899719 5.660674095153809 0.557964026927948 0.30581700801849365 -0.771461009979248 2.4663240909576416 -0.0028379999566823244 -0.9289140105247498 -0.3702859878540039 1.68123197555542 0.0 0.0 0.0 1.0
-0.8254939913749695 0.20448799431324005 -0.52606600522995 5.6647748947143555 0.5644090175628662 0.29627200961112976 -0.7704970240592957 2.4643640518188477 -0.0016980000073090196 -0.9329559803009033 -0.35998600721359253 1.6838610172271729 0.0 0.0 0.0 1.0
-0.821494996547699 0.20221899449825287 -0.5331540107727051 5.665648937225342 0.5702090263366699 0.28719601035118103 -0.7696620225906372 2.4674770832061768 -0.0025210001040250063 -0.9362829923629761 -0.3512369990348816 1.6806249618530273 0.0 0.0 0.0 1.0
-0.8194329738616943 0.19637300074100494 -0.5384860038757324 5.664050102233887 0.5731710195541382 0.2776220142841339 -0.7709739804267883 2.472012996673584 -0.0019030000548809767 -0.9404060244560242 -0.3400479853153229 1.6805109977722168 0.0 0.0 0.0 1.0
-0.8162729740142822 0.19224900007247925 -0.5447379946708679 5.667912006378174 0.577646017074585 0.26361700892448425 -0.7725489735603333 2.471597909927368 -0.004918999969959259 -0.9452760219573975 -0.32623499631881714 1.6752740144729614 0.0 0.0 0.0 1.0
-0.8178409934043884 0.18423399329185486 -0.5451539754867554 5.666283130645752 0.5754160284996033 0.25247299671173096 -0.7779170274734497 2.480271100997925 -0.005681999959051609 -0.9499030113220215 -0.3124940097332001 1.672996997833252 0.0 0.0 0.0 1.0
-0.8187850117683411 0.1757819950580597 -0.5465270280838013 5.666594982147217 0.5740979909896851 0.2532860040664673 -0.778626024723053 2.474384069442749 0.0015589999966323376 -0.9512869715690613 -0.30830299854278564 1.7009789943695068 0.0 0.0 0.0 1.0
-0.8175079822540283 0.1690800040960312 -0.5505380034446716 5.673542022705078 0.5758789777755737 0.2508679926395416 -0.7780929803848267 2.468280076980591 0.006552000064402819 -0.9531409740447998 -0.3024570047855377 1.7177209854125977 0.0 0.0 0.0 1.0
-0.816178023815155 0.1670130044221878 -0.5531359910964966 5.679710865020752 0.577767014503479 0.24618500471115112 -0.7781890034675598 2.4627420902252197 0.0062060002237558365 -0.9547250270843506 -0.2974259853363037 1.725540041923523 0.0 0.0 0.0 1.0
-0.8165879845619202 0.16180799901485443 -0.5540779829025269 5.6816229820251465 0.5771750211715698 0.2410150021314621 -0.780243992805481 2.461966037750244 0.007292000111192465 -0.9569380283355713 -0.29020199179649353 1.7259670495986938 0.0 0.0 0.0 1.0
-0.8162739872932434 0.15852800011634827 -0.5554869771003723 5.682591915130615 0.5776249766349792 0.2353380024433136 -0.7816429734230042 2.4627699851989746 0.006814999971538782 -0.9588980078697205 -0.28367000818252563 1.7248990535736084 0.0 0.0 0.0 1.0
-0.81803297996521 0.156483992934227 -0.553475022315979 5.6803669929504395 0.5751330256462097 0.23358899354934692 -0.7840009927749634 2.4647409915924072 0.0066019999794662 -0.9596610069274902 -0.28108298778533936 1.7293059825897217 0.0 0.0 0.0 1.0
-0.8211389780044556 0.15229299664497375 -0.5500339865684509 5.677536964416504 0.570688009262085 0.23051799833774567 -0.7881479859352112 2.4694290161132812 0.006763000041246414 -0.9610769748687744 -0.27619901299476624 1.7332969903945923 0.0 0.0 0.0 1.0
-0.8246750235557556 0.14587900042533875 -0.5464709997177124 5.676519870758057 0.5655810236930847 0.2219569981098175 -0.7942630052566528 2.473823070526123 0.0054270001128315926 -0.9640820026397705 -0.2655490040779114 1.7277189493179321 0.0 0.0 0.0 1.0
-0.8264819979667664 0.14244000613689423 -0.5446450114250183 5.678228855133057 0.562936007976532 0.21851800382137299 -0.7970899939537048 2.4714701175689697 0.005477000027894974 -0.9653810262680054 -0.2607859969139099 1.73158597946167 0.0 0.0 0.0 1.0
-0.8285329937934875 0.13810700178146362 -0.5426419973373413 5.6801910400390625 0.5598940253257751 0.21688300371170044 -0.7996749877929688 2.4707069396972656 0.007249000016599894 -0.9663789868354797 -0.2570199966430664 1.731732964515686 0.0 0.0 0.0 1.0
-0.8309460282325745 0.13310599327087402 -0.5401960015296936 5.678871154785156 0.5562760233879089 0.21488399803638458 -0.8027340173721313 2.4729349613189697 0.00923100020736456 -0.9675269722938538 -0.2526009976863861 1.7332580089569092 0.0 0.0 0.0 1.0
-0.8356119990348816 0.12991200387477875 -0.5337370038032532 5.669611930847168 0.549170970916748 0.22020800411701202 -0.8061760067939758 2.4769349098205566 0.012800999917089939 -0.9667630195617676 -0.25535300374031067 1.750419020652771 0.0 0.0 0.0 1.0
-0.8389589786529541 0.12887699902057648 -0.5287129878997803 5.6653571128845215 0.5441150069236755 0.21513999998569489 -0.8109580278396606 2.482084035873413 0.009233999997377396 -0.9680420160293579 -0.25061801075935364 1.7439110279083252 0.0 0.0 0.0 1.0
-0.8434839844703674 0.1262740045785904 -0.5220999717712402 5.661354064941406 0.5371080040931702 0.21081799268722534 -0.816743016242981 2.487031936645508 0.006934999953955412 -0.9693350195884705 -0.24564500153064728 1.7385159730911255 0.0 0.0 0.0 1.0
-0.8469989895820618 0.1257680058479309 -0.5165020227432251 5.660633087158203 0.5315859913825989 0.2056100070476532 -0.8216689825057983 2.488740921020508 0.0028589998837560415 -0.9705190062522888 -0.241007998585701 1.7328540086746216 0.0 0.0 0.0 1.0
-0.8522279858589172 0.12332600355148315 -0.5084260106086731 5.657628059387207 0.5231689810752869 0.20102399587631226 -0.8281800150871277 2.4939699172973633 7.000000186963007e-05 -0.9717919826507568 -0.23583899438381195 1.7279690504074097 0.0 0.0 0.0 1.0
-0.8575069904327393 0.12544099986553192 -0.4989449977874756 5.656510829925537 0.5144140124320984 0.19454200565814972 -0.8351830244064331 2.4990880489349365 -0.007699999958276749 -0.9728400111198425 -0.23135000467300415 1.7192000150680542 0.0 0.0 0.0 1.0
-0.8622890114784241 0.12917999923229218 -0.4896630048751831 5.656128883361816 0.5062180161476135 0.19285200536251068 -0.8405659794807434 2.4975268840789795 -0.014151000417768955 -0.9726870059967041 -0.23168699443340302 1.7198840379714966 0.0 0.0 0.0 1.0
-0.8699160218238831 0.13355599343776703 -0.47477200627326965 5.650557041168213 0.4927229881286621 0.19302299618721008 -0.8485080003738403 2.500775098800659 -0.02168099954724312 -0.9720619916915894 -0.23372000455856323 1.7235480546951294 0.0 0.0 0.0 1.0
-0.8769710063934326 0.1399189978837967 -0.45972099900245667 5.651246070861816 0.47967299818992615 0.19736599922180176 -0.8549619913101196 2.497667074203491 -0.028891999274492264 -0.9702939987182617 -0.2401999980211258 1.7282309532165527 0.0 0.0 0.0 1.0
-0.8858219981193542 0.14071699976921082 -0.4421739876270294 5.650297164916992 0.4627540111541748 0.19741299748420715 -0.8642259836196899 2.503803014755249 -0.03432000055909157 -0.9701690077781677 -0.2399909943342209 1.7208260297775269 0.0 0.0 0.0 1.0
-0.8961759805679321 0.13643300533294678 -0.422203004360199 5.644363880157471 0.4425399899482727 0.20609499514102936 -0.8727449774742126 2.5054779052734375 -0.03205699846148491 -0.9689739942550659 -0.24507400393486023 1.7256489992141724 0.0 0.0 0.0 1.0
-0.9035400152206421 0.13415199518203735 -0.4069640040397644 5.645671844482422 0.4274579882621765 0.21584700047969818 -0.8778889775276184 2.5045740604400635 -0.029928000643849373 -0.9671679735183716 -0.25237101316452026 1.728193998336792 0.0 0.0 0.0 1.0
-0.9105910062789917 0.13566699624061584 -0.390406996011734 5.643545150756836 0.4121769964694977 0.22827200591564178 -0.8820440173149109 2.5023789405822754 -0.030546000227332115 -0.9640989899635315 -0.26378101110458374 1.7326109409332275 0.0 0.0 0.0 1.0
-0.9198840260505676 0.13478200137615204 -0.36830198764801025 5.63600492477417 0.3909069895744324 0.2392289936542511 -0.8887969851493835 2.5124900341033936 -0.031686000525951385 -0.961562991142273 -0.27274999022483826 1.7320070266723633 0.0 0.0 0.0 1.0
-0.9261810183525085 0.12443400174379349 -0.35595598816871643 5.637876987457275 0.3760800063610077 0.23617999255657196 -0.8959810137748718 2.518234968185425 -0.027420999482274055 -0.9637089967727661 -0.26554301381111145 1.7032090425491333 0.0 0.0 0.0 1.0
-0.9319649934768677 0.12175100296735764 -0.34149399399757385 5.627997875213623 0.3616499900817871 0.24592900276184082 -0.8992930054664612 2.5236220359802246 -0.02550699934363365 -0.9616109728813171 -0.2732279896736145 1.692747950553894 0.0 0.0 0.0 1.0
-0.9354860186576843 0.12117700278759003 -0.3319360017776489 5.619586944580078 0.3526650071144104 0.26118800044059753 -0.8985589742660522 2.526948928833008 -0.022187000140547752 -0.9576519727706909 -0.2870729863643646 1.6877779960632324 0.0 0.0 0.0 1.0
-0.9386720061302185 0.11953700333833694 -0.3234289884567261 5.607964992523193 0.34417998790740967 0.2680709958076477 -0.8998209834098816 2.53474497795105 -0.02085999958217144 -0.9559550285339355 -0.2927730083465576 1.6685290336608887 0.0 0.0 0.0 1.0
-0.9412199854850769 0.12137000262737274 -0.31523698568344116 5.5960540771484375 0.3370009958744049 0.2734780013561249 -0.9009100198745728 2.540220022201538 -0.02313300035893917 -0.9541900157928467 -0.2983050048351288 1.6543920040130615 0.0 0.0 0.0 1.0
-0.9439899921417236 0.11937499791383743 -0.3076240122318268 5.583601951599121 0.32930999994277954 0.2816910147666931 -0.9012240171432495 2.545516014099121 -0.02092899940907955 -0.9520509839057922 -0.3052250146865845 1.642881989479065 0.0 0.0 0.0 1.0
-0.9505169987678528 0.10990399867296219 -0.290583997964859 5.546445846557617 0.3103879988193512 0.2958250045776367 -0.9034090042114258 2.5594940185546875 -0.013326000422239304 -0.94889897108078 -0.31529998779296875 1.6375739574432373 0.0 0.0 0.0 1.0
-0.948531985282898 0.11617500334978104 -0.29460200667381287 5.5379228591918945 0.31637099385261536 0.30640798807144165 -0.8977890014648438 2.5567550659179688 -0.014031999744474888 -0.9447849988937378 -0.32739201188087463 1.6358920335769653 0.0 0.0 0.0 1.0
-0.9499819874763489 0.12110699713230133 -0.28786700963974 5.517603874206543 0.31202998757362366 0.3294669985771179 -0.8911169767379761 2.556710958480835 -0.013078000396490097 -0.9363679885864258 -0.3507770001888275 1.6464279890060425 0.0 0.0 0.0 1.0
-0.9516839981079102 0.12154500186443329 -0.28200098872184753 5.506316184997559 0.3069010078907013 0.3451330065727234 -0.8869590163230896 2.5577709674835205 -0.010478000156581402 -0.930649995803833 -0.3657589852809906 1.6331110000610352 0.0 0.0 0.0 1.0
-0.9548519849777222 0.1211320012807846 -0.27126601338386536 5.490272045135498 0.2969219982624054 0.3590869903564453 -0.8848130106925964 2.5652410984039307 -0.009770999662578106 -0.9254099726676941 -0.37884101271629333 1.6155879497528076 0.0 0.0 0.0 1.0
-0.9581490159034729 0.12268099933862686 -0.258652001619339 5.479208946228027 0.2860099971294403 0.3716279864311218 -0.8832280039787292 2.5792789459228516 -0.012233000248670578 -0.9202399849891663 -0.3911629915237427 1.5886410474777222 0.0 0.0 0.0 1.0
-0.9606459736824036 0.1276009976863861 -0.24673199653625488 5.47181510925293 0.277413010597229 0.3953860104084015 -0.8756210207939148 2.5713109970092773 -0.014174999669194221 -0.9096090197563171 -0.41522398591041565 1.5975799560546875 0.0 0.0 0.0 1.0
-0.9644320011138916 0.12196499854326248 -0.23451000452041626 5.458446025848389 0.2640489935874939 0.4036340117454529 -0.8759899735450745 2.578950881958008 -0.01218399964272976 -0.9067549705505371 -0.42148199677467346 1.59096097946167 0.0 0.0 0.0 1.0
-0.965175986289978 0.11897899955511093 -0.23297999799251556 5.455141067504883 0.26151999831199646 0.4165480136871338 -0.8706870079040527 2.579782009124756 -0.0065460000187158585 -0.901295006275177 -0.4331569969654083 1.585137963294983 0.0 0.0 0.0 1.0
-0.9666039943695068 0.12082599848508835 -0.2260040044784546 5.439570903778076 0.25615501403808594 0.42855000495910645 -0.8664469718933105 2.5882210731506348 -0.007834999822080135 -0.8954030275344849 -0.4451889991760254 1.5774019956588745 0.0 0.0 0.0 1.0
-0.9699789881706238 0.10636000335216522 -0.2186949998140335 5.411530017852783 0.2431820034980774 0.43038201332092285 -0.869271993637085 2.608170986175537 0.0016659999964758754 -0.8963590264320374 -0.44332700967788696 1.5431259870529175 0.0 0.0 0.0 1.0
-0.9695829749107361 0.10451400279998779 -0.221327006816864 5.403817176818848 0.24472300708293915 0.430307000875473 -0.8688769936561584 2.6191489696502686 0.0044280001893639565 -0.8966119885444641 -0.4427950084209442 1.5130499601364136 0.0 0.0 0.0 1.0
-0.9707750082015991 0.10369499772787094 -0.21643300354480743 5.3885698318481445 0.23989899456501007 0.4444189965724945 -0.8630989789962769 2.6180291175842285 0.006688000168651342 -0.8897969722747803 -0.45630699396133423 1.5201640129089355 0.0 0.0 0.0 1.0
-0.9724529981613159 0.1003040000796318 -0.2104170024394989 5.370696067810059 0.2329840064048767 0.4468750059604645 -0.863726019859314 2.622715950012207 0.007393999956548214 -0.8889560103416443 -0.4579339921474457 1.5191969871520996 0.0 0.0 0.0 1.0
-0.9729220271110535 0.10033000260591507 -0.20822399854660034 5.361742973327637 0.2310439944267273 0.447393000125885 -0.8639780282974243 2.629894971847534 0.00647500017657876 -0.8886920213699341 -0.4584600031375885 1.498626947402954 0.0 0.0 0.0 1.0
-0.9739530086517334 0.10221400111913681 -0.20240800082683563 5.350335121154785 0.22667500376701355 0.46226799488067627 -0.8572790026664734 2.632101058959961 0.005940999835729599 -0.8808299899101257 -0.4733960032463074 1.494776964187622 0.0 0.0 0.0 1.0
-0.9757959842681885 0.10328800231218338 -0.19275400042533875 5.332784175872803 0.2186480015516281 0.4767250120639801 -0.8514260053634644 2.6270790100097656 0.003949000034481287 -0.872963011264801 -0.4877699911594391 1.5046570301055908 0.0 0.0 0.0 1.0
-0.9784370064735413 0.09738200157880783 -0.18214699625968933 5.318603038787842 0.20651599764823914 0.4759480059146881 -0.8548830151557922 2.6325860023498535 0.003441999899223447 -0.8740649819374084 -0.4857969880104065 1.5002000331878662 0.0 0.0 0.0 1.0
-0.9815809726715088 0.08997400104999542 -0.16853199899196625 5.308343887329102 0.1910260021686554 0.47474899888038635 -0.8591409921646118 2.6374049186706543 0.0027099999133497477 -0.8755109906196594 -0.48319199681282043 1.4924830198287964 0.0 0.0 0.0 1.0
-0.9856550097465515 0.0813319981098175 -0.14788100123405457 5.291065216064453 0.16877099871635437 0.4749220013618469 -0.8636929988861084 2.638927936553955 -1.4000000192027073e-05 -0.8762609958648682 -0.4818359911441803 1.4901920557022095 0.0 0.0 0.0 1.0
-0.9891449809074402 0.06658300012350082 -0.13099800050258636 5.278086185455322 0.14685000479221344 0.480320006608963 -0.8647119998931885 2.6362130641937256 0.0053460001945495605 -0.8745620250701904 -0.48488399386405945 1.5036009550094604 0.0 0.0 0.0 1.0
-0.9917410016059875 0.04856500029563904 -0.118709996342659 5.269534111022949 0.12735000252723694 0.4829249978065491 -0.8663520216941833 2.63858699798584 0.015254000201821327 -0.87431401014328 -0.4851210117340088 1.5060319900512695 0.0 0.0 0.0 1.0
-0.9943490028381348 0.029698999598622322 -0.10192800313234329 5.252726078033447 0.10352499783039093 0.4840709865093231 -0.8688830137252808 2.645301103591919 0.02353600040078163 -0.8745250105857849 -0.48440998792648315 1.5026079416275024 0.0 0.0 0.0 1.0
-0.9961879849433899 0.012870999984443188 -0.08628000319004059 5.24130916595459 0.08159200102090836 0.4874109923839569 -0.8693519830703735 2.646855115890503 0.03086400032043457 -0.8730779886245728 -0.4866029918193817 1.5064500570297241 0.0 0.0 0.0 1.0
-0.9982609748840332 0.001576000009663403 -0.05892600119113922 5.213249206542969 0.05228399857878685 0.48534199595451355 -0.872759997844696 2.657099962234497 0.027223000302910805 -0.8743230104446411 -0.48458099365234375 1.5091700553894043 0.0 0.0 0.0 1.0
-0.9990490078926086 -0.01116199977695942 -0.042155999690294266 5.215911865234375 0.03136099874973297 0.4878169894218445 -0.8723829984664917 2.6502439975738525 0.030301999300718307 -0.8728740215301514 -0.48700299859046936 1.5256669521331787 0.0 0.0 0.0 1.0
-0.999625027179718 -0.0250410009175539 -0.011099999770522118 5.177934169769287 -0.002211000071838498 0.47767001390457153 -0.8785369992256165 2.668292999267578 0.027302000671625137 -0.8781830072402954 -0.47754600644111633 1.5237679481506348 0.0 0.0 0.0 1.0
-0.9994480013847351 -0.03295699879527092 -0.004304000176489353 5.1759161949157715 -0.011649000458419323 0.4686180055141449 -0.8833249807357788 2.6739609241485596 0.03112800046801567 -0.882785975933075 -0.4687429964542389 1.5279209613800049 0.0 0.0 0.0 1.0
-0.9992849826812744 -0.035760000348091125 0.0123089998960495 5.150187015533447 -0.027271000668406487 0.45586898922920227 -0.8896290063858032 2.6901140213012695 0.026202000677585602 -0.8893280029296875 -0.4565179944038391 1.5221229791641235 0.0 0.0 0.0 1.0
-0.9988369941711426 -0.038787998259067535 0.028653999790549278 5.134038925170898 -0.043122000992298126 0.4523949921131134 -0.8907750248908997 2.6970670223236084 0.021587999537587166 -0.8909739851951599 -0.45354199409484863 1.5224469900131226 0.0 0.0 0.0 1.0
-0.9982050061225891 -0.04713800176978111 0.03694700077176094 5.151382923126221 -0.05439800024032593 0.4554649889469147 -0.8885899782180786 2.6947669982910156 0.025057999417185783 -0.8890050053596497 -0.45721200108528137 1.544327974319458 0.0 0.0 0.0 1.0
-0.9974949955940247 -0.051155999302864075 0.04885200038552284 5.145057201385498 -0.0666159987449646 0.4471690058708191 -0.8919649720191956 2.702502965927124 0.023784000426530838 -0.892985999584198 -0.44945698976516724 1.5500049591064453 0.0 0.0 0.0 1.0
-0.9968670010566711 -0.05379299819469452 0.0579879991710186 5.134562015533447 -0.07571099698543549 0.4367310106754303 -0.8964009881019592 2.7194759845733643 0.022895000874996185 -0.8979830145835876 -0.4394350051879883 1.541592001914978 0.0 0.0 0.0 1.0
-0.9954310059547424 -0.05799899995326996 0.07585299760103226 5.1094841957092285 -0.09339799731969833 0.42619800567626953 -0.8997949957847595 2.73903489112854 0.01985899917781353 -0.9027690291404724 -0.42966699600219727 1.528007984161377 0.0 0.0 0.0 1.0
-0.9932829737663269 -0.06296899914741516 0.0970740020275116 5.085745811462402 -0.11465699970722198 0.4227850139141083 -0.89894700050354 2.750588893890381 0.015564999543130398 -0.9040399789810181 -0.4271659851074219 1.5331560373306274 0.0 0.0 0.0 1.0
-0.9904900193214417 -0.06917700171470642 0.11893200129270554 5.0667948722839355 -0.13703100383281708 0.41835299134254456 -0.8978880047798157 2.7616190910339355 0.012357999570667744 -0.905646026134491 -0.4238539934158325 1.5292659997940063 0.0 0.0 0.0 1.0
-0.9870920181274414 -0.07992900162935257 0.13878299295902252 5.054797172546387 -0.1595969945192337 0.41868001222610474 -0.8939999938011169 2.7768731117248535 0.01334999967366457 -0.9046099781990051 -0.42603200674057007 1.5303759574890137 0.0 0.0 0.0 1.0
-0.9829890131950378 -0.09081199765205383 0.15964099764823914 5.036766052246094 -0.18315400183200836 0.42003899812698364 -0.8888310194015503 2.792037010192871 0.013660999946296215 -0.9029510021209717 -0.42952701449394226 1.532580018043518 0.0 0.0 0.0 1.0
-0.9796280264854431 -0.09817499667406082 0.17518900334835052 5.023733139038086 -0.2003680020570755 0.41923001408576965 -0.8854929804801941 2.81152606010437 0.01348899956792593 -0.9025570154190063 -0.43035998940467834 1.521090030670166 0.0 0.0 0.0 1.0
-0.9758049845695496 -0.10632699728012085 0.19104699790477753 5.0174150466918945 -0.2182309925556183 0.42008599638938904 -0.880852997303009 2.828195095062256 0.013402000069618225 -0.901233971118927 -0.4331260025501251 1.5116389989852905 0.0 0.0 0.0 1.0
-0.9682369828224182 -0.12452699989080429 0.21682099997997284 4.994007110595703 -0.24947400391101837 0.4229480028152466 -0.8711360096931458 2.8405230045318604 0.01677599921822548 -0.8975570201873779 -0.44058001041412354 1.5180670022964478 0.0 0.0 0.0 1.0
-0.9655389785766602 -0.13522399961948395 0.22237099707126617 5.001922130584717 -0.2589229941368103 0.4126720130443573 -0.8733050227165222 2.868769884109497 0.026326000690460205 -0.9007869958877563 -0.4334630072116852 1.490286946296692 0.0 0.0 0.0 1.0
-0.9619429707527161 -0.14870700240135193 0.22924399375915527 5.00435209274292 -0.2710219919681549 0.4122619926929474 -0.8698199987411499 2.8924551010131836 0.03483999893069267 -0.8988469839096069 -0.43687599897384644 1.4673960208892822 0.0 0.0 0.0 1.0
-0.9571729898452759 -0.16665999591350555 0.23673699796199799 5.0064802169799805 -0.2865859866142273 0.4293830096721649 -0.8564460277557373 2.899487018585205 0.041085001081228256 -0.887611985206604 -0.4587559998035431 1.4855070114135742 0.0 0.0 0.0 1.0
-0.9512680172920227 -0.17733100056648254 0.2522760033607483 4.990572929382324 -0.30558499693870544 0.43248099088668823 -0.8482800126075745 2.911876916885376 0.04132099822163582 -0.8840330243110657 -0.465595006942749 1.4941600561141968 0.0 0.0 0.0 1.0
-0.9482010006904602 -0.18400199711322784 0.25895699858665466 4.9814910888671875 -0.3144409954547882 0.42766499519348145 -0.8474839925765991 2.9259939193725586 0.04519199952483177 -0.8850119709968567 -0.4633699953556061 1.4882750511169434 0.0 0.0 0.0 1.0
-0.9451460242271423 -0.19374799728393555 0.2629860043525696 4.975461006164551 -0.3226340115070343 0.42785999178886414 -0.8443009853363037 2.9439289569854736 0.051061000674963 -0.8828349709510803 -0.46689900755882263 1.4822419881820679 0.0 0.0 0.0 1.0
-0.9404720067977905 -0.20731200277805328 0.2693209946155548 4.9680562019348145 -0.33498701453208923 0.4315589964389801 -0.8375800251960754 2.9487740993499756 0.05741199851036072 -0.8779399991035461 -0.47531598806381226 1.4910789728164673 0.0 0.0 0.0 1.0
-0.9350550174713135 -0.2191919982433319 0.2786180078983307 4.96295690536499 -0.3486979901790619 0.42701101303100586 -0.8343089818954468 2.9592320919036865 0.06390099972486496 -0.8772779703140259 -0.4757100045681 1.4879000186920166 0.0 0.0 0.0 1.0
-0.927577018737793 -0.22829100489616394 0.2957780063152313 4.94265604019165 -0.3683120012283325 0.4255630075931549 -0.8265849947929382 2.9724910259246826 0.06283000111579895 -0.8756589889526367 -0.47882500290870667 1.4921070337295532 0.0 0.0 0.0 1.0
-0.91907799243927 -0.23701900243759155 0.3148289918899536 4.924001216888428 -0.38939300179481506 0.42343801259994507 -0.8179680109024048 2.9771111011505127 0.06056400015950203 -0.8743690252304077 -0.48146700859069824 1.5057090520858765 0.0 0.0 0.0 1.0
-0.9146789908409119 -0.24328599870204926 0.3227599859237671 4.921018123626709 -0.39946499466896057 0.42251500487327576 -0.8135769963264465 2.975843906402588 0.06156099960207939 -0.8730940222740173 -0.48364999890327454 1.521016001701355 0.0 0.0 0.0 1.0
-0.9134910106658936 -0.24398000538349152 0.3255879878997803 4.922756195068359 -0.40217000246047974 0.42034101486206055 -0.8133710026741028 2.9888479709625244 0.06158800050616264 -0.8739489912986755 -0.4821000099182129 1.5213730335235596 0.0 0.0 0.0 1.0
-0.9139189720153809 -0.24362200498580933 0.3246549963951111 4.925583839416504 -0.4013339877128601 0.4227850139141083 -0.812516987323761 2.9936509132385254 0.06068800017237663 -0.8728700280189514 -0.4841650128364563 1.5329829454421997 0.0 0.0 0.0 1.0
-0.9142240285873413 -0.23670899868011475 0.32888200879096985 4.919979095458984 -0.40114301443099976 0.41400399804115295 -0.8171200156211853 3.004499912261963 0.05726100131869316 -0.8789590001106262 -0.4734460115432739 1.5339339971542358 0.0 0.0 0.0 1.0
-0.911899983882904 -0.23179900646209717 0.3386859893798828 4.897068023681641 -0.4071030020713806 0.40629398822784424 -0.818041980266571 3.0131618976593018 0.052014999091625214 -0.8838520050048828 -0.4648649990558624 1.5292630195617676 0.0 0.0 0.0 1.0
-0.9124940037727356 -0.22749899327754974 0.3399989902973175 4.896362781524658 -0.4062249958515167 0.40568599104881287 -0.8187800049781799 3.021298885345459 0.04833900183439255 -0.8852480053901672 -0.4626010060310364 1.5344350337982178 0.0 0.0 0.0 1.0
-0.9124040007591248 -0.22145000100135803 0.3442069888114929 4.889517784118652 -0.4070979952812195 0.4041000008583069 -0.819130003452301 3.025753974914551 0.042302001267671585 -0.887503981590271 -0.458855003118515 1.5439419746398926 0.0 0.0 0.0 1.0
-0.910057008266449 -0.21510599553585052 0.354297012090683 4.872511863708496 -0.4129459857940674 0.3969860076904297 -0.8196809887886047 3.0359089374542236 0.03566800057888031 -0.8922619819641113 -0.45010700821876526 1.5436149835586548 0.0 0.0 0.0 1.0
-0.9086350202560425 -0.20977699756622314 0.3610759973526001 4.862259864807129 -0.4165610074996948 0.3946410119533539 -0.8189839720726013 3.0470879077911377 0.029309000819921494 -0.8945680260658264 -0.44596898555755615 1.551224946975708 0.0 0.0 0.0 1.0
-0.9075180292129517 -0.1990790069103241 0.3698369860649109 4.849218845367432 -0.41945698857307434 0.3842160105705261 -0.8224560022354126 3.064918041229248 0.021637000143527985 -0.901524007320404 -0.4321880042552948 1.5363880395889282 0.0 0.0 0.0 1.0
-0.9082930088043213 -0.19575899839401245 0.36970698833465576 4.8514251708984375 -0.41793501377105713 0.38596999645233154 -0.8224089741706848 3.074268102645874 0.018299000337719917 -0.9015020132064819 -0.4323880076408386 1.5484880208969116 0.0 0.0 0.0 1.0
-0.9091730117797852 -0.1928669959306717 0.36906200647354126 4.848295211791992 -0.41609299182891846 0.3857269883155823 -0.8234570026397705 3.078403949737549 0.016460999846458435 -0.9022290110588074 -0.43094301223754883 1.5599939823150635 0.0 0.0 0.0 1.0
-0.9105129837989807 -0.1866150051355362 0.3689720034599304 4.8421478271484375 -0.4132010042667389 0.377934992313385 -0.8285099864006042 3.0949831008911133 0.015166000463068485 -0.9068300127983093 -0.42122501134872437 1.5570429563522339 0.0 0.0 0.0 1.0
-0.9118930101394653 -0.18070200085639954 0.3685069978237152 4.832821846008301 -0.4102630019187927 0.3759010136127472 -0.8308929800987244 3.107224941253662 0.011621999554336071 -0.9088699817657471 -0.41691699624061584 1.5611590147018433 0.0 0.0 0.0 1.0
-0.9138100147247314 -0.17749999463558197 0.3653019964694977 4.827463150024414 -0.40600499510765076 0.3758699893951416 -0.8329949975013733 3.110996961593628 0.01054999977350235 -0.9095140099525452 -0.41554000973701477 1.572463035583496 0.0 0.0 0.0 1.0
-0.9194859862327576 -0.16816799342632294 0.355336993932724 4.828376770019531 -0.39295798540115356 0.36707499623298645 -0.8431130051612854 3.1357240676879883 0.011349000036716461 -0.9148640036582947 -0.4036029875278473 1.5622830390930176 0.0 0.0 0.0 1.0
-0.922698974609375 -0.16550099849700928 0.3481900095939636 4.816196918487549 -0.3852809965610504 0.3639419972896576 -0.8479999899864197 3.1474480628967285 0.013624000363051891 -0.9165999889373779 -0.39957401156425476 1.570194959640503 0.0 0.0 0.0 1.0
-0.9241939783096313 -0.16037699580192566 0.34661999344825745 4.785205841064453 -0.3817409873008728 0.35971900820732117 -0.8513969779014587 3.1522560119628906 0.011858999729156494 -0.9191740155220032 -0.39367300271987915 1.5650540590286255 0.0 0.0 0.0 1.0
-0.9283000230789185 -0.15414300560951233 0.33837801218032837 4.770143032073975 -0.3716610074043274 0.35697901248931885 -0.8569909930229187 3.1680550575256348 0.011304999701678753 -0.9213060140609741 -0.38867300748825073 1.5601940155029297 0.0 0.0 0.0 1.0
-0.9331430196762085 -0.1468379944562912 0.3281489908695221 4.770795822143555 -0.35938799381256104 0.3578220009803772 -0.8618599772453308 3.172744035720825 0.00913500040769577 -0.9221720099449158 -0.3866719901561737 1.5636399984359741 0.0 0.0 0.0 1.0
-0.9376630187034607 -0.14523500204086304 0.3157469928264618 4.773959159851074 -0.34726300835609436 0.35475799441337585 -0.8680760264396667 3.1898670196533203 0.014062000438570976 -0.9236090183258057 -0.383078008890152 1.5631200075149536 0.0 0.0 0.0 1.0
-0.9437090158462524 -0.13920600712299347 0.3000589907169342 4.77741813659668 -0.3304699957370758 0.3576839864253998 -0.8734139800071716 3.2063119411468506 0.014258000068366528 -0.9234089851379395 -0.38355299830436707 1.5562989711761475 0.0 0.0 0.0 1.0
-0.946245014667511 -0.13895699381828308 0.29208099842071533 4.7571539878845215 -0.3230389952659607 0.36047300696372986 -0.8750460147857666 3.213226079940796 0.016307000070810318 -0.9223610162734985 -0.38598498702049255 1.5498360395431519 0.0 0.0 0.0 1.0
-0.950747013092041 -0.14024099707603455 0.2764289975166321 4.75800895690918 -0.30917999148368835 0.36545801162719727 -0.8779799938201904 3.218996047973633 0.022105999290943146 -0.9202029705047607 -0.3908179998397827 1.5610899925231934 0.0 0.0 0.0 1.0
-0.9541329741477966 -0.13624300062656403 0.2665869891643524 4.746656894683838 -0.2985830008983612 0.36796098947525024 -0.8805980086326599 3.2300820350646973 0.02188199944794178 -0.9198060035705566 -0.39176398515701294 1.562919020652771 0.0 0.0 0.0 1.0
-0.9570149779319763 -0.13310199975967407 0.2576940059661865 4.739150047302246 -0.2892630100250244 0.3730809986591339 -0.8815540075302124 3.238065004348755 0.021196000277996063 -0.9182019829750061 -0.39554598927497864 1.56700599193573 0.0 0.0 0.0 1.0
-0.9593859910964966 -0.13054099678993225 0.25007399916648865 4.7352399826049805 -0.2813259959220886 0.37729498744010925 -0.882328987121582 3.2445080280303955 0.020827999338507652 -0.9168469905853271 -0.39869600534439087 1.5775259733200073 0.0 0.0 0.0 1.0
-0.9612399935722351 -0.12504300475120544 0.24572700262069702 4.732975006103516 -0.27517399191856384 0.3793930113315582 -0.8833690285682678 3.2495899200439453 0.017232000827789307 -0.916746973991394 -0.3990960121154785 1.5871549844741821 0.0 0.0 0.0 1.0
-0.961014986038208 -0.1166900023818016 0.2506679892539978 4.712500095367432 -0.27635401487350464 0.3761659860610962 -0.8843799829483032 3.261384963989258 0.008906000293791294 -0.9191750288009644 -0.3937489986419678 1.5827770233154297 0.0 0.0 0.0 1.0
-0.9585070013999939 -0.11156000196933746 0.2623330056667328 4.677627086639404 -0.2850619852542877 0.3690760135650635 -0.8846030235290527 3.2723538875579834 0.0018649999983608723 -0.9226790070533752 -0.38556399941444397 1.5668950080871582 0.0 0.0 0.0 1.0
-0.9582629799842834 -0.10876700282096863 0.2643899917602539 4.670454978942871 -0.2858859896659851 0.3683600127696991 -0.8846359848976135 3.2797980308532715 -0.0011709999525919557 -0.9232990145683289 -0.3840799927711487 1.5672039985656738 0.0 0.0 0.0 1.0
-0.9583240151405334 -0.10859400033950806 0.26423901319503784 4.662402153015137 -0.28568199276924133 0.36638501286506653 -0.8855209946632385 3.290895938873291 -0.0006510000093840063 -0.9241049885749817 -0.3821389973163605 1.5699039697647095 0.0 0.0 0.0 1.0
-0.958611011505127 -0.10724899917840958 0.2637470066547394 4.6494622230529785 -0.28471601009368896 0.3649980127811432 -0.8864039778709412 3.3014659881591797 -0.0012009999481961131 -0.924809992313385 -0.3804270029067993 1.566810965538025 0.0 0.0 0.0 1.0
-0.9596999883651733 -0.1058650016784668 0.2603229880332947 4.639800071716309 -0.28101301193237305 0.3702639937400818 -0.8854020237922668 3.3067939281463623 -0.002655999967828393 -0.9228739738464355 -0.38509199023246765 1.5773119926452637 0.0 0.0 0.0 1.0
-0.9601370096206665 -0.10205899924039841 0.2602330148220062 4.625946044921875 -0.279462993144989 0.37095698714256287 -0.8856019973754883 3.314755916595459 -0.0061519998125731945 -0.9230250120162964 -0.3846909999847412 1.585777997970581 0.0 0.0 0.0 1.0
-0.959721028804779 -0.09608399868011475 0.26401299238204956 4.608401775360107 -0.280705988407135 0.36739200353622437 -0.8866950273513794 3.3222639560699463 -0.011799000203609467 -0.9250900149345398 -0.3795660138130188 1.5916789770126343 0.0 0.0 0.0 1.0
-0.9586719870567322 -0.09162700176239014 0.26935601234436035 4.590463161468506 -0.28409600257873535 0.3595519959926605 -0.8888260126113892 3.3348588943481445 -0.015406999737024307 -0.9286159873008728 -0.37072300910949707 1.5919749736785889 0.0 0.0 0.0 1.0
-0.9564359784126282 -0.0868929997086525 0.2787120044231415 4.561334133148193 -0.29123398661613464 0.35049301385879517 -0.8901339769363403 3.3462018966674805 -0.020339999347925186 -0.9325259923934937 -0.36052998900413513 1.5870620012283325 0.0 0.0 0.0 1.0
-0.9554139971733093 -0.08269499987363815 0.2834540009498596 4.544565200805664 -0.2944349944591522 0.3389889895915985 -0.8935289978981018 3.354207992553711 -0.022197000682353973 -0.9371489882469177 -0.3482230007648468 1.5781060457229614 0.0 0.0 0.0 1.0
-0.9568150043487549 -0.0801289975643158 0.27943700551986694 4.54465913772583 -0.2900710105895996 0.3262769877910614 -0.8996679782867432 3.3674159049987793 -0.019084999337792397 -0.9418720006942749 -0.33542999625205994 1.5700199604034424 0.0 0.0 0.0 1.0
-0.9566839933395386 -0.08129700273275375 0.2795470058917999 4.528378009796143 -0.29069098830223083 0.31936898827552795 -0.9019439816474915 3.3822169303894043 -0.015953000634908676 -0.9441369771957397 -0.3291679918766022 1.5561670064926147 0.0 0.0 0.0 1.0
-0.9567109942436218 -0.08671700209379196 0.27782100439071655 4.515804767608643 -0.2907800078392029 0.32516801357269287 -0.8998399972915649 3.3905060291290283 -0.0123070003464818 -0.9416720271110535 -0.33630800247192383 1.5628299713134766 0.0 0.0 0.0 1.0
-0.9557890295982361 -0.0911410003900528 0.2795720100402832 4.496547222137451 -0.29388800263404846 0.3279210031032562 -0.897828996181488 3.394670009613037 -0.009848999790847301 -0.9402989745140076 -0.3402079939842224 1.5633009672164917 0.0 0.0 0.0 1.0
-0.9555789828300476 -0.09345400333404541 0.27952900528907776 4.482566833496094 -0.29460200667381287 0.3315429985523224 -0.8962640166282654 3.398893117904663 -0.00891599990427494 -0.9387999773025513 -0.3443470001220703 1.576665997505188 0.0 0.0 0.0 1.0
-0.9557039737701416 -0.09487800300121307 0.2786169946193695 4.473226070404053 -0.2942419946193695 0.3310149908065796 -0.896577000617981 3.408015012741089 -0.007160999812185764 -0.9388440251350403 -0.3442690074443817 1.5766210556030273 0.0 0.0 0.0 1.0
-0.9541109800338745 -0.09480399638414383 0.28405100107192993 4.451257228851318 -0.29933300614356995 0.3288320004940033 -0.8956949710845947 3.417999029159546 -0.008489999920129776 -0.9396179914474487 -0.3421199917793274 1.5697319507598877 0.0 0.0 0.0 1.0
-0.9528449773788452 -0.095100998878479 0.2881689965724945 4.437023162841797 -0.30329498648643494 0.3294239938259125 -0.8941429853439331 3.421919107437134 -0.009895999915897846 -0.9393810033798218 -0.3427340090274811 1.574977993965149 0.0 0.0 0.0 1.0
-0.9522910118103027 -0.09145800024271011 0.2911660075187683 4.429727077484131 -0.30486899614334106 0.32892900705337524 -0.8937900066375732 3.434079885482788 -0.014028999954462051 -0.9399160146713257 -0.3411180078983307 1.5694489479064941 0.0 0.0 0.0 1.0
-0.9497799873352051 -0.0913819968700409 0.29927900433540344 4.419607162475586 -0.3122209906578064 0.3406490087509155 -0.886834979057312 3.433851957321167 -0.020907999947667122 -0.9357389807701111 -0.3520730137825012 1.5855779647827148 0.0 0.0 0.0 1.0
-0.9469389915466309 -0.09226799756288528 0.3078869879245758 4.420674800872803 -0.32059401273727417 0.3395709991455078 -0.8842570185661316 3.439107894897461 -0.022960999980568886 -0.9360439777374268 -0.3511340022087097 1.5720280408859253 0.0 0.0 0.0 1.0
-0.9429550170898438 -0.097352996468544 0.3183690011501312 4.408483028411865 -0.3321110010147095 0.3417220115661621 -0.8791630268096924 3.450300931930542 -0.023204000666737556 -0.9347450137138367 -0.3545610010623932 1.5908609628677368 0.0 0.0 0.0 1.0
-0.9387580156326294 -0.09522199630737305 0.3311609923839569 4.397295951843262 -0.3433929979801178 0.33820798993110657 -0.8761829733848572 3.455380916595459 -0.028568999841809273 -0.9362419843673706 -0.3501940071582794 1.5932350158691406 0.0 0.0 0.0 1.0
-0.935267984867096 -0.09355399757623672 0.34135401248931885 4.395166873931885 -0.3526360094547272 0.3290669918060303 -0.875993013381958 3.462548017501831 -0.030375000089406967 -0.9396610260009766 -0.34075599908828735 1.5859839916229248 0.0 0.0 0.0 1.0
-0.9333810210227966 -0.09353800117969513 0.3464829921722412 4.39389181137085 -0.3576120138168335 0.3237049877643585 -0.8759729862213135 3.4718880653381348 -0.03022100031375885 -0.941523015499115 -0.3355900049209595 1.5919619798660278 0.0 0.0 0.0 1.0
-0.9301570057868958 -0.08917299658060074 0.35616999864578247 4.3908610343933105 -0.3655279874801636 0.3163580000400543 -0.8753899931907654 3.4767329692840576 -0.034616999328136444 -0.9444389939308167 -0.3268580138683319 1.592015027999878 0.0 0.0 0.0 1.0
-0.9271199703216553 -0.08867499977350235 0.36412298679351807 4.385472774505615 -0.3732849955558777 0.30475398898124695 -0.8762320280075073 3.486021041870117 -0.033268000930547714 -0.9482939839363098 -0.3156439960002899 1.59968900680542 0.0 0.0 0.0 1.0
-0.9195510149002075 -0.07940399646759033 0.38486599922180176 4.33997106552124 -0.39079898595809937 0.28762000799179077 -0.8743860125541687 3.5055150985717773 -0.04126499965786934 -0.9544469714164734 -0.29551300406455994 1.583907961845398 0.0 0.0 0.0 1.0
-0.9135059714317322 -0.07987699657678604 0.39890798926353455 4.338511943817139 -0.40489599108695984 0.27391698956489563 -0.8723700046539307 3.511281967163086 -0.03958500176668167 -0.9584310054779053 -0.28256699442863464 1.5900219678878784 0.0 0.0 0.0 1.0
-0.90625 -0.08592599630355835 0.41391798853874207 4.348008155822754 -0.42120298743247986 0.26703599095344543 -0.8667640089988708 3.509100914001465 -0.036052998155355453 -0.9598479866981506 -0.27819299697875977 1.6185380220413208 0.0 0.0 0.0 1.0
-0.8980500102043152 -0.09616299718618393 0.4292530119419098 4.366364002227783 -0.43909698724746704 0.25463300943374634 -0.8616009950637817 3.509866952896118 -0.026448000222444534 -0.962244987487793 -0.2708989977836609 1.6426520347595215 0.0 0.0 0.0 1.0
-0.8880760073661804 -0.09807199984788895 0.44911301136016846 4.351160049438477 -0.45911499857902527 0.2383269965648651 -0.8558120131492615 3.506164073944092 -0.023104999214410782 -0.9662209749221802 -0.2566789984703064 1.6514960527420044 0.0 0.0 0.0 1.0
-0.8836060166358948 -0.08706700056791306 0.46006500720977783 4.347324848175049 -0.4674299955368042 0.22147099673748016 -0.8558390140533447 3.5164918899536133 -0.027375999838113785 -0.9712719917297363 -0.23639099299907684 1.638772964477539 0.0 0.0 0.0 1.0
-0.8790180087089539 -0.07544799894094467 0.47078099846839905 4.344893932342529 -0.4755519926548004 0.20979900658130646 -0.8543040156364441 3.52388596534729 -0.034313999116420746 -0.9748290181159973 -0.22029699385166168 1.6065449714660645 0.0 0.0 0.0 1.0
-0.8711879849433899 -0.08402799814939499 0.4837050139904022 4.345967769622803 -0.4897780120372772 0.21676099300384521 -0.8444719910621643 3.5215508937835693 -0.03388899937272072 -0.9726020097732544 -0.229994997382164 1.6461249589920044 0.0 0.0 0.0 1.0
-0.8648899793624878 -0.07590100169181824 0.49619001150131226 4.348607063293457 -0.5006570219993591 0.20167599618434906 -0.841825008392334 3.5329349040985107 -0.036173999309539795 -0.9765070080757141 -0.2124280035495758 1.6324490308761597 0.0 0.0 0.0 1.0
-0.8546950221061707 -0.07055599987506866 0.5143150091171265 4.338890075683594 -0.517786979675293 0.18712399899959564 -0.8347939848899841 3.5291359424591064 -0.03734099864959717 -0.9797989726066589 -0.19646699726581573 1.6308560371398926 0.0 0.0 0.0 1.0
-inf -inf -inf -inf -inf -inf -inf -inf -inf -inf -inf -inf -inf -inf -inf -inf
-0.8474149703979492 -0.07376600056886673 0.525780975818634 4.354828834533691 -0.5297470092773438 0.183570995926857 -0.8280519843101501 3.5306150913238525 -0.035436000674963 -0.9802349805831909 -0.19463799893856049 1.6500569581985474 0.0 0.0 0.0 1.0
-0.8417090177536011 -0.06659200042486191 0.5358099937438965 4.344941139221191 -0.5383139848709106 0.18026599287986755 -0.8232390284538269 3.5241620540618896 -0.041767001152038574 -0.9813609719276428 -0.18757900595664978 1.6385899782180786 0.0 0.0 0.0 1.0
-0.8373929858207703 -0.09463100135326385 0.5383480191230774 4.377801895141602 -0.546442985534668 0.16869300603866577 -0.8203309774398804 3.5330710411071777 -0.013186999596655369 -0.981115996837616 -0.19297300279140472 1.6915689706802368 0.0 0.0 0.0 1.0
-0.8368080258369446 -0.10098499804735184 0.5381019711494446 4.3909077644348145 -0.547469973564148 0.16403000056743622 -0.8205919861793518 3.5363259315490723 -0.0053969998843967915 -0.9812729954719543 -0.192548006772995 1.71744704246521 0.0 0.0 0.0 1.0
-0.8361790180206299 -0.09493300318717957 0.5401780009269714 4.394079208374023 -0.5484499931335449 0.14959900081157684 -0.8226929903030396 3.549504041671753 -0.0027099999133497477 -0.9841790199279785 -0.17715799808502197 1.7014379501342773 0.0 0.0 0.0 1.0
-0.8305990099906921 -0.08919999748468399 0.5496799945831299 4.37838077545166 -0.5568159818649292 0.14684100449085236 -0.8175529837608337 3.5275440216064453 -0.007790000177919865 -0.9851300120353699 -0.1716340035200119 1.7158910036087036 0.0 0.0 0.0 1.0
-0.831309974193573 -0.08084499835968018 0.5498989820480347 4.389577865600586 -0.5558009743690491 0.12648099660873413 -0.8216379880905151 3.5499629974365234 -0.003126000054180622 -0.9886689782142639 -0.15007899701595306 1.704928994178772 0.0 0.0 0.0 1.0
-0.8256229758262634 -0.07021400332450867 0.5598369836807251 4.380459785461426 -0.5641739964485168 0.11578799784183502 -0.8174970149993896 3.54585599899292 -0.007422999944537878 -0.990788996219635 -0.13521000742912292 1.700073003768921 0.0 0.0 0.0 1.0
-0.8151220083236694 -0.07560999691486359 0.5743330121040344 4.367514133453369 -0.5792819857597351 0.11127600073814392 -0.8074960112571716 3.5288989543914795 -0.0028550000861287117 -0.9909089803695679 -0.13450300693511963 1.7289999723434448 0.0 0.0 0.0 1.0
-0.8069859743118286 -0.07843200117349625 0.5853400230407715 4.3767170906066895 -0.5905600190162659 0.11319900304079056 -0.7990149855613708 3.512216091156006 -0.0035910001024603844 -0.9904720187187195 -0.13766899704933167 1.764125943183899 0.0 0.0 0.0 1.0
-0.7965019941329956 -0.07276999950408936 0.6002410054206848 4.366881847381592 -0.6046010255813599 0.10654400289058685 -0.7893710136413574 3.4930660724639893 -0.006508999969810247 -0.9916409850120544 -0.1288599967956543 1.7672230005264282 0.0 0.0 0.0 1.0
-0.787194013595581 -0.06663600355386734 0.6130959987640381 4.356351852416992 -0.6166419982910156 0.09944099932909012 -0.7809380292892456 3.4800779819488525 -0.008927999995648861 -0.9928100109100342 -0.1193699985742569 1.771103024482727 0.0 0.0 0.0 1.0
-0.7683879733085632 -0.09133400022983551 0.6334329843521118 4.34237003326416 -0.6399809718132019 0.1128309965133667 -0.7600619792938232 3.4259469509124756 -0.002051000017672777 -0.989408016204834 -0.14515000581741333 1.8525769710540771 0.0 0.0 0.0 1.0
-0.7655699849128723 -0.0799499973654747 0.6383659839630127 4.347421169281006 -0.6433389782905579 0.1016009971499443 -0.7588099837303162 3.437688112258911 -0.004191999789327383 -0.9916080236434937 -0.1292179971933365 1.8287309408187866 0.0 0.0 0.0 1.0
-0.7629969716072083 -0.07559400051832199 0.6419669985771179 4.351889133453369 -0.6463810205459595 0.09726499766111374 -0.7567899823188782 3.4382729530334473 -0.005233000032603741 -0.9923840165138245 -0.12307599931955338 1.8275840282440186 0.0 0.0 0.0 1.0
-0.7554330229759216 -0.07478100061416626 0.6509439945220947 4.348461151123047 -0.6551899909973145 0.09662500023841858 -0.7492600083351135 3.4215610027313232 -0.00686699990183115 -0.9925079941749573 -0.12199000269174576 1.8301130533218384 0.0 0.0 0.0 1.0
-0.7539590001106262 -0.07811299711465836 0.6522610187530518 4.354722023010254 -0.6569039821624756 0.0969569981098175 -0.7477139830589294 3.4234910011291504 -0.004834999796003103 -0.9922189712524414 -0.12441399693489075 1.8338489532470703 0.0 0.0 0.0 1.0
-0.7486400008201599 -0.07136499881744385 0.6591249704360962 4.348620891571045 -0.6628900170326233 0.0967160016298294 -0.7424439787864685 3.4084110260009766 -0.010762999765574932 -0.9927499890327454 -0.11971300095319748 1.803786039352417 0.0 0.0 0.0 1.0
-0.7366899847984314 -0.07773300260305405 0.6717489957809448 4.345743179321289 -0.6761500239372253 0.1000949963927269 -0.7299330234527588 3.386993885040283 -0.010498999617993832 -0.991936981678009 -0.1262979954481125 1.8123699426651 0.0 0.0 0.0 1.0
-0.7204920053482056 -0.08456200361251831 0.6882879734039307 4.337864875793457 -0.6934080123901367 0.10029099881649017 -0.7135310173034668 3.3709850311279297 -0.008690999820828438 -0.9913579821586609 -0.1308950036764145 1.8164830207824707 0.0 0.0 0.0 1.0
-0.7123469710350037 -0.09417200088500977 0.69548100233078 4.364400863647461 -0.7017890214920044 0.105942003428936 -0.704463005065918 3.3888421058654785 -0.007340999785810709 -0.9899029731750488 -0.1415559947490692 1.824673056602478 0.0 0.0 0.0 1.0
-0.6983919739723206 -0.08700600266456604 0.7104079723358154 4.372158050537109 -0.7156410217285156 0.09921000152826309 -0.6913859844207764 3.3922998905181885 -0.010324999690055847 -0.9912559986114502 -0.13155299425125122 1.7697529792785645 0.0 0.0 0.0 1.0
-0.6572570204734802 -0.10142199695110321 0.7468100190162659 4.317162990570068 -0.7535430192947388 0.10633700340986252 -0.6487410068511963 3.306457042694092 -0.013616999611258507 -0.9891440272331238 -0.1463170051574707 1.7611370086669922 0.0 0.0 0.0 1.0
-0.6491889953613281 -0.0995739996433258 0.7540820240974426 4.324863910675049 -0.7605370283126831 0.10028199851512909 -0.6415039896965027 3.3221089839935303 -0.011742999777197838 -0.9899640083312988 -0.14083200693130493 1.7029099464416504 0.0 0.0 0.0 1.0
-0.6325299739837646 -0.11656399816274643 0.7657150030136108 4.320364952087402 -0.7745180130004883 0.10187099874019623 -0.6242939829826355 3.303849935531616 -0.00523399980738759 -0.987945020198822 -0.15471699833869934 1.6979609727859497 0.0 0.0 0.0 1.0
-0.6236370205879211 -0.12619400024414062 0.771461009979248 4.32893180847168 -0.7817090153694153 0.10415100306272507 -0.6148849725723267 3.307796001434326 -0.0027540000155568123 -0.9865229725837708 -0.16359899938106537 1.6863210201263428 0.0 0.0 0.0 1.0
-0.6144899725914001 -0.13767099380493164 0.7768189907073975 4.333395957946777 -0.7889220118522644 0.10960300266742706 -0.6046389937400818 3.3106539249420166 -0.00190100003965199 -0.9843950271606445 -0.17596200108528137 1.6781909465789795 0.0 0.0 0.0 1.0
-0.6019629836082458 -0.14301100373268127 0.785614013671875 4.322021961212158 -0.7985079884529114 0.11411599814891815 -0.5910689830780029 3.301927089691162 -0.005121999885886908 -0.9831200242042542 -0.18288899958133698 1.6448700428009033 0.0 0.0 0.0 1.0
-0.5919479727745056 -0.1578579992055893 0.790365993976593 4.321382999420166 -0.8059430122375488 0.12479999661445618 -0.5786889791488647 3.2914819717407227 -0.007286999840289354 -0.9795439839363098 -0.20110000669956207 1.6485910415649414 0.0 0.0 0.0 1.0
-0.5887759923934937 -0.16964499652385712 0.7902929782867432 4.345983028411865 -0.8082559704780579 0.1332709938287735 -0.5735509991645813 3.3021600246429443 -0.008023000322282314 -0.9764519929885864 -0.21558399498462677 1.6407010555267334 0.0 0.0 0.0 1.0
-0.5676739811897278 -0.1785690039396286 0.8036540150642395 4.327875137329102 -0.8231070041656494 0.14153000712394714 -0.5499669909477234 3.2663609981536865 -0.015533999539911747 -0.9736949801445007 -0.2273239940404892 1.623339056968689 0.0 0.0 0.0 1.0
-0.5590940117835999 -0.19442300498485565 0.8059859871864319 4.34035587310791 -0.8289260268211365 0.1512490063905716 -0.5385220050811768 3.266072988510132 -0.017203999683260918 -0.9691870212554932 -0.24572500586509705 1.61981201171875 0.0 0.0 0.0 1.0
-0.5465760231018066 -0.22144900262355804 0.8075979948043823 4.346901893615723 -0.8373349905014038 0.15743499994277954 -0.5235310196876526 3.2543699741363525 -0.011208999902009964 -0.9623799920082092 -0.27147701382637024 1.6317460536956787 0.0 0.0 0.0 1.0
-0.5391119718551636 -0.2259870022535324 0.8113499879837036 4.345806121826172 -0.8420510292053223 0.16472500562667847 -0.5136299729347229 3.254667043685913 -0.017575999721884727 -0.9601020216941833 -0.2790980041027069 1.6111979484558105 0.0 0.0 0.0 1.0
-0.5358189940452576 -0.2384449988603592 0.8099640011787415 4.356008052825928 -0.8441089987754822 0.17334799468517303 -0.5073760151863098 3.2559781074523926 -0.01942400075495243 -0.955560028553009 -0.2941559851169586 1.605247974395752 0.0 0.0 0.0 1.0
-0.5327119827270508 -0.2448740005493164 0.8100950121879578 4.362651824951172 -0.8458629846572876 0.1846809983253479 -0.5004079937934875 3.2494699954986572 -0.02707199938595295 -0.9518030285835266 -0.305512011051178 1.5899369716644287 0.0 0.0 0.0 1.0
-0.5323669910430908 -0.2513909935951233 0.8083239793777466 4.371578216552734 -0.845986008644104 0.19171400368213654 -0.4975470006465912 3.253079891204834 -0.029888000339269638 -0.9487090110778809 -0.314736008644104 1.5761840343475342 0.0 0.0 0.0 1.0
-0.5308369994163513 -0.263698011636734 0.805404007434845 4.379518985748291 -0.8470199704170227 0.19619199633598328 -0.4940299987792969 3.245771884918213 -0.02773899957537651 -0.9444429874420166 -0.3275029957294464 1.5747870206832886 0.0 0.0 0.0 1.0
-0.5307980179786682 -0.2731100022792816 0.8022869825363159 4.386237144470215 -0.8470450043678284 0.20190300047397614 -0.49167999625205994 3.243617057800293 -0.02770099975168705 -0.940555989742279 -0.3385069966316223 1.5683410167694092 0.0 0.0 0.0 1.0
-0.5284199714660645 -0.28286799788475037 0.8004739880561829 4.395358085632324 -0.8486490249633789 0.202456995844841 -0.4886780083179474 3.233091115951538 -0.023830000311136246 -0.9375489950180054 -0.34703800082206726 1.5582369565963745 0.0 0.0 0.0 1.0
-0.527101993560791 -0.2915419936180115 0.7982270121574402 4.398083209991455 -0.8495640158653259 0.20301400125026703 -0.4868530035018921 3.2258219718933105 -0.02011200040578842 -0.9347670078277588 -0.3546929955482483 1.551969051361084 0.0 0.0 0.0 1.0
-0.5278459787368774 -0.30113300681114197 0.7941640019416809 4.413299083709717 -0.8492529988288879 0.2005079984664917 -0.48843199014663696 3.2247469425201416 -0.012152999639511108 -0.932263970375061 -0.36157599091529846 1.5482579469680786 0.0 0.0 0.0 1.0
-0.5188900232315063 -0.3042429983615875 0.7988680005073547 4.401318073272705 -0.8547999858856201 0.193914994597435 -0.4813680052757263 3.202198028564453 -0.008458999916911125 -0.9326480031013489 -0.3606869876384735 1.5260649919509888 0.0 0.0 0.0 1.0
-0.5176090002059937 -0.31047800183296204 0.7972990274429321 4.412590980529785 -0.8556029796600342 0.19322499632835388 -0.48021599650382996 3.201894998550415 -0.00496200006455183 -0.9307349920272827 -0.36566099524497986 1.5188369750976562 0.0 0.0 0.0 1.0
-0.5115270018577576 -0.31240299344062805 0.8004649877548218 4.416492938995361 -0.859266996383667 0.18670199811458588 -0.4762380123138428 3.199570894241333 -0.0006699999794363976 -0.9314219951629639 -0.3639400005340576 1.5025060176849365 0.0 0.0 0.0 1.0
-0.5082370042800903 -0.32248198986053467 0.7985619902610779 4.431647777557373 -0.8611680269241333 0.1803860068321228 -0.47523799538612366 3.1993460655212402 0.009205999784171581 -0.9292290210723877 -0.36939001083374023 1.494081974029541 0.0 0.0 0.0 1.0
-0.502469003200531 -0.3353849947452545 0.7968959808349609 4.441198825836182 -0.8643519878387451 0.17299599945545197 -0.47219499945640564 3.209765911102295 0.020507000386714935 -0.9260609745979309 -0.3768160045146942 1.4915809631347656 0.0 0.0 0.0 1.0
-0.48800399899482727 -0.34242698550224304 0.8028669953346252 4.451690196990967 -0.8724830150604248 0.1650329977273941 -0.45993098616600037 3.208327054977417 0.02499300055205822 -0.9249370098114014 -0.37929901480674744 1.4835059642791748 0.0 0.0 0.0 1.0
-0.4670349955558777 -0.3488970100879669 0.8124960064888 4.449830055236816 -0.8837850093841553 0.1547500044107437 -0.4415610134601593 3.1926798820495605 0.028325999155640602 -0.9242960214614868 -0.380623996257782 1.4746689796447754 0.0 0.0 0.0 1.0
-0.4530769884586334 -0.35880500078201294 0.8160759806632996 4.457974910736084 -0.8908489942550659 0.1480329930782318 -0.42950499057769775 3.187509059906006 0.033302001655101776 -0.9215989708900452 -0.3867120146751404 1.4722490310668945 0.0 0.0 0.0 1.0
-0.44348400831222534 -0.3663409948348999 0.8179960250854492 4.465407848358154 -0.8955230116844177 0.14354099333286285 -0.4212310016155243 3.1795499324798584 0.03689799830317497 -0.9193429946899414 -0.39172399044036865 1.4694479703903198 0.0 0.0 0.0 1.0
-0.4382669925689697 -0.37075701355934143 0.8188170194625854 4.468185901641846 -0.8980609774589539 0.14256900548934937 -0.4161269962787628 3.165750026702881 0.03754400089383125 -0.9177219867706299 -0.39544498920440674 1.4621399641036987 0.0 0.0 0.0 1.0
-0.43852001428604126 -0.38099101185798645 0.8139690160751343 4.474799156188965 -0.8979610204696655 0.14850400388240814 -0.41426101326942444 3.1536788940429688 0.036952000111341476 -0.9125750064849854 -0.4072380065917969 1.461230993270874 0.0 0.0 0.0 1.0
-0.43690499663352966 -0.3899959921836853 0.8105660080909729 4.476696014404297 -0.898872971534729 0.15546000003814697 -0.4097059965133667 3.136657953262329 0.03377300128340721 -0.9075989723205566 -0.41847899556159973 1.4477779865264893 0.0 0.0 0.0 1.0
-0.43456700444221497 -0.40480899810791016 0.8045380115509033 4.480720043182373 -0.9000959992408752 0.16416800022125244 -0.4035800099372864 3.125818967819214 0.031293999403715134 -0.8995429873466492 -0.43570899963378906 1.4464629888534546 0.0 0.0 0.0 1.0
-0.4295780062675476 -0.4144960045814514 0.8022819757461548 4.485151767730713 -0.9026089906692505 0.1699790060520172 -0.3954789936542511 3.1140339374542236 0.027552999556064606 -0.8940359950065613 -0.447147011756897 1.4440590143203735 0.0 0.0 0.0 1.0
-0.4249730110168457 -0.42190200090408325 0.8008720278739929 4.490377902984619 -0.9049109816551208 0.17541900277137756 -0.38776901364326477 3.1063640117645264 0.02311200089752674 -0.8895090222358704 -0.4563319981098175 1.4390569925308228 0.0 0.0 0.0 1.0
-0.41643500328063965 -0.4335620105266571 0.799127995967865 4.492487907409668 -0.9089210033416748 0.17817999422550201 -0.3769800066947937 3.0937609672546387 0.021056000143289566 -0.8833320140838623 -0.46827399730682373 1.4326939582824707 0.0 0.0 0.0 1.0
-0.4095810055732727 -0.4464919865131378 0.7955430150032043 4.5002121925354 -0.9121019840240479 0.1835229992866516 -0.3665899932384491 3.0815210342407227 0.0176790002733469 -0.8757650256156921 -0.48241400718688965 1.4331940412521362 0.0 0.0 0.0 1.0
-0.40309199690818787 -0.45423901081085205 0.794471025466919 4.507411956787109 -0.9150279760360718 0.1853419989347458 -0.3582899868488312 3.0657401084899902 0.01549999974668026 -0.8713870048522949 -0.49035099148750305 1.4364689588546753 0.0 0.0 0.0 1.0
-0.3903000056743622 -0.4578720033168793 0.7987610101699829 4.5109429359436035 -0.9205520153045654 0.17921200394630432 -0.3470819890499115 3.02974009513855 0.015771999955177307 -0.8707680106163025 -0.4914419949054718 1.4293580055236816 0.0 0.0 0.0 1.0
-0.38551199436187744 -0.46055200695991516 0.7995449900627136 4.514804840087891 -0.922510027885437 0.1746709942817688 -0.34418800473213196 3.0120840072631836 0.018859000876545906 -0.8702769875526428 -0.4922010004520416 1.4326679706573486 0.0 0.0 0.0 1.0
-0.3885909914970398 -0.4578390121459961 0.7996119856834412 4.521780967712402 -0.9211570024490356 0.17267900705337524 -0.34878599643707275 3.0103580951690674 0.021611999720335007 -0.8721039891242981 -0.48884400725364685 1.4340649843215942 0.0 0.0 0.0 1.0
-0.3814310133457184 -0.45492300391197205 0.8047080039978027 4.518403053283691 -0.9241470098495483 0.16739299893379211 -0.34341299533843994 2.9857230186462402 0.02152400091290474 -0.8746569752693176 -0.484264999628067 1.4284019470214844 0.0 0.0 0.0 1.0
-0.37355101108551025 -0.4562079906463623 0.8076720237731934 4.517600059509277 -0.9273170232772827 0.1617870032787323 -0.33750298619270325 2.9639461040496826 0.023300999775528908 -0.8750420212745667 -0.48348501324653625 1.4237380027770996 0.0 0.0 0.0 1.0
-0.36657100915908813 -0.46109798550605774 0.8080930113792419 4.520528793334961 -0.9299520254135132 0.15492700040340424 -0.33344700932502747 2.945589065551758 0.02855600044131279 -0.8737199902534485 -0.48559099435806274 1.4241329431533813 0.0 0.0 0.0 1.0
-0.35517001152038574 -0.4658699929714203 0.8104439973831177 4.522630214691162 -0.9342600107192993 0.1473899930715561 -0.32470598816871643 2.923578977584839 0.03181900084018707 -0.8724910020828247 -0.48759299516677856 1.425652027130127 0.0 0.0 0.0 1.0
-0.3397369980812073 -0.4694939851760864 0.81495600938797 4.523221969604492 -0.9399700164794922 0.1398710012435913 -0.3112730085849762 2.8969030380249023 0.032152000814676285 -0.8717859983444214 -0.4888310134410858 1.4269089698791504 0.0 0.0 0.0 1.0
-0.3218800127506256 -0.47262701392173767 0.8203759789466858 4.524056911468506 -0.9461690187454224 0.12944699823856354 -0.29666000604629517 2.874588966369629 0.03401400148868561 -0.8717039823532104 -0.48885199427604675 1.4299290180206299 0.0 0.0 0.0 1.0
-0.3057760000228882 -0.4728449881076813 0.8263890147209167 4.521574020385742 -0.9515500068664551 0.12216699868440628 -0.28218498826026917 2.8547699451446533 0.032471999526023865 -0.8726360201835632 -0.48729100823402405 1.4294589757919312 0.0 0.0 0.0 1.0
-0.28716498613357544 -0.47486400604248047 0.8318899869918823 4.521397113800049 -0.9573280215263367 0.11277899891138077 -0.26608899235725403 2.8345799446105957 0.03253600001335144 -0.8728029727935791 -0.48698699474334717 1.4342379570007324 0.0 0.0 0.0 1.0
-0.26687899231910706 -0.47785401344299316 0.8369179964065552 4.5268659591674805 -0.9630810022354126 0.10038500279188156 -0.24979400634765625 2.810394048690796 0.03535199910402298 -0.8726850152015686 -0.48700299859046936 1.4414989948272705 0.0 0.0 0.0 1.0
-0.2532309889793396 -0.4722230136394501 0.8443220257759094 4.516385078430176 -0.9667630195617676 0.09170699864625931 -0.2386620044708252 2.798150062561035 0.03527199849486351 -0.876695990562439 -0.47975000739097595 1.4285000562667847 0.0 0.0 0.0 1.0
-0.23707200586795807 -0.4801110029220581 0.8445649743080139 4.515829086303711 -0.9709920287132263 0.08920600265264511 -0.22184999287128448 2.7842929363250732 0.031171999871730804 -0.8726599812507629 -0.4873329997062683 1.421017050743103 0.0 0.0 0.0 1.0
-0.2177859991788864 -0.49476200342178345 0.8412960171699524 4.5192718505859375 -0.9757400155067444 0.09064000099897385 -0.19928500056266785 2.7654619216918945 0.022343000397086143 -0.8642889857292175 -0.5024999976158142 1.428452968597412 0.0 0.0 0.0 1.0
-0.20001299679279327 -0.5044360160827637 0.8399630188941956 4.529905796051025 -0.9796749949455261 0.08965499699115753 -0.1794389933347702 2.749234914779663 0.01520800031721592 -0.8587809801101685 -0.512116014957428 1.4399909973144531 0.0 0.0 0.0 1.0
-0.1842769980430603 -0.5015349984169006 0.8452839851379395 4.528183937072754 -0.9828490018844604 0.08788900077342987 -0.1621199995279312 2.7253990173339844 0.007017999887466431 -0.8606619834899902 -0.509128987789154 1.437757968902588 0.0 0.0 0.0 1.0
-0.1733579933643341 -0.5012900233268738 0.8477349877357483 4.534987926483154 -0.9848549962043762 0.0858680009841919 -0.15062199532985687 2.7043049335479736 0.0027119999285787344 -0.8610079884529114 -0.5085840225219727 1.4396100044250488 0.0 0.0 0.0 1.0
-0.16750499606132507 -0.4969269931316376 0.851472020149231 4.532519817352295 -0.9858710169792175 0.0836390033364296 -0.14513200521469116 2.6872029304504395 0.0009040000149980187 -0.8637530207633972 -0.5039160251617432 1.4327410459518433 0.0 0.0 0.0 1.0
-0.16397500038146973 -0.49716800451278687 0.8520190119743347 4.537723064422607 -0.9864640235900879 0.08184999972581863 -0.14208799600601196 2.668020009994507 0.0009040000149980187 -0.8637850284576416 -0.5038599967956543 1.4321889877319336 0.0 0.0 0.0 1.0
-0.16064299643039703 -0.4981600046157837 0.8520740270614624 4.545257091522217 -0.9870120286941528 0.08207499980926514 -0.13809899985790253 2.6442179679870605 -0.00113800005055964 -0.8631920218467712 -0.5048750042915344 1.4320839643478394 0.0 0.0 0.0 1.0
-0.1578720062971115 -0.49656999111175537 0.8535190224647522 4.546824932098389 -0.9874550104141235 0.08192600309848785 -0.13498200476169586 2.6238319873809814 -0.0028979999478906393 -0.8641219735145569 -0.5032740235328674 1.4246280193328857 0.0 0.0 0.0 1.0
-0.15299899876117706 -0.49998798966407776 0.8524100184440613 4.554707050323486 -0.9882180094718933 0.08088699728250504 -0.12993000447750092 2.6020419597625732 -0.003984999842941761 -0.8622469902038574 -0.5064730048179626 1.4228270053863525 0.0 0.0 0.0 1.0
-0.15625299513339996 -0.5068119764328003 0.8477770090103149 4.573215007781982 -0.9877139925956726 0.08214399963617325 -0.13293799757957458 2.58917498588562 -0.002266000024974346 -0.8581339716911316 -0.5134209990501404 1.4324400424957275 0.0 0.0 0.0 1.0
-0.14937399327754974 -0.5047270059585571 0.8502579927444458 4.587471961975098 -0.9887800216674805 0.07556899636983871 -0.12884999811649323 2.550715923309326 0.0007810000097379088 -0.8599650263786316 -0.5103520154953003 1.4244149923324585 0.0 0.0 0.0 1.0
-0.14276200532913208 -0.5085980296134949 0.8490859866142273 4.598333835601807 -0.9897540211677551 0.07118699699640274 -0.1237730011343956 2.533123016357422 0.002506999997422099 -0.8580560088157654 -0.5135499835014343 1.4249310493469238 0.0 0.0 0.0 1.0
-0.13364599645137787 -0.5068380236625671 0.8516179919242859 4.604841232299805 -0.9910039901733398 0.062283001840114594 -0.1184530034661293 2.519680976867676 0.006996000185608864 -0.8597880005836487 -0.5106030106544495 1.4214149713516235 0.0 0.0 0.0 1.0
-0.12102899700403214 -0.5072540044784546 0.8532559871673584 4.6146039962768555 -0.9925940036773682 0.052806999534368515 -0.10939999669790268 2.502578020095825 0.01043500006198883 -0.8601779937744141 -0.5098879933357239 1.4178940057754517 0.0 0.0 0.0 1.0
-0.10908100008964539 -0.5113549828529358 0.8524180054664612 4.624917984008789 -0.9939579963684082 0.04558899998664856 -0.09984499961137772 2.4867401123046875 0.01219599973410368 -0.8581590056419373 -0.5132390260696411 1.4184279441833496 0.0 0.0 0.0 1.0
-0.09562499821186066 -0.5174679756164551 0.8503419756889343 4.638399124145508 -0.9953219890594482 0.03790599852800369 -0.08886100351810455 2.470858097076416 0.013748999685049057 -0.8548619747161865 -0.5186730027198792 1.426730990409851 0.0 0.0 0.0 1.0
-0.08127900213003159 -0.516156017780304 0.8526290059089661 4.645847797393799 -0.9965389966964722 0.027147000655531883 -0.07856400310993195 2.4575960636138916 0.01740499958395958 -0.8560640215873718 -0.5165770053863525 1.4316480159759521 0.0 0.0 0.0 1.0
-0.07132100313901901 -0.5133579969406128 0.8552060127258301 4.655027866363525 -0.9971659779548645 0.016100000590085983 -0.07349500060081482 2.4481759071350098 0.02396100014448166 -0.8580229878425598 -0.5130519866943359 1.438161015510559 0.0 0.0 0.0 1.0
-0.055684998631477356 -0.5031539797782898 0.862401008605957 4.65745210647583 -0.9979349970817566 0.0003429999924264848 -0.06423600018024445 2.418982982635498 0.03202499821782112 -0.8641970157623291 -0.5021340250968933 1.4330190420150757 0.0 0.0 0.0 1.0
-0.053794000297784805 -0.4975920021533966 0.865742027759552 4.662971019744873 -0.9977480173110962 -0.0079950001090765 -0.06659100204706192 2.4049580097198486 0.040056999772787094 -0.8673750162124634 -0.4960409998893738 1.438843011856079 0.0 0.0 0.0 1.0
-0.04972299933433533 -0.49615898728370667 0.8668069839477539 4.671174049377441 -0.9978410005569458 -0.012609999626874924 -0.0644569993019104 2.3863720893859863 0.04291100054979324 -0.8681409955024719 -0.49445998668670654 1.4479299783706665 0.0 0.0 0.0 1.0
-0.04573599994182587 -0.4967930018901825 0.8666629791259766 4.6803998947143555 -0.9979990124702454 -0.015196000225841999 -0.06137799844145775 2.377371072769165 0.04366200044751167 -0.8677359819412231 -0.49510401487350464 1.4620740413665771 0.0 0.0 0.0 1.0
-0.03416600078344345 -0.4853909909725189 0.8736289739608765 4.694665908813477 -0.9979940056800842 -0.030047999694943428 -0.055723998695611954 2.3603498935699463 0.05329899862408638 -0.8737810254096985 -0.4833909869194031 1.4832340478897095 0.0 0.0 0.0 1.0
-0.026003999635577202 -0.47874701023101807 0.8775680065155029 4.7010908126831055 -0.9980159997940063 -0.037925999611616135 -0.050262998789548874 2.351449966430664 0.057346001267433167 -0.8771340250968933 -0.4768100082874298 1.492238998413086 0.0 0.0 0.0 1.0
-0.017062999308109283 -0.4727939963340759 0.8810070157051086 4.707499027252197 -0.9979889988899231 -0.045740000903606415 -0.04387500137090683 2.3472509384155273 0.06104100123047829 -0.879984974861145 -0.4710629880428314 1.5031110048294067 0.0 0.0 0.0 1.0
-0.004201000090688467 -0.4647670090198517 0.8854230046272278 4.708539009094238 -0.9981989860534668 -0.051033999770879745 -0.03152399882674217 2.344496965408325 0.05983800068497658 -0.883961021900177 -0.4637160003185272 1.507943034172058 0.0 0.0 0.0 1.0
0.012470000423491001 -0.4594990015029907 0.8880910277366638 4.713634014129639 -0.9983959794044495 -0.05477600172162056 -0.014321999624371529 2.3430299758911133 0.05522700026631355 -0.8864880204200745 -0.4594449996948242 1.5180250406265259 0.0 0.0 0.0 1.0
0.030920999124646187 -0.4498029947280884 0.8925920128822327 4.715851783752441 -0.9981989860534668 -0.05982400104403496 0.00443299999460578 2.3409500122070312 0.05140399932861328 -0.8911219835281372 -0.4508430063724518 1.5255990028381348 0.0 0.0 0.0 1.0
0.04878000169992447 -0.4408990144729614 0.8962299823760986 4.717473030090332 -0.9975500106811523 -0.06655900180339813 0.021550999954342842 2.3347558975219727 0.05014999955892563 -0.8950849771499634 -0.4430660009384155 1.5311739444732666 0.0 0.0 0.0 1.0
0.06290300190448761 -0.43228599429130554 0.8995400071144104 4.7205891609191895 -0.9969779849052429 -0.06839299947023392 0.0368489995598793 2.32161808013916 0.04559300094842911 -0.8991389870643616 -0.43528199195861816 1.5363479852676392 0.0 0.0 0.0 1.0
0.07167000323534012 -0.4202750027179718 0.9045619964599609 4.718513011932373 -0.9965010285377502 -0.06927400082349777 0.04676799848675728 2.3192179203033447 0.04300700128078461 -0.9047489762306213 -0.4237689971923828 1.536892056465149 0.0 0.0 0.0 1.0
0.08545699715614319 -0.4166699945926666 0.9050319790840149 4.72211217880249 -0.9957299828529358 -0.06754299998283386 0.06292500346899033 2.310297966003418 0.03491000086069107 -0.9065449833869934 -0.4206629991531372 1.550605058670044 0.0 0.0 0.0 1.0
0.10163000226020813 -0.4050790071487427 0.9086160063743591 4.730409145355225 -0.9943699836730957 -0.06890100240707397 0.08050400018692017 2.303144931793213 0.029993999749422073 -0.9116820096969604 -0.40980100631713867 1.5654150247573853 0.0 0.0 0.0 1.0
0.11142399907112122 -0.3823620080947876 0.9172700047492981 4.730216979980469 -0.9933519959449768 -0.06970100104808807 0.09161099791526794 2.2973780632019043 0.028906000778079033 -0.9213799834251404 -0.3875870108604431 1.573660969734192 0.0 0.0 0.0 1.0
0.11603999882936478 -0.35916098952293396 0.9260339736938477 4.727161884307861 -0.9927909970283508 -0.07012499868869781 0.09720800071954727 2.288701057434082 0.030023999512195587 -0.9306380152702332 -0.3647089898586273 1.5761430263519287 0.0 0.0 0.0 1.0
0.11913599818944931 -0.34476199746131897 0.931098997592926 4.725448131561279 -0.9923189878463745 -0.07280199974775314 0.10001199692487717 2.2780280113220215 0.03330500051379204 -0.9358630180358887 -0.3507879972457886 1.5766459703445435 0.0 0.0 0.0 1.0
0.11766199767589569 -0.342956006526947 0.9319530129432678 4.723013877868652 -0.992510974407196 -0.07164199650287628 0.09894300252199173 2.278562068939209 0.0328340008854866 -0.936614990234375 -0.34881800413131714 1.5774459838867188 0.0 0.0 0.0 1.0
0.12132199853658676 -0.3439689874649048 0.9311100244522095 4.72517204284668 -0.9920830130577087 -0.0726889967918396 0.10241399705410004 2.2740280628204346 0.0324539989233017 -0.9361630082130432 -0.3500640094280243 1.5847409963607788 0.0 0.0 0.0 1.0
0.1263590008020401 -0.3370470106601715 0.9329699873924255 4.72594690322876 -0.9912359714508057 -0.07944200187921524 0.10555099695920944 2.276045083999634 0.038541000336408615 -0.9381300210952759 -0.3441309928894043 1.5946509838104248 0.0 0.0 0.0 1.0
0.13164399564266205 -0.3321389853954315 0.9339990019798279 4.730250835418701 -0.9907500147819519 -0.07537399977445602 0.1128389984369278 2.2737679481506348 0.03292100131511688 -0.9402139782905579 -0.3389889895915985 1.6040339469909668 0.0 0.0 0.0 1.0
0.14186200499534607 -0.3209410011768341 0.9364140033721924 4.724191188812256 -0.9894610047340393 -0.07370299845933914 0.12463799864053726 2.2676730155944824 0.02901500090956688 -0.9442269802093506 -0.328014999628067 1.6032739877700806 0.0 0.0 0.0 1.0
0.14335499703884125 -0.31437599658966064 0.9384120106697083 4.725247859954834 -0.989316999912262 -0.07090000063180923 0.12737999856472015 2.2746450901031494 0.02648800052702427 -0.9466469883918762 -0.3211820125579834 1.6139320135116577 0.0 0.0 0.0 1.0
0.14280100166797638 -0.30461999773979187 0.9417080283164978 4.718836784362793 -0.989316999912262 -0.07210099697113037 0.12669800221920013 2.2793800830841064 0.02930399961769581 -0.949741005897522 -0.3116619884967804 1.6184959411621094 0.0 0.0 0.0 1.0
0.1423410028219223 -0.3045879900455475 0.9417880177497864 4.716310977935791 -0.9894999861717224 -0.0678969994187355 0.127592995762825 2.279447078704834 0.025081999599933624 -0.950061023235321 -0.3110550045967102 1.625357985496521 0.0 0.0 0.0 1.0
0.14344899356365204 -0.29934799671173096 0.9432989954948425 4.714395999908447 -0.989359974861145 -0.06677500158548355 0.1292629987001419 2.2814528942108154 0.02429400011897087 -0.9518049955368042 -0.3057419955730438 1.6332659721374512 0.0 0.0 0.0 1.0
0.14259999990463257 -0.28894099593162537 0.9466670155525208 4.710512161254883 -0.9895920157432556 -0.06029200181365013 0.13066400587558746 2.2818140983581543 0.019322000443935394 -0.9554460048675537 -0.294530987739563 1.6412080526351929 0.0 0.0 0.0 1.0
0.13910700380802155 -0.28192800283432007 0.9492980241775513 4.706789970397949 -0.9901630282402039 -0.0541750006377697 0.12900599837303162 2.2859649658203125 0.015057999640703201 -0.9579049944877625 -0.28669100999832153 1.6519370079040527 0.0 0.0 0.0 1.0
0.1328430026769638 -0.275858998298645 0.9519739747047424 4.702425956726074 -0.9911069869995117 -0.044468000531196594 0.1254190057516098 2.2897961139678955 0.007734999991953373 -0.9601690173149109 -0.27931299805641174 1.6618460416793823 0.0 0.0 0.0 1.0
0.12266899645328522 -0.26035401225090027 0.9576889872550964 4.689186096191406 -0.9924460053443909 -0.033984001725912094 0.11788199841976166 2.291806936264038 0.0018550000386312604 -0.9649149775505066 -0.2625559866428375 1.6651469469070435 0.0 0.0 0.0 1.0
0.10913000255823135 -0.2430499941110611 0.9638559818267822 4.678810119628906 -0.9940270185470581 -0.027636000886559486 0.1055769994854927 2.301050901412964 0.0009769999887794256 -0.9696199893951416 -0.24461400508880615 1.6688029766082764 0.0 0.0 0.0 1.0
0.10376100242137909 -0.23297899961471558 0.9669299721717834 4.669095039367676 -0.9945999979972839 -0.022213000804185867 0.10137800127267838 2.29420804977417 -0.002139999996870756 -0.9722279906272888 -0.2340259999036789 1.670382022857666 0.0 0.0 0.0 1.0
0.08924300223588943 -0.2289550006389618 0.9693379998207092 4.661214828491211 -0.9960070252418518 -0.02285899966955185 0.08629900217056274 2.3082330226898193 0.002400000113993883 -0.9731690287590027 -0.2300799936056137 1.6810410022735596 0.0 0.0 0.0 1.0
0.07938800007104874 -0.2311210036277771 0.9696810245513916 4.658498764038086 -0.9968439936637878 -0.01895200088620186 0.07709400355815887 2.316555976867676 0.0005600000149570405 -0.9727399945259094 -0.23189599812030792 1.687250018119812 0.0 0.0 0.0 1.0
0.0724020004272461 -0.22910800576210022 0.970704972743988 4.6508941650390625 -0.9973710179328918 -0.01943499967455864 0.06980399787425995 2.327425956726074 0.0028729999903589487 -0.9732069969177246 -0.22991199791431427 1.6895920038223267 0.0 0.0 0.0 1.0
0.06701699644327164 -0.22703400254249573 0.9715780019760132 4.644937038421631 -0.9977229833602905 -0.022693000733852386 0.0635169968008995 2.3498148918151855 0.007627999875694513 -0.9736220240592957 -0.2280379980802536 1.7009849548339844 0.0 0.0 0.0 1.0
0.06510099768638611 -0.21963399648666382 0.9734079837799072 4.634759902954102 -0.9978659749031067 -0.019226999953389168 0.0623989999294281 2.3615050315856934 0.005011000204831362 -0.9753929972648621 -0.22041699290275574 1.7011679410934448 0.0 0.0 0.0 1.0
0.06306499987840652 -0.20892900228500366 0.9758949875831604 4.619338035583496 -0.9980090260505676 -0.013988000340759754 0.061500001698732376 2.369086980819702 0.0008019999950192869 -0.9778310060501099 -0.20939500629901886 1.6978249549865723 0.0 0.0 0.0 1.0
0.05774400010704994 -0.19846899807453156 0.9784049987792969 4.603090763092041 -0.9983310103416443 -0.01205000001937151 0.05647600069642067 2.3808469772338867 0.0005810000002384186 -0.9800329804420471 -0.19883300364017487 1.693464994430542 0.0 0.0 0.0 1.0
0.056922998279333115 -0.18865199387073517 0.9803929924964905 4.599771976470947 -0.9982680082321167 -0.025342000648379326 0.05308400094509125 2.399691104888916 0.014831000007689 -0.9817169904708862 -0.1897680014371872 1.704079031944275 0.0 0.0 0.0 1.0
0.045570001006126404 -0.17842599749565125 0.9828979969024658 4.59173583984375 -0.9988420009613037 -0.023312000557780266 0.04207799956202507 2.4124178886413574 0.015406000427901745 -0.9836770296096802 -0.17928199470043182 1.6991080045700073 0.0 0.0 0.0 1.0
0.03515699878334999 -0.17966699600219727 0.9830989837646484 4.579598903656006 -0.9993460178375244 -0.014665000140666962 0.03305799886584282 2.4281110763549805 0.008477999828755856 -0.9836180210113525 -0.18006500601768494 1.70216703414917 0.0 0.0 0.0 1.0
0.02367899939417839 -0.16612599790096283 0.9858199954032898 4.562922954559326 -0.9997069835662842 0.0010369999799877405 0.0241870004683733 2.440124034881592 -0.005040000192821026 -0.9861040115356445 -0.16605299711227417 1.684008002281189 0.0 0.0 0.0 1.0
0.0147299999371171 -0.15638700127601624 0.9875860214233398 4.553565979003906 -0.9998459815979004 0.0071319998241961 0.016042999923229218 2.449626922607422 -0.00955200009047985 -0.9876700043678284 -0.1562580019235611 1.685086965560913 0.0 0.0 0.0 1.0
0.009327000007033348 -0.14571499824523926 0.98928302526474 4.5498762130737305 -0.9999409914016724 0.004062000196427107 0.010026000440120697 2.453691005706787 -0.0054790000431239605 -0.9893180131912231 -0.14566799998283386 1.6924179792404175 0.0 0.0 0.0 1.0
0.006219000089913607 -0.1348080039024353 0.9908519983291626 4.541900157928467 -0.9999560117721558 0.006171000190079212 0.007114999927580357 2.4500908851623535 -0.007073000073432922 -0.9908530116081238 -0.13476400077342987 1.6874760389328003 0.0 0.0 0.0 1.0
-0.0010310000507161021 -0.1281139999628067 0.9917590022087097 4.540472984313965 -0.999966025352478 0.00824199989438057 2.499999936844688e-05 2.4722540378570557 -0.008177000097930431 -0.9917250275611877 -0.12811799347400665 1.6953120231628418 0.0 0.0 0.0 1.0
0.00014800000644754618 -0.11589600145816803 0.9932609796524048 4.5374650955200195 -0.9999489784240723 0.009968999773263931 0.0013129999861121178 2.480118989944458 -0.010053999722003937 -0.9932109713554382 -0.11588799953460693 1.6996999979019165 0.0 0.0 0.0 1.0
0.0027389999013394117 -0.10482600331306458 0.9944869875907898 4.529202938079834 -0.9999210238456726 0.011939000338315964 0.004011999815702438 2.4850659370422363 -0.012292999774217606 -0.9944189786911011 -0.1047850027680397 1.7081400156021118 0.0 0.0 0.0 1.0
0.018238000571727753 -0.0965849980711937 0.9951580166816711 4.534297943115234 -0.9992349743843079 -0.036191001534461975 0.014800000004470348 2.5300369262695312 0.03458699956536293 -0.9946669936180115 -0.09717100113630295 1.7325509786605835 0.0 0.0 0.0 1.0
0.02418000064790249 -0.08817899972200394 0.9958109855651855 4.529238224029541 -0.9992759823799133 -0.03141399845480919 0.021483000367879868 2.5377519130706787 0.029387999325990677 -0.9956089854240417 -0.08887399733066559 1.7173190116882324 0.0 0.0 0.0 1.0
0.03122200071811676 -0.08473200350999832 0.9959149956703186 4.530582904815674 -0.9991390109062195 -0.02987300045788288 0.02878200076520443 2.546004056930542 0.02731199935078621 -0.9959560036659241 -0.08559200167655945 1.706362009048462 0.0 0.0 0.0 1.0
0.037615999579429626 -0.08625499904155731 0.9955629706382751 4.5310959815979 -0.9989640116691589 -0.028780000284314156 0.03525099903345108 2.5603370666503906 0.0256120003759861 -0.9958570003509521 -0.08724799752235413 1.7089149951934814 0.0 0.0 0.0 1.0
0.0406389981508255 -0.08685199916362762 0.9953920245170593 4.532411098480225 -0.9989619851112366 -0.0240470003336668 0.038686998188495636 2.5755860805511475 0.020576000213623047 -0.9959310293197632 -0.087738998234272 1.7076389789581299 0.0 0.0 0.0 1.0
0.04502499848604202 -0.08422499895095825 0.9954289793968201 4.531818866729736 -0.9988129734992981 -0.022314000874757767 0.04329000040888786 2.5829179286956787 0.01856599934399128 -0.996196985244751 -0.0851299986243248 1.6977449655532837 0.0 0.0 0.0 1.0
0.0492670014500618 -0.08763299882411957 0.9949340224266052 4.54026985168457 -0.9986929893493652 -0.017872000113129616 0.04787899926304817 2.5931830406188965 0.013585000298917294 -0.9959930181503296 -0.0883990004658699 1.699821949005127 0.0 0.0 0.0 1.0
0.04472000151872635 -0.0872580036520958 0.9951819777488708 4.541989803314209 -0.9989209771156311 -0.01637299917638302 0.043453000485897064 2.624423027038574 0.012501999735832214 -0.996051013469696 -0.08789599686861038 1.6994609832763672 0.0 0.0 0.0 1.0
0.043526001274585724 -0.08751799911260605 0.9952120184898376 4.540717124938965 -0.9990410208702087 -0.008523999713361263 0.04294399917125702 2.6418368816375732 0.004724999889731407 -0.9961270093917847 -0.08780500292778015 1.707993984222412 0.0 0.0 0.0 1.0
0.046528998762369156 -0.08316999673843384 0.9954490065574646 4.5452141761779785 -0.99891597032547 -0.002205000026151538 0.04650700092315674 2.6525349617004395 -0.001673000049777329 -0.9965329766273499 -0.08318199962377548 1.7015600204467773 0.0 0.0 0.0 1.0
0.05486999824643135 -0.08048900216817856 0.995244026184082 4.560789108276367 -0.9984350204467773 0.006357999984174967 0.05556099861860275 2.6789159774780273 -0.01080000028014183 -0.9967349767684937 -0.08001399785280228 1.685439944267273 0.0 0.0 0.0 1.0
0.05454999953508377 -0.08677200227975845 0.994733989238739 4.568240165710449 -0.9983879923820496 0.010867999866604805 0.055698998272418976 2.68977689743042 -0.015644000843167305 -0.9961689710617065 -0.0860389992594719 1.69793701171875 0.0 0.0 0.0 1.0
0.049288999289274216 -0.08372499793767929 0.9952690005302429 4.570794105529785 -0.9985730051994324 0.01635199971497059 0.0508279986679554 2.708717107772827 -0.02053000032901764 -0.9963549971580505 -0.08279900252819061 1.6774150133132935 0.0 0.0 0.0 1.0
0.04740000143647194 -0.08971799910068512 0.9948390126228333 4.5766167640686035 -0.9984989762306213 0.023114999756217003 0.04965899884700775 2.714416980743408 -0.027451999485492706 -0.9956989884376526 -0.08848699927330017 1.6758439540863037 0.0 0.0 0.0 1.0
0.04114000126719475 -0.10178299993276596 0.9939550161361694 4.582826137542725 -0.9985849857330322 0.029371000826358795 0.044339001178741455 2.733772039413452 -0.03370700031518936 -0.9943730235099792 -0.10043100267648697 1.6849230527877808 0.0 0.0 0.0 1.0
0.04424399882555008 -0.11529800295829773 0.9923449754714966 4.585567951202393 -0.9984130263328552 0.029538000002503395 0.047947000712156296 2.742326021194458 -0.03483999893069267 -0.9928920269012451 -0.11380799859762192 1.6893539428710938 0.0 0.0 0.0 1.0
0.04531700164079666 -0.11638300120830536 0.992169976234436 4.581747055053711 -0.9983890056610107 0.028665000572800636 0.0489640012383461 2.748466968536377 -0.0341389998793602 -0.9927909970283508 -0.1148969978094101 1.6673840284347534 0.0 0.0 0.0 1.0
0.04447399824857712 -0.1270820051431656 0.9908949732780457 4.587109088897705 -0.9985479712486267 0.02450600080192089 0.047961000353097916 2.758800983428955 -0.030378000810742378 -0.9915890097618103 -0.1258070021867752 1.6611859798431396 0.0 0.0 0.0 1.0
0.03560499846935272 -0.15014700591564178 0.9880220293998718 4.595606803894043 -0.999055027961731 0.019307000562548637 0.03893600031733513 2.7866859436035156 -0.024922000244259834 -0.9884750247001648 -0.14931799471378326 1.6585259437561035 0.0 0.0 0.0 1.0
0.03003299981355667 -0.1675730049610138 0.98540198802948 4.5967841148376465 -0.999334990978241 0.015332000330090523 0.03306499868631363 2.792387008666992 -0.020648999139666557 -0.9857410192489624 -0.16700099408626556 1.6421860456466675 0.0 0.0 0.0 1.0
0.01544100046157837 -0.18596500158309937 0.9824349880218506 4.6126790046691895 -0.9998800158500671 -0.003834000090137124 0.01498899981379509 2.8402020931243896 0.0009790000040084124 -0.9825490117073059 -0.1860020011663437 1.6260850429534912 0.0 0.0 0.0 1.0
0.0013330000219866633 -0.19783000648021698 0.9802349805831909 4.614998817443848 -0.9999780058860779 -0.00658900011330843 2.9999999242136255e-05 2.8515450954437256 0.006453000009059906 -0.98021399974823 -0.19783499836921692 1.6128870248794556 0.0 0.0 0.0 1.0
-0.011656999588012695 -0.2122420072555542 0.9771479964256287 4.616383075714111 -0.9999009966850281 -0.005260999780148268 -0.013070999644696712 2.8553500175476074 0.007915000431239605 -0.9772030115127563 -0.21216000616550446 1.608962059020996 0.0 0.0 0.0 1.0
-0.0279690008610487 -0.21935899555683136 0.9752429723739624 4.619708061218262 -0.9995560050010681 -0.003903999924659729 -0.029543999582529068 2.8621840476989746 0.010288000106811523 -0.9756360054016113 -0.21915200352668762 1.5967919826507568 0.0 0.0 0.0 1.0
-0.048562001436948776 -0.2326350063085556 0.9713510274887085 4.620796203613281 -0.9987450242042542 -0.0006280000088736415 -0.0500820018351078 2.878743886947632 0.012261000461876392 -0.9725639820098877 -0.23231300711631775 1.5918500423431396 0.0 0.0 0.0 1.0
-0.07101699709892273 -0.24842700362205505 0.966044008731842 4.620869159698486 -0.9974009990692139 0.005919999908655882 -0.07180000096559525 2.8908209800720215 0.012117999605834484 -0.9686329960823059 -0.24820199608802795 1.5938249826431274 0.0 0.0 0.0 1.0
-0.08678200095891953 -0.2544479966163635 0.9631850123405457 4.616602897644043 -0.9961469769477844 0.009891999885439873 -0.08713900297880173 2.890660047531128 0.012644999660551548 -0.9670360088348389 -0.2543269991874695 1.5804940462112427 0.0 0.0 0.0 1.0
-0.10294999927282333 -0.2580670118331909 0.9606260061264038 4.609141826629639 -0.9945700168609619 0.01196100004017353 -0.10337399691343307 2.8975069522857666 0.015188000164926052 -0.9660530090332031 -0.2578969895839691 1.5611579418182373 0.0 0.0 0.0 1.0
-0.1245729997754097 -0.2676970064640045 0.9554160237312317 4.609350204467773 -0.9920650124549866 0.01710199937224388 -0.12455900013446808 2.91162109375 0.017004000023007393 -0.9633520245552063 -0.26770299673080444 1.5559910535812378 0.0 0.0 0.0 1.0
-0.14211200177669525 -0.2759090065956116 0.9506199955940247 4.601375102996826 -0.9897270202636719 0.024435000494122505 -0.1408659964799881 2.9242820739746094 0.015637999400496483 -0.960873007774353 -0.27654799818992615 1.5489319562911987 0.0 0.0 0.0 1.0
-0.16740299761295319 -0.30496299266815186 0.9375360012054443 4.617919921875 -0.9855599999427795 0.027230000123381615 -0.16712099313735962 2.9731369018554688 0.025436999276280403 -0.9519749879837036 -0.30511799454689026 1.580124020576477 0.0 0.0 0.0 1.0
-0.18372899293899536 -0.3113059997558594 0.9323800206184387 4.613698959350586 -0.982699990272522 0.03565400093793869 -0.18174000084400177 2.9943718910217285 0.023333000019192696 -0.9496409893035889 -0.3124710023403168 1.5725300312042236 0.0 0.0 0.0 1.0
-0.19522400200366974 -0.3190769851207733 0.9274029731750488 4.603011131286621 -0.9804250001907349 0.03883099928498268 -0.19302499294281006 3.007251024246216 0.025577999651432037 -0.9469329714775085 -0.3204120099544525 1.5661569833755493 0.0 0.0 0.0 1.0
-0.21150299906730652 -0.32522401213645935 0.9216809868812561 4.595561981201172 -0.9770799875259399 0.04711100086569786 -0.20759199559688568 3.02974009513855 0.02409300021827221 -0.9444630146026611 -0.32773399353027344 1.5595669746398926 0.0 0.0 0.0 1.0
-0.22296500205993652 -0.3296490013599396 0.9173970222473145 4.589117050170898 -0.9744549989700317 0.04938099905848503 -0.21908700466156006 3.0492138862609863 0.026920000091195107 -0.9428110122680664 -0.3322390019893646 1.5585269927978516 0.0 0.0 0.0 1.0
-0.2276179939508438 -0.3314180076122284 0.915615975856781 4.579552173614502 -0.9735209941864014 0.05705299973487854 -0.22136199474334717 3.0486679077148438 0.021124999970197678 -0.9417579770088196 -0.3356289863586426 1.5570969581604004 0.0 0.0 0.0 1.0
-0.2303609997034073 -0.3337000012397766 0.9140989780426025 4.578592777252197 -0.9729470014572144 0.0620420016348362 -0.22254200279712677 3.056791067123413 0.017550000920891762 -0.9406359791755676 -0.3389649987220764 1.5607719421386719 0.0 0.0 0.0 1.0
-0.23277099430561066 -0.3320249915122986 0.9140989780426025 4.573558807373047 -0.972478985786438 0.06967200338840485 -0.2223300039768219 3.0647690296173096 0.010131999850273132 -0.9406939744949341 -0.3391050100326538 1.55827796459198 0.0 0.0 0.0 1.0
-0.23366600275039673 -0.33166399598121643 0.914002001285553 4.567203998565674 -0.9723089933395386 0.07602600008249283 -0.22098499536514282 3.071420907974243 0.00380500010214746 -0.9403290152549744 -0.34024500846862793 1.5566730499267578 0.0 0.0 0.0 1.0
-0.2326039969921112 -0.32930999994277954 0.9151229858398438 4.561679840087891 -0.9725679755210876 0.08108799904584885 -0.21802599728107452 3.073604106903076 -0.0024079999420791864 -0.9407340288162231 -0.339138001203537 1.5519740581512451 0.0 0.0 0.0 1.0
-0.23294299840927124 -0.33822399377822876 0.9117799997329712 4.558704853057861 -0.9724900126457214 0.08148200064897537 -0.21822799742221832 3.0814809799194336 -0.0004839999892283231 -0.9375320076942444 -0.34790000319480896 1.5641059875488281 0.0 0.0 0.0 1.0
-0.23641400039196014 -0.34103599190711975 0.909837007522583 4.551826000213623 -0.9716449975967407 0.08663000166416168 -0.22000199556350708 3.079878091812134 -0.003790999995544553 -0.9360499978065491 -0.35184699296951294 1.5533130168914795 0.0 0.0 0.0 1.0
-0.2474289983510971 -0.34751400351524353 0.9044409990310669 4.551497936248779 -0.9688950181007385 0.0932679995894432 -0.22922499477863312 3.096906900405884 -0.004695999901741743 -0.9330250024795532 -0.35978201031684875 1.5514899492263794 0.0 0.0 0.0 1.0
-0.2553749978542328 -0.35007598996162415 0.9012380242347717 4.547522068023682 -0.9668179750442505 0.09903399646282196 -0.23548899590969086 3.0993380546569824 -0.006814000196754932 -0.9314709901809692 -0.36375099420547485 1.5483200550079346 0.0 0.0 0.0 1.0
-0.2625289857387543 -0.35137298703193665 0.8986740112304688 4.542818069458008 -0.9649080038070679 0.1009259968996048 -0.24241699278354645 3.100243091583252 -0.005520999897271395 -0.9307799935340881 -0.365539014339447 1.5383009910583496 0.0 0.0 0.0 1.0
-0.27194398641586304 -0.3549250066280365 0.8944690227508545 4.53325891494751 -0.962302029132843 0.10477499663829803 -0.250993013381958 3.103938102722168 -0.0046339998953044415 -0.9290050268173218 -0.3700380027294159 1.5260610580444336 0.0 0.0 0.0 1.0
-0.2819310128688812 -0.36066800355911255 0.8890630006790161 4.5292840003967285 -0.9594110250473022 0.11249899864196777 -0.25860100984573364 3.1046969890594482 -0.006748999934643507 -0.925885021686554 -0.37774598598480225 1.5173590183258057 0.0 0.0 0.0 1.0
-0.28766098618507385 -0.37028899788856506 0.8832539916038513 4.5285749435424805 -0.9576960206031799 0.11925199627876282 -0.261911004781723 3.1004230976104736 -0.008346999995410442 -0.9212300181388855 -0.38892799615859985 1.514312982559204 0.0 0.0 0.0 1.0
-0.2913860082626343 -0.3772119879722595 0.8790940046310425 4.5246148109436035 -0.9565470218658447 0.125109001994133 -0.26337501406669617 3.1011550426483154 -0.010634000413119793 -0.9176380038261414 -0.39727601408958435 1.5054880380630493 0.0 0.0 0.0 1.0
-0.2900969982147217 -0.38690000772476196 0.8753010034561157 4.524004936218262 -0.9569180011749268 0.12905000150203705 -0.2601050138473511 3.098520040512085 -0.01232299953699112 -0.9130470156669617 -0.40766799449920654 1.5073579549789429 0.0 0.0 0.0 1.0
-0.28173598647117615 -0.3912290036678314 0.8761069774627686 4.5156941413879395 -0.959309995174408 0.13263200223445892 -0.24926500022411346 3.091862916946411 -0.01868000067770481 -0.9106860160827637 -0.41267699003219604 1.5003650188446045 0.0 0.0 0.0 1.0
-0.2728619873523712 -0.3942109942436218 0.8775789737701416 4.505956172943115 -0.9617919921875 0.13301600515842438 -0.23929400742053986 3.0901830196380615 -0.02239999920129776 -0.9093430042266846 -0.4154439866542816 1.4885499477386475 0.0 0.0 0.0 1.0
-0.2657890021800995 -0.4040229916572571 0.8752840161323547 4.50338888168335 -0.9636899828910828 0.13550099730491638 -0.2300889939069748 3.0893239974975586 -0.02563999965786934 -0.9046580195426941 -0.42536699771881104 1.4860509634017944 0.0 0.0 0.0 1.0
-0.255623996257782 -0.4107930064201355 0.8751599788665771 4.494401931762695 -0.9662610292434692 0.13809600472450256 -0.21741299331188202 3.07511305809021 -0.0315449982881546 -0.9012100100517273 -0.432233989238739 1.4814610481262207 0.0 0.0 0.0 1.0
-0.2505649924278259 -0.4180409908294678 0.8731889724731445 4.490763187408447 -0.9676200151443481 0.13652899861335754 -0.21229900419712067 3.070713996887207 -0.03046499937772751 -0.8981099724769592 -0.43871399760246277 1.4777990579605103 0.0 0.0 0.0 1.0
-0.24800999462604523 -0.4243699908256531 0.8708620071411133 4.483397960662842 -0.9683279991149902 0.13534599542617798 -0.20981299877166748 3.0614519119262695 -0.028829000890254974 -0.895317018032074 -0.4444969892501831 1.4752869606018066 0.0 0.0 0.0 1.0
-0.24521799385547638 -0.42938798666000366 0.8691909909248352 4.480035781860352 -0.9691129922866821 0.13281899690628052 -0.20779499411582947 3.048835039138794 -0.02621999941766262 -0.8932999968528748 -0.44869500398635864 1.4755070209503174 0.0 0.0 0.0 1.0
-0.25179699063301086 -0.4295859932899475 0.8672099709510803 4.472427845001221 -0.9675130248069763 0.13278800249099731 -0.21514099836349487 3.043471097946167 -0.02273399941623211 -0.8932099938392639 -0.44906601309776306 1.4722670316696167 0.0 0.0 0.0 1.0
-0.25786200165748596 -0.4313960075378418 0.8645250201225281 4.467649936676025 -0.9659709930419922 0.1337669938802719 -0.22137099504470825 3.0304160118103027 -0.020145999267697334 -0.8921899795532227 -0.45120999217033386 1.4671430587768555 0.0 0.0 0.0 1.0
-0.2658199965953827 -0.43751099705696106 0.8590250015258789 4.462472915649414 -0.9638360142707825 0.13815000653266907 -0.2278909981250763 3.0140221118927 -0.01896899938583374 -0.8885369896888733 -0.4584119915962219 1.466675043106079 0.0 0.0 0.0 1.0
-0.2801719903945923 -0.442315012216568 0.8519740104675293 4.457101821899414 -0.9597830176353455 0.14559699594974518 -0.2400359958410263 3.010456085205078 -0.01787400059401989 -0.8849620223045349 -0.4653190076351166 1.4676170349121094 0.0 0.0 0.0 1.0
-0.28888198733329773 -0.44613298773765564 0.8470609784126282 4.453557014465332 -0.957165002822876 0.1526699960231781 -0.2460229992866516 3.0033090114593506 -0.019562000408768654 -0.8818489909172058 -0.4711270034313202 1.4704689979553223 0.0 0.0 0.0 1.0
-0.2923179864883423 -0.447409987449646 0.8452069759368896 4.449467182159424 -0.9560840129852295 0.1564060002565384 -0.24787099659442902 2.995055913925171 -0.021296000108122826 -0.880545973777771 -0.47348201274871826 1.4696999788284302 0.0 0.0 0.0 1.0
-0.29286301136016846 -0.4511750042438507 0.8430140018463135 4.44734001159668 -0.9559379816055298 0.15693199634552002 -0.2481040060520172 2.988892078399658 -0.020356999710202217 -0.8785290122032166 -0.4772549867630005 1.473891019821167 0.0 0.0 0.0 1.0
-0.29044198989868164 -0.45212098956108093 0.84334397315979 4.444363117218018 -0.9566689729690552 0.1562339961528778 -0.24571199715137482 2.979504108428955 -0.020666999742388725 -0.8781669735908508 -0.4779079854488373 1.477550983428955 0.0 0.0 0.0 1.0
-0.28807398676872253 -0.4500020146369934 0.8452879786491394 4.438875198364258 -0.9574009776115417 0.15368199348449707 -0.24446800351142883 2.976375102996826 -0.01989400014281273 -0.879705011844635 -0.4751049876213074 1.4781110286712646 0.0 0.0 0.0 1.0
-0.2818030118942261 -0.44979599118232727 0.8475080132484436 4.434504985809326 -0.9593200087547302 0.14782899618148804 -0.24052399396896362 2.9719550609588623 -0.017100000753998756 -0.8808119893074036 -0.47315698862075806 1.4828439950942993 0.0 0.0 0.0 1.0
-0.27542200684547424 -0.44808200001716614 0.8505079746246338 4.431951999664307 -0.961247980594635 0.13944999873638153 -0.2378149926662445 2.968071937561035 -0.0120430001989007 -0.8830490112304688 -0.46912598609924316 1.4885289669036865 0.0 0.0 0.0 1.0
-0.27064499258995056 -0.4426009953022003 0.8549010157585144 4.426228046417236 -0.9626479744911194 0.1315709948539734 -0.23663799464702606 2.967189073562622 -0.00774399982765317 -0.8870139718055725 -0.46167799830436707 1.4906870126724243 0.0 0.0 0.0 1.0
-0.2670530080795288 -0.43958398699760437 0.8575829863548279 4.421730995178223 -0.9636719822883606 0.12584799528121948 -0.23558199405670166 2.9612839221954346 -0.0043669999577105045 -0.8893420100212097 -0.45722299814224243 1.4945149421691895 0.0 0.0 0.0 1.0
-0.2644459903240204 -0.43442100286483765 0.8610150218009949 4.420539855957031 -0.964398980140686 0.12065999954938889 -0.23532000184059143 2.9547119140625 -0.001661999966017902 -0.8925920128822327 -0.4508630037307739 1.497439980506897 0.0 0.0 0.0 1.0
-0.26281699538230896 -0.4281899929046631 0.8646270036697388 4.417397975921631 -0.9648450016975403 0.11705099791288376 -0.23531199991703033 2.9450740814208984 -0.00044800000614486635 -0.8960760235786438 -0.4438999891281128 1.5020010471343994 0.0 0.0 0.0 1.0
-0.2617050111293793 -0.4211280047893524 0.8684250116348267 4.416053771972656 -0.9651449918746948 0.11186700314283371 -0.2366040050983429 2.933443069458008 0.002492000116035342 -0.9000759720802307 -0.43572598695755005 1.5057380199432373 0.0 0.0 0.0 1.0
-0.26391300559043884 -0.4105120003223419 0.872829020023346 4.408276081085205 -0.9645329713821411 0.10751000046730042 -0.24107599258422852 2.929227113723755 0.005127000156790018 -0.9054949879646301 -0.42432498931884766 1.5006760358810425 0.0 0.0 0.0 1.0
-0.26416799426078796 -0.4081589877605438 0.8738549947738647 4.406520843505859 -0.964447021484375 0.1047310009598732 -0.24263599514961243 2.9131860733032227 0.007513999938964844 -0.9068840146064758 -0.421314001083374 1.5029319524765015 0.0 0.0 0.0 1.0
-0.2724109888076782 -0.40494000911712646 0.8728209733963013 4.40511417388916 -0.9620559811592102 0.10002399981021881 -0.25385600328445435 2.9074900150299072 0.01549299992620945 -0.9088559746742249 -0.41682198643684387 1.5019910335540771 0.0 0.0 0.0 1.0
-0.2804490029811859 -0.40140798687934875 0.8719059824943542 4.399890899658203 -0.9596449732780457 0.09763800352811813 -0.26371899247169495 2.8971590995788574 0.02072799950838089 -0.9106799960136414 -0.41259199380874634 1.4968839883804321 0.0 0.0 0.0 1.0
-0.28873100876808167 -0.4014979898929596 0.8691570162773132 4.40388822555542 -0.9571189880371094 0.09868200123310089 -0.272367000579834 2.8953499794006348 0.0235849991440773 -0.9105280041694641 -0.412773996591568 1.4978859424591064 0.0 0.0 0.0 1.0
-0.2915709912776947 -0.3991999924182892 0.8692669868469238 4.400990009307861 -0.9563170075416565 0.10166800022125244 -0.2740800082683563 2.8889389038085938 0.02103699930012226 -0.9112100005149841 -0.411406010389328 1.4958399534225464 0.0 0.0 0.0 1.0
-0.2904999852180481 -0.39675599336624146 0.8707429766654968 4.398218154907227 -0.9567549824714661 0.10605999827384949 -0.2708689868450165 2.8846359252929688 0.015118000097572803 -0.9117760062217712 -0.41040900349617004 1.4963819980621338 0.0 0.0 0.0 1.0
-0.28529900312423706 -0.39619600772857666 0.8727160096168518 4.403106212615967 -0.9584059715270996 0.11039000004529953 -0.2631959915161133 2.876765012741089 0.007938000373542309 -0.9115059971809387 -0.41121000051498413 1.5023629665374756 0.0 0.0 0.0 1.0
-0.2791930139064789 -0.3959769904613495 0.8747879862785339 4.406314849853516 -0.9602349996566772 0.11430200189352036 -0.25472399592399597 2.8690578937530518 0.0008750000270083547 -0.9111189842224121 -0.4121429920196533 1.509956955909729 0.0 0.0 0.0 1.0
-0.2731989920139313 -0.3936670124530792 0.8777179718017578 4.406040191650391 -0.9619250297546387 0.11935500055551529 -0.2458769977092743 2.8643250465393066 -0.007966999895870686 -0.9114720225334167 -0.41128599643707275 1.505288004875183 0.0 0.0 0.0 1.0
-0.26806700229644775 -0.39816799759864807 0.877269983291626 4.4132537841796875 -0.9633319973945618 0.1216059997677803 -0.23917199671268463 2.857348918914795 -0.011451000347733498 -0.9092170000076294 -0.4161660075187683 1.5145759582519531 0.0 0.0 0.0 1.0
-0.26445499062538147 -0.39503398537635803 0.8797789812088013 4.417244911193848 -0.9643149971961975 0.12025599926710129 -0.23587000370025635 2.8496789932250977 -0.012621999718248844 -0.9107620120048523 -0.41273999214172363 1.5184990167617798 0.0 0.0 0.0 1.0
-0.25844600796699524 -0.39192500710487366 0.8829500079154968 4.416861057281494 -0.9659649729728699 0.11511100083589554 -0.2316489964723587 2.8445839881896973 -0.010848999954760075 -0.9127680063247681 -0.40833601355552673 1.5149790048599243 0.0 0.0 0.0 1.0
-0.25286999344825745 -0.39536499977111816 0.8830310106277466 4.4213480949401855 -0.9674839973449707 0.10858900099992752 -0.2284349948167801 2.8503000736236572 -0.005572000052779913 -0.9120830297470093 -0.40996798872947693 1.5207420587539673 0.0 0.0 0.0 1.0
-0.2437710016965866 -0.3994249999523163 0.883762001991272 4.431494235992432 -0.9698320031166077 0.10110499709844589 -0.2218170017004013 2.8602709770202637 -0.0007539999787695706 -0.9111739993095398 -0.4120219945907593 1.532858967781067 0.0 0.0 0.0 1.0
-0.23088599741458893 -0.3947960138320923 0.8892850279808044 4.434651851654053 -0.9729790091514587 0.09546700119972229 -0.21023300290107727 2.8666489124298096 -0.0018980000168085098 -0.913794994354248 -0.4061700105667114 1.5380029678344727 0.0 0.0 0.0 1.0
-0.21630500257015228 -0.38750600814819336 0.8961309790611267 4.4315338134765625 -0.9762939810752869 0.09329299628734589 -0.1953130066394806 2.866564989089966 -0.007918000221252441 -0.9171339869499207 -0.398499995470047 1.5371309518814087 0.0 0.0 0.0 1.0
-0.20575299859046936 -0.37831199169158936 0.9025220274925232 4.426340103149414 -0.9785100221633911 0.09227199852466583 -0.18439899384975433 2.8754448890686035 -0.013516999781131744 -0.921068012714386 -0.38916701078414917 1.527001976966858 0.0 0.0 0.0 1.0
-0.19888600707054138 -0.3744100034236908 0.9056829810142517 4.423422813415527 -0.97986900806427 0.09230899810791016 -0.1770170032978058 2.8797531127929688 -0.017325999215245247 -0.9226570129394531 -0.38523200154304504 1.5201250314712524 0.0 0.0 0.0 1.0
-0.19910100102424622 -0.37472501397132874 0.9055050015449524 4.425631999969482 -0.9798089861869812 0.09331200271844864 -0.17682300508022308 2.8932950496673584 -0.01823499985039234 -0.9224290251731873 -0.38573700189590454 1.5191659927368164 0.0 0.0 0.0 1.0
-0.202006995677948 -0.37530800700187683 0.9046199917793274 4.426329135894775 -0.9792389869689941 0.09328500181436539 -0.179967001080513 2.9071149826049805 -0.01684500090777874 -0.9221940040588379 -0.3863599896430969 1.5149940252304077 0.0 0.0 0.0 1.0
-0.20471900701522827 -0.37863099575042725 0.9026229977607727 4.42706298828125 -0.9786819815635681 0.09468399733304977 -0.1822510063648224 2.9213109016418457 -0.016457999125123024 -0.9206920266151428 -0.3899439871311188 1.5077250003814697 0.0 0.0 0.0 1.0
-0.20757700502872467 -0.38852500915527344 0.8977530002593994 4.43305778503418 -0.9780809879302979 0.09782800078392029 -0.18381300568580627 2.9327681064605713 -0.016409000381827354 -0.9162309765815735 -0.4003159999847412 1.5089889764785767 0.0 0.0 0.0 1.0
-0.2135079950094223 -0.39469701051712036 0.8936600089073181 4.438948154449463 -0.9768080115318298 0.10136599838733673 -0.1886029988527298 2.947726011276245 -0.016145000234246254 -0.9132030010223389 -0.40718600153923035 1.5093400478363037 0.0 0.0 0.0 1.0
-0.2174289971590042 -0.39644700288772583 0.8919379711151123 4.444021224975586 -0.9759479761123657 0.1030770018696785 -0.19209200143814087 2.9566359519958496 -0.015783999115228653 -0.9122520089149475 -0.4093239903450012 1.5107899904251099 0.0 0.0 0.0 1.0
-0.22483199834823608 -0.39557400345802307 0.8904889822006226 4.4499030113220215 -0.9742709994316101 0.10596399754285812 -0.19891400635242462 2.976814031600952 -0.015675000846385956 -0.9123010039329529 -0.40922099351882935 1.5131909847259521 0.0 0.0 0.0 1.0
-0.22829900681972504 -0.3905949890613556 0.8918039798736572 4.449821949005127 -0.9734479784965515 0.10729099810123444 -0.2022079974412918 2.9958600997924805 -0.01670200005173683 -0.9142889976501465 -0.4047180116176605 1.509848952293396 0.0 0.0 0.0 1.0
-0.22312800586223602 -0.3917999863624573 0.8925840258598328 4.455236911773682 -0.97461998462677 0.10671400278806686 -0.19679400324821472 2.9979100227355957 -0.018146999180316925 -0.9138410091400146 -0.4056670069694519 1.5098719596862793 0.0 0.0 0.0 1.0
-0.221901997923851 -0.39226698875427246 0.8926849961280823 4.454214096069336 -0.9748870134353638 0.10695099830627441 -0.19533899426460266 3.0107030868530273 -0.018848000094294548 -0.9136130213737488 -0.4061489999294281 1.5023820400238037 0.0 0.0 0.0 1.0
-0.22021199762821198 -0.39605799317359924 0.8914279937744141 4.457785129547119 -0.9752870202064514 0.10619600117206573 -0.19374500215053558 3.0292739868164062 -0.017931999638676643 -0.9120640158653259 -0.40965700149536133 1.499703049659729 0.0 0.0 0.0 1.0
-0.21909199655056 -0.398701012134552 0.8905259966850281 4.462550163269043 -0.9756109714508057 0.1021289974451065 -0.19429999589920044 3.0516319274902344 -0.013481000438332558 -0.9113759994506836 -0.4113529920578003 1.499079942703247 0.0 0.0 0.0 1.0
-0.21397000551223755 -0.40087199211120605 0.8907970190048218 4.466483116149902 -0.9767879843711853 0.0972369983792305 -0.19086700677871704 3.071928024291992 -0.010104999877512455 -0.910959005355835 -0.41237199306488037 1.4999419450759888 0.0 0.0 0.0 1.0
-0.21332499384880066 -0.4008220136165619 0.8909739851951599 4.469851016998291 -0.9769579768180847 0.09377499669790268 -0.1917250007390976 3.0969929695129395 -0.006703000050038099 -0.9113439917564392 -0.4115909934043884 1.4989910125732422 0.0 0.0 0.0 1.0
-0.21498799324035645 -0.3999829888343811 0.8909509778022766 4.471635818481445 -0.9766020178794861 0.09297399967908859 -0.19391599297523499 3.114392042160034 -0.0052720000967383385 -0.9117950201034546 -0.4106130003929138 1.4984220266342163 0.0 0.0 0.0 1.0
-0.21923500299453735 -0.39920300245285034 0.8902660012245178 4.471573829650879 -0.9756669998168945 0.09271399676799774 -0.19869199395179749 3.139216899871826 -0.0032210000790655613 -0.9121630191802979 -0.4098150134086609 1.4966750144958496 0.0 0.0 0.0 1.0
-0.22791899740695953 -0.398377001285553 0.8884530067443848 4.473420143127441 -0.9736790060997009 0.09423399716615677 -0.2075289934873581 3.166904926300049 -0.0010479999473318458 -0.9123679995536804 -0.4093700051307678 1.4969329833984375 0.0 0.0 0.0 1.0
-0.23719200491905212 -0.39638200402259827 0.886916995048523 4.478343963623047 -0.9714630246162415 0.09708999842405319 -0.21641099452972412 3.194581985473633 -0.00032900000223889947 -0.9129379987716675 -0.4080989956855774 1.4972200393676758 0.0 0.0 0.0 1.0
-0.24029900133609772 -0.3962180018424988 0.886152982711792 4.477398872375488 -0.9706979990005493 0.09670999646186829 -0.2199839949607849 3.2224700450897217 0.0014609999489039183 -0.9130489826202393 -0.40784698724746704 1.4965039491653442 0.0 0.0 0.0 1.0
-0.24437099695205688 -0.395455002784729 0.8853800296783447 4.478841781616211 -0.9696810245513916 0.09905999898910522 -0.2233940064907074 3.249845027923584 0.0006360000115819275 -0.9131280183792114 -0.4076730012893677 1.4935369491577148 0.0 0.0 0.0 1.0
-0.247406005859375 -0.39724001288414 0.8837370276451111 4.482179164886475 -0.9689099788665771 0.10314899682998657 -0.2248850017786026 3.2750680446624756 -0.0018240000354126096 -0.911899983882904 -0.41040900349617004 1.4912610054016113 0.0 0.0 0.0 1.0
-0.2491610050201416 -0.4029180109500885 0.8806679844856262 4.484899044036865 -0.968438982963562 0.10997500270605087 -0.22367799282073975 3.2947120666503906 -0.00672800000756979 -0.9086049795150757 -0.4176029860973358 1.4942959547042847 0.0 0.0 0.0 1.0
-0.24831299483776093 -0.4029729962348938 0.8808820247650146 4.486588001251221 -0.9686310291290283 0.1124109998345375 -0.2216240018606186 3.3166799545288086 -0.009712000377476215 -0.9082819819450378 -0.41824600100517273 1.4916210174560547 0.0 0.0 0.0 1.0
-0.24848100543022156 -0.40737199783325195 0.8788089752197266 4.49310302734375 -0.9685609936714172 0.1158590018749237 -0.22015200555324554 3.3389809131622314 -0.012133999727666378 -0.9058840274810791 -0.423352986574173 1.494987964630127 0.0 0.0 0.0 1.0
-0.2455810010433197 -0.4075390100479126 0.8795459866523743 4.493810176849365 -0.9692890048027039 0.11538299918174744 -0.21717600524425507 3.360675096511841 -0.012977000325918198 -0.9058690071105957 -0.4233590066432953 1.4917869567871094 0.0 0.0 0.0 1.0
-0.243025004863739 -0.40928399562835693 0.8794460296630859 4.500082969665527 -0.9699159860610962 0.11580400168895721 -0.21413199603557587 3.384222984313965 -0.014201999641954899 -0.9050279855728149 -0.4251140058040619 1.490035057067871 0.0 0.0 0.0 1.0
-0.23624299466609955 -0.41101300716400146 0.8804870247840881 4.503448009490967 -0.971576988697052 0.1139800027012825 -0.20747700333595276 3.3973419666290283 -0.015081999823451042 -0.90447598695755 -0.42625799775123596 1.4905840158462524 0.0 0.0 0.0 1.0
-0.23312999308109283 -0.40913599729537964 0.8821889758110046 4.505396842956543 -0.9723320007324219 0.11194100230932236 -0.205035999417305 3.417963981628418 -0.014864999800920486 -0.905580997467041 -0.42391300201416016 1.4860119819641113 0.0 0.0 0.0 1.0
-0.22693000733852386 -0.41612398624420166 0.8805360198020935 4.5171051025390625 -0.9738199710845947 0.10928700119256973 -0.19932399690151215 3.4319510459899902 -0.013287999667227268 -0.9027169942855835 -0.4300310015678406 1.490062952041626 0.0 0.0 0.0 1.0
-0.22019299864768982 -0.41909098625183105 0.8808389902114868 4.521821975708008 -0.9753490090370178 0.10798099637031555 -0.19244199991226196 3.442625045776367 -0.014462999999523163 -0.9015009999275208 -0.4325369894504547 1.4903780221939087 0.0 0.0 0.0 1.0
-0.21817399561405182 -0.4177449941635132 0.8819800019264221 4.528572082519531 -0.9757890105247498 0.10763200372457504 -0.19040000438690186 3.4593899250030518 -0.015390000306069851 -0.902167022228241 -0.43111300468444824 1.4869929552078247 0.0 0.0 0.0 1.0
-0.2166379988193512 -0.41710400581359863 0.8826619982719421 4.531853199005127 -0.9761360287666321 0.10648199915885925 -0.18926100432872772 3.472533941268921 -0.015046999789774418 -0.9025999903678894 -0.43021801114082336 1.4841190576553345 0.0 0.0 0.0 1.0
-0.21996299922466278 -0.4171009957790375 0.8818410038948059 4.540843963623047 -0.975396990776062 0.10770600289106369 -0.19235600531101227 3.488424062728882 -0.014747999608516693 -0.9024559855461121 -0.43053001165390015 1.483839988708496 0.0 0.0 0.0 1.0
-0.223361998796463 -0.41606900095939636 0.8814740180969238 4.547770977020264 -0.9745990037918091 0.1104390025138855 -0.1948300004005432 3.499864101409912 -0.016287000849843025 -0.9026020169258118 -0.4301680028438568 1.4860539436340332 0.0 0.0 0.0 1.0
-0.23048000037670135 -0.41132301092147827 0.8818690180778503 4.55658483505249 -0.9728929996490479 0.11501800268888474 -0.20062300562858582 3.5159969329833984 -0.018908999860286713 -0.9042040109634399 -0.4266830086708069 1.483543038368225 0.0 0.0 0.0 1.0
-0.23828400671482086 -0.4074130058288574 0.8816099762916565 4.564189910888672 -0.9708769917488098 0.12318699806928635 -0.20548300445079803 3.5301740169525146 -0.024886000901460648 -0.9048979878425598 -0.42490100860595703 1.4804140329360962 0.0 0.0 0.0 1.0
-0.24758599698543549 -0.407166987657547 0.8791559934616089 4.578132152557373 -0.9682649970054626 0.13592900335788727 -0.20972700417041779 3.544013023376465 -0.034109000116586685 -0.9031820297241211 -0.4278999865055084 1.4834519624710083 0.0 0.0 0.0 1.0
-0.25684601068496704 -0.4030439853668213 0.8783990144729614 4.587080955505371 -0.9653930068016052 0.14954400062561035 -0.21366700530052185 3.558082103729248 -0.04524200037121773 -0.9028800129890442 -0.4275059998035431 1.4859119653701782 0.0 0.0 0.0 1.0
-0.263045996427536 -0.3963859975337982 0.879593014717102 4.59201717376709 -0.9630330204963684 0.16277000308036804 -0.21464799344539642 3.564652919769287 -0.05808800086379051 -0.9035400152206421 -0.42454901337623596 1.4808440208435059 0.0 0.0 0.0 1.0
-0.2690019905567169 -0.39769700169563293 0.8771979808807373 4.601823806762695 -0.9610990285873413 0.17009800672531128 -0.21761299669742584 3.5825209617614746 -0.06266599893569946 -0.9016119837760925 -0.42798200249671936 1.4744269847869873 0.0 0.0 0.0 1.0
-0.27476900815963745 -0.405921995639801 0.8716250061988831 4.613979816436768 -0.9593790173530579 0.17607100307941437 -0.2204349935054779 3.5980660915374756 -0.06398899853229523 -0.8967869877815247 -0.4378109872341156 1.4748890399932861 0.0 0.0 0.0 1.0
-0.2812100052833557 -0.4134550094604492 0.8660119771957397 4.628204822540283 -0.9575849771499634 0.18001100420951843 -0.22500400245189667 3.6206560134887695 -0.06286299973726273 -0.8925529718399048 -0.4465390145778656 1.480362057685852 0.0 0.0 0.0 1.0
-0.2805140018463135 -0.4145199954509735 0.8657280206680298 4.6357221603393555 -0.9580060243606567 0.1767829954624176 -0.22576899826526642 3.639492988586426 -0.059459999203681946 -0.8927050232887268 -0.4467020034790039 1.481816053390503 0.0 0.0 0.0 1.0
-0.2735770046710968 -0.41561299562454224 0.8674219846725464 4.645238876342773 -0.9603409767150879 0.1685200035572052 -0.22213900089263916 3.6617040634155273 -0.05385399982333183 -0.8937940001487732 -0.44523298740386963 1.4826799631118774 0.0 0.0 0.0 1.0
-0.2628540098667145 -0.4170590043067932 0.8700399994850159 4.651490211486816 -0.9637879729270935 0.15550300478935242 -0.21663600206375122 3.683562994003296 -0.044943999499082565 -0.8954780101776123 -0.44283199310302734 1.4808199405670166 0.0 0.0 0.0 1.0
-0.2534950077533722 -0.4197840094566345 0.8715050220489502 4.6572699546813965 -0.966517984867096 0.14697499573230743 -0.21033699810504913 3.705272912979126 -0.03979400172829628 -0.895645022392273 -0.44298601150512695 1.4793829917907715 0.0 0.0 0.0 1.0
-0.24801500141620636 -0.42277199029922485 0.8716380000114441 4.6659440994262695 -0.9681199789047241 0.1407729983329773 -0.20718899369239807 3.729379892349243 -0.035110000520944595 -0.8952360153198242 -0.44420701265335083 1.479928970336914 0.0 0.0 0.0 1.0
-0.24103400111198425 -0.4251079857349396 0.8724600076675415 4.67329216003418 -0.9699710011482239 0.13565200567245483 -0.20187599956989288 3.7476449012756348 -0.03253199905157089 -0.8949199914932251 -0.4450399875640869 1.4820029735565186 0.0 0.0 0.0 1.0
-0.23537500202655792 -0.42456600069999695 0.8742669820785522 4.675404071807861 -0.9714319705963135 0.13081400096416473 -0.1980080008506775 3.7685389518737793 -0.030299000442028046 -0.8958969712257385 -0.44322699308395386 1.4839669466018677 0.0 0.0 0.0 1.0
-0.23007400333881378 -0.4215719997882843 0.8771219849586487 4.676631927490234 -0.9727339744567871 0.12670600414276123 -0.19425399601459503 3.78363299369812 -0.029245000332593918 -0.8978989720344543 -0.43922901153564453 1.483157992362976 0.0 0.0 0.0 1.0
-0.23082299530506134 -0.4186069965362549 0.8783450126647949 4.682985782623291 -0.9726359844207764 0.12381099909543991 -0.1965949982404709 3.8032119274139404 -0.02645299956202507 -0.8996880054473877 -0.4357300102710724 1.4827120304107666 0.0 0.0 0.0 1.0
-0.2332250028848648 -0.41433000564575195 0.8797370195388794 4.685121059417725 -0.9721429944038391 0.12104900181293488 -0.20071199536323547 3.826603889465332 -0.023329999297857285 -0.9020410180091858 -0.43101999163627625 1.48014497756958 0.0 0.0 0.0 1.0
-0.23664699494838715 -0.410970002412796 0.8803989887237549 4.690996170043945 -0.9714069962501526 0.11792799830436707 -0.2060610055923462 3.848400115966797 -0.01913899928331375 -0.9039890170097351 -0.42712700366973877 1.4780149459838867 0.0 0.0 0.0 1.0
-0.2422270029783249 -0.40918201208114624 0.8797140121459961 4.694054126739502 -0.9701060056686401 0.1159989982843399 -0.21316200494766235 3.868035078048706 -0.01482400018721819 -0.9050499796867371 -0.42504799365997314 1.4742560386657715 0.0 0.0 0.0 1.0
-0.2488979995250702 -0.4117940068244934 0.8766279816627502 4.700387001037598 -0.9684820175170898 0.11479800194501877 -0.22105200588703156 3.8874480724334717 -0.009607999585568905 -0.9040169715881348 -0.4273880124092102 1.4760960340499878 0.0 0.0 0.0 1.0
-0.25251901149749756 -0.41056498885154724 0.8761680126190186 4.70454216003418 -0.9675760269165039 0.11225099861621857 -0.22626399993896484 3.9074110984802246 -0.00545499986037612 -0.9048960208892822 -0.42559799551963806 1.478121042251587 0.0 0.0 0.0 1.0
-0.2555040121078491 -0.4053899943828583 0.8777109980583191 4.7039570808410645 -0.966808021068573 0.1077129989862442 -0.23169100284576416 3.9319369792938232 -0.000615999975707382 -0.9077759981155396 -0.41945499181747437 1.469514012336731 0.0 0.0 0.0 1.0
-0.2597459852695465 -0.410739004611969 0.8739709854125977 4.708288192749023 -0.9656680226325989 0.10651399940252304 -0.23693999648094177 3.954188108444214 0.004230999853461981 -0.9055100083351135 -0.4243040084838867 1.468513011932373 0.0 0.0 0.0 1.0
-0.2610419988632202 -0.4182629883289337 0.8700069785118103 4.714869976043701 -0.9653059840202332 0.10706300288438797 -0.2381639927625656 3.958030939102173 0.00646999990567565 -0.901993989944458 -0.4316999912261963 1.479138970375061 0.0 0.0 0.0 1.0
-0.2598870098590851 -0.4148780107498169 0.8719720244407654 4.713888168334961 -0.9656339883804321 0.10877099633216858 -0.23605099320411682 3.975281000137329 0.0030869999900460243 -0.9033520221710205 -0.4288890063762665 1.4852750301361084 0.0 0.0 0.0 1.0
-0.2560400068759918 -0.40749499201774597 0.8765789866447449 4.714173793792725 -0.9666650295257568 0.10656499862670898 -0.2328139990568161 3.9926040172576904 0.0014570000348612666 -0.9069679975509644 -0.42119601368904114 1.483389973640442 0.0 0.0 0.0 1.0
-0.25519201159477234 -0.4051069915294647 0.8779330253601074 4.71842098236084 -0.9668899774551392 0.1063150018453598 -0.23199200630187988 4.012505054473877 0.0006440000142902136 -0.908066987991333 -0.4188250005245209 1.482043981552124 0.0 0.0 0.0 1.0
-0.2513839900493622 -0.4062640070915222 0.878495991230011 4.722296237945557 -0.9678859710693359 0.10396300256252289 -0.2288849949836731 4.031112194061279 0.0016570000443607569 -0.9078220129013062 -0.4193519949913025 1.4795429706573486 0.0 0.0 0.0 1.0
-0.24931499361991882 -0.40904301404953003 0.8777959942817688 4.732402801513672 -0.968421995639801 0.1045600026845932 -0.22633099555969238 4.050570964813232 0.0007970000151544809 -0.9065049886703491 -0.4221940040588379 1.4827330112457275 0.0 0.0 0.0 1.0
-0.24670900404453278 -0.4086349904537201 0.8787220120429993 4.7348480224609375 -0.9690880179405212 0.1055309996008873 -0.22300399839878082 4.06240177154541 -0.0016049999976530671 -0.9065769910812378 -0.4220390021800995 1.4832969903945923 0.0 0.0 0.0 1.0
-0.24716700613498688 -0.4089449942111969 0.878449022769928 4.7408318519592285 -0.968970000743866 0.1063620001077652 -0.2231220006942749 4.076908111572266 -0.002188999904319644 -0.9063389897346497 -0.4225449860095978 1.4818220138549805 0.0 0.0 0.0 1.0
-0.24828000366687775 -0.4102729856967926 0.8775150179862976 4.747251987457275 -0.96868497133255 0.10764600336551666 -0.22374600172042847 4.086174011230469 -0.00266400002874434 -0.9055870175361633 -0.4241519868373871 1.4860819578170776 0.0 0.0 0.0 1.0
-0.25231799483299255 -0.40674498677253723 0.8780059814453125 4.7526631355285645 -0.9676439762115479 0.106454998254776 -0.2287610024213791 4.10133695602417 -0.00042100000428035855 -0.9073179960250854 -0.4204449951648712 1.4868299961090088 0.0 0.0 0.0 1.0
-0.24924500286579132 -0.4036569893360138 0.8803060054779053 4.753839015960693 -0.9684209823608398 0.09812899678945541 -0.22919699549674988 4.093081951141357 0.006132999900728464 -0.9096329808235168 -0.4153690040111542 1.48055100440979 0.0 0.0 0.0 1.0
-0.2500250041484833 -0.40769800543785095 0.8782200217247009 4.764866828918457 -0.9681770205497742 0.09498699754476547 -0.2315399944782257 4.092422008514404 0.01097899954766035 -0.9081630110740662 -0.4184730052947998 1.4832119941711426 0.0 0.0 0.0 1.0
-0.2549479901790619 -0.4087510108947754 0.8763129711151123 4.770554065704346 -0.9668009877204895 0.09156200289726257 -0.23856499791145325 4.104568004608154 0.017277000471949577 -0.9080410003662109 -0.41852399706840515 1.4853160381317139 0.0 0.0 0.0 1.0
-0.25985899567604065 -0.4054349958896637 0.8764110207557678 4.782039165496826 -0.965378999710083 0.0877079963684082 -0.24566300213336945 4.122694969177246 0.022732000797986984 -0.9099060297012329 -0.41418999433517456 1.4841320514678955 0.0 0.0 0.0 1.0
-0.26158300042152405 -0.40091899037361145 0.8779739737510681 4.7891130447387695 -0.9648690223693848 0.08548299968242645 -0.24843700230121613 4.132894992828369 0.02455100044608116 -0.9121170043945312 -0.4091950058937073 1.4790619611740112 0.0 0.0 0.0 1.0
-0.263264000415802 -0.39879798889160156 0.8784369826316833 4.799962997436523 -0.9643869996070862 0.08472900092601776 -0.250557005405426 4.148448944091797 0.025491999462246895 -0.9131159782409668 -0.4069019854068756 1.4765679836273193 0.0 0.0 0.0 1.0
-0.26481398940086365 -0.3947739899158478 0.8797879815101624 4.811889171600342 -0.9639289975166321 0.08308400213718414 -0.2528589963912964 4.165482997894287 0.026726000010967255 -0.9150140285491943 -0.402536004781723 1.4716440439224243 0.0 0.0 0.0 1.0
-0.2637619972229004 -0.39249899983406067 0.8811209797859192 4.818813800811768 -0.9642059803009033 0.08156800270080566 -0.2522990107536316 4.174945831298828 0.027155999094247818 -0.9161279797554016 -0.39996498823165894 1.463791012763977 0.0 0.0 0.0 1.0
-0.2602660059928894 -0.39588800072669983 0.8806440234184265 4.829841136932373 -0.9650729894638062 0.07840900123119354 -0.24997000396251678 4.184910774230957 0.029910000041127205 -0.9149450063705444 -0.4024690091609955 1.4548519849777222 0.0 0.0 0.0 1.0
-0.2570270001888275 -0.40393099188804626 0.877938985824585 4.840610980987549 -0.9658259749412537 0.07594099640846252 -0.2478169947862625 4.204555988311768 0.03342900052666664 -0.9116320013999939 -0.40964600443840027 1.4515810012817383 0.0 0.0 0.0 1.0
-0.2480500042438507 -0.4083369970321655 0.87848299741745 4.856510162353516 -0.9680759906768799 0.07074099779129028 -0.24046599864959717 4.212837219238281 0.036045998334884644 -0.9100859761238098 -0.41284799575805664 1.4472119808197021 0.0 0.0 0.0 1.0
-0.2390120029449463 -0.4133250117301941 0.8786560297012329 4.868374824523926 -0.9703149795532227 0.06728000193834305 -0.23229600489139557 4.212757110595703 0.03689799830317497 -0.9080950021743774 -0.4171369969844818 1.4474060535430908 0.0 0.0 0.0 1.0
-0.23662999272346497 -0.4171069860458374 0.8775129914283752 4.881453037261963 -0.9707450270652771 0.06361699849367142 -0.2315319925546646 4.220461845397949 0.040748998522758484 -0.9066280126571655 -0.4199579954147339 1.4434239864349365 0.0 0.0 0.0 1.0
-0.23836399614810944 -0.41957199573516846 0.8758659958839417 4.89824914932251 -0.9701820015907288 0.06207900121808052 -0.23429299890995026 4.22991418838501 0.04393099993467331 -0.9055969715118408 -0.4218589961528778 1.4412349462509155 0.0 0.0 0.0 1.0
-0.2468550056219101 -0.4194760024547577 0.873557984828949 4.919421195983887 -0.9680169820785522 0.06507200002670288 -0.24230100214481354 4.247183799743652 0.044794999063014984 -0.9054309725761414 -0.422122985124588 1.4397670030593872 0.0 0.0 0.0 1.0
-0.25493401288986206 -0.4188219904899597 0.8715490102767944 4.938835144042969 -0.9660469889640808 0.07118599861860275 -0.24836799502372742 4.258842945098877 0.04197999835014343 -0.905273973941803 -0.42274901270866394 1.4412280321121216 0.0 0.0 0.0 1.0
-0.26457300782203674 -0.41570401191711426 0.8701679706573486 4.959176063537598 -0.9635699987411499 0.07729600369930267 -0.25604501366615295 4.276614189147949 0.0391790010035038 -0.9062089920043945 -0.42100998759269714 1.439376950263977 0.0 0.0 0.0 1.0
-0.2733840048313141 -0.4153060019016266 0.8676300048828125 4.979307174682617 -0.9612299799919128 0.08417599648237228 -0.26258501410484314 4.289056777954102 0.03601900115609169 -0.9057790040969849 -0.4222170114517212 1.4407390356063843 0.0 0.0 0.0 1.0
-0.281033992767334 -0.4168489873409271 0.8644400238990784 5.000939846038818 -0.959164023399353 0.09196999669075012 -0.2674799859523773 4.299654006958008 0.031996000558137894 -0.9043110013008118 -0.4256730079650879 1.4487290382385254 0.0 0.0 0.0 1.0
-0.2843559980392456 -0.4105440080165863 0.8663690090179443 5.016136169433594 -0.9583489894866943 0.09663499891757965 -0.2687529921531677 4.311477184295654 0.02661300078034401 -0.9067059755325317 -0.42092299461364746 1.4573709964752197 0.0 0.0 0.0 1.0
-0.2830840051174164 -0.39275598526000977 0.8749889731407166 5.031527996063232 -0.9588559865951538 0.09553100168704987 -0.26733601093292236 4.328402042388916 0.021409999579191208 -0.914667010307312 -0.4036400020122528 1.4511950016021729 0.0 0.0 0.0 1.0
-0.2826879918575287 -0.38523098826408386 0.8784549832344055 5.041338920593262 -0.9590100049972534 0.09474799782037735 -0.2670609951019287 4.347864151000977 0.019648000597953796 -0.917943000793457 -0.3962250053882599 1.4472429752349854 0.0 0.0 0.0 1.0
-0.27913400530815125 -0.38834598660469055 0.8782200217247009 5.0547051429748535 -0.9599679708480835 0.09061799943447113 -0.26504600048065186 4.355632781982422 0.023346999660134315 -0.9170470237731934 -0.3980950117111206 1.4424309730529785 0.0 0.0 0.0 1.0
-0.28235000371932983 -0.3953329920768738 0.8740649819374084 5.071444988250732 -0.9589700102806091 0.09200900048017502 -0.2681620121002197 4.369153022766113 0.02559100091457367 -0.9139180183410645 -0.40509098768234253 1.4484540224075317 0.0 0.0 0.0 1.0
-0.2858400046825409 -0.3967610001564026 0.8722820281982422 5.085097789764404 -0.9579160213470459 0.09330199658870697 -0.271463006734848 4.376327037811279 0.026319999247789383 -0.9131680130958557 -0.4067330062389374 1.4513189792633057 0.0 0.0 0.0 1.0
-0.29563799500465393 -0.3958919942378998 0.8694069981575012 5.097437858581543 -0.9549469947814941 0.09773100167512894 -0.28022199869155884 4.392499923706055 0.025969000533223152 -0.9130820035934448 -0.4069490134716034 1.4494069814682007 0.0 0.0 0.0 1.0
-0.3056420087814331 -0.3976159989833832 0.865149974822998 5.111814022064209 -0.9519410133361816 0.10875800251960754 -0.2863200008869171 4.4021501541137695 0.019752999767661095 -0.911083996295929 -0.4117479920387268 1.4573110342025757 0.0 0.0 0.0 1.0
-0.3153490126132965 -0.39346200227737427 0.8635640144348145 5.127566814422607 -0.9488980174064636 0.11911900341510773 -0.2922370135784149 4.408496856689453 0.012117000296711922 -0.9115909934043884 -0.4109190106391907 1.4653749465942383 0.0 0.0 0.0 1.0
-0.3279939889907837 -0.38086798787117004 0.8644999861717224 5.135866165161133 -0.9446730017662048 0.12879599630832672 -0.30166900157928467 4.4209489822387695 0.0035520000383257866 -0.9156150221824646 -0.4020400047302246 1.4635659456253052 0.0 0.0 0.0 1.0
-0.33975300192832947 -0.37079599499702454 0.8643370270729065 5.143299102783203 -0.9405080080032349 0.13726699352264404 -0.3108069896697998 4.429736137390137 -0.0033990000374615192 -0.9185140132904053 -0.39537400007247925 1.4614379405975342 0.0 0.0 0.0 1.0
-0.3567639887332916 -0.3623729944229126 0.8610489964485168 5.151453018188477 -0.9341560006141663 0.14671899378299713 -0.3253079950809479 4.446650981903076 -0.008449000306427479 -0.9204130172729492 -0.3908570110797882 1.4530349969863892 0.0 0.0 0.0 1.0
-0.37294700741767883 -0.35945799946784973 0.8553950190544128 5.162806987762451 -0.9277960062026978 0.1546889990568161 -0.3395090103149414 4.46095085144043 -0.010281000286340714 -0.9202510118484497 -0.3911939859390259 1.450523018836975 0.0 0.0 0.0 1.0
-0.38817301392555237 -0.3558500111103058 0.8501129746437073 5.173302173614502 -0.921521008014679 0.16091200709342957 -0.35342198610305786 4.472014904022217 -0.01102800015360117 -0.9205859899520874 -0.3903850018978119 1.4489599466323853 0.0 0.0 0.0 1.0
-0.40551599860191345 -0.3510949909687042 0.8439720273017883 5.186868190765381 -0.9140089750289917 0.16787099838256836 -0.3693329989910126 4.491569995880127 -0.012006999924778938 -0.9211689829826355 -0.3889780044555664 1.4508090019226074 0.0 0.0 0.0 1.0
-0.4172160029411316 -0.3433089852333069 0.8414689898490906 5.194393157958984 -0.9086930155754089 0.17225000262260437 -0.3802720010280609 4.502849102020264 -0.014391999691724777 -0.9232919812202454 -0.3838280141353607 1.4465060234069824 0.0 0.0 0.0 1.0
-0.4344950020313263 -0.3387719988822937 0.8345339894294739 5.207755088806152 -0.9005569815635681 0.1783429980278015 -0.3964729905128479 4.526607990264893 -0.014519000425934792 -0.9238110184669495 -0.3825730085372925 1.444200038909912 0.0 0.0 0.0 1.0
-0.45180100202560425 -0.3344630002975464 0.8270490169525146 5.219542980194092 -0.8920120000839233 0.18373000621795654 -0.41298699378967285 4.545085906982422 -0.013825000263750553 -0.9243260025978088 -0.3813540041446686 1.4421420097351074 0.0 0.0 0.0 1.0
-0.47166699171066284 -0.3268370032310486 0.8189679980278015 5.235429763793945 -0.8816549777984619 0.1902499943971634 -0.43184399604797363 4.570917129516602 -0.014666000381112099 -0.9257339835166931 -0.37789198756217957 1.4377989768981934 0.0 0.0 0.0 1.0
-0.4874899983406067 -0.32109901309013367 0.8119410276412964 5.254917144775391 -0.8729529976844788 0.1979130059480667 -0.44585201144218445 4.594532012939453 -0.017531000077724457 -0.9261350035667419 -0.376785010099411 1.4378960132598877 0.0 0.0 0.0 1.0
-0.49988800287246704 -0.3175100088119507 0.8057910203933716 5.270562171936035 -0.8659219741821289 0.20153599977493286 -0.4577789902687073 4.623147010803223 -0.01704699918627739 -0.9265909790992737 -0.3756850063800812 1.4312570095062256 0.0 0.0 0.0 1.0
-0.511381983757019 -0.3219980001449585 0.7967470288276672 5.288366794586182 -0.8592720031738281 0.2043589949607849 -0.46892300248146057 4.657102108001709 -0.011830000206828117 -0.924422025680542 -0.3811889886856079 1.4217640161514282 0.0 0.0 0.0 1.0
-0.5233569741249084 -0.33640700578689575 0.7828969955444336 5.311779975891113 -0.8521130084991455 0.20639699697494507 -0.4809400141239166 4.688061237335205 0.00020399999630171806 -0.9188200235366821 -0.39467599987983704 1.4152710437774658 0.0 0.0 0.0 1.0
-0.5320780277252197 -0.3510729968547821 0.7704809904098511 5.3311381340026855 -0.8466539978981018 0.2116280049085617 -0.48825201392173767 4.710454940795898 0.008356000296771526 -0.9121189713478088 -0.4098399877548218 1.4190740585327148 0.0 0.0 0.0 1.0
-0.5367460250854492 -0.35805198550224304 0.7640039920806885 5.3553619384765625 -0.8436220288276672 0.21239300072193146 -0.4931429922580719 4.735763072967529 0.014302000403404236 -0.9092239737510681 -0.41606101393699646 1.4246970415115356 0.0 0.0 0.0 1.0
-0.5361049771308899 -0.356889009475708 0.7649980187416077 5.371983051300049 -0.8439720273017883 0.2079239934682846 -0.4944480061531067 4.760959148406982 0.017402000725269318 -0.9107130169868469 -0.4126729965209961 1.4229819774627686 0.0 0.0 0.0 1.0
-0.5343430042266846 -0.3582260012626648 0.7656049728393555 5.385393142700195 -0.8448529839515686 0.1979849934577942 -0.4970160126686096 4.78866720199585 0.026466000825166702 -0.912401020526886 -0.4084399938583374 1.4090629816055298 0.0 0.0 0.0 1.0
-0.5309439897537231 -0.3689660131931305 0.7628639936447144 5.398478984832764 -0.8465560078620911 0.19060899317264557 -0.4970029890537262 4.807145118713379 0.03796900063753128 -0.9096879959106445 -0.41355299949645996 1.3986129760742188 0.0 0.0 0.0 1.0
-0.5285559892654419 -0.38151100277900696 0.758338987827301 5.412596225738525 -0.847536027431488 0.1865690052509308 -0.49686399102211 4.824485778808594 0.048076000064611435 -0.9053400158882141 -0.42195698618888855 1.3957819938659668 0.0 0.0 0.0 1.0
-0.5277349948883057 -0.38938000798225403 0.7549030184745789 5.426196098327637 -0.8476269841194153 0.18387499451637268 -0.49771299958229065 4.839301109313965 0.05499200150370598 -0.9025369882583618 -0.4270859956741333 1.3898849487304688 0.0 0.0 0.0 1.0
-0.5280889868736267 -0.3983660042285919 0.7499510049819946 5.438532829284668 -0.8471189737319946 0.18551099300384521 -0.49797001481056213 4.855918884277344 0.05925099924206734 -0.8982710242271423 -0.43542999029159546 1.3857170343399048 0.0 0.0 0.0 1.0
-0.5266050100326538 -0.4048579931259155 0.747514009475708 5.449274063110352 -0.8480240106582642 0.18861299753189087 -0.4952569901943207 4.868422985076904 0.0595179982483387 -0.8947150111198425 -0.442654013633728 1.3818060159683228 0.0 0.0 0.0 1.0
-0.5271850228309631 -0.4107010066509247 0.7439090013504028 5.461478233337402 -0.8470039963722229 0.18365000188350677 -0.49885499477386475 4.881786823272705 0.06826099753379822 -0.8930829763412476 -0.4446829855442047 1.3692669868469238 0.0 0.0 0.0 1.0
-0.527783989906311 -0.4199340045452118 0.7383080124855042 5.469441890716553 -0.845890998840332 0.18117499351501465 -0.5016419887542725 4.893036842346191 0.07689400017261505 -0.889286994934082 -0.4508399963378906 1.3617980480194092 0.0 0.0 0.0 1.0
-0.526511013507843 -0.4313569962978363 0.7326099872589111 5.477141857147217 -0.8458120226860046 0.17864300310611725 -0.5026819705963135 4.896399021148682 0.08596000075340271 -0.8843179941177368 -0.4589039981365204 1.3592300415039062 0.0 0.0 0.0 1.0
-0.5298740267753601 -0.4379349946975708 0.7262549996376038 5.4846649169921875 -0.8427479863166809 0.17606300115585327 -0.5087010264396667 4.9050798416137695 0.09491100162267685 -0.8815979957580566 -0.4623599946498871 1.354161024093628 0.0 0.0 0.0 1.0
-0.5314260125160217 -0.4422230124473572 0.7225130200386047 5.4833149909973145 -0.8411319851875305 0.17436900734901428 -0.5119490027427673 4.908062934875488 0.10041200369596481 -0.8797919750213623 -0.4646320044994354 1.3474570512771606 0.0 0.0 0.0 1.0
-0.536204993724823 -0.4477449953556061 0.7155479788780212 5.491827964782715 -0.8373330235481262 0.1751219928264618 -0.5178850293159485 4.912030220031738 0.10657200217247009 -0.8768450021743774 -0.4688130021095276 1.3444370031356812 0.0 0.0 0.0 1.0
-0.5393909811973572 -0.4509870111942291 0.7111030220985413 5.495096206665039 -0.8345670104026794 0.17394199967384338 -0.5227259993553162 4.9163007736206055 0.11205200105905533 -0.8754169940948486 -0.4702019989490509 1.3385900259017944 0.0 0.0 0.0 1.0
-0.5411710143089294 -0.45478400588035583 0.7073230147361755 5.496985912322998 -0.8329179883003235 0.17418299615383148 -0.5252699851989746 4.919410228729248 0.1156810000538826 -0.873403012752533 -0.4730600118637085 1.3328030109405518 0.0 0.0 0.0 1.0
-0.5421990156173706 -0.4617840051651001 0.7019799947738647 5.499059200286865 -0.8314110040664673 0.17398299276828766 -0.5277180075645447 4.922274112701416 0.12155900150537491 -0.8697620034217834 -0.47826600074768066 1.329190969467163 0.0 0.0 0.0 1.0
-0.5416120290756226 -0.4722679853439331 0.6954280138015747 5.496935844421387 -0.8306999802589417 0.1739169955253601 -0.5288569927215576 4.922165870666504 0.12881599366664886 -0.8641279935836792 -0.48650801181793213 1.3320809602737427 0.0 0.0 0.0 1.0
-0.5423960089683533 -0.4789150059223175 0.6902509927749634 5.498691082000732 -0.8290349841117859 0.1720699965953827 -0.5320649743080139 4.9238409996032715 0.13604199886322021 -0.8608319759368896 -0.4903680086135864 1.3295819759368896 0.0 0.0 0.0 1.0
-0.5424429774284363 -0.482558012008667 0.6876720190048218 5.500569820404053 -0.8283519744873047 0.17085599899291992 -0.5335180163383484 4.925673007965088 0.13996000587940216 -0.8590379953384399 -0.49240800738334656 1.3284989595413208 0.0 0.0 0.0 1.0
-0.541051983833313 -0.4846689999103546 0.6872829794883728 5.5009331703186035 -0.8291159868240356 0.17057199776172638 -0.5324209928512573 4.927458763122559 0.14081700146198273 -0.8579049706459045 -0.4941349923610687 1.3297419548034668 0.0 0.0 0.0 1.0
-0.537854015827179 -0.4841350018978119 0.6901640295982361 5.499535083770752 -0.8317679762840271 0.17133300006389618 -0.528020977973938 4.929464817047119 0.1373859941959381 -0.8580549955368042 -0.49483999609947205 1.3326929807662964 0.0 0.0 0.0 1.0
-0.532912015914917 -0.4817909896373749 0.6956160068511963 5.495450973510742 -0.8360109925270081 0.17278000712394714 -0.5207989811897278 4.930777072906494 0.13072699308395386 -0.8590840101242065 -0.4948599934577942 1.3358780145645142 0.0 0.0 0.0 1.0
-0.5271400213241577 -0.4799869954586029 0.7012389898300171 5.49360990524292 -0.8407890200614929 0.17489300668239594 -0.5123329758644104 4.928403854370117 0.12327200174331665 -0.8596659898757935 -0.4957610070705414 1.3424160480499268 0.0 0.0 0.0 1.0
-0.5229259729385376 -0.4764699935913086 0.7067710161209106 5.492516994476318 -0.8447149991989136 0.17874400317668915 -0.5044869780540466 4.92805290222168 0.1140419989824295 -0.8608289957046509 -0.49595099687576294 1.3522469997406006 0.0 0.0 0.0 1.0
-0.5144469738006592 -0.468189001083374 0.7184309959411621 5.485229969024658 -0.8516799807548523 0.18133999407291412 -0.49168699979782104 4.923348903656006 0.09992200136184692 -0.8648210167884827 -0.49203699827194214 1.3627979755401611 0.0 0.0 0.0 1.0
-0.5056989789009094 -0.46091100573539734 0.7292659878730774 5.481006145477295 -0.8581640124320984 0.182095006108284 -0.479993999004364 4.919187068939209 0.08843900263309479 -0.8685629963874817 -0.487623006105423 1.3730469942092896 0.0 0.0 0.0 1.0
-0.49367499351501465 -0.4486970007419586 0.744953989982605 5.465775012969971 -0.866549015045166 0.18156999349594116 -0.4648919999599457 4.911962985992432 0.07333400100469589 -0.8750450015068054 -0.47845399379730225 1.3752299547195435 0.0 0.0 0.0 1.0
-0.47939199209213257 -0.4485599994659424 0.7543060183525085 5.458434104919434 -0.8752040266990662 0.18087899684906006 -0.44866499304771423 4.903566837310791 0.06481499969959259 -0.8752580285072327 -0.4792940020561218 1.3920559883117676 0.0 0.0 0.0 1.0
-0.46558499336242676 -0.4444969892501831 0.7652789950370789 5.447938919067383 -0.8831940293312073 0.17809699475765228 -0.43387800455093384 4.894174098968506 0.05656300112605095 -0.8778979778289795 -0.4754970073699951 1.4017829895019531 0.0 0.0 0.0 1.0
-0.4527910053730011 -0.44159799814224243 0.7745779752731323 5.441739082336426 -0.8903329968452454 0.17733000218868256 -0.4193579852581024 4.882081985473633 0.047832001000642776 -0.8795139789581299 -0.4734629988670349 1.4184050559997559 0.0 0.0 0.0 1.0
-0.44359898567199707 -0.4325230121612549 0.7849479913711548 5.4354472160339355 -0.8954169750213623 0.17670699954032898 -0.40865999460220337 4.869665145874023 0.03804900124669075 -0.884136974811554 -0.4656760096549988 1.433758020401001 0.0 0.0 0.0 1.0
-0.43772000074386597 -0.41455399990081787 0.7978389859199524 5.419424057006836 -0.8987460136413574 0.1764419972896576 -0.40140199661254883 4.8578691482543945 0.025630999356508255 -0.8927559852600098 -0.44981101155281067 1.4388450384140015 0.0 0.0 0.0 1.0
-0.4320189952850342 -0.40131399035453796 0.8076549768447876 5.405542850494385 -0.9017509818077087 0.17803899943828583 -0.3938870131969452 4.841376781463623 0.014278000220656395 -0.8984709978103638 -0.43880099058151245 1.4476120471954346 0.0 0.0 0.0 1.0
-0.43012499809265137 -0.3893139958381653 0.8145099878311157 5.398238182067871 -0.9027619957923889 0.18183200061321259 -0.3898169994354248 4.8268609046936035 0.003656999906525016 -0.9029790163040161 -0.42966899275779724 1.4607900381088257 0.0 0.0 0.0 1.0
-0.4280799925327301 -0.373742014169693 0.8228390216827393 5.385956764221191 -0.9037119746208191 0.18430699408054352 -0.3864389955997467 4.811766147613525 -0.007226999849081039 -0.9090369939804077 -0.41665300726890564 1.466521978378296 0.0 0.0 0.0 1.0
-0.42151200771331787 -0.3610979914665222 0.8318269848823547 5.369600772857666 -0.906669020652771 0.18469800055027008 -0.37925800681114197 4.7943549156188965 -0.016687000170350075 -0.9140539765357971 -0.4052489995956421 1.4697929620742798 0.0 0.0 0.0 1.0
-0.4104999899864197 -0.3476000130176544 0.8430089950561523 5.344694137573242 -0.9115750193595886 0.1795870065689087 -0.3698369860649109 4.777095794677734 -0.02283800020813942 -0.9202839732170105 -0.39058399200439453 1.4600579738616943 0.0 0.0 0.0 1.0
-0.39933401346206665 -0.34732699394226074 0.8484669923782349 5.3342108726501465 -0.9163939952850342 0.17893099784851074 -0.3580569922924042 4.759276866912842 -0.02745399996638298 -0.9205150008201599 -0.389741986989975 1.4692720174789429 0.0 0.0 0.0 1.0
-0.38089901208877563 -0.3454810082912445 0.8576470017433167 5.314655780792236 -0.9241369962692261 0.17212800681591034 -0.34109100699424744 4.741003036499023 -0.029784999787807465 -0.9225040078163147 -0.38483598828315735 1.4616730213165283 0.0 0.0 0.0 1.0
-0.35864999890327454 -0.35166800022125244 0.8646960258483887 5.301208019256592 -0.9330520033836365 0.16283300518989563 -0.3207780122756958 4.72114896774292 -0.027993999421596527 -0.9218540191650391 -0.3865250051021576 1.463197946548462 0.0 0.0 0.0 1.0
-0.33340901136398315 -0.35683900117874146 0.8726419806480408 5.279198169708252 -0.9425899982452393 0.14487400650978088 -0.3008919954299927 4.702968120574951 -0.01905299909412861 -0.9228640198707581 -0.3846549987792969 1.459218978881836 0.0 0.0 0.0 1.0
-0.3108470141887665 -0.3683350086212158 0.8761870265007019 5.264955043792725 -0.9504309892654419 0.12758800387382507 -0.28355100750923157 4.681889057159424 -0.007348999846726656 -0.9208970069885254 -0.38973701000213623 1.4576539993286133 0.0 0.0 0.0 1.0
-0.2933579981327057 -0.38004299998283386 0.8772159814834595 5.250545978546143 -0.9559760093688965 0.10978099703788757 -0.2721349895000458 4.664991855621338 0.007120999973267317 -0.9184309840202332 -0.3955169916152954 1.4529039859771729 0.0 0.0 0.0 1.0
-0.2740370035171509 -0.39178699254989624 0.878296971321106 5.239496231079102 -0.9614629745483398 0.09055499732494354 -0.2595910131931305 4.635461807250977 0.02216999977827072 -0.9155889749526978 -0.4015049934387207 1.4660370349884033 0.0 0.0 0.0 1.0
-0.26457300782203674 -0.38757699728012085 0.8830540180206299 5.223830223083496 -0.9636390209197998 0.07071299850940704 -0.2576799988746643 4.610384941101074 0.03742700070142746 -0.9191210269927979 -0.392194002866745 1.4664829969406128 0.0 0.0 0.0 1.0
-0.2635369896888733 -0.3828299939632416 0.8854320049285889 5.208985805511475 -0.9634929895401001 0.05952899903059006 -0.26103299856185913 4.586524963378906 0.04722300171852112 -0.9218990206718445 -0.38454198837280273 1.4628729820251465 0.0 0.0 0.0 1.0
-0.2612450122833252 -0.3845739960670471 0.8853560090065002 5.193540096282959 -0.9637789726257324 0.052917998284101486 -0.2613990008831024 4.554972171783447 0.053676001727581024 -0.9215760231018066 -0.38446900248527527 1.4684699773788452 0.0 0.0 0.0 1.0
-0.26215699315071106 -0.3753420114517212 0.8890399932861328 5.179664134979248 -0.9637920260429382 0.05527999997138977 -0.26086100935935974 4.52501916885376 0.04876599833369255 -0.9252369999885559 -0.3762440085411072 1.4708149433135986 0.0 0.0 0.0 1.0
-0.26282399892807007 -0.3696250021457672 0.8912360072135925 5.164813995361328 -0.9640070199966431 0.062143001705408096 -0.2585110068321228 4.502302169799805 0.040167998522520065 -0.9271010160446167 -0.372653990983963 1.4698289632797241 0.0 0.0 0.0 1.0
-0.26004600524902344 -0.37379199266433716 0.8903120160102844 5.158124923706055 -0.9651259779930115 0.07184699922800064 -0.2517339885234833 4.476902008056641 0.03013000078499317 -0.9247260093688965 -0.3794400095939636 1.4839839935302734 0.0 0.0 0.0 1.0
-0.26004600524902344 -0.36981600522994995 0.8919709920883179 5.150468826293945 -0.9653549790382385 0.0789399966597557 -0.2487110048532486 4.45590877532959 0.021564999595284462 -0.9257450103759766 -0.3775320053100586 1.4904069900512695 0.0 0.0 0.0 1.0
-0.2598569989204407 -0.3685699999332428 0.8925409913063049 5.144290924072266 -0.9655479788780212 0.08596599847078323 -0.2456129938364029 4.434081077575684 0.013797000050544739 -0.9256160259246826 -0.37821200489997864 1.498095989227295 0.0 0.0 0.0 1.0
-0.2588230073451996 -0.3684749901294708 0.8928809762001038 5.137391090393066 -0.9659029841423035 0.09246200323104858 -0.24183200299739838 4.412897109985352 0.006552000064402819 -0.9250280261039734 -0.37984201312065125 1.5056020021438599 0.0 0.0 0.0 1.0
-0.25880900025367737 -0.3509970009326935 0.8998990058898926 5.12844705581665 -0.9658939838409424 0.10189899802207947 -0.23804399371147156 4.366936206817627 -0.00814600009471178 -0.9308159947395325 -0.36539798974990845 1.5185019969940186 0.0 0.0 0.0 1.0
-0.2554750144481659 -0.3340440094470978 0.9072740077972412 5.119363784790039 -0.9666600227355957 0.10507199913263321 -0.23351100087165833 4.353751182556152 -0.017325999215245247 -0.9366829991340637 -0.34975099563598633 1.5131269693374634 0.0 0.0 0.0 1.0
-0.24292099475860596 -0.3263770043849945 0.9134920239448547 5.110652923583984 -0.9694830179214478 0.11377300322055817 -0.21716099977493286 4.330154895782471 -0.03305400162935257 -0.9383670091629028 -0.3440549969673157 1.5163589715957642 0.0 0.0 0.0 1.0
-0.23359699547290802 -0.31248998641967773 0.9207509756088257 5.101881980895996 -0.9717130064964294 0.10885600000619888 -0.20958200097084045 4.324824810028076 -0.0347369983792305 -0.9436630010604858 -0.3290790021419525 1.5003139972686768 0.0 0.0 0.0 1.0
-0.22311000525951385 -0.313400000333786 0.923039972782135 5.102357864379883 -0.9742149710655212 0.10430700331926346 -0.20006400346755981 4.309290885925293 -0.033580001443624496 -0.9438750147819519 -0.328590989112854 1.5052900314331055 0.0 0.0 0.0 1.0
-0.21068499982357025 -0.3095589876174927 0.9272459745407104 5.090611934661865 -0.9772120118141174 0.09179099649190903 -0.19139300286769867 4.2938408851623535 -0.02586499974131584 -0.9464399814605713 -0.3218440115451813 1.4929850101470947 0.0 0.0 0.0 1.0
-0.1960510015487671 -0.31065499782562256 0.9300839900970459 5.088120937347412 -0.9804800152778625 0.0765480026602745 -0.18110600113868713 4.273403167724609 -0.014934999868273735 -0.9474350214004517 -0.3195990025997162 1.493332028388977 0.0 0.0 0.0 1.0
-0.18680499494075775 -0.31071698665618896 0.9319649934768677 5.086905002593994 -0.9823939800262451 0.061202000826597214 -0.17650899291038513 4.260219097137451 -0.002193999942392111 -0.9485300183296204 -0.31668001413345337 1.488029956817627 0.0 0.0 0.0 1.0
-0.17690099775791168 -0.31541499495506287 0.9323189854621887 5.087080955505371 -0.9841949939727783 0.04885999858379364 -0.17021499574184418 4.245322227478027 0.008135000243782997 -0.9476950168609619 -0.31907400488853455 1.4918019771575928 0.0 0.0 0.0 1.0
-0.16216300427913666 -0.3142470121383667 0.93538898229599 5.087052822113037 -0.9866740107536316 0.03880399838089943 -0.15801799297332764 4.222990989685059 0.01336000021547079 -0.9485480189323425 -0.3163520097732544 1.4934790134429932 0.0 0.0 0.0 1.0
-0.14956100285053253 -0.3100210130214691 0.9388920068740845 5.085759162902832 -0.9885630011558533 0.028303999453783035 -0.1481270045042038 4.201430797576904 0.01934799924492836 -0.9503080248832703 -0.31070899963378906 1.4930919408798218 0.0 0.0 0.0 1.0
-0.1430709958076477 -0.30392199754714966 0.9418929815292358 5.081273078918457 -0.9894620180130005 0.02250099927186966 -0.14303599298000336 4.177158832550049 0.02227799966931343 -0.9524310231208801 -0.30393800139427185 1.490867018699646 0.0 0.0 0.0 1.0
-0.13717100024223328 -0.30263200402259827 0.9431849718093872 5.079202175140381 -0.9902889728546143 0.020163999870419502 -0.13755199313163757 4.156785011291504 0.02260899916291237 -0.9528939723968506 -0.3024590015411377 1.4923670291900635 0.0 0.0 0.0 1.0
-0.12193500250577927 -0.300137996673584 0.9460700154304504 5.068671226501465 -0.9923059940338135 0.016240999102592468 -0.12274199724197388 4.138329029083252 0.02147500030696392 -0.9537580013275146 -0.2998090088367462 1.4828230142593384 0.0 0.0 0.0 1.0
-0.10529399663209915 -0.30494600534439087 0.9465309977531433 5.063680171966553 -0.9941679835319519 0.009957999922335148 -0.10738500207662582 4.122104167938232 0.02332100085914135 -0.952318012714386 -0.3042159974575043 1.4732249975204468 0.0 0.0 0.0 1.0
-0.09147399663925171 -0.31911998987197876 0.9432889819145203 5.064833164215088 -0.9953979849815369 0.0021490000654011965 -0.0957999974489212 4.101781845092773 0.028544999659061432 -0.9477120041847229 -0.31784799695014954 1.4816019535064697 0.0 0.0 0.0 1.0
-0.08211600035429001 -0.32389798760414124 0.9425219893455505 5.0617899894714355 -0.9961739778518677 -0.0017099999822676182 -0.08737800270318985 4.081140041351318 0.029913000762462616 -0.9460909962654114 -0.322517991065979 1.4885209798812866 0.0 0.0 0.0 1.0
-0.07399900257587433 -0.3273079991340637 0.9420149922370911 5.062254905700684 -0.9968129992485046 -0.003938999958336353 -0.07967299968004227 4.060153961181641 0.029788000509142876 -0.9449089765548706 -0.3259739875793457 1.5018939971923828 0.0 0.0 0.0 1.0
-0.06504300236701965 -0.3222559988498688 0.9444149732589722 5.060892105102539 -0.9974880218505859 -0.005607000086456537 -0.07061100006103516 4.036078929901123 0.028049999848008156 -0.9466360211372375 -0.3210819959640503 1.5120600461959839 0.0 0.0 0.0 1.0
-0.057388998568058014 -0.31532201170921326 0.9472479820251465 5.053656101226807 -0.998071014881134 -0.004401999991387129 -0.0619329996407032 4.0208330154418945 0.023698000237345695 -0.9489750266075134 -0.31446099281311035 1.5166959762573242 0.0 0.0 0.0 1.0
-0.042089998722076416 -0.3084909915924072 0.9502959847450256 5.045285224914551 -0.9989680051803589 -0.0032709999941289425 -0.04530699923634529 3.9998459815979004 0.017085000872612 -0.9512220025062561 -0.3080349862575531 1.5136990547180176 0.0 0.0 0.0 1.0
-0.02806299924850464 -0.30577901005744934 0.9516890048980713 5.041449069976807 -0.9994950294494629 -0.0055970000103116035 -0.03127099946141243 3.981208086013794 0.01488799974322319 -0.9520859718322754 -0.30546700954437256 1.5259369611740112 0.0 0.0 0.0 1.0
-0.015011999756097794 -0.29600000381469727 0.9550700187683105 5.032268047332764 -0.9997770190238953 -0.009712999686598778 -0.018725000321865082 3.9619579315185547 0.014820000156760216 -0.9551389813423157 -0.2957879900932312 1.5220789909362793 0.0 0.0 0.0 1.0
0.004861999768763781 -0.30255401134490967 0.9531199932098389 5.0240092277526855 -0.9998739957809448 -0.01588200032711029 5.900000178371556e-05 3.9395198822021484 0.01511900033801794 -0.953000009059906 -0.3025929927825928 1.5311650037765503 0.0 0.0 0.0 1.0
0.024807000532746315 -0.3112710118293762 0.9499970078468323 5.020392894744873 -0.9995779991149902 -0.022067999467253685 0.01887200027704239 3.922569990158081 0.01508999988436699 -0.950065016746521 -0.31168699264526367 1.5492169857025146 0.0 0.0 0.0 1.0
0.04652300104498863 -0.30859801173210144 0.9500539898872375 5.0108442306518555 -0.9987819790840149 -0.030027000233530998 0.03915499895811081 3.901966094970703 0.016443999484181404 -0.9507189989089966 -0.3096190094947815 1.5577150583267212 0.0 0.0 0.0 1.0
0.06899899989366531 -0.3070929944515228 0.9491750001907349 4.999478816986084 -0.9974460005760193 -0.03882100060582161 0.05994800105690956 3.885938882827759 0.018438000231981277 -0.9508870244026184 -0.30898699164390564 1.5587539672851562 0.0 0.0 0.0 1.0
0.09827899932861328 -0.3076480031013489 0.9464110136032104 4.993773937225342 -0.9948689937591553 -0.05334100127220154 0.08597099781036377 3.866748094558716 0.02403399907052517 -0.950003981590271 -0.3113119900226593 1.5646840333938599 0.0 0.0 0.0 1.0
0.13035300374031067 -0.2972550094127655 0.9458580017089844 4.983331203460693 -0.9910269975662231 -0.06751900166273117 0.11535900086164474 3.8344850540161133 0.029572000727057457 -0.9524080157279968 -0.3033890128135681 1.573868989944458 0.0 0.0 0.0 1.0
0.15446999669075012 -0.28421300649642944 0.9462360143661499 4.973580837249756 -0.9873110055923462 -0.08009400218725204 0.13711899518966675 3.811711072921753 0.036816999316215515 -0.9554100036621094 -0.2929779887199402 1.5786869525909424 0.0 0.0 0.0 1.0
0.17665599286556244 -0.2764590084552765 0.9446499943733215 4.970409870147705 -0.9831569790840149 -0.09524299949407578 0.15598399937152863 3.789767026901245 0.04684799909591675 -0.9562950134277344 -0.2886280119419098 1.58400297164917 0.0 0.0 0.0 1.0
0.1881529986858368 -0.2697179913520813 0.9443780183792114 4.95441198348999 -0.9806039929389954 -0.10533600300550461 0.16528700292110443 3.784666061401367 0.054896000772714615 -0.957161009311676 -0.28430598974227905 1.5782309770584106 0.0 0.0 0.0 1.0
0.20355699956417084 -0.2705180048942566 0.940949022769928 4.946516990661621 -0.9774640202522278 -0.1110529974102974 0.17952999472618103 3.772341012954712 0.05592900142073631 -0.9562879800796509 -0.2870280146598816 1.5832539796829224 0.0 0.0 0.0 1.0
0.22235199809074402 -0.2552649974822998 0.9409570097923279 4.934003829956055 -0.9729920029640198 -0.11949200183153152 0.19750499725341797 3.7530710697174072 0.06202099844813347 -0.9594590067863464 -0.27494001388549805 1.5686750411987305 0.0 0.0 0.0 1.0
0.22831100225448608 -0.258092999458313 0.938755989074707 4.923587799072266 -0.9716489911079407 -0.12122800201177597 0.20298099517822266 3.7640740871429443 0.06141500174999237 -0.9584839940071106 -0.27845299243927 1.5932190418243408 0.0 0.0 0.0 1.0
0.24430400133132935 -0.2527810037136078 0.9361720085144043 4.916369915008545 -0.9679989814758301 -0.12071699649095535 0.22001400589942932 3.7466819286346436 0.057395998388528824 -0.9599630236625671 -0.2741830050945282 1.597661018371582 0.0 0.0 0.0 1.0
0.2607940137386322 -0.24686099588871002 0.9332990050315857 4.914031982421875 -0.9639210104942322 -0.1199909970164299 0.23761199414730072 3.724078893661499 0.05333099886775017 -0.9615939855575562 -0.26924699544906616 1.603518009185791 0.0 0.0 0.0 1.0
0.2728419899940491 -0.24196499586105347 0.9311339855194092 4.9095139503479 -0.9609829783439636 -0.11429700255393982 0.2518880069255829 3.7056241035461426 0.04547800123691559 -0.9635300040245056 -0.26370999217033386 1.6166609525680542 0.0 0.0 0.0 1.0
0.28606900572776794 -0.23214399814605713 0.9296630024909973 4.903295993804932 -0.9573990106582642 -0.10913500189781189 0.26735201478004456 3.6869781017303467 0.03939399868249893 -0.9665399789810181 -0.25347501039505005 1.6240439414978027 0.0 0.0 0.0 1.0
0.2919270098209381 -0.22281800210475922 0.9301239848136902 4.893545150756836 -0.955843985080719 -0.10230299830436707 0.27549299597740173 3.6798150539398193 0.03376999869942665 -0.9694769978523254 -0.24284499883651733 1.633039951324463 0.0 0.0 0.0 1.0
0.3042379915714264 -0.2132910043001175 0.9284110069274902 4.8875861167907715 -0.9522579908370972 -0.09407799690961838 0.29043900966644287 3.6543350219726562 0.025395000353455544 -0.972449004650116 -0.23172999918460846 1.6451079845428467 0.0 0.0 0.0 1.0
0.30939799547195435 -0.19632300734519958 0.9304460287094116 4.874177932739258 -0.9506589770317078 -0.08734499663114548 0.2976900041103363 3.6452720165252686 0.02282699942588806 -0.9766409993171692 -0.21366000175476074 1.6494369506835938 0.0 0.0 0.0 1.0
0.3157790005207062 -0.18598300218582153 0.9304270148277283 4.872436046600342 -0.948652982711792 -0.08097100257873535 0.30577999353408813 3.6280579566955566 0.01846799999475479 -0.9792109727859497 -0.20200200378894806 1.6655479669570923 0.0 0.0 0.0 1.0
0.3257899880409241 -0.16040900349617004 0.9317349791526794 4.859299182891846 -0.9453219771385193 -0.07098399847745895 0.31832098960876465 3.6019439697265625 0.01507600024342537 -0.9844949841499329 -0.1747640073299408 1.6346089839935303 0.0 0.0 0.0 1.0
0.3295910060405731 -0.16112500429153442 0.9302729964256287 4.852609157562256 -0.9440400004386902 -0.06935500353574753 0.3224560022354126 3.601505994796753 0.012563999742269516 -0.9844939708709717 -0.17496700584888458 1.6477270126342773 0.0 0.0 0.0 1.0
0.33411699533462524 -0.15610699355602264 0.9295139908790588 4.841012954711914 -0.9424830079078674 -0.06537099927663803 0.3278000056743622 3.5948750972747803 0.009592000395059586 -0.9855750203132629 -0.1689700037240982 1.6494280099868774 0.0 0.0 0.0 1.0
0.33691298961639404 -0.1436000019311905 0.9305210113525391 4.823666095733643 -0.9414839744567871 -0.061723001301288605 0.3313579857349396 3.5917110443115234 0.009851000271737576 -0.9877089858055115 -0.15599200129508972 1.6453839540481567 0.0 0.0 0.0 1.0
0.3401849865913391 -0.13874800503253937 0.9300659894943237 4.819139003753662 -0.9402909874916077 -0.06200199946761131 0.33467599749565125 3.5862720012664795 0.011230000294744968 -0.988385021686554 -0.15155500173568726 1.6569770574569702 0.0 0.0 0.0 1.0
0.34206199645996094 -0.13232800364494324 0.930312991142273 4.804794788360596 -0.9395430088043213 -0.06489499658346176 0.3362250030040741 3.580271005630493 0.015881000086665154 -0.9890789985656738 -0.14652599394321442 1.65733802318573 0.0 0.0 0.0 1.0
0.34553900361061096 -0.13088500499725342 0.9292320013046265 4.795313835144043 -0.9382219910621643 -0.0677260011434555 0.33934199810028076 3.570399045944214 0.018518000841140747 -0.9890819787979126 -0.1462009996175766 1.6537610292434692 0.0 0.0 0.0 1.0
0.3487449884414673 -0.1334729939699173 0.9276649951934814 4.783379077911377 -0.9369750022888184 -0.07219099998474121 0.34185799956321716 3.5630359649658203 0.02133999951183796 -0.9884200096130371 -0.15023699402809143 1.6534470319747925 0.0 0.0 0.0 1.0
0.3536109924316406 -0.13714000582695007 0.9252849817276001 4.773955821990967 -0.9351590275764465 -0.07392100244760513 0.3464289903640747 3.5544939041137695 0.02088800072669983 -0.9877899885177612 -0.1543869972229004 1.651777982711792 0.0 0.0 0.0 1.0
0.3561779856681824 -0.1375889927148819 0.9242330193519592 4.755558013916016 -0.9341710209846497 -0.07516899704933167 0.34881699085235596 3.5562961101531982 0.021479999646544456 -0.9876329898834229 -0.15530499815940857 1.633905053138733 0.0 0.0 0.0 1.0
0.3621940016746521 -0.14017899334430695 0.9215019941329956 4.732266902923584 -0.9317070245742798 -0.08323399722576141 0.3535439968109131 3.560544967651367 0.027140000835061073 -0.9866210222244263 -0.16075299680233002 1.611299991607666 0.0 0.0 0.0 1.0
0.3670879900455475 -0.1673550009727478 0.9150069952011108 4.730785846710205 -0.9298449754714966 -0.09263300150632858 0.356099009513855 3.566333055496216 0.025165000930428505 -0.981535017490387 -0.18961800634860992 1.655019998550415 0.0 0.0 0.0 1.0
0.3722569942474365 -0.17293600738048553 0.9118760228157043 4.716060161590576 -0.9278169870376587 -0.0948290005326271 0.3607810139656067 3.569283962249756 0.024080000817775726 -0.9803580045700073 -0.1957540065050125 1.6407610177993774 0.0 0.0 0.0 1.0
0.3738830089569092 -0.1802929937839508 0.9097830057144165 4.697979927062988 -0.927137017250061 -0.09914900362491608 0.36136600375175476 3.5844829082489014 0.02505199983716011 -0.9786030054092407 -0.20422600209712982 1.6227649450302124 0.0 0.0 0.0 1.0
0.38408398628234863 -0.19106799364089966 0.9033120274543762 4.688983917236328 -0.9230110049247742 -0.10384199768304825 0.3704949915409088 3.577338933944702 0.02301199920475483 -0.9760689735412598 -0.2162420004606247 1.6084389686584473 0.0 0.0 0.0 1.0
0.39299100637435913 -0.21013900637626648 0.895209014415741 4.689883232116699 -0.919389009475708 -0.10755900293588638 0.37835800647735596 3.5729188919067383 0.016780000180006027 -0.9717370271682739 -0.2354689985513687 1.6090270280838013 0.0 0.0 0.0 1.0
0.3956030011177063 -0.22460700571537018 0.8905329704284668 4.673433780670166 -0.9182969927787781 -0.11267100274562836 0.3795199990272522 3.582495927810669 0.015093999914824963 -0.9679139852523804 -0.2508290112018585 1.6002140045166016 0.0 0.0 0.0 1.0
0.4070819914340973 -0.24378399550914764 0.8802570104598999 4.67972993850708 -0.9133599996566772 -0.11669199913740158 0.3900730013847351 3.569453001022339 0.007625000085681677 -0.9627839922904968 -0.2701660096645355 1.5977649688720703 0.0 0.0 0.0 1.0
0.41223999857902527 -0.25969600677490234 0.8732789754867554 4.672898769378662 -0.911050021648407 -0.12462200224399567 0.3930110037326813 3.577131986618042 0.006765999831259251 -0.9576150178909302 -0.28797000646591187 1.599966049194336 0.0 0.0 0.0 1.0
0.4192120134830475 -0.2700589895248413 0.8667920231819153 4.667533874511719 -0.9078810214996338 -0.1285109966993332 0.3990449905395508 3.5722410678863525 0.003625999903306365 -0.9542289972305298 -0.29905399680137634 1.5935029983520508 0.0 0.0 0.0 1.0
0.42225900292396545 -0.2770490050315857 0.8630989789962769 4.646169185638428 -0.9064729809761047 -0.1309559941291809 0.4014430046081543 3.5784339904785156 0.0018090000376105309 -0.9518899917602539 -0.3064349889755249 1.559635043144226 0.0 0.0 0.0 1.0
0.4246770143508911 -0.2833470106124878 0.8598629832267761 4.636197090148926 -0.9053450226783752 -0.13238200545310974 0.4035170078277588 3.5740599632263184 -0.0005050000036135316 -0.9498370289802551 -0.31274598836898804 1.5381120443344116 0.0 0.0 0.0 1.0
0.4292519986629486 -0.2954789996147156 0.8534839749336243 4.640973091125488 -0.9031820297241211 -0.138032004237175 0.4064590036869049 3.566617012023926 -0.00229199999012053 -0.9453250169754028 -0.326121985912323 1.5364160537719727 0.0 0.0 0.0 1.0
0.4299449920654297 -0.3033510148525238 0.8503680229187012 4.638117790222168 -0.9028549790382385 -0.1450819969177246 0.4047279953956604 3.5694329738616943 0.0005990000208839774 -0.941769003868103 -0.33625900745391846 1.5305949449539185 0.0 0.0 0.0 1.0
0.43497899174690247 -0.3106290102005005 0.8451650142669678 4.636767864227295 -0.900439977645874 -0.1511559933423996 0.4078719913959503 3.5616350173950195 0.001053999993018806 -0.938435971736908 -0.3454520106315613 1.5252039432525635 0.0 0.0 0.0 1.0
0.4379279911518097 -0.3176029920578003 0.8410390019416809 4.633316993713379 -0.8990039825439453 -0.15805499255657196 0.4084239900112152 3.562264919281006 0.0032130000181496143 -0.9349579811096191 -0.35474300384521484 1.5208630561828613 0.0 0.0 0.0 1.0
0.44679000973701477 -0.3236609995365143 0.8340399861335754 4.6378631591796875 -0.8946340084075928 -0.16464200615882874 0.4153580069541931 3.551367998123169 0.0028830000665038824 -0.9317389726638794 -0.3631190061569214 1.5188310146331787 0.0 0.0 0.0 1.0
0.4524349868297577 -0.327582985162735 0.8294529914855957 4.636529922485352 -0.8917829990386963 -0.17149700224399567 0.41870200634002686 3.551142930984497 0.00508899986743927 -0.9291279911994934 -0.36972400546073914 1.5117510557174683 0.0 0.0 0.0 1.0
0.46077200770378113 -0.33257800340652466 0.8228489756584167 4.641060829162598 -0.8874989748001099 -0.1788029968738556 0.42470601201057434 3.542351007461548 0.005880000069737434 -0.9259709715843201 -0.37755000591278076 1.506564974784851 0.0 0.0 0.0 1.0
0.46636301279067993 -0.3365209996700287 0.8180819749832153 4.640140056610107 -0.8845459818840027 -0.18698200583457947 0.4273360073566437 3.540189027786255 0.009158999659121037 -0.9229260087013245 -0.3848699927330017 1.4974299669265747 0.0 0.0 0.0 1.0
0.4749639928340912 -0.347106009721756 0.8086569905281067 4.643816947937012 -0.8799290060997009 -0.19941100478172302 0.43123099207878113 3.5388169288635254 0.01157199963927269 -0.916379988193512 -0.40014201402664185 1.5080419778823853 0.0 0.0 0.0 1.0
0.4837529957294464 -0.35489699244499207 0.8000199794769287 4.645891189575195 -0.8751459717750549 -0.20675699412822723 0.4374609887599945 3.5374209880828857 0.010156000033020973 -0.9117569923400879 -0.4106059968471527 1.5082850456237793 0.0 0.0 0.0 1.0
0.4946970045566559 -0.35685500502586365 0.7924200296401978 4.648386001586914 -0.8690099716186523 -0.21344399452209473 0.44638898968696594 3.5311479568481445 0.009840999729931355 -0.9094480276107788 -0.4157010018825531 1.501086950302124 0.0 0.0 0.0 1.0
0.5025889873504639 -0.3614799976348877 0.7853260040283203 4.64781379699707 -0.8644930124282837 -0.2179269939661026 0.4529449939727783 3.5289549827575684 0.007412999868392944 -0.9065539836883545 -0.42202499508857727 1.4944679737091064 0.0 0.0 0.0 1.0
0.5109609961509705 -0.365570992231369 0.7779949903488159 4.650813102722168 -0.8595659732818604 -0.22570300102233887 0.45847898721694946 3.5279500484466553 0.007988999597728252 -0.903003990650177 -0.42955800890922546 1.488935947418213 0.0 0.0 0.0 1.0
0.5172299742698669 -0.36947101354599 0.7719879746437073 4.652538776397705 -0.8558059930801392 -0.23200799524784088 0.4623500108718872 3.5243990421295166 0.008282000198960304 -0.8998129963874817 -0.4361970126628876 1.4821510314941406 0.0 0.0 0.0 1.0
0.5209310054779053 -0.3752579987049103 0.7666890025138855 4.652988910675049 -0.8535640239715576 -0.2370470017194748 0.4639360010623932 3.5207529067993164 0.007646000012755394 -0.8960970044136047 -0.4437919855117798 1.4738420248031616 0.0 0.0 0.0 1.0
0.525858998298645 -0.38244399428367615 0.759742021560669 4.656285762786865 -0.8505269885063171 -0.2455350011587143 0.46509701013565063 3.5144309997558594 0.008670000359416008 -0.8907570242881775 -0.45439600944519043 1.4656130075454712 0.0 0.0 0.0 1.0
0.5278720259666443 -0.39312300086021423 0.7528640031814575 4.661625862121582 -0.8492739796638489 -0.25389400124549866 0.4628939926624298 3.515310049057007 0.009173000231385231 -0.8837379813194275 -0.46789300441741943 1.4629329442977905 0.0 0.0 0.0 1.0
0.5291619896888733 -0.4006099998950958 0.7479959726333618 4.662086009979248 -0.8484330177307129 -0.26245200634002686 0.45965200662612915 3.518604040145874 0.012171999551355839 -0.8778550028800964 -0.47877100110054016 1.4579499959945679 0.0 0.0 0.0 1.0
0.5333899855613708 -0.4068480134010315 0.7415990233421326 4.662553787231445 -0.8457919955253601 -0.2683570086956024 0.4611069858074188 3.5135369300842285 0.011412999592721462 -0.8731889724731445 -0.4872480034828186 1.4535770416259766 0.0 0.0 0.0 1.0
0.5389509797096252 -0.4120759963989258 0.7346600294113159 4.664041996002197 -0.8422520160675049 -0.27602100372314453 0.4630590081214905 3.5142428874969482 0.011966000311076641 -0.8683350086212158 -0.49583399295806885 1.4495329856872559 0.0 0.0 0.0 1.0
0.5408740043640137 -0.4185110032558441 0.7295920252799988 4.660062789916992 -0.8410279750823975 -0.2807390093803406 0.46244698762893677 3.523591995239258 0.011285999789834023 -0.8637329936027527 -0.50382399559021 1.4460070133209229 0.0 0.0 0.0 1.0
0.5472310185432434 -0.4221380054950714 0.7227290272712708 4.655466079711914 -0.8369389772415161 -0.2846589982509613 0.46744099259376526 3.518218994140625 0.008407000452280045 -0.8606789708137512 -0.5090789794921875 1.4410170316696167 0.0 0.0 0.0 1.0
0.551160991191864 -0.42889299988746643 0.7157319784164429 4.654796123504639 -0.8343899846076965 -0.28710201382637024 0.47049400210380554 3.523005962371826 0.0036959999706596136 -0.8565179705619812 -0.516103982925415 1.4366400241851807 0.0 0.0 0.0 1.0
0.5617759823799133 -0.43435800075531006 0.7040879726409912 4.6548051834106445 -0.8272870182991028 -0.29304999113082886 0.4792889952659607 3.5140180587768555 -0.0018500000005587935 -0.8517360091209412 -0.5239670276641846 1.4329650402069092 0.0 0.0 0.0 1.0
0.565451979637146 -0.44050300121307373 0.6972950100898743 4.6506171226501465 -0.8247590065002441 -0.29585498571395874 0.4819149971008301 3.51694393157959 -0.005987000185996294 -0.8476009964942932 -0.5306010246276855 1.429834008216858 0.0 0.0 0.0 1.0
0.571245014667511 -0.4442879855632782 0.6901350021362305 4.650021076202393 -0.8207359910011292 -0.300586998462677 0.48583900928497314 3.511812925338745 -0.008407000452280045 -0.8439520001411438 -0.5363519787788391 1.4263399839401245 0.0 0.0 0.0 1.0
0.5730890035629272 -0.44914498925209045 0.6854469776153564 4.651483058929443 -0.8194460272789001 -0.30513501167297363 0.48517999053001404 3.511850118637085 -0.008762000128626823 -0.8397390246391296 -0.5429199934005737 1.4249629974365234 0.0 0.0 0.0 1.0
0.5735250115394592 -0.4518449902534485 0.683305025100708 4.644477844238281 -0.819163978099823 -0.3098889887332916 0.48263800144195557 3.5156118869781494 -0.006328999996185303 -0.8365439772605896 -0.5478640198707581 1.4220269918441772 0.0 0.0 0.0 1.0
0.5770829916000366 -0.45280998945236206 0.679660975933075 4.641073226928711 -0.8166720271110535 -0.3151809871196747 0.4834330081939697 3.5075550079345703 -0.004687999840825796 -0.8340409994125366 -0.5516830086708069 1.41776704788208 0.0 0.0 0.0 1.0
0.5812270045280457 -0.4563249945640564 0.673753023147583 4.636271953582764 -0.8137410283088684 -0.32480698823928833 0.48200300335884094 3.5144670009613037 -0.0011099999537691474 -0.8284130096435547 -0.5601170063018799 1.4209949970245361 0.0 0.0 0.0 1.0
0.5890650153160095 -0.45263901352882385 0.6694179773330688 4.628048896789551 -0.8080719709396362 -0.3347640037536621 0.48471900820732117 3.521397113800049 0.004693999886512756 -0.8264690041542053 -0.5629630088806152 1.4201459884643555 0.0 0.0 0.0 1.0
0.5993819832801819 -0.4481930136680603 0.6632230281829834 4.618569850921631 -0.8004189729690552 -0.3442690074443817 0.49072200059890747 3.522819995880127 0.00838799960911274 -0.8249859809875488 -0.5650910139083862 1.4204319715499878 0.0 0.0 0.0 1.0
0.6096289753913879 -0.44163399934768677 0.6582639813423157 4.6055498123168945 -0.7925519943237305 -0.3549109995365143 0.4958829879760742 3.530488967895508 0.014627000316977501 -0.8240129947662354 -0.5663819909095764 1.4205989837646484 0.0 0.0 0.0 1.0
0.6214150190353394 -0.43375900387763977 0.6524530053138733 4.59431791305542 -0.783236026763916 -0.36475399136543274 0.5034840106964111 3.5357489585876465 0.01959400065243244 -0.8238980174064636 -0.5663999915122986 1.4233429431915283 0.0 0.0 0.0 1.0
0.6308509707450867 -0.4237940013408661 0.6499429941177368 4.57872200012207 -0.7754920125007629 -0.37165701389312744 0.5103750228881836 3.5400431156158447 0.025262000039219856 -0.825996994972229 -0.5631089806556702 1.4213000535964966 0.0 0.0 0.0 1.0
0.6408290266990662 -0.4152500033378601 0.6456819772720337 4.56381893157959 -0.7671059966087341 -0.37898799777030945 0.5176060199737549 3.541632890701294 0.029769999906420708 -0.8270040154457092 -0.5614070296287537 1.4191370010375977 0.0 0.0 0.0 1.0
0.649541974067688 -0.41015300154685974 0.640209972858429 4.551012992858887 -0.75968998670578 -0.3845129907131195 0.5244240164756775 3.542026996612549 0.031075000762939453 -0.8269969820976257 -0.5613470077514648 1.422340989112854 0.0 0.0 0.0 1.0
0.6550319790840149 -0.40390700101852417 0.6385859847068787 4.537320137023926 -0.7548670172691345 -0.387050986289978 0.5294970273971558 3.5410540103912354 0.03329800069332123 -0.828885018825531 -0.5584269762039185 1.4240909814834595 0.0 0.0 0.0 1.0
0.6606799960136414 -0.39542898535728455 0.6380739808082581 4.532989025115967 -0.7497850060462952 -0.3888309895992279 0.535381019115448 3.5223751068115234 0.03639800101518631 -0.8321340084075928 -0.5533789992332458 1.4215190410614014 0.0 0.0 0.0 1.0
0.6583020091056824 -0.39129701256752014 0.6430590152740479 4.523159980773926 -0.7514359951019287 -0.39213499426841736 0.5306360125541687 3.5234570503234863 0.044530000537633896 -0.8325369954109192 -0.5521780252456665 1.420964002609253 0.0 0.0 0.0 1.0
0.6516109704971313 -0.389274001121521 0.6510519981384277 4.511415958404541 -0.7567690014839172 -0.39243701100349426 0.5227739810943604 3.525012969970703 0.051993999630212784 -0.8333420157432556 -0.5503079891204834 1.4237960577011108 0.0 0.0 0.0 1.0
0.6431630253791809 -0.38729000091552734 0.660565972328186 4.498072147369385 -0.7636749744415283 -0.3875789940357208 0.5163170099258423 3.519836902618408 0.056056998670101166 -0.8365340232849121 -0.5450400114059448 1.4239699840545654 0.0 0.0 0.0 1.0
0.6340640187263489 -0.38935399055480957 0.6681060194969177 4.4925408363342285 -0.7711489796638489 -0.38248100876808167 0.508957028388977 3.516784906387329 0.057374000549316406 -0.8379210233688354 -0.5427669882774353 1.428655982017517 0.0 0.0 0.0 1.0
0.6232609748840332 -0.38841599225997925 0.6787329912185669 4.476765155792236 -0.7796499729156494 -0.3760559856891632 0.5007259845733643 3.5176808834075928 0.06075200065970421 -0.8412579894065857 -0.5372099876403809 1.4287079572677612 0.0 0.0 0.0 1.0
0.6153870224952698 -0.38701900839805603 0.6866689920425415 4.4651899337768555 -0.7857580184936523 -0.3700850009918213 0.495602011680603 3.512518882751465 0.06231800094246864 -0.8445429801940918 -0.5318490266799927 1.4276690483093262 0.0 0.0 0.0 1.0
0.6078069806098938 -0.38812899589538574 0.6927670240402222 4.455111980438232 -0.7915269732475281 -0.3660759925842285 0.4893589913845062 3.5083260536193848 0.06367000192403793 -0.8457800149917603 -0.5297189950942993 1.4271620512008667 0.0 0.0 0.0 1.0
0.6002410054206848 -0.39083999395370483 0.6978219747543335 4.448146820068359 -0.7972599864006042 -0.3621099889278412 0.4829620122909546 3.498975992202759 0.06392800062894821 -0.8462389707565308 -0.528954029083252 1.4274009466171265 0.0 0.0 0.0 1.0
0.5906969904899597 -0.39188000559806824 0.7053409814834595 4.43720006942749 -0.8041229844093323 -0.35826200246810913 0.47437700629234314 3.49482798576355 0.06679800152778625 -0.8473950028419495 -0.5267450213432312 1.4249110221862793 0.0 0.0 0.0 1.0
0.5768229961395264 -0.397691011428833 0.7135239839553833 4.428898811340332 -0.813959002494812 -0.35348600149154663 0.46099698543548584 3.501404047012329 0.06888599693775177 -0.8466929793357849 -0.5276039838790894 1.4224640130996704 0.0 0.0 0.0 1.0
0.5662919878959656 -0.4059019982814789 0.7173259854316711 4.426907062530518 -0.8213289976119995 -0.35054999589920044 0.4500359892845154 3.4893839359283447 0.06878799945116043 -0.844012975692749 -0.5318930149078369 1.4219529628753662 0.0 0.0 0.0 1.0
0.5496559739112854 -0.41547900438308716 0.724744975566864 4.41977596282959 -0.8323789834976196 -0.34599098563194275 0.43293800950050354 3.4892170429229736 0.0708789974451065 -0.8412299752235413 -0.5360119938850403 1.422016978263855 0.0 0.0 0.0 1.0
0.5357909798622131 -0.42361199855804443 0.7303969860076904 4.415523052215576 -0.8415690064430237 -0.33807098865509033 0.4212709963321686 3.4795310497283936 0.06847099959850311 -0.8403940200805664 -0.537634015083313 1.4183939695358276 0.0 0.0 0.0 1.0
0.5197209715843201 -0.4330649971961975 0.7364410161972046 4.4095587730407715 -0.8515580296516418 -0.332053005695343 0.4056969881057739 3.474666118621826 0.06884399801492691 -0.8379709720611572 -0.5413550138473511 1.4135910272598267 0.0 0.0 0.0 1.0
0.5023090243339539 -0.4466620087623596 0.7403910160064697 4.408850193023682 -0.8622279763221741 -0.32328298687934875 0.38993701338768005 3.462053060531616 0.06518500298261642 -0.8342549800872803 -0.5475130081176758 1.4167749881744385 0.0 0.0 0.0 1.0
0.4790560007095337 -0.4586000144481659 0.748458981513977 4.407715797424316 -0.8755229711532593 -0.31080299615859985 0.36994698643684387 3.4581069946289062 0.0629659965634346 -0.832518994808197 -0.5504069924354553 1.4150229692459106 0.0 0.0 0.0 1.0
0.45974498987197876 -0.47089698910713196 0.7529209852218628 4.403864860534668 -0.8860549926757812 -0.30004799365997314 0.3533810079097748 3.448805093765259 0.05950700119137764 -0.8295950293540955 -0.5551859736442566 1.4153759479522705 0.0 0.0 0.0 1.0
0.437826007604599 -0.4822480082511902 0.758778989315033 4.402647018432617 -0.8972619771957397 -0.28771600127220154 0.3348729908466339 3.4446539878845215 0.05682099983096123 -0.8274400234222412 -0.5586720108985901 1.4174129962921143 0.0 0.0 0.0 1.0
0.42335599660873413 -0.48908698558807373 0.7626029849052429 4.4008660316467285 -0.9045119881629944 -0.2758120000362396 0.32524698972702026 3.427165985107422 0.05126100033521652 -0.8274790048599243 -0.5591520071029663 1.4196640253067017 0.0 0.0 0.0 1.0
0.3957419991493225 -0.49345099925994873 0.7745280265808105 4.393014907836914 -0.9167259931564331 -0.2625649869441986 0.30111798644065857 3.4533770084381104 0.05477700009942055 -0.8291959762573242 -0.5562679767608643 1.4114010334014893 0.0 0.0 0.0 1.0
0.378697007894516 -0.5019170045852661 0.7776039838790894 4.390233039855957 -0.9241970181465149 -0.25000399351119995 0.2887189984321594 3.447129011154175 0.049490999430418015 -0.827996015548706 -0.5585460066795349 1.413256049156189 0.0 0.0 0.0 1.0
0.36967000365257263 -0.5067089796066284 0.7788389921188354 4.389640808105469 -0.9280300140380859 -0.2427310049533844 0.2825619876384735 3.43510103225708 0.045871999114751816 -0.8272410035133362 -0.5599719882011414 1.4155110120773315 0.0 0.0 0.0 1.0
0.35767900943756104 -0.5097169876098633 0.7824659943580627 4.3879241943359375 -0.9328399896621704 -0.23386900126934052 0.27406999468803406 3.4258580207824707 0.04329700022935867 -0.8279449939727783 -0.5591350197792053 1.4164520502090454 0.0 0.0 0.0 1.0
0.34478700160980225 -0.5121819972991943 0.7866330146789551 4.383588790893555 -0.9377899765968323 -0.22444699704647064 0.2649010121822357 3.4156320095062256 0.0408799983561039 -0.8290320038795471 -0.5577059984207153 1.4163949489593506 0.0 0.0 0.0 1.0
0.3329339921474457 -0.5140320062637329 0.7905219793319702 4.380434036254883 -0.9422019720077515 -0.21473099291324615 0.25718700885772705 3.4043350219726562 0.037546999752521515 -0.8304589986801147 -0.5558140277862549 1.4152129888534546 0.0 0.0 0.0 1.0
0.32165199518203735 -0.5159879922866821 0.7939119935035706 4.37202787399292 -0.9462289810180664 -0.20571400225162506 0.24966299533843994 3.392148017883301 0.0344959981739521 -0.8315280079841614 -0.5544120073318481 1.4124460220336914 0.0 0.0 0.0 1.0
0.30742600560188293 -0.5212579965591431 0.796101987361908 4.367437839508057 -0.9510849714279175 -0.19506700336933136 0.23955200612545013 3.384305000305176 0.030424999073147774 -0.8308060169219971 -0.5557299852371216 1.4091910123825073 0.0 0.0 0.0 1.0
0.2952289879322052 -0.527999997138977 0.7962759733200073 4.362302780151367 -0.955079972743988 -0.18554799258708954 0.2310740053653717 3.37260103225708 0.02574099972844124 -0.8287270069122314 -0.5590609908103943 1.4081079959869385 0.0 0.0 0.0 1.0
0.28367099165916443 -0.5348280072212219 0.7959210276603699 4.3590898513793945 -0.9586849808692932 -0.17663200199604034 0.2229910045862198 3.364917039871216 0.02132299914956093 -0.8262929916381836 -0.5628359913825989 1.4055659770965576 0.0 0.0 0.0 1.0
0.2638140022754669 -0.5422750115394592 0.7977089881896973 4.351973056793213 -0.9644359946250916 -0.1622759997844696 0.208637997508049 3.3699629306793213 0.01631000079214573 -0.8243809938430786 -0.5658000111579895 1.3992149829864502 0.0 0.0 0.0 1.0
0.2564209997653961 -0.5487269759178162 0.7957050204277039 4.347128868103027 -0.9664649963378906 -0.15743200480937958 0.20288300514221191 3.3586490154266357 0.01394100021570921 -0.8210440278053284 -0.5706940293312073 1.3962279558181763 0.0 0.0 0.0 1.0
0.25037500262260437 -0.5518379807472229 0.7954789996147156 4.3379340171813965 -0.9680190086364746 -0.15612800419330597 0.19637300074100494 3.349483013153076 0.01583000086247921 -0.8192059993743896 -0.5732809901237488 1.3893920183181763 0.0 0.0 0.0 1.0
0.24587200582027435 -0.5576350092887878 0.7928370237350464 4.328739166259766 -0.9691140055656433 -0.15754200518131256 0.18973299860954285 3.335763931274414 0.019102999940514565 -0.8149999976158142 -0.5791469812393188 1.3851970434188843 0.0 0.0 0.0 1.0
0.2407580018043518 -0.5643569827079773 0.7896429896354675 4.319484233856201 -0.970333993434906 -0.1584720015525818 0.18258999288082123 3.325287103652954 0.02209099940955639 -0.8101779818534851 -0.5857679843902588 1.3800510168075562 0.0 0.0 0.0 1.0
0.23744900524616241 -0.5719860196113586 0.7851430177688599 4.311494827270508 -0.9711189866065979 -0.1592019945383072 0.17771199345588684 3.3114869594573975 0.023346999660134315 -0.8046659827232361 -0.5932689905166626 1.3803050518035889 0.0 0.0 0.0 1.0
0.23508399724960327 -0.5754680037498474 0.7833089828491211 4.300867080688477 -0.9716650247573853 -0.15949499607086182 0.1744379997253418 3.294343948364258 0.024550000205636024 -0.8021209836006165 -0.5966569781303406 1.3745930194854736 0.0 0.0 0.0 1.0
0.2339020073413849 -0.5842700004577637 0.7771220207214355 4.291973114013672 -0.9719340205192566 -0.16119800508022308 0.17134200036525726 3.2789499759674072 0.025160999968647957 -0.7953889966011047 -0.6055769920349121 1.3730499744415283 0.0 0.0 0.0 1.0
0.23044799268245697 -0.5931789875030518 0.7713829874992371 4.285321235656738 -0.9727839827537537 -0.16014599800109863 0.16746599972248077 3.261647939682007 0.02419699914753437 -0.7889819741249084 -0.6139400005340576 1.3768010139465332 0.0 0.0 0.0 1.0
0.23294100165367126 -0.5961819887161255 0.7683129906654358 4.277792930603027 -0.9721829891204834 -0.16264300048351288 0.16854600608348846 3.23445200920105 0.024476999416947365 -0.7862020134925842 -0.6174839735031128 1.380275011062622 0.0 0.0 0.0 1.0
0.22178499400615692 -0.5978620052337646 0.7703059911727905 4.2603631019592285 -0.9748650193214417 -0.15314500033855438 0.1618189960718155 3.217120885848999 0.021222999319434166 -0.7868340015411377 -0.6168000102043152 1.3782700300216675 0.0 0.0 0.0 1.0
0.21739700436592102 -0.5970600247383118 0.77217698097229 4.251846790313721 -0.9757739901542664 -0.15283499658107758 0.15654200315475464 3.1995129585266113 0.02455100044608116 -0.7875030040740967 -0.6158220171928406 1.3816659450531006 0.0 0.0 0.0 1.0
0.21245700120925903 -0.5936430096626282 0.7761769890785217 4.244370937347412 -0.9768159985542297 -0.15041400492191315 0.1523360013961792 3.180629014968872 0.026314999908208847 -0.7905470132827759 -0.6118360161781311 1.3801729679107666 0.0 0.0 0.0 1.0
0.19688400626182556 -0.592930018901825 0.780813992023468 4.232798099517822 -0.9800789952278137 -0.1402209997177124 0.1406490057706833 3.1507699489593506 0.02609100006520748 -0.7929509878158569 -0.6087260246276855 1.3766579627990723 0.0 0.0 0.0 1.0
0.18888500332832336 -0.5980079770088196 0.7789149880409241 4.232347011566162 -0.9816820025444031 -0.13513000309467316 0.13431000709533691 3.1359870433807373 0.02493700012564659 -0.7900170087814331 -0.6125779747962952 1.3791619539260864 0.0 0.0 0.0 1.0
0.18603600561618805 -0.6021419763565063 0.7764120101928711 4.236337184906006 -0.982250988483429 -0.1332480013370514 0.13201700150966644 3.1183021068573 0.023962000384926796 -0.7871909737586975 -0.6162430047988892 1.3848559856414795 0.0 0.0 0.0 1.0
0.18064400553703308 -0.6016070246696472 0.7780979871749878 4.237156867980957 -0.9832800030708313 -0.12894099950790405 0.12858599424362183 3.102499008178711 0.022971000522375107 -0.7883170247077942 -0.6148409843444824 1.3874059915542603 0.0 0.0 0.0 1.0
0.18088500201702118 -0.5984330177307129 0.780485987663269 4.236163139343262 -0.9832500219345093 -0.12807999551296234 0.12967300415039062 3.081470012664795 0.022363999858498573 -0.7908689975738525 -0.6115769743919373 1.3850820064544678 0.0 0.0 0.0 1.0
0.1770389974117279 -0.5998560190200806 0.7802749872207642 4.23914098739624 -0.9840109944343567 -0.12356399744749069 0.12827199697494507 3.0697391033172607 0.0194690003991127 -0.7905089855194092 -0.6121410131454468 1.3866499662399292 0.0 0.0 0.0 1.0
0.17728300392627716 -0.6003749966621399 0.77982097864151 4.248211860656738 -0.9840360283851624 -0.12068700045347214 0.1307940036058426 3.0543649196624756 0.015588999725878239 -0.7905600070953369 -0.6121860146522522 1.3932559490203857 0.0 0.0 0.0 1.0
0.17293399572372437 -0.5941579937934875 0.7855380177497864 4.250042915344238 -0.9848939776420593 -0.11141899973154068 0.13254700601100922 3.0451691150665283 0.00877000018954277 -0.7965940237045288 -0.6044510006904602 1.3883780241012573 0.0 0.0 0.0 1.0
0.17833800613880157 -0.5884169936180115 0.7886450290679932 4.251040935516357 -0.9839500188827515 -0.11159700155258179 0.13923899829387665 3.033055067062378 0.0060800001956522465 -0.8008189797401428 -0.5988749861717224 1.3818119764328003 0.0 0.0 0.0 1.0
0.18521100282669067 -0.5889170169830322 0.7866849899291992 4.256493091583252 -0.9826850295066833 -0.11513999849557877 0.14516200125217438 3.0244030952453613 0.005090999882668257 -0.7999500036239624 -0.6000459790229797 1.3834500312805176 0.0 0.0 0.0 1.0
0.19991900026798248 -0.5859699845314026 0.7852849960327148 4.266455173492432 -0.9797930121421814 -0.12466000020503998 0.15641699731349945 3.0099918842315674 0.006238000001758337 -0.8006870150566101 -0.5990509986877441 1.3847899436950684 0.0 0.0 0.0 1.0
0.21461600065231323 -0.5804809927940369 0.7854819893836975 4.272560119628906 -0.9766280055046082 -0.1371680051088333 0.16547399759292603 2.997497081756592 0.011687999591231346 -0.8026379942893982 -0.5963519811630249 1.381301999092102 0.0 0.0 0.0 1.0
0.22815699875354767 -0.5772330164909363 0.7840579748153687 4.2796711921691895 -0.9734510183334351 -0.15042099356651306 0.1725279986858368 2.9855029582977295 0.01834999956190586 -0.8026059865951538 -0.5962280035018921 1.3785920143127441 0.0 0.0 0.0 1.0
0.24410000443458557 -0.5756109952926636 0.7804399728775024 4.287962913513184 -0.9694200158119202 -0.16581900417804718 0.1809079945087433 2.972654104232788 0.025279000401496887 -0.8007349967956543 -0.5984860062599182 1.3738869428634644 0.0 0.0 0.0 1.0
0.25865399837493896 -0.5785139799118042 0.773576021194458 4.303455829620361 -0.965461015701294 -0.1808210015296936 0.18758800625801086 2.9582290649414062 0.031355999410152435 -0.7953780293464661 -0.6053029894828796 1.3775759935379028 0.0 0.0 0.0 1.0
0.26916399598121643 -0.5768659710884094 0.7712180018424988 4.315723896026611 -0.9624469876289368 -0.19047699868679047 0.19342899322509766 2.944905996322632 0.03531600162386894 -0.7943199872970581 -0.6064720153808594 1.3791890144348145 0.0 0.0 0.0 1.0
0.2817569971084595 -0.5723980069160461 0.7700470089912415 4.324923992156982 -0.9586750268936157 -0.2009200006723404 0.20142599940299988 2.9266600608825684 0.03942200168967247 -0.7949789762496948 -0.6053550243377686 1.3748140335083008 0.0 0.0 0.0 1.0
0.2981890141963959 -0.5716220140457153 0.764415979385376 4.339907169342041 -0.9535099864006042 -0.21498000621795654 0.2111929953098297 2.897557020187378 0.04361199960112572 -0.7918530106544495 -0.6091520190238953 1.3734990358352661 0.0 0.0 0.0 1.0
0.3095119893550873 -0.5740640163421631 0.758059024810791 4.359055995941162 -0.9494199752807617 -0.2309589982032776 0.21274299919605255 2.879138946533203 0.05295199900865555 -0.7855629920959473 -0.6165120005607605 1.3773980140686035 0.0 0.0 0.0 1.0
0.3168239891529083 -0.5760909914970398 0.7534859776496887 4.374054908752441 -0.9466080069541931 -0.24199600517749786 0.21300600469112396 2.863245964050293 0.05962900072336197 -0.7807409763336182 -0.6220030188560486 1.381011962890625 0.0 0.0 0.0 1.0
0.325435996055603 -0.5762649774551392 0.7496730089187622 4.3891401290893555 -0.9431920051574707 -0.25395500659942627 0.21423199772834778 2.848349094390869 0.06692899763584137 -0.7768049836158752 -0.6261749863624573 1.3849819898605347 0.0 0.0 0.0 1.0
0.33586201071739197 -0.5740349888801575 0.7467799782752991 4.403860092163086 -0.9392430186271667 -0.26374301314353943 0.21968699991703033 2.829564094543457 0.07084999978542328 -0.7751929759979248 -0.6277390122413635 1.3914200067520142 0.0 0.0 0.0 1.0
0.34359100461006165 -0.5679619908332825 0.7479060292243958 4.4174909591674805 -0.9362050294876099 -0.2698430120944977 0.22517700493335724 2.8158740997314453 0.07392500340938568 -0.7775629758834839 -0.6244450211524963 1.3950049877166748 0.0 0.0 0.0 1.0
0.3512040078639984 -0.5644670128822327 0.7470160126686096 4.42689323425293 -0.9331809878349304 -0.27608200907707214 0.23011299967765808 2.8007900714874268 0.0763470008969307 -0.7779170274734497 -0.6237109899520874 1.3961089849472046 0.0 0.0 0.0 1.0
0.3617109954357147 -0.5625159740447998 0.743465006351471 4.440885066986084 -0.9289649724960327 -0.28476300835609436 0.23650600016117096 2.7863900661468506 0.07867299765348434 -0.776199996471405 -0.6255599856376648 1.3999500274658203 0.0 0.0 0.0 1.0
0.3772850036621094 -0.5564360022544861 0.7402939796447754 4.4555768966674805 -0.9225469827651978 -0.295740008354187 0.2478789985179901 2.7689080238342285 0.0810059979557991 -0.7764769792556763 -0.6249169707298279 1.4042550325393677 0.0 0.0 0.0 1.0
0.39079201221466064 -0.5486639738082886 0.7390869855880737 4.466050148010254 -0.9167370200157166 -0.3043160140514374 0.2588140070438385 2.7554259300231934 0.08291500061750412 -0.7786909937858582 -0.6219050288200378 1.4041780233383179 0.0 0.0 0.0 1.0
0.4147000014781952 -0.5396029949188232 0.7327020168304443 4.481000900268555 -0.9062129855155945 -0.3178809881210327 0.27879899740219116 2.7324259281158447 0.08247199654579163 -0.7796030044555664 -0.6208209991455078 1.4073829650878906 0.0 0.0 0.0 1.0
0.42913299798965454 -0.5324990153312683 0.7295820116996765 4.492792129516602 -0.8996549844741821 -0.32389500737190247 0.2927680015563965 2.722666025161743 0.08041000366210938 -0.7820079922676086 -0.6180599927902222 1.4103790521621704 0.0 0.0 0.0 1.0
0.44658398628234863 -0.5222740173339844 0.7264930009841919 4.497903823852539 -0.8915150165557861 -0.3286280035972595 0.3117760121822357 2.7044060230255127 0.07591400295495987 -0.7869139909744263 -0.612375020980835 1.4043220281600952 0.0 0.0 0.0 1.0
0.46941399574279785 -0.5174800157546997 0.7154470086097717 4.511396884918213 -0.8802449703216553 -0.33795300126075745 0.33309999108314514 2.684272050857544 0.06941500306129456 -0.7861310243606567 -0.6141489744186401 1.4042919874191284 0.0 0.0 0.0 1.0
0.49390101432800293 -0.5082749724388123 0.7054910063743591 4.529055118560791 -0.8667780160903931 -0.3521620035171509 0.3530980050563812 2.6670100688934326 0.0689769983291626 -0.7858999967575073 -0.6144949793815613 1.4090750217437744 0.0 0.0 0.0 1.0
0.5162240266799927 -0.4935689866542816 0.6999310255050659 4.538052082061768 -0.8535619974136353 -0.3635930120944977 0.3731380105018616 2.646552085876465 0.07032100111246109 -0.7900570034980774 -0.6089869737625122 1.4059679508209229 0.0 0.0 0.0 1.0
0.5385800004005432 -0.4802600145339966 0.6923019886016846 4.549091815948486 -0.8395270109176636 -0.3756980001926422 0.3924869894981384 2.6289210319519043 0.071601003408432 -0.7925909757614136 -0.6055349707603455 1.4045690298080444 0.0 0.0 0.0 1.0
0.5632200241088867 -0.4650590121746063 0.683010995388031 4.566531181335449 -0.8226600289344788 -0.3931620121002197 0.4106749892234802 2.6114540100097656 0.07754600048065186 -0.7931860089302063 -0.6040220260620117 1.412708044052124 0.0 0.0 0.0 1.0
0.5838260054588318 -0.4471290111541748 0.6776589751243591 4.574729919433594 -0.8078439831733704 -0.40304800868034363 0.43004700541496277 2.5887839794158936 0.0808430016040802 -0.7985159754753113 -0.5965210199356079 1.4094539880752563 0.0 0.0 0.0 1.0
0.6098189949989319 -0.43075400590896606 0.6652609705924988 4.593027114868164 -0.7877370119094849 -0.42171499133110046 0.44902899861335754 2.5628180503845215 0.08712899684906006 -0.7978770136833191 -0.5964909791946411 1.4126369953155518 0.0 0.0 0.0 1.0
0.6357579827308655 -0.4105530083179474 0.6536499857902527 4.610711097717285 -0.7664780020713806 -0.4358600080013275 0.4717380106449127 2.5332069396972656 0.0912259966135025 -0.8009200096130371 -0.5917810201644897 1.4141969680786133 0.0 0.0 0.0 1.0
0.6548240184783936 -0.39609798789024353 0.6436709761619568 4.6238179206848145 -0.7500100135803223 -0.44561800360679626 0.48878398537635803 2.517033100128174 0.09322500228881836 -0.802827000617981 -0.5888789892196655 1.4171169996261597 0.0 0.0 0.0 1.0
0.6732760071754456 -0.38800400495529175 0.6294059753417969 4.638780117034912 -0.7338939905166626 -0.4542889893054962 0.5049949884414673 2.49960994720459 0.08999300003051758 -0.8019189834594727 -0.59061598777771 1.4244019985198975 0.0 0.0 0.0 1.0
0.68995600938797 -0.3827899992465973 0.6143550276756287 4.648143768310547 -0.7191879749298096 -0.45869898796081543 0.5218849778175354 2.4899399280548096 0.08203200250864029 -0.8019149899482727 -0.5917800068855286 1.4268629550933838 0.0 0.0 0.0 1.0
0.7102770209312439 -0.38039401173591614 0.5922889709472656 4.664505958557129 -0.7007279992103577 -0.46214601397514343 0.543507993221283 2.476634979248047 0.06697700172662735 -0.8010749816894531 -0.5948039889335632 1.433974027633667 0.0 0.0 0.0 1.0
0.7286139726638794 -0.37461599707603455 0.5733969807624817 4.681984901428223 -0.6825829744338989 -0.46631699800491333 0.5626980066299438 2.4625320434570312 0.056588999927043915 -0.80138099193573 -0.5954710245132446 1.439512014389038 0.0 0.0 0.0 1.0
0.7414230108261108 -0.36984801292419434 0.5599150061607361 4.698378086090088 -0.6693410277366638 -0.4669080078601837 0.577908992767334 2.4442660808563232 0.047690000385046005 -0.8032490015029907 -0.5937309861183167 1.4382150173187256 0.0 0.0 0.0 1.0
0.7509710192680359 -0.36583200097084045 0.5497350096702576 4.714392185211182 -0.6589429974555969 -0.469200998544693 0.5879160165786743 2.4302120208740234 0.042858000844717026 -0.8037520051002502 -0.5934180021286011 1.4365060329437256 0.0 0.0 0.0 1.0
0.75975102186203 -0.36222800612449646 0.5399709939956665 4.735950946807861 -0.6490330100059509 -0.47251901030540466 0.596222996711731 2.415076971054077 0.03917799890041351 -0.8034399747848511 -0.59409499168396 1.4332239627838135 0.0 0.0 0.0 1.0
0.7665560245513916 -0.35972699522972107 0.531965970993042 4.7524518966674805 -0.6411529779434204 -0.47547298669815063 0.6023679971694946 2.4028520584106445 0.036247000098228455 -0.8028209805488586 -0.5951169729232788 1.4286359548568726 0.0 0.0 0.0 1.0
0.780771017074585 -0.3512150049209595 0.5167629718780518 4.778110980987549 -0.6238679885864258 -0.48376399278640747 0.6138079762458801 2.3846209049224854 0.03441299870610237 -0.8016359806060791 -0.5968210101127625 1.4271759986877441 0.0 0.0 0.0 1.0
0.7880550026893616 -0.34561899304389954 0.5094280242919922 4.799200057983398 -0.6145830154418945 -0.48934900760650635 0.61872798204422 2.375180959701538 0.035443998873233795 -0.8006770014762878 -0.5980460047721863 1.4253419637680054 0.0 0.0 0.0 1.0
0.7959750294685364 -0.33495599031448364 0.5042110085487366 4.816493988037109 -0.6039159893989563 -0.4963090121746063 0.6236680150032043 2.3680849075317383 0.041342999786138535 -0.8009250164031982 -0.5973349809646606 1.4263670444488525 0.0 0.0 0.0 1.0
0.8075940012931824 -0.32013899087905884 0.49528101086616516 4.842712879180908 -0.5877950191497803 -0.5050920248031616 0.6319640278816223 2.362355947494507 0.047846000641584396 -0.8014940023422241 -0.5960860252380371 1.43333101272583 0.0 0.0 0.0 1.0
0.8184909820556641 -0.3007490038871765 0.48951199650764465 4.86012077331543 -0.5717679858207703 -0.50968998670578 0.6428819894790649 2.357434034347534 0.056154001504182816 -0.8060809969902039 -0.589136004447937 1.4338860511779785 0.0 0.0 0.0 1.0
0.8302580118179321 -0.27993300557136536 0.4819850027561188 4.881494998931885 -0.5535659790039062 -0.5151150226593018 0.6543859839439392 2.351078987121582 0.06509300321340561 -0.8101199865341187 -0.5826399922370911 1.4370110034942627 0.0 0.0 0.0 1.0
0.840802013874054 -0.2600420117378235 0.47479501366615295 4.9007978439331055 -0.5361109972000122 -0.5216339826583862 0.6636890172958374 2.35121488571167 0.07508300244808197 -0.812574028968811 -0.5780019760131836 1.4456959962844849 0.0 0.0 0.0 1.0
0.853751003742218 -0.23599599301815033 0.4641270041465759 4.9261298179626465 -0.5142070055007935 -0.5222730040550232 0.6803100109100342 2.3375658988952637 0.08185099810361862 -0.8194739818572998 -0.5672420263290405 1.446537971496582 0.0 0.0 0.0 1.0
0.8608750104904175 -0.22104999423027039 0.4582900106906891 4.9482622146606445 -0.5010989904403687 -0.5245940089225769 0.6882590055465698 2.329885959625244 0.08827699720859528 -0.8221549987792969 -0.5623779892921448 1.4470679759979248 0.0 0.0 0.0 1.0
0.8656489849090576 -0.21491500735282898 0.4521769881248474 4.962398052215576 -0.49234700202941895 -0.5292519927024841 0.6910030245780945 2.324728012084961 0.09080799669027328 -0.8207939863204956 -0.563959002494812 1.4504740238189697 0.0 0.0 0.0 1.0
0.8761640191078186 -0.20553800463676453 0.4359950125217438 4.986806869506836 -0.47385600209236145 -0.5329949855804443 0.7009829878807068 2.3130838871002197 0.08830499649047852 -0.8207749724388123 -0.5643860101699829 1.4569309949874878 0.0 0.0 0.0 1.0
0.883184015750885 -0.19351300597190857 0.42724400758743286 5.007836818695068 -0.4602769911289215 -0.5327069759368896 0.7101889848709106 2.3064680099487305 0.09016499668359756 -0.8238790035247803 -0.559548020362854 1.4669640064239502 0.0 0.0 0.0 1.0
0.8876720070838928 -0.182888001203537 0.42260000109672546 5.028645038604736 -0.4514560103416443 -0.5264189839363098 0.7204660177230835 2.2911128997802734 0.09070000052452087 -0.8303220272064209 -0.5498530268669128 1.4674910306930542 0.0 0.0 0.0 1.0
0.8913559913635254 -0.1789650022983551 0.41648000478744507 5.050426006317139 -0.44443899393081665 -0.5258359909057617 0.7252389788627625 2.2814691066741943 0.08920799940824509 -0.8315460085868835 -0.5482460260391235 1.470850944519043 0.0 0.0 0.0 1.0
0.894798994064331 -0.17716699838638306 0.4098129868507385 5.0669050216674805 -0.4381360113620758 -0.5249590277671814 0.7296940088272095 2.2742929458618164 0.08585800230503082 -0.8324840068817139 -0.5473560094833374 1.4767630100250244 0.0 0.0 0.0 1.0
0.8996049761772156 -0.17388099431991577 0.40059399604797363 5.08430814743042 -0.42900100350379944 -0.5234060287475586 0.736208975315094 2.2730069160461426 0.08166000247001648 -0.8341529965400696 -0.5454540252685547 1.4862719774246216 0.0 0.0 0.0 1.0
0.9068009853363037 -0.16468200087547302 0.3880600035190582 5.103365898132324 -0.4143010079860687 -0.5182179808616638 0.7482010126113892 2.262645959854126 0.0778840035200119 -0.83924400806427 -0.5381489992141724 1.4902009963989258 0.0 0.0 0.0 1.0
0.9131039977073669 -0.15331900119781494 0.37780100107192993 5.123784065246582 -0.40034300088882446 -0.5126739740371704 0.7595329880714417 2.2501211166381836 0.07723800092935562 -0.8447830080986023 -0.5295060276985168 1.4906879663467407 0.0 0.0 0.0 1.0
0.917527973651886 -0.14540399610996246 0.37013500928878784 5.139678001403809 -0.3900650143623352 -0.5102350115776062 0.7664920091629028 2.241852045059204 0.07740499824285507 -0.8476549983024597 -0.5248720049858093 1.4933760166168213 0.0 0.0 0.0 1.0
0.9216169714927673 -0.13919000327587128 0.3622809946537018 5.1551289558410645 -0.3806149959564209 -0.5066050291061401 0.7736170291900635 2.233927011489868 0.07585299760103226 -0.8508689999580383 -0.5198739767074585 1.495872974395752 0.0 0.0 0.0 1.0
0.9260680079460144 -0.13480700552463531 0.3524560034275055 5.170839786529541 -0.3705979883670807 -0.5008900165557861 0.7821549773216248 2.227389097213745 0.07110200077295303 -0.8549479842185974 -0.5138170123100281 1.496217966079712 0.0 0.0 0.0 1.0
0.9317330121994019 -0.12753599882125854 0.3400120139122009 5.183949947357178 -0.3565889894962311 -0.49841201305389404 0.7902089953422546 2.2166669368743896 0.06868600100278854 -0.8575080037117004 -0.5098649859428406 1.4976040124893188 0.0 0.0 0.0 1.0
0.9377350211143494 -0.11965899914503098 0.326090008020401 5.2011871337890625 -0.3409320116043091 -0.4967229962348938 0.7981430292129517 2.2092599868774414 0.06647100299596786 -0.859620988368988 -0.5065900087356567 1.4989659786224365 0.0 0.0 0.0 1.0
0.9432129859924316 -0.11083599925041199 0.3131510019302368 5.217750072479248 -0.32558101415634155 -0.49551400542259216 0.8052719831466675 2.1977920532226562 0.0659170001745224 -0.8615000247955322 -0.5034610033035278 1.5002189874649048 0.0 0.0 0.0 1.0
0.9487919807434082 -0.10102599859237671 0.2993110120296478 5.237414836883545 -0.3088870048522949 -0.4952450096607208 0.8119860291481018 2.1891980171203613 0.06620100140571594 -0.8628590106964111 -0.5010899901390076 1.5032819509506226 0.0 0.0 0.0 1.0
0.9539949893951416 -0.09335800260305405 0.2849160134792328 5.258271217346191 -0.29293400049209595 -0.4927459955215454 0.8193849921226501 2.178596019744873 0.06389500200748444 -0.8651509881019592 -0.49742498993873596 1.5061290264129639 0.0 0.0 0.0 1.0
0.9584879875183105 -0.08557499945163727 0.27198898792266846 5.275200843811035 -0.2781679928302765 -0.4901989996433258 0.8260310292243958 2.1717300415039062 0.06264100223779678 -0.8673989772796631 -0.4936540126800537 1.510280966758728 0.0 0.0 0.0 1.0
0.962797999382019 -0.07944799959659576 0.2582780122756958 5.294055938720703 -0.26365798711776733 -0.48557499051094055 0.8334869742393494 2.158874988555908 0.05919399857521057 -0.8705769777297974 -0.4884580075740814 1.512470006942749 0.0 0.0 0.0 1.0
0.9667350053787231 -0.07479000091552734 0.24460099637508392 5.314734935760498 -0.24985699355602264 -0.48072201013565063 0.8405219912528992 2.1438379287719727 0.054721999913454056 -0.8736780285835266 -0.48341798782348633 1.5112849473953247 0.0 0.0 0.0 1.0
0.9697030186653137 -0.07262299954891205 0.23324300348758698 5.334157943725586 -0.23896099627017975 -0.4802989959716797 0.8439260125160217 2.1350390911102295 0.05073799937963486 -0.8740929961204529 -0.4831010103225708 1.513612985610962 0.0 0.0 0.0 1.0
0.9774619936943054 -0.06564699858427048 0.20064400136470795 5.38486909866333 -0.20739300549030304 -0.4761579930782318 0.8545529842376709 2.1266469955444336 0.03943900018930435 -0.8769059777259827 -0.4790410101413727 1.533992052078247 0.0 0.0 0.0 1.0
0.9800819754600525 -0.05889999866485596 0.1896580010652542 5.402691841125488 -0.19490300118923187 -0.4685240089893341 0.8616830110549927 2.1234419345855713 0.038107000291347504 -0.8814849853515625 -0.47067201137542725 1.5399930477142334 0.0 0.0 0.0 1.0
0.9813050031661987 -0.058549001812934875 0.18333800137043 5.408990859985352 -0.18953000009059906 -0.45956701040267944 0.867684006690979 2.120897054672241 0.03345499932765961 -0.8862109780311584 -0.4620720148086548 1.5460259914398193 0.0 0.0 0.0 1.0
0.9833049774169922 -0.058694999665021896 0.1722390055656433 5.42903995513916 -0.18015499413013458 -0.4472090005874634 0.8760979771614075 2.1120240688323975 0.025604000315070152 -0.8925020098686218 -0.45031699538230896 1.5481669902801514 0.0 0.0 0.0 1.0
0.9847130179405212 -0.062341999262571335 0.16264300048351288 5.445576190948486 -0.17343200743198395 -0.4374679923057556 0.8823509812355042 2.1067750453948975 0.01614299975335598 -0.8970710039138794 -0.4415920078754425 1.552690029144287 0.0 0.0 0.0 1.0
0.985696017742157 -0.06788600236177444 0.15425699949264526 5.466005802154541 -0.16842499375343323 -0.4297980070114136 0.8870769739151001 2.1062400341033936 0.0060789999552071095 -0.9003689885139465 -0.4350839853286743 1.5562189817428589 0.0 0.0 0.0 1.0
0.9858689904212952 -0.0739699974656105 0.15030500292778015 5.482174873352051 -0.16750499606132507 -0.42295899987220764 0.8905320167541504 2.105325937271118 -0.0022990000434219837 -0.903124988079071 -0.42937201261520386 1.5626850128173828 0.0 0.0 0.0 1.0
0.9859820008277893 -0.07801999896764755 0.14748500287532806 5.5071821212768555 -0.16660700738430023 -0.4127179980278015 0.8954920172691345 2.1008360385894775 -0.008995999582111835 -0.9075109958648682 -0.41993099451065063 1.568600058555603 0.0 0.0 0.0 1.0
0.9854480028152466 -0.0801829993724823 0.14987599849700928 5.526905059814453 -0.16956199705600739 -0.4021739959716797 0.8997250199317932 2.1045570373535156 -0.011866999790072441 -0.9120450019836426 -0.40991801023483276 1.5716090202331543 0.0 0.0 0.0 1.0
0.9850220084190369 -0.07960700243711472 0.15295200049877167 5.540002822875977 -0.17202100157737732 -0.39278098940849304 0.9034000039100647 2.103199005126953 -0.011839999817311764 -0.9161800146102905 -0.40059199929237366 1.5731760263442993 0.0 0.0 0.0 1.0
0.9844380021095276 -0.07996100187301636 0.15648600459098816 5.5513410568237305 -0.17528100311756134 -0.38311201333999634 0.906919002532959 2.1005361080169678 -0.012567000463604927 -0.9202349781990051 -0.39116600155830383 1.5717970132827759 0.0 0.0 0.0 1.0
0.9839339852333069 -0.07777699828147888 0.16070200502872467 5.556984901428223 -0.178274005651474 -0.3794409930706024 0.9078779816627502 2.1077399253845215 -0.009634999558329582 -0.9219409823417664 -0.38721001148223877 1.5753099918365479 0.0 0.0 0.0 1.0
0.9842489957809448 -0.07572700083255768 0.15974700450897217 5.5714030265808105 -0.1765580028295517 -0.3749780058860779 0.9100649952888489 2.1087698936462402 -0.00901500042527914 -0.9239360094070435 -0.38244199752807617 1.5762189626693726 0.0 0.0 0.0 1.0
0.9841750264167786 -0.0705609992146492 0.1625470072031021 5.574690818786621 -0.17715400457382202 -0.37042000889778137 0.9118149876594543 2.114569902420044 -0.004127999767661095 -0.9261810183525085 -0.3770579993724823 1.5789109468460083 0.0 0.0 0.0 1.0
0.9851300120353699 -0.06004299968481064 0.16097700595855713 5.5932722091674805 -0.17176100611686707 -0.3666769862174988 0.914355993270874 2.1197609901428223 0.004126000218093395 -0.9284089803695679 -0.3715369999408722 1.5799709558486938 0.0 0.0 0.0 1.0
0.9859489798545837 -0.04888100177049637 0.15973399579524994 5.609560012817383 -0.1665389984846115 -0.36210399866104126 0.917140007019043 2.1242740154266357 0.013009999878704548 -0.9308549761772156 -0.36515599489212036 1.5849740505218506 0.0 0.0 0.0 1.0
0.9856629967689514 -0.03760499879717827 0.1644809991121292 5.602323055267334 -0.16717399656772614 -0.3495500087738037 0.9218819737434387 2.1301259994506836 0.02282699942588806 -0.9361630082130432 -0.3508250117301941 1.5880639553070068 0.0 0.0 0.0 1.0
0.9863600134849548 -0.027602000162005424 0.16227099299430847 5.612582206726074 -0.1620209962129593 -0.336667001247406 0.9275799989700317 2.131608009338379 0.029028000310063362 -0.9412189722061157 -0.33654698729515076 1.5866589546203613 0.0 0.0 0.0 1.0
0.9866750240325928 -0.0207349993288517 0.16137699782848358 5.612843990325928 -0.15917299687862396 -0.3285270035266876 0.9309849739074707 2.1378180980682373 0.0337119996547699 -0.9442669749259949 -0.3274500072002411 1.586817979812622 0.0 0.0 0.0 1.0
0.9873390197753906 -0.013027999550104141 0.15808899700641632 5.614235877990723 -0.1538649946451187 -0.32095998525619507 0.9345110058784485 2.1413490772247314 0.03856499865651131 -0.9470030069351196 -0.3188999891281128 1.5831069946289062 0.0 0.0 0.0 1.0
0.9900339841842651 -0.004782000090926886 0.140748992562294 5.647955894470215 -0.13495799899101257 -0.31781700253486633 0.9384980201721191 2.139425039291382 0.04024399816989899 -0.948140025138855 -0.31529501080513 1.5814180374145508 0.0 0.0 0.0 1.0
0.9906859993934631 -0.0012019999558106065 0.1361590027809143 5.655159950256348 -0.12956799566745758 -0.3158009946346283 0.9399369955062866 2.140660047531128 0.04186899960041046 -0.9488250017166138 -0.31301599740982056 1.5770280361175537 0.0 0.0 0.0 1.0
0.9908400177955627 -0.0004330000083427876 0.13503700494766235 5.645377159118652 -0.12819300591945648 -0.31734099984169006 0.9396070241928101 2.155503988265991 0.04244599863886833 -0.9483109712600708 -0.3144899904727936 1.5714579820632935 0.0 0.0 0.0 1.0
0.9924219846725464 -4.099999932805076e-05 0.12287399917840958 5.650215148925781 -0.11631599813699722 -0.32264700531959534 0.9393450021743774 2.1653780937194824 0.0396060012280941 -0.9465199708938599 -0.3202059864997864 1.5684700012207031 0.0 0.0 0.0 1.0
0.9948220252990723 -0.0010920000495389104 0.10162899643182755 5.664150238037109 -0.0963210016489029 -0.3292039930820465 0.9393330216407776 2.178985118865967 0.03243099898099899 -0.9442579746246338 -0.3276050090789795 1.5671000480651855 0.0 0.0 0.0 1.0
0.9966980218887329 -0.003973999992012978 0.08109399676322937 5.659994125366211 -0.07775499671697617 -0.33420199155807495 0.9392880201339722 2.1820430755615234 0.023368999361991882 -0.9424930214881897 -0.3334070146083832 1.5681090354919434 0.0 0.0 0.0 1.0
0.9983119964599609 -0.0019180000526830554 0.05804700031876564 5.665574073791504 -0.05530700087547302 -0.3364810049533844 0.940064013004303 2.1889901161193848 0.017728999257087708 -0.9416880011558533 -0.33601999282836914 1.5683900117874146 0.0 0.0 0.0 1.0
0.9993900060653687 -0.0031969998963177204 0.03478499874472618 5.673783779144287 -0.03381099924445152 -0.3387089967727661 0.9402830004692078 2.19657301902771 0.008775999769568443 -0.9408860206604004 -0.3386099934577942 1.56666100025177 0.0 0.0 0.0 1.0
0.999875009059906 0.0036239998880773783 0.01539199985563755 5.67381477355957 -0.01319199986755848 -0.3455660045146942 0.9383010268211365 2.2053489685058594 0.008719000034034252 -0.9383869767189026 -0.3454749882221222 1.5698939561843872 0.0 0.0 0.0 1.0
0.9999650120735168 0.00481700012460351 -0.006858000066131353 5.688479900360107 0.008107000030577183 -0.34879401326179504 0.9371640086174011 2.2171599864959717 0.0021230001002550125 -0.9371870160102844 -0.3488210141658783 1.5765119791030884 0.0 0.0 0.0 1.0
0.999442994594574 0.007826999761164188 -0.03243200108408928 5.720375061035156 0.03313300013542175 -0.34702199697494507 0.937270998954773 2.2163660526275635 -0.003918000031262636 -0.937824010848999 -0.3470889925956726 1.5833909511566162 0.0 0.0 0.0 1.0
0.999110996723175 0.0097850002348423 -0.041019998490810394 5.711680889129639 0.04188799858093262 -0.34283098578453064 0.9384629726409912 2.2242040634155273 -0.004879999905824661 -0.9393460154533386 -0.3429360091686249 1.585028052330017 0.0 0.0 0.0 1.0
0.9983850121498108 0.011820999905467033 -0.055560000240802765 5.732631206512451 0.05629099905490875 -0.3370479941368103 0.9398030042648315 2.229830026626587 -0.007615999784320593 -0.9414129853248596 -0.33716899156570435 1.5906590223312378 0.0 0.0 0.0 1.0
0.997838020324707 0.017978999763727188 -0.06321600079536438 5.733081817626953 0.06560999900102615 -0.329026997089386 0.9420390129089355 2.237462043762207 -0.003863000078126788 -0.9441490173339844 -0.32949501276016235 1.5921679735183716 0.0 0.0 0.0 1.0
0.9971920251846313 0.02270199917256832 -0.07136800140142441 5.739068031311035 0.07487600296735764 -0.32201701402664185 0.9437680244445801 2.23717999458313 -0.0015559999737888575 -0.9464619755744934 -0.3228130042552948 1.588060975074768 0.0 0.0 0.0 1.0
0.9963409900665283 0.028356000781059265 -0.0806260034441948 5.746959209442139 0.08546300232410431 -0.3218350112438202 0.9429309964179993 2.2468419075012207 0.0007890000124461949 -0.9463710188865662 -0.32308098673820496 1.5904040336608887 0.0 0.0 0.0 1.0
0.9954230189323425 0.033114999532699585 -0.08964399993419647 5.749689102172852 0.0955279991030693 -0.31881099939346313 0.9429919719696045 2.2566890716552734 0.002647999906912446 -0.9472399950027466 -0.3205159902572632 1.59026300907135 0.0 0.0 0.0 1.0
0.9943439960479736 0.037581998854875565 -0.09933900088071823 5.7547078132629395 0.10613600164651871 -0.31660398840904236 0.9426010251045227 2.2637550830841064 0.003973000217229128 -0.9478129744529724 -0.31880199909210205 1.5894739627838135 0.0 0.0 0.0 1.0
0.9932590126991272 0.0430850014090538 -0.10761599987745285 5.756389141082764 0.11573600023984909 -0.3163520097732544 0.9415559768676758 2.2710869312286377 0.006523000076413155 -0.9476630091667175 -0.31920498609542847 1.5899169445037842 0.0 0.0 0.0 1.0
0.9914849996566772 0.04671400040388107 -0.12155500054359436 5.783914089202881 0.13010099530220032 -0.31509700417518616 0.9401000142097473 2.2751100063323975 0.005615000147372484 -0.9479089975357056 -0.31849101185798645 1.5869799852371216 0.0 0.0 0.0 1.0
0.9886999726295471 0.05201900005340576 -0.14059500396251678 5.829202175140381 0.14985300600528717 -0.3172900080680847 0.9364140033721924 2.2833609580993652 0.004102000035345554 -0.9469010233879089 -0.3215000033378601 1.5806549787521362 0.0 0.0 0.0 1.0
0.9875410199165344 0.05798700079321861 -0.1462859958410263 5.83585786819458 0.1572210043668747 -0.32455500960350037 0.9327089786529541 2.291114091873169 0.006606999784708023 -0.9440879821777344 -0.32962900400161743 1.5800679922103882 0.0 0.0 0.0 1.0
0.9869279861450195 0.06437599658966064 -0.1477469950914383 5.82214879989624 0.1608009934425354 -0.33194500207901 0.9294919967651367 2.298245906829834 0.01079300045967102 -0.941100001335144 -0.3379569947719574 1.5820269584655762 0.0 0.0 0.0 1.0
0.984175980091095 0.06883099675178528 -0.1632789969444275 5.835923194885254 0.17696599662303925 -0.3350580036640167 0.9254289865493774 2.3085379600524902 0.008990000002086163 -0.9396799802780151 -0.34193700551986694 1.582527995109558 0.0 0.0 0.0 1.0
0.9814019799232483 0.07288900017738342 -0.17758600413799286 5.84800386428833 0.19181999564170837 -0.3366619944572449 0.9218810200691223 2.315042018890381 0.007408999837934971 -0.9387999773025513 -0.34438198804855347 1.5804239511489868 0.0 0.0 0.0 1.0
0.9794780015945435 0.07672599703073502 -0.18637700378894806 5.851963996887207 0.20141500234603882 -0.33852601051330566 0.9191480278968811 2.324320077896118 0.007428999990224838 -0.937824010848999 -0.34703201055526733 1.5776710510253906 0.0 0.0 0.0 1.0
0.9778370261192322 0.08143900334835052 -0.19288000464439392 5.852565765380859 0.20918500423431396 -0.34149301052093506 0.9163100123405457 2.332303047180176 0.008755999617278576 -0.9363489747047424 -0.35095998644828796 1.5750010013580322 0.0 0.0 0.0 1.0
0.9768919944763184 0.08396200090646744 -0.19655300676822662 5.852482795715332 0.21355299651622772 -0.3453960120677948 0.9138360023498535 2.337177038192749 0.008839000016450882 -0.9346929788589478 -0.3553450107574463 1.5697799921035767 0.0 0.0 0.0 1.0
0.9756450057029724 0.08919999748468399 -0.20040200650691986 5.852252006530762 0.21912500262260437 -0.35434600710868835 0.9090780019760132 2.3465940952301025 0.010077999904751778 -0.9308500289916992 -0.3652620017528534 1.5707590579986572 0.0 0.0 0.0 1.0
0.9740129709243774 0.09383600205183029 -0.2061379998922348 5.853551864624023 0.22623400390148163 -0.35971200466156006 0.9052209854125977 2.3589460849761963 0.010792000219225883 -0.9283329844474792 -0.37159401178359985 1.5712180137634277 0.0 0.0 0.0 1.0
0.9720249772071838 0.0974460020661354 -0.21370799839496613 5.862277030944824 0.23463700711727142 -0.36181899905204773 0.9022380113601685 2.370306968688965 0.010595999658107758 -0.9271420240402222 -0.37456101179122925 1.5709229707717896 0.0 0.0 0.0 1.0
0.9713079929351807 0.10167200118303299 -0.21499599516391754 5.844062805175781 0.23742400109767914 -0.3621009886264801 0.9013950228691101 2.3727569580078125 0.013795999810099602 -0.9265779852867126 -0.37585100531578064 1.5711289644241333 0.0 0.0 0.0 1.0
0.9698290228843689 0.10375899821519852 -0.22060400247573853 5.832695960998535 0.24340400099754333 -0.36142298579216003 0.9000710248947144 2.3804800510406494 0.013659000396728516 -0.9266110062599182 -0.37577399611473083 1.5742290019989014 0.0 0.0 0.0 1.0
0.9679329991340637 0.10701599717140198 -0.22727499902248383 5.828555107116699 0.25071901082992554 -0.35499998927116394 0.9006189703941345 2.3885419368743896 0.01569800078868866 -0.928721010684967 -0.3704470098018646 1.5718339681625366 0.0 0.0 0.0 1.0
0.9665660262107849 0.10418800264596939 -0.2342980057001114 5.835296154022217 0.25615501403808594 -0.3508929908275604 0.9006990194320679 2.39554500579834 0.011628000065684319 -0.9306020140647888 -0.36584898829460144 1.569443941116333 0.0 0.0 0.0 1.0
0.9663910269737244 0.10595499724149704 -0.23422500491142273 5.823609828948975 0.2567310035228729 -0.3506779968738556 0.9006180167198181 2.40579891204834 0.013287000358104706 -0.9304829835891724 -0.3660939931869507 1.572998046875 0.0 0.0 0.0 1.0
0.9663079977035522 0.10569199919700623 -0.2346860021352768 5.810622215270996 0.2570289969444275 -0.34810298681259155 0.901531994342804 2.4145219326019287 0.01358999963849783 -0.9314789772033691 -0.36354100704193115 1.5737370252609253 0.0 0.0 0.0 1.0
0.9659500122070312 0.1052199974656105 -0.23636700212955475 5.79334020614624 0.25837498903274536 -0.34453800320625305 0.9025160074234009 2.4269120693206787 0.013524999842047691 -0.9328569769859314 -0.35999199748039246 1.5761990547180176 0.0 0.0 0.0 1.0
0.9649230241775513 0.10327199846506119 -0.24136899411678314 5.787789821624756 0.26227399706840515 -0.33827900886535645 0.9037590026855469 2.4293410778045654 0.01168300025165081 -0.9353619813919067 -0.35349899530410767 1.5727790594100952 0.0 0.0 0.0 1.0
0.9650369882583618 0.10427399724721909 -0.24048000574111938 5.765541076660156 0.2617810070514679 -0.33718499541282654 0.9043099880218506 2.4366190433502197 0.013209999538958073 -0.9356459975242615 -0.35269299149513245 1.5705280303955078 0.0 0.0 0.0 1.0
0.9619809985160828 0.10557200014591217 -0.2518880069255829 5.784398078918457 0.2729780077934265 -0.3421880006790161 0.8991050124168396 2.456892967224121 0.008727000094950199 -0.9336820244789124 -0.35799700021743774 1.5755339860916138 0.0 0.0 0.0 1.0
0.9614499807357788 0.10647600144147873 -0.25352999567985535 5.772840976715088 0.2748120129108429 -0.33979499340057373 0.8994539976119995 2.467829942703247 0.0096220001578331 -0.934453010559082 -0.3559570014476776 1.5689480304718018 0.0 0.0 0.0 1.0
0.9619690179824829 0.10640999674797058 -0.25157999992370605 5.7570481300354 0.27296900749206543 -0.3402380049228668 0.8998479843139648 2.4788200855255127 0.010156000033020973 -0.9342989921569824 -0.356344997882843 1.566004991531372 0.0 0.0 0.0 1.0
0.9629679918289185 0.10528299957513809 -0.24821099638938904 5.7417120933532715 0.2694390118122101 -0.3423669934272766 0.9001039862632751 2.483725070953369 0.009785999543964863 -0.9336490035057068 -0.3580560088157654 1.560613989830017 0.0 0.0 0.0 1.0
0.9629759788513184 0.10764499753713608 -0.24716399610042572 5.730762004852295 0.26938700675964355 -0.34879401326179504 0.8976489901542664 2.5026190280914307 0.0104179996997118 -0.9309970140457153 -0.3648790121078491 1.556920051574707 0.0 0.0 0.0 1.0
0.9643179774284363 0.11184799671173096 -0.2399580031633377 5.7078537940979 0.2643359899520874 -0.35643601417541504 0.8961470127105713 2.5097789764404297 0.014701999723911285 -0.9276009798049927 -0.3732840120792389 1.5553480386734009 0.0 0.0 0.0 1.0
0.9652169942855835 0.11254200339317322 -0.23598900437355042 5.688573837280273 0.2610290050506592 -0.36354100704193115 0.8942599892616272 2.527139902114868 0.01484999991953373 -0.9247549772262573 -0.3802730143070221 1.5591410398483276 0.0 0.0 0.0 1.0
0.9647179841995239 0.11416900157928467 -0.23724499344825745 5.680965900421143 0.26277199387550354 -0.3612149953842163 0.8946920037269592 2.539501905441284 0.016450000926852226 -0.9254670143127441 -0.3784709870815277 1.5557080507278442 0.0 0.0 0.0 1.0
0.964622974395752 0.11277499794960022 -0.23829400539398193 5.665231227874756 0.2631869912147522 -0.3593840003013611 0.8953080177307129 2.5515389442443848 0.015328999608755112 -0.9263499975204468 -0.376350998878479 1.5540820360183716 0.0 0.0 0.0 1.0
0.964031994342804 0.11439400166273117 -0.23990699648857117 5.654087066650391 0.2652280032634735 -0.35565200448036194 0.8961949944496155 2.558026075363159 0.017194999381899834 -0.9275910258293152 -0.37320101261138916 1.5501890182495117 0.0 0.0 0.0 1.0
0.9634979963302612 0.1173269972205162 -0.24063600599765778 5.6397199630737305 0.2670910060405731 -0.3599570095539093 0.8939200043678284 2.5735421180725098 0.018262000754475594 -0.9255620241165161 -0.378154993057251 1.5577600002288818 0.0 0.0 0.0 1.0
0.9633349776268005 0.1180730015039444 -0.24092400074005127 5.62466287612915 0.2676610052585602 -0.3609359860420227 0.8933550119400024 2.5776889324188232 0.018523000180721283 -0.9250860214233398 -0.37930598855018616 1.5530190467834473 0.0 0.0 0.0 1.0
0.9620699882507324 0.12221799790859222 -0.24389199912548065 5.608067989349365 0.27202901244163513 -0.36255601048469543 0.8913769721984863 2.5866689682006836 0.020517999306321144 -0.9239140152931213 -0.3820509910583496 1.548138976097107 0.0 0.0 0.0 1.0
0.959971010684967 0.12860800325870514 -0.2488279938697815 5.600244998931885 0.27915701270103455 -0.3665120005607605 0.8875470161437988 2.592855930328369 0.022947000339627266 -0.9214820265769958 -0.3877429962158203 1.5497599840164185 0.0 0.0 0.0 1.0
0.9581130146980286 0.13733600080013275 -0.2513119876384735 5.581344127655029 0.28479599952697754 -0.36448800563812256 0.8865879774093628 2.600337028503418 0.030160000547766685 -0.9210249781608582 -0.3883340060710907 1.5443669557571411 0.0 0.0 0.0 1.0
0.956030011177063 0.14448300004005432 -0.2552100121974945 5.566603183746338 0.2911509871482849 -0.36316001415252686 0.8850690126419067 2.605372905731201 0.03519599884748459 -0.9204559922218323 -0.3892579972743988 1.537922978401184 0.0 0.0 0.0 1.0
0.9535599946975708 0.1489650011062622 -0.26178601384162903 5.559122085571289 0.29901498556137085 -0.3636220097541809 0.8822519779205322 2.6122660636901855 0.03623399883508682 -0.9195590019226074 -0.3912779986858368 1.537065029144287 0.0 0.0 0.0 1.0
0.9508540034294128 0.15358200669288635 -0.26886600255966187 5.551147937774658 0.3072719871997833 -0.36085399985313416 0.8805500268936157 2.621664047241211 0.03821500018239021 -0.9198899865150452 -0.39031100273132324 1.535330057144165 0.0 0.0 0.0 1.0
0.9496380090713501 0.15569500625133514 -0.271932989358902 5.535645008087158 0.31081101298332214 -0.3577679991722107 0.8805670142173767 2.6212360858917236 0.03981100022792816 -0.920740008354187 -0.3881419897079468 1.5300849676132202 0.0 0.0 0.0 1.0
0.9485219717025757 0.15719099342823029 -0.27494698762893677 5.521151065826416 0.3141250014305115 -0.3562380075454712 0.8800110220909119 2.6211659908294678 0.040382999926805496 -0.9210780262947083 -0.3872779905796051 1.5219290256500244 0.0 0.0 0.0 1.0
0.9458630084991455 0.15598900616168976 -0.28462401032447815 5.523301124572754 0.32282599806785583 -0.36146101355552673 0.8747169971466064 2.634298086166382 0.03356600180268288 -0.9192460179328918 -0.3922500014305115 1.528710961341858 0.0 0.0 0.0 1.0
0.9458919763565063 0.1534229964017868 -0.2859179973602295 5.499216079711914 0.3230479955673218 -0.36255499720573425 0.8741819858551025 2.6327569484710693 0.030458999797701836 -0.9192469716072083 -0.39250099658966064 1.5256489515304565 0.0 0.0 0.0 1.0
0.9440770149230957 0.15056799352169037 -0.29333800077438354 5.497702121734619 0.32885000109672546 -0.36521899700164795 0.8709040284156799 2.635241985321045 0.023996999487280846 -0.9186649918556213 -0.39430901408195496 1.52395498752594 0.0 0.0 0.0 1.0
0.9430209994316101 0.1473339945077896 -0.298335999250412 5.4797821044921875 0.3322780132293701 -0.3701019883155823 0.8675339818000793 2.6423840522766113 0.017402000725269318 -0.9172329902648926 -0.3979699909687042 1.5179959535598755 0.0 0.0 0.0 1.0
0.9388589859008789 0.15095899999141693 -0.30944499373435974 5.480824947357178 0.34404000639915466 -0.3761720061302185 0.8603090047836304 2.659821033477783 0.013466999866068363 -0.9141700267791748 -0.4051080048084259 1.5204540491104126 0.0 0.0 0.0 1.0
0.9371920228004456 0.1517699956893921 -0.31406399607658386 5.468145847320557 0.34864500164985657 -0.37966299057006836 0.8569139838218689 2.6660900115966797 0.010815000161528587 -0.9125909805297852 -0.40873101353645325 1.526440978050232 0.0 0.0 0.0 1.0
0.9331700205802917 0.1521340012550354 -0.32565200328826904 5.47243595123291 0.359358012676239 -0.3761439919471741 0.8540359735488892 2.680506944656372 0.007435999810695648 -0.9139860272407532 -0.4056769907474518 1.5273469686508179 0.0 0.0 0.0 1.0
0.9327309727668762 0.14845700562000275 -0.32859399914741516 5.456504821777344 0.36053600907325745 -0.37084299325942993 0.8558560013771057 2.6811649799346924 0.00520200002938509 -0.9167529940605164 -0.39942100644111633 1.5273170471191406 0.0 0.0 0.0 1.0
0.9332240223884583 0.14352500438690186 -0.3293820023536682 5.447038173675537 0.35928499698638916 -0.3663719892501831 0.8583040237426758 2.686187982559204 0.0025110000278800726 -0.9193329811096191 -0.3934740126132965 1.5314149856567383 0.0 0.0 0.0 1.0
0.9346460103988647 0.13669000566005707 -0.3282580077648163 5.442290782928467 0.3555780053138733 -0.3627670109272003 0.8613730072975159 2.6905970573425293 -0.001339999958872795 -0.9218000173568726 -0.38766199350357056 1.5320600271224976 0.0 0.0 0.0 1.0
0.9340699911117554 0.13328799605369568 -0.33128300309181213 5.448555946350098 0.35706400871276855 -0.3600499927997589 0.8618990182876587 2.7016210556030273 -0.004397999960929155 -0.9233620166778564 -0.38390401005744934 1.529561996459961 0.0 0.0 0.0 1.0
0.9351919889450073 0.12981100380420685 -0.3294920027256012 5.438220977783203 0.35408300161361694 -0.3595309853553772 0.8633440136909485 2.7080860137939453 -0.006391000002622604 -0.9240599870681763 -0.38219499588012695 1.528710961341858 0.0 0.0 0.0 1.0
0.9352089762687683 0.1284099966287613 -0.32999300956726074 5.4339399337768555 0.353985995054245 -0.362293004989624 0.8622279763221741 2.7174360752105713 -0.008834999985992908 -0.9231770038604736 -0.38427498936653137 1.533370018005371 0.0 0.0 0.0 1.0
0.9354509711265564 0.12747600674629211 -0.32966798543930054 5.422451019287109 0.3533270061016083 -0.3623940050601959 0.8624560236930847 2.7211151123046875 -0.009526999667286873 -0.9232659935951233 -0.38404300808906555 1.533350944519043 0.0 0.0 0.0 1.0
0.9342529773712158 0.12624000012874603 -0.33351901173591614 5.414525032043457 0.3564479947090149 -0.35894501209259033 0.8626139760017395 2.726123094558716 -0.010817999951541424 -0.9247819781303406 -0.3803429901599884 1.531067967414856 0.0 0.0 0.0 1.0
0.9324889779090881 0.12527300417423248 -0.3387790024280548 5.406476020812988 0.36100998520851135 -0.35354599356651306 0.8629459738731384 2.725245952606201 -0.011669999919831753 -0.9269909858703613 -0.37490299344062805 1.5304089784622192 0.0 0.0 0.0 1.0
0.9304850101470947 0.12269899994134903 -0.3451690077781677 5.394506931304932 0.3659459948539734 -0.35442298650741577 0.8605039715766907 2.724102020263672 -0.016752999275922775 -0.9269999861717224 -0.37468698620796204 1.5330339670181274 0.0 0.0 0.0 1.0
0.9271990060806274 0.1252799928188324 -0.35299599170684814 5.381906986236572 0.37417900562286377 -0.3527509868144989 0.8576459884643555 2.723701000213623 -0.01707400009036064 -0.9272930026054382 -0.37394800782203674 1.5271379947662354 0.0 0.0 0.0 1.0
0.925944983959198 0.12760500609874725 -0.3554460108280182 5.356131076812744 0.3773080110549927 -0.3530830144882202 0.8561379909515381 2.711735963821411 -0.0162540003657341 -0.9268490076065063 -0.37508198618888855 1.5290249586105347 0.0 0.0 0.0 1.0
0.9209780097007751 0.1347000002861023 -0.36559000611305237 5.353858947753906 0.389398992061615 -0.34947699308395386 0.8521929979324341 2.7097439765930176 -0.012974999845027924 -0.9272119998931885 -0.37431299686431885 1.528836965560913 0.0 0.0 0.0 1.0
0.9206629991531372 0.13763099908828735 -0.3652920126914978 5.333705902099609 0.3902440071105957 -0.3472509980201721 0.8527169823646545 2.6980369091033936 -0.009487999603152275 -0.9276180267333984 -0.3734099864959717 1.5289740562438965 0.0 0.0 0.0 1.0
0.9180240035057068 0.1399269998073578 -0.3710139989852905 5.332173824310303 0.39645901322364807 -0.34088999032974243 0.8524169921875 2.6909029483795166 -0.007199000101536512 -0.9296320080757141 -0.3684200048446655 1.5156259536743164 0.0 0.0 0.0 1.0
0.9188650250434875 0.14329800009727478 -0.3676309883594513 5.309867858886719 0.3945629894733429 -0.33972999453544617 0.8537579774856567 2.676476001739502 -0.002553999889642 -0.9295430183410645 -0.36870598793029785 1.5088529586791992 0.0 0.0 0.0 1.0
0.9203220009803772 0.1440880000591278 -0.36365601420402527 5.2910847663879395 0.39114999771118164 -0.3460170030593872 0.8528040051460266 2.6644790172576904 -0.002951999893411994 -0.9270979762077332 -0.3748070001602173 1.50804603099823 0.0 0.0 0.0 1.0
0.921908974647522 0.1434759944677353 -0.35986000299453735 5.265073776245117 0.3873949944972992 -0.3489930033683777 0.8533049821853638 2.6486198902130127 -0.003160000080242753 -0.9260770082473755 -0.3773219883441925 1.5039119720458984 0.0 0.0 0.0 1.0
0.9227420091629028 0.14156100153923035 -0.35847899317741394 5.242143154144287 0.38536301255226135 -0.35443899035453796 0.8519790172576904 2.6343939304351807 -0.006451999768614769 -0.9243019819259644 -0.3816080093383789 1.50901198387146 0.0 0.0 0.0 1.0
0.9209229946136475 0.13867299258708954 -0.36423999071121216 5.235971927642822 0.38958901166915894 -0.35399800539016724 0.8502389788627625 2.6201159954071045 -0.01103499997407198 -0.9249079823493958 -0.3800300061702728 1.497135043144226 0.0 0.0 0.0 1.0
0.9215779900550842 0.1349799931049347 -0.3639709949493408 5.221888065338135 0.38782501220703125 -0.3610000014305115 0.8480989933013916 2.6019198894500732 -0.016916999593377113 -0.9227460026741028 -0.38503798842430115 1.4920079708099365 0.0 0.0 0.0 1.0
0.9227619767189026 0.13144199550151825 -0.3622620105743408 5.206943988800049 0.38467198610305786 -0.37074899673461914 0.8453239798545837 2.5890939235687256 -0.023197999224066734 -0.9193850159645081 -0.3926750123500824 1.489935040473938 0.0 0.0 0.0 1.0
0.9259070158004761 0.12711000442504883 -0.35572299361228943 5.173766136169434 0.3767539858818054 -0.37910398840904236 0.8451840281486511 2.570708990097046 -0.027424000203609467 -0.9165819883346558 -0.3989050090312958 1.481564998626709 0.0 0.0 0.0 1.0
0.9286230206489563 0.12672799825668335 -0.3487110137939453 5.1431498527526855 0.3698689937591553 -0.39029601216316223 0.8431280255317688 2.548525094985962 -0.029252000153064728 -0.9119259715080261 -0.4093109965324402 1.4756360054016113 0.0 0.0 0.0 1.0
0.930508017539978 0.1293420046567917 -0.34267300367355347 5.105131149291992 0.3651350140571594 -0.4012010097503662 0.840067982673645 2.5248780250549316 -0.028824999928474426 -0.9068120121955872 -0.4205479919910431 1.4721829891204834 0.0 0.0 0.0 1.0
0.9294660091400146 0.13186299800872803 -0.3445349931716919 5.081287860870361 0.3676069974899292 -0.4093720018863678 0.8350329995155334 2.5118789672851562 -0.030933000147342682 -0.902787983417511 -0.42897099256515503 1.4730219841003418 0.0 0.0 0.0 1.0
0.9257519841194153 0.1388300061225891 -0.35172298550605774 5.061771869659424 0.3769629895687103 -0.41189199686050415 0.829604983329773 2.5039420127868652 -0.029697999358177185 -0.9005950093269348 -0.43364399671554565 1.4658479690551758 0.0 0.0 0.0 1.0
0.9211980104446411 0.14714400470256805 -0.3601990044116974 5.047821998596191 0.3879860043525696 -0.4172250032424927 0.8218209743499756 2.491771936416626 -0.029356999322772026 -0.8968120217323303 -0.4414370059967041 1.4645440578460693 0.0 0.0 0.0 1.0
0.9158689975738525 0.1570509970188141 -0.36948299407958984 5.043738842010498 0.40052300691604614 -0.42081698775291443 0.8139380216598511 2.4797849655151367 -0.027654999867081642 -0.8934469819068909 -0.4483160078525543 1.4634449481964111 0.0 0.0 0.0 1.0
0.9123449921607971 0.1674019992351532 -0.37363401055336 5.02608585357666 0.40885600447654724 -0.4204460084438324 0.8099759817123413 2.472480058670044 -0.021501999348402023 -0.8917409777641296 -0.4520359933376312 1.4621820449829102 0.0 0.0 0.0 1.0
0.9103999733924866 0.17794199287891388 -0.3735080063343048 5.007833003997803 0.41353899240493774 -0.4187540113925934 0.8084740042686462 2.4587669372558594 -0.012546000070869923 -0.8904950022697449 -0.45482000708580017 1.4630889892578125 0.0 0.0 0.0 1.0
0.9076340198516846 0.18735100328922272 -0.37563300132751465 5.005095958709717 0.4197410047054291 -0.41427600383758545 0.8075839877128601 2.4495809078216553 -0.004313999786973 -0.8906599879264832 -0.45465001463890076 1.4550260305404663 0.0 0.0 0.0 1.0
0.9077489972114563 0.19795599579811096 -0.36987099051475525 4.990880012512207 0.41945499181747437 -0.4136579930782318 0.8080490231513977 2.442528009414673 0.006957999896258116 -0.8886510133743286 -0.4585320055484772 1.4494019746780396 0.0 0.0 0.0 1.0
0.9052829742431641 0.21147499978542328 -0.3684299886226654 4.995985984802246 0.4245010018348694 -0.4173460006713867 0.803505003452301 2.445739984512329 0.016157999634742737 -0.8837990164756775 -0.46758800745010376 1.4554729461669922 0.0 0.0 0.0 1.0
0.9069799780845642 0.21821199357509613 -0.3602370023727417 4.982515811920166 0.4203909933567047 -0.4169059991836548 0.8058919906616211 2.436732053756714 0.02567099966108799 -0.8823680281639099 -0.4698599874973297 1.4488719701766968 0.0 0.0 0.0 1.0
0.9063839912414551 0.22485899925231934 -0.35763901472091675 4.979561805725098 0.4211690127849579 -0.41499099135398865 0.8064730167388916 2.4307539463043213 0.03292600065469742 -0.8816019892692566 -0.4708450138568878 1.4470280408859253 0.0 0.0 0.0 1.0
0.9054269790649414 0.23007400333881378 -0.35674500465393066 4.983316898345947 0.42281201481819153 -0.41387200355529785 0.8061890006065369 2.4308669567108154 0.03783600032329559 -0.8807820081710815 -0.47200900316238403 1.4460560083389282 0.0 0.0 0.0 1.0
0.9075220227241516 0.23337599635124207 -0.34919801354408264 4.974010944366455 0.41771700978279114 -0.4148629903793335 0.8083320260047913 2.426147937774658 0.043776001781225204 -0.8794450163841248 -0.4739829897880554 1.4453059434890747 0.0 0.0 0.0 1.0
0.9085050225257874 0.23732399940490723 -0.34394198656082153 4.972701072692871 0.41501399874687195 -0.4162999987602234 0.8089849948883057 2.424407958984375 0.04880800098180771 -0.8777080178260803 -0.4767029881477356 1.447281002998352 0.0 0.0 0.0 1.0
0.9089829921722412 0.23740200698375702 -0.34262099862098694 4.977633953094482 0.4138930141925812 -0.416610985994339 0.8093990087509155 2.425168037414551 0.04941299930214882 -0.8775389790534973 -0.4769519865512848 1.4471060037612915 0.0 0.0 0.0 1.0
0.9091389775276184 0.23822900652885437 -0.34163200855255127 4.97730016708374 0.4134100079536438 -0.4165709912776947 0.8096669912338257 2.4242870807647705 0.05057299882173538 -0.8773339986801147 -0.4772070050239563 1.4464329481124878 0.0 0.0 0.0 1.0
0.9089540243148804 0.23808899521827698 -0.34222400188446045 4.976018905639648 0.4139209985733032 -0.4174729883670807 0.8089410066604614 2.423130989074707 0.04973100125789642 -0.8769440054893494 -0.4780139923095703 1.445559024810791 0.0 0.0 0.0 1.0
0.9062010049819946 0.2384359985589981 -0.3492110073566437 4.981933116912842 0.42013299465179443 -0.4142880141735077 0.8073740005493164 2.4203429222106934 0.047832999378442764 -0.8783590197563171 -0.47560301423072815 1.4400930404663086 0.0 0.0 0.0 1.0
0.9025629758834839 0.23995700478553772 -0.35749301314353943 4.989941120147705 0.42848798632621765 -0.4192579984664917 0.800387978553772 2.4280829429626465 0.04217600077390671 -0.8755819797515869 -0.48122501373291016 1.448233962059021 0.0 0.0 0.0 1.0
0.8996319770812988 0.2402690052986145 -0.36459898948669434 4.985474109649658 0.43504598736763 -0.42175400257110596 0.795524001121521 2.4281210899353027 0.037369001656770706 -0.8742960095405579 -0.48395198583602905 1.4514169692993164 0.0 0.0 0.0 1.0
0.8933929800987244 0.2425290048122406 -0.3781909942626953 4.996050834655762 0.44802001118659973 -0.41804200410842896 0.7902650237083435 2.422240972518921 0.03356200084090233 -0.8754540085792542 -0.48213401436805725 1.4438860416412354 0.0 0.0 0.0 1.0
0.8883339762687683 0.2468000054359436 -0.387237012386322 4.994201183319092 0.4580940008163452 -0.417834997177124 0.7845789790153503 2.4168860912323 0.031831998378038406 -0.8743590116500854 -0.4842349886894226 1.4403769969940186 0.0 0.0 0.0 1.0
0.8806679844856262 0.2537750005722046 -0.40002700686454773 5.002522945404053 0.4727970063686371 -0.41775599122047424 0.7758489847183228 2.418332099914551 0.029776999726891518 -0.8723980188369751 -0.48788899183273315 1.4399369955062866 0.0 0.0 0.0 1.0
0.873557984828949 0.26049500703811646 -0.4111419916152954 5.00078821182251 0.4858910143375397 -0.417479008436203 0.7678679823875427 2.416287899017334 0.028382999822497368 -0.8705480098724365 -0.4912649989128113 1.4453370571136475 0.0 0.0 0.0 1.0
0.8648639917373657 0.26420798897743225 -0.4268530011177063 5.007750988006592 0.5013759732246399 -0.4120419919490814 0.7608180046081543 2.4125308990478516 0.025133000686764717 -0.8720179796218872 -0.48882800340652466 1.435060977935791 0.0 0.0 0.0 1.0
0.8534370064735413 0.2722240090370178 -0.44445401430130005 5.016193866729736 0.5208160281181335 -0.41285499930381775 0.7471960186958313 2.4198150634765625 0.019910000264644623 -0.8691629767417908 -0.49412399530410767 1.4369900226593018 0.0 0.0 0.0 1.0
0.841376006603241 0.2788119912147522 -0.4629789888858795 5.031592845916748 0.5402320027351379 -0.4095579981803894 0.7351269721984863 2.4205141067504883 0.015344999730587006 -0.8686349987983704 -0.4952160120010376 1.4413650035858154 0.0 0.0 0.0 1.0
0.8279200196266174 0.2835420072078705 -0.4838919937610626 5.054337978363037 0.5607349872589111 -0.4013589918613434 0.7242149710655212 2.4253110885620117 0.011130999773740768 -0.8709269762039185 -0.4912860095500946 1.4335780143737793 0.0 0.0 0.0 1.0
0.81529301404953 0.2915079891681671 -0.5003200173377991 5.081575870513916 0.5790029764175415 -0.39959800243377686 0.7106879949569702 2.42484188079834 0.00724400021135807 -0.8691059947013855 -0.49457401037216187 1.4369970560073853 0.0 0.0 0.0 1.0
0.8041530251502991 0.29831498861312866 -0.5141469836235046 5.098164081573486 0.5944030284881592 -0.39654600620269775 0.6995970010757446 2.4313759803771973 0.00481700012460351 -0.8681929707527161 -0.4962030053138733 1.4405080080032349 0.0 0.0 0.0 1.0
0.7972720265388489 0.2975600063800812 -0.525180995464325 5.120386123657227 0.6036199927330017 -0.393559992313385 0.6933630108833313 2.442492961883545 -0.00037299998803064227 -0.8698099851608276 -0.49338799715042114 1.4431899785995483 0.0 0.0 0.0 1.0
0.7922130227088928 0.295771986246109 -0.5337759852409363 5.1461381912231445 0.6102439761161804 -0.38457199931144714 0.6926090121269226 2.4530398845672607 -0.00042100000428035855 -0.8744279742240906 -0.48515599966049194 1.4379620552062988 0.0 0.0 0.0 1.0
0.7895269989967346 0.2967450022697449 -0.5372049808502197 5.170863151550293 0.6137089729309082 -0.3777419924736023 0.6933050155639648 2.46464204788208 0.0028099999763071537 -0.8770710229873657 -0.4803529977798462 1.4368799924850464 0.0 0.0 0.0 1.0
0.7881190180778503 0.2984189987182617 -0.5383440256118774 5.193024158477783 0.6154789924621582 -0.3716759979724884 0.6950119733810425 2.473444938659668 0.007315000053495169 -0.8790919780731201 -0.47659599781036377 1.4334089756011963 0.0 0.0 0.0 1.0
0.7840070128440857 0.3041769862174988 -0.5411189794540405 5.215506076812744 0.6206259727478027 -0.3665350079536438 0.6931629776954651 2.4887030124664307 0.012505000457167625 -0.8792769908905029 -0.47614601254463196 1.4276859760284424 0.0 0.0 0.0 1.0
0.782414972782135 0.31241101026535034 -0.5387259721755981 5.238691806793213 0.6224629878997803 -0.3657599985599518 0.691923975944519 2.505436897277832 0.019120000302791595 -0.876708984375 -0.4806410074234009 1.4272650480270386 0.0 0.0 0.0 1.0
0.7859290242195129 0.3172590136528015 -0.530718982219696 5.251609802246094 0.6177549958229065 -0.36630499362945557 0.6958439946174622 2.5219709873199463 0.026357999071478844 -0.8747379779815674 -0.4838789999485016 1.4325950145721436 0.0 0.0 0.0 1.0
0.7862989902496338 0.31811898946762085 -0.5296549797058105 5.282304763793945 0.6170459985733032 -0.3606970012187958 0.6993939876556396 2.5387189388275146 0.03144599869847298 -0.8767539858818054 -0.4799090027809143 1.4309760332107544 0.0 0.0 0.0 1.0
0.7892490029335022 0.31645700335502625 -0.5262519717216492 5.303517818450928 0.613290011882782 -0.36293500661849976 0.7015359997749329 2.5513830184936523 0.03101000003516674 -0.8764320015907288 -0.48052600026130676 1.4178810119628906 0.0 0.0 0.0 1.0
0.793258011341095 0.3159619867801666 -0.5204899907112122 5.319318771362305 0.608331024646759 -0.37476301193237305 0.699633002281189 2.554486036300659 0.025996999815106392 -0.8716199994087219 -0.4894930124282837 1.4121220111846924 0.0 0.0 0.0 1.0
0.7935619950294495 0.31562700867652893 -0.5202289819717407 5.329061985015869 0.6082519888877869 -0.3876059949398041 0.6926689743995667 2.567189931869507 0.01698100008070469 -0.8661069869995117 -0.4995709955692291 1.4200780391693115 0.0 0.0 0.0 1.0
0.7919549942016602 0.31335100531578064 -0.5240409970283508 5.340938091278076 0.6105189919471741 -0.3943130075931549 0.6868640184402466 2.5786490440368652 0.008592999540269375 -0.8639029860496521 -0.5035849809646606 1.4245920181274414 0.0 0.0 0.0 1.0
0.7898709774017334 0.3121109902858734 -0.5279120206832886 5.348915100097656 0.6132689714431763 -0.39873799681663513 0.6818429827690125 2.5900719165802 0.002311999909579754 -0.8623200058937073 -0.5063589811325073 1.4259560108184814 0.0 0.0 0.0 1.0
0.7840620279312134 0.3129499852657318 -0.5360119938850403 5.365111827850342 0.6206799745559692 -0.39767900109291077 0.6757270097732544 2.6024889945983887 -0.0016919999616220593 -0.8625040054321289 -0.5060470104217529 1.4259849786758423 0.0 0.0 0.0 1.0
0.7806370258331299 0.31401100754737854 -0.5403730273246765 5.3665289878845215 0.6249650120735168 -0.39902400970458984 0.6709679961204529 2.60788893699646 -0.0049310000613331795 -0.8614959716796875 -0.5077400207519531 1.429276943206787 0.0 0.0 0.0 1.0
0.7713260054588318 0.31545600295066833 -0.5527600049972534 5.383142948150635 0.6363409757614136 -0.3975070118904114 0.6611030101776123 2.6218769550323486 -0.011176999658346176 -0.8616700172424316 -0.5073450207710266 1.4323420524597168 0.0 0.0 0.0 1.0
0.7641280293464661 0.31328698992729187 -0.5638800263404846 5.392282009124756 0.6448410153388977 -0.3940269947052002 0.6549220085144043 2.633852005004883 -0.017006000503897667 -0.8640570044517517 -0.5031070113182068 1.4327659606933594 0.0 0.0 0.0 1.0
0.7562410235404968 0.3114280104637146 -0.575423002243042 5.40199089050293 0.653918981552124 -0.3894819915294647 0.6486089825630188 2.6453490257263184 -0.02212199941277504 -0.8667849898338318 -0.4981909990310669 1.431823968887329 0.0 0.0 0.0 1.0
0.7478410005569458 0.31266599893569946 -0.5856389999389648 5.422618865966797 0.6633260250091553 -0.3878819942474365 0.6399580240249634 2.668186902999878 -0.027065999805927277 -0.8670570254325867 -0.4974740147590637 1.44035005569458 0.0 0.0 0.0 1.0
0.7427240014076233 0.31123799085617065 -0.5928679704666138 5.4313578605651855 0.6690269708633423 -0.3814910054206848 0.6378610134124756 2.674320936203003 -0.027648000046610832 -0.8704000115394592 -0.49156901240348816 1.4347870349884033 0.0 0.0 0.0 1.0
0.7373350262641907 0.3126029968261719 -0.5988460183143616 5.435259819030762 0.6749359965324402 -0.37797999382019043 0.6337130069732666 2.6809139251708984 -0.028250999748706818 -0.8714410066604614 -0.4896849989891052 1.4262239933013916 0.0 0.0 0.0 1.0
0.7311739921569824 0.32004401087760925 -0.6024580001831055 5.443500995635986 0.6817160248756409 -0.3757320046424866 0.6277649998664856 2.6920969486236572 -0.025450000539422035 -0.8697109818458557 -0.49290499091148376 1.4213989973068237 0.0 0.0 0.0 1.0
0.7271720170974731 0.3289400041103363 -0.6025109887123108 5.4451799392700195 0.6862130165100098 -0.37162700295448303 0.6253029704093933 2.704519033432007 -0.01822200044989586 -0.868153989315033 -0.495959997177124 1.4202690124511719 0.0 0.0 0.0 1.0
0.7211700081825256 0.3403410017490387 -0.6033909916877747 5.449069976806641 0.6927199959754944 -0.3633910119533539 0.6229649782180786 2.718827962875366 -0.007246000226587057 -0.8672459721565247 -0.49782800674438477 1.416803002357483 0.0 0.0 0.0 1.0
0.7148360013961792 0.3555780053138733 -0.6021410226821899 5.450076103210449 0.6992639899253845 -0.35575899481773376 0.6200519800186157 2.731271982192993 0.006260000169277191 -0.8642920255661011 -0.502951979637146 1.4129040241241455 0.0 0.0 0.0 1.0
0.7072929739952087 0.3693459928035736 -0.6027600169181824 5.457963943481445 0.7067739963531494 -0.35210201144218445 0.6135910153388977 2.7458910942077637 0.014394000172615051 -0.8600040078163147 -0.5100839734077454 1.4142019748687744 0.0 0.0 0.0 1.0
0.6962239742279053 0.3804759979248047 -0.6086959838867188 5.456803798675537 0.7175970077514648 -0.34755998849868774 0.6035360097885132 2.762558937072754 0.018073000013828278 -0.8569949865341187 -0.5150079727172852 1.418707013130188 0.0 0.0 0.0 1.0
0.682765007019043 0.39061498641967773 -0.6174560189247131 5.454471111297607 0.7303979992866516 -0.34324800968170166 0.590507984161377 2.776334047317505 0.018720999360084534 -0.8541669845581055 -0.5196620225906372 1.4192479848861694 0.0 0.0 0.0 1.0
0.6609519720077515 0.40546301007270813 -0.6314600110054016 5.477423191070557 0.7501659989356995 -0.33474698662757874 0.5702589750289917 2.7977709770202637 0.019840000197291374 -0.8506140112876892 -0.5254169702529907 1.4208539724349976 0.0 0.0 0.0 1.0
0.6437739729881287 0.41421398520469666 -0.6434140205383301 5.493361949920654 0.76494300365448 -0.32591500878334045 0.555554986000061 2.810544967651367 0.020419999957084656 -0.849826991558075 -0.526665985584259 1.4192249774932861 0.0 0.0 0.0 1.0
0.632764995098114 0.41927799582481384 -0.6510099768638611 5.499712944030762 0.7740600109100342 -0.3197459876537323 0.5464370250701904 2.8241090774536133 0.02095099911093712 -0.8496869802474976 -0.5268710255622864 1.4197449684143066 0.0 0.0 0.0 1.0
0.6254720091819763 0.42242199182510376 -0.6560069918632507 5.508553981781006 0.7799749970436096 -0.316305011510849 0.539991021156311 2.8351070880889893 0.02060599997639656 -0.8494179844856262 -0.5273190140724182 1.418362021446228 0.0 0.0 0.0 1.0
0.617222011089325 0.42729899287223816 -0.6606450080871582 5.51430082321167 0.7866309881210327 -0.31833600997924805 0.5290300250053406 2.850752115249634 0.01574699953198433 -0.8462139964103699 -0.5326110124588013 1.4218159914016724 0.0 0.0 0.0 1.0
0.6061239838600159 0.43200400471687317 -0.667822003364563 5.51871919631958 0.7952889800071716 -0.3172360062599182 0.5166000127792358 2.864240884780884 0.011315999552607536 -0.8442360162734985 -0.5358530282974243 1.4306789636611938 0.0 0.0 0.0 1.0
0.5955020189285278 0.4310489892959595 -0.677918016910553 5.528991222381592 0.8033069968223572 -0.3104209899902344 0.5082679986953735 2.8773069381713867 0.008648999966681004 -0.8472520112991333 -0.531121015548706 1.4307609796524048 0.0 0.0 0.0 1.0
0.58439701795578 0.4310469925403595 -0.6875159740447998 5.542698860168457 0.8114359974861145 -0.302949994802475 0.4997920095920563 2.892836093902588 0.007149999961256981 -0.8499529957771301 -0.5268099904060364 1.43123197555542 0.0 0.0 0.0 1.0
0.5756790041923523 0.4305030107498169 -0.695169985294342 5.551416873931885 0.8176530003547668 -0.29674598574638367 0.49334099888801575 2.900484085083008 0.006095999851822853 -0.8524140119552612 -0.5228319764137268 1.4297159910202026 0.0 0.0 0.0 1.0
0.5640860199928284 0.4333840012550354 -0.7028409838676453 5.558419227600098 0.8257060050964355 -0.291936993598938 0.482681006193161 2.9137120246887207 0.004000999964773655 -0.8526139855384827 -0.5225260257720947 1.4333250522613525 0.0 0.0 0.0 1.0
0.5469620227813721 0.4382370114326477 -0.7132890224456787 5.577208995819092 0.8371520042419434 -0.28318700194358826 0.46795499324798584 2.9326210021972656 0.003080999944359064 -0.8530849814414978 -0.5217639803886414 1.439386010169983 0.0 0.0 0.0 1.0
0.5322319865226746 0.4371669888496399 -0.7249929904937744 5.591111183166504 0.8465980291366577 -0.27619799971580505 0.4549579918384552 2.9481890201568604 -0.0013490000274032354 -0.8559209704399109 -0.517104983329773 1.4389760494232178 0.0 0.0 0.0 1.0
0.518451988697052 0.43750399351119995 -0.7347090244293213 5.604337215423584 0.8550959825515747 -0.26963499188423157 0.4428409934043884 2.9652929306030273 -0.004358999896794558 -0.8578389883041382 -0.5138999819755554 1.4372830390930176 0.0 0.0 0.0 1.0
0.5080729722976685 0.438400000333786 -0.7413960099220276 5.615511894226074 0.8612899780273438 -0.26508399844169617 0.4334860146045685 2.974885940551758 -0.006492000073194504 -0.8587989807128906 -0.512270987033844 1.4371769428253174 0.0 0.0 0.0 1.0
0.49487099051475525 0.44182100892066956 -0.7482619881629944 5.632925987243652 0.8689330220222473 -0.25909799337387085 0.4216899871826172 2.988555908203125 -0.007561999838799238 -0.8588730096817017 -0.512133002281189 1.4385559558868408 0.0 0.0 0.0 1.0
0.479777991771698 0.4467430114746094 -0.7551379799842834 5.642662048339844 0.877348005771637 -0.252685010433197 0.4079340100288391 3.0045928955078125 -0.008570999838411808 -0.8582370281219482 -0.5131819844245911 1.4407069683074951 0.0 0.0 0.0 1.0
0.46296998858451843 0.4500890076160431 -0.7635949850082397 5.654888153076172 0.8863250017166138 -0.24413199722766876 0.3934819996356964 3.0182459354400635 -0.009316000156104565 -0.8589640259742737 -0.5119510293006897 1.443660020828247 0.0 0.0 0.0 1.0
0.44496798515319824 0.451088011264801 -0.7736430168151855 5.676137924194336 0.8954809904098511 -0.2345450073480606 0.37828800082206726 3.0293591022491455 -0.010812999680638313 -0.8611090183258057 -0.5083060264587402 1.4357600212097168 0.0 0.0 0.0 1.0
0.4248799979686737 0.45943599939346313 -0.7799969911575317 5.69265079498291 0.9051579833030701 -0.22785499691963196 0.3588460087776184 3.048598051071167 -0.012860000133514404 -0.8584880232810974 -0.512673020362854 1.434541940689087 0.0 0.0 0.0 1.0
0.4054419994354248 0.46598100662231445 -0.78643399477005 5.7063069343566895 0.9140139818191528 -0.2197899967432022 0.3409850001335144 3.064440965652466 -0.013957999646663666 -0.8570610284805298 -0.5150259733200073 1.4428880214691162 0.0 0.0 0.0 1.0
0.3775239884853363 0.4731679856777191 -0.7959820032119751 5.739130020141602 0.9259589910507202 -0.20092999935150146 0.3197290003299713 3.0850720405578613 -0.008651000447571278 -0.8577520251274109 -0.5139909982681274 1.450806975364685 0.0 0.0 0.0 1.0
0.3612770140171051 0.4759629964828491 -0.801833987236023 5.760351181030273 0.9324390292167664 -0.19002999365329742 0.3073219954967499 3.103614091873169 -0.006099000107496977 -0.8586900234222412 -0.5124599933624268 1.451367974281311 0.0 0.0 0.0 1.0
0.35079801082611084 0.4776889979839325 -0.8054530024528503 5.771722793579102 0.9364380240440369 -0.1834300011396408 0.29905998706817627 3.113626003265381 -0.0048859999515116215 -0.8591660261154175 -0.5116729736328125 1.4510849714279175 0.0 0.0 0.0 1.0
0.3416759967803955 0.47985899448394775 -0.8080790042877197 5.786273002624512 0.9398000240325928 -0.17977799475193024 0.2906140089035034 3.1274709701538086 -0.005820999853312969 -0.8587290048599243 -0.5123969912528992 1.449530005455017 0.0 0.0 0.0 1.0
0.3339959979057312 0.4852980077266693 -0.8080430030822754 5.793317794799805 0.9425449967384338 -0.17876699566841125 0.28222599625587463 3.139746904373169 -0.0074880002066493034 -0.855879008769989 -0.5171219706535339 1.4593900442123413 0.0 0.0 0.0 1.0
0.32663199305534363 0.4837630093097687 -0.8119639754295349 5.800803184509277 0.9450939893722534 -0.17664000391960144 0.274946004152298 3.152618885040283 -0.0104160001501441 -0.8571889996528625 -0.5148980021476746 1.4671419858932495 0.0 0.0 0.0 1.0
0.3209199905395508 0.47705700993537903 -0.8181849718093872 5.808484077453613 0.947022020816803 -0.17315000295639038 0.2704960107803345 3.1619739532470703 -0.012626999989151955 -0.8616470098495483 -0.5073509812355042 1.4680559635162354 0.0 0.0 0.0 1.0
0.31623199582099915 0.47459301352500916 -0.8214370012283325 5.81690788269043 0.9485700130462646 -0.1714790016412735 0.26610100269317627 3.1700150966644287 -0.014569000340998173 -0.8633400201797485 -0.5044119954109192 1.4726020097732544 0.0 0.0 0.0 1.0
0.3095029890537262 0.4698520004749298 -0.826708972454071 5.8286237716674805 0.9507250189781189 -0.16951900720596313 0.25958698987960815 3.1759259700775146 -0.018175000324845314 -0.8663150072097778 -0.49916699528694153 1.4765429496765137 0.0 0.0 0.0 1.0
0.30140799283981323 0.4646199941635132 -0.8326349854469299 5.8306779861450195 0.9531949758529663 -0.16874800622463226 0.250887006521225 3.179378032684326 -0.023938000202178955 -0.8692830204963684 -0.49373599886894226 1.4757479429244995 0.0 0.0 0.0 1.0
0.29141199588775635 0.46442198753356934 -0.836296021938324 5.841275215148926 0.9561589956283569 -0.16788500547409058 0.23994800448417664 3.188066005706787 -0.028963999822735786 -0.8695549964904785 -0.4929850101470947 1.482591986656189 0.0 0.0 0.0 1.0
0.2792460024356842 0.46195900440216064 -0.8417930006980896 5.846464157104492 0.9596480131149292 -0.16451199352741241 0.2280610054731369 3.197153091430664 -0.03313000127673149 -0.8715100288391113 -0.48925700783729553 1.4846049547195435 0.0 0.0 0.0 1.0
0.27115800976753235 0.4604470133781433 -0.8452590107917786 5.843573093414307 0.961808979511261 -0.16371400654315948 0.21936500072479248 3.1943600177764893 -0.03737400099635124 -0.8724600076675415 -0.48725399374961853 1.4904539585113525 0.0 0.0 0.0 1.0
0.260001003742218 0.45966199040412903 -0.8491820096969604 5.850135803222656 0.9646750092506409 -0.16229799389839172 0.20751099288463593 3.2010269165039062 -0.04243500158190727 -0.8731380105018616 -0.48562300205230713 1.495108962059021 0.0 0.0 0.0 1.0
0.2492389976978302 0.4559830129146576 -0.8543760180473328 5.853157043457031 0.9674230217933655 -0.15768800675868988 0.19805799424648285 3.199328899383545 -0.04441399872303009 -0.8759070038795471 -0.4804309904575348 1.4966679811477661 0.0 0.0 0.0 1.0
0.23788200318813324 0.4505079984664917 -0.860496997833252 5.855579853057861 0.9701250195503235 -0.15365499258041382 0.18774299323558807 3.2021069526672363 -0.04763999953866005 -0.8794500231742859 -0.47360101342201233 1.500100016593933 0.0 0.0 0.0 1.0
0.22902099788188934 0.4442340135574341 -0.8661440014839172 5.859793186187744 0.9721850156784058 -0.1492130011320114 0.18053099513053894 3.1975491046905518 -0.049042001366615295 -0.8833979964256287 -0.46604999899864197 1.5031139850616455 0.0 0.0 0.0 1.0
0.21833199262619019 0.43970200419425964 -0.8712019920349121 5.8576459884643555 0.9745839834213257 -0.1441510021686554 0.1714860051870346 3.201539993286133 -0.050181999802589417 -0.8865000009536743 -0.4599989950656891 1.50935697555542 0.0 0.0 0.0 1.0
0.2140209972858429 0.42886701226234436 -0.8776490092277527 5.859885215759277 0.9755409955978394 -0.13996000587940216 0.16950100660324097 3.1935110092163086 -0.05014299973845482 -0.8924599885940552 -0.4483320116996765 1.5059740543365479 0.0 0.0 0.0 1.0
0.2067430019378662 0.4192639887332916 -0.8840109705924988 5.8645710945129395 0.976997971534729 -0.13673199713230133 0.1636420041322708 3.2015669345855713 -0.05226299911737442 -0.897508978843689 -0.4378890097141266 1.503396987915039 0.0 0.0 0.0 1.0
0.20028799772262573 0.4147779941558838 -0.8876060247421265 5.862555027008057 0.9780200123786926 -0.1382569968700409 0.15608200430870056 3.205519914627075 -0.057978998869657516 -0.8993579745292664 -0.433351993560791 1.508092999458313 0.0 0.0 0.0 1.0
0.19383299350738525 0.41179001331329346 -0.8904250264167786 5.863611221313477 0.9791010022163391 -0.138155996799469 0.1492449939250946 3.2170569896698 -0.061560001224279404 -0.9007449746131897 -0.42996400594711304 1.5106970071792603 0.0 0.0 0.0 1.0
0.19528299570083618 0.4089609980583191 -0.8914120197296143 5.856266975402832 0.9788920283317566 -0.13714399933815002 0.151528999209404 3.211587905883789 -0.06028199940919876 -0.9021880030632019 -0.4271099865436554 1.5162179470062256 0.0 0.0 0.0 1.0
0.19395500421524048 0.4023829996585846 -0.8946890234947205 5.858853816986084 0.9792389869689941 -0.13418500125408173 0.15193499624729156 3.216571092605591 -0.058917999267578125 -0.9055839776992798 -0.42005500197410583 1.5104130506515503 0.0 0.0 0.0 1.0
0.1946370005607605 0.4002769887447357 -0.8954859972000122 5.855074882507324 0.9791849851608276 -0.13286800682544708 0.153438001871109 3.2129080295562744 -0.05756400153040886 -0.9067109823226929 -0.4178059995174408 1.5128400325775146 0.0 0.0 0.0 1.0
0.19248700141906738 0.40060898661613464 -0.8958020210266113 5.847549915313721 0.9796320199966431 -0.1316390037536621 0.15163099765777588 3.2078440189361572 -0.05717800185084343 -0.9067440032958984 -0.41778799891471863 1.5206470489501953 0.0 0.0 0.0 1.0
0.184907004237175 0.39711299538612366 -0.8989490270614624 5.840907096862793 0.9811819791793823 -0.12634100019931793 0.14601099491119385 3.205595016479492 -0.05559200048446655 -0.9090319871902466 -0.41300201416015625 1.5209490060806274 0.0 0.0 0.0 1.0
0.1806270033121109 0.39181798696517944 -0.9021379947662354 5.837539196014404 0.9821140170097351 -0.12142600119113922 0.1439020037651062 3.189026117324829 -0.05316000059247017 -0.911994993686676 -0.40674299001693726 1.5231740474700928 0.0 0.0 0.0 1.0
0.1713320016860962 0.3872449994087219 -0.9059180021286011 5.829789161682129 0.9838629961013794 -0.1153779998421669 0.13675400614738464 3.1930599212646484 -0.051566001027822495 -0.9147289991378784 -0.40076398849487305 1.524960994720459 0.0 0.0 0.0 1.0
0.17137600481510162 0.38069701194763184 -0.9086800217628479 5.8225998878479 0.98403000831604 -0.1111849993467331 0.13900500535964966 3.175355911254883 -0.04811299964785576 -0.9179909825325012 -0.39367198944091797 1.5213769674301147 0.0 0.0 0.0 1.0
0.17206799983978271 0.3791849911212921 -0.9091809988021851 5.807690143585205 0.9841060042381287 -0.10730499774217606 0.1414950042963028 3.1574599742889404 -0.04390700161457062 -0.91907799243927 -0.39162299036979675 1.5327279567718506 0.0 0.0 0.0 1.0
0.17035800218582153 0.3729360103607178 -0.9120839834213257 5.798709869384766 0.9844040274620056 -0.10565300285816193 0.14066599309444427 3.1513640880584717 -0.043905001133680344 -0.9218220114707947 -0.3851180076599121 1.5280829668045044 0.0 0.0 0.0 1.0
0.16847200691699982 0.37053799629211426 -0.913411021232605 5.788000106811523 0.984794020652771 -0.10312099754810333 0.13980600237846375 3.1425058841705322 -0.042389001697301865 -0.9230750203132629 -0.3822770118713379 1.527148962020874 0.0 0.0 0.0 1.0
0.1721239984035492 0.368912011384964 -0.9133880138397217 5.77432107925415 0.984345018863678 -0.1001179963350296 0.1450590044260025 3.1204769611358643 -0.037932999432086945 -0.9240570068359375 -0.38036900758743286 1.5344890356063843 0.0 0.0 0.0 1.0
0.1752920001745224 0.3637230098247528 -0.9148650169372559 5.762825012207031 0.9838600158691406 -0.0986350029706955 0.14929699897766113 3.107646942138672 -0.03593499958515167 -0.9262700080871582 -0.37514299154281616 1.535552978515625 0.0 0.0 0.0 1.0
0.18141299486160278 0.35728201270103455 -0.9162089824676514 5.752607822418213 0.982824981212616 -0.0979200005531311 0.15641899406909943 3.08699107170105 -0.03382999822497368 -0.9288489818572998 -0.368910014629364 1.531633973121643 0.0 0.0 0.0 1.0
0.18655100464820862 0.3550350069999695 -0.9160509705543518 5.739688873291016 0.9819719791412354 -0.0963049978017807 0.16265100240707397 3.072877883911133 -0.030473999679088593 -0.9298790097236633 -0.36660000681877136 1.5378559827804565 0.0 0.0 0.0 1.0
0.19564999639987946 0.3514530062675476 -0.9155340194702148 5.716022968292236 0.9803040027618408 -0.09573899954557419 0.17273899912834167 3.0547869205474854 -0.026941999793052673 -0.9312970042228699 -0.36326199769973755 1.543218970298767 0.0 0.0 0.0 1.0
0.20434600114822388 0.3435809910297394 -0.9166210293769836 5.703185081481934 0.9785590171813965 -0.09635300189256668 0.18203799426555634 3.0397279262542725 -0.0257750004529953 -0.9341670274734497 -0.3559040129184723 1.5522899627685547 0.0 0.0 0.0 1.0
0.21120600402355194 0.3273729979991913 -0.9209880232810974 5.6924920082092285 0.9771980047225952 -0.09173599630594254 0.19148799777030945 3.0190560817718506 -0.021800000220537186 -0.9404320120811462 -0.3392840027809143 1.5377329587936401 0.0 0.0 0.0 1.0
0.21630999445915222 0.3207930028438568 -0.9221180081367493 5.677083969116211 0.9760940074920654 -0.09160800278186798 0.19710199534893036 2.996490001678467 -0.021244000643491745 -0.9427090287208557 -0.332940012216568 1.5260980129241943 0.0 0.0 0.0 1.0
0.21733100712299347 0.32125499844551086 -0.9217169880867004 5.668834209442139 0.9757099747657776 -0.09813100099563599 0.19585999846458435 2.981595993041992 -0.027527999132871628 -0.9418950080871582 -0.3347780108451843 1.5186289548873901 0.0 0.0 0.0 1.0
0.21650700271129608 0.3269999921321869 -0.919888973236084 5.653072834014893 0.9757159948348999 -0.10453300178050995 0.19248700141906738 2.968740940093994 -0.033215999603271484 -0.9392250180244446 -0.3416909873485565 1.521520972251892 0.0 0.0 0.0 1.0
0.21742500364780426 0.33546799421310425 -0.9166179895401001 5.6324591636657715 0.9753829836845398 -0.11008799821138382 0.19107399880886078 2.946362018585205 -0.036809999495744705 -0.9355970025062561 -0.3511449992656708 1.5333770513534546 0.0 0.0 0.0 1.0
0.21468700468540192 0.33595800399780273 -0.9170830249786377 5.620601177215576 0.9757609963417053 -0.11456099897623062 0.18645599484443665 2.9368300437927246 -0.042419999837875366 -0.9348840117454529 -0.3524090051651001 1.5373940467834473 0.0 0.0 0.0 1.0
0.21357400715351105 0.33221501111984253 -0.9187049865722656 5.61414098739624 0.9758129715919495 -0.11744099855422974 0.18438200652599335 2.925842046737671 -0.046640001237392426 -0.9358639717102051 -0.349261999130249 1.5155400037765503 0.0 0.0 0.0 1.0
0.2154259979724884 0.3447819948196411 -0.9136289954185486 5.593867778778076 0.9752079844474792 -0.12444200366735458 0.18298499286174774 2.904900074005127 -0.05060400068759918 -0.9303979873657227 -0.3630419969558716 1.5175529718399048 0.0 0.0 0.0 1.0
0.21062900125980377 0.35450100898742676 -0.9110239744186401 5.5794219970703125 0.9759399890899658 -0.12998700141906738 0.17505699396133423 2.892514944076538 -0.056363001465797424 -0.9259759783744812 -0.37335100769996643 1.5298629999160767 0.0 0.0 0.0 1.0
0.20254899561405182 0.35250699520111084 -0.9136260151863098 5.565863132476807 0.9772059917449951 -0.13332599401474 0.16520200669765472 2.8894050121307373 -0.06357499957084656 -0.9262629747390747 -0.37147700786590576 1.5340460538864136 0.0 0.0 0.0 1.0
0.19976399838924408 0.3489829897880554 -0.9155899882316589 5.554565906524658 0.9777380228042603 -0.13222800195217133 0.16292400658130646 2.873142957687378 -0.0642089992761612 -0.9277539849281311 -0.3676280081272125 1.527398943901062 0.0 0.0 0.0 1.0
0.1983730047941208 0.34922000765800476 -0.915802001953125 5.5513529777526855 0.9782419800758362 -0.12846000492572784 0.1629129946231842 2.8560619354248047 -0.06075099855661392 -0.928193986415863 -0.36710500717163086 1.516953945159912 0.0 0.0 0.0 1.0
0.19337399303913116 0.3503980040550232 -0.9164209961891174 5.544750213623047 0.9795510172843933 -0.12183599919080734 0.1601099967956543 2.84621000289917 -0.05555099993944168 -0.928642988204956 -0.3667919933795929 1.4999619722366333 0.0 0.0 0.0 1.0
0.19381499290466309 0.3583639860153198 -0.913241982460022 5.530045032501221 0.9796450138092041 -0.12028300017118454 0.1607069969177246 2.8325650691986084 -0.05225599929690361 -0.9258009791374207 -0.37438198924064636 1.5013840198516846 0.0 0.0 0.0 1.0
0.19144399464130402 0.3675970137119293 -0.9100670218467712 5.5167388916015625 0.9802560210227966 -0.11833100020885468 0.15841299295425415 2.8291289806365967 -0.04945699870586395 -0.9224259853363037 -0.38299301266670227 1.498481035232544 0.0 0.0 0.0 1.0
0.18841800093650818 0.3720639944076538 -0.9088820219039917 5.507813930511475 0.9811369776725769 -0.11204099655151367 0.1575309932231903 2.814079999923706 -0.04322100058197975 -0.9214199781417847 -0.38615599274635315 1.479308009147644 0.0 0.0 0.0 1.0
0.18464699387550354 0.37928399443626404 -0.906669020652771 5.494394779205322 0.9820280075073242 -0.10787799954414368 0.15486599504947662 2.8028159141540527 -0.03907100111246109 -0.918969988822937 -0.3923870027065277 1.4756850004196167 0.0 0.0 0.0 1.0
0.1834080070257187 0.38574498891830444 -0.9041919708251953 5.471749782562256 0.9825009703636169 -0.10228300094604492 0.15565599501132965 2.7919459342956543 -0.03243999928236008 -0.9169179797172546 -0.3977540135383606 1.479349970817566 0.0 0.0 0.0 1.0
0.18363599479198456 0.3898240029811859 -0.9023939967155457 5.450831890106201 0.9825469851493835 -0.10047099739313126 0.1565449982881546 2.7856080532073975 -0.02964000031352043 -0.9153919816017151 -0.40147098898887634 1.4816479682922363 0.0 0.0 0.0 1.0
0.18268199265003204 0.39000099897384644 -0.9025110006332397 5.434624195098877 0.982695996761322 -0.10098200291395187 0.15527500212192535 2.780756950378418 -0.030579999089241028 -0.9152609705924988 -0.4016999900341034 1.4785399436950684 0.0 0.0 0.0 1.0
0.18189799785614014 0.3881649971008301 -0.9034600257873535 5.417291164398193 0.9827039837837219 -0.10419999808073044 0.15308399498462677 2.7758500576019287 -0.03471900150179863 -0.9156799912452698 -0.40040600299835205 1.4753299951553345 0.0 0.0 0.0 1.0
0.1794320046901703 0.3889249861240387 -0.9036269783973694 5.3978118896484375 0.9829180240631104 -0.10909099876880646 0.14822399616241455 2.77164888381958 -0.04092999920248985 -0.914788007736206 -0.401856005191803 1.4882299900054932 0.0 0.0 0.0 1.0
0.17684899270534515 0.38355201482772827 -0.9064279794692993 5.38096284866333 0.9828420281410217 -0.11784499883651733 0.14189200103282928 2.760219097137451 -0.05239500105381012 -0.9159700274467468 -0.39781200885772705 1.4782949686050415 0.0 0.0 0.0 1.0
0.16584999859333038 0.39115801453590393 -0.9052559733390808 5.366252899169922 0.9838129878044128 -0.1288049966096878 0.12458600103855133 2.7587099075317383 -0.06786900013685226 -0.9112650156021118 -0.4061889946460724 1.4803860187530518 0.0 0.0 0.0 1.0
0.15137700736522675 0.3965980112552643 -0.9054250121116638 5.34888219833374 0.9858229756355286 -0.12763400375843048 0.10891199856996536 2.756294012069702 -0.07236900180578232 -0.9090759754180908 -0.4102970063686371 1.4698079824447632 0.0 0.0 0.0 1.0
0.1446000039577484 0.4043000042438507 -0.9031239748001099 5.333714008331299 0.9868879914283752 -0.12507499754428864 0.10201899707317352 2.7502529621124268 -0.07171200215816498 -0.906033992767334 -0.4170849919319153 1.473613977432251 0.0 0.0 0.0 1.0
0.14476099610328674 0.4099549949169159 -0.9005450010299683 5.31915807723999 0.9871749877929688 -0.12174899876117706 0.10326199978590012 2.7506918907165527 -0.0673070028424263 -0.9039440155029297 -0.42232200503349304 1.4651670455932617 0.0 0.0 0.0 1.0
0.1502310037612915 0.42283299565315247 -0.893667995929718 5.296199798583984 0.9867550134658813 -0.12007500231266022 0.10906700044870377 2.757038116455078 -0.06119000166654587 -0.8982170224189758 -0.4352720081806183 1.4711929559707642 0.0 0.0 0.0 1.0
0.1582760065793991 0.4263690114021301 -0.8905940055847168 5.276112079620361 0.9858430027961731 -0.11878599971532822 0.11833500117063522 2.757369041442871 -0.05533500015735626 -0.8967159986495972 -0.43913400173187256 1.475142002105713 0.0 0.0 0.0 1.0
0.16611100733280182 0.4254319965839386 -0.889614999294281 5.264420986175537 0.9847440123558044 -0.11898099631071091 0.12697499990463257 2.7547290325164795 -0.05182800069451332 -0.8971350193023682 -0.43870601058006287 1.4757659435272217 0.0 0.0 0.0 1.0
0.169172003865242 0.4254100024700165 -0.8890479803085327 5.253498077392578 0.9843090176582336 -0.11884099990129471 0.13043299317359924 2.7607879638671875 -0.0501680001616478 -0.897163987159729 -0.43884000182151794 1.467499017715454 0.0 0.0 0.0 1.0
0.17792199552059174 0.4305880069732666 -0.8848379850387573 5.23515510559082 0.9829360246658325 -0.12043999880552292 0.13903799653053284 2.755552053451538 -0.04670200124382973 -0.8944759964942932 -0.4446699917316437 1.4700809717178345 0.0 0.0 0.0 1.0
0.18483899533748627 0.43080800771713257 -0.8833119869232178 5.220643997192383 0.9818480014801025 -0.1198590025305748 0.1469999998807907 2.756659984588623 -0.04254399985074997 -0.89444899559021 -0.44514200091362 1.4624769687652588 0.0 0.0 0.0 1.0
0.19362099468708038 0.434596985578537 -0.8795660138130188 5.203691005706787 0.980309009552002 -0.12115400284528732 0.15593500435352325 2.75175404548645 -0.03879399970173836 -0.8924390077590942 -0.4494979977607727 1.4591070413589478 0.0 0.0 0.0 1.0
0.19507600367069244 0.4397119879722595 -0.8766980171203613 5.190371990203857 0.9800249934196472 -0.12264300137758255 0.15655499696731567 2.762073040008545 -0.03868100047111511 -0.8897259831428528 -0.45485299825668335 1.4575990438461304 0.0 0.0 0.0 1.0
0.19991399347782135 0.4432159960269928 -0.8738390207290649 5.170743942260742 0.979170024394989 -0.12268400192260742 0.1617860049009323 2.763780117034912 -0.03550000116229057 -0.8879799842834473 -0.45851001143455505 1.4604929685592651 0.0 0.0 0.0 1.0
0.20028500258922577 0.44356000423431396 -0.8735790252685547 5.151368141174316 0.979200005531311 -0.12014699727296829 0.1634960025548935 2.7721729278564453 -0.0324379988014698 -0.8881549835205078 -0.4583970010280609 1.4584720134735107 0.0 0.0 0.0 1.0
0.2023019939661026 0.44403499364852905 -0.8728730082511902 5.137256145477295 0.9788920283317566 -0.11813899874687195 0.16677500307559967 2.7760910987854004 -0.02906700037419796 -0.8881869912147522 -0.4585619866847992 1.4542880058288574 0.0 0.0 0.0 1.0
0.20342899858951569 0.4458630084991455 -0.8716779947280884 5.117512226104736 0.978721022605896 -0.11703699827194214 0.16854600608348846 2.7851688861846924 -0.026870999485254288 -0.8874170184135437 -0.4601840078830719 1.45182204246521 0.0 0.0 0.0 1.0
0.20566099882125854 0.4458720088005066 -0.871150016784668 5.097229957580566 0.9782819747924805 -0.1171879991889 0.170973002910614 2.791192054748535 -0.025855999439954758 -0.887391984462738 -0.46028900146484375 1.450292944908142 0.0 0.0 0.0 1.0
0.21078500151634216 0.44632700085639954 -0.8696900010108948 5.076152801513672 0.9772800207138062 -0.11642800271511078 0.1771100014448166 2.795996904373169 -0.022206999361515045 -0.8872630000114441 -0.4607279896736145 1.4506410360336304 0.0 0.0 0.0 1.0
0.21341300010681152 0.44994598627090454 -0.8671810030937195 5.051979064941406 0.9767760038375854 -0.11558199673891068 0.18041400611400604 2.82096791267395 -0.019054999575018883 -0.885545015335083 -0.46416300535202026 1.4599299430847168 0.0 0.0 0.0 1.0
0.22747400403022766 0.445360004901886 -0.8659729957580566 5.028779983520508 0.9735829830169678 -0.12206099927425385 0.1929669976234436 2.8208329677581787 -0.01976200006902218 -0.8869929909706116 -0.46136099100112915 1.462175965309143 0.0 0.0 0.0 1.0
0.23597900569438934 0.4428969919681549 -0.8649600148200989 5.002181053161621 0.971464991569519 -0.12937100231647491 0.1987919956445694 2.830979108810425 -0.02385699935257435 -0.8871899843215942 -0.4607880115509033 1.4641330242156982 0.0 0.0 0.0 1.0
0.23781099915504456 0.4416640102863312 -0.8650889992713928 4.978766918182373 0.9708989858627319 -0.13405700027942657 0.19845600426197052 2.841912031173706 -0.028320999816060066 -0.8871089816093445 -0.46069100499153137 1.4619890451431274 0.0 0.0 0.0 1.0
0.23524899780750275 0.4417389929294586 -0.8657510280609131 4.958605766296387 0.9714879989624023 -0.13387499749660492 0.19567300379276276 2.8511219024658203 -0.029465999454259872 -0.887099027633667 -0.46063798666000366 1.4625790119171143 0.0 0.0 0.0 1.0
0.23267300426959991 0.44499799609184265 -0.8647779822349548 4.93965482711792 0.9721819758415222 -0.1310259997844696 0.1941480040550232 2.8675649166107178 -0.026913000270724297 -0.8858950138092041 -0.4631049931049347 1.4629859924316406 0.0 0.0 0.0 1.0
0.23754900693893433 0.45050498843193054 -0.8605899810791016 4.918497085571289 0.9711440205574036 -0.12950700521469116 0.20026999711990356 2.8825700283050537 -0.021229999139904976 -0.8833310008049011 -0.4682689905166626 1.4671770334243774 0.0 0.0 0.0 1.0
0.24856700003147125 0.4553549885749817 -0.8549069762229919 4.891972064971924 0.9685059785842896 -0.1300320029258728 0.21233700215816498 2.8948190212249756 -0.014476999640464783 -0.8807629942893982 -0.47333601117134094 1.4768949747085571 0.0 0.0 0.0 1.0
0.26082998514175415 0.4515030086040497 -0.8532950282096863 4.875524997711182 0.9652829766273499 -0.1348239928483963 0.22372299432754517 2.9044249057769775 -0.014034000225365162 -0.8820250034332275 -0.4709939956665039 1.4733389616012573 0.0 0.0 0.0 1.0
0.26950499415397644 0.4476679861545563 -0.852620005607605 4.8677978515625 0.9628679752349854 -0.13985499739646912 0.23092199862003326 2.9060299396514893 -0.015866000205278397 -0.8831949830055237 -0.46873700618743896 1.4619059562683105 0.0 0.0 0.0 1.0
0.27258801460266113 0.4569379985332489 -0.8467010259628296 4.842350959777832 0.9620090126991272 -0.14344100654125214 0.23229999840259552 2.9157979488372803 -0.015305000357329845 -0.8778570294380188 -0.47867900133132935 1.468222975730896 0.0 0.0 0.0 1.0
0.27142301201820374 0.4623579978942871 -0.8441299796104431 4.825799942016602 0.9623690247535706 -0.14245399832725525 0.2314150035381317 2.9216160774230957 -0.013252999633550644 -0.8751760125160217 -0.48362401127815247 1.4723340272903442 0.0 0.0 0.0 1.0
0.2704229950904846 0.46375998854637146 -0.8436809778213501 4.810070991516113 0.9626690149307251 -0.14104099571704865 0.23103299736976624 2.934861898422241 -0.011850000359117985 -0.8746619820594788 -0.48458799719810486 1.4736659526824951 0.0 0.0 0.0 1.0
0.27218499779701233 0.4644320011138916 -0.842743992805481 4.795334815979004 0.9621859788894653 -0.1410530060529709 0.23302799463272095 2.94651198387146 -0.010645999573171139 -0.8743039965629578 -0.48526298999786377 1.4742319583892822 0.0 0.0 0.0 1.0
0.2734749913215637 0.4653699994087219 -0.8418089747428894 4.780767917633057 0.9618319869041443 -0.14095699787139893 0.23454199731349945 2.9548580646514893 -0.009510000236332417 -0.8738200068473816 -0.48615598678588867 1.47598397731781 0.0 0.0 0.0 1.0
0.2744410037994385 0.4668940007686615 -0.8406490087509155 4.764324188232422 0.9615669846534729 -0.1409440040588379 0.23563599586486816 2.96573805809021 -0.00846800021827221 -0.8730090260505676 -0.4876309931278229 1.4780189990997314 0.0 0.0 0.0 1.0
0.27403101325035095 0.46571099758148193 -0.8414400219917297 4.755393028259277 0.9616749882698059 -0.14123499393463135 0.2350189983844757 2.978127956390381 -0.009390000253915787 -0.8735939860343933 -0.4865649938583374 1.4756369590759277 0.0 0.0 0.0 1.0
0.2716690003871918 0.4667370021343231 -0.8416370153427124 4.743393898010254 0.9623389840126038 -0.1407810002565384 0.2325589954853058 2.987488031387329 -0.009943000040948391 -0.8731200098991394 -0.487405002117157 1.475877046585083 0.0 0.0 0.0 1.0
0.2671560049057007 0.46885600686073303 -0.8419039845466614 4.730086803436279 0.9636080265045166 -0.1384119987487793 0.22869400680065155 3.0005180835723877 -0.009305000305175781 -0.8723629713058472 -0.488770991563797 1.4810320138931274 0.0 0.0 0.0 1.0
0.26360100507736206 0.4693300127983093 -0.8427600264549255 4.714776039123535 0.964601993560791 -0.13515999913215637 0.22643999755382538 3.0112531185150146 -0.007633000146597624 -0.8726180195808411 -0.4883449971675873 1.487030029296875 0.0 0.0 0.0 1.0
0.2602689862251282 0.47155600786209106 -0.8425520062446594 4.699880123138428 0.965516984462738 -0.13264499604701996 0.2240149974822998 3.022178888320923 -0.006124999839812517 -0.8718029856681824 -0.4898189902305603 1.4965989589691162 0.0 0.0 0.0 1.0
0.2588469982147217 0.4705199897289276 -0.8435689806938171 4.68717098236084 0.9659140110015869 -0.12875300645828247 0.2245739996433258 3.0280849933624268 -0.0029460000805556774 -0.87294602394104 -0.4878090023994446 1.503646969795227 0.0 0.0 0.0 1.0
0.25570300221443176 0.4660879969596863 -0.8469820022583008 4.679440021514893 0.9667540192604065 -0.12491299957036972 0.2231229990720749 3.0463221073150635 -0.001803999999538064 -0.8758760094642639 -0.4825330078601837 1.5029300451278687 0.0 0.0 0.0 1.0
0.25544801354408264 0.4651159942150116 -0.8475919961929321 4.671020984649658 0.966821014881134 -0.12453600019216537 0.22304199635982513 3.064807891845703 -0.0018149999668821692 -0.876446008682251 -0.48149698972702026 1.5031019449234009 0.0 0.0 0.0 1.0
0.2544980049133301 0.46770399808883667 -0.8464540243148804 4.660050868988037 0.9670730233192444 -0.1230819970369339 0.22275499999523163 3.091752052307129 0.0 -0.8752740025520325 -0.4836280047893524 1.5047940015792847 0.0 0.0 0.0 1.0
0.2597639858722687 0.4700140058994293 -0.8435689806938171 4.647984981536865 0.9656689763069153 -0.12427199631929398 0.22812199592590332 3.103126049041748 0.002389000030234456 -0.8738669753074646 -0.486160010099411 1.505081057548523 0.0 0.0 0.0 1.0
0.26315298676490784 0.4725860059261322 -0.8410789966583252 4.635735988616943 0.9647499918937683 -0.12630900740623474 0.23087599873542786 3.11651611328125 0.0028719999827444553 -0.872186005115509 -0.4891659915447235 1.5042450428009033 0.0 0.0 0.0 1.0
0.26342499256134033 0.4753290116786957 -0.8394460082054138 4.623398780822754 0.9646790027618408 -0.1292009949684143 0.22956599295139313 3.1282529830932617 0.0006619999767281115 -0.8702700138092041 -0.4925749897956848 1.507714033126831 0.0 0.0 0.0 1.0
0.26070401072502136 0.47488099336624146 -0.8405479788780212 4.610212802886963 0.9654150009155273 -0.1307709962129593 0.22555099427700043 3.136660099029541 -0.0028089999686926603 -0.8702800273895264 -0.49254998564720154 1.510606050491333 0.0 0.0 0.0 1.0
0.25436100363731384 0.47293901443481445 -0.8435810208320618 4.605130195617676 0.967087984085083 -0.13019800186157227 0.21860800683498383 3.140536069869995 -0.006444000173360109 -0.8714219927787781 -0.49049100279808044 1.5074360370635986 0.0 0.0 0.0 1.0
0.24829299747943878 0.4739130139350891 -0.8448410034179688 4.5906829833984375 0.9686300158500671 -0.13072100281715393 0.21134500205516815 3.159027099609375 -0.01027899980545044 -0.8708149790763855 -0.4915040135383606 1.5018049478530884 0.0 0.0 0.0 1.0
0.2484399974346161 0.4769589900970459 -0.8430820107460022 4.580297946929932 0.9686040282249451 -0.13051900267601013 0.2115900069475174 3.154757022857666 -0.009119000285863876 -0.8691809773445129 -0.49441099166870117 1.5018119812011719 0.0 0.0 0.0 1.0
0.2448430061340332 0.4768790006637573 -0.8441789746284485 4.5739521980285645 0.9695219993591309 -0.1283389925956726 0.20869900286197662 3.1614489555358887 -0.008817000314593315 -0.8695489764213562 -0.49376800656318665 1.5009880065917969 0.0 0.0 0.0 1.0
0.243025004863739 0.4770439863204956 -0.8446109890937805 4.563761234283447 0.9699559807777405 -0.12952199578285217 0.205935999751091 3.1688148975372314 -0.01115499995648861 -0.8692830204963684 -0.49418899416923523 1.5026179552078247 0.0 0.0 0.0 1.0
0.24202899634838104 0.47697898745536804 -0.8449339866638184 4.558617115020752 0.9701880216598511 -0.1302410066127777 0.2043839991092682 3.17234206199646 -0.01255900040268898 -0.8692110180854797 -0.4942820072174072 1.5029710531234741 0.0 0.0 0.0 1.0
0.24023699760437012 0.4781090021133423 -0.8448060154914856 4.549884796142578 0.9706519842147827 -0.1281830072402954 0.20347900688648224 3.1807360649108887 -0.011005000211298466 -0.8688960075378418 -0.49487200379371643 1.504807949066162 0.0 0.0 0.0 1.0
0.2428549975156784 0.47748199105262756 -0.8444129824638367 4.53455114364624 0.9700340032577515 -0.12613800168037415 0.20765799283981323 3.1857049465179443 -0.007360000163316727 -0.8695409893989563 -0.49380698800086975 1.5139219760894775 0.0 0.0 0.0 1.0
0.2468550056219101 0.46795299649238586 -0.8485770225524902 4.531900882720947 0.9690330028533936 -0.12480500340461731 0.21307100355625153 3.1889729499816895 -0.006198999937623739 -0.8748970031738281 -0.48427000641822815 1.5095160007476807 0.0 0.0 0.0 1.0
0.2482070028781891 0.4629560112953186 -0.8509200215339661 4.524291038513184 0.9686899781227112 -0.12383799999952316 0.21518300473690033 3.193505048751831 -0.005756999831646681 -0.8776879906654358 -0.47919800877571106 1.5097270011901855 0.0 0.0 0.0 1.0
0.24802100658416748 0.4569849967956543 -0.8541949987411499 4.514494895935059 0.968733012676239 -0.12289699912071228 0.21552899479866028 3.199660062789917 -0.006484000012278557 -0.8809430003166199 -0.4731779992580414 1.511625051498413 0.0 0.0 0.0 1.0
0.2508789896965027 0.45262598991394043 -0.8556810021400452 4.506001949310303 0.9679909944534302 -0.12391199916601181 0.21826200187206268 3.2046189308166504 -0.00723800016567111 -0.8830490112304688 -0.4692249894142151 1.5166159868240356 0.0 0.0 0.0 1.0
0.25539499521255493 0.4472140073776245 -0.8571889996528625 4.497146129608154 0.9667969942092896 -0.12620900571346283 0.2222059965133667 3.2018790245056152 -0.008810999803245068 -0.8854780197143555 -0.46459800004959106 1.5193359851837158 0.0 0.0 0.0 1.0
0.2574850022792816 0.44207701086997986 -0.8592259883880615 4.48452091217041 0.9662119746208191 -0.12849000096321106 0.22343699634075165 3.211177110671997 -0.011625999584794044 -0.8877270221710205 -0.460224986076355 1.5187489986419678 0.0 0.0 0.0 1.0
0.2640939950942993 0.4366750121116638 -0.8599820137023926 4.471206188201904 0.9644269943237305 -0.13025400042533875 0.23002900183200836 3.2070670127868652 -0.011567999608814716 -0.8901399970054626 -0.4555400013923645 1.518852949142456 0.0 0.0 0.0 1.0
0.26566699147224426 0.4314430058002472 -0.8621360063552856 4.463243007659912 0.9639989733695984 -0.12932899594306946 0.23233599960803986 3.210891008377075 -0.011260000057518482 -0.8928220272064209 -0.45026901364326477 1.518975019454956 0.0 0.0 0.0 1.0
0.26811298727989197 0.42915698885917664 -0.8625190258026123 4.44960880279541 0.9633399844169617 -0.12834300100803375 0.2355940043926239 3.2159910202026367 -0.009592000395059586 -0.8940650224685669 -0.4478349983692169 1.5206429958343506 0.0 0.0 0.0 1.0
0.2714119851589203 0.42529699206352234 -0.8633990287780762 4.435638904571533 0.9624450206756592 -0.12544000148773193 0.2407580018043518 3.2244460582733154 -0.005911000072956085 -0.8963189721107483 -0.4433709979057312 1.519083023071289 0.0 0.0 0.0 1.0
0.279339998960495 0.4224730134010315 -0.8622559905052185 4.4195427894592285 0.9601920247077942 -0.1227630004286766 0.25091901421546936 3.2285289764404297 0.0001539999939268455 -0.8980240225791931 -0.4399479925632477 1.5190320014953613 0.0 0.0 0.0 1.0
0.28852999210357666 0.4212230145931244 -0.8598380088806152 4.409360885620117 0.9574620127677917 -0.1230119988322258 0.2610270082950592 3.240665912628174 0.00418000016361475 -0.898576021194458 -0.4387980103492737 1.5156819820404053 0.0 0.0 0.0 1.0
0.30320701003074646 0.422789990901947 -0.8539990186691284 4.3891520500183105 0.952862024307251 -0.12421000003814697 0.2768149971961975 3.241892099380493 0.010959000326693058 -0.8976749777793884 -0.4405210018157959 1.5181829929351807 0.0 0.0 0.0 1.0
0.3245069980621338 0.41627201437950134 -0.8493599891662598 4.365668773651123 0.945747971534729 -0.1276009976863861 0.29879501461982727 3.236751079559326 0.01600099913775921 -0.9002419710159302 -0.43509599566459656 1.5170869827270508 0.0 0.0 0.0 1.0
0.3397060036659241 0.4019489884376526 -0.8503159880638123 4.35541296005249 0.9403730034828186 -0.1285499930381775 0.31491801142692566 3.2302310466766357 0.01727299951016903 -0.9065930247306824 -0.4216519892215729 1.5115269422531128 0.0 0.0 0.0 1.0
0.34959501028060913 0.3951759934425354 -0.849481999874115 4.340163230895996 0.9367150068283081 -0.129379004240036 0.3253079950809479 3.23286509513855 0.01864900067448616 -0.9094489812850952 -0.4153980016708374 1.5146729946136475 0.0 0.0 0.0 1.0
0.35897400975227356 0.3891089856624603 -0.8483700156211853 4.322656154632568 0.933102011680603 -0.12878699600696564 0.3357580006122589 3.225806951522827 0.021386999636888504 -0.9121450185775757 -0.4093100130558014 1.5114799737930298 0.0 0.0 0.0 1.0
0.3631399869918823 0.38821300864219666 -0.8470060229301453 4.303463935852051 0.9314159750938416 -0.12749800086021423 0.3408930003643036 3.227323055267334 0.024348000064492226 -0.9127079844474792 -0.4078870117664337 1.51521897315979 0.0 0.0 0.0 1.0
0.3699130117893219 0.38944700360298157 -0.8435019850730896 4.283596992492676 0.9286080002784729 -0.12647999823093414 0.34883901476860046 3.2255189418792725 0.02916800044476986 -0.912322998046875 -0.4084309935569763 1.5255420207977295 0.0 0.0 0.0 1.0
0.37806999683380127 0.38384100794792175 -0.8424540162086487 4.269697189331055 0.9252960085868835 -0.12735599279403687 0.35722100734710693 3.2256479263305664 0.029823999851942062 -0.9145740270614624 -0.40331700444221497 1.5270789861679077 0.0 0.0 0.0 1.0
0.3853990137577057 0.3783920109272003 -0.8415979743003845 4.254334926605225 0.9222660064697266 -0.12843500077724457 0.3645940124988556 3.2288079261779785 0.029868999496102333 -0.9166920185089111 -0.3984769880771637 1.5289920568466187 0.0 0.0 0.0 1.0
0.3920379877090454 0.3739030063152313 -0.8405370116233826 4.245226860046387 0.9194830060005188 -0.13016599416732788 0.3709560036659241 3.228424072265625 0.029292000457644463 -0.918287992477417 -0.3948279917240143 1.525151014328003 0.0 0.0 0.0 1.0
0.39678698778152466 0.37517601251602173 -0.8377370238304138 4.22870397567749 0.9174090027809143 -0.1319269984960556 0.3754410147666931 3.2334179878234863 0.03033600002527237 -0.9175170063972473 -0.39653700590133667 1.5267510414123535 0.0 0.0 0.0 1.0
0.40347498655319214 0.37631499767303467 -0.8340229988098145 4.2007012367248535 0.914480984210968 -0.1354220062494278 0.38129499554634094 3.2498300075531006 0.030541999265551567 -0.9165409803390503 -0.3987720012664795 1.5300320386886597 0.0 0.0 0.0 1.0
0.41336798667907715 0.3746050000190735 -0.8299379944801331 4.181879043579102 0.9100059866905212 -0.13806100189685822 0.39093199372291565 3.248382091522217 0.031863000243902206 -0.9168480038642883 -0.3979629874229431 1.5315799713134766 0.0 0.0 0.0 1.0
0.42125800251960754 0.3736239969730377 -0.8264060020446777 4.171600818634033 0.9063649773597717 -0.14097900688648224 0.39827999472618103 3.2545320987701416 0.032301999628543854 -0.9168040156364441 -0.3980279862880707 1.532039999961853 0.0 0.0 0.0 1.0
0.43105000257492065 0.3722819983959198 -0.8219500184059143 4.154282093048096 0.9017860293388367 -0.14618800580501556 0.4067060053348541 3.2576398849487305 0.03125 -0.9165350198745728 -0.398732990026474 1.5323940515518188 0.0 0.0 0.0 1.0
0.4356670081615448 0.37133800983428955 -0.819940984249115 4.140201091766357 0.8996080160140991 -0.1492920070886612 0.41038599610328674 3.2627289295196533 0.029982000589370728 -0.9164170026779175 -0.39910000562667847 1.530184030532837 0.0 0.0 0.0 1.0
0.437252014875412 0.3711070120334625 -0.8192009925842285 4.129252910614014 0.898859977722168 -0.15062299370765686 0.4115369915962219 3.267746925354004 0.029332999140024185 -0.9162930250167847 -0.39943400025367737 1.525488018989563 0.0 0.0 0.0 1.0
0.4373350143432617 0.375014990568161 -0.8173750042915344 4.116015911102295 0.8987029790878296 -0.14916600286960602 0.41241100430488586 3.2714080810546875 0.032735999673604965 -0.9149389863014221 -0.40226298570632935 1.5275460481643677 0.0 0.0 0.0 1.0
0.4381900131702423 0.3752880096435547 -0.8167909979820251 4.098442077636719 0.8981530070304871 -0.14621099829673767 0.4146600067615509 3.274540901184082 0.03619299829006195 -0.9153040051460266 -0.40113499760627747 1.5260909795761108 0.0 0.0 0.0 1.0
0.4367150068283081 0.3742919862270355 -0.8180379867553711 4.086648941040039 0.8987810015678406 -0.1427440047264099 0.41450798511505127 3.282771110534668 0.03837699815630913 -0.9162589907646179 -0.39874398708343506 1.5247420072555542 0.0 0.0 0.0 1.0
0.4369319975376129 0.3716369867324829 -0.8191319704055786 4.06834602355957 0.8986579775810242 -0.1410990059375763 0.415336012840271 3.287885904312134 0.03877599909901619 -0.9175930023193359 -0.3956249952316284 1.520774006843567 0.0 0.0 0.0 1.0
0.43403398990631104 0.37242600321769714 -0.8203129768371582 4.045900821685791 0.9000790119171143 -0.14048199355602264 0.41245898604393005 3.3001019954681396 0.038371000438928604 -0.9173679947853088 -0.3961870074272156 1.5236990451812744 0.0 0.0 0.0 1.0
0.43132200837135315 0.37257400155067444 -0.8216750025749207 4.031764984130859 0.9013739824295044 -0.13904500007629395 0.4101110100746155 3.305790901184082 0.03854700177907944 -0.9175270199775696 -0.39580199122428894 1.5298759937286377 0.0 0.0 0.0 1.0
0.4315760135650635 0.3715530037879944 -0.8220040202140808 4.010529041290283 0.9012809991836548 -0.13934999704360962 0.4102109968662262 3.313530921936035 0.03786899894475937 -0.9178940057754517 -0.3950139880180359 1.5347399711608887 0.0 0.0 0.0 1.0
0.43244099617004395 0.36784398555755615 -0.8232160210609436 3.9946389198303223 0.9009469747543335 -0.13991700112819672 0.4107530117034912 3.331929922103882 0.03591100126504898 -0.9193009734153748 -0.3919140100479126 1.5375549793243408 0.0 0.0 0.0 1.0
0.4366379976272583 0.3636470139026642 -0.8228660225868225 3.9781060218811035 0.8989549875259399 -0.14074400067329407 0.4148139953613281 3.3478848934173584 0.03503299877047539 -0.9208430051803589 -0.388357013463974 1.54155695438385 0.0 0.0 0.0 1.0
0.44134199619293213 0.35581499338150024 -0.8237800002098083 3.9596669673919678 0.8968650102615356 -0.14505800604820251 0.41784200072288513 3.3631129264831543 0.02917799912393093 -0.923229992389679 -0.3831380009651184 1.541746973991394 0.0 0.0 0.0 1.0
0.44477200508117676 0.35183998942375183 -0.8236420154571533 3.9406349658966064 0.8952310085296631 -0.14673000574111938 0.42075100541114807 3.3731648921966553 0.027184000238776207 -0.9244890213012695 -0.38023999333381653 1.5478110313415527 0.0 0.0 0.0 1.0
0.44866299629211426 0.3478209972381592 -0.8232390284538269 3.917495012283325 0.8932979702949524 -0.14686499536037445 0.4247939884662628 3.3793230056762695 0.026846999302506447 -0.9259870052337646 -0.3766010105609894 1.5559649467468262 0.0 0.0 0.0 1.0
0.44853299856185913 0.34264498949050903 -0.8254770040512085 3.8961150646209717 0.893326997756958 -0.1429239958524704 0.42607399821281433 3.392728090286255 0.028010999783873558 -0.9285299777984619 -0.3702000081539154 1.5641380548477173 0.0 0.0 0.0 1.0
0.44453001022338867 0.3334450125694275 -0.8313890099525452 3.8837010860443115 0.8953750133514404 -0.13803699612617493 0.42337900400161743 3.4109818935394287 0.02641100063920021 -0.9326099753379822 -0.3599199950695038 1.5676980018615723 0.0 0.0 0.0 1.0
0.4397970139980316 0.30966299772262573 -0.8430219888687134 3.884471893310547 0.8980330228805542 -0.14038600027561188 0.4169279932975769 3.43292498588562 0.010758000425994396 -0.9404259920120239 -0.3398300111293793 1.542680025100708 0.0 0.0 0.0 1.0
0.4354270100593567 0.30704399943351746 -0.8462430238723755 3.866997003555298 0.9002019762992859 -0.14187799394130707 0.41171300411224365 3.448875904083252 0.00634999992325902 -0.9410600066184998 -0.3381800055503845 1.550544023513794 0.0 0.0 0.0 1.0
0.4333440065383911 0.3021549880504608 -0.849066972732544 3.8552489280700684 0.9012290239334106 -0.14493200182914734 0.40838900208473206 3.4621241092681885 0.00033999999868683517 -0.9421769976615906 -0.3351159989833832 1.554427981376648 0.0 0.0 0.0 1.0
0.43472999334335327 0.2999509871006012 -0.8491399884223938 3.840017080307007 0.9005540013313293 -0.1484609991312027 0.408609002828598 3.4738481044769287 -0.0035019998904317617 -0.9423320293426514 -0.3346630036830902 1.560304045677185 0.0 0.0 0.0 1.0
0.4408569931983948 0.2988010048866272 -0.8463820219039917 3.8236069679260254 0.8975690007209778 -0.15078000724315643 0.4142889976501465 3.4791669845581055 -0.003828000044450164 -0.9423289895057678 -0.33466699719429016 1.5694979429244995 0.0 0.0 0.0 1.0
0.44597500562667847 0.2897320091724396 -0.8468530178070068 3.8144779205322266 0.894985020160675 -0.1553020030260086 0.41819000244140625 3.491899013519287 -0.010355000384151936 -0.9444239735603333 -0.3285669982433319 1.5675239562988281 0.0 0.0 0.0 1.0
0.45166000723838806 0.28678399324417114 -0.8448420166969299 3.798449993133545 0.8921160101890564 -0.1573459953069687 0.4235219955444336 3.502574920654297 -0.011473000049591064 -0.9449849724769592 -0.326911985874176 1.5746259689331055 0.0 0.0 0.0 1.0
0.4571320116519928 0.2790380120277405 -0.8444929718971252 3.783189058303833 0.8892639875411987 -0.15989699959754944 0.42853400111198425 3.512706995010376 -0.015455000102519989 -0.9468740224838257 -0.32123199105262756 1.5778720378875732 0.0 0.0 0.0 1.0
0.4633379876613617 0.2709609866142273 -0.8437399864196777 3.7626349925994873 0.8859850168228149 -0.16169199347496033 0.4346109926700592 3.523236036300659 -0.018664000555872917 -0.9489129781723022 -0.314985990524292 1.5822030305862427 0.0 0.0 0.0 1.0
0.4675140082836151 0.2618359923362732 -0.8443179726600647 3.755311965942383 0.8836820125579834 -0.16345900297164917 0.438620001077652 3.535111904144287 -0.02316500060260296 -0.9511690139770508 -0.30779901146888733 1.5855480432510376 0.0 0.0 0.0 1.0
0.475288987159729 0.24256199598312378 -0.8457329869270325 3.7496330738067627 0.8792579770088196 -0.1655990034341812 0.4466339945793152 3.5396499633789062 -0.0317160002887249 -0.9558979868888855 -0.2919819951057434 1.5709559917449951 0.0 0.0 0.0 1.0
0.4771200120449066 0.23736700415611267 -0.846176028251648 3.741199016571045 0.8781729936599731 -0.16622300446033478 0.44853299856185913 3.5603079795837402 -0.03418700024485588 -0.9570930004119873 -0.287757009267807 1.579138994216919 0.0 0.0 0.0 1.0
0.48288699984550476 0.2305690050125122 -0.8447830080986023 3.7249319553375244 0.8750140070915222 -0.1647299975156784 0.4552080035209656 3.5727999210357666 -0.03420399874448776 -0.9590110182762146 -0.2812969982624054 1.5828189849853516 0.0 0.0 0.0 1.0
0.4905549883842468 0.2228820025920868 -0.8424249887466431 3.7088699340820312 0.8709160089492798 -0.15796299278736115 0.46535301208496094 3.57716703414917 -0.029354000464081764 -0.9619619846343994 -0.27160099148750305 1.590230941772461 0.0 0.0 0.0 1.0
0.4947960078716278 0.21396799385547638 -0.8422560095787048 3.6955230236053467 0.8686439990997314 -0.14987100660800934 0.47222501039505005 3.5975921154022217 -0.025188999250531197 -0.96527498960495 -0.260017991065979 1.589766025543213 0.0 0.0 0.0 1.0
0.5027089715003967 0.21265900135040283 -0.8378900289535522 3.6801669597625732 0.8642470240592957 -0.14492300152778625 0.48173999786376953 3.606255054473877 -0.01898300088942051 -0.9663199782371521 -0.25664401054382324 1.5991430282592773 0.0 0.0 0.0 1.0
0.5099610090255737 0.20548899471759796 -0.8352929949760437 3.670366048812866 0.8600429892539978 -0.14018599689006805 0.49058499932289124 3.617253065109253 -0.016286000609397888 -0.9685670137405396 -0.24821899831295013 1.593459963798523 0.0 0.0 0.0 1.0
0.5174750089645386 0.1980140060186386 -0.832472026348114 3.6569390296936035 0.8555769920349121 -0.1361059993505478 0.4994629919528961 3.632617950439453 -0.014403999783098698 -0.9707040190696716 -0.23984700441360474 1.5992250442504883 0.0 0.0 0.0 1.0
0.5280429720878601 0.18811500072479248 -0.8281199932098389 3.639400005340576 0.8490819931030273 -0.13436399400234222 0.5108870267868042 3.637985944747925 -0.015163999982178211 -0.9729130268096924 -0.23067599534988403 1.6003990173339844 0.0 0.0 0.0 1.0
0.537634015083313 0.1878799945116043 -0.8219799995422363 3.6201629638671875 0.8431230187416077 -0.13097700476646423 0.5215250253677368 3.642570972442627 -0.009676000103354454 -0.9734200239181519 -0.2288230061531067 1.6092309951782227 0.0 0.0 0.0 1.0
0.5499879717826843 0.166812002658844 -0.818343997001648 3.6092169284820557 0.8350930213928223 -0.12337499856948853 0.5360959768295288 3.6503100395202637 -0.011536000296473503 -0.9782400131225586 -0.20715799927711487 1.5590660572052002 0.0 0.0 0.0 1.0
0.5673030018806458 0.1641709953546524 -0.8069790005683899 3.582228899002075 0.8233810067176819 -0.13038000464439392 0.552308976650238 3.6516640186309814 -0.014541000127792358 -0.9777780175209045 -0.20914000272750854 1.5621320009231567 0.0 0.0 0.0 1.0
0.5810210108757019 0.16703300178050995 -0.796563982963562 3.557387113571167 0.8137210011482239 -0.1390880048274994 0.5643690228462219 3.666369915008545 -0.016524000093340874 -0.9760919809341431 -0.216730996966362 1.5768680572509766 0.0 0.0 0.0 1.0
0.5938540101051331 0.15931500494480133 -0.7886419892311096 3.5438270568847656 0.8042179942131042 -0.14662399888038635 0.575963020324707 3.672934055328369 -0.02387399971485138 -0.9762790203094482 -0.21519699692726135 1.5614069700241089 0.0 0.0 0.0 1.0
0.6046649813652039 0.16083599627017975 -0.7800719738006592 3.533716917037964 0.795868992805481 -0.1603579968214035 0.5838469862937927 3.6837050914764404 -0.03118699975311756 -0.9738669991493225 -0.22496700286865234 1.5611319541931152 0.0 0.0 0.0 1.0
0.6128849983215332 0.16229300200939178 -0.7733259797096252 3.525667905807495 0.7892540097236633 -0.17291299998760223 0.5892199873924255 3.706671953201294 -0.0380919985473156 -0.9714739918708801 -0.23406599462032318 1.5561800003051758 0.0 0.0 0.0 1.0
0.6227059960365295 0.17381100356578827 -0.7629070281982422 3.5095009803771973 0.781574010848999 -0.18446099758148193 0.5959169864654541 3.721398115158081 -0.03714900091290474 -0.9673489928245544 -0.25071099400520325 1.5544639825820923 0.0 0.0 0.0 1.0
0.6352589726448059 0.18497100472450256 -0.7498210072517395 3.494935989379883 0.7714800238609314 -0.19670699536800385 0.6050829887390137 3.7276909351348877 -0.03557199984788895 -0.9628559947013855 -0.2676610052585602 1.5347299575805664 0.0 0.0 0.0 1.0
0.6424959897994995 0.19445699453353882 -0.7412049770355225 3.49141788482666 0.764976978302002 -0.21934300661087036 0.6055560111999512 3.760560989379883 -0.04482400044798851 -0.956072986125946 -0.289682000875473 1.5301200151443481 0.0 0.0 0.0 1.0
0.6589310169219971 0.21130000054836273 -0.7219150066375732 3.4592530727386475 0.7508379817008972 -0.2425519973039627 0.6143370270729065 3.780128002166748 -0.045292001217603683 -0.9468479752540588 -0.31847700476646423 1.5614019632339478 0.0 0.0 0.0 1.0
0.6806570291519165 0.1940689980983734 -0.7064300179481506 3.4449849128723145 0.7311530113220215 -0.2405710071325302 0.6383900046348572 3.7497360706329346 -0.04605500027537346 -0.9510329961776733 -0.30564001202583313 1.5050510168075562 0.0 0.0 0.0 1.0
0.6896330118179321 0.19353899359703064 -0.6978179812431335 3.43894100189209 0.7224850058555603 -0.24938400089740753 0.6448439955711365 3.7682900428771973 -0.04922199994325638 -0.9488679766654968 -0.31181201338768005 1.5000859498977661 0.0 0.0 0.0 1.0
0.699409008026123 0.19344599545001984 -0.6880450248718262 3.4272398948669434 0.7130190134048462 -0.25526100397109985 0.6530280113220215 3.7818119525909424 -0.049306001514196396 -0.9473230242729187 -0.31646299362182617 1.490475058555603 0.0 0.0 0.0 1.0
0.7098889946937561 0.1967650055885315 -0.6762700080871582 3.4116199016571045 0.7027009725570679 -0.26280900835990906 0.6611679792404175 3.7943360805511475 -0.047635000199079514 -0.9445710182189941 -0.3248319923877716 1.4866410493850708 0.0 0.0 0.0 1.0
0.7196000218391418 0.20531600713729858 -0.6633409857749939 3.3972790241241455 0.6932709813117981 -0.2665939927101135 0.6695539951324463 3.808007001876831 -0.0393729992210865 -0.9416859745979309 -0.334181010723114 1.487293004989624 0.0 0.0 0.0 1.0
0.7260760068893433 0.2073269933462143 -0.6556140184402466 3.3900070190429688 0.6865519881248474 -0.2715719938278198 0.6744589805603027 3.828010082244873 -0.038214001804590225 -0.9398210048675537 -0.33952298760414124 1.482269048690796 0.0 0.0 0.0 1.0
0.7340199947357178 0.2100600004196167 -0.6458250284194946 3.3762478828430176 0.6782879829406738 -0.27403101325035095 0.6817860007286072 3.835716962814331 -0.03376000002026558 -0.9384999871253967 -0.343625009059906 1.473412036895752 0.0 0.0 0.0 1.0
0.7396619915962219 0.21398499608039856 -0.6380519866943359 3.3660879135131836 0.6723089814186096 -0.2772350013256073 0.6863970160484314 3.850559949874878 -0.03001200035214424 -0.9366700053215027 -0.34892499446868896 1.4673960208892822 0.0 0.0 0.0 1.0
0.7444660067558289 0.21813499927520752 -0.6310210227966309 3.356801986694336 0.6671010255813599 -0.28169500827789307 0.6896550059318542 3.8702778816223145 -0.027317000553011894 -0.9343799948692322 -0.3552300035953522 1.469627022743225 0.0 0.0 0.0 1.0
0.7504879832267761 0.21653400361537933 -0.624405026435852 3.35052490234375 0.6603739857673645 -0.28281500935554504 0.6956440210342407 3.8858089447021484 -0.025960000231862068 -0.9344140291213989 -0.3552429974079132 1.4623910188674927 0.0 0.0 0.0 1.0
0.7652819752693176 0.19815100729465485 -0.6124380230903625 3.3283870220184326 0.6430230140686035 -0.2788119912147522 0.7132920026779175 3.8728630542755127 -0.029416000470519066 -0.9396809935569763 -0.3407849967479706 1.4253020286560059 0.0 0.0 0.0 1.0
0.76767498254776 0.1960729956626892 -0.6101070046424866 3.3328959941864014 0.6399809718132019 -0.2838209867477417 0.7140510082244873 3.8949830532073975 -0.03315500169992447 -0.9386159777641296 -0.34336599707603455 1.427245020866394 0.0 0.0 0.0 1.0
0.7750539779663086 0.19253799319267273 -0.6018480062484741 3.3187808990478516 0.6308879852294922 -0.28954699635505676 0.7198219895362854 3.9121549129486084 -0.035670001059770584 -0.9375990033149719 -0.3458839952945709 1.4259419441223145 0.0 0.0 0.0 1.0
0.7812039852142334 0.18825699388980865 -0.5952140092849731 3.313883066177368 0.6229119896888733 -0.29805800318717957 0.7232850193977356 3.9372398853302 -0.04124400019645691 -0.9358000159263611 -0.3501119911670685 1.4305319786071777 0.0 0.0 0.0 1.0
0.790503978729248 0.18311800062656403 -0.5844410061836243 3.302267074584961 0.6108350157737732 -0.30514198541641235 0.7305949926376343 3.9537229537963867 -0.0445530004799366 -0.9345359802246094 -0.3530699908733368 1.4346179962158203 0.0 0.0 0.0 1.0
0.7988010048866272 0.17746199667453766 -0.5748249888420105 3.2922720909118652 0.5996019840240479 -0.31257298588752747 0.7367330193519592 3.971674919128418 -0.04893200099468231 -0.9331700205802917 -0.3560900092124939 1.4439879655838013 0.0 0.0 0.0 1.0
0.8038300275802612 0.17258299887180328 -0.5692740082740784 3.285628080368042 0.5926480293273926 -0.3147830069065094 0.7414039969444275 3.9894180297851562 -0.05124400183558464 -0.9333419799804688 -0.3553130030632019 1.4445140361785889 0.0 0.0 0.0 1.0
0.8118749856948853 0.1715250015258789 -0.5580660104751587 3.267549991607666 0.5818480253219604 -0.31641799211502075 0.7492210268974304 4.020788192749023 -0.0480710007250309 -0.9329839944839478 -0.3566940128803253 1.4523860216140747 0.0 0.0 0.0 1.0
0.8171030282974243 0.17136800289154053 -0.550432026386261 3.2580339908599854 0.5747820138931274 -0.31564798951148987 0.7549780011177063 4.029856204986572 -0.04436400160193443 -0.9332730174064636 -0.3564159870147705 1.4475409984588623 0.0 0.0 0.0 1.0
0.8218920230865479 0.17431899905204773 -0.5423160195350647 3.251168966293335 0.5681949853897095 -0.3187189996242523 0.7586650252342224 4.044198989868164 -0.04059699922800064 -0.9316819906234741 -0.3610000014305115 1.4436310529708862 0.0 0.0 0.0 1.0
0.8376039862632751 0.16387100517749786 -0.5211189985275269 3.213495969772339 0.5452799797058105 -0.3084299862384796 0.7794489860534668 4.0223541259765625 -0.032999999821186066 -0.9370260238647461 -0.34769800305366516 1.39969003200531 0.0 0.0 0.0 1.0
0.8483030200004578 0.16346900165081024 -0.5036470293998718 3.204035997390747 0.5286740064620972 -0.31495100259780884 0.7882320284843445 4.0476179122924805 -0.029772000387310982 -0.9349250197410583 -0.35359498858451843 1.3992019891738892 0.0 0.0 0.0 1.0
0.8513339757919312 0.1617259979248047 -0.4990740120410919 3.2059431076049805 0.5237150192260742 -0.31796300411224365 0.7903299927711487 4.0609869956970215 -0.030869999900460243 -0.9342079758644104 -0.3553920090198517 1.3970340490341187 0.0 0.0 0.0 1.0
0.858443021774292 0.1614059954881668 -0.4868510067462921 3.1917550563812256 0.5121780037879944 -0.32041800022125244 0.7968720197677612 4.067377090454102 -0.027375999838113785 -0.9334239959716797 -0.3577289879322052 1.400102972984314 0.0 0.0 0.0 1.0
0.8658689856529236 0.1598079949617386 -0.47405898571014404 3.178359031677246 0.49965301156044006 -0.32334399223327637 0.8036140203475952 4.074760913848877 -0.024860000237822533 -0.9326900243759155 -0.35982200503349304 1.4057660102844238 0.0 0.0 0.0 1.0
0.8729940056800842 0.15653400123119354 -0.4619300067424774 3.169184923171997 0.48719000816345215 -0.3244970142841339 0.8107699751853943 4.078700065612793 -0.022981999441981316 -0.9328449964523315 -0.3595460057258606 1.40175199508667 0.0 0.0 0.0 1.0
0.8804360032081604 0.15640400350093842 -0.447625994682312 3.157025098800659 0.47376900911331177 -0.3287059962749481 0.8170040249824524 4.085336208343506 -0.01935500092804432 -0.9313910007476807 -0.36350399255752563 1.404129981994629 0.0 0.0 0.0 1.0
0.8872039914131165 0.1531279981136322 -0.4352259933948517 3.1481270790100098 0.46102601289749146 -0.33109501004219055 0.8233050107955933 4.092528820037842 -0.01803000085055828 -0.9310899972915649 -0.3643450140953064 1.4032909870147705 0.0 0.0 0.0 1.0
0.8949289917945862 0.15126599371433258 -0.4197869896888733 3.1329500675201416 0.44599300622940063 -0.33252501487731934 0.8309739828109741 4.094612121582031 -0.01389199960976839 -0.9308850169181824 -0.36504900455474854 1.4047889709472656 0.0 0.0 0.0 1.0
0.9026470184326172 0.14813899993896484 -0.4040830135345459 3.118230104446411 0.4302600026130676 -0.33287298679351807 0.8390899896621704 4.094408988952637 -0.010207000188529491 -0.9312630295753479 -0.364205002784729 1.4035439491271973 0.0 0.0 0.0 1.0
0.9142699837684631 0.13828599452972412 -0.38077300786972046 3.0837349891662598 0.4049839973449707 -0.33503299951553345 0.8507289886474609 4.0865349769592285 -0.009928000159561634 -0.9320030212402344 -0.36231398582458496 1.4005080461502075 0.0 0.0 0.0 1.0
0.919812023639679 0.12937699258327484 -0.37041598558425903 3.0849249362945557 0.39215201139450073 -0.33389899134635925 0.8571630120277405 4.087516784667969 -0.012783999554812908 -0.9336879849433899 -0.3578599989414215 1.3909529447555542 0.0 0.0 0.0 1.0
0.928056001663208 0.1206120029091835 -0.3523710072040558 3.072118043899536 0.37220099568367004 -0.3343069851398468 0.8658549785614014 4.084272861480713 -0.0133670000359416 -0.9347149729728699 -0.35514700412750244 1.3850480318069458 0.0 0.0 0.0 1.0
0.936460018157959 0.1097550019621849 -0.33316001296043396 3.0564370155334473 0.35032498836517334 -0.340597003698349 0.8725060224533081 4.08549690246582 -0.017712000757455826 -0.9337819814682007 -0.35740500688552856 1.3893070220947266 0.0 0.0 0.0 1.0
0.9447100162506104 0.10149099677801132 -0.31180500984191895 3.033595085144043 0.32738301157951355 -0.34564200043678284 0.8794040083885193 4.082849979400635 -0.018521999940276146 -0.9328619837760925 -0.3597579896450043 1.3909870386123657 0.0 0.0 0.0 1.0
0.9514880180358887 0.09321299940347672 -0.29322800040245056 3.0188210010528564 0.30694401264190674 -0.3537200093269348 0.8835539817810059 4.084817886352539 -0.02136100083589554 -0.9306949973106384 -0.36517199873924255 1.40077805519104 0.0 0.0 0.0 1.0
0.9577109813690186 0.08533500134944916 -0.27478399872779846 3.003046989440918 0.2868979871273041 -0.355785995721817 0.8894410133361816 4.0858378410339355 -0.02186400070786476 -0.930662989616394 -0.3652229905128479 1.406569004058838 0.0 0.0 0.0 1.0
0.963263988494873 0.07449299842119217 -0.25801900029182434 2.984065055847168 0.26746198534965515 -0.35276898741722107 0.8966709971427917 4.081624984741211 -0.02422500029206276 -0.9327409863471985 -0.359732985496521 1.4017610549926758 0.0 0.0 0.0 1.0
0.9666330218315125 0.06721500307321548 -0.247188001871109 2.976138114929199 0.2546600103378296 -0.356546014547348 0.8989009857177734 4.082866191864014 -0.027713999152183533 -0.9318569898605347 -0.3617660105228424 1.4065070152282715 0.0 0.0 0.0 1.0
0.9706270098686218 0.0632219985127449 -0.23213200271129608 2.9575040340423584 0.23912400007247925 -0.35975900292396545 0.9018830060958862 4.083714962005615 -0.026492999866604805 -0.9309009909629822 -0.36430999636650085 1.4116430282592773 0.0 0.0 0.0 1.0
0.9750270247459412 0.05732699856162071 -0.21456000208854675 2.9364678859710693 0.22056399285793304 -0.36290600895881653 0.9053459763526917 4.082963943481445 -0.025963999330997467 -0.9300609827041626 -0.3664869964122772 1.4247909784317017 0.0 0.0 0.0 1.0
0.9780740141868591 0.05308999866247177 -0.2013780027627945 2.9247689247131348 0.20666399598121643 -0.3668470084667206 0.9070360064506531 4.085855960845947 -0.02572000026702881 -0.9287649989128113 -0.3697749972343445 1.4282480478286743 0.0 0.0 0.0 1.0
0.980521023273468 0.04719199985265732 -0.19066299498081207 2.9123170375823975 0.1944420039653778 -0.3704890012741089 0.9082559943199158 4.089221000671387 -0.027775999158620834 -0.927636981010437 -0.37244799733161926 1.425413966178894 0.0 0.0 0.0 1.0
0.9824320077896118 0.043542999774217606 -0.1814669966697693 2.905385971069336 0.1844940036535263 -0.3729250133037567 0.9093340039253235 4.092840194702148 -0.028077999129891396 -0.9268389940261841 -0.3744080066680908 1.427230954170227 0.0 0.0 0.0 1.0
0.9849990010261536 0.03918199986219406 -0.16805300116539001 2.89778208732605 0.17055100202560425 -0.36924800276756287 0.9135469794273376 4.094742774963379 -0.02625799924135208 -0.928505003452301 -0.37039101123809814 1.4186550378799438 0.0 0.0 0.0 1.0
0.9882410168647766 0.03452000021934509 -0.14895600080490112 2.8842239379882812 0.15100499987602234 -0.3733780086040497 0.9153069853782654 4.103553771972656 -0.024020999670028687 -0.9270370006561279 -0.3741999864578247 1.4245920181274414 0.0 0.0 0.0 1.0
0.99058997631073 0.029993999749422073 -0.13353200256824493 2.8832690715789795 0.13496699929237366 -0.37581199407577515 0.9168149828910828 4.108107089996338 -0.022684000432491302 -0.9262099862098694 -0.37632399797439575 1.4244279861450195 0.0 0.0 0.0 1.0
0.9936619997024536 0.02418999932706356 -0.10977700352668762 2.8708839416503906 0.11066100001335144 -0.3821060061454773 0.9174690246582031 4.116949081420898 -0.019752999767661095 -0.9238020181655884 -0.3823609948158264 1.4272860288619995 0.0 0.0 0.0 1.0
0.9958159923553467 0.015267999842762947 -0.09009999781847 2.8704609870910645 0.08899199962615967 -0.386150985956192 0.918133020401001 4.123452186584473 -0.020773999392986298 -0.9223089814186096 -0.3858940005302429 1.4214810132980347 0.0 0.0 0.0 1.0
0.9975839853286743 0.005621999967843294 -0.06924299895763397 2.864345073699951 0.06598799675703049 -0.3883250057697296 0.919156014919281 4.1276021003723145 -0.02172200009226799 -0.9215049743652344 -0.3877579867839813 1.4172040224075317 0.0 0.0 0.0 1.0
0.9992570281028748 -0.006732000038027763 -0.03794600069522858 2.8364241123199463 0.032221999019384384 -0.394228994846344 0.9184470176696777 4.140504837036133 -0.02114200033247471 -0.9189879894256592 -0.39371898770332336 1.4280049800872803 0.0 0.0 0.0 1.0
0.9996709823608398 -0.013505999930202961 -0.021821999922394753 2.8432838916778564 0.0145650003105402 -0.401542991399765 0.915723979473114 4.1551899909973145 -0.021129999309778214 -0.9157410264015198 -0.40121400356292725 1.4434239864349365 0.0 0.0 0.0 1.0
0.9997050166130066 -0.024281999096274376 0.00041199999395757914 2.843981981277466 -0.010091000236570835 -0.39988499879837036 0.9165099859237671 4.162092208862305 -0.022089999169111252 -0.9162430167198181 -0.4000129997730255 1.440351963043213 0.0 0.0 0.0 1.0
0.9989849925041199 -0.039197999984025955 0.022173000499606133 2.8482909202575684 -0.03600800037384033 -0.39952701330184937 0.9160140156745911 4.1705851554870605 -0.02704799920320511 -0.9158830046653748 -0.400532990694046 1.438681960105896 0.0 0.0 0.0 1.0
0.9972460269927979 -0.05700799822807312 0.04743500053882599 2.8437089920043945 -0.06653399765491486 -0.4052119851112366 0.9117980003356934 4.183413028717041 -0.03275899961590767 -0.912443995475769 -0.4078890085220337 1.4472579956054688 0.0 0.0 0.0 1.0
0.9945740103721619 -0.07441099733114243 0.0727040022611618 2.8411340713500977 -0.09686999768018723 -0.4075689911842346 0.9080219864845276 4.19293212890625 -0.03793499991297722 -0.9101380109786987 -0.41256600618362427 1.4452290534973145 0.0 0.0 0.0 1.0
0.9908450245857239 -0.09469500184059143 0.09622400254011154 2.851717948913574 -0.12673500180244446 -0.40681999921798706 0.9046739935874939 4.198205947875977 -0.046521998941898346 -0.9085869789123535 -0.4150969982147217 1.4385650157928467 0.0 0.0 0.0 1.0
0.9853209853172302 -0.11759199947118759 0.12375500053167343 2.851747989654541 -0.16192099452018738 -0.4141019880771637 0.8957129716873169 4.215662002563477 -0.0540819987654686 -0.9026029706001282 -0.4270640015602112 1.4493030309677124 0.0 0.0 0.0 1.0
0.9805480241775513 -0.13682900369167328 0.14072400331497192 2.8662779331207275 -0.18610499799251556 -0.42029500007629395 0.8880969882011414 4.225314140319824 -0.06237199902534485 -0.8970119953155518 -0.4375840127468109 1.4523210525512695 0.0 0.0 0.0 1.0
0.9730730056762695 -0.15447500348091125 0.1710750013589859 2.8507440090179443 -0.22173400223255157 -0.4246329963207245 0.87779301404953 4.235289096832275 -0.06295199692249298 -0.8920900225639343 -0.44745200872421265 1.4592740535736084 0.0 0.0 0.0 1.0
0.9633820056915283 -0.16937200725078583 0.20786699652671814 2.81872296333313 -0.26105600595474243 -0.4155299961566925 0.8713120222091675 4.244495868682861 -0.06120099872350693 -0.8936709761619568 -0.44453001022338867 1.441120982170105 0.0 0.0 0.0 1.0
0.9576550126075745 -0.1802300065755844 0.22452999651432037 2.8203179836273193 -0.2810310125350952 -0.4155940115451813 0.8650450110435486 4.2578349113464355 -0.06259399652481079 -0.8915150165557861 -0.44864600896835327 1.453673005104065 0.0 0.0 0.0 1.0
0.9522799849510193 -0.18688499927520752 0.24132199585437775 2.816088914871216 -0.29846200346946716 -0.40463799238204956 0.8644009828567505 4.259871006011963 -0.06389500200748444 -0.8951770067214966 -0.44110700488090515 1.4513109922409058 0.0 0.0 0.0 1.0
0.9464409947395325 -0.19390399754047394 0.25816699862480164 2.811800003051758 -0.31665998697280884 -0.40129199624061584 0.8594710230827332 4.267634868621826 -0.06305500119924545 -0.8951900005340576 -0.44120100140571594 1.4586429595947266 0.0 0.0 0.0 1.0
0.9383999705314636 -0.20274199545383453 0.2798219919204712 2.799118995666504 -0.34008100628852844 -0.398373007774353 0.8518469929695129 4.27626895904541 -0.06123200058937073 -0.894536018371582 -0.4427820146083832 1.4635920524597168 0.0 0.0 0.0 1.0
0.932440996170044 -0.20943699777126312 0.29443100094795227 2.800002098083496 -0.35599300265312195 -0.39307400584220886 0.8477979898452759 4.280509948730469 -0.061827000230550766 -0.8953369855880737 -0.44107601046562195 1.467242956161499 0.0 0.0 0.0 1.0
0.9267690181732178 -0.21523000299930573 0.3078570067882538 2.7973248958587646 -0.37036699056625366 -0.3868280053138733 0.8445069789886475 4.288194179534912 -0.06267499923706055 -0.8966829776763916 -0.4382140040397644 1.475607991218567 0.0 0.0 0.0 1.0
0.9219779968261719 -0.21977299451828003 0.31883499026298523 2.7934749126434326 -0.38190600275993347 -0.3798530101776123 0.8425310254096985 4.289722919464111 -0.06405500322580338 -0.8985610008239746 -0.43414899706840515 1.4786100387573242 0.0 0.0 0.0 1.0
0.9159200191497803 -0.22497600317001343 0.33237800002098083 2.782439947128296 -0.3963949978351593 -0.3772050142288208 0.8370109796524048 4.295673847198486 -0.06293299794197083 -0.8983889818191528 -0.43466898798942566 1.4826339483261108 0.0 0.0 0.0 1.0
0.9113500118255615 -0.230321004986763 0.3411639928817749 2.7809269428253174 -0.40675199031829834 -0.37664198875427246 0.8322820067405701 4.30319881439209 -0.06319499760866165 -0.8972700238227844 -0.43693700432777405 1.4913159608840942 0.0 0.0 0.0 1.0
0.9029780030250549 -0.23098300397396088 0.36232200264930725 2.747512102127075 -0.42564600706100464 -0.36547499895095825 0.827800989151001 4.305698871612549 -0.058788001537323 -0.9017069935798645 -0.42833200097084045 1.4793449640274048 0.0 0.0 0.0 1.0
0.8966119885444641 -0.23572899401187897 0.37485799193382263 2.7356650829315186 -0.43913498520851135 -0.36439400911331177 0.8212050199508667 4.313230037689209 -0.056984998285770416 -0.9009159803390503 -0.4302369952201843 1.4883719682693481 0.0 0.0 0.0 1.0
0.8927119970321655 -0.23488500714302063 0.38457000255584717 2.7290220260620117 -0.44759199023246765 -0.363303005695343 0.8171120285987854 4.317938804626465 -0.05221199989318848 -0.9015769958496094 -0.42945799231529236 1.4960620403289795 0.0 0.0 0.0 1.0
0.8858109712600708 -0.23536400496959686 0.3999269902706146 2.710541009902954 -0.461573988199234 -0.3580569922924042 0.8116310238838196 4.32167387008667 -0.047832001000642776 -0.903548002243042 -0.42580899596214294 1.5059410333633423 0.0 0.0 0.0 1.0
0.8800209760665894 -0.2329230010509491 0.41389501094818115 2.6982429027557373 -0.4726420044898987 -0.3440049886703491 0.8113380074501038 4.320210933685303 -0.04659700021147728 -0.9096189737319946 -0.4128209948539734 1.5031449794769287 0.0 0.0 0.0 1.0
0.8727149963378906 -0.2374120056629181 0.4266200065612793 2.685762882232666 -0.4857810139656067 -0.33483201265335083 0.8074060082435608 4.324298858642578 -0.04884200170636177 -0.9118790030479431 -0.40754300355911255 1.5247230529785156 0.0 0.0 0.0 1.0
0.8643969893455505 -0.24034200608730316 0.441648006439209 2.6670680046081543 -0.5000399947166443 -0.3188309967517853 0.8051750063896179 4.319005012512207 -0.052705999463796616 -0.9168329834938049 -0.39577698707580566 1.5273679494857788 0.0 0.0 0.0 1.0
0.8561000227928162 -0.24764999747276306 0.45361000299453735 2.6573119163513184 -0.5136119723320007 -0.3102009892463684 0.7999860048294067 4.314297199249268 -0.057406000792980194 -0.9178479909896851 -0.3927589952945709 1.5350840091705322 0.0 0.0 0.0 1.0
0.8457350134849548 -0.2570590078830719 0.46760401129722595 2.6431150436401367 -0.5301259756088257 -0.3048900067806244 0.7912060022354126 4.313788890838623 -0.060819000005722046 -0.9170399904251099 -0.39412999153137207 1.5409259796142578 0.0 0.0 0.0 1.0
0.8362489938735962 -0.26564499735832214 0.4797089993953705 2.6349918842315674 -0.5448480248451233 -0.3038100004196167 0.7815629839897156 4.311337947845459 -0.06187799945473671 -0.9149489998817444 -0.39879700541496277 1.5437589883804321 0.0 0.0 0.0 1.0
0.8233399987220764 -0.2710990011692047 0.49861401319503784 2.613771915435791 -0.5646229982376099 -0.3021779954433441 0.7680420279502869 4.318613052368164 -0.057544998824596405 -0.9138889908790588 -0.4018639922142029 1.5394740104675293 0.0 0.0 0.0 1.0
0.8171120285987854 -0.27650201320648193 0.505840003490448 2.608881950378418 -0.5737460255622864 -0.30472901463508606 0.760233998298645 4.31501579284668 -0.056062001734972 -0.9114199876785278 -0.4076400101184845 1.545130968093872 0.0 0.0 0.0 1.0
0.8121079802513123 -0.27803000807762146 0.5130100250244141 2.5930070877075195 -0.5812720060348511 -0.3085959851741791 0.752921998500824 4.316413879394531 -0.0510220006108284 -0.9096519947052002 -0.41222500801086426 1.5448559522628784 0.0 0.0 0.0 1.0
0.8086569905281067 -0.2731249928474426 0.5210350155830383 2.5751380920410156 -0.5868099927902222 -0.31191501021385193 0.7472370266914368 4.317305088043213 -0.0415709987282753 -0.9100069999694824 -0.4125039875507355 1.5424989461898804 0.0 0.0 0.0 1.0
0.804265022277832 -0.2691909968852997 0.5298050045967102 2.5619139671325684 -0.5934000015258789 -0.31555798649787903 0.7404720187187195 4.321335792541504 -0.03214399889111519 -0.9099230170249939 -0.41353100538253784 1.5460309982299805 0.0 0.0 0.0 1.0
0.7956079840660095 -0.26422300934791565 0.5451549887657166 2.5338830947875977 -0.6053580045700073 -0.3119339942932129 0.7322829961776733 4.322889804840088 -0.023434000089764595 -0.9126250147819519 -0.4081270098686218 1.5489319562911987 0.0 0.0 0.0 1.0
0.7948939800262451 -0.26416701078414917 0.5462219715118408 2.5223989486694336 -0.606257975101471 -0.30964401364326477 0.732509970664978 4.325550079345703 -0.024369999766349792 -0.9134200215339661 -0.4062879979610443 1.5519219636917114 0.0 0.0 0.0 1.0
0.7985020279884338 -0.2599720060825348 0.542963981628418 2.5132200717926025 -0.6014559864997864 -0.3064720034599304 0.7377840280532837 4.327127933502197 -0.02539999969303608 -0.9156910181045532 -0.40108001232147217 1.5561720132827759 0.0 0.0 0.0 1.0
0.8022580146789551 -0.2557019889354706 0.5394420027732849 2.5007688999176025 -0.5963150262832642 -0.30070799589157104 0.7443000078201294 4.328454971313477 -0.028105000033974648 -0.9187989830970764 -0.3937239944934845 1.5614930391311646 0.0 0.0 0.0 1.0
0.8153470158576965 -0.24044300615787506 0.5266839861869812 2.488147020339966 -0.5782880187034607 -0.29397499561309814 0.7610269784927368 4.324649810791016 -0.028152000159025192 -0.9250760078430176 -0.3787370026111603 1.5636299848556519 0.0 0.0 0.0 1.0
0.8192189931869507 -0.21886399388313293 0.5300740003585815 2.4687659740448 -0.5731840133666992 -0.28279200196266174 0.7690830230712891 4.320920944213867 -0.018424000591039658 -0.9338780045509338 -0.35711801052093506 1.5442099571228027 0.0 0.0 0.0 1.0
0.8211429715156555 -0.21202300488948822 0.5298770070075989 2.4472548961639404 -0.5706019997596741 -0.2859799861907959 0.7698230147361755 4.335859775543213 -0.011686000041663647 -0.9344850182533264 -0.3558120131492615 1.5651919841766357 0.0 0.0 0.0 1.0
0.8289570212364197 -0.20212499797344208 0.521511971950531 2.439177989959717 -0.5592129826545715 -0.2820430099964142 0.7795720100402832 4.334888935089111 -0.010482000187039375 -0.9378690123558044 -0.3468329906463623 1.5617549419403076 0.0 0.0 0.0 1.0
0.8361170291900635 -0.19432500004768372 0.5129770040512085 2.435987949371338 -0.5485029816627502 -0.283937007188797 0.7864630222320557 4.3356218338012695 -0.0071760001592338085 -0.9389449954032898 -0.34399300813674927 1.5718519687652588 0.0 0.0 0.0 1.0
0.8398799896240234 -0.1860249936580658 0.5098980069160461 2.4280660152435303 -0.5427590012550354 -0.2814449965953827 0.7913280129432678 4.3377861976623535 -0.0036979999858886003 -0.9413729906082153 -0.33734700083732605 1.5698599815368652 0.0 0.0 0.0 1.0
0.841867983341217 -0.18388399481773376 0.507390022277832 2.425532102584839 -0.5396770238876343 -0.2821269929409027 0.7931920289993286 4.341165065765381 -0.0027069998905062675 -0.9415900111198425 -0.3367519974708557 1.5753949880599976 0.0 0.0 0.0 1.0
0.8428969979286194 -0.1817529946565628 0.506447970867157 2.4195539951324463 -0.5380730032920837 -0.2829880118370056 0.793973982334137 4.343148231506348 -0.0009879999561235309 -0.9417449831962585 -0.336326003074646 1.5744049549102783 0.0 0.0 0.0 1.0
0.8452720046043396 -0.1829259991645813 0.5020490288734436 2.415877103805542 -0.5343300104141235 -0.2847749888896942 0.795861005783081 4.340473175048828 -0.0026130001060664654 -0.94097900390625 -0.3384549915790558 1.5741369724273682 0.0 0.0 0.0 1.0
0.8493800163269043 -0.18636099994182587 0.49378401041030884 2.421605110168457 -0.5277349948883057 -0.28741899132728577 0.7993029952049255 4.340567111968994 -0.007036000024527311 -0.9394999742507935 -0.3424769937992096 1.5717970132827759 0.0 0.0 0.0 1.0
