1.0 0.0 0.0 0.0 0.0 1.0 0.0 0.0 0.0 0.0 1.0 0.0 0.0 0.0 0.0 1.0
0.9999950528144836 0.002085510641336441 -0.002343112835660577 -0.0018764667911455035 -0.0020855488255620003 0.9999978542327881 -1.3797082829114515e-05 -0.0011379262432456017 0.0023430788423866034 1.868369145086035e-05 0.9999972581863403 -0.0020503648556768894 0.0 0.0 0.0 1.0
0.9999716281890869 0.001877114991657436 -0.007295656483620405 -0.0036567128263413906 -0.0018606494413688779 0.9999957084655762 0.002263030270114541 -0.00203997315838933 0.007299873046576977 -0.0022493915166705847 0.9999708533287048 -0.003719806671142578 0.0 0.0 0.0 1.0
0.9999074339866638 0.0003914698609150946 -0.013598987832665443 -0.006103460676968098 -0.0003552115522325039 0.9999963641166687 0.0026685637421905994 -0.0030277862679213285 0.013599983416497707 -0.002663486171513796 0.9999039769172668 -0.00459023704752326 0.0 0.0 0.0 1.0
0.9997910857200623 0.0004921706859022379 -0.020434513688087463 -0.008130977861583233 -0.0003221457591280341 0.9999653100967407 0.008322935551404953 -0.003530572634190321 0.020437899976968765 -0.008314614184200764 0.9997565746307373 -0.006523209158331156 0.0 0.0 0.0 1.0
0.9997501969337463 0.003697219304740429 -0.02204158902168274 -0.009868024848401546 -0.0034484961070120335 0.9999300837516785 0.011311614885926247 -0.0039019070100039244 0.02208186872303486 -0.011232779361307621 0.9996930360794067 -0.008112164214253426 0.0 0.0 0.0 1.0
0.999683678150177 0.006289232522249222 -0.024351362138986588 -0.012060594744980335 -0.006022862158715725 0.9999213814735413 0.010996559634804726 -0.004903550259768963 0.024418607354164124 -0.010846415534615517 0.9996429681777954 -0.00977329257875681 0.0 0.0 0.0 1.0
0.9997091889381409 0.011327533051371574 -0.02128951996564865 -0.012962523847818375 -0.011032786220312119 0.9998423457145691 0.013911508023738861 -0.005025810562074184 0.021443746984004974 -0.01367257907986641 0.9996765851974487 -0.011464911513030529 0.0 0.0 0.0 1.0
0.999695360660553 0.01297790464013815 -0.020994924008846283 -0.014155812561511993 -0.012662842869758606 0.9998062252998352 0.01507054828107357 -0.005701262038201094 0.02118643932044506 -0.014800101518630981 0.9996659755706787 -0.0125828692689538 0.0 0.0 0.0 1.0
0.9995719194412231 0.010105535387992859 -0.027455516159534454 -0.015600580722093582 -0.0097343223169446 0.9998598694801331 0.013620696030557156 -0.006517330650240183 0.027589311823248863 -0.013347604312002659 0.9995301961898804 -0.014626560732722282 0.0 0.0 0.0 1.0
0.9994494915008545 0.00524049112573266 -0.032760508358478546 -0.016756849363446236 -0.0049036419950425625 0.9999343752861023 0.010354069992899895 -0.008408562280237675 0.03281262144446373 -0.010187724605202675 0.9994096159934998 -0.01644488051533699 0.0 0.0 0.0 1.0
0.9993913173675537 0.0047919172793626785 -0.03455466777086258 -0.01749320887029171 -0.004551898688077927 0.9999650120735168 0.007021371740847826 -0.010359005071222782 0.03458710387349129 -0.006859808694571257 0.9993781447410583 -0.018595123663544655 0.0 0.0 0.0 1.0
0.9993311166763306 0.003394385799765587 -0.036411818116903305 -0.018537849187850952 -0.0033935175742954016 0.9999942183494568 8.564785093767568e-05 -0.012785660102963448 0.03641190007328987 3.797358658630401e-05 0.999336838722229 -0.021291431039571762 0.0 0.0 0.0 1.0
0.9993488192558289 0.004650133196264505 -0.03578222543001175 -0.01895052380859852 -0.004778916481882334 0.9999824166297913 -0.0035143992863595486 -0.015031193383038044 0.03576525300741196 0.0036831109318882227 0.9993534088134766 -0.02415451966226101 0.0 0.0 0.0 1.0
0.9994194507598877 0.009060470387339592 -0.0328439325094223 -0.019489506259560585 -0.009277403354644775 0.9999361038208008 -0.006458601914346218 -0.017331061884760857 0.03278331458568573 0.006759558338671923 0.9994395971298218 -0.02671579085290432 0.0 0.0 0.0 1.0
0.9993277788162231 0.014547196216881275 -0.033650945872068405 -0.02033231407403946 -0.014937670901417732 0.9998236298561096 -0.011381520889699459 -0.020020952448248863 0.033479444682598114 0.011876536533236504 0.9993688464164734 -0.02977261319756508 0.0 0.0 0.0 1.0
0.9992609620094299 0.016274983063340187 -0.03482241556048393 -0.020725615322589874 -0.016747400164604187 0.9997710585594177 -0.013318054378032684 -0.0220442246645689 0.034597694873809814 0.013891397044062614 0.9993047714233398 -0.032620713114738464 0.0 0.0 0.0 1.0
0.9992510080337524 0.01856415718793869 -0.03395318239927292 -0.021102674305438995 -0.019060524180531502 0.999715268611908 -0.014354383572936058 -0.02360023930668831 0.03367703780531883 0.014990797266364098 0.9993203282356262 -0.0350797064602375 0.0 0.0 0.0 1.0
0.9991787672042847 0.021938150748610497 -0.03406659886240959 -0.02054566703736782 -0.022734275087714195 0.9994732141494751 -0.023160776123404503 -0.02624540962278843 0.033540546894073486 0.023916233330965042 0.9991511702537537 -0.037940267473459244 0.0 0.0 0.0 1.0
0.9991834163665771 0.01805034466087818 -0.036148179322481155 -0.020390355959534645 -0.018938656896352768 0.9995232224464417 -0.02438441663980484 -0.0271574966609478 0.0356907993555069 0.025049103423953056 0.9990488886833191 -0.039961155503988266 0.0 0.0 0.0 1.0
0.9991739988327026 0.01556311920285225 -0.03753820061683655 -0.019754774868488312 -0.016514373943209648 0.9995468854904175 -0.025165440514683723 -0.028128746896982193 0.037129539996385574 0.025764573365449905 0.9989782571792603 -0.04172544181346893 0.0 0.0 0.0 1.0
0.9989891052246094 0.010881527327001095 -0.04361605644226074 -0.018911588937044144 -0.012140786275267601 0.9995139837265015 -0.028711318969726562 -0.028945855796337128 0.043282438069581985 0.029211828485131264 0.9986357092857361 -0.04337509721517563 0.0 0.0 0.0 1.0
0.9990192651748657 0.007139761000871658 -0.04369787871837616 -0.017495933920145035 -0.008748818188905716 0.9992864727973938 -0.03674255311489105 -0.0297629926353693 0.043404366821050644 0.037088822573423386 0.9983689188957214 -0.043095435947179794 0.0 0.0 0.0 1.0
0.9991615414619446 0.006078312639147043 -0.040488000959157944 -0.015802063047885895 -0.00735641922801733 0.9994768500328064 -0.03149373456835747 -0.029319528490304947 0.040275391191244125 0.031765177845954895 0.9986835718154907 -0.045189268887043 0.0 0.0 0.0 1.0
0.999359130859375 0.011336258612573147 -0.03395277261734009 -0.013588501140475273 -0.012360624969005585 0.999470055103302 -0.030113952234387398 -0.029034946113824844 0.033593397587537766 0.03051432967185974 0.9989696741104126 -0.04626591131091118 0.0 0.0 0.0 1.0
0.9995473623275757 0.017821436747908592 -0.024237779900431633 -0.011487889103591442 -0.018482692539691925 0.9994553923606873 -0.027337266132235527 -0.028546128422021866 0.023737389594316483 0.027772871777415276 0.9993323683738708 -0.04688919708132744 0.0 0.0 0.0 1.0
0.9995097517967224 0.026145603507757187 -0.017222868278622627 -0.009788243100047112 -0.02652660943567753 0.9993998408317566 -0.022278057411313057 -0.027685286477208138 0.016630059108138084 0.022724000737071037 0.9996034502983093 -0.04850788787007332 0.0 0.0 0.0 1.0
0.999496579170227 0.030503930523991585 -0.008726807311177254 -0.00837261788547039 -0.03068772703409195 0.9992920160293579 -0.021765537559986115 -0.027082758024334908 0.008056694641709328 0.022022385150194168 0.9997250437736511 -0.049264829605817795 0.0 0.0 0.0 1.0
0.9995638728141785 0.028956320136785507 -0.0058005619794130325 -0.008001956157386303 -0.029042143374681473 0.9994610548019409 -0.015302116051316261 -0.02621670812368393 0.005354342516511679 0.015463902615010738 0.9998660683631897 -0.05057729780673981 0.0 0.0 0.0 1.0
0.9994146227836609 0.03338031470775604 -0.0074930149130523205 -0.008419840596616268 -0.03348541259765625 0.9993358850479126 -0.014368735253810883 -0.025767704471945763 0.007008406333625317 0.014611231163144112 0.9998686909675598 -0.05269242450594902 0.0 0.0 0.0 1.0
0.9992965459823608 0.036506056785583496 -0.008586849085986614 -0.009346270933747292 -0.036649949848651886 0.9991793632507324 -0.017243599519133568 -0.025654178112745285 0.007950306870043278 0.01754617691040039 0.9998144507408142 -0.05518016219139099 0.0 0.0 0.0 1.0
0.999316930770874 0.03619843348860741 -0.007436603307723999 -0.009899365715682507 -0.03631049767136574 0.9992198348045349 -0.015531457960605621 -0.025431890040636063 0.006868587341159582 0.015790876001119614 0.9998517036437988 -0.05709449574351311 0.0 0.0 0.0 1.0
0.9992956519126892 0.03617050498723984 -0.009997031651437283 -0.010495902970433235 -0.03633531183004379 0.9991979598999023 -0.016827477142214775 -0.02528662607073784 0.009380355477333069 0.017178870737552643 0.9998084306716919 -0.058477625250816345 0.0 0.0 0.0 1.0
0.9992368817329407 0.03680103272199631 -0.013090484775602818 -0.011527268216013908 -0.03705553710460663 0.9991177916526794 -0.019761962816119194 -0.02521822415292263 0.012351675890386105 0.020231956616044044 0.9997190237045288 -0.059493303298950195 0.0 0.0 0.0 1.0
0.9991142153739929 0.040959663689136505 -0.009648551233112812 -0.012460848316550255 -0.041130777448415756 0.9989868998527527 -0.018259430304169655 -0.025036439299583435 0.008890876546502113 0.01864010840654373 0.9997867345809937 -0.060315120965242386 0.0 0.0 0.0 1.0
0.9989450573921204 0.04499145969748497 -0.009193253703415394 -0.01344520878046751 -0.04516597092151642 0.9987842440605164 -0.01974952220916748 -0.02522655948996544 0.008293516933918 0.020143909379839897 0.9997627139091492 -0.060893818736076355 0.0 0.0 0.0 1.0
0.9986830353736877 0.050267063081264496 -0.010268054902553558 -0.015112990513443947 -0.05047247186303139 0.998508095741272 -0.02083449810743332 -0.025425467640161514 0.00920544657856226 0.021325314417481422 0.9997302293777466 -0.06179323047399521 0.0 0.0 0.0 1.0
0.9987139701843262 0.04872291907668114 -0.014015641994774342 -0.01687723584473133 -0.04896986857056618 0.9986407160758972 -0.017851460725069046 -0.025406567379832268 0.013126815669238567 0.0185148473829031 0.9997423887252808 -0.06246187165379524 0.0 0.0 0.0 1.0
0.99872887134552 0.04645901545882225 -0.019550593569874763 -0.018518950790166855 -0.0468008778989315 0.9987525343894958 -0.017407573759555817 -0.025963762775063515 0.018717465922236443 0.018300430849194527 0.9996573328971863 -0.06275222450494766 0.0 0.0 0.0 1.0
0.9986791610717773 0.044502973556518555 -0.02567831054329872 -0.02088663913309574 -0.04496786370873451 0.9988294839859009 -0.01782001554965973 -0.02618503011763096 0.02485520951449871 0.0189511775970459 0.9995114207267761 -0.0637497678399086 0.0 0.0 0.0 1.0
0.9985306262969971 0.045925322920084 -0.028765687718987465 -0.02363300509750843 -0.046574946492910385 0.9986650347709656 -0.022335564717650414 -0.027022987604141235 0.027701519429683685 0.023642506450414658 0.9993366003036499 -0.06445354223251343 0.0 0.0 0.0 1.0
0.9984516501426697 0.049048539251089096 -0.026240652427077293 -0.02551284432411194 -0.049657680094242096 0.9984993934631348 -0.023088514804840088 -0.027462229132652283 0.025068817660212517 0.0243558157235384 0.9993889927864075 -0.0655180960893631 0.0 0.0 0.0 1.0
0.9983322620391846 0.050889115780591965 -0.027258306741714478 -0.02880898490548134 -0.05159006640315056 0.9983386397361755 -0.02566029131412506 -0.027959760278463364 0.025907190516591072 0.02702375501394272 0.9992990493774414 -0.06655631959438324 0.0 0.0 0.0 1.0
0.9980530738830566 0.05327242985367775 -0.032435595989227295 -0.03182067349553108 -0.05400296673178673 0.9982966780662537 -0.0220787450671196 -0.02828953042626381 0.031204158440232277 0.023787377402186394 0.999229907989502 -0.06711398810148239 0.0 0.0 0.0 1.0
0.9980155825614929 0.05288016051054001 -0.03418457508087158 -0.03471074998378754 -0.053706418722867966 0.9982749819755554 -0.023721279576420784 -0.02819747105240822 0.032871223986148834 0.025510137900710106 0.9991340041160583 -0.06741228699684143 0.0 0.0 0.0 1.0
0.9977858662605286 0.05471689626574516 -0.03780722618103027 -0.03818802535533905 -0.05548402667045593 0.998268187046051 -0.019547564908862114 -0.02787831798195839 0.03667217120528221 0.021601982414722443 0.9990938305854797 -0.06765037775039673 0.0 0.0 0.0 1.0
0.9975893497467041 0.057657450437545776 -0.03861524164676666 -0.04120152071118355 -0.05852137506008148 0.9980518221855164 -0.021628111600875854 -0.02763190120458603 0.03729299083352089 0.023835791274905205 0.9990200400352478 -0.06740929186344147 0.0 0.0 0.0 1.0
0.997439444065094 0.058925189077854156 -0.040526483207941055 -0.04416736587882042 -0.05947413295507431 0.9981518983840942 -0.012474678456783295 -0.026768583804368973 0.039716511964797974 0.014853013679385185 0.9991005659103394 -0.0670372024178505 0.0 0.0 0.0 1.0
0.9973770380020142 0.05824606865644455 -0.04297065734863281 -0.04780861735343933 -0.05852557346224785 0.9982720017433167 -0.005274390801787376 -0.026163412258028984 0.04258919134736061 0.007775438483804464 0.9990624189376831 -0.0659671276807785 0.0 0.0 0.0 1.0
0.9972692131996155 0.056721679866313934 -0.047294482588768005 -0.050932176411151886 -0.0570177286863327 0.9983609914779663 -0.004933181218802929 -0.02550407126545906 0.04693714529275894 0.0076163336634635925 0.9988688230514526 -0.06503511220216751 0.0 0.0 0.0 1.0
0.9972569942474365 0.054569266736507416 -0.0500074103474617 -0.053530458360910416 -0.05466993898153305 0.9985042810440063 -0.0006465871701948345 -0.024949369952082634 0.04989732801914215 0.003378715831786394 0.9987486600875854 -0.0645647644996643 0.0 0.0 0.0 1.0
0.997249960899353 0.05020371451973915 -0.054516471922397614 -0.057040952146053314 -0.05022886395454407 0.9987373352050781 0.0009096163557842374 -0.024203674867749214 0.05449330061674118 0.0018311856547370553 0.9985124468803406 -0.06374599784612656 0.0 0.0 0.0 1.0
0.9972220063209534 0.047457389533519745 -0.05741101875901222 -0.05974015220999718 -0.047342270612716675 0.9988730549812317 0.003364395583048463 -0.02351735532283783 0.05750598385930061 -0.0006370814517140388 0.9983449578285217 -0.06309539079666138 0.0 0.0 0.0 1.0
0.9968939423561096 0.049195796251297 -0.061499711126089096 -0.06223975867033005 -0.04860072582960129 0.9987562298774719 0.011135619133710861 -0.02242753468453884 0.061971042305231094 -0.008112100884318352 0.9980449676513672 -0.06334885954856873 0.0 0.0 0.0 1.0
0.9968163371086121 0.049161866307258606 -0.06277225911617279 -0.06532902270555496 -0.04845372959971428 0.998744010925293 0.012754818424582481 -0.021409861743450165 0.06332046538591385 -0.009672661311924458 0.9979463815689087 -0.062437381595373154 0.0 0.0 0.0 1.0
0.9968250393867493 0.05116388946771622 -0.0610090009868145 -0.06802064180374146 -0.050398826599121094 0.9986308217048645 0.014014758169651031 -0.020882349461317062 0.061642520129680634 -0.01089547947049141 0.9980388283729553 -0.062110383063554764 0.0 0.0 0.0 1.0
0.9970412850379944 0.05103718116879463 -0.05747924745082855 -0.07054051011800766 -0.05038069188594818 0.9986478686332703 0.012814068235456944 -0.02043652907013893 0.05805552378296852 -0.009880311787128448 0.998264491558075 -0.06146116182208061 0.0 0.0 0.0 1.0
0.9969427585601807 0.05049561336636543 -0.059626344591379166 -0.07374224066734314 -0.049731239676475525 0.9986611604690552 0.01423548348248005 -0.020121995359659195 0.06026534363627434 -0.011226669885218143 0.9981192350387573 -0.06131971254944801 0.0 0.0 0.0 1.0
0.9967218637466431 0.046643465757369995 -0.06610532104969025 -0.07665349543094635 -0.045823339372873306 0.9988532662391663 0.013869554735720158 -0.019676009193062782 0.06667644530534744 -0.010794921778142452 0.9977162480354309 -0.06083425134420395 0.0 0.0 0.0 1.0
0.9963628649711609 0.04920720309019089 -0.06956776976585388 -0.07868438959121704 -0.04796719178557396 0.9986608028411865 0.019385071471333504 -0.019480111077427864 0.07042849063873291 -0.01597759500145912 0.9973888397216797 -0.06178141012787819 0.0 0.0 0.0 1.0
0.9966945648193359 0.04675129055976868 -0.06644020229578018 -0.08138779550790787 -0.04558904096484184 0.9987813830375671 0.01890377141535282 -0.019333669915795326 0.06724301725625992 -0.01581234112381935 0.9976113438606262 -0.0617930069565773 0.0 0.0 0.0 1.0
0.9968418478965759 0.04709000885486603 -0.0639444962143898 -0.08348150551319122 -0.04581835865974426 0.9987245798110962 0.021210500970482826 -0.01943705603480339 0.06486174464225769 -0.018213681876659393 0.9977280497550964 -0.062223948538303375 0.0 0.0 0.0 1.0
0.9961540102958679 0.05322255939245224 -0.0696023628115654 -0.08780544251203537 -0.05201304703950882 0.9984641671180725 0.019077103585004807 -0.020201733335852623 0.07051079720258713 -0.015383502468466759 0.9973924160003662 -0.06330966204404831 0.0 0.0 0.0 1.0
0.9964380264282227 0.05174728110432625 -0.06658465415239334 -0.08975791931152344 -0.05044151842594147 0.9985031485557556 0.021145688369870186 -0.020114716142416 0.06757921725511551 -0.017711738124489784 0.9975566864013672 -0.0640779510140419 0.0 0.0 0.0 1.0
0.9963668584823608 0.052217889577150345 -0.06727819889783859 -0.09181131422519684 -0.05076251178979874 0.9984420537948608 0.023164289072155952 -0.01989608071744442 0.06838297098875046 -0.01966491900384426 0.9974653124809265 -0.06466597318649292 0.0 0.0 0.0 1.0
0.9962673187255859 0.05373764410614967 -0.06755471229553223 -0.09427258372306824 -0.052121032029390335 0.9983159303665161 0.025470659136772156 -0.019690850749611855 0.06880968064069748 -0.021854564547538757 0.9973903894424438 -0.06519517302513123 0.0 0.0 0.0 1.0
0.9958081841468811 0.06235777586698532 -0.06691431254148483 -0.09621772170066833 -0.06069238483905792 0.9978009462356567 0.026641057804226875 -0.01930895261466503 0.06842843443155289 -0.022468194365501404 0.9974029660224915 -0.06567537039518356 0.0 0.0 0.0 1.0
0.9959362745285034 0.06358277052640915 -0.06378216296434402 -0.09914365410804749 -0.06212707608938217 0.9977661371231079 0.024554366245865822 -0.01945272460579872 0.06520091742277145 -0.020491983741521835 0.9976617097854614 -0.06576607376337051 0.0 0.0 0.0 1.0
0.9958235025405884 0.06591883301734924 -0.06316889077425003 -0.10301677137613297 -0.06430984288454056 0.9975598454475403 0.027176761999726295 -0.019219595938920975 0.06480620801448822 -0.023000875487923622 0.9976327419281006 -0.06621844321489334 0.0 0.0 0.0 1.0
0.9955693483352661 0.06875520944595337 -0.0641438215970993 -0.10659784823656082 -0.06714490801095963 0.9973796606063843 0.026933789253234863 -0.018977515399456024 0.06582758575677872 -0.022507524117827415 0.9975771307945251 -0.06651385128498077 0.0 0.0 0.0 1.0
0.995336651802063 0.07172419130802155 -0.06450308859348297 -0.10958638787269592 -0.06974143534898758 0.9970360398292542 0.032485298812389374 -0.018454596400260925 0.06664188206195831 -0.027835268527269363 0.9973886013031006 -0.06773663312196732 0.0 0.0 0.0 1.0
0.9950812458992004 0.07447881251573563 -0.06531672924757004 -0.11296563595533371 -0.0725250244140625 0.9968597292900085 0.03179336339235306 -0.01847575046122074 0.06747955083847046 -0.026899881660938263 0.997357964515686 -0.0683925598859787 0.0 0.0 0.0 1.0
0.9946125745773315 0.07579831779003143 -0.07071390002965927 -0.11731208115816116 -0.0737675353884697 0.9967964887619019 0.030904559418559074 -0.01921769045293331 0.07282988727092743 -0.025521673262119293 0.9970178008079529 -0.06911914050579071 0.0 0.0 0.0 1.0
0.9945982098579407 0.0751502513885498 -0.07160178571939468 -0.11882749199867249 -0.07306653261184692 0.9968360066413879 0.031292982399463654 -0.019720550626516342 0.07372691482305527 -0.02589225210249424 0.9969422817230225 -0.06971131265163422 0.0 0.0 0.0 1.0
0.9948081374168396 0.07290896773338318 -0.0710003674030304 -0.1198432594537735 -0.07084007561206818 0.9969984889030457 0.031237050890922546 -0.020060313865542412 0.07306472212076187 -0.02604519948363304 0.9969870448112488 -0.07003189623355865 0.0 0.0 0.0 1.0
0.9950117468833923 0.06926179677248001 -0.07179462909698486 -0.1206618919968605 -0.06711309403181076 0.9972345232963562 0.03192349895834923 -0.02029581554234028 0.07380715757608414 -0.026945896446704865 0.99690842628479 -0.07015182077884674 0.0 0.0 0.0 1.0
0.9952496886253357 0.06605858355760574 -0.07151452451944351 -0.1215440109372139 -0.06384275108575821 0.9974194169044495 0.03284142538905144 -0.02028636634349823 0.07349943369626999 -0.028119735419750214 0.9968987703323364 -0.0704861432313919 0.0 0.0 0.0 1.0
0.9949976801872253 0.06645354628562927 -0.07458897680044174 -0.12251056730747223 -0.06410917639732361 0.9973838329315186 0.03339920565485954 -0.020131725817918777 0.07661332935094833 -0.028450293466448784 0.9966548681259155 -0.0708627849817276 0.0 0.0 0.0 1.0
0.9949862360954285 0.06539266556501389 -0.0756712257862091 -0.12367738783359528 -0.062944196164608 0.9974273443222046 0.0343039445579052 -0.01983635127544403 0.0777197778224945 -0.029368890449404716 0.9965425729751587 -0.0710659846663475 0.0 0.0 0.0 1.0
0.9955308437347412 0.060660991817712784 -0.07237794995307922 -0.12524473667144775 -0.05819273740053177 0.9976654648780823 0.035738904029130936 -0.0192595012485981 0.07437694072723389 -0.031367313116788864 0.9967367649078369 -0.07092226296663284 0.0 0.0 0.0 1.0
0.9955191016197205 0.05998500436544418 -0.07309974730014801 -0.12700922787189484 -0.05736415833234787 0.9976509809494019 0.03744177520275116 -0.01878691464662552 0.07517398148775101 -0.03308069705963135 0.9966215491294861 -0.07097921520471573 0.0 0.0 0.0 1.0
0.9950541853904724 0.06025482714176178 -0.07897191494703293 -0.12890002131462097 -0.05747726932168007 0.9976614117622375 0.0369868129491806 -0.018368661403656006 0.08101586997509003 -0.032264791429042816 0.9961904287338257 -0.07073434442281723 0.0 0.0 0.0 1.0
0.9949847459793091 0.06273090094327927 -0.07791110128164291 -0.13096700608730316 -0.05965700000524521 0.9973693490028381 0.041176069527864456 -0.017954908311367035 0.08028915524482727 -0.036321621388196945 0.9961096048355103 -0.07086221128702164 0.0 0.0 0.0 1.0
0.9950475692749023 0.06164613738656044 -0.0779745951294899 -0.1334269493818283 -0.05835765227675438 0.9973355531692505 0.043773796409368515 -0.01741849072277546 0.08046532422304153 -0.03900659829378128 0.9959939122200012 -0.07096678018569946 0.0 0.0 0.0 1.0
0.994953453540802 0.06447139382362366 -0.0768837258219719 -0.13553425669670105 -0.06129752844572067 0.9971948862075806 0.042952656745910645 -0.017326761037111282 0.07943727821111679 -0.03802311047911644 0.9961144328117371 -0.07093756645917892 0.0 0.0 0.0 1.0
0.9946523904800415 0.06804510205984116 -0.07769446074962616 -0.1380329430103302 -0.06482607871294022 0.9969596862792969 0.04323102906346321 -0.017234865576028824 0.08039990812540054 -0.037963222712278366 0.9960395097732544 -0.07107210904359818 0.0 0.0 0.0 1.0
0.994526207447052 0.06905992329120636 -0.07841131836175919 -0.14037926495075226 -0.06591947376728058 0.9969423413276672 0.04195971414446831 -0.01744692213833332 0.08106929808855057 -0.03656120225787163 0.9960376620292664 -0.07089941203594208 0.0 0.0 0.0 1.0
0.9943270683288574 0.068934366106987 -0.08100428432226181 -0.14237362146377563 -0.06563854962587357 0.9969306588172913 0.042671725153923035 -0.01755942776799202 0.08369719982147217 -0.03711264953017235 0.9957998991012573 -0.07132354378700256 0.0 0.0 0.0 1.0
0.9945436120033264 0.06426883488893509 -0.08217407017946243 -0.14548265933990479 -0.06139702349901199 0.9974269270896912 0.03701227903366089 -0.018093131482601166 0.08434136211872101 -0.031765080988407135 0.9959304928779602 -0.07073275744915009 0.0 0.0 0.0 1.0
0.9941882491111755 0.06747064739465714 -0.08388935774564743 -0.14710411429405212 -0.06416055560112 0.9970742464065552 0.0415496751666069 -0.018006324768066406 0.08644729852676392 -0.03592580929398537 0.9956084489822388 -0.0719258040189743 0.0 0.0 0.0 1.0
0.9941061735153198 0.06852211803197861 -0.08400950580835342 -0.1491149514913559 -0.0652257651090622 0.9970123171806335 0.04137695953249931 -0.018132401630282402 0.08659374713897705 -0.03565350919961929 0.9956055283546448 -0.07212735712528229 0.0 0.0 0.0 1.0
0.9943698644638062 0.06907384097576141 -0.08035797625780106 -0.15144190192222595 -0.06597065925598145 0.9969930052757263 0.04065433144569397 -0.018122198060154915 0.0829244926571846 -0.035124171525239944 0.9959366321563721 -0.07193967700004578 0.0 0.0 0.0 1.0
0.9937933087348938 0.07376983761787415 -0.08326388895511627 -0.153605118393898 -0.07044954597949982 0.9966249465942383 0.04213792830705643 -0.017944324761629105 0.08609137684106827 -0.036010488867759705 0.9956362247467041 -0.07244846224784851 0.0 0.0 0.0 1.0
0.9933338165283203 0.07558227330446243 -0.08703562617301941 -0.15552863478660583 -0.07248551398515701 0.996637225151062 0.03821180760860443 -0.018006902188062668 0.0896310806274414 -0.03164825960993767 0.9954720735549927 -0.07237011939287186 0.0 0.0 0.0 1.0
0.9937524199485779 0.07385154813528061 -0.08367844671010971 -0.15718752145767212 -0.07054691761732101 0.9966328144073486 0.041787441819906235 -0.018033429980278015 0.08648274838924408 -0.03562311455607414 0.9956162571907043 -0.07316850870847702 0.0 0.0 0.0 1.0
0.9938346743583679 0.07325434684753418 -0.08322557061910629 -0.15887178480625153 -0.07010456919670105 0.9967308044433594 0.040162138640880585 -0.018245911225676537 0.08589554578065872 -0.034080032259225845 0.9957211017608643 -0.07384533435106277 0.0 0.0 0.0 1.0
0.9933885335922241 0.075966976583004 -0.08607102185487747 -0.16054558753967285 -0.0728696957230568 0.9965950846672058 0.038577448576688766 -0.018408508971333504 0.08870857208967209 -0.03205042704939842 0.9955418705940247 -0.07460819184780121 0.0 0.0 0.0 1.0
0.993661642074585 0.07480939477682114 -0.08390498906373978 -0.16209620237350464 -0.07162404805421829 0.996614933013916 0.04035629332065582 -0.018271775916218758 0.08663999289274216 -0.03409088775515556 0.9956562519073486 -0.07529875636100769 0.0 0.0 0.0 1.0
0.9935976266860962 0.07718508690595627 -0.0825001448392868 -0.16348686814308167 -0.07407344877719879 0.9964447021484375 0.040138933807611465 -0.01859780214726925 0.08530496060848236 -0.03377087786793709 0.9957823753356934 -0.07600568234920502 0.0 0.0 0.0 1.0
0.9933744668960571 0.07796294242143631 -0.08443310856819153 -0.16507624089717865 -0.07503964751958847 0.9964840412139893 0.03726444020867348 -0.01890559121966362 0.08704148977994919 -0.030681712552905083 0.9957320690155029 -0.07672622054815292 0.0 0.0 0.0 1.0
0.9941847324371338 0.0721316933631897 -0.07996079325675964 -0.16701023280620575 -0.06970680505037308 0.9970308542251587 0.032717034220695496 -0.019018050283193588 0.0820833146572113 -0.026952965185046196 0.996260941028595 -0.076561838388443 0.0 0.0 0.0 1.0
0.9933357834815979 0.06845548748970032 -0.0927247479557991 -0.17059752345085144 -0.06547967344522476 0.9972480535507202 0.03476744517683983 -0.0191027969121933 0.094849593937397 -0.02846416085958481 0.9950845837593079 -0.07867470383644104 0.0 0.0 0.0 1.0
0.9934219717979431 0.06246500834822655 -0.09597377479076385 -0.17244018614292145 -0.058949604630470276 0.9974972605705261 0.03904029354453087 -0.018975015729665756 0.09817223250865936 -0.0331258662045002 0.9946179389953613 -0.07952221482992172 0.0 0.0 0.0 1.0
0.993399441242218 0.05999968945980072 -0.09776287525892258 -0.17429643869400024 -0.05648745223879814 0.9976680874824524 0.03830873966217041 -0.018652118742465973 0.0998334139585495 -0.03253350406885147 0.9944721460342407 -0.07990957796573639 0.0 0.0 0.0 1.0
0.993216872215271 0.06149889528751373 -0.09868213534355164 -0.17589783668518066 -0.0581652857363224 0.9976463317871094 0.036312591284513474 -0.018887288868427277 0.1006830558180809 -0.030326401814818382 0.9944562315940857 -0.08035701513290405 0.0 0.0 0.0 1.0
0.9932593703269958 0.06381353735923767 -0.09676571935415268 -0.1775665432214737 -0.05978941172361374 0.9972437620162964 0.043933480978012085 -0.018088269978761673 0.09930256009101868 -0.03785177692770958 0.9943370819091797 -0.081375353038311 0.0 0.0 0.0 1.0
0.9936619997024536 0.06578052788972855 -0.09115249663591385 -0.17921362817287445 -0.06154882162809372 0.9969257116317749 0.04848552122712135 -0.017733728513121605 0.09406167268753052 -0.042567890137434006 0.9946559071540833 -0.08183514326810837 0.0 0.0 0.0 1.0
0.993431031703949 0.06611020117998123 -0.0934034064412117 -0.18123717606067657 -0.06188853457570076 0.9969570636749268 0.047396957874298096 -0.017242951318621635 0.09625260531902313 -0.04130500927567482 0.9944995641708374 -0.08249422162771225 0.0 0.0 0.0 1.0
0.9933047294616699 0.0688394159078598 -0.09277289360761642 -0.18309342861175537 -0.06425145268440247 0.9966004490852356 0.05156807228922844 -0.016920054331421852 0.09600742161273956 -0.04526202008128166 0.9943510293960571 -0.08288157731294632 0.0 0.0 0.0 1.0
0.9935945868492126 0.0686529129743576 -0.08975844830274582 -0.1851813644170761 -0.06395168602466583 0.9964775443077087 0.05424598604440689 -0.016606062650680542 0.09316642582416534 -0.04815831407904625 0.9944851994514465 -0.08283738046884537 0.0 0.0 0.0 1.0
0.9933565855026245 0.069464311003685 -0.09174609929323196 -0.18745596706867218 -0.06473870575428009 0.9964660406112671 0.05351947620511055 -0.01634645275771618 0.09513957053422928 -0.04722440242767334 0.9943431615829468 -0.08307987451553345 0.0 0.0 0.0 1.0
0.9934478998184204 0.07022007554769516 -0.09016861021518707 -0.18978069722652435 -0.06540916860103607 0.9963279366493225 0.05524788424372673 -0.015583319589495659 0.09371701627969742 -0.048988040536642075 0.9943929314613342 -0.08338523656129837 0.0 0.0 0.0 1.0
0.9933071732521057 0.07594834268093109 -0.08702115714550018 -0.19131037592887878 -0.07073257118463516 0.9955956339836121 0.0615328773856163 -0.015346824191510677 0.09131120145320892 -0.05496581643819809 0.9943042993545532 -0.08424787223339081 0.0 0.0 0.0 1.0
0.9928327798843384 0.07999563217163086 -0.0887906476855278 -0.19309046864509583 -0.07450064271688461 0.9951927065849304 0.06356960535049438 -0.014466069638729095 0.09344909340143204 -0.05649902671575546 0.9940196871757507 -0.08499991148710251 0.0 0.0 0.0 1.0
0.9931608438491821 0.07758324593305588 -0.08724869787693024 -0.19485270977020264 -0.0723489373922348 0.9954729080200195 0.06163858249783516 -0.01466021966189146 0.09163583070039749 -0.05490467697381973 0.9942777752876282 -0.08451330661773682 0.0 0.0 0.0 1.0
0.9931520819664001 0.07559219747781754 -0.08907703310251236 -0.19666576385498047 -0.06990141421556473 0.9954100847244263 0.0653647780418396 -0.013806609436869621 0.09360925108194351 -0.05869055539369583 0.993877649307251 -0.08482018113136292 0.0 0.0 0.0 1.0
0.9929187893867493 0.07478205859661102 -0.09230360388755798 -0.19830171763896942 -0.06899765878915787 0.9955394864082336 0.06434651464223862 -0.01394642610102892 0.09670384973287582 -0.05752212926745415 0.9936496019363403 -0.08463538438081741 0.0 0.0 0.0 1.0
0.9927225112915039 0.07271318137645721 -0.09599372744560242 -0.20078103244304657 -0.0669512152671814 0.9958316087722778 0.06194266676902771 -0.013632269576191902 0.1000976413488388 -0.055064983665943146 0.9934527277946472 -0.08475494384765625 0.0 0.0 0.0 1.0
0.9928917288780212 0.07152978330850601 -0.09512864053249359 -0.20253950357437134 -0.06551097333431244 0.995735228061676 0.06495857238769531 -0.013195990584790707 0.09936941415071487 -0.05826486274600029 0.9933432936668396 -0.08494843542575836 0.0 0.0 0.0 1.0
0.9926689267158508 0.07242037355899811 -0.0967661589384079 -0.2048664391040802 -0.06671777367591858 0.9959100484848022 0.0609254390001297 -0.013185786083340645 0.10078263282775879 -0.05402276664972305 0.9934406876564026 -0.08476075530052185 0.0 0.0 0.0 1.0
0.9926015138626099 0.07607150077819824 -0.0946330726146698 -0.20676012337207794 -0.07017335295677185 0.9954686760902405 0.06417017430067062 -0.012976222671568394 0.09908578544855118 -0.05705468729138374 0.9934418797492981 -0.08475345373153687 0.0 0.0 0.0 1.0
0.9924585223197937 0.07585315406322479 -0.09629333019256592 -0.20856648683547974 -0.06974267214536667 0.9954245090484619 0.06531485915184021 -0.01270315982401371 0.1008070781826973 -0.05810653418302536 0.9932076930999756 -0.08446626365184784 0.0 0.0 0.0 1.0
0.9925441145896912 0.07528378814458847 -0.09585671126842499 -0.21056553721427917 -0.06922109425067902 0.9954763650894165 0.06507882475852966 -0.012448168359696865 0.10032247006893158 -0.057958297431468964 0.9932654500007629 -0.08432921767234802 0.0 0.0 0.0 1.0
0.9921644330024719 0.0746835246682167 -0.10016071051359177 -0.21297402679920197 -0.06847269088029861 0.9955929517745972 0.06407923251390457 -0.012084084562957287 0.10450495779514313 -0.0567188635468483 0.9929056763648987 -0.08394628763198853 0.0 0.0 0.0 1.0
0.9925810694694519 0.06961242109537125 -0.0996844545006752 -0.21477147936820984 -0.06316132843494415 0.9957870841026306 0.06647384911775589 -0.01163864228874445 0.10389189422130585 -0.05968448147177696 0.9927961826324463 -0.08355806767940521 0.0 0.0 0.0 1.0
0.9922301173210144 0.07072793692350388 -0.10235678404569626 -0.21677052974700928 -0.06410878151655197 0.9957196712493896 0.0665762722492218 -0.011383650824427605 0.1066274642944336 -0.05949701368808746 0.992517352104187 -0.0834210216999054 0.0 0.0 0.0 1.0
0.9918509125709534 0.07233364880084991 -0.10487892478704453 -0.2189740538597107 -0.06574606150388718 0.9957191944122314 0.06496742367744446 -0.011527800932526588 0.10912928730249405 -0.057542622089385986 0.9923606514930725 -0.08377272635698318 0.0 0.0 0.0 1.0
0.9920549988746643 0.07305869460105896 -0.10241717100143433 -0.22074300050735474 -0.06651371717453003 0.995604932308197 0.06592966616153717 -0.011141403578221798 0.10678377747535706 -0.05859370902180672 0.9925543069839478 -0.08388019353151321 0.0 0.0 0.0 1.0
0.9920102953910828 0.07206772267818451 -0.10354643315076828 -0.22246024012565613 -0.06563722342252731 0.9957744479179382 0.06422627717256546 -0.011381027288734913 0.10773753374814987 -0.056916628032922745 0.9925488233566284 -0.08411184698343277 0.0 0.0 0.0 1.0
0.9918192625045776 0.07099316269159317 -0.1060873493552208 -0.22458089888095856 -0.06447688490152359 0.9958876371383667 0.06364379823207855 -0.011547868140041828 0.11016935110092163 -0.05628295987844467 0.9923179745674133 -0.08423416316509247 0.0 0.0 0.0 1.0
0.9917106628417969 0.07291319966316223 -0.10579973459243774 -0.22646254301071167 -0.06638391315937042 0.9957408308982849 0.06397951394319534 -0.01141092274338007 0.11001406610012054 -0.05642576515674591 0.992327094078064 -0.08449996262788773 0.0 0.0 0.0 1.0
0.9918610453605652 0.07570315152406693 -0.1023753359913826 -0.22804012894630432 -0.06941616535186768 0.995555579662323 0.06364329904317856 -0.011337642557919025 0.10673833638429642 -0.056018806993961334 0.9927078485488892 -0.08488190174102783 0.0 0.0 0.0 1.0
0.9917032122612 0.07951478660106659 -0.10100558400154114 -0.2304004728794098 -0.07365864515304565 0.995449960231781 0.06044691801071167 -0.011264029890298843 0.10535242408514023 -0.05250547081232071 0.993047833442688 -0.08559136092662811 0.0 0.0 0.0 1.0
0.9913928508758545 0.08255749940872192 -0.10160942375659943 -0.23245097696781158 -0.07660894095897675 0.9951860308647156 0.06112144514918327 -0.010836705565452576 0.106166310608387 -0.05281117558479309 0.9929449558258057 -0.08594181388616562 0.0 0.0 0.0 1.0
0.9913129210472107 0.08200081437826157 -0.1028328388929367 -0.234299898147583 -0.07565969973802567 0.995069682598114 0.06412435322999954 -0.010218928568065166 0.10758408904075623 -0.05578699707984924 0.9926295876502991 -0.08604109287261963 0.0 0.0 0.0 1.0
0.9909279346466064 0.07989785075187683 -0.10806576162576675 -0.23661349713802338 -0.07347580790519714 0.9953577518463135 0.06216326728463173 -0.009950153529644012 0.11253080517053604 -0.053659096360206604 0.9921983480453491 -0.08570187538862228 0.0 0.0 0.0 1.0
0.9910473227500916 0.07749424874782562 -0.10871926695108414 -0.23845350742340088 -0.07050609588623047 0.9952777028083801 0.06671694666147232 -0.009159996174275875 0.11337604373693466 -0.058454278856515884 0.9918311238288879 -0.085700124502182 0.0 0.0 0.0 1.0
0.9910131692886353 0.07747899740934372 -0.10904088616371155 -0.23985958099365234 -0.0704764872789383 0.9952825903892517 0.06667565554380417 -0.008714718744158745 0.11369245499372482 -0.05839163437485695 0.9917985796928406 -0.0851481482386589 0.0 0.0 0.0 1.0
0.9909887909889221 0.08050056546926498 -0.10705547779798508 -0.24130062758922577 -0.07301618903875351 0.9947220087051392 0.07208844274282455 -0.008083535358309746 0.11229360103607178 -0.06362205743789673 0.9916362166404724 -0.08530624955892563 0.0 0.0 0.0 1.0
0.9908474683761597 0.08228681981563568 -0.10700567066669464 -0.24267974495887756 -0.074772410094738 0.9945659041404724 0.07244118303060532 -0.007574805058538914 0.11238515377044678 -0.06377708911895752 0.991615891456604 -0.0850628912448883 0.0 0.0 0.0 1.0
0.9912926554679871 0.07896672934293747 -0.10537134855985641 -0.24404707551002502 -0.07126609981060028 0.9946373701095581 0.07495114207267761 -0.006685005035251379 0.11072492599487305 -0.06678911298513412 0.9916043877601624 -0.08448093384504318 0.0 0.0 0.0 1.0
0.9914762377738953 0.07557286322116852 -0.10613001883029938 -0.24580132961273193 -0.06727146357297897 0.9945434331893921 0.07973653078079224 -0.005708849523216486 0.11157683283090591 -0.07191735506057739 0.9911500811576843 -0.0840122252702713 0.0 0.0 0.0 1.0
0.991199791431427 0.07346808910369873 -0.11011550575494766 -0.2477901577949524 -0.06485475599765778 0.9946937561035156 0.07986368238925934 -0.004950290080159903 0.11539863795042038 -0.07201935350894928 0.9907050132751465 -0.08334952592849731 0.0 0.0 0.0 1.0
0.9914084672927856 0.07250368595123291 -0.10886897891759872 -0.24954597651958466 -0.0631902739405632 0.9942291975021362 0.08669053763151169 -0.0038516356144100428 0.11452610045671463 -0.07906626909971237 0.9902688264846802 -0.08269376307725906 0.0 0.0 0.0 1.0
0.9913997650146484 0.07411094009876251 -0.1078614667057991 -0.25206810235977173 -0.06451031565666199 0.9938564896583557 0.08993138372898102 -0.002739077666774392 0.11386372148990631 -0.08219977468252182 0.990090012550354 -0.08258809894323349 0.0 0.0 0.0 1.0
0.9912543892860413 0.07722057402133942 -0.10701294988393784 -0.25474923849105835 -0.06776171177625656 0.9936903715133667 0.08937463164329529 -0.002161685610190034 0.11323930323123932 -0.08134160935878754 0.990232527256012 -0.08234713226556778 0.0 0.0 0.0 1.0
0.9913901686668396 0.0781133696436882 -0.10508941113948822 -0.2573116719722748 -0.06868035346269608 0.9935189485549927 0.09057129919528961 -0.0013711510691791773 0.1114831492304802 -0.08257392048835754 0.9903297424316406 -0.08208438754081726 0.0 0.0 0.0 1.0
0.9911665916442871 0.07985114306211472 -0.1058892086148262 -0.26099836826324463 -0.07052984833717346 0.9935284852981567 0.08903218805789948 -0.0006299545639194548 0.11231326311826706 -0.0807773768901825 0.9903841614723206 -0.08163835853338242 0.0 0.0 0.0 1.0
0.9907634854316711 0.08086221665143967 -0.10885311663150787 -0.2645438313484192 -0.0711977481842041 0.9934005737304688 0.0899234414100647 0.000301647640299052 0.11540614813566208 -0.08134276419878006 0.9899821877479553 -0.08152966946363449 0.0 0.0 0.0 1.0
0.9908149838447571 0.08282995223999023 -0.1068873405456543 -0.2673138380050659 -0.07335937023162842 0.9932645559310913 0.08968782424926758 0.0009380393312312663 0.11359624564647675 -0.08102285116910934 0.9902177453041077 -0.08138154447078705 0.0 0.0 0.0 1.0
0.9909152984619141 0.08768368512392044 -0.10197247564792633 -0.2705657184123993 -0.07839450240135193 0.9926875829696655 0.09179137647151947 0.0017560954438522458 0.10927541553974152 -0.08296339958906174 0.9905432462692261 -0.08130296319723129 0.0 0.0 0.0 1.0
0.9903573989868164 0.0929512083530426 -0.10272414982318878 -0.2736037075519562 -0.08314480632543564 0.9919078946113586 0.09594594687223434 0.002238298300653696 0.11081118881702423 -0.0864798054099083 0.9900717735290527 -0.08185799419879913 0.0 0.0 0.0 1.0
0.9905118346214294 0.093045175075531 -0.10113802552223206 -0.276123583316803 -0.08372647315263748 0.9921600818634033 0.09278059005737305 0.002684118691831827 0.10897789895534515 -0.08343233913183212 0.990536630153656 -0.08120877295732498 0.0 0.0 0.0 1.0
0.9903503656387329 0.09026620537042618 -0.10515778511762619 -0.2789301574230194 -0.07972043752670288 0.9917372465133667 0.10050796717405319 0.0036289154086261988 0.11336136609315872 -0.09115488082170486 0.989363431930542 -0.081583671271801 0.0 0.0 0.0 1.0
0.9904884099960327 0.0860954076051712 -0.10733264684677124 -0.2821379005908966 -0.07551629841327667 0.9922166466712952 0.09901248663663864 0.003979758359491825 0.11502175033092499 -0.08996535837650299 0.989280641078949 -0.08130567520856857 0.0 0.0 0.0 1.0
0.9905299544334412 0.08511238545179367 -0.10773248225450516 -0.28442296385765076 -0.07445735484361649 0.9922642707824707 0.09933625906705856 0.004189487546682358 0.11535383760929108 -0.09037406742572784 0.9892047643661499 -0.08146213740110397 0.0 0.0 0.0 1.0
0.990515947341919 0.08737717568874359 -0.10603499412536621 -0.28718987107276917 -0.07646933197975159 0.9917470216751099 0.10290909558534622 0.004580880980938673 0.11415179818868637 -0.09382466971874237 0.9890229105949402 -0.08168813586235046 0.0 0.0 0.0 1.0
0.9903348684310913 0.08805447816848755 -0.10715975612401962 -0.29018086194992065 -0.07756394147872925 0.9921180605888367 0.0984153300523758 0.004804559983313084 0.1149810403585434 -0.08915240317583084 0.9893589615821838 -0.08180617541074753 0.0 0.0 0.0 1.0
0.990089476108551 0.09129706770181656 -0.10671302676200867 -0.29297158122062683 -0.08079668879508972 0.9918121099472046 0.09889691323041916 0.004887502174824476 0.11486827582120895 -0.08929473161697388 0.9893592596054077 -0.08209767937660217 0.0 0.0 0.0 1.0
0.9902881383895874 0.08800161629915237 -0.10763432085514069 -0.2961254119873047 -0.07735329866409302 0.9920364022254944 0.0993991270661354 0.005365251563489437 0.11552444845438004 -0.09010790288448334 0.9892091155052185 -0.0824369266629219 0.0 0.0 0.0 1.0
0.9898638725280762 0.08796073496341705 -0.11150085180997849 -0.29945099353790283 -0.07673896104097366 0.9918991327285767 0.10122837126255035 0.00592469098046422 0.11950172483921051 -0.09164584428071976 0.9885951280593872 -0.0830983966588974 0.0 0.0 0.0 1.0
0.9893215298652649 0.09051523357629776 -0.1142360046505928 -0.3027295768260956 -0.07944607734680176 0.9920108914375305 0.09799341857433319 0.006225606892257929 0.12219325453042984 -0.08787140250205994 0.9886088371276855 -0.08332288265228271 0.0 0.0 0.0 1.0
0.9893022179603577 0.09063391387462616 -0.11430929601192474 -0.3053050935268402 -0.0795653834939003 0.992006778717041 0.09793823212385178 0.0063038840889930725 0.12227211892604828 -0.0877954438328743 0.9886058568954468 -0.08382336050271988 0.0 0.0 0.0 1.0
0.9898602366447449 0.08933870494365692 -0.1104322001338005 -0.30806756019592285 -0.07860267162322998 0.9920750260353088 0.09802428632974625 0.006781467702239752 0.11831439286470413 -0.0883500725030899 0.9890378713607788 -0.08399885147809982 0.0 0.0 0.0 1.0
0.9899635910987854 0.08502764254808426 -0.11288244277238846 -0.3119785189628601 -0.07469475269317627 0.9928778409957886 0.0928131714463234 0.006991812959313393 0.1199701577425003 -0.08344992995262146 0.9892640113830566 -0.08539886772632599 0.0 0.0 0.0 1.0
0.9903972744941711 0.0791468396782875 -0.11335361003875732 -0.31361958384513855 -0.06908465921878815 0.9935332536697388 0.09010531008243561 0.007310045417398214 0.11975213140249252 -0.08140905201435089 0.9894604682922363 -0.08599520474672318 0.0 0.0 0.0 1.0
0.9906299710273743 0.0743074044585228 -0.11458905041217804 -0.3154018819332123 -0.06481493264436722 0.9943171143531799 0.08445404469966888 0.007437872234731913 0.12021341174840927 -0.07623562961816788 0.9898166060447693 -0.08625420182943344 0.0 0.0 0.0 1.0
0.9906650185585022 0.07351857423782349 -0.11479465663433075 -0.317214697599411 -0.06458234041929245 0.9947232007980347 0.07971768826246262 0.007837795652449131 0.12004964053630829 -0.07155982404947281 0.9901854991912842 -0.08717276901006699 0.0 0.0 0.0 1.0
0.9905970692634583 0.07965120673179626 -0.11123433709144592 -0.318266361951828 -0.07062169164419174 0.9940534830093384 0.08288731426000595 0.00868186354637146 0.11717495322227478 -0.07425238192081451 0.9903315901756287 -0.08832236379384995 0.0 0.0 0.0 1.0
0.9903188943862915 0.08385274559259415 -0.11062213778495789 -0.319937527179718 -0.0756056159734726 0.9941791892051697 0.07675662636756897 0.009181641042232513 0.11641447991132736 -0.06764987856149673 0.9908941388130188 -0.08823596686124802 0.0 0.0 0.0 1.0
0.99002605676651 0.08728280663490295 -0.11058998852968216 -0.32166746258735657 -0.07977631688117981 0.9943107962608337 0.07058149576187134 0.009558873251080513 0.11612137407064438 -0.06105506047606468 0.9913566708564758 -0.08892514556646347 0.0 0.0 0.0 1.0
0.9903070330619812 0.08770181983709335 -0.10770487785339355 -0.3232704699039459 -0.07992512732744217 0.994011402130127 0.07452020049095154 0.010865866206586361 0.11359543353319168 -0.06518955528736115 0.9913861155509949 -0.09022212773561478 0.0 0.0 0.0 1.0
0.9903485774993896 0.08679892867803574 -0.10805410891771317 -0.3248264491558075 -0.07875499129295349 0.9939455986022949 0.07661457359790802 0.011914335191249847 0.11404997110366821 -0.06736532598733902 0.9911884069442749 -0.0910821259021759 0.0 0.0 0.0 1.0
0.9899616241455078 0.08652964979410172 -0.11175235360860825 -0.32667893171310425 -0.07836941629648209 0.9940640926361084 0.07546421140432358 0.012867662124335766 0.11761889606714249 -0.06594870984554291 0.9908666014671326 -0.09214959293603897 0.0 0.0 0.0 1.0
0.9901573061943054 0.08408177644014359 -0.1118871197104454 -0.3281759023666382 -0.07590150088071823 0.994255006313324 0.07547162473201752 0.013584989123046398 0.11759011447429657 -0.06623638421297073 0.9908508062362671 -0.09284570068120956 0.0 0.0 0.0 1.0
0.9902083873748779 0.08448854833841324 -0.11112632602453232 -0.3295855224132538 -0.0763516053557396 0.9942144751548767 0.07555131614208221 0.014365815557539463 0.11686661839485168 -0.06632687896490097 0.9909303188323975 -0.09326191246509552 0.0 0.0 0.0 1.0
0.9902170896530151 0.08661246299743652 -0.1094004213809967 -0.3314618170261383 -0.0792924165725708 0.9944198727607727 0.06958336383104324 0.015010690316557884 0.11481674015522003 -0.06022800877690315 0.9915592074394226 -0.09439487755298615 0.0 0.0 0.0 1.0
0.9901474118232727 0.08783920854330063 -0.1090523973107338 -0.33306100964546204 -0.08077209442853928 0.9944361448287964 0.06762082129716873 0.01552844699472189 0.11438540369272232 -0.05814618989825249 0.9917333126068115 -0.09533536434173584 0.0 0.0 0.0 1.0
0.9904618859291077 0.08430715650320053 -0.10898418724536896 -0.3349134922027588 -0.07648079097270966 0.9943132996559143 0.07410630583763123 0.016481773927807808 0.11461211740970612 -0.06506427377462387 0.9912773370742798 -0.09640283137559891 0.0 0.0 0.0 1.0
0.9905463457107544 0.08170054852962494 -0.11019492894411087 -0.3369974195957184 -0.07395705580711365 0.9946137070655823 0.07262217253446579 0.016972506418824196 0.11553465574979782 -0.06378593295812607 0.9912533164024353 -0.0976504310965538 0.0 0.0 0.0 1.0
0.9891979694366455 0.0876111388206482 -0.1175229400396347 -0.3416561782360077 -0.0803975909948349 0.9946552515029907 0.06478520482778549 0.01699727587401867 0.1225707158446312 -0.05463683232665062 0.9909546971321106 -0.09866788238286972 0.0 0.0 0.0 1.0
0.9891483187675476 0.08897609263658524 -0.11691396683454514 -0.34421679377555847 -0.08203049749135971 0.9946402311325073 0.06294264644384384 0.01721162348985672 0.12188772857189178 -0.05266910046339035 0.9911454916000366 -0.09920388460159302 0.0 0.0 0.0 1.0
0.9891130328178406 0.08899517357349396 -0.11719765514135361 -0.34681105613708496 -0.08199251443147659 0.994621753692627 0.06328343600034714 0.017943067476153374 0.12219925969839096 -0.052985139191150665 0.9910902380943298 -0.10002534091472626 0.0 0.0 0.0 1.0
0.9888874292373657 0.08964477479457855 -0.11859787255525589 -0.34925296902656555 -0.08264051377773285 0.9946036338806152 0.06272333115339279 0.018370557576417923 0.1235806941986084 -0.052225325256586075 0.9909592866897583 -0.10053955018520355 0.0 0.0 0.0 1.0
0.988577127456665 0.08876798301935196 -0.12180092930793762 -0.3521116375923157 -0.08186403661966324 0.9948012232780457 0.06057080999016762 0.01861226186156273 0.12654446065425873 -0.049907803535461426 0.9907046556472778 -0.10109595954418182 0.0 0.0 0.0 1.0
0.988219141960144 0.09088724106550217 -0.12313592433929443 -0.3548814058303833 -0.08350639045238495 0.9944601655006409 0.06384104490280151 0.018794966861605644 0.12825611233711243 -0.0528063029050827 0.9903342127799988 -0.10155953466892242 0.0 0.0 0.0 1.0
0.9881183505058289 0.09141634404659271 -0.12355251610279083 -0.3571484386920929 -0.08413279056549072 0.9944643974304199 0.06294609606266022 0.018895767629146576 0.1286228895187378 -0.05180336907505989 0.9903396368026733 -0.1021256372332573 0.0 0.0 0.0 1.0
0.9881976246833801 0.0934663861989975 -0.12136521190404892 -0.3595103621482849 -0.08609232306480408 0.99418705701828 0.06465478986501694 0.019091879948973656 0.12670277059078217 -0.053443096578121185 0.9904999732971191 -0.10264803469181061 0.0 0.0 0.0 1.0
0.987891435623169 0.09507784992456436 -0.12259978801012039 -0.36238551139831543 -0.08796148747205734 0.9941788911819458 0.062218595296144485 0.019320011138916016 0.12780173122882843 -0.05068115517497063 0.9905039668083191 -0.10298186540603638 0.0 0.0 0.0 1.0
0.9877119660377502 0.09428731352090836 -0.12463954091072083 -0.3647759258747101 -0.087545245885849 0.9944403171539307 0.058517709374427795 0.019575167447328568 0.1294640600681305 -0.04688704013824463 0.9904749393463135 -0.10300857573747635 0.0 0.0 0.0 1.0
0.9874697327613831 0.09667695313692093 -0.12472826987504959 -0.3677310645580292 -0.08928956836462021 0.9939775466918945 0.06352988630533218 0.020034680142998695 0.1301189810037613 -0.051596902310848236 0.9901549220085144 -0.1033342182636261 0.0 0.0 0.0 1.0
0.9871158003807068 0.09719770401716232 -0.12710216641426086 -0.37217333912849426 -0.08998022228479385 0.9940517544746399 0.0613572932779789 0.020385973155498505 0.1323099136352539 -0.049130070954561234 0.9899900555610657 -0.10413601994514465 0.0 0.0 0.0 1.0
0.987168550491333 0.0974123552441597 -0.12652696669101715 -0.3746212422847748 -0.09003740549087524 0.9939585328102112 0.06276723742485046 0.020849773660302162 0.1318768709897995 -0.05056968331336975 0.9899753332138062 -0.10451368987560272 0.0 0.0 0.0 1.0
0.9872810244560242 0.09763820469379425 -0.12547101080417633 -0.37669113278388977 -0.09041415899991989 0.9939695000648499 0.06204787641763687 0.021054837852716446 0.13077260553836823 -0.04991433396935463 0.9901551008224487 -0.10487912595272064 0.0 0.0 0.0 1.0
0.9871418476104736 0.09734933078289032 -0.12678340077400208 -0.37887081503868103 -0.09021963179111481 0.9940626621246338 0.060826268047094345 0.02121913805603981 0.13195203244686127 -0.04860580340027809 0.9900637269020081 -0.10516533255577087 0.0 0.0 0.0 1.0
0.9867467880249023 0.09829289466142654 -0.12910954654216766 -0.38153836131095886 -0.09109146147966385 0.9939994215965271 0.06056000292301178 0.021601414307951927 0.13428743183612823 -0.04799661412835121 0.9897793531417847 -0.10538452863693237 0.0 0.0 0.0 1.0
0.986555814743042 0.09869864583015442 -0.13025453686714172 -0.3837980628013611 -0.09169665724039078 0.9940544366836548 0.05871552973985672 0.02199709601700306 0.1352752447128296 -0.0459822416305542 0.9897404909133911 -0.10566255450248718 0.0 0.0 0.0 1.0
0.9861530661582947 0.10074374824762344 -0.13172994554042816 -0.3860352337360382 -0.09371335059404373 0.9938768148422241 0.05853772908449173 0.02237004041671753 0.13682064414024353 -0.0453823059797287 0.9895557165145874 -0.10629970580339432 0.0 0.0 0.0 1.0
0.9860459566116333 0.10244615375995636 -0.1312181055545807 -0.3886653482913971 -0.09545882046222687 0.9937133193016052 0.058492887765169144 0.022865649312734604 0.13638554513454437 -0.0451507493853569 0.989626407623291 -0.10691356658935547 0.0 0.0 0.0 1.0
0.9853888750076294 0.10480102151632309 -0.1342589259147644 -0.39332881569862366 -0.0985417515039444 0.9937489032745361 0.05246545001864433 0.023257916793227196 0.13891810178756714 -0.03846876323223114 0.9895564317703247 -0.10736984014511108 0.0 0.0 0.0 1.0
0.9856351613998413 0.10358180105686188 -0.13339461386203766 -0.39562660455703735 -0.09717798233032227 0.9938188195228577 0.05367162823677063 0.024084502831101418 0.13812948763370514 -0.03993762284517288 0.989608645439148 -0.10798382014036179 0.0 0.0 0.0 1.0
0.9855331778526306 0.10400933772325516 -0.1338147222995758 -0.3978637754917145 -0.09702596813440323 0.9936074614524841 0.05770767852663994 0.024457447230815887 0.13896143436431885 -0.043889328837394714 0.9893247485160828 -0.10862097889184952 0.0 0.0 0.0 1.0
0.985090434551239 0.1060011088848114 -0.13550150394439697 -0.40001362562179565 -0.09876424819231033 0.9933556318283081 0.05907753109931946 0.02489389106631279 0.14086347818374634 -0.04481400549411774 0.9890142679214478 -0.10897823423147202 0.0 0.0 0.0 1.0
0.984868049621582 0.10717900097370148 -0.13618972897529602 -0.4023323357105255 -0.0995156317949295 0.9931085705757141 0.06190349534153938 0.0256207138299942 0.1418859362602234 -0.047413766384124756 0.9887468218803406 -0.10942014306783676 0.0 0.0 0.0 1.0
0.9848461747169495 0.10782497376203537 -0.1358373463153839 -0.4044523537158966 -0.10026757419109344 0.9930691123008728 0.06131981313228607 0.026329299435019493 0.14150767028331757 -0.04677050560712814 0.9888316988945007 -0.10984844714403152 0.0 0.0 0.0 1.0
0.984887421131134 0.10731224715709686 -0.13594414293766022 -0.40637367963790894 -0.09966447949409485 0.9930947422981262 0.061885230243206024 0.027019647881388664 0.14164645969867706 -0.04740118235349655 0.988781750202179 -0.1102631464600563 0.0 0.0 0.0 1.0
0.9847403168678284 0.10705465823411942 -0.13720710575580597 -0.40846672654151917 -0.09899991750717163 0.9930102825164795 0.0642617866396904 0.027791688218712807 0.14312759041786194 -0.04969767853617668 0.9884556531906128 -0.11100007593631744 0.0 0.0 0.0 1.0
0.9846600294113159 0.10617095977067947 -0.13846415281295776 -0.410183310508728 -0.09817089885473251 0.9931480288505554 0.06339921057224274 0.0284274909645319 0.14424656331539154 -0.04883351922035217 0.9883360862731934 -0.11153771728277206 0.0 0.0 0.0 1.0
0.9846084117889404 0.10547294467687607 -0.13936176896095276 -0.4122973084449768 -0.09757091850042343 0.9932713508605957 0.06238517910242081 0.02909976802766323 0.145004004240036 -0.04782731458544731 0.9882744550704956 -0.11210257560014725 0.0 0.0 0.0 1.0
0.9847807288169861 0.10389665514230728 -0.13932852447032928 -0.4138212203979492 -0.09601008147001266 0.993435263633728 0.06219637393951416 0.02975364215672016 0.14487586915493011 -0.04787284508347511 0.9882910251617432 -0.11249006539583206 0.0 0.0 0.0 1.0
0.984469473361969 0.1046065092086792 -0.1409870833158493 -0.41553938388824463 -0.09753572940826416 0.9936450719833374 0.056181006133556366 0.030511943623423576 0.1459680199623108 -0.041557203978300095 0.9884160757064819 -0.11284064501523972 0.0 0.0 0.0 1.0
0.9846652150154114 0.1038457378745079 -0.1401800662279129 -0.41683319211006165 -0.09659423679113388 0.9936559200286865 0.057596996426582336 0.0312972217798233 0.14527197182178497 -0.0431731715798378 0.9884493350982666 -0.11347264051437378 0.0 0.0 0.0 1.0
0.9849749803543091 0.10365542769432068 -0.13812977075576782 -0.4177533984184265 -0.09663092344999313 0.9937072396278381 0.05664312466979027 0.03173757717013359 0.14313191175460815 -0.04244445264339447 0.9887930750846863 -0.11414292454719543 0.0 0.0 0.0 1.0
0.9848374724388123 0.10269513726234436 -0.13981708884239197 -0.4185831844806671 -0.09570171684026718 0.993840754032135 0.05587278679013252 0.031996432691812515 0.1446937769651413 -0.041644878685474396 0.9885997176170349 -0.11490742117166519 0.0 0.0 0.0 1.0
0.9849163889884949 0.1030549481511116 -0.1389942318201065 -0.4199731945991516 -0.09589716047048569 0.9937427043914795 0.05726436898112297 0.03254583105444908 0.14402587711811066 -0.04307146370410919 0.9886361360549927 -0.11592034250497818 0.0 0.0 0.0 1.0
0.9851586222648621 0.10109321773052216 -0.13871771097183228 -0.4209083616733551 -0.09408232569694519 0.9939759969711304 0.05621643736958504 0.03285011649131775 0.14356517791748047 -0.04233122617006302 0.9887350797653198 -0.1165551021695137 0.0 0.0 0.0 1.0
0.9853198528289795 0.09883556514978409 -0.13919883966445923 -0.42174413800239563 -0.09204725921154022 0.9942673444747925 0.05440402776002884 0.03314527869224548 0.14377790689468384 -0.040792495012283325 0.9887688755989075 -0.11718305200338364 0.0 0.0 0.0 1.0
0.9852172136306763 0.09992175549268723 -0.13914982974529266 -0.4231357276439667 -0.09329556673765182 0.994206964969635 0.053370606154203415 0.03381717950105667 0.14367662370204926 -0.03959957882761955 0.9888321161270142 -0.11800891160964966 0.0 0.0 0.0 1.0
0.9853761792182922 0.10258802026510239 -0.13604949414730072 -0.4257926046848297 -0.09560565650463104 0.9937907457351685 0.05691670626401901 0.035215314477682114 0.14104369282722473 -0.043077267706394196 0.9890657067298889 -0.11996243894100189 0.0 0.0 0.0 1.0
0.985133707523346 0.10111988335847855 -0.13887512683868408 -0.4274232089519501 -0.09423776715993881 0.9940134882926941 0.055285099893808365 0.03558342531323433 0.14363417029380798 -0.041375935077667236 0.9887655377388 -0.12064481526613235 0.0 0.0 0.0 1.0
0.9850096106529236 0.10038033127784729 -0.14028501510620117 -0.4290328621864319 -0.09332455694675446 0.9940586686134338 0.05601707100868225 0.03605130314826965 0.14507454633712769 -0.04208531230688095 0.9885252714157104 -0.12149926275014877 0.0 0.0 0.0 1.0
0.9850992560386658 0.09995323419570923 -0.1399601399898529 -0.43058058619499207 -0.09282189607620239 0.9940726161003113 0.056601762771606445 0.036396726965904236 0.14478807151317596 -0.042766984552145004 0.9885380268096924 -0.12195225805044174 0.0 0.0 0.0 1.0
0.9848836660385132 0.10051523149013519 -0.14107048511505127 -0.4327482581138611 -0.09363997727632523 0.9941093325614929 0.05457304045557976 0.03648841008543968 0.14572490751743317 -0.040538255125284195 0.9884942770004272 -0.12251155823469162 0.0 0.0 0.0 1.0
0.9846572875976562 0.10356751829385757 -0.14044131338596344 -0.43470072746276855 -0.0962352380156517 0.9936644434928894 0.05805004760622978 0.036575425416231155 0.14556363224983215 -0.043643999844789505 0.988385796546936 -0.12327983975410461 0.0 0.0 0.0 1.0
0.9847243428230286 0.10373637080192566 -0.13984552025794983 -0.4369378983974457 -0.09593795239925385 0.9934908151626587 0.06141562759876251 0.036948371678590775 0.1453062742948532 -0.04706097021698952 0.9882668256759644 -0.12391699850559235 0.0 0.0 0.0 1.0
0.9842116236686707 0.10240577906370163 -0.1443626880645752 -0.43941253423690796 -0.0947839692234993 0.9937634468078613 0.058738432824611664 0.0368950292468071 0.1494775116443634 -0.044127777218818665 0.9877799153327942 -0.12459773570299149 0.0 0.0 0.0 1.0
0.9837509989738464 0.10253089666366577 -0.1473819464445114 -0.4412732422351837 -0.09514093399047852 0.9938668012619019 0.05636424943804741 0.03713173791766167 0.15225709974765778 -0.04142633080482483 0.9874723553657532 -0.1250355988740921 0.0 0.0 0.0 1.0
0.9835060834884644 0.10084729641675949 -0.15015211701393127 -0.44378238916397095 -0.09332378208637238 0.9940396547317505 0.056354254484176636 0.03717375174164772 0.15494033694267273 -0.04141198471188545 0.9870554804801941 -0.12508411705493927 0.0 0.0 0.0 1.0
0.98305743932724 0.10007870942354202 -0.15356533229351044 -0.4461757242679596 -0.09286501258611679 0.9942420721054077 0.053467970341444016 0.037220221012830734 0.1580321192741394 -0.03830123692750931 0.986690878868103 -0.12534840404987335 0.0 0.0 0.0 1.0
0.9823427796363831 0.10196933150291443 -0.15685954689979553 -0.44868043065071106 -0.09447303414344788 0.9940320253372192 0.054544877260923386 0.037348423153162 0.16148532927036285 -0.03876276686787605 0.9861135482788086 -0.12534639239311218 0.0 0.0 0.0 1.0
0.9824537038803101 0.10186555236577988 -0.15623103082180023 -0.4511537253856659 -0.09430963546037674 0.9940193891525269 0.055056143552064896 0.037626273930072784 0.16090498864650726 -0.03935601934790611 0.9861848950386047 -0.12560249865055084 0.0 0.0 0.0 1.0
0.9822356700897217 0.10414841771125793 -0.15609660744667053 -0.4532356560230255 -0.09618660807609558 0.9936872124671936 0.05774008482694626 0.03790395334362984 0.16112473607063293 -0.04169996827840805 0.9860526919364929 -0.12569484114646912 0.0 0.0 0.0 1.0
0.9821257591247559 0.10567080974578857 -0.15576490759849548 -0.4554019868373871 -0.09752845019102097 0.9934799075126648 0.05904167890548706 0.03832682594656944 0.16098828613758087 -0.0427948459982872 0.9860280752182007 -0.1258295178413391 0.0 0.0 0.0 1.0
0.9819704294204712 0.10446514189243317 -0.15754729509353638 -0.45729121565818787 -0.09643152356147766 0.9936586618423462 0.05782255530357361 0.03862258046865463 0.1625886708498001 -0.04158751294016838 0.9858171343803406 -0.12577170133590698 0.0 0.0 0.0 1.0
0.981574535369873 0.10416515171527863 -0.16019080579280853 -0.45935821533203125 -0.09542720019817352 0.9935455322265625 0.06132635846734047 0.039036333560943604 0.16554494202136993 -0.04490983113646507 0.9851791858673096 -0.1258995682001114 0.0 0.0 0.0 1.0
0.9811848998069763 0.10350030660629272 -0.16298441588878632 -0.4614207446575165 -0.09440451115369797 0.993562638759613 0.06261801719665527 0.03953627496957779 0.16841621696949005 -0.046053383499383926 0.984639585018158 -0.12597693502902985 0.0 0.0 0.0 1.0
0.9809179902076721 0.10198777914047241 -0.16552458703517914 -0.4633084237575531 -0.0930979773402214 0.9938095211982727 0.060625109821558 0.039709530770778656 0.17068293690681458 -0.04405825585126877 0.984340488910675 -0.1261061728000641 0.0 0.0 0.0 1.0
0.9813433289527893 0.1026388630270958 -0.16257460415363312 -0.46496152877807617 -0.09395262598991394 0.9937509298324585 0.06026576831936836 0.04010038077831268 0.16774427890777588 -0.04386710003018379 0.9848540425300598 -0.12642942368984222 0.0 0.0 0.0 1.0
0.9812567234039307 0.10570715367794037 -0.16112478077411652 -0.4665333330631256 -0.09786486625671387 0.9936298131942749 0.055877309292554855 0.0405910387635231 0.16600501537322998 -0.0390615314245224 0.9853509664535522 -0.1263362169265747 0.0 0.0 0.0 1.0
0.9813629388809204 0.10744040459394455 -0.159321591258049 -0.4681004285812378 -0.10031484812498093 0.9935888648033142 0.05213555693626404 0.04071420058608055 0.16390161216259003 -0.03518158197402954 0.985849142074585 -0.1268041878938675 0.0 0.0 0.0 1.0
0.9817102551460266 0.10745089501142502 -0.15716008841991425 -0.4691574275493622 -0.10016775131225586 0.9935271739959717 0.053573884069919586 0.04105034098029137 0.1618993878364563 -0.036851659417152405 0.9861189126968384 -0.12708662450313568 0.0 0.0 0.0 1.0
0.9816000461578369 0.10663870722055435 -0.15839658677577972 -0.4702293574810028 -0.0992133766412735 0.9935949444770813 0.0540909580886364 0.041250407695770264 0.16315023601055145 -0.037380628287792206 0.9858928322792053 -0.12733352184295654 0.0 0.0 0.0 1.0
0.9816756844520569 0.10405968874692917 -0.15963849425315857 -0.4713250994682312 -0.09698725491762161 0.9939526319503784 0.05149368196725845 0.04114202409982681 0.164031520485878 -0.03506719693541527 0.985831618309021 -0.12764592468738556 0.0 0.0 0.0 1.0
0.9826047420501709 0.1024741381406784 -0.1548774391412735 -0.47266966104507446 -0.09538311511278152 0.9940519332885742 0.05256231501698494 0.04155539721250534 0.15934249758720398 -0.03687528520822525 0.9865344166755676 -0.1280348002910614 0.0 0.0 0.0 1.0
0.9830990433692932 0.10214721411466599 -0.15192833542823792 -0.4732610881328583 -0.09577850252389908 0.9942114949226379 0.048682015389204025 0.04124261438846588 0.15602163970470428 -0.033307772129774094 0.987191915512085 -0.12863679230213165 0.0 0.0 0.0 1.0
0.9844372868537903 0.10621630400419235 -0.1400047242641449 -0.4735865294933319 -0.10030677914619446 0.9937673807144165 0.048630960285663605 0.0412970669567585 0.1442975252866745 -0.033830706030130386 0.9889558553695679 -0.12969088554382324 0.0 0.0 0.0 1.0
0.9849160313606262 0.11253923177719116 -0.13143564760684967 -0.47414809465408325 -0.10755770653486252 0.993205726146698 0.04442702233791351 0.04125642403960228 0.13554242253303528 -0.029619969427585602 0.9903286695480347 -0.13036394119262695 0.0 0.0 0.0 1.0
0.9849424958229065 0.11319424211978912 -0.13067270815372467 -0.47522735595703125 -0.10852332413196564 0.9931913018226624 0.042352400720119476 0.041161611676216125 0.13457705080509186 -0.027533644810318947 0.9905205368995667 -0.13089892268180847 0.0 0.0 0.0 1.0
0.9849269986152649 0.1082434356212616 -0.13491526246070862 -0.4764710068702698 -0.10303081572055817 0.993657112121582 0.04505811259150505 0.041443370282649994 0.13893675804138184 -0.030478524044156075 0.9898321032524109 -0.1314680576324463 0.0 0.0 0.0 1.0
0.984839677810669 0.10294683277606964 -0.13961656391620636 -0.47781848907470703 -0.09745630621910095 0.9941933751106262 0.04562651738524437 0.041648056358098984 0.14350298047065735 -0.03132828697562218 0.9891539216041565 -0.13209448754787445 0.0 0.0 0.0 1.0
0.9846956133842468 0.10414841026067734 -0.13974148035049438 -0.47899240255355835 -0.0996474027633667 0.9942641854286194 0.03884795308113098 0.041194867342710495 0.14298589527606964 -0.024328533560037613 0.9894256591796875 -0.13319747149944305 0.0 0.0 0.0 1.0
0.9853423237800598 0.10925430059432983 -0.13101136684417725 -0.4798473119735718 -0.10534543544054031 0.9937683343887329 0.03642541915178299 0.04081408306956291 0.13417457044124603 -0.022090058773756027 0.9907114505767822 -0.13445210456848145 0.0 0.0 0.0 1.0
0.9859262108802795 0.11261014640331268 -0.12356554716825485 -0.4809971749782562 -0.1084248349070549 0.9932951331138611 0.04011010006070137 0.04021565616130829 0.12725386023521423 -0.026148023083806038 0.9915254712104797 -0.13610126078128815 0.0 0.0 0.0 1.0
0.9856744408607483 0.11556821316480637 -0.1228409856557846 -0.48254311084747314 -0.11197961121797562 0.99306720495224 0.03575000539422035 0.039984893053770065 0.126120924949646 -0.021482180804014206 0.9917822480201721 -0.13735300302505493 0.0 0.0 0.0 1.0
0.9855520129203796 0.1139499619603157 -0.12531013786792755 -0.48416009545326233 -0.11000651866197586 0.993205189704895 0.03797413036227226 0.04015788808465004 0.12878583371639252 -0.023640548810362816 0.991390585899353 -0.138495534658432 0.0 0.0 0.0 1.0
0.9849802255630493 0.10993757843971252 -0.13314546644687653 -0.4860132336616516 -0.10609475523233414 0.9937170147895813 0.03564229980111122 0.04023578763008118 0.13622735440731049 -0.020980924367904663 0.9904553890228271 -0.13925701379776 0.0 0.0 0.0 1.0
0.9840829968452454 0.10766153037548065 -0.14138458669185638 -0.48777303099632263 -0.10373175144195557 0.9939928650856018 0.03489868715405464 0.04034087806940079 0.14429251849651337 -0.019677136093378067 0.9893394112586975 -0.1398751437664032 0.0 0.0 0.0 1.0
0.9839715957641602 0.10728124529123306 -0.1424451768398285 -0.48911604285240173 -0.10315588116645813 0.994011402130127 0.03605825453996658 0.04063175618648529 0.14546050131320953 -0.020786242559552193 0.9891456961631775 -0.1404510736465454 0.0 0.0 0.0 1.0
0.9838771224021912 0.10918879508972168 -0.14164604246616364 -0.4903657138347626 -0.10501575469970703 0.99379563331604 0.03663181513547897 0.04094982147216797 0.14476700127124786 -0.021166138350963593 0.9892393350601196 -0.1408836543560028 0.0 0.0 0.0 1.0
0.9832023978233337 0.10847270488739014 -0.14678794145584106 -0.49163633584976196 -0.10436180233955383 0.9939075112342834 0.035446129739284515 0.041168127208948135 0.14973857998847961 -0.01953166536986828 0.9885326623916626 -0.14114417135715485 0.0 0.0 0.0 1.0
0.9824686050415039 0.1066742092370987 -0.15289238095283508 -0.4931087791919708 -0.10179212689399719 0.9940237998962402 0.03943385183811188 0.04164966568350792 0.15618525445461273 -0.023179277777671814 0.9874557852745056 -0.14104415476322174 0.0 0.0 0.0 1.0
0.9824550747871399 0.10233618319034576 -0.15591435134410858 -0.4941181242465973 -0.09714272618293762 0.9944422841072083 0.04059319570660591 0.04260270670056343 0.159201979637146 -0.024735044687986374 0.986936092376709 -0.14119559526443481 0.0 0.0 0.0 1.0
0.9814772605895996 0.10534288734197617 -0.1600162833929062 -0.4978676736354828 -0.09990368783473969 0.9941234588623047 0.04168720543384552 0.04446428269147873 0.1634673923254013 -0.024928828701376915 0.9862337112426758 -0.14126993715763092 0.0 0.0 0.0 1.0
0.9807257652282715 0.10817613452672958 -0.16271108388900757 -0.49921250343322754 -0.10348089039325714 0.9939398169517517 0.037085287272930145 0.04533134400844574 0.16573676466941833 -0.019533006474375725 0.9859765768051147 -0.14104712009429932 0.0 0.0 0.0 1.0
0.9802722930908203 0.109723299741745 -0.16439910233020782 -0.5005348324775696 -0.10468550026416779 0.9937393069267273 0.03902732580900192 0.04617566987872124 0.16765205562114716 -0.021047204732894897 0.9856215119361877 -0.14118343591690063 0.0 0.0 0.0 1.0
0.979972243309021 0.10943938791751862 -0.16636532545089722 -0.5016539692878723 -0.1028871163725853 0.9935566782951355 0.04753224179148674 0.04708794876933098 0.17049528658390045 -0.029463429003953934 0.9849178791046143 -0.14125563204288483 0.0 0.0 0.0 1.0
0.979453980922699 0.10780274122953415 -0.17043618857860565 -0.5027036666870117 -0.10109592229127884 0.9937384128570557 0.04757746681571007 0.047718968242406845 0.17449797689914703 -0.02936953492462635 0.9842194318771362 -0.14124996960163116 0.0 0.0 0.0 1.0
0.9792943596839905 0.10907218605279922 -0.17054550349712372 -0.5037533044815063 -0.1031038761138916 0.9937191009521484 0.04349615052342415 0.04834998399019241 0.17421855032444 -0.025011634454131126 0.9843893051147461 -0.1412443220615387 0.0 0.0 0.0 1.0
0.9791904091835022 0.10790366679430008 -0.17188066244125366 -0.5043182373046875 -0.10262509435415268 0.9939422011375427 0.039332516491413116 0.04900802671909332 0.17508356273174286 -0.02087475173175335 0.984332263469696 -0.14093154668807983 0.0 0.0 0.0 1.0
0.9788922667503357 0.10815132409334183 -0.17341624200344086 -0.5050981044769287 -0.1032906249165535 0.9939687252044678 0.03683992475271225 0.04921704903244972 0.17635460197925568 -0.018150044605135918 0.9841593503952026 -0.1410214900970459 0.0 0.0 0.0 1.0
0.9786435961723328 0.1080048531293869 -0.17490485310554504 -0.5057802200317383 -0.10203877836465836 0.9938601851463318 0.04277830570936203 0.04953945055603981 0.17845124006271362 -0.024017637595534325 0.983655571937561 -0.1409175843000412 0.0 0.0 0.0 1.0
0.978789746761322 0.10535001009702682 -0.1757042109966278 -0.5064533948898315 -0.09884218126535416 0.9940663576126099 0.04541260376572609 0.05003422871232033 0.17944586277008057 -0.027082404121756554 0.983394980430603 -0.14071263372898102 0.0 0.0 0.0 1.0
0.978377640247345 0.10297517478466034 -0.1793692409992218 -0.5074440240859985 -0.09633645415306091 0.9943146705627441 0.045360587537288666 0.050334107130765915 0.1830204874277115 -0.027099985629320145 0.9827355146408081 -0.14054308831691742 0.0 0.0 0.0 1.0
0.97801274061203 0.10302405804395676 -0.18132050335407257 -0.508354663848877 -0.09667734801769257 0.9943637251853943 0.04352354630827904 0.050402600318193436 0.1847825050354004 -0.025036996230483055 0.9824604988098145 -0.14038172364234924 0.0 0.0 0.0 1.0
0.9785867929458618 0.10594861209392548 -0.176473006606102 -0.5091406106948853 -0.09832187741994858 0.993824303150177 0.05144021660089493 0.050647933036088943 0.18083319067955017 -0.0329875573515892 0.9829604029655457 -0.14033512771129608 0.0 0.0 0.0 1.0
0.9787353873252869 0.10734674334526062 -0.17479637265205383 -0.509843647480011 -0.10027125477790833 0.9937604665756226 0.04884496331214905 0.05087057128548622 0.17894907295703888 -0.030279239639639854 0.9833922982215881 -0.14005914330482483 0.0 0.0 0.0 1.0
0.9784588813781738 0.10912100225687027 -0.17524491250514984 -0.5105466842651367 -0.10215990245342255 0.9935951232910156 0.04829145222902298 0.0510932095348835 0.17939209938049316 -0.02934819832444191 0.983339786529541 -0.13978314399719238 0.0 0.0 0.0 1.0
0.9782931208610535 0.1091238483786583 -0.17616631090641022 -0.5110077857971191 -0.10156376659870148 0.9935001730918884 0.05140269920229912 0.05182832106947899 0.18063051998615265 -0.03239479288458824 0.9830173850059509 -0.13941307365894318 0.0 0.0 0.0 1.0
0.9781923890113831 0.10740827769041061 -0.17777280509471893 -0.5113620162010193 -0.09940744936466217 0.9936159253120422 0.05334323272109032 0.05239551141858101 0.18236739933490753 -0.03450800105929375 0.9826247096061707 -0.13935978710651398 0.0 0.0 0.0 1.0
0.9779452681541443 0.10733303427696228 -0.17917203903198242 -0.5112283825874329 -0.09909342974424362 0.9935929179191589 0.05434660613536835 0.05274472385644913 0.1838572472333908 -0.035393234342336655 0.9823155403137207 -0.1393735259771347 0.0 0.0 0.0 1.0
0.9783821702003479 0.10714998096227646 -0.17688193917274475 -0.5107002258300781 -0.09906661510467529 0.9936177730560303 0.053940560668706894 0.05284877493977547 0.18153277039527893 -0.03525138646364212 0.9827528595924377 -0.13959762454032898 0.0 0.0 0.0 1.0
0.9786344170570374 0.10939400643110275 -0.17409078776836395 -0.5094870328903198 -0.10262585431337357 0.9935879707336426 0.04744294658303261 0.05283911153674126 0.1781644970178604 -0.028563084080815315 0.9835860729217529 -0.13968805968761444 0.0 0.0 0.0 1.0
0.9796185493469238 0.11269360035657883 -0.16627581417560577 -0.5072576403617859 -0.10654271394014359 0.9932670593261719 0.04548840597271919 0.0522618405520916 0.1702825427055359 -0.026845809072256088 0.9850295186042786 -0.14068129658699036 0.0 0.0 0.0 1.0
0.9794166088104248 0.11399386823177338 -0.1665787547826767 -0.5065546035766602 -0.10773849487304688 0.9931076169013977 0.04614819213747978 0.05203919857740402 0.17069125175476074 -0.027251360937952995 0.9849476218223572 -0.1409572958946228 0.0 0.0 0.0 1.0
0.9792828559875488 0.11316864937543869 -0.16792242228984833 -0.5052919983863831 -0.1070682629942894 0.9932337999343872 0.04497801139950752 0.0520702563226223 0.17187632620334625 -0.026067033410072327 0.984773576259613 -0.14171548187732697 0.0 0.0 0.0 1.0
0.9795020818710327 0.11796499788761139 -0.16327853500843048 -0.5041900277137756 -0.11213377863168716 0.9926956295967102 0.04451330751180649 0.05168864130973816 0.16733689606189728 -0.025291841477155685 0.9855753183364868 -0.14215132594108582 0.0 0.0 0.0 1.0
0.9795934557914734 0.12371967732906342 -0.15839847922325134 -0.5024306178092957 -0.11805117130279541 0.9919988512992859 0.0447455495595932 0.05167410522699356 0.16266702115535736 -0.025133321061730385 0.9863608479499817 -0.14287550747394562 0.0 0.0 0.0 1.0
0.9794295430183411 0.12497519701719284 -0.15842658281326294 -0.5013108253479004 -0.11882195621728897 0.9917656779289246 0.047772135585546494 0.05163725093007088 0.16309237480163574 -0.02796488255262375 0.9862143993377686 -0.1431093066930771 0.0 0.0 0.0 1.0
0.9793899655342102 0.12863406538963318 -0.15571950376033783 -0.49945080280303955 -0.12177633494138718 0.9911497831344604 0.052845682948827744 0.051944781094789505 0.1611391007900238 -0.03279358148574829 0.9863867163658142 -0.14340205490589142 0.0 0.0 0.0 1.0
0.979067862033844 0.13125917315483093 -0.15555419027805328 -0.49827951192855835 -0.12442116439342499 0.9908155798912048 0.05295177176594734 0.05173559486865997 0.1610759198665619 -0.032489147037267685 0.9864071011543274 -0.14314834773540497 0.0 0.0 0.0 1.0
0.9791579246520996 0.13141189515590668 -0.15485700964927673 -0.4970739483833313 -0.12432201951742172 0.9907355904579163 0.054653916507959366 0.05188474431633949 0.16060452163219452 -0.034262679517269135 0.9864239692687988 -0.14291517436504364 0.0 0.0 0.0 1.0
0.9788416624069214 0.13281796872615814 -0.15565462410449982 -0.49610137939453125 -0.12587833404541016 0.9905929565429688 0.05366748943924904 0.05169379338622093 0.16131839156150818 -0.032938431948423386 0.9863526225090027 -0.14267507195472717 0.0 0.0 0.0 1.0
0.9785986542701721 0.13186204433441162 -0.15797802805900574 -0.49501320719718933 -0.12584495544433594 0.99090975522995 0.04754882678389549 0.051960986107587814 0.16281184554100037 -0.026650480926036835 0.9862971305847168 -0.14203906059265137 0.0 0.0 0.0 1.0
0.9783661961555481 0.13184095919132233 -0.15942877531051636 -0.49393683671951294 -0.12578991055488586 0.9909184575080872 0.04751361533999443 0.05184710770845413 0.16424515843391418 -0.026431184262037277 0.9860653877258301 -0.14174164831638336 0.0 0.0 0.0 1.0
0.978121817111969 0.13347940146923065 -0.1595650613307953 -0.4927312731742859 -0.1270083785057068 0.9906339049339294 0.05013345554471016 0.05199625343084335 0.16476233303546906 -0.028770525008440018 0.9859135746955872 -0.14150848984718323 0.0 0.0 0.0 1.0
0.9774200916290283 0.13662351667881012 -0.1611955463886261 -0.4921688139438629 -0.1292552500963211 0.990062952041626 0.055393610149621964 0.052458636462688446 0.16716180741786957 -0.033307455480098724 0.985366702079773 -0.14175312221050262 0.0 0.0 0.0 1.0
0.9769963026046753 0.13798445463180542 -0.1625993400812149 -0.49097374081611633 -0.13027767837047577 0.989826500415802 0.05719495192170143 0.05255790054798126 0.16883715987205505 -0.03469619154930115 0.9850330948829651 -0.14143390953540802 0.0 0.0 0.0 1.0
0.976992130279541 0.13799802958965302 -0.1626129299402237 -0.4898040294647217 -0.13075552880764008 0.9899165630340576 0.054481614381074905 0.05247121676802635 0.16849158704280853 -0.03196556493639946 0.9851846694946289 -0.1409931480884552 0.0 0.0 0.0 1.0
0.9766857624053955 0.13990674912929535 -0.16282199323177338 -0.48882099986076355 -0.1327817589044571 0.9896784424781799 0.05390329286456108 0.052330147475004196 0.16868285834789276 -0.031026789918541908 0.9851819276809692 -0.140839084982872 0.0 0.0 0.0 1.0
0.9764499664306641 0.137837752699852 -0.16597050428390503 -0.4879903197288513 -0.13114826381206512 0.9900672435760498 0.05066525563597679 0.052493032068014145 0.17130553722381592 -0.027705343440175056 0.9848282933235168 -0.14099225401878357 0.0 0.0 0.0 1.0
0.9761154651641846 0.13892151415348053 -0.1670312136411667 -0.4867831766605377 -0.13187646865844727 0.9898691177368164 0.05260961875319481 0.05251967906951904 0.1726476401090622 -0.0293255764991045 0.9845470190048218 -0.1409461498260498 0.0 0.0 0.0 1.0
0.9759610295295715 0.13976943492889404 -0.16722606122493744 -0.4852646589279175 -0.1321522742509842 0.9896520376205444 0.055898167192935944 0.05277753993868828 0.17330846190452576 -0.03245513141155243 0.9843326807022095 -0.14072810113430023 0.0 0.0 0.0 1.0
0.9764043688774109 0.13686503469944 -0.1670404076576233 -0.48367348313331604 -0.12873311340808868 0.9899446964263916 0.058628056198358536 0.05250914394855499 0.1733849048614502 -0.035741060972213745 0.9842053651809692 -0.14080631732940674 0.0 0.0 0.0 1.0
0.9763742685317993 0.13679544627666473 -0.16727326810359955 -0.48165059089660645 -0.1284494251012802 0.9899122714996338 0.05978703871369362 0.05256260186433792 0.1737644523382187 -0.03688836842775345 0.984096109867096 -0.1408778578042984 0.0 0.0 0.0 1.0
0.9758375883102417 0.13565145432949066 -0.17128844559192657 -0.4793940484523773 -0.12775370478630066 0.9902027249336243 0.056370265781879425 0.052411921322345734 0.1772570013999939 -0.033125486224889755 0.9836069345474243 -0.14022572338581085 0.0 0.0 0.0 1.0
0.9763944149017334 0.1336963027715683 -0.1696445494890213 -0.4766077697277069 -0.12592197954654694 0.9904675483703613 0.05583631619811058 0.052242785692214966 0.175492525100708 -0.03315629065036774 0.9839222431182861 -0.13998472690582275 0.0 0.0 0.0 1.0
0.97684246301651 0.13329970836639404 -0.16736194491386414 -0.47471699118614197 -0.1248437911272049 0.990353524684906 0.06011591851711273 0.05182453617453575 0.17376093566417694 -0.0378296785056591 0.9840610027313232 -0.14022959768772125 0.0 0.0 0.0 1.0
0.9769862294197083 0.13198654353618622 -0.16756325960159302 -0.47251635789871216 -0.12331224232912064 0.9904787540435791 0.06120375916361809 0.0517599955201149 0.17404592037200928 -0.039132628589868546 0.9839596748352051 -0.14011546969413757 0.0 0.0 0.0 1.0
0.9768883585929871 0.1313774734735489 -0.1686091423034668 -0.47003990411758423 -0.1227506771683693 0.9905824661254883 0.060652147978544235 0.05123715102672577 0.17498958110809326 -0.038553494960069656 0.9838151931762695 -0.14023348689079285 0.0 0.0 0.0 1.0
0.9766429662704468 0.1311769038438797 -0.17017969489097595 -0.46642741560935974 -0.1223902627825737 0.9905946254730225 0.061179716140031815 0.051144711673259735 0.17660444974899292 -0.03892240300774574 0.9835120439529419 -0.14019618928432465 0.0 0.0 0.0 1.0
0.9764747023582458 0.13272590935230255 -0.16994397342205048 -0.4646197557449341 -0.124480240046978 0.9905056953430176 0.05833659693598747 0.051202837377786636 0.17607325315475464 -0.03580954670906067 0.9837254881858826 -0.1400587558746338 0.0 0.0 0.0 1.0
0.9760993719100952 0.13499796390533447 -0.17031028866767883 -0.46183502674102783 -0.12588012218475342 0.990024209022522 0.06329479068517685 0.05115620419383049 0.1771559864282608 -0.04034332185983658 0.9833555817604065 -0.13963070511817932 0.0 0.0 0.0 1.0
0.9760130047798157 0.13295434415340424 -0.17239990830421448 -0.460042268037796 -0.12356236577033997 0.9902605414390564 0.06415878981351852 0.05107825621962547 0.17925101518630981 -0.04131767153739929 0.98293536901474 -0.13945774734020233 0.0 0.0 0.0 1.0
0.9769077301025391 0.12784184515476227 -0.17119501531124115 -0.4578968584537506 -0.11877521127462387 0.990968644618988 0.062238045036792755 0.050555624067783356 0.1776055246591568 -0.04046710208058357 0.9832693934440613 -0.13915100693702698 0.0 0.0 0.0 1.0
0.977338433265686 0.12360873818397522 -0.17184431850910187 -0.45531243085861206 -0.1152244284749031 0.9916461706161499 0.05797610059380531 0.0506497286260128 0.17757511138916016 -0.0368616096675396 0.9834166169166565 -0.13854950666427612 0.0 0.0 0.0 1.0
0.9772908687591553 0.12352205812931061 -0.1721767783164978 -0.45284199714660645 -0.11484579741954803 0.9915990829467773 0.059512149542570114 0.05016319081187248 0.17808139324188232 -0.03838689997792244 0.9832667112350464 -0.13853096961975098 0.0 0.0 0.0 1.0
0.9773970246315002 0.12439482659101486 -0.1709415316581726 -0.44944602251052856 -0.11566879600286484 0.9914660453796387 0.06013116240501404 0.04974422976374626 0.1769627332687378 -0.038999415934085846 0.9834445714950562 -0.13870932161808014 0.0 0.0 0.0 1.0
0.9772953391075134 0.12096069753170013 -0.17396067082881927 -0.4480624496936798 -0.11216887831687927 0.9919032454490662 0.05954902246594429 0.04932168871164322 0.17975524067878723 -0.03868401050567627 0.9829504489898682 -0.13890217244625092 0.0 0.0 0.0 1.0
0.9770052433013916 0.12142274528741837 -0.17526353895664215 -0.4461745619773865 -0.1128363087773323 0.9919081926345825 0.05818985030055046 0.04869474843144417 0.18091091513633728 -0.037075694650411606 0.9828004240989685 -0.13938461244106293 0.0 0.0 0.0 1.0
0.9773949980735779 0.11951402574777603 -0.1744002252817154 -0.44451674818992615 -0.1109781339764595 0.9921326041221619 0.0579373762011528 0.04793639853596687 0.1799524873495102 -0.03727308660745621 0.9829688668251038 -0.1396225541830063 0.0 0.0 0.0 1.0
0.9781186580657959 0.12109554558992386 -0.16917377710342407 -0.44245776534080505 -0.11196403950452805 0.9917418360710144 0.06254751980304718 0.04777200520038605 0.17535093426704407 -0.04223752021789551 0.9835995435714722 -0.1405133754014969 0.0 0.0 0.0 1.0
0.9777205586433411 0.12105444818735123 -0.1714884340763092 -0.44090980291366577 -0.1124071329832077 0.9918909072875977 0.05930454283952713 0.04697289690375328 0.17727689445018768 -0.03870674967765808 0.9833995699882507 -0.14067208766937256 0.0 0.0 0.0 1.0
0.9780055284500122 0.1200418546795845 -0.1705729365348816 -0.4383130669593811 -0.11072884500026703 0.9918432235717773 0.06313592195510864 0.04654069244861603 0.17676055431365967 -0.042859937995672226 0.9833202362060547 -0.1409553736448288 0.0 0.0 0.0 1.0
0.9780592918395996 0.11753314733505249 -0.17200566828250885 -0.4364537000656128 -0.10855352133512497 0.9922329187393188 0.06074497848749161 0.0459727980196476 0.1778092384338379 -0.040740370750427246 0.9832212924957275 -0.14094214141368866 0.0 0.0 0.0 1.0
0.9775269031524658 0.11655796319246292 -0.17565713822841644 -0.43513739109039307 -0.10810020565986633 0.9925042986869812 0.05700543895363808 0.04516477882862091 0.18098489940166473 -0.03673577681183815 0.9827995300292969 -0.14066927134990692 0.0 0.0 0.0 1.0
0.9780949950218201 0.11565623432397842 -0.17307177186012268 -0.432668536901474 -0.10763462632894516 0.9926641583442688 0.055069126188755035 0.04480074346065521 0.17817123234272003 -0.035234320908784866 0.983368456363678 -0.1404636800289154 0.0 0.0 0.0 1.0
0.9782689213752747 0.11702518910169601 -0.17115779221057892 -0.4308180510997772 -0.10864975303411484 0.992413341999054 0.05754150450229645 0.044060464948415756 0.17659308016300201 -0.03769481182098389 0.9835618734359741 -0.14055146276950836 0.0 0.0 0.0 1.0
0.9783949851989746 0.11447503417730331 -0.17215897142887115 -0.4287869334220886 -0.10586070269346237 0.9926620721817017 0.05844273045659065 0.043410878628492355 0.1775859147310257 -0.0389552041888237 0.9833340048789978 -0.14021599292755127 0.0 0.0 0.0 1.0
0.9785208702087402 0.11017163097858429 -0.17423878610134125 -0.42667606472969055 -0.10275983810424805 0.9933963418006897 0.05103028193116188 0.04298360273241997 0.17871026694774628 -0.032029442489147186 0.9833802580833435 -0.13927702605724335 0.0 0.0 0.0 1.0
0.9785933494567871 0.10786713659763336 -0.17527039349079132 -0.42454713582992554 -0.10080613940954208 0.9937120676040649 0.04872847720980644 0.042447395622730255 0.17942450940608978 -0.030017031356692314 0.9833136796951294 -0.1387476921081543 0.0 0.0 0.0 1.0
0.9788368344306946 0.1017998605966568 -0.17752520740032196 -0.4212939441204071 -0.09387819468975067 0.9941991567611694 0.052487753331661224 0.04196052625775337 0.18183864653110504 -0.03471120074391365 0.9827155470848083 -0.13840164244174957 0.0 0.0 0.0 1.0
0.9788094758987427 0.10106175392866135 -0.1780969649553299 -0.41953104734420776 -0.09295402467250824 0.9942418336868286 0.05331673100590706 0.041610438376665115 0.1824597418308258 -0.035632092505693436 0.9825674295425415 -0.13815763592720032 0.0 0.0 0.0 1.0
0.9788148403167725 0.10142192989587784 -0.17786255478858948 -0.4179728329181671 -0.09356168657541275 0.9942514896392822 0.052058979868888855 0.04131489619612694 0.18212004005908966 -0.03431498259305954 0.9826773405075073 -0.13779067993164062 0.0 0.0 0.0 1.0
0.9791055917739868 0.10011540353298187 -0.17700032889842987 -0.41612547636032104 -0.09282763302326202 0.9944754242897034 0.049006953835487366 0.040819618850946426 0.18092882633209229 -0.03155246004462242 0.9829899072647095 -0.13750435411930084 0.0 0.0 0.0 1.0
0.97879958152771 0.10284257680177689 -0.177129328250885 -0.4146949052810669 -0.09529513120651245 0.9941608905792236 0.05062535032629967 0.04013855382800102 0.18130148947238922 -0.03267250955104828 0.9828846454620361 -0.13726021349430084 0.0 0.0 0.0 1.0
0.9790036082267761 0.10429401695728302 -0.17514201998710632 -0.41315004229545593 -0.09676235169172287 0.9939985275268555 0.05102949216961861 0.0395844429731369 0.17941297590732574 -0.033010903745889664 0.9832198619842529 -0.13704480230808258 0.0 0.0 0.0 1.0
0.9793760776519775 0.10336022824048996 -0.1736062616109848 -0.41171345114707947 -0.09686791151762009 0.9942573308944702 0.04548539221286774 0.03886707127094269 0.17731067538261414 -0.0277304295450449 0.9837641716003418 -0.1369372010231018 0.0 0.0 0.0 1.0
0.9787911772727966 0.10725431889295578 -0.17454031109809875 -0.410392701625824 -0.09996207058429718 0.9937304258346558 0.05007373169064522 0.038145244121551514 0.17881664633750916 -0.03156431391835213 0.9833759665489197 -0.13661383092403412 0.0 0.0 0.0 1.0
0.9789884090423584 0.10676075518131256 -0.17373505234718323 -0.40886878967285156 -0.10081537067890167 0.9939876198768616 0.04271898418664932 0.03749136999249458 0.1772512048482895 -0.024306224659085274 0.9838654398918152 -0.1362263411283493 0.0 0.0 0.0 1.0
0.9790750741958618 0.10750804096460342 -0.17278322577476501 -0.40714016556739807 -0.10099570453166962 0.9938192963600159 0.046076204627752304 0.03678295016288757 0.17666886746883392 -0.027661699801683426 0.9838815927505493 -0.13596180081367493 0.0 0.0 0.0 1.0
0.9793655872344971 0.10515361279249191 -0.17258547246456146 -0.40581339597702026 -0.10016989707946777 0.9942686557769775 0.037361107766628265 0.03602481260895729 0.1755249798297882 -0.01930231600999832 0.9842857122421265 -0.13577497005462646 0.0 0.0 0.0 1.0
0.9793630242347717 0.10793312638998032 -0.17087557911872864 -0.404168963432312 -0.10194476693868637 0.9938399791717529 0.0434662364423275 0.03500789403915405 0.17451444268226624 -0.025149354711174965 0.9843333959579468 -0.13616444170475006 0.0 0.0 0.0 1.0
0.9798864722251892 0.11032463610172272 -0.1662859171628952 -0.40222489833831787 -0.10502168536186218 0.9936497807502747 0.04038058593869209 0.033841121941804886 0.16968493163585663 -0.022104762494564056 0.9852504134178162 -0.13672056794166565 0.0 0.0 0.0 1.0
0.9797730445861816 0.11479664593935013 -0.16391001641750336 -0.4002852737903595 -0.11019842326641083 0.9932241439819336 0.03690655902028084 0.032588157802820206 0.16703613102436066 -0.018097426742315292 0.985784649848938 -0.13732720911502838 0.0 0.0 0.0 1.0
0.9802706837654114 0.11348916590213776 -0.1618320643901825 -0.39825233817100525 -0.10967480391263962 0.9934412240982056 0.03234109282493591 0.031362384557724 0.16444101929664612 -0.013954123482108116 0.9862881898880005 -0.1377905011177063 0.0 0.0 0.0 1.0
0.9809830784797668 0.11162904649972916 -0.15878024697303772 -0.39559948444366455 -0.10905402898788452 0.9937247633934021 0.02486700937151909 0.03039035201072693 0.1605597287416458 -0.007078489754348993 0.9870007634162903 -0.1381474733352661 0.0 0.0 0.0 1.0
0.9809648990631104 0.11082454025745392 -0.15945467352867126 -0.39240705966949463 -0.10712210834026337 0.9937417507171631 0.031657520681619644 0.028574325144290924 0.16196519136428833 -0.013973794877529144 0.9866975545883179 -0.1386956423521042 0.0 0.0 0.0 1.0
0.9820543527603149 0.10848677158355713 -0.15427200496196747 -0.3895196318626404 -0.10581899434328079 0.9940603375434875 0.02542516216635704 0.027819886803627014 0.15611396729946136 -0.0086439847946167 0.9877012372016907 -0.1392466127872467 0.0 0.0 0.0 1.0
0.9816932082176208 0.11163380742073059 -0.15432560443878174 -0.3869616389274597 -0.10857025533914566 0.9936897158622742 0.028165699914097786 0.026943162083625793 0.15649600327014923 -0.010894904844462872 0.9876185059547424 -0.13955986499786377 0.0 0.0 0.0 1.0
0.982046902179718 0.11327874660491943 -0.15083716809749603 -0.38233065605163574 -0.11083526909351349 0.9935358762741089 0.024536825716495514 0.025616375729441643 0.1526416391134262 -0.007378234528005123 0.9882540702819824 -0.13988180458545685 0.0 0.0 0.0 1.0
0.982234537601471 0.11431558430194855 -0.14881949126720428 -0.38014915585517883 -0.11128702014684677 0.9933781623840332 0.028549034148454666 0.024875888600945473 0.1510976254940033 -0.011480171233415604 0.9884521961212158 -0.14039435982704163 0.0 0.0 0.0 1.0
0.9818733930587769 0.11262482404708862 -0.15244770050048828 -0.37799039483070374 -0.1103399246931076 0.9936185479164124 0.023393457755446434 0.0246118251234293 0.15410955250263214 -0.006148346234112978 0.9880346655845642 -0.13993607461452484 0.0 0.0 0.0 1.0
0.981553316116333 0.11167498677968979 -0.15518319606781006 -0.37582406401634216 -0.10893144458532333 0.9937065839767456 0.026099151000380516 0.024188952520489693 0.1571211814880371 -0.008713377639651299 0.9875409007072449 -0.13980139791965485 0.0 0.0 0.0 1.0
0.9818077087402344 0.10926941782236099 -0.15528637170791626 -0.37349578738212585 -0.10636024922132492 0.9939624667167664 0.02694626897573471 0.024509936571121216 0.15729323029518127 -0.00993975717574358 0.9875019192695618 -0.13956445455551147 0.0 0.0 0.0 1.0
0.9823266267776489 0.10980786383152008 -0.15158045291900635 -0.369701087474823 -0.10544723272323608 0.9937534332275391 0.03653717413544655 0.024385688826441765 0.1546456664800644 -0.019907699897885323 0.9877694249153137 -0.1392909735441208 0.0 0.0 0.0 1.0
0.9824596047401428 0.108701191842556 -0.15151627361774445 -0.36784037947654724 -0.10440629720687866 0.9938814043998718 0.03604316711425781 0.024148980155587196 0.15450714528560638 -0.01959170401096344 0.9877973794937134 -0.13885310292243958 0.0 0.0 0.0 1.0
0.9827483296394348 0.1089116781949997 -0.1494790017604828 -0.3657749593257904 -0.10461132973432541 0.9938482642173767 0.03636013716459274 0.023857727646827698 0.15251949429512024 -0.020095666870474815 0.9880961179733276 -0.1385381668806076 0.0 0.0 0.0 1.0
0.9823471903800964 0.10835768282413483 -0.1524878889322281 -0.3635438084602356 -0.10531655699014664 0.9940471649169922 0.027905287221074104 0.023521091789007187 0.15460391342639923 -0.01135318074375391 0.9879112839698792 -0.13776446878910065 0.0 0.0 0.0 1.0
0.9822400212287903 0.1097404807806015 -0.15218913555145264 -0.36176151037216187 -0.10644849389791489 0.9938763976097107 0.029637455940246582 0.023393264040350914 0.15450961887836456 -0.012910791672766209 0.9879069328308105 -0.13750547170639038 0.0 0.0 0.0 1.0
0.9819019436836243 0.11112180352210999 -0.15336401760578156 -0.3600861430168152 -0.10742396861314774 0.9936911463737488 0.032217152416706085 0.023433364927768707 0.15597648918628693 -0.015159115195274353 0.9876444339752197 -0.13692966103553772 0.0 0.0 0.0 1.0
0.981688916683197 0.11114709824323654 -0.15470361709594727 -0.35832923650741577 -0.10745762288570404 0.9936933517456055 0.03203658387064934 0.02311958558857441 0.15728873014450073 -0.014825875870883465 0.98744136095047 -0.13654910027980804 0.0 0.0 0.0 1.0
0.9814662933349609 0.11247562617063522 -0.1551552712917328 -0.35536518692970276 -0.10834430158138275 0.9935020804405212 0.03485856205224991 0.02283245325088501 0.15806782245635986 -0.017402315512299538 0.9872748851776123 -0.1361224353313446 0.0 0.0 0.0 1.0
0.9810636639595032 0.11495160311460495 -0.15588520467281342 -0.3538397252559662 -0.1112665981054306 0.9932690858840942 0.03219201788306236 0.022056080400943756 0.15853646397590637 -0.014237605966627598 0.9872504472732544 -0.13592201471328735 0.0 0.0 0.0 1.0
0.9808495044708252 0.11828698217868805 -0.1547333151102066 -0.3523882031440735 -0.11422916501760483 0.9928416013717651 0.034889768809080124 0.021474778652191162 0.15775267779827118 -0.01654655672609806 0.9873400330543518 -0.1358499526977539 0.0 0.0 0.0 1.0
0.9805881381034851 0.12004905194044113 -0.15503257513046265 -0.35066401958465576 -0.11595040559768677 0.99262934923172 0.035248201340436935 0.02068016678094864 0.15812139213085175 -0.01658787950873375 0.9872803092002869 -0.13563591241836548 0.0 0.0 0.0 1.0
0.9801065921783447 0.12363450229167938 -0.15525980293750763 -0.3475905656814575 -0.11939385533332825 0.9921800494194031 0.036384060978889465 0.01910468377172947 0.15854401886463165 -0.01712319254875183 0.9872034192085266 -0.1355941891670227 0.0 0.0 0.0 1.0
0.9804309010505676 0.12477531284093857 -0.15227052569389343 -0.3456333875656128 -0.11979344487190247 0.9919310808181763 0.04150056466460228 0.018650168552994728 0.15622010827064514 -0.022447427734732628 0.9874671697616577 -0.13538707792758942 0.0 0.0 0.0 1.0
0.9800257682800293 0.12518833577632904 -0.15452292561531067 -0.3433797359466553 -0.1214258000254631 0.992031991481781 0.033589918166399 0.018290797248482704 0.15749675035476685 -0.014155915938317776 0.9874180555343628 -0.13497251272201538 0.0 0.0 0.0 1.0
0.9801700115203857 0.12370594590902328 -0.1548016369342804 -0.341762512922287 -0.12006744742393494 0.9922279119491577 0.03267396613955498 0.017664112150669098 0.1576404571533203 -0.013439405709505081 0.9874051213264465 -0.13444167375564575 0.0 0.0 0.0 1.0
0.9806791543960571 0.12471738457679749 -0.15071147680282593 -0.33969706296920776 -0.12074503302574158 0.9920570254325867 0.03526352718472481 0.01737285777926445 0.15391235053539276 -0.016384543851017952 0.9879486560821533 -0.13412673771381378 0.0 0.0 0.0 1.0
0.9807855486869812 0.12467820197343826 -0.1500503569841385 -0.3373529613018036 -0.12102141231298447 0.9920912981033325 0.03329623490571976 0.016831986606121063 0.15301497280597687 -0.014497159980237484 0.988117516040802 -0.13380639255046844 0.0 0.0 0.0 1.0
0.9809525609016418 0.12493716180324554 -0.14873741567134857 -0.33571478724479675 -0.12028038501739502 0.9919362664222717 0.039938509464263916 0.016305066645145416 0.1525278389453888 -0.0212875884026289 0.9880698919296265 -0.13344763219356537 0.0 0.0 0.0 1.0
0.9810633063316345 0.1247616857290268 -0.14815296232700348 -0.33308467268943787 -0.11967819184064865 0.9918906092643738 0.04278053343296051 0.015809455886483192 0.15228889882564545 -0.024239731952548027 0.9880387187004089 -0.13283377885818481 0.0 0.0 0.0 1.0
0.981170117855072 0.1246194839477539 -0.14756418764591217 -0.3310535252094269 -0.11953002959489822 0.9919031262397766 0.04290444031357765 0.015159870497882366 0.15171611309051514 -0.024458201602101326 0.9881214499473572 -0.13249830901622772 0.0 0.0 0.0 1.0
0.9812231659889221 0.12427293509244919 -0.14750368893146515 -0.3289141356945038 -0.11886382848024368 0.991891622543335 0.04497072845697403 0.014673545956611633 0.15189631283283234 -0.026593467220664024 0.9880385994911194 -0.13205501437187195 0.0 0.0 0.0 1.0
0.9814364910125732 0.12422540783882141 -0.1461179554462433 -0.3265230357646942 -0.11894305795431137 0.991908609867096 0.04438323900103569 0.013874150812625885 0.15044918656349182 -0.026179615408182144 0.9882710576057434 -0.13129767775535583 0.0 0.0 0.0 1.0
0.9810959100723267 0.1247619166970253 -0.14793668687343597 -0.32240039110183716 -0.12007582187652588 0.9919492602348328 0.040230631828308105 0.01257502380758524 0.15176492929458618 -0.021706489846110344 0.9881782531738281 -0.13003823161125183 0.0 0.0 0.0 1.0
0.9811409115791321 0.12498090416193008 -0.14745274186134338 -0.32028928399086 -0.12048885226249695 0.9919463992118835 0.03904852271080017 0.01169405784457922 0.15114553272724152 -0.02054569125175476 0.9882979989051819 -0.12971094250679016 0.0 0.0 0.0 1.0
0.9813154935836792 0.12395957857370377 -0.14715281128883362 -0.3188602924346924 -0.11971493810415268 0.9921038150787354 0.03739410638809204 0.011135492473840714 0.15062622725963593 -0.019079025834798813 0.9884066581726074 -0.1292797476053238 0.0 0.0 0.0 1.0
0.9813590049743652 0.1246742382645607 -0.1462559700012207 -0.31696435809135437 -0.12030243873596191 0.991994321346283 0.03840016573667526 0.010259191505610943 0.14987261593341827 -0.020089399069547653 0.9885011911392212 -0.1287434846162796 0.0 0.0 0.0 1.0
0.9811702966690063 0.1251143515110016 -0.14714376628398895 -0.31535759568214417 -0.12129990011453629 0.9920108318328857 0.03465273976325989 0.00958262663334608 0.15030376613140106 -0.01615171507000923 0.9885079264640808 -0.1281266063451767 0.0 0.0 0.0 1.0
0.9809966683387756 0.12718679010868073 -0.14652307331562042 -0.3123942017555237 -0.12296060472726822 0.9916995763778687 0.037585482001304626 0.008420067839324474 0.15008725225925446 -0.018854668363928795 0.9884929656982422 -0.1273939609527588 0.0 0.0 0.0 1.0
0.981219470500946 0.12710697948932648 -0.145093634724617 -0.3110734522342682 -0.12211956828832626 0.9915915131568909 0.04281438887119293 0.007698241155594587 0.14931562542915344 -0.024291541427373886 0.9884911775588989 -0.1270705759525299 0.0 0.0 0.0 1.0
0.9810240864753723 0.1264784336090088 -0.14695203304290771 -0.3096609115600586 -0.12167432904243469 0.9917117357254028 0.041269853711128235 0.00712610362097621 0.15095379948616028 -0.02260643057525158 0.988282322883606 -0.12641680240631104 0.0 0.0 0.0 1.0
0.9810027480125427 0.12697918713092804 -0.14666254818439484 -0.3078151345252991 -0.12211122363805771 0.9916371703147888 0.04176820069551468 0.006753324996680021 0.15073972940444946 -0.02306557446718216 0.9883043766021729 -0.1259434074163437 0.0 0.0 0.0 1.0
0.9808256030082703 0.12746699154376984 -0.14742209017276764 -0.30606868863105774 -0.12272664159536362 0.9915992617607117 0.040853679180145264 0.006389664951711893 0.1513911336660385 -0.02197771891951561 0.9882295727729797 -0.12547680735588074 0.0 0.0 0.0 1.0
0.9808319807052612 0.1279475837945938 -0.14696258306503296 -0.3042968511581421 -0.1230047270655632 0.9915050268173218 0.042280782014131546 0.006211956962943077 0.15112386643886566 -0.02339325286448002 0.9882379770278931 -0.1251317709684372 0.0 0.0 0.0 1.0
0.9809522032737732 0.12880226969718933 -0.14540532231330872 -0.30222252011299133 -0.12339705973863602 0.9913073778152466 0.04563812538981438 0.006093082949519157 0.15001966059207916 -0.02682623080909252 0.9883189797401428 -0.12471581995487213 0.0 0.0 0.0 1.0
0.9807165861129761 0.12929481267929077 -0.14655303955078125 -0.2996162176132202 -0.12434510141611099 0.9913290143013 0.042485594749450684 0.00528902281075716 0.1507754623889923 -0.023443173617124557 0.988290011882782 -0.12416746467351913 0.0 0.0 0.0 1.0
0.9813302159309387 0.12798815965652466 -0.14356203377246857 -0.295454204082489 -0.12297269701957703 0.9914641976356506 0.04331822320818901 0.005309845320880413 0.14788083732128143 -0.024855270981788635 0.9886928200721741 -0.12318402528762817 0.0 0.0 0.0 1.0
0.9811104536056519 0.12542833387851715 -0.14727523922920227 -0.29279711842536926 -0.1208483874797821 0.991877555847168 0.039680365473032 0.00487768929451704 0.15105605125427246 -0.021132847294211388 0.9882993102073669 -0.1228787899017334 0.0 0.0 0.0 1.0
0.9815763831138611 0.12388983368873596 -0.1454617828130722 -0.28836891055107117 -0.11776843667030334 0.9917815923690796 0.04999898746609688 0.0048120636492967606 0.15046067535877228 -0.03194701671600342 0.9880996942520142 -0.12295914441347122 0.0 0.0 0.0 1.0
0.9811643958091736 0.12352707237005234 -0.14851754903793335 -0.28589847683906555 -0.11761968582868576 0.9919001460075378 0.04795575514435768 0.004325527232140303 0.15323840081691742 -0.029583891853690147 0.9877462983131409 -0.12294061481952667 0.0 0.0 0.0 1.0
0.9812021255493164 0.12223859876394272 -0.14933225512504578 -0.2831627428531647 -0.1179971769452095 0.9923253655433655 0.03697378188371658 0.003330803010612726 0.15270580351352692 -0.018657969310879707 0.9880955219268799 -0.1230681985616684 0.0 0.0 0.0 1.0
0.9817681908607483 0.1266452968120575 -0.14174704253673553 -0.27798399329185486 -0.12102436274290085 0.9915060997009277 0.04763206094503403 0.0018766401335597038 0.1465754359960556 -0.029608795419335365 0.9887562990188599 -0.12421093881130219 0.0 0.0 0.0 1.0
0.9815455675125122 0.12637574970722198 -0.1435181200504303 -0.2726600170135498 -0.12096665054559708 0.9915973544120789 0.045844946056604385 0.00018678266496863216 0.14810587465763092 -0.027637997642159462 0.9885852336883545 -0.12338052690029144 0.0 0.0 0.0 1.0
0.9814285635948181 0.12548287212848663 -0.1450931280851364 -0.2673039436340332 -0.12114690244197845 0.991892397403717 0.03837858885526657 -0.0018976699793711305 0.14873261749744415 -0.020088259130716324 0.9886733889579773 -0.12207759916782379 0.0 0.0 0.0 1.0
0.9813929200172424 0.12604835629463196 -0.14484381675720215 -0.26411646604537964 -0.12136254459619522 0.9917702078819275 0.04077957198023796 -0.0028925135266035795 0.14879198372364044 -0.02244216948747635 0.9886138439178467 -0.12145290523767471 0.0 0.0 0.0 1.0
0.9814518094062805 0.1258712261915207 -0.144598588347435 -0.2616393566131592 -0.12063183635473251 0.9917001724243164 0.04448295757174492 -0.0039595975540578365 0.14899757504463196 -0.026214687153697014 0.9884900450706482 -0.12084030359983444 0.0 0.0 0.0 1.0
0.9815236926078796 0.1271052211523056 -0.14302286505699158 -0.25581660866737366 -0.12234362214803696 0.9916137456893921 0.04164447635412216 -0.005908098537474871 0.14711667597293854 -0.023377101868391037 0.9888428449630737 -0.11882062256336212 0.0 0.0 0.0 1.0
0.9815961122512817 0.1277148574590683 -0.1419789344072342 -0.252976655960083 -0.1229039877653122 0.991521418094635 0.042188942432403564 -0.006916302256286144 0.14616331458091736 -0.023962723091244698 0.9889702200889587 -0.11754857748746872 0.0 0.0 0.0 1.0
0.9816268086433411 0.1277957409620285 -0.14169342815876007 -0.24963101744651794 -0.12270659953355789 0.9914615154266357 0.044126689434051514 -0.007797719445079565 0.1461227834224701 -0.025929223746061325 0.9889265894889832 -0.11614149808883667 0.0 0.0 0.0 1.0
0.9817416071891785 0.12813882529735565 -0.14058412611484528 -0.24411416053771973 -0.12349655479192734 0.9914852380752563 0.04129943996667862 -0.009106368757784367 0.14467914402484894 -0.02318372204899788 0.9892069697380066 -0.11320692300796509 0.0 0.0 0.0 1.0
0.9816604852676392 0.12606452405452728 -0.14300507307052612 -0.24079549312591553 -0.12108239531517029 0.9917081594467163 0.04305735230445862 -0.010051239281892776 0.1472472995519638 -0.024952305480837822 0.988784909248352 -0.11149122565984726 0.0 0.0 0.0 1.0
0.9817866086959839 0.12496981769800186 -0.14309988915920258 -0.23715940117835999 -0.11974354088306427 0.9918023943901062 0.044603556394577026 -0.010801203548908234 0.1475009024143219 -0.026655888184905052 0.988702654838562 -0.10974013060331345 0.0 0.0 0.0 1.0
0.9816962480545044 0.12287261337041855 -0.14551576972007751 -0.23111815750598907 -0.11846176534891129 0.9922068119049072 0.03863203898072243 -0.012636232189834118 0.14912855625152588 -0.02068687044084072 0.9886013865470886 -0.10634954273700714 0.0 0.0 0.0 1.0
0.9815785884857178 0.1214745044708252 -0.14746998250484467 -0.22770771384239197 -0.11641298979520798 0.9922905564308167 0.04251377284526825 -0.013431413099169731 0.15149740874767303 -0.02456318959593773 0.9881523847579956 -0.10430342704057693 0.0 0.0 0.0 1.0
0.9819931983947754 0.11878390610218048 -0.14690028131008148 -0.22131919860839844 -0.11368574947118759 0.9926005601882935 0.04265706613659859 -0.014799393713474274 0.15088027715682983 -0.02518848143517971 0.9882310628890991 -0.10094849765300751 0.0 0.0 0.0 1.0
0.9821135401725769 0.11862080544233322 -0.14622615277767181 -0.21797670423984528 -0.1127113550901413 0.9924635291099548 0.048086296766996384 -0.015435812063515186 0.15082816779613495 -0.030744854360818863 0.9880818128585815 -0.09916729480028152 0.0 0.0 0.0 1.0
0.9817417860031128 0.11651702970266342 -0.15035589039325714 -0.21454977989196777 -0.11134424805641174 0.9928767681121826 0.042404431849718094 -0.016217419877648354 0.15422570705413818 -0.024888940155506134 0.9877220988273621 -0.09734377264976501 0.0 0.0 0.0 1.0
0.9823952913284302 0.11186519265174866 -0.14961838722229004 -0.2080409675836563 -0.10660406202077866 0.9933817386627197 0.042758822441101074 -0.01749475859105587 0.1534113883972168 -0.026056136935949326 0.9878188371658325 -0.09415411204099655 0.0 0.0 0.0 1.0
0.982372522354126 0.11005982756614685 -0.15109938383102417 -0.20508228242397308 -0.10480780154466629 0.9935917258262634 0.04231804609298706 -0.018289819359779358 0.15478861331939697 -0.02573569305241108 0.9876123666763306 -0.09286027401685715 0.0 0.0 0.0 1.0
0.9827421307563782 0.10867366194725037 -0.14969278872013092 -0.20230825245380402 -0.10423725098371506 0.9938567280769348 0.03719422221183777 -0.01935231126844883 0.15281520783901215 -0.02094876393675804 0.9880326986312866 -0.09069789201021194 0.0 0.0 0.0 1.0
0.9820648431777954 0.11058063060045242 -0.15271088480949402 -0.19933976233005524 -0.10484378784894943 0.993463397026062 0.04514681175351143 -0.019553253427147865 0.15670503675937653 -0.028326308354735374 0.9872391819953918 -0.09022071957588196 0.0 0.0 0.0 1.0
0.9828611016273499 0.10960492491722107 -0.14822567999362946 -0.1939001828432083 -0.10440080612897873 0.9936280846595764 0.042469341307878494 -0.020784970372915268 0.15193605422973633 -0.026266584172844887 0.9880412220954895 -0.08899439126253128 0.0 0.0 0.0 1.0
0.9829419851303101 0.10918837040662766 -0.14799626171588898 -0.19122305512428284 -0.10322394967079163 0.9935269951820374 0.04742307960987091 -0.021539103239774704 0.1522163301706314 -0.031337376683950424 0.9878502488136292 -0.08794355392456055 0.0 0.0 0.0 1.0
0.9829301834106445 0.11105434596538544 -0.1466805636882782 -0.18778610229492188 -0.10459887236356735 0.9932039976119995 0.05103767290711403 -0.022180279716849327 0.1513516902923584 -0.03482384607195854 0.9878663420677185 -0.08754837512969971 0.0 0.0 0.0 1.0
0.9833127856254578 0.10930594801902771 -0.1454242318868637 -0.1819646805524826 -0.10306955873966217 0.993428111076355 0.049771539866924286 -0.024459969252347946 0.1499088555574417 -0.03395218029618263 0.9881166815757751 -0.08595332503318787 0.0 0.0 0.0 1.0
0.9838171601295471 0.10810457915067673 -0.142888605594635 -0.1787787675857544 -0.10215814411640167 0.9935930371284485 0.048338502645492554 -0.025332313030958176 0.14719873666763306 -0.03295901417732239 0.9885576367378235 -0.08514156937599182 0.0 0.0 0.0 1.0
0.9837890267372131 0.10914690047502518 -0.14228880405426025 -0.17209196090698242 -0.10348571836948395 0.9935377836227417 0.046619657427072525 -0.027181336656212807 0.14645768702030182 -0.03113904781639576 0.9887267351150513 -0.08237791806459427 0.0 0.0 0.0 1.0
0.9838044047355652 0.11246071755886078 -0.13957597315311432 -0.16642002761363983 -0.10570947080850601 0.9928804636001587 0.05489915609359741 -0.028948385268449783 0.1447562426328659 -0.0392555333673954 0.9886883497238159 -0.08085253834724426 0.0 0.0 0.0 1.0
0.9834789037704468 0.11377816647291183 -0.14079712331295013 -0.16356514394283295 -0.10670334845781326 0.9926648139953613 0.05684131756424904 -0.02982051856815815 0.14623165130615234 -0.04087870940566063 0.9884054064750671 -0.079616017639637 0.0 0.0 0.0 1.0
0.983299195766449 0.11431131511926651 -0.14161773025989532 -0.16089847683906555 -0.10709813237190247 0.9925800561904907 0.057574860751628876 -0.03062453120946884 0.14714838564395905 -0.041446320712566376 0.9882456660270691 -0.07847914844751358 0.0 0.0 0.0 1.0
0.9820370078086853 0.1152138039469719 -0.1494292914867401 -0.15582825243473053 -0.10727927088737488 0.992408275604248 0.06014163792133331 -0.03239111229777336 0.15522401034832 -0.04303064942359924 0.9869416952133179 -0.07551571726799011 0.0 0.0 0.0 1.0
0.9809185266494751 0.12087796628475189 -0.15227416157722473 -0.15202681720256805 -0.11306017637252808 0.9918333888053894 0.05902501940727234 -0.03451557084918022 0.15816541016101837 -0.0406825877726078 0.9865741729736328 -0.0736115574836731 0.0 0.0 0.0 1.0
0.9804542064666748 0.12294673919677734 -0.15360236167907715 -0.150046706199646 -0.11419956386089325 0.9913578033447266 0.06456131488084793 -0.03508337587118149 0.16021251678466797 -0.045758090913295746 0.9860213994979858 -0.07242127507925034 0.0 0.0 0.0 1.0
0.979491114616394 0.12451042234897614 -0.15841177105903625 -0.1475130170583725 -0.11579231172800064 0.9912633895874023 0.06315870583057404 -0.036780841648578644 0.16489170491695404 -0.04352052882313728 0.985351026058197 -0.07054004073143005 0.0 0.0 0.0 1.0
0.9792352318763733 0.12573741376399994 -0.15902340412139893 -0.14562757313251495 -0.11600784957408905 0.9908424019813538 0.06909036636352539 -0.037707023322582245 0.16625437140464783 -0.04920775815844536 0.9848543405532837 -0.06991774588823318 0.0 0.0 0.0 1.0
0.9788792729377747 0.12469550967216492 -0.16200724244117737 -0.1425902247428894 -0.11497742682695389 0.9910328984260559 0.06807307153940201 -0.03906465321779251 0.1690429151058197 -0.04800814390182495 0.9844387769699097 -0.06905673444271088 0.0 0.0 0.0 1.0
0.9782024621963501 0.127295583486557 -0.1640603393316269 -0.14044858515262604 -0.11717532575130463 0.9906416535377502 0.0699932873249054 -0.04021771252155304 0.17143484950065613 -0.049243781715631485 0.9839639663696289 -0.06806988269090652 0.0 0.0 0.0 1.0
0.9787486791610718 0.12595240771770477 -0.16182401776313782 -0.13832858204841614 -0.11555707454681396 0.9906765222549438 0.072157122194767 -0.04092629998922348 0.16940361261367798 -0.05192377790808678 0.9841780066490173 -0.06764157116413116 0.0 0.0 0.0 1.0
0.9782332181930542 0.13069307804107666 -0.16118033230304718 -0.13370563089847565 -0.11989317089319229 0.9899464845657349 0.07504428178071976 -0.042606569826602936 0.16936767101287842 -0.054086387157440186 0.9840676784515381 -0.06537991762161255 0.0 0.0 0.0 1.0
0.9781230092048645 0.13363347947597504 -0.15942847728729248 -0.1317119300365448 -0.12313268333673477 0.9896226525306702 0.07406337559223175 -0.043369490653276443 0.16767136752605438 -0.05281223729252815 0.9844273328781128 -0.0646497905254364 0.0 0.0 0.0 1.0
0.9775683879852295 0.13472633063793182 -0.16189152002334595 -0.12751935422420502 -0.12279348820447922 0.9890697002410889 0.08162683993577957 -0.04504042863845825 0.17111927270889282 -0.05991659685969353 0.9834267497062683 -0.06197017431259155 0.0 0.0 0.0 1.0
0.9766690731048584 0.13778653740882874 -0.16471907496452332 -0.12417594343423843 -0.12560342252254486 0.9886634349822998 0.08227051049470901 -0.04667477309703827 0.17418749630451202 -0.05966178700327873 0.9829034209251404 -0.06007004901766777 0.0 0.0 0.0 1.0
0.9759650826454163 0.1421813815832138 -0.16515645384788513 -0.12153559178113937 -0.12859222292900085 0.9875777959823608 0.09030018001794815 -0.046666812151670456 0.17594385147094727 -0.06689199060201645 0.9821248650550842 -0.05893053859472275 0.0 0.0 0.0 1.0
0.9764592051506042 0.13908660411834717 -0.1648705154657364 -0.11855728179216385 -0.12589730322360992 0.9881356358528137 0.08796506375074387 -0.04769330099225044 0.17514920234680176 -0.06513755023479462 0.9823848009109497 -0.058233410120010376 0.0 0.0 0.0 1.0
0.9765177965164185 0.13891275227069855 -0.164669930934906 -0.11635953187942505 -0.12562817335128784 0.9881163835525513 0.0885639637708664 -0.04796652868390083 0.17501571774482727 -0.0657971128821373 0.9823645949363708 -0.05835684761404991 0.0 0.0 0.0 1.0
0.9771738648414612 0.13540951907634735 -0.16369344294071198 -0.11284863203763962 -0.12256892770528793 0.9887098670005798 0.08619515597820282 -0.04738311097025871 0.17351695895195007 -0.0641639232635498 0.9827384352684021 -0.05886991322040558 0.0 0.0 0.0 1.0
0.9778863787651062 0.134689599275589 -0.1599903255701065 -0.10997506976127625 -0.12056540697813034 0.988152027130127 0.09497154504060745 -0.046069078147411346 0.17088644206523895 -0.07358208298683167 0.9825392961502075 -0.05938563123345375 0.0 0.0 0.0 1.0
0.9785717725753784 0.1303512156009674 -0.15939226746559143 -0.10795889049768448 -0.11665698885917664 0.9888567328453064 0.09248533099889755 -0.04543507099151611 0.1696716994047165 -0.07190930843353271 0.9828736186027527 -0.06005124747753143 0.0 0.0 0.0 1.0
0.9798803329467773 0.12554819881916046 -0.15515202283859253 -0.10417625308036804 -0.11157575994729996 0.9891340136528015 0.09573253989219666 -0.04406703636050224 0.1654852032661438 -0.0764952301979065 0.9832411408424377 -0.060541264712810516 0.0 0.0 0.0 1.0
0.9811615347862244 0.11848925054073334 -0.15258552134037018 -0.101850226521492 -0.10454493016004562 0.9898368716239929 0.09640207886695862 -0.04307931661605835 0.16245737671852112 -0.07863396406173706 0.983577311038971 -0.06084787845611572 0.0 0.0 0.0 1.0
0.983177661895752 0.10907115042209625 -0.1465097814798355 -0.09722356498241425 -0.09476519376039505 0.9903294444084167 0.10132666677236557 -0.04128982499241829 0.15614476799964905 -0.08573808521032333 0.9840059876441956 -0.06133953854441643 0.0 0.0 0.0 1.0
0.9843659996986389 0.10538303107023239 -0.1411312073469162 -0.0944141373038292 -0.09172974526882172 0.9907503724098206 0.09999660402536392 -0.040606267750263214 0.1503637433052063 -0.08548732101917267 0.984927773475647 -0.06176367029547691 0.0 0.0 0.0 1.0
0.9848129153251648 0.10429271310567856 -0.13880382478237152 -0.0918586477637291 -0.09067517518997192 0.9907386898994446 0.10106877982616425 -0.04036257043480873 0.14805905520915985 -0.08694777637720108 0.9851490259170532 -0.062008798122406006 0.0 0.0 0.0 1.0
0.9866111874580383 0.09934486448764801 -0.12934036552906036 -0.08606136590242386 -0.08546033501625061 0.9903824329376221 0.10880813002586365 -0.03965769335627556 0.13890594244003296 -0.09629785269498825 0.9856124520301819 -0.061940766870975494 0.0 0.0 0.0 1.0
0.9870941042900085 0.09953349083662033 -0.12545230984687805 -0.08344972878694534 -0.08630876243114471 0.9905294179916382 0.10678146779537201 -0.03995382413268089 0.134892538189888 -0.09457572549581528 0.986336350440979 -0.06225958094000816 0.0 0.0 0.0 1.0
0.9874487519264221 0.10118188709020615 -0.12127336859703064 -0.07733765989542007 -0.08740892261266708 0.9896320104598999 0.11396566033363342 -0.03971641883254051 0.1315472573041916 -0.10193487256765366 0.9860550761222839 -0.06300541758537292 0.0 0.0 0.0 1.0
0.9873068928718567 0.09950615465641022 -0.12378843128681183 -0.07359665632247925 -0.08521577715873718 0.9896073341369629 0.11582578718662262 -0.039001595228910446 0.13402731716632843 -0.10380687564611435 0.9855256676673889 -0.06376298516988754 0.0 0.0 0.0 1.0
0.9869450330734253 0.10170799493789673 -0.12487972527742386 -0.07193531841039658 -0.08698220551013947 0.989173412322998 0.11819521337747574 -0.03867582604289055 0.13554909825325012 -0.10578986257314682 0.9851065874099731 -0.06406933814287186 0.0 0.0 0.0 1.0
0.9863686561584473 0.10506262630224228 -0.1266440600156784 -0.07101264595985413 -0.09005628526210785 0.9888131618499756 0.11890500038862228 -0.038816940039396286 0.1377197802066803 -0.10587907582521439 0.984795868396759 -0.06450379639863968 0.0 0.0 0.0 1.0
0.9846636652946472 0.1120978370308876 -0.1336846798658371 -0.06852040439844131 -0.0958651453256607 0.9878596067428589 0.12224285304546356 -0.03878197446465492 0.14576485753059387 -0.10755238682031631 0.9834557175636292 -0.0655750185251236 0.0 0.0 0.0 1.0
0.9836479425430298 0.11693096160888672 -0.13698115944862366 -0.06505559384822845 -0.09994524717330933 0.987118124961853 0.12493493407964706 -0.03893795982003212 0.1498253494501114 -0.10920137912034988 0.9826634526252747 -0.06640613824129105 0.0 0.0 0.0 1.0
0.9836849570274353 0.11927225440740585 -0.13467755913734436 -0.06123882159590721 -0.1022382378578186 0.9866178631782532 0.1270139217376709 -0.03899439424276352 0.1480245143175125 -0.11117248982191086 0.9827153086662292 -0.06783409416675568 0.0 0.0 0.0 1.0
0.983307421207428 0.12175970524549484 -0.13520754873752594 -0.05586295202374458 -0.10427921265363693 0.9860661625862122 0.12961256504058838 -0.038924627006053925 0.14910516142845154 -0.11334966868162155 0.9823031425476074 -0.06981277465820312 0.0 0.0 0.0 1.0
0.9833056330680847 0.12087228894233704 -0.13601422309875488 -0.05197089910507202 -0.10448364913463593 0.987040102481842 0.12179926782846451 -0.03884494677186012 0.14897365868091583 -0.10555464774370193 0.9831912517547607 -0.07068773359060287 0.0 0.0 0.0 1.0
0.9823713302612305 0.12592992186546326 -0.13815999031066895 -0.04673914611339569 -0.1090640276670456 0.986329197883606 0.12353049218654633 -0.03917427733540535 0.15182742476463318 -0.10628452897071838 0.9826759696006775 -0.07256665080785751 0.0 0.0 0.0 1.0
0.9818041324615479 0.1287752389907837 -0.1395622342824936 -0.04371429234743118 -0.11067572981119156 0.9852505326271057 0.1305079460144043 -0.03894907236099243 0.1543099582195282 -0.11268708109855652 0.9815753102302551 -0.07381145656108856 0.0 0.0 0.0 1.0
0.9804065227508545 0.13146036863327026 -0.14670121669769287 -0.04023744910955429 -0.11401768028736115 0.9860098958015442 0.12159110605716705 -0.03917767107486725 0.16063326597213745 -0.10248217731714249 0.981679379940033 -0.07491566985845566 0.0 0.0 0.0 1.0
0.9803203344345093 0.1320635974407196 -0.14673516154289246 -0.03702371567487717 -0.11404915899038315 0.9855701327323914 0.1250772327184677 -0.03814515843987465 0.1611359417438507 -0.1058807298541069 0.9812362194061279 -0.07636681944131851 0.0 0.0 0.0 1.0
0.9798741340637207 0.13353249430656433 -0.1483769416809082 -0.03496341407299042 -0.1154455617070198 0.9854816794395447 0.12449178099632263 -0.037978366017341614 0.16284646093845367 -0.10485681891441345 0.981063723564148 -0.07683302462100983 0.0 0.0 0.0 1.0
0.9786611199378967 0.13581214845180511 -0.1541995406150818 -0.030143825337290764 -0.11670471727848053 0.9850289225578308 0.12687796354293823 -0.0366244912147522 0.169122576713562 -0.10617471486330032 0.9798594117164612 -0.07778622210025787 0.0 0.0 0.0 1.0
0.9777512550354004 0.13671083748340607 -0.15909931063652039 -0.025066254660487175 -0.11772783100605011 0.98537278175354 0.12320984154939651 -0.03607368469238281 0.17361624538898468 -0.10173816233873367 0.9795441627502441 -0.07917361706495285 0.0 0.0 0.0 1.0
0.978429913520813 0.1356939971446991 -0.1557626724243164 -0.020627984777092934 -0.11788231879472733 0.9859404563903809 0.11842768639326096 -0.0359988771378994 0.16964265704154968 -0.09751152992248535 0.9806696176528931 -0.08068232238292694 0.0 0.0 0.0 1.0
0.9773489832878113 0.13799461722373962 -0.16045688092708588 -0.015188627876341343 -0.11958302557468414 0.9856339693069458 0.1192709431052208 -0.03617406636476517 0.17461049556732178 -0.09738142043352127 0.9798101782798767 -0.08244660496711731 0.0 0.0 0.0 1.0
0.9774942398071289 0.13642627000808716 -0.1609126776456833 -0.010753246024250984 -0.11939273774623871 0.9866008162498474 0.11119422316551208 -0.03630794957280159 0.17392639815807343 -0.08947990834712982 0.9806849360466003 -0.08419287949800491 0.0 0.0 0.0 1.0
0.9770506620407104 0.13877107203006744 -0.16160018742084503 -0.005984599702060223 -0.12259020656347275 0.9867621064186096 0.106170654296875 -0.037108778953552246 0.1741943508386612 -0.08392350375652313 0.9811285138130188 -0.08582035452127457 0.0 0.0 0.0 1.0
0.9770517945289612 0.1367170661687851 -0.16333454847335815 -0.002562099602073431 -0.12111775577068329 0.9873872995376587 0.10196482390165329 -0.03737373650074005 0.17521479725837708 -0.07984220236539841 0.98128741979599 -0.0876496434211731 0.0 0.0 0.0 1.0
0.9765318632125854 0.13742873072624207 -0.1658279001712799 0.0004910611896775663 -0.12328317016363144 0.9880208969116211 0.09282219409942627 -0.038173556327819824 0.17659786343574524 -0.07020004093647003 0.9817765355110168 -0.08774182945489883 0.0 0.0 0.0 1.0
0.9766027927398682 0.13581758737564087 -0.16673502326011658 0.007568814791738987 -0.12224471569061279 0.9884853959083557 0.08917849510908127 -0.03790968656539917 0.17692714929580688 -0.0667094886302948 0.9819605946540833 -0.09079564362764359 0.0 0.0 0.0 1.0
0.9765485525131226 0.13212081789970398 -0.16999123990535736 0.012744172476232052 -0.11907106637954712 0.9892542362213135 0.0848420187830925 -0.0372455008327961 0.17937394976615906 -0.06261131167411804 0.9817865490913391 -0.0919891744852066 0.0 0.0 0.0 1.0
0.9764285683631897 0.12982727587223053 -0.172430157661438 0.01636934094130993 -0.11725398898124695 0.9897729158401489 0.08124671876430511 -0.03653512895107269 0.18121473491191864 -0.05911349132657051 0.981665313243866 -0.09253096580505371 0.0 0.0 0.0 1.0
0.9777712821960449 0.12492939829826355 -0.1683923602104187 0.021860558539628983 -0.1130923181772232 0.9905040264129639 0.07817847281694412 -0.03555353730916977 0.17656008899211884 -0.0573967844247818 0.9826149344444275 -0.09350204467773438 0.0 0.0 0.0 1.0
0.9777786135673523 0.12263716012239456 -0.17002679407596588 0.025782214477658272 -0.11116856336593628 0.9909339547157288 0.07544151693582535 -0.03474802523851395 0.1777372509241104 -0.054863471537828445 0.9825474619865417 -0.09383635967969894 0.0 0.0 0.0 1.0
0.9787434339523315 0.11995261907577515 -0.16635115444660187 0.030585316941142082 -0.10852446407079697 0.9911690950393677 0.07619864493608475 -0.03340772166848183 0.1740223616361618 -0.05652574822306633 0.9831180572509766 -0.09456697106361389 0.0 0.0 0.0 1.0
0.9790122509002686 0.11946165561676025 -0.16511784493923187 0.03371216729283333 -0.10776986181735992 0.9911056160926819 0.07807213068008423 -0.03252926096320152 0.17297585308551788 -0.05863884463906288 0.983178973197937 -0.09495571255683899 0.0 0.0 0.0 1.0
0.9802581667900085 0.11573600769042969 -0.16030949354171753 0.03803524374961853 -0.10438276082277298 0.9915094375610352 0.07754556834697723 -0.031583480536937714 0.1679231822490692 -0.0592811293900013 0.9840160608291626 -0.09655461460351944 0.0 0.0 0.0 1.0
0.9810646772384644 0.1151299923658371 -0.15574714541435242 0.04114897921681404 -0.10477340221405029 0.9918004870414734 0.07317312061786652 -0.031417276710271835 0.16289451718330383 -0.05546940490603447 0.9850829839706421 -0.09770658612251282 0.0 0.0 0.0 1.0
0.9836345911026001 0.10636486113071442 -0.1454285830259323 0.046889521181583405 -0.09889661520719528 0.9934250116348267 0.05767354741692543 -0.031864818185567856 0.15060682594776154 -0.04234730079770088 0.9876863360404968 -0.09982457756996155 0.0 0.0 0.0 1.0
0.9855835437774658 0.10354572534561157 -0.13380344212055206 0.05105067417025566 -0.09604619443416595 0.9934841394424438 0.06135481968522072 -0.031662892550230026 0.1392846256494522 -0.047618988901376724 0.9891067743301392 -0.10152576118707657 0.0 0.0 0.0 1.0
0.987215518951416 0.10199074447154999 -0.1224883496761322 0.057581812143325806 -0.09586863964796066 0.9938793778419495 0.05489085987210274 -0.032723262906074524 0.1273370087146759 -0.0424463152885437 0.990950882434845 -0.10425154119729996 0.0 0.0 0.0 1.0
0.9880076050758362 0.09753986448049545 -0.11969522386789322 0.06218135729432106 -0.09231878817081451 0.9945511221885681 0.04842895641922951 -0.03278002515435219 0.12376677244901657 -0.036798059940338135 0.9916288256645203 -0.10535197705030441 0.0 0.0 0.0 1.0
0.9897934794425964 0.08502396941184998 -0.11436674743890762 0.06863828748464584 -0.08033999800682068 0.9957526922225952 0.0449678972363472 -0.03319163620471954 0.11770433932542801 -0.0353207066655159 0.9924203157424927 -0.10759442299604416 0.0 0.0 0.0 1.0
0.9903145432472229 0.08110696822404861 -0.11268866807222366 0.07349846512079239 -0.07660704106092453 0.9961027503013611 0.04371162876486778 -0.03338909149169922 0.11579480767250061 -0.03465551510453224 0.9926683902740479 -0.10827979445457458 0.0 0.0 0.0 1.0
0.9911622405052185 0.0790720283985138 -0.10651286691427231 0.07930737733840942 -0.07528077811002731 0.9963930249214172 0.039162907749414444 -0.0340859480202198 0.10922536998987198 -0.030798425897955894 0.9935397505760193 -0.1087905690073967 0.0 0.0 0.0 1.0
0.9912417531013489 0.08064493536949158 -0.10457641631364822 0.08276817202568054 -0.0768737643957138 0.9962536692619324 0.0396106131374836 -0.03441867232322693 0.10737904161214828 -0.031224509701132774 0.9937277436256409 -0.1083298921585083 0.0 0.0 0.0 1.0
0.9912999868392944 0.08316580951213837 -0.10201860964298248 0.08723048120737076 -0.07955185323953629 0.9960674047470093 0.03900272026658058 -0.03509194403886795 0.10486111044883728 -0.030547626316547394 0.9940176010131836 -0.10678248107433319 0.0 0.0 0.0 1.0
0.9917475581169128 0.0810944065451622 -0.09929969161748886 0.08983051776885986 -0.07772547006607056 0.9962751269340515 0.03734447807073593 -0.03540600836277008 0.1019582450389862 -0.029318181797862053 0.9943565726280212 -0.10548588633537292 0.0 0.0 0.0 1.0
0.9916690587997437 0.08021938800811768 -0.10078378021717072 0.09383417665958405 -0.07694976776838303 0.9963874816894531 0.03592730313539505 -0.036464590579271317 0.1033017635345459 -0.027872705832123756 0.9942594766616821 -0.10363653302192688 0.0 0.0 0.0 1.0
0.9916204214096069 0.07823417335748672 -0.10280265659093857 0.09680936485528946 -0.07506594806909561 0.9965870976448059 0.0343400277197361 -0.03724607825279236 0.10513836145401001 -0.026335295289754868 0.9941088557243347 -0.10256528109312057 0.0 0.0 0.0 1.0
0.9912659525871277 0.07838540524244308 -0.10605428367853165 0.10136748850345612 -0.0754675343632698 0.996658205986023 0.03125811740756035 -0.03901258483529091 0.10815005004405975 -0.02298145182430744 0.993868887424469 -0.10094265639781952 0.0 0.0 0.0 1.0
0.991241991519928 0.07836241275072098 -0.10629486292600632 0.10542730242013931 -0.07511837780475616 0.9965882301330566 0.034193217754364014 -0.04061099514365196 0.10861167311668396 -0.025909055024385452 0.9937465786933899 -0.09916698187589645 0.0 0.0 0.0 1.0
0.9908453226089478 0.07926028966903687 -0.10928549617528915 0.11133627593517303 -0.0763898640871048 0.9966201782226562 0.030213171616196632 -0.04328087344765663 0.11131083220243454 -0.021588275209069252 0.9935511350631714 -0.09790372848510742 0.0 0.0 0.0 1.0
0.9906753897666931 0.079502172768116 -0.11064213514328003 0.11654598265886307 -0.07694219797849655 0.9966638088226318 0.027224702760577202 -0.04509768262505531 0.11243743449449539 -0.018457792699337006 0.9934873580932617 -0.09704458713531494 0.0 0.0 0.0 1.0
0.9905098676681519 0.07965525984764099 -0.11200550943613052 0.12275125086307526 -0.07718794792890549 0.9966722130775452 0.02620186097919941 -0.048035554587841034 0.1137198954820633 -0.01730772666633129 0.9933620691299438 -0.0975278690457344 0.0 0.0 0.0 1.0
0.9902998208999634 0.08060501515865326 -0.11317727714776993 0.12711337208747864 -0.07810918986797333 0.9965972304344177 0.02632351592183113 -0.04993826895952225 0.11491397023200989 -0.017227988690137863 0.9932260513305664 -0.09763528406620026 0.0 0.0 0.0 1.0
0.9900559782981873 0.08392979204654694 -0.11289335042238235 0.13080230355262756 -0.08113891631364822 0.9962778687477112 0.02910110168159008 -0.051346201449632645 0.11491559445858002 -0.01965167559683323 0.9931808710098267 -0.09753775596618652 0.0 0.0 0.0 1.0
0.9898319244384766 0.08567986637353897 -0.11354152858257294 0.1350603848695755 -0.08327392488718033 0.9961932897567749 0.02577485516667366 -0.052872300148010254 0.1153176948428154 -0.016057725995779037 0.9931988716125488 -0.09709078818559647 0.0 0.0 0.0 1.0
0.9901319146156311 0.0880679115653038 -0.10900858789682388 0.1396809071302414 -0.084816113114357 0.9958120584487915 0.03412529081106186 -0.05424897000193596 0.11155740916728973 -0.024542853236198425 0.9934548735618591 -0.09732669591903687 0.0 0.0 0.0 1.0
0.9903393387794495 0.08776771277189255 -0.10735384374856949 0.1437542885541916 -0.0838906317949295 0.9956669211387634 0.04012162610888481 -0.054622832685709 0.11041005700826645 -0.030728043988347054 0.9934110045433044 -0.09704778343439102 0.0 0.0 0.0 1.0
0.9903134703636169 0.0886276587843895 -0.10688485950231552 0.14758552610874176 -0.08440025895833969 0.995483934879303 0.043455153703689575 -0.055055487900972366 0.11025349050760269 -0.034013114869594574 0.9933213591575623 -0.09625127166509628 0.0 0.0 0.0 1.0
0.9900386333465576 0.09228833019733429 -0.1063314899802208 0.15132185816764832 -0.08758985251188278 0.9949970841407776 0.04805050790309906 -0.055392831563949585 0.11023402214050293 -0.038258302956819534 0.9931690692901611 -0.09541105479001999 0.0 0.0 0.0 1.0
0.9898747801780701 0.09458419680595398 -0.10583847761154175 0.1547706127166748 -0.08955024927854538 0.9946574568748474 0.051355067640542984 -0.05565293878316879 0.11013040691614151 -0.04135722666978836 0.9930563569068909 -0.09467727690935135 0.0 0.0 0.0 1.0
0.9896430373191833 0.09723906964063644 -0.10559910535812378 0.1585025042295456 -0.09178140014410019 0.9942380785942078 0.05537884682416916 -0.056076474487781525 0.11037563532590866 -0.04511325806379318 0.9928655624389648 -0.0938875749707222 0.0 0.0 0.0 1.0
0.9894840121269226 0.09712884575128555 -0.10717938095331192 0.1623651534318924 -0.09174688905477524 0.994313657283783 0.05406320467591286 -0.05635948106646538 0.1118210181593895 -0.04366130009293556 0.9927687048912048 -0.09334917366504669 0.0 0.0 0.0 1.0
0.9895249605178833 0.09594977647066116 -0.10786094516515732 0.1655532717704773 -0.09056366980075836 0.9944373369216919 0.05378248915076256 -0.05647889897227287 0.11242137104272842 -0.04345083236694336 0.9927101731300354 -0.09303046017885208 0.0 0.0 0.0 1.0
0.989401638507843 0.0958404615521431 -0.10908263176679611 0.16914325952529907 -0.09013400226831436 0.9943481087684631 0.05610473081469536 -0.056548599153757095 0.11384321004152298 -0.04567806050181389 0.992448091506958 -0.09263402968645096 0.0 0.0 0.0 1.0
0.9893733859062195 0.0958256646990776 -0.10935133695602417 0.17311283946037292 -0.09019871801137924 0.9943870902061462 0.055304206907749176 -0.05699953809380531 0.11403711885213852 -0.04485315829515457 0.9924634695053101 -0.09241243451833725 0.0 0.0 0.0 1.0
0.9893782138824463 0.09678128361701965 -0.10846251994371414 0.1766611933708191 -0.09122805297374725 0.9943070411682129 0.05505376681685448 -0.05772244930267334 0.1131732240319252 -0.04457417502999306 0.99257493019104 -0.09228354692459106 0.0 0.0 0.0 1.0
0.9893298745155334 0.09732154756784439 -0.10841988027095795 0.17982260882854462 -0.0916341245174408 0.9942016005516052 0.056270673871040344 -0.05835900828242302 0.11326757073402405 -0.045735299587249756 0.9925113320350647 -0.09226790815591812 0.0 0.0 0.0 1.0
0.9891055822372437 0.09800227731466293 -0.10984425246715546 0.18355341255664825 -0.09270361065864563 0.994316041469574 0.05236123874783516 -0.059567417949438095 0.11435141414403915 -0.04160783439874649 0.9925686717033386 -0.0925145298242569 0.0 0.0 0.0 1.0
0.9891332387924194 0.09804137796163559 -0.10955953598022461 0.18639451265335083 -0.09315067529678345 0.9944498538970947 0.04891229793429375 -0.06060756742954254 0.11374689638614655 -0.03817523643374443 0.9927760362625122 -0.09277185797691345 0.0 0.0 0.0 1.0
0.9892961382865906 0.09688492864370346 -0.1091168224811554 0.18935880064964294 -0.09241704642772675 0.9946895837783813 0.04529638960957527 -0.06134838983416557 0.11292590200901031 -0.03472729027271271 0.992996335029602 -0.09295688569545746 0.0 0.0 0.0 1.0
0.9892786741256714 0.09586824476718903 -0.11016808450222015 0.19248458743095398 -0.09225563704967499 0.9950309991836548 0.037445854395627975 -0.06267446279525757 0.113210529088974 -0.02688075602054596 0.9932073354721069 -0.09334534406661987 0.0 0.0 0.0 1.0
0.9889169335365295 0.09739865362644196 -0.1120569184422493 0.19491782784461975 -0.0936606377363205 0.9948723912239075 0.038164928555488586 -0.06372802704572678 0.11519955098628998 -0.0272466242313385 0.9929686188697815 -0.09354384988546371 0.0 0.0 0.0 1.0
0.9890350699424744 0.09668514877557755 -0.11163153499364853 0.1978910118341446 -0.09293249249458313 0.9949333071708679 0.03835638612508774 -0.06429646164178848 0.1147744283080101 -0.02756161242723465 0.9930091500282288 -0.09362784773111343 0.0 0.0 0.0 1.0
0.9893806576728821 0.09360256046056747 -0.11119566112756729 0.2013653963804245 -0.09023454040288925 0.9953069090843201 0.034956056624650955 -0.06482430547475815 0.11394578218460083 -0.024551158770918846 0.9931835532188416 -0.09362732619047165 0.0 0.0 0.0 1.0
0.9893288016319275 0.09250509738922119 -0.11256706714630127 0.2040434181690216 -0.08912961184978485 0.9954164624214172 0.03466915339231491 -0.06515669822692871 0.11525818705558777 -0.024266131222248077 0.9930391311645508 -0.09349416941404343 0.0 0.0 0.0 1.0
0.9890820384025574 0.09144879877567291 -0.11555859446525574 0.2069259136915207 -0.08854465186595917 0.9956194162368774 0.0300303865224123 -0.06508994847536087 0.11779862642288208 -0.019470421597361565 0.9928466081619263 -0.0928722620010376 0.0 0.0 0.0 1.0
0.9891549348831177 0.09159218519926071 -0.11481892317533493 0.21012161672115326 -0.08856181055307388 0.9955809116363525 0.031232468783855438 -0.0653681755065918 0.11717217415571213 -0.020725179463624954 0.9928953647613525 -0.09287715703248978 0.0 0.0 0.0 1.0
0.9895133972167969 0.08990348875522614 -0.1130514070391655 0.2128307968378067 -0.08676793426275253 0.9957026243209839 0.03236674889922142 -0.06509724259376526 0.11547546833753586 -0.022218095138669014 0.9930618405342102 -0.09239041805267334 0.0 0.0 0.0 1.0
0.9897792935371399 0.08931013941764832 -0.11117851734161377 0.2154228240251541 -0.08536164462566376 0.9955551028251648 0.03979162871837616 -0.06516194343566895 0.11423814296722412 -0.029894549399614334 0.9930034875869751 -0.09211251884698868 0.0 0.0 0.0 1.0
0.9897777438163757 0.08833774924278259 -0.11196652054786682 0.2183719426393509 -0.08452301472425461 0.9956820607185364 0.03838038444519043 -0.06558515131473541 0.1148734986782074 -0.028524300083518028 0.9929705262184143 -0.0916503295302391 0.0 0.0 0.0 1.0
0.9897693395614624 0.08937540650367737 -0.11121467500925064 0.221152201294899 -0.08516274392604828 0.995478093624115 0.042078908532857895 -0.06571797281503677 0.11447259038686752 -0.03217706456780434 0.9929051399230957 -0.09127279371023178 0.0 0.0 0.0 1.0
0.9898197650909424 0.08940835297107697 -0.1107383668422699 0.22352904081344604 -0.0849396139383316 0.9953944087028503 0.044444046914577484 -0.06577800959348679 0.11420202255249023 -0.03458552062511444 0.9928553700447083 -0.0907859206199646 0.0 0.0 0.0 1.0
0.9897787570953369 0.08934555947780609 -0.11115489155054092 0.2267657369375229 -0.08483562618494034 0.9953930974006653 0.0446714386343956 -0.06627845019102097 0.11463400721549988 -0.034784946590662 0.9927985668182373 -0.09021729230880737 0.0 0.0 0.0 1.0
0.9896736741065979 0.08856749534606934 -0.11270221322774887 0.22911272943019867 -0.08376272022724152 0.9953914880752563 0.0466855950653553 -0.06661063432693481 0.11631765216588974 -0.036763258278369904 0.992531418800354 -0.08965937048196793 0.0 0.0 0.0 1.0
0.9899437427520752 0.08667141199111938 -0.11180094629526138 0.23218056559562683 -0.08188164979219437 0.9955448508262634 0.04675319790840149 -0.06682069599628448 0.11535502225160599 -0.03712859004735947 0.9926301836967468 -0.08917538821697235 0.0 0.0 0.0 1.0
0.9900079369544983 0.0871025025844574 -0.11089406907558441 0.23499447107315063 -0.08207166194915771 0.9954133033752441 0.04915856942534447 -0.06747061014175415 0.11466727405786514 -0.03956611081957817 0.9926156997680664 -0.08851240575313568 0.0 0.0 0.0 1.0
0.9897394180297852 0.08819795399904251 -0.11241445690393448 0.2372300773859024 -0.08306483179330826 0.9953107833862305 0.04956512153148651 -0.06772105395793915 0.11625885963439941 -0.0397188663482666 0.9924244284629822 -0.08768818527460098 0.0 0.0 0.0 1.0
0.9895235300064087 0.0892505943775177 -0.11347902566194534 0.23954565823078156 -0.08394640684127808 0.9951795935630798 0.0507003590464592 -0.06820288300514221 0.11745705455541611 -0.04064304381608963 0.9922459125518799 -0.0868721604347229 0.0 0.0 0.0 1.0
0.9891866445541382 0.09112174808979034 -0.11491977423429489 0.24235643446445465 -0.08542988449335098 0.9949052929878235 0.05352780595421791 -0.06860779970884323 0.1192118376493454 -0.04313141107559204 0.9919315576553345 -0.0858350545167923 0.0 0.0 0.0 1.0
0.9892998337745667 0.09157982468605042 -0.11357339471578598 0.24478785693645477 -0.08582662045955658 0.9948149919509888 0.05456132814288139 -0.06908517330884933 0.11798123270273209 -0.044229891151189804 0.9920303225517273 -0.08523480594158173 0.0 0.0 0.0 1.0
0.9891963601112366 0.09339252859354019 -0.11299720406532288 0.24715803563594818 -0.08797503262758255 0.9947630763053894 0.05202658846974373 -0.0699843317270279 0.11726434528827667 -0.04152357950806618 0.9922322630882263 -0.08430539816617966 0.0 0.0 0.0 1.0
0.9891127347946167 0.09329219162464142 -0.11380942165851593 0.24984118342399597 -0.08775635808706284 0.9947454333305359 0.052728913724422455 -0.07077477127313614 0.11813060194253922 -0.042167339473962784 0.992102324962616 -0.08339110761880875 0.0 0.0 0.0 1.0
0.9891360402107239 0.09407520294189453 -0.11295904219150543 0.2522173821926117 -0.08858677744865417 0.994674801826477 0.05267268791794777 -0.07171023637056351 0.1173127070069313 -0.042093776166439056 0.9922025203704834 -0.0825982466340065 0.0 0.0 0.0 1.0
0.9890559911727905 0.09447778016328812 -0.11332350224256516 0.2544262707233429 -0.08909152448177338 0.9946808218955994 0.05169912055134773 -0.07247782498598099 0.11760513484477997 -0.04103716090321541 0.992212176322937 -0.08207710087299347 0.0 0.0 0.0 1.0
0.9887593984603882 0.09522363543510437 -0.11527055501937866 0.25730210542678833 -0.0895618125796318 0.9945513606071472 0.053350262343883514 -0.0732501968741417 0.11972269415855408 -0.042426735162734985 0.9919004440307617 -0.08101265877485275 0.0 0.0 0.0 1.0
0.988654613494873 0.09605126082897186 -0.11548226326704025 0.25963103771209717 -0.08991246670484543 0.9943026900291443 0.057252515107393265 -0.07347345352172852 0.12032350152730942 -0.04621966928243637 0.9916582107543945 -0.08004508912563324 0.0 0.0 0.0 1.0
0.9884042739868164 0.09832894057035446 -0.11570807546377182 0.26209768652915955 -0.09214431047439575 0.9940754175186157 0.057649798691272736 -0.07459041476249695 0.1206911951303482 -0.04631946608424187 0.9916088581085205 -0.07934644818305969 0.0 0.0 0.0 1.0
0.9879069328308105 0.10088943690061569 -0.11773351579904556 0.2651512622833252 -0.0946018397808075 0.993833601474762 0.05783819407224655 -0.07548078894615173 0.12284278124570847 -0.046000950038433075 0.9913594722747803 -0.07809633016586304 0.0 0.0 0.0 1.0
0.9880363941192627 0.10196918249130249 -0.11569934338331223 0.2679769694805145 -0.09534615278244019 0.993547797203064 0.06141596660017967 -0.07574963569641113 0.12121535837650299 -0.04964972287416458 0.9913837313652039 -0.07709474861621857 0.0 0.0 0.0 1.0
0.9882494211196899 0.09994986653327942 -0.11564235389232635 0.27110517024993896 -0.09431914240121841 0.9941199421882629 0.053192637860774994 -0.07595964521169662 0.12027896195650101 -0.04166030511260033 0.9918656349182129 -0.07602224498987198 0.0 0.0 0.0 1.0
0.9881129264831543 0.10246522724628448 -0.1146022230386734 0.2742111086845398 -0.09623218327760696 0.9936281442642212 0.058673080056905746 -0.07660061120986938 0.1198839470744133 -0.04694720730185509 0.9916772842407227 -0.07520230859518051 0.0 0.0 0.0 1.0
0.9880707263946533 0.10193929076194763 -0.11543238908052444 0.27693745493888855 -0.09591827541589737 0.9937798380851746 0.056580085307359695 -0.07686034590005875 0.12048211693763733 -0.044833049178123474 0.9917026162147522 -0.07420752942562103 0.0 0.0 0.0 1.0
0.9882146716117859 0.10288719087839127 -0.11334023624658585 0.27987608313560486 -0.0965481698513031 0.9935134053230286 0.06008002161979675 -0.07733342796564102 0.11878650635480881 -0.04842916503548622 0.9917380809783936 -0.07365930080413818 0.0 0.0 0.0 1.0
0.9881215691566467 0.10507914423942566 -0.11213447898626328 0.28320011496543884 -0.09843387454748154 0.9931313991546631 0.0632522702217102 -0.07777036726474762 0.1180107593536377 -0.05146310105919838 0.9916778802871704 -0.07281076908111572 0.0 0.0 0.0 1.0
0.9885581731796265 0.10537311434745789 -0.10793142020702362 0.28571817278862 -0.09806036949157715 0.9926466941833496 0.07097002118825912 -0.07764000445604324 0.11461609601974487 -0.059574201703071594 0.9916219115257263 -0.07266123592853546 0.0 0.0 0.0 1.0
0.9870497584342957 0.10947462171316147 -0.11725211143493652 0.2884930968284607 -0.1019134372472763 0.9924206137657166 0.06866598129272461 -0.07828075438737869 0.12388059496879578 -0.055827174335718155 0.9907254576683044 -0.07141653448343277 0.0 0.0 0.0 1.0
0.987733781337738 0.10557995736598969 -0.11504261940717697 0.29088419675827026 -0.09817824512720108 0.9928275346755981 0.06822442263364792 -0.07908014953136444 0.12142060697078705 -0.05609288439154625 0.9910149574279785 -0.07065920531749725 0.0 0.0 0.0 1.0
0.9876255989074707 0.10717567801475525 -0.1144949346780777 0.29308393597602844 -0.09970670938491821 0.9926148056983948 0.0690971165895462 -0.07956642657518387 0.12105489522218704 -0.056826163083314896 0.9910179376602173 -0.06962738931179047 0.0 0.0 0.0 1.0
0.9874054193496704 0.10932822525501251 -0.11435849964618683 0.2956198453903198 -0.1023818776011467 0.9926216006278992 0.06496363133192062 -0.08051096647977829 0.1206170842051506 -0.052437204867601395 0.9913132190704346 -0.06823920458555222 0.0 0.0 0.0 1.0
0.9871521592140198 0.1089872270822525 -0.11684350669384003 0.2980392277240753 -0.1017213985323906 0.992590606212616 0.06645809859037399 -0.08091571927070618 0.12322085350751877 -0.053718771785497665 0.9909242987632751 -0.067365862429142 0.0 0.0 0.0 1.0
0.9873091578483582 0.10761946439743042 -0.11678453534841537 0.3001059889793396 -0.10025238990783691 0.9926875233650208 0.06723832339048386 -0.08087578415870667 0.12316670268774033 -0.0546770878136158 0.9908785820007324 -0.06662629544734955 0.0 0.0 0.0 1.0
0.9873414039611816 0.1075291857123375 -0.11659491807222366 0.30257973074913025 -0.10084841400384903 0.992982029914856 0.061775729060173035 -0.08124418556690216 0.12241935729980469 -0.049235325306653976 0.9912564754486084 -0.0650278851389885 0.0 0.0 0.0 1.0
0.9877972602844238 0.10656654089689255 -0.11357864737510681 0.3051590323448181 -0.09854460507631302 0.9923729300498962 0.07406019419431686 -0.08069203048944473 0.12060471624135971 -0.061963893473148346 0.990764856338501 -0.06520751118659973 0.0 0.0 0.0 1.0
0.9865992665290833 0.11023000627756119 -0.12029630690813065 0.3069506585597992 -0.10187651216983795 0.9920759797096252 0.07352877408266068 -0.08073803037405014 0.1274481564760208 -0.06028806418180466 0.9900112748146057 -0.06350518018007278 0.0 0.0 0.0 1.0
0.9869683384895325 0.10565829277038574 -0.12136664986610413 0.30843088030815125 -0.0979047566652298 0.9928575754165649 0.06817974150180817 -0.08101524412631989 0.12770356237888336 -0.05540887638926506 0.9902634024620056 -0.061974793672561646 0.0 0.0 0.0 1.0
0.986901044845581 0.10528481751680374 -0.12223538011312485 0.31036531925201416 -0.09715878218412399 0.9927579760551453 0.070652537047863 -0.08099333196878433 0.1287887841463089 -0.05785081535577774 0.9899832010269165 -0.060796864330768585 0.0 0.0 0.0 1.0
0.9872031211853027 0.10759711265563965 -0.11769793927669525 0.3121625483036041 -0.09907905012369156 0.9921737909317017 0.07599012553691864 -0.08098509162664413 0.12495312839746475 -0.06335629522800446 0.9901376962661743 -0.06057339161634445 0.0 0.0 0.0 1.0
0.9870694279670715 0.10760657489299774 -0.1188054233789444 0.31356146931648254 -0.09913314133882523 0.9922376275062561 0.07508073002099991 -0.08136211335659027 0.12596239149570465 -0.06233233958482742 0.9900748133659363 -0.05945945158600807 0.0 0.0 0.0 1.0
0.986853837966919 0.10689875483512878 -0.12121112644672394 0.3152746856212616 -0.09845603257417679 0.9924129843711853 0.0736401230096817 -0.08129923045635223 0.12816353142261505 -0.06073806807398796 0.9898914098739624 -0.05793599784374237 0.0 0.0 0.0 1.0
0.9871956706047058 0.1052020713686943 -0.11990510672330856 0.3162927031517029 -0.0969092920422554 0.9926105737686157 0.07302650809288025 -0.08162619918584824 0.12670162320137024 -0.060471534729003906 0.9900959134101868 -0.05707184970378876 0.0 0.0 0.0 1.0
0.9865709543228149 0.10708274692296982 -0.12333326786756516 0.3176220953464508 -0.09831695258617401 0.992316722869873 0.07510831952095032 -0.0817219614982605 0.1304284781217575 -0.0619739331305027 0.9895188808441162 -0.056035760790109634 0.0 0.0 0.0 1.0
0.9864320755004883 0.10753296315670013 -0.1240503191947937 0.3191651403903961 -0.0980251133441925 0.9919330477714539 0.08037367463111877 -0.08169988542795181 0.13169242441654205 -0.06712312251329422 0.9890154600143433 -0.05502159148454666 0.0 0.0 0.0 1.0
0.9862135648727417 0.10773499310016632 -0.12560266256332397 0.3200523853302002 -0.0984005331993103 0.9920610189437866 0.07830846309661865 -0.08216738700866699 0.13304206728935242 -0.06486949324607849 0.9889852404594421 -0.053906142711639404 0.0 0.0 0.0 1.0
0.9860960841178894 0.10870835185050964 -0.12568630278110504 0.32140877842903137 -0.09913034737110138 0.9918439388275146 0.08011753112077713 -0.08219969272613525 0.13337063789367676 -0.06654425710439682 0.9888296723365784 -0.05317867547273636 0.0 0.0 0.0 1.0
0.9860585927963257 0.1100308746099472 -0.12482630461454391 0.3229324519634247 -0.09970869868993759 0.9912807941436768 0.08614266663789749 -0.0823998749256134 0.1332162767648697 -0.07249545305967331 0.988431990146637 -0.0521794930100441 0.0 0.0 0.0 1.0
0.9861854314804077 0.109975166618824 -0.12386979907751083 0.32404088973999023 -0.10003084689378738 0.9914456009864807 0.08384151011705399 -0.08290834724903107 0.13203065097332 -0.07029248028993607 0.988750159740448 -0.05140956863760948 0.0 0.0 0.0 1.0
0.9859565496444702 0.10896937549114227 -0.1265517622232437 0.32542935013771057 -0.09955325722694397 0.9919305443763733 0.07850436866283417 -0.08333525061607361 0.13408513367176056 -0.06480325758457184 0.9888486862182617 -0.050209593027830124 0.0 0.0 0.0 1.0
0.9863582253456116 0.1091407984495163 -0.12323062866926193 0.32687461376190186 -0.09893026202917099 0.9913577437400818 0.08615469932556152 -0.08342655748128891 0.13156862556934357 -0.07278815656900406 0.9886311888694763 -0.04938928410410881 0.0 0.0 0.0 1.0
0.9864810705184937 0.10835003107786179 -0.12294445931911469 0.32838937640190125 -0.09869074076414108 0.9917235970497131 0.08212441205978394 -0.08379912376403809 0.13082510232925415 -0.06888069957494736 0.9890097379684448 -0.04849112778902054 0.0 0.0 0.0 1.0
0.9863528609275818 0.10937142372131348 -0.123068667948246 0.32981523871421814 -0.09976142644882202 0.9916492700576782 0.08172772824764252 -0.08411268889904022 0.13097962737083435 -0.06833487004041672 0.9890271425247192 -0.047685809433460236 0.0 0.0 0.0 1.0
0.9862636923789978 0.11004681140184402 -0.12318122386932373 0.33181917667388916 -0.10007654875516891 0.9913927912712097 0.0844101682305336 -0.08437204360961914 0.13141004741191864 -0.07092313468456268 0.9887877702713013 -0.04643002897500992 0.0 0.0 0.0 1.0
0.9862598776817322 0.10925086587667465 -0.12391825020313263 0.3333294987678528 -0.09953776001930237 0.9916447997093201 0.0820537731051445 -0.08483079820871353 0.1318473368883133 -0.06859179586172104 0.9888940453529358 -0.04558238014578819 0.0 0.0 0.0 1.0
0.9863453507423401 0.10867316275835037 -0.12374559044837952 0.33484870195388794 -0.0990908294916153 0.9917649030685425 0.08113784343004227 -0.08511717617511749 0.13154403865337372 -0.06776788830757141 0.9889912605285645 -0.044633712619543076 0.0 0.0 0.0 1.0
0.9866870045661926 0.10827531665563583 -0.12134759873151779 0.33696404099464417 -0.0986313745379448 0.9916682839393616 0.08286036550998688 -0.08545826375484467 0.1293082982301712 -0.06978856027126312 0.9891455769538879 -0.04364422336220741 0.0 0.0 0.0 1.0
0.9869729280471802 0.10785829275846481 -0.11937745660543442 0.33870601654052734 -0.09849941730499268 0.9917763471603394 0.08171595633029938 -0.08590811491012573 0.12720948457717896 -0.06889282912015915 0.9894804358482361 -0.0432281419634819 0.0 0.0 0.0 1.0
0.9868450164794922 0.10792363435029984 -0.12037195265293121 0.34071463346481323 -0.0986306294798851 0.9918487071990967 0.08067302405834198 -0.08653496950864792 0.1280972957611084 -0.06773941218852997 0.9894455075263977 -0.04253354296088219 0.0 0.0 0.0 1.0
0.9870992302894592 0.10824469476938248 -0.11797533929347992 0.3430587351322174 -0.09857472777366638 0.9914976358413696 0.0849442183971405 -0.08707583695650101 0.12616702914237976 -0.07221898436546326 0.9893767237663269 -0.04221319407224655 0.0 0.0 0.0 1.0
0.987271785736084 0.10738365352153778 -0.11731642484664917 0.34498608112335205 -0.09812907129526138 0.9917883276939392 0.08201569318771362 -0.08780249208211899 0.12516020238399506 -0.06945962458848953 0.9897021055221558 -0.041935041546821594 0.0 0.0 0.0 1.0
0.9874199032783508 0.10808337479829788 -0.11541189253330231 0.34722796082496643 -0.09893850982189178 0.9916895031929016 0.08223842829465866 -0.08854293823242188 0.12334136664867401 -0.06978517770767212 0.9899075627326965 -0.04185906797647476 0.0 0.0 0.0 1.0
0.9876677989959717 0.10751846432685852 -0.11380723118782043 0.3494577705860138 -0.09846658259630203 0.9917240142822266 0.08238813281059265 -0.08921076357364655 0.12172361463308334 -0.07016589492559433 0.9900808334350586 -0.041509997099637985 0.0 0.0 0.0 1.0
0.9879009127616882 0.10731912404298782 -0.11195702105760574 0.3511984348297119 -0.09867223352193832 0.9918891787528992 0.08012262731790543 -0.08999180048704147 0.11964764446020126 -0.06810616701841354 0.9904776811599731 -0.041518546640872955 0.0 0.0 0.0 1.0
0.9877763390541077 0.1078636571764946 -0.11253145337104797 0.3530099391937256 -0.09953909367322922 0.9920377731323242 0.07715584337711334 -0.09072291105985641 0.11995776742696762 -0.06501143425703049 0.990648090839386 -0.04102461040019989 0.0 0.0 0.0 1.0
0.98798668384552 0.10735432058572769 -0.11116345971822739 0.35503503680229187 -0.09901350736618042 0.9920221567153931 0.07802776992321014 -0.091336190700531 0.11865323036909103 -0.06608371436595917 0.9907342195510864 -0.04055259749293327 0.0 0.0 0.0 1.0
0.9883497357368469 0.10580051690340042 -0.10941217839717865 0.35660529136657715 -0.0979895368218422 0.9923970699310303 0.07447244226932526 -0.0917043462395668 0.11645954847335815 -0.06288357079029083 0.991202712059021 -0.040458742529153824 0.0 0.0 0.0 1.0
0.9883762001991272 0.10606352984905243 -0.10891752690076828 0.35826441645622253 -0.09828982502222061 0.9923703670501709 0.07443231344223022 -0.09213151037693024 0.1159810796380043 -0.06286163628101349 0.9912602305412292 -0.04027204588055611 0.0 0.0 0.0 1.0
0.9885266423225403 0.10602837800979614 -0.10757825523614883 0.3600063920021057 -0.09818610548973083 0.9922800660133362 0.07576128840446472 -0.0925813540816307 0.11478060483932495 -0.0643293634057045 0.9913057684898376 -0.0398559644818306 0.0 0.0 0.0 1.0
0.9887398481369019 0.10481520742177963 -0.10680512338876724 0.36145633459091187 -0.09717563539743423 0.9924828410148621 0.07439597696065903 -0.09304016083478928 0.11380007863044739 -0.06317941099405289 0.991492748260498 -0.03959684073925018 0.0 0.0 0.0 1.0
0.9886936545372009 0.10539794713258743 -0.10665872693061829 0.36280983686447144 -0.09766116738319397 0.9923636317253113 0.07534415274858475 -0.09328115731477737 0.11378535628318787 -0.06407587230205536 0.9914368987083435 -0.03910694271326065 0.0 0.0 0.0 1.0
0.9884570240974426 0.10740302503108978 -0.10685169696807861 0.36453977227211 -0.09947172552347183 0.9920574426651001 0.07698937505483627 -0.09365838766098022 0.11427191644906998 -0.06547196954488754 0.9912897348403931 -0.0384177640080452 0.0 0.0 0.0 1.0
0.9882110357284546 0.10813970863819122 -0.10837318003177643 0.36587390303611755 -0.10023930668830872 0.9920651912689209 0.07588639110326767 -0.09412164241075516 0.11571958661079407 -0.06412851810455322 0.9912096261978149 -0.037942856550216675 0.0 0.0 0.0 1.0
0.9881666302680969 0.10847208648920059 -0.10844584554433823 0.3668299615383148 -0.10035932809114456 0.9919147491455078 0.07767307013273239 -0.09432616829872131 0.115994393825531 -0.06587038189172745 0.9910632371902466 -0.03748017176985741 0.0 0.0 0.0 1.0
0.988146960735321 0.10889073461294174 -0.10820510238409042 0.3681034743785858 -0.10030146688222885 0.9915810227394104 0.08189443498849869 -0.09433577954769135 0.1162116676568985 -0.07007060945034027 0.990749716758728 -0.03698209300637245 0.0 0.0 0.0 1.0
0.9880804419517517 0.10849744081497192 -0.10920298844575882 0.3691709637641907 -0.09990767389535904 0.9916706681251526 0.0812881588935852 -0.09462203830480576 0.11711295694112778 -0.06940902769565582 0.9906901121139526 -0.03678570315241814 0.0 0.0 0.0 1.0
0.9877206683158875 0.1108480840921402 -0.1100933626294136 0.3701711595058441 -0.10229349136352539 0.9914882779121399 0.08054233342409134 -0.09529377520084381 0.11808424443006516 -0.06829149276018143 0.9906525015830994 -0.0361236035823822 0.0 0.0 0.0 1.0
0.9879802465438843 0.11090434342622757 -0.10768138617277145 0.3718988597393036 -0.10173662006855011 0.9909817576408386 0.08720555156469345 -0.09500426799058914 0.11638176441192627 -0.07520221918821335 0.9903534054756165 -0.035977985709905624 0.0 0.0 0.0 1.0
0.9877427816390991 0.11058798432350159 -0.11015689373016357 0.37311869859695435 -0.10168056935071945 0.9913106560707092 0.08345189690589905 -0.09559447318315506 0.11842848360538483 -0.07122819125652313 0.9904046058654785 -0.03547435626387596 0.0 0.0 0.0 1.0
0.9877797961235046 0.11072959750890732 -0.10968176275491714 0.3745245337486267 -0.1016736701130867 0.9911807179450989 0.08498990535736084 -0.09558606892824173 0.11812534183263779 -0.07279955595731735 0.9903265237808228 -0.035414643585681915 0.0 0.0 0.0 1.0
0.9876523017883301 0.11207815259695053 -0.1094595342874527 0.37612149119377136 -0.1025514081120491 0.9907283782958984 0.08910941332578659 -0.09543708711862564 0.11843188107013702 -0.07678388804197311 0.9899889230728149 -0.0350177176296711 0.0 0.0 0.0 1.0
0.9876243472099304 0.11229442805051804 -0.10949017107486725 0.3774705231189728 -0.10308202356100082 0.990907609462738 0.08646516501903534 -0.09576427191495895 0.11820419877767563 -0.07410863786935806 0.9902200102806091 -0.03457833081483841 0.0 0.0 0.0 1.0
0.9875800609588623 0.11270418763160706 -0.10946843028068542 0.3789636790752411 -0.10317672044038773 0.9906619787216187 0.08912595361471176 -0.09569235891103745 0.11849107593297958 -0.07672442495822906 0.9899864792823792 -0.034238722175359726 0.0 0.0 0.0 1.0
0.9875893592834473 0.11173228174448013 -0.11037717759609222 0.3807637691497803 -0.10160461813211441 0.9904227256774902 0.09348441660404205 -0.09547542780637741 0.11976529657840729 -0.08110938966274261 0.9894834756851196 -0.03377767652273178 0.0 0.0 0.0 1.0
0.9877612590789795 0.11063035577535629 -0.10994827002286911 0.38195154070854187 -0.10078634321689606 0.9907012581825256 0.09139558672904968 -0.09567104279994965 0.11903701722621918 -0.07919573038816452 0.9897263646125793 -0.03374655544757843 0.0 0.0 0.0 1.0
0.9877197742462158 0.11054456979036331 -0.11040614545345306 0.38356339931488037 -0.10068158060312271 0.9907256364822388 0.0912463366985321 -0.09538599103689194 0.11946898698806763 -0.07900995016098022 0.9896891117095947 -0.033385153859853745 0.0 0.0 0.0 1.0
0.9875983595848083 0.1102311983704567 -0.11179704964160919 0.38532477617263794 -0.10047993063926697 0.9909135103225708 0.08940999954938889 -0.09561357647180557 0.12063697725534439 -0.07706780731678009 0.9897006154060364 -0.03295408561825752 0.0 0.0 0.0 1.0
0.9876310229301453 0.10946279019117355 -0.11226268857717514 0.38671568036079407 -0.09986260533332825 0.9911150336265564 0.08785474300384521 -0.09574124217033386 0.1208820641040802 -0.07555722445249557 0.9897871613502502 -0.032858848571777344 0.0 0.0 0.0 1.0
0.987574577331543 0.10977877676486969 -0.11245032399892807 0.3881259560585022 -0.09979061782360077 0.9908463954925537 0.09091334789991379 -0.09564664214849472 0.1214013546705246 -0.07856222242116928 0.9894896149635315 -0.032748620957136154 0.0 0.0 0.0 1.0
0.9878774285316467 0.10864406079053879 -0.11088110506534576 0.38991427421569824 -0.09902796149253845 0.9911108613014221 0.0888412594795227 -0.09581077843904495 0.119547538459301 -0.07678394764661789 0.9898548722267151 -0.03262617439031601 0.0 0.0 0.0 1.0
0.9878466129302979 0.10889123380184174 -0.1109132170677185 0.3914060890674591 -0.09945507347583771 0.9912017583847046 0.0873369425535202 -0.0960700586438179 0.11944760382175446 -0.07524462044239044 0.9899851083755493 -0.03271119296550751 0.0 0.0 0.0 1.0
0.9878733158111572 0.10903327912092209 -0.11053553223609924 0.3927125632762909 -0.09925771504640579 0.9909471273422241 0.09039774537086487 -0.09605252742767334 0.11939123272895813 -0.07833001017570496 0.9897525906562805 -0.03265828266739845 0.0 0.0 0.0 1.0
0.9879343509674072 0.10965888947248459 -0.10936460644006729 0.39448752999305725 -0.09992899000644684 0.9908419847488403 0.09080953150987625 -0.09647523611783981 0.11832111328840256 -0.07878515869379044 0.9898449182510376 -0.03268737345933914 0.0 0.0 0.0 1.0
0.9880757927894592 0.10934626311063766 -0.10839588195085526 0.39599427580833435 -0.09981685876846313 0.9909486770629883 0.08976278454065323 -0.09659843891859055 0.11722997575998306 -0.07787269353866577 0.9900469779968262 -0.03280791640281677 0.0 0.0 0.0 1.0
0.9882268309593201 0.10968732088804245 -0.10666029155254364 0.3977930545806885 -0.1000482365489006 0.9907309412956238 0.09188305586576462 -0.09671269357204437 0.11575005948543549 -0.08013012260198593 0.9900409579277039 -0.032771505415439606 0.0 0.0 0.0 1.0
0.9881250858306885 0.11000125110149384 -0.10727807879447937 0.39937824010849 -0.10029037296772003 0.9906887412071228 0.09207437187433243 -0.09694478660821915 0.11640748381614685 -0.08022203296422958 0.9899564385414124 -0.03271317481994629 0.0 0.0 0.0 1.0
0.9882245659828186 0.10960343480110168 -0.10676738619804382 0.40078118443489075 -0.10007294267416 0.990821123123169 0.09087848663330078 -0.09714506566524506 0.11574798077344894 -0.07912382483482361 0.9901221394538879 -0.032891035079956055 0.0 0.0 0.0 1.0
0.9883409142494202 0.1099628210067749 -0.10531117767095566 0.40230128169059753 -0.10026533156633377 0.9905727505683899 0.09334097802639008 -0.09700970351696014 0.11458241939544678 -0.08169364929199219 0.9900490045547485 -0.03286004438996315 0.0 0.0 0.0 1.0
0.988300085067749 0.11002469062805176 -0.10562923550605774 0.40400516986846924 -0.1006489098072052 0.9908121228218079 0.09033926576375961 -0.09702865034341812 0.11459827423095703 -0.0786508321762085 0.990293562412262 -0.03277992084622383 0.0 0.0 0.0 1.0
0.9883174300193787 0.10995613038539886 -0.10553805530071259 0.40520337224006653 -0.10042037814855576 0.9907025694847107 0.09178309887647629 -0.09717437624931335 0.11464893817901611 -0.08011266589164734 0.9901704788208008 -0.03283483907580376 0.0 0.0 0.0 1.0
0.9883567690849304 0.11047903448343277 -0.10461984574794769 0.40700504183769226 -0.1008385568857193 0.9905134439468384 0.0933522880077362 -0.09707994759082794 0.11394083499908447 -0.0817156508564949 0.9901212453842163 -0.03256085515022278 0.0 0.0 0.0 1.0
0.9883320927619934 0.1109016016125679 -0.10440570116043091 0.4085902273654938 -0.10131034255027771 0.9904903769493103 0.09308604151010513 -0.09731203317642212 0.11373623460531235 -0.08142254501581192 0.9901688694953918 -0.03250252455472946 0.0 0.0 0.0 1.0
0.9885587096214294 0.10928121209144592 -0.10396799445152283 0.4100065231323242 -0.10017076134681702 0.9909676313400269 0.08915694057941437 -0.09725373983383179 0.11277209967374802 -0.07772231101989746 0.990576446056366 -0.032528847455978394 0.0 0.0 0.0 1.0
0.9887147545814514 0.10909852385520935 -0.1026674285531044 0.4116379916667938 -0.0997772067785263 0.9907536506652832 0.09193330258131027 -0.09720011800527573 0.11174791306257248 -0.08065194636583328 0.9904583096504211 -0.03276415169239044 0.0 0.0 0.0 1.0
0.9888353943824768 0.11009149998426437 -0.10042137652635574 0.4132307469844818 -0.10103940963745117 0.9906958341598511 0.09117428958415985 -0.09759101271629333 0.10952455550432205 -0.08000984787940979 0.9907587170600891 -0.033029429614543915 0.0 0.0 0.0 1.0
0.9888821244239807 0.11025485396385193 -0.0997798889875412 0.4144229590892792 -0.10130983591079712 0.9907140731811523 0.09067501127719879 -0.09770043939352036 0.10885070264339447 -0.07955821603536606 0.9908693432807922 -0.03294779732823372 0.0 0.0 0.0 1.0
0.9890219569206238 0.10948647558689117 -0.09923858940601349 0.4159386157989502 -0.10036280751228333 0.9906235933303833 0.09269444644451141 -0.09765126556158066 0.10845687240362167 -0.08171697705984116 0.9907368421554565 -0.03296731784939766 0.0 0.0 0.0 1.0
0.9891487956047058 0.10988856106996536 -0.09751518815755844 0.4175253212451935 -0.10101337730884552 0.9906485080718994 0.09171577543020248 -0.09800585359334946 0.10668179392814636 -0.08087021112442017 0.9909989833831787 -0.03309604525566101 0.0 0.0 0.0 1.0
0.9891837239265442 0.11073838174343109 -0.09619051963090897 0.4190111458301544 -0.10196421295404434 0.9905437231063843 0.09179562330245972 -0.098228819668293 0.1054462194442749 -0.08099474012851715 0.9911210536956787 -0.033044517040252686 0.0 0.0 0.0 1.0
0.9894443154335022 0.11046542972326279 -0.09379414469003677 0.4202392101287842 -0.10164856910705566 0.9903609156608582 0.09408949315547943 -0.09810241311788559 0.10328369587659836 -0.08356227725744247 0.9911355972290039 -0.03317048400640488 0.0 0.0 0.0 1.0
0.9894571900367737 0.10841646790504456 -0.09602233022451401 0.4207029938697815 -0.09983984380960464 0.9909219741821289 0.09003118425607681 -0.09817515313625336 0.10491149872541428 -0.0794951543211937 0.9912992119789124 -0.03269129991531372 0.0 0.0 0.0 1.0
0.9894097447395325 0.11108410358428955 -0.09342746436595917 0.4224039912223816 -0.1024913638830185 0.9904486536979675 0.09223351627588272 -0.09840278327465057 0.102780781686306 -0.08168123662471771 0.991344690322876 -0.03284875303506851 0.0 0.0 0.0 1.0
0.9894233345985413 0.11100050806999207 -0.09338276833295822 0.42340928316116333 -0.10218241810798645 0.990272581577301 0.09444024413824081 -0.09811290353536606 0.10295730829238892 -0.08389931172132492 0.9911410808563232 -0.0324421301484108 0.0 0.0 0.0 1.0
0.9895933866500854 0.10819011181592941 -0.0948672741651535 0.42427337169647217 -0.09988313913345337 0.9910700917243958 0.0883370190858841 -0.09801342338323593 0.10357730835676193 -0.07794209569692612 0.9915627837181091 -0.031698163598775864 0.0 0.0 0.0 1.0
0.9895362854003906 0.11032188683748245 -0.09298922121524811 0.42516908049583435 -0.10196568816900253 0.9906827211380005 0.09028178453445435 -0.09821799397468567 0.10208287090063095 -0.07985538989305496 0.9915655255317688 -0.03182400017976761 0.0 0.0 0.0 1.0
0.9893066883087158 0.10989873856306076 -0.09588799625635147 0.4256192743778229 -0.1013670265674591 0.99079430103302 0.08972933888435364 -0.0980956107378006 0.10486642271280289 -0.0790499597787857 0.9913395643234253 -0.03088465891778469 0.0 0.0 0.0 1.0
0.9891784191131592 0.1108492836356163 -0.09611718356609344 0.4261839687824249 -0.10245082527399063 0.9908100366592407 0.08831345289945602 -0.09829997271299362 0.1050233542919159 -0.07751047611236572 0.9914445281028748 -0.03058573417365551 0.0 0.0 0.0 1.0
0.9891788363456726 0.11231855303049088 -0.09439147263765335 0.42690035700798035 -0.10364259779453278 0.9903242588043213 0.09228289127349854 -0.09826403856277466 0.10384324193000793 -0.081501305103302 0.9912487864494324 -0.030710188671946526 0.0 0.0 0.0 1.0
0.9888066649436951 0.11472203582525253 -0.09539543837308884 0.42724987864494324 -0.10554879158735275 0.9897483587265015 0.09621641784906387 -0.09846372902393341 0.10545562952756882 -0.08507055789232254 0.9907785654067993 -0.030202282592654228 0.0 0.0 0.0 1.0
0.9891236424446106 0.11283961683511734 -0.0943484827876091 0.42794978618621826 -0.10405471175909042 0.9901798963546753 0.0933617353439331 -0.09844136983156204 0.10395687073469162 -0.08252889662981033 0.9911518096923828 -0.030104152858257294 0.0 0.0 0.0 1.0
0.9888757467269897 0.11411434412002563 -0.09540823101997375 0.428489089012146 -0.10552375763654709 0.9902710914611816 0.09070762991905212 -0.0988316759467125 0.10483105480670929 -0.07963073998689651 0.9912968277931213 -0.029683666303753853 0.0 0.0 0.0 1.0
0.9888151288032532 0.11456094682216644 -0.09550117701292038 0.428975373506546 -0.10586122423410416 0.9901461601257324 0.09167321026325226 -0.09892714768648148 0.10506229102611542 -0.08053798228502274 0.9911990165710449 -0.02956361696124077 0.0 0.0 0.0 1.0
0.9889472723007202 0.11396524310112 -0.09484295547008514 0.4295625686645508 -0.10529981553554535 0.9901897311210632 0.09184914827346802 -0.09915424138307571 0.10438013076782227 -0.08084702491760254 0.9912459850311279 -0.02962382510304451 0.0 0.0 0.0 1.0
0.9889055490493774 0.11416468024253845 -0.09503788501024246 0.429934561252594 -0.10554790496826172 0.9902196526527405 0.09123944491147995 -0.09937667101621628 0.10452470928430557 -0.08019614219665527 0.9912835955619812 -0.029475051909685135 0.0 0.0 0.0 1.0
0.9887727499008179 0.11444661021232605 -0.09607518464326859 0.43030503392219543 -0.10557977110147476 0.9900711178779602 0.09280111640691757 -0.09947659820318222 0.10574203729629517 -0.0816156193614006 0.9910386204719543 -0.029139220714569092 0.0 0.0 0.0 1.0
0.9887353181838989 0.11472067981958389 -0.09613367915153503 0.43068593740463257 -0.10590232163667679 0.9900830388069153 0.09230519831180573 -0.09952664375305176 0.10576964169740677 -0.08108462393283844 0.9910792708396912 -0.028889425098896027 0.0 0.0 0.0 1.0
0.9883228540420532 0.11666549742221832 -0.09801603108644485 0.43094655871391296 -0.1072721779346466 0.9895652532577515 0.09619421511888504 -0.09966733306646347 0.1082158088684082 -0.08455654978752136 0.9905248880386353 -0.028474358841776848 0.0 0.0 0.0 1.0
0.9882711172103882 0.11729186028242111 -0.09778989106416702 0.4311526119709015 -0.10774726420640945 0.9893597364425659 0.09776411205530167 -0.09939069300889969 0.1082163155078888 -0.08608084917068481 0.9903935194015503 -0.028172669932246208 0.0 0.0 0.0 1.0
0.9881998896598816 0.11792176216840744 -0.097751684486866 0.431715726852417 -0.10846299678087234 0.9893552660942078 0.09701507538557053 -0.0994725450873375 0.10815133154392242 -0.08526784926652908 0.9904709458351135 -0.02768668346107006 0.0 0.0 0.0 1.0
0.988632082939148 0.1155884712934494 -0.09615583717823029 0.4322452247142792 -0.10634109377861023 0.9896547794342041 0.09630683809518814 -0.09903731197118759 0.10629303753376007 -0.08498670905828476 0.9906962513923645 -0.027486147359013557 0.0 0.0 0.0 1.0
0.9886183738708496 0.11627238988876343 -0.09546945244073868 0.4327448606491089 -0.10702304542064667 0.9895249009132385 0.0968841165304184 -0.09887421131134033 0.10573434829711914 -0.08556398749351501 0.9907063245773315 -0.02721456252038479 0.0 0.0 0.0 1.0
0.9887276887893677 0.11577776819467545 -0.09493701905012131 0.4331556260585785 -0.10649322718381882 0.989507257938385 0.09764518588781357 -0.09865211695432663 0.10524600744247437 -0.08643434941768646 0.9906827807426453 -0.02703581564128399 0.0 0.0 0.0 1.0
0.9886878132820129 0.11648637801408768 -0.09448441118001938 0.4332638680934906 -0.10722509771585464 0.9894125461578369 0.09780380129814148 -0.09848885983228683 0.10487687587738037 -0.08656632155179977 0.990710437297821 -0.026927988976240158 0.0 0.0 0.0 1.0
0.9886336326599121 0.11698436737060547 -0.0944359302520752 0.4332667589187622 -0.10773410648107529 0.9893632531166077 0.0977431908249855 -0.098280169069767 0.10486586391925812 -0.0864582359790802 0.9907209873199463 -0.026690417900681496 0.0 0.0 0.0 1.0
0.988167405128479 0.12039448320865631 -0.09502798318862915 0.43283796310424805 -0.11058851331472397 0.988568902015686 0.10247799009084702 -0.09839333593845367 0.10627949237823486 -0.09075640141963959 0.9901857972145081 -0.02645951882004738 0.0 0.0 0.0 1.0
0.9879963397979736 0.12093212455511093 -0.09611770510673523 0.4324285089969635 -0.11103426665067673 0.9885262846946716 0.1024070754647255 -0.09828424453735352 0.10739918053150177 -0.0905054584145546 0.9900879859924316 -0.02621363289654255 0.0 0.0 0.0 1.0
0.9879295825958252 0.12072356045246124 -0.09706192463636398 0.4319048225879669 -0.11092279851436615 0.9887112975120544 0.10072783380746841 -0.09830210357904434 0.1081264391541481 -0.08874562382698059 0.9901680946350098 -0.02593902498483658 0.0 0.0 0.0 1.0
0.9879035949707031 0.1203676238656044 -0.09776565432548523 0.4312017858028412 -0.11045465618371964 0.9887183904647827 0.1011718139052391 -0.09807946532964706 0.10884051024913788 -0.08914932608604431 0.9900535941123962 -0.025663034990429878 0.0 0.0 0.0 1.0
0.9876532554626465 0.11919143050909042 -0.10165843367576599 0.42994675040245056 -0.10943075269460678 0.9892764091491699 0.09673209488391876 -0.09826932847499847 0.11209792643785477 -0.08441320806741714 0.9901052713394165 -0.02522844821214676 0.0 0.0 0.0 1.0
0.98771733045578 0.11881475895643234 -0.10147657245397568 0.42949187755584717 -0.1090792790055275 0.9893240928649902 0.09664112329483032 -0.09802421182394028 0.11187561601400375 -0.08438511937856674 0.9901328086853027 -0.025606608018279076 0.0 0.0 0.0 1.0
0.988212525844574 0.11647047102451324 -0.09935120493173599 0.4286738932132721 -0.10684385895729065 0.9895064830780029 0.09726949781179428 -0.09738428145647049 0.10963767766952515 -0.08550786226987839 0.9902868270874023 -0.02603251487016678 0.0 0.0 0.0 1.0
0.9882018566131592 0.11753638833761215 -0.09819509088993073 0.42799490690231323 -0.10804207623004913 0.9894041419029236 0.09698659926652908 -0.09730688482522964 0.10855408757925034 -0.08523312956094742 0.9904298782348633 -0.026302717626094818 0.0 0.0 0.0 1.0
0.9880788326263428 0.11749797314405441 -0.09947055578231812 0.4269849359989166 -0.1079077497124672 0.9894311428070068 0.09686063975095749 -0.09722926467657089 0.10980018973350525 -0.0849723070859909 0.9903149008750916 -0.02614816091954708 0.0 0.0 0.0 1.0
0.9878218173980713 0.11799682676792145 -0.10141412168741226 0.4257911443710327 -0.10782470554113388 0.9890733361244202 0.10053744167089462 -0.09699734300374985 0.11216910183429718 -0.08837813138961792 0.9897511601448059 -0.02604273147881031 0.0 0.0 0.0 1.0
0.9876203536987305 0.11809191852807999 -0.10324905067682266 0.42425456643104553 -0.10801868885755539 0.9892815351486206 0.09825468063354492 -0.09714628010988235 0.11374545842409134 -0.08588549494743347 0.9897907376289368 -0.025851137936115265 0.0 0.0 0.0 1.0
0.9875591993331909 0.11973513662815094 -0.10193301737308502 0.42367494106292725 -0.1097034439444542 0.9890300035476685 0.09891790896654129 -0.09707799553871155 0.11265876144170761 -0.08650488406419754 0.9898610711097717 -0.026114538311958313 0.0 0.0 0.0 1.0
0.9875982999801636 0.11946248263120651 -0.10187405347824097 0.4224782884120941 -0.10937930643558502 0.9890163540840149 0.09941229224205017 -0.09705476462841034 0.11263114213943481 -0.08703649789094925 0.9898176193237305 -0.026246683672070503 0.0 0.0 0.0 1.0
0.9876041412353516 0.11933531612157822 -0.10196646302938461 0.42126381397247314 -0.10960222035646439 0.9893035292625427 0.09625948220491409 -0.09737628698348999 0.11236293613910675 -0.08389051258563995 0.9901196360588074 -0.026580873876810074 0.0 0.0 0.0 1.0
0.9876269102096558 0.11905571818351746 -0.10207251459360123 0.41996490955352783 -0.10962091386318207 0.9895617961883545 0.09354548901319504 -0.09755262732505798 0.11214417964220047 -0.08119875937700272 0.9903688430786133 -0.026957392692565918 0.0 0.0 0.0 1.0
0.9875344634056091 0.12064721435308456 -0.10109392553567886 0.4182746112346649 -0.11066179722547531 0.9888980388641357 0.09916975349187851 -0.09772879630327225 0.11193614453077316 -0.08674631267786026 0.9899219274520874 -0.02749767154455185 0.0 0.0 0.0 1.0
0.9876033067703247 0.11928407847881317 -0.10203464329242706 0.41658276319503784 -0.10961620509624481 0.9893627166748047 0.09563320875167847 -0.09778247028589249 0.11235678941011429 -0.08326302468776703 0.99017333984375 -0.027850888669490814 0.0 0.0 0.0 1.0
0.9876570105552673 0.11829777806997299 -0.10266096889972687 0.4152912199497223 -0.10871470719575882 0.9895796179771423 0.09441002458333969 -0.09766392409801483 0.11275970190763474 -0.08208397030830383 0.9902259707450867 -0.027939323335886 0.0 0.0 0.0 1.0
0.9878885746002197 0.11734054237604141 -0.10152524709701538 0.4136381149291992 -0.10773681849241257 0.9895901679992676 0.09541545063257217 -0.0972730740904808 0.11166448891162872 -0.08332182466983795 0.9902467131614685 -0.028262566775083542 0.0 0.0 0.0 1.0
0.9877005815505981 0.11894536018371582 -0.10148666799068451 0.4117370843887329 -0.10928704589605331 0.9893682599067688 0.09595228731632233 -0.09735839068889618 0.1118207648396492 -0.08368095010519028 0.9901987910270691 -0.02854335308074951 0.0 0.0 0.0 1.0
0.9874629378318787 0.11944130808115005 -0.10320251435041428 0.4100227355957031 -0.10977033525705338 0.9894253015518188 0.09480500221252441 -0.0973893254995346 0.1134348139166832 -0.08228784799575806 0.9901319146156311 -0.028537437319755554 0.0 0.0 0.0 1.0
0.9874971508979797 0.11957481503486633 -0.10271937400102615 0.4082404375076294 -0.10976911336183548 0.9892772436141968 0.09633965790271759 -0.09726149588823318 0.11313772946596146 -0.08385971933603287 0.9900340437889099 -0.02879643253982067 0.0 0.0 0.0 1.0
0.9875515103340149 0.11927337944507599 -0.10254722833633423 0.4062235951423645 -0.10983005166053772 0.989563524723053 0.09328146278858185 -0.09735126793384552 0.11260298639535904 -0.08085747808218002 0.9903447031974792 -0.028861436992883682 0.0 0.0 0.0 1.0
0.9876030683517456 0.11859124153852463 -0.10284126549959183 0.40453460812568665 -0.10937260091304779 0.9898188710212708 0.09108345955610275 -0.09719625115394592 0.11259593069553375 -0.0787062868475914 0.9905188083648682 -0.028977083042263985 0.0 0.0 0.0 1.0
0.9872127175331116 0.12164493650197983 -0.10302192717790604 0.4020031988620758 -0.11170727014541626 0.9889663457870483 0.0972987487912178 -0.09758518636226654 0.11372112482786179 -0.08454626798629761 0.9899088144302368 -0.029278147965669632 0.0 0.0 0.0 1.0
0.9871277213096619 0.12158047407865524 -0.10390885919332504 0.399861603975296 -0.11189994215965271 0.989223837852478 0.09441707283258438 -0.09785179048776627 0.11426839232444763 -0.08157431334257126 0.9900951385498047 -0.029228394851088524 0.0 0.0 0.0 1.0
0.9871430993080139 0.12176287919282913 -0.10354830324649811 0.3981577157974243 -0.11213065683841705 0.9892127513885498 0.0942593365907669 -0.09783284366130829 0.11390858888626099 -0.08143651485443115 0.9901479482650757 -0.029308514669537544 0.0 0.0 0.0 1.0
0.9873639941215515 0.12062467634677887 -0.10277162492275238 0.39597800374031067 -0.11092162132263184 0.9892377853393555 0.09542006254196167 -0.09766854345798492 0.11317559331655502 -0.08281474560499191 0.9901176691055298 -0.029594721272587776 0.0 0.0 0.0 1.0
0.9873588681221008 0.12011180818080902 -0.10341982543468475 0.3939865529537201 -0.11044176667928696 0.9893653392791748 0.09465111047029495 -0.09757235646247864 0.11368870735168457 -0.08203274756669998 0.990123987197876 -0.029781287536025047 0.0 0.0 0.0 1.0
0.9874294400215149 0.11935887485742569 -0.10361731052398682 0.3921077847480774 -0.10975761711597443 0.9895133972167969 0.0938965305685997 -0.09722672402858734 0.11373809725046158 -0.0813434049487114 0.990175187587738 -0.029809514060616493 0.0 0.0 0.0 1.0
0.987611711025238 0.1191057413816452 -0.10216139256954193 0.39012521505355835 -0.10923199355602264 0.9892380237579346 0.09734729677438736 -0.09695816040039062 0.11265655606985092 -0.08498203754425049 0.9899932146072388 -0.029895056039094925 0.0 0.0 0.0 1.0
0.9876304268836975 0.11923898011445999 -0.10182452201843262 0.3884153366088867 -0.10956963151693344 0.9893515706062317 0.09580176323652267 -0.09690290689468384 0.11216355115175247 -0.08345985412597656 0.990178644657135 -0.029838629066944122 0.0 0.0 0.0 1.0
0.9876648783683777 0.11850554496049881 -0.10234513878822327 0.38682860136032104 -0.10875092446804047 0.9894077777862549 0.09615352004766464 -0.09654831886291504 0.11265580356121063 -0.08383732289075851 0.9900909066200256 -0.02970989979803562 0.0 0.0 0.0 1.0
0.9877316355705261 0.1174682080745697 -0.10289537161588669 0.38525834679603577 -0.10752436518669128 0.9894214868545532 0.09738389402627945 -0.09618015587329865 0.11324640363454819 -0.0851253941655159 0.9899135828018188 -0.02980375476181507 0.0 0.0 0.0 1.0
0.9879589676856995 0.11630465090274811 -0.1020306646823883 0.3837741017341614 -0.10660341382026672 0.9896675944328308 0.09588433802127838 -0.09607968479394913 0.11212823539972305 -0.08385297656059265 0.9901494383811951 -0.030042342841625214 0.0 0.0 0.0 1.0
0.98807293176651 0.11550834774971008 -0.10183154046535492 0.3821873962879181 -0.1056266650557518 0.9896028637886047 0.0976174995303154 -0.09572509676218033 0.11204841732978821 -0.08569708466529846 0.9900006055831909 -0.029913613572716713 0.0 0.0 0.0 1.0
0.9882965683937073 0.113812655210495 -0.10157063603401184 0.3806276321411133 -0.1037011444568634 0.9895856976509094 0.09983094781637192 -0.09530705958604813 0.11187487095594406 -0.08812958747148514 0.9898066520690918 -0.03009350597858429 0.0 0.0 0.0 1.0
0.9881126284599304 0.11408926546573639 -0.10303933918476105 0.3788938820362091 -0.10412680357694626 0.9897844195365906 0.09738779067993164 -0.09556025266647339 0.11309763789176941 -0.08550094813108444 0.9898982048034668 -0.030102577060461044 0.0 0.0 0.0 1.0
0.9881327748298645 0.11501241475343704 -0.10181213915348053 0.3770122528076172 -0.10458861291408539 0.9892290830612183 0.10240612179040909 -0.09542331099510193 0.11249350011348724 -0.09054245799779892 0.9895187020301819 -0.030368376523256302 0.0 0.0 0.0 1.0
0.9882006049156189 0.11504321545362473 -0.1011171042919159 0.3753083646297455 -0.10474779456853867 0.989271342754364 0.10183367878198624 -0.09540436416864395 0.11174752563238144 -0.09004030376672745 0.9896490573883057 -0.03044849820435047 0.0 0.0 0.0 1.0
0.9877904057502747 0.11663848906755447 -0.10327436774969101 0.3731413781642914 -0.10667280107736588 0.9895241856575012 0.09727710485458374 -0.0958569198846817 0.11353874206542969 -0.085072822868824 0.989884614944458 -0.030277181416749954 0.0 0.0 0.0 1.0
0.9879964590072632 0.11704695224761963 -0.10081200301647186 0.37179234623908997 -0.10696519166231155 0.9892005920410156 0.10020317882299423 -0.09552973508834839 0.11145176738500595 -0.08821701258420944 0.9898465871810913 -0.030716564506292343 0.0 0.0 0.0 1.0
0.9881061315536499 0.1164022833108902 -0.10048246383666992 0.3700779974460602 -0.10647466033697128 0.9893662333488464 0.09908408671617508 -0.09556066989898682 0.11094756424427032 -0.08720675855875015 0.9899927377700806 -0.030710650607943535 0.0 0.0 0.0 1.0
0.9878728985786438 0.11779610812664032 -0.10114917159080505 0.3682553768157959 -0.10776521265506744 0.9891852140426636 0.09949494153261185 -0.09575486183166504 0.11177538335323334 -0.08738800138235092 0.9898836016654968 -0.03081255964934826 0.0 0.0 0.0 1.0
0.9881908297538757 0.11725219339132309 -0.09864456206560135 0.36649090051651 -0.10721955448389053 0.9890394806861877 0.10151264816522598 -0.09528227895498276 0.10946594923734665 -0.08973724395036697 0.9899315237998962 -0.030869510024785995 0.0 0.0 0.0 1.0
0.9879760146141052 0.11763201653957367 -0.10032989084720612 0.3630606234073639 -0.10748433321714401 0.9890448451042175 0.10118021070957184 -0.09522164613008499 0.11113279312849045 -0.08917973190546036 0.9897961616516113 -0.030670618638396263 0.0 0.0 0.0 1.0
0.9883108735084534 0.11657644808292389 -0.09824251383543015 0.3614059388637543 -0.1063070297241211 0.9888810515403748 0.10398596525192261 -0.09470830112695694 0.10927247256040573 -0.0923265889286995 0.9897147417068481 -0.030806800350546837 0.0 0.0 0.0 1.0
0.9881641864776611 0.11617852747440338 -0.10017034411430359 0.3596900403499603 -0.10589323192834854 0.9890782237052917 0.10252288728952408 -0.09461673349142075 0.11098726838827133 -0.09070208668708801 0.9896741509437561 -0.030613824725151062 0.0 0.0 0.0 1.0
0.9881908893585205 0.11572688817977905 -0.10042934119701385 0.3578941226005554 -0.1054297611117363 0.9891390800476074 0.10241293162107468 -0.09429378807544708 0.11119052022695541 -0.09061528742313385 0.989659309387207 -0.030412664636969566 0.0 0.0 0.0 1.0
0.9882144927978516 0.11407861113548279 -0.10206934809684753 0.3559957444667816 -0.1037088930606842 0.9893930554389954 0.10171470046043396 -0.09371673315763474 0.11259017139673233 -0.0899304449558258 0.989563524723053 -0.029844185337424278 0.0 0.0 0.0 1.0
0.9882333278656006 0.11418192833662033 -0.10177108645439148 0.35417893528938293 -0.10405725985765457 0.9895520806312561 0.0997936874628067 -0.09349355101585388 0.11210242658853531 -0.08802942931652069 0.9897897839546204 -0.029470952227711678 0.0 0.0 0.0 1.0
0.9884764552116394 0.11382906883955002 -0.0997861847281456 0.35231664776802063 -0.10372737050056458 0.9894465804100037 0.1011735126376152 -0.09313434362411499 0.1102495864033699 -0.08965707570314407 0.9898518323898315 -0.029721764847636223 0.0 0.0 0.0 1.0
0.9884604215621948 0.11207585036754608 -0.10190681368112564 0.3501037359237671 -0.10190422087907791 0.9897475242614746 0.10007676482200623 -0.09254349768161774 0.11207820475101471 -0.08853718638420105 0.9897472858428955 -0.028951110318303108 0.0 0.0 0.0 1.0
0.9886840581893921 0.11225707828998566 -0.09950970858335495 0.3481256365776062 -0.10210827738046646 0.9895496368408203 0.10181043297052383 -0.0921887457370758 0.10989873856306076 -0.09049758315086365 0.9898143410682678 -0.028986139222979546 0.0 0.0 0.0 1.0
0.9888174533843994 0.11163751780986786 -0.09887904673814774 0.34592631459236145 -0.10155399143695831 0.9896141886711121 0.10173752903938293 -0.0917930155992508 0.10920983552932739 -0.09055828303098679 0.9898850321769714 -0.028675641864538193 0.0 0.0 0.0 1.0
0.9889736771583557 0.11106722056865692 -0.09795461595058441 0.343868225812912 -0.10083696246147156 0.9894682765007019 0.10384800285100937 -0.09120688587427139 0.10845709592103958 -0.0928255021572113 0.989757776260376 -0.02870248630642891 0.0 0.0 0.0 1.0
0.9888913631439209 0.11116084456443787 -0.09867676347494125 0.3412626087665558 -0.10088994354009628 0.9894886016845703 0.1036028116941452 -0.09094706177711487 0.10915610939264297 -0.09249643236398697 0.9897117614746094 -0.02852022275328636 0.0 0.0 0.0 1.0
0.9889022707939148 0.11202855408191681 -0.09758037328720093 0.3390559256076813 -0.10189763456583023 0.9894207119941711 0.10326432436704636 -0.09084621071815491 0.10811658948659897 -0.09217511117458344 0.9898558259010315 -0.028497807681560516 0.0 0.0 0.0 1.0
0.9887059330940247 0.11314316093921661 -0.09828116744756699 0.33665502071380615 -0.1026804968714714 0.9890837073326111 0.10568901896476746 -0.09064093977212906 0.10916629433631897 -0.09440380334854126 0.9895305037498474 -0.028438488021492958 0.0 0.0 0.0 1.0
0.9886881709098816 0.11321775615215302 -0.09837401658296585 0.3344334661960602 -0.10290538519620895 0.9892133474349976 0.1042468398809433 -0.09067615866661072 0.10911548137664795 -0.09294439852237701 0.9896742701530457 -0.02838054858148098 0.0 0.0 0.0 1.0
0.9886254668235779 0.11316166818141937 -0.09906617552042007 0.3319303095340729 -0.10284703224897385 0.9892789125442505 0.10368076711893082 -0.09067045152187347 0.10973677039146423 -0.09231279045343399 0.9896646738052368 -0.028565602377057076 0.0 0.0 0.0 1.0
0.988491415977478 0.11418689042329788 -0.0992274209856987 0.3295116126537323 -0.10381875187158585 0.9891404509544373 0.10403302311897278 -0.09080994129180908 0.11002906411886215 -0.09253408759832382 0.9896115660667419 -0.028708329424262047 0.0 0.0 0.0 1.0
0.9882365465164185 0.11606312543153763 -0.09958858788013458 0.32727667689323425 -0.10556246340274811 0.9888612627983093 0.10492819547653198 -0.09110373258590698 0.11065759509801865 -0.0931810662150383 0.9894807934761047 -0.028801927343010902 0.0 0.0 0.0 1.0
0.9884565472602844 0.11420563608407974 -0.09955273568630219 0.32488492131233215 -0.10368383675813675 0.989037811756134 0.10513751953840256 -0.09117976576089859 0.11046871542930603 -0.09360186010599136 0.98946213722229 -0.029253274202346802 0.0 0.0 0.0 1.0
0.9883366823196411 0.11500684171915054 -0.09982005506753922 0.3228890001773834 -0.10446956008672714 0.9889639616012573 0.1050543263554573 -0.09116976708173752 0.11080040037631989 -0.09340088814496994 0.9894440770149231 -0.029490351676940918 0.0 0.0 0.0 1.0
0.9882562160491943 0.11586328595876694 -0.09962624311447144 0.3205905556678772 -0.1054648831486702 0.9889717698097229 0.1039806380867958 -0.09121861308813095 0.11057507991790771 -0.09225244075059891 0.9895769953727722 -0.029798349365592003 0.0 0.0 0.0 1.0
0.9880229234695435 0.11763490736484528 -0.09986378997564316 0.3182905912399292 -0.10718073695898056 0.9887544512748718 0.10429222881793976 -0.09114495664834976 0.11100918054580688 -0.0923396423459053 0.989520251750946 -0.02991928532719612 0.0 0.0 0.0 1.0
0.9879730939865112 0.11864084005355835 -0.09916400164365768 0.3159016966819763 -0.10817355662584305 0.988571286201477 0.10500148683786392 -0.09101229906082153 0.1104881539940834 -0.09301172196865082 0.9895156621932983 -0.030133062973618507 0.0 0.0 0.0 1.0
0.9876764416694641 0.1208927184343338 -0.09939932078123093 0.31357187032699585 -0.11030475795269012 0.988240659236908 0.10589291900396347 -0.09121078252792358 0.11103213578462601 -0.09362372010946274 0.9893970489501953 -0.03018295019865036 0.0 0.0 0.0 1.0
0.987766683101654 0.12095155566930771 -0.09842599183320999 0.31150490045547485 -0.11030475795269012 0.9880942702293396 0.1072499081492424 -0.09079702943563461 0.11022619903087616 -0.09508103132247925 0.9893481731414795 -0.030310818925499916 0.0 0.0 0.0 1.0
0.9877306818962097 0.1208709105849266 -0.09888548403978348 0.30921825766563416 -0.11019621789455414 0.9881222248077393 0.10710415989160538 -0.09046480059623718 0.11065671592950821 -0.09489326179027557 0.9893181324005127 -0.03028021939098835 0.0 0.0 0.0 1.0
0.9876886606216431 0.12154889851808548 -0.09847329556941986 0.3068382740020752 -0.11093822121620178 0.9880626797676086 0.10688695311546326 -0.09015975892543793 0.11028977483510971 -0.09464657306671143 0.9893827438354492 -0.030392972752451897 0.0 0.0 0.0 1.0
0.9877076745033264 0.12147422134876251 -0.09837446361780167 0.3045681416988373 -0.11071232706308365 0.9879310727119446 0.10832834988832474 -0.0898139625787735 0.11034628748893738 -0.09610547870397568 0.9892357587814331 -0.03058495745062828 0.0 0.0 0.0 1.0
0.9876499772071838 0.12185108661651611 -0.0984874740242958 0.30228307843208313 -0.11125235259532928 0.9880401492118835 0.10676871240139008 -0.08960422873497009 0.11031946539878845 -0.09449315816164017 0.9893940687179565 -0.03074141964316368 0.0 0.0 0.0 1.0
0.9874904751777649 0.12307774275541306 -0.09856177866458893 0.29998621344566345 -0.11241228133440018 0.987850546836853 0.10730688273906708 -0.08977556973695755 0.11057139933109283 -0.0948849767446518 0.9893284440040588 -0.031236477196216583 0.0 0.0 0.0 1.0
0.9875704050064087 0.12297999858856201 -0.09788089990615845 0.29783347249031067 -0.11226845532655716 0.9877575039863586 0.10830933600664139 -0.08954782038927078 0.11000247299671173 -0.0959741547703743 0.9892868399620056 -0.03183130547404289 0.0 0.0 0.0 1.0
0.9877350926399231 0.12183459103107452 -0.09765077382326126 0.2956927716732025 -0.1111782044172287 0.9879134297370911 0.10801153630018234 -0.08939267694950104 0.1096300557255745 -0.09583014994859695 0.9893420934677124 -0.032699231058359146 0.0 0.0 0.0 1.0
0.9875255227088928 0.12216855585575104 -0.099338598549366 0.2935146391391754 -0.11164155602455139 0.9881424307823181 0.10540757328271866 -0.0893508791923523 0.11103817820549011 -0.09300234913825989 0.9894549250602722 -0.033172499388456345 0.0 0.0 0.0 1.0
0.9875088334083557 0.1223711296916008 -0.0992550253868103 0.29168087244033813 -0.11183127760887146 0.9881011247634888 0.10559337586164474 -0.08905071765184402 0.1109955832362175 -0.09317457675933838 0.9894435405731201 -0.033918991684913635 0.0 0.0 0.0 1.0
0.9876286387443542 0.12278759479522705 -0.0975339412689209 0.2895760238170624 -0.11239355057477951 0.988021194934845 0.10574428737163544 -0.08865974843502045 0.10934968292713165 -0.0934739038348198 0.9895985722541809 -0.03499451279640198 0.0 0.0 0.0 1.0
0.9876005053520203 0.12360122054815292 -0.09678847342729568 0.2874518036842346 -0.11347149312496185 0.9880852103233337 0.10397971421480179 -0.0884910374879837 0.10848727822303772 -0.09170768409967422 0.9898586869239807 -0.03608502447605133 0.0 0.0 0.0 1.0
0.9876787662506104 0.12458501756191254 -0.0947059765458107 0.28554853796958923 -0.11428146809339523 0.9876273274421692 0.1073869988322258 -0.08790961652994156 0.1069130226969719 -0.09524071961641312 0.9896963238716125 -0.03690936788916588 0.0 0.0 0.0 1.0
0.9878020882606506 0.12450959533452988 -0.09351148456335068 0.2833218276500702 -0.11463052779436111 0.9878981709480286 0.10448473691940308 -0.08748678863048553 0.10538917779922485 -0.09249097108840942 0.9901204705238342 -0.03763256222009659 0.0 0.0 0.0 1.0
0.9877036809921265 0.12526153028011322 -0.0935467854142189 0.2813827097415924 -0.11546498537063599 0.9878858327865601 0.1036795824766159 -0.08714120090007782 0.10540059953927994 -0.09160333126783371 0.9902017712593079 -0.03824931010603905 0.0 0.0 0.0 1.0
0.9876834750175476 0.12661610543727875 -0.09192240238189697 0.2794734239578247 -0.11668621003627777 0.9874551296234131 0.10637972503900528 -0.08652347326278687 0.10423863679170609 -0.09434341639280319 0.9900674819946289 -0.03893710672855377 0.0 0.0 0.0 1.0
0.9876985549926758 0.12675465643405914 -0.09156879782676697 0.27764570713043213 -0.11711371690034866 0.987663984298706 0.10394321382045746 -0.0862596184015274 0.10361449420452118 -0.09194060415029526 0.9903590083122253 -0.039820145815610886 0.0 0.0 0.0 1.0
0.9872580766677856 0.12861491739749908 -0.09370001405477524 0.27577608823776245 -0.1189185082912445 0.9875870943069458 0.10261660069227219 -0.08619529008865356 0.1057349443435669 -0.09016640484333038 0.9902980327606201 -0.04035904258489609 0.0 0.0 0.0 1.0
0.9872030019760132 0.12928976118564606 -0.09335079789161682 0.2740880250930786 -0.11947295814752579 0.987370491027832 0.10404656082391739 -0.0856185331940651 0.10562397539615631 -0.0915621817111969 0.9901817440986633 -0.04139236733317375 0.0 0.0 0.0 1.0
0.9870907664299011 0.13037019968032837 -0.09303443878889084 0.27206915616989136 -0.12074589729309082 0.9873760342597961 0.10251319408416748 -0.08549525588750839 0.10522464662790298 -0.08995630592107773 0.9903714656829834 -0.042612623423337936 0.0 0.0 0.0 1.0
0.9866599440574646 0.1328967660665512 -0.09402433037757874 0.26993733644485474 -0.1228475272655487 0.9867876768112183 0.10563389956951141 -0.08516773581504822 0.10682045668363571 -0.09267408400774002 0.9899499416351318 -0.0433795228600502 0.0 0.0 0.0 1.0
0.9867476224899292 0.1334923803806305 -0.092243991792202 0.26793473958969116 -0.12360198050737381 0.9866854548454285 0.105709008872509 -0.08457719534635544 0.10512715578079224 -0.09290657192468643 0.990109384059906 -0.04421067237854004 0.0 0.0 0.0 1.0
0.9868102669715881 0.13353072106838226 -0.09151511639356613 0.26601654291152954 -0.12385011464357376 0.9867971539497375 0.10436718165874481 -0.08413184434175491 0.10424308478832245 -0.09165644645690918 0.9903193712234497 -0.044999491423368454 0.0 0.0 0.0 1.0
0.9867199063301086 0.13419216871261597 -0.0915219634771347 0.26399746537208557 -0.12428301572799683 0.9865118265151978 0.10652776807546616 -0.08355487883090973 0.10458268970251083 -0.09373844414949417 0.9900886416435242 -0.04560805484652519 0.0 0.0 0.0 1.0
0.9866171479225159 0.13448283076286316 -0.09220049530267715 0.2619783580303192 -0.12443390488624573 0.9864158630371094 0.10723769664764404 -0.08297791332006454 0.10536965727806091 -0.09432968497276306 0.9899490475654602 -0.04621661826968193 0.0 0.0 0.0 1.0
0.9863986968994141 0.13537180423736572 -0.09323111176490784 0.25997576117515564 -0.12517708539962769 0.9862736463546753 0.1076800599694252 -0.08238737285137177 0.10652823746204376 -0.09454507380723953 0.9898045063018799 -0.04704776778817177 0.0 0.0 0.0 1.0
0.9862587451934814 0.13623616099357605 -0.09345266222953796 0.2579880654811859 -0.12575624883174896 0.985930323600769 0.11012163013219833 -0.08166076242923737 0.10714036226272583 -0.09685616940259933 0.989514946937561 -0.04791443794965744 0.0 0.0 0.0 1.0
0.9861761927604675 0.1363532394170761 -0.09415055066347122 0.25588008761405945 -0.12580357491970062 0.9859227538108826 0.1101350486278534 -0.08102478832006454 0.10784243792295456 -0.0967680886387825 0.989447295665741 -0.048615843057632446 0.0 0.0 0.0 1.0
0.9860931038856506 0.13639992475509644 -0.0949496477842331 0.25376763939857483 -0.12586665153503418 0.9860105514526367 0.10927407443523407 -0.08047500997781754 0.1085263267159462 -0.09580341726541519 0.9894663691520691 -0.049367755651474 0.0 0.0 0.0 1.0
0.9864790439605713 0.13471613824367523 -0.09333083778619766 0.2516806125640869 -0.1243758574128151 0.9862362742424011 0.10894323140382767 -0.0797392800450325 0.10672266781330109 -0.09586211293935776 0.9896568655967712 -0.05024123191833496 0.0 0.0 0.0 1.0
0.9865373373031616 0.1346520185470581 -0.09280602633953094 0.24958465993404388 -0.12446355074644089 0.9863287806510925 0.10800182819366455 -0.0791759341955185 0.10607992112636566 -0.0949968621134758 0.9898093938827515 -0.05121573060750961 0.0 0.0 0.0 1.0
0.9867921471595764 0.1327776163816452 -0.09279731661081314 0.24728845059871674 -0.12259402126073837 0.9865666031837463 0.10796793550252914 -0.0784718468785286 0.10588645935058594 -0.09516551345586777 0.9898139238357544 -0.05201677232980728 0.0 0.0 0.0 1.0
0.9867735505104065 0.13249239325523376 -0.09340060502290726 0.24491381645202637 -0.12210848182439804 0.9864811301231384 0.10929079353809357 -0.07765887677669525 0.10661813616752625 -0.09644026309251785 0.9896119832992554 -0.052996695041656494 0.0 0.0 0.0 1.0
0.9861781597137451 0.1346375048160553 -0.09656812250614166 0.2424010932445526 -0.12393197417259216 0.986240029335022 0.10941396653652191 -0.07728131860494614 0.1099705770611763 -0.09593378752470016 0.9892942905426025 -0.054013390094041824 0.0 0.0 0.0 1.0
0.986035168170929 0.13463059067726135 -0.09802669286727905 0.23990774154663086 -0.12402913719415665 0.9864674806594849 0.1072319746017456 -0.07668148726224899 0.11113684624433517 -0.0935763269662857 0.9893897175788879 -0.05501509830355644 0.0 0.0 0.0 1.0
0.9860970973968506 0.13410547375679016 -0.09812330454587936 0.2374337762594223 -0.12353019416332245 0.9865643978118896 0.10691569000482559 -0.07585940510034561 0.11114294081926346 -0.09330806136131287 0.989414393901825 -0.056001823395490646 0.0 0.0 0.0 1.0
0.98609459400177 0.1328420341014862 -0.09985214471817017 0.2348141223192215 -0.12335214018821716 0.9877201914787292 0.09588062763214111 -0.07531391829252243 0.11136295646429062 -0.08223038911819458 0.9903718829154968 -0.05670171231031418 0.0 0.0 0.0 1.0
0.9865162372589111 0.13147567212581635 -0.09746727347373962 0.23194900155067444 -0.12180216610431671 0.9875712990760803 0.09933366626501083 -0.0749453529715538 0.10931584239006042 -0.0861225500702858 0.990269124507904 -0.05846388638019562 0.0 0.0 0.0 1.0
0.9864709973335266 0.13204583525657654 -0.09715355932712555 0.22901123762130737 -0.1218578964471817 0.9870582222938538 0.10424364358186722 -0.07405052334070206 0.10966115444898605 -0.09099441021680832 0.9897951483726501 -0.05992979183793068 0.0 0.0 0.0 1.0
0.9862484931945801 0.13103143870830536 -0.10072062164545059 0.2260817438364029 -0.12116596102714539 0.987730085849762 0.09852945804595947 -0.07385875284671783 0.11239524930715561 -0.0849706158041954 0.9900239109992981 -0.060988686978816986 0.0 0.0 0.0 1.0
0.986410915851593 0.12919574975967407 -0.10149876773357391 0.22310656309127808 -0.11936385929584503 0.9880394339561462 0.09762363880872726 -0.0730772614479065 0.1128973439335823 -0.08418174088001251 0.9900341629981995 -0.06205993518233299 0.0 0.0 0.0 1.0
0.9862672090530396 0.12973333895206451 -0.10220713168382645 0.22046753764152527 -0.12003536522388458 0.9881231784820557 0.09593824297189713 -0.07275403290987015 0.11343961954116821 -0.08235226571559906 0.9901260137557983 -0.06277481466531754 0.0 0.0 0.0 1.0
0.9863352179527283 0.13015030324459076 -0.10101357847452164 0.21773962676525116 -0.12080224603414536 0.9882412552833557 0.09373380988836288 -0.07237180322408676 0.11202526837587357 -0.08025028556585312 0.9904596209526062 -0.06358253210783005 0.0 0.0 0.0 1.0
0.9861584305763245 0.13003897666931152 -0.10286625474691391 0.21511997282505035 -0.12099746614694595 0.9885872006416321 0.08974960446357727 -0.07182631641626358 0.11336320638656616 -0.07606077194213867 0.9906379580497742 -0.06428241729736328 0.0 0.0 0.0 1.0
0.9865356087684631 0.128882497549057 -0.10068164020776749 0.21286563575267792 -0.11968688666820526 0.9884840250015259 0.09259799122810364 -0.07092270255088806 0.11145645380020142 -0.07930094003677368 0.9906002283096313 -0.06542760878801346 0.0 0.0 0.0 1.0
0.9864276647567749 0.13001619279384613 -0.10028076171875 0.2105649709701538 -0.12094204872846603 0.9884037375450134 0.09182118624448776 -0.07030480355024338 0.1110561192035675 -0.07844679802656174 0.9907131791114807 -0.06627916544675827 0.0 0.0 0.0 1.0
0.986789882183075 0.1298130601644516 -0.0969240814447403 0.20817096531391144 -0.12052744626998901 0.9880370497703552 0.09620766341686249 -0.06971409916877747 0.1082535982131958 -0.08325473964214325 0.9906310439109802 -0.0672740712761879 0.0 0.0 0.0 1.0
0.9871827960014343 0.12842321395874023 -0.09475044161081314 0.20589569211006165 -0.11931919306516647 0.9881835579872131 0.09620906412601471 -0.06891024857759476 0.10598630458116531 -0.08367038518190384 0.9908411502838135 -0.06824719160795212 0.0 0.0 0.0 1.0
0.9871336221694946 0.12798461318016052 -0.09584968537092209 0.20378325879573822 -0.11893283575773239 0.9883605241775513 0.09486042708158493 -0.06836047023534775 0.10687471926212311 -0.08224023878574371 0.9908654689788818 -0.06899910420179367 0.0 0.0 0.0 1.0
0.9873948097229004 0.12809455394744873 -0.09296895563602448 0.20192477107048035 -0.119134820997715 0.9882000684738159 0.09626810252666473 -0.06737083941698074 0.10420335084199905 -0.08397878706455231 0.9910041689872742 -0.06993002444505692 0.0 0.0 0.0 1.0
0.98807692527771 0.12488915026187897 -0.0900372862815857 0.20017163455486298 -0.11620010435581207 0.9885715842247009 0.0960405170917511 -0.06642662733793259 0.10100271552801132 -0.08443307876586914 0.9912968873977661 -0.07099068909883499 0.0 0.0 0.0 1.0
0.9885193109512329 0.12273552268743515 -0.08812271058559418 0.1985962688922882 -0.11421952396631241 0.9888124465942383 0.09593680500984192 -0.0656004250049591 0.09891168773174286 -0.08477004617452621 0.9914789795875549 -0.07186567783355713 0.0 0.0 0.0 1.0
0.9889733195304871 0.12032066285610199 -0.08634042739868164 0.19704629480838776 -0.11214474588632584 0.9892345070838928 0.09401381760835648 -0.064588263630867 0.09672273695468903 -0.08329453319311142 0.9918199181556702 -0.07286222279071808 0.0 0.0 0.0 1.0
0.9894688725471497 0.11719051003456116 -0.08495756983757019 0.19569946825504303 -0.10951078683137894 0.9898993968963623 0.09003669768571854 -0.06350814551115036 0.09465089440345764 -0.07978473603725433 0.9923081994056702 -0.0737946555018425 0.0 0.0 0.0 1.0
0.9898144602775574 0.1139930784702301 -0.08528123795986176 0.1943361610174179 -0.10644951462745667 0.9903877973556519 0.08832056075334549 -0.06244160979986191 0.09452942758798599 -0.07834282517433167 0.9924346804618835 -0.07450449466705322 0.0 0.0 0.0 1.0
0.9900954961776733 0.11278221011161804 -0.08361251652240753 0.19338831305503845 -0.10553453117609024 0.990641176700592 0.08655927330255508 -0.061520468443632126 0.09259234368801117 -0.07687794417142868 0.9927318096160889 -0.07559677958488464 0.0 0.0 0.0 1.0
0.9907944798469543 0.10865878313779831 -0.08074364811182022 0.19200050830841064 -0.10129617154598236 0.9907509088516235 0.09028694778680801 -0.06021814048290253 0.08980730921030045 -0.0812767893075943 0.9926372766494751 -0.07710274308919907 0.0 0.0 0.0 1.0
0.9912053942680359 0.10492867231369019 -0.08063431829214096 0.19115644693374634 -0.0983567163348198 0.9918030500411987 0.08156413584947586 -0.059219930320978165 0.08853177726268768 -0.07291588187217712 0.9934009313583374 -0.07813770323991776 0.0 0.0 0.0 1.0
0.991782546043396 0.10325541347265244 -0.0755363255739212 0.1899479627609253 -0.0966423749923706 0.9915521740913391 0.086513452231884 -0.05815809965133667 0.08383118361234665 -0.07850252091884613 0.9933829307556152 -0.0796450525522232 0.0 0.0 0.0 1.0
0.9920136332511902 0.10268910974264145 -0.07323843240737915 0.18907563388347626 -0.0964057669043541 0.991730809211731 0.08471117168664932 -0.05755453184247017 0.08133172243833542 -0.07697403430938721 0.9937102794647217 -0.0807960256934166 0.0 0.0 0.0 1.0
0.992495596408844 0.09964989125728607 -0.07086919993162155 0.18765798211097717 -0.09357541799545288 0.9920273423194885 0.08441223204135895 -0.05652434378862381 0.07871585339307785 -0.07714714854955673 0.9939075112342834 -0.08223094046115875 0.0 0.0 0.0 1.0
0.9926962852478027 0.0986090749502182 -0.06950072944164276 0.18628734350204468 -0.09272544085979462 0.9921985268592834 0.08333123475313187 -0.05575268343091011 0.07717573642730713 -0.07627812027931213 0.9940953254699707 -0.08322887122631073 0.0 0.0 0.0 1.0
0.9928331971168518 0.0970119833946228 -0.06979173421859741 0.1847449541091919 -0.0912088081240654 0.9924483895301819 0.08201909065246582 -0.05489933118224144 0.07722152769565582 -0.07506565749645233 0.9941840767860413 -0.08454902470111847 0.0 0.0 0.0 1.0
0.9933714866638184 0.0932743176817894 -0.06717844307422638 0.1836015284061432 -0.08785995841026306 0.9929564595222473 0.0794861689209938 -0.05420495197176933 0.07411928474903107 -0.07305699586868286 0.9945697784423828 -0.08602903038263321 0.0 0.0 0.0 1.0
0.9935265779495239 0.09245306998491287 -0.06601051241159439 0.18193595111370087 -0.08716516941785812 0.9930614829063416 0.0789371058344841 -0.053650934249162674 0.07285048067569733 -0.0726723000407219 0.9946916699409485 -0.0874214917421341 0.0 0.0 0.0 1.0
0.9936143755912781 0.09139785915613174 -0.06615805625915527 0.17993201315402985 -0.08622880280017853 0.9932818412780762 0.07717359066009521 -0.053391579538583755 0.07276709377765656 -0.07097605615854263 0.994820237159729 -0.08867727220058441 0.0 0.0 0.0 1.0
0.9935619831085205 0.09157953411340714 -0.06669183075428009 0.17803189158439636 -0.08643877506256104 0.9933332204818726 0.07627194374799728 -0.05305515602231026 0.07323215901851654 -0.07001614570617676 0.9948541522026062 -0.0898757353425026 0.0 0.0 0.0 1.0
0.9934358596801758 0.09248519688844681 -0.06731770187616348 0.17582768201828003 -0.0874745324254036 0.9934201836585999 0.07392295449972153 -0.052655067294836044 0.07371153682470322 -0.06754913181066513 0.9949893355369568 -0.09095805883407593 0.0 0.0 0.0 1.0
0.9932960867881775 0.09422168135643005 -0.06697174906730652 0.17360855638980865 -0.08942317217588425 0.9934338331222534 0.07136332243680954 -0.05239105224609375 0.07325597107410431 -0.06489607691764832 0.9951995015144348 -0.09200486540794373 0.0 0.0 0.0 1.0
0.9932190179824829 0.09570516645908356 -0.06600424647331238 0.17131547629833221 -0.09088382869958878 0.9932156205177307 0.07254570722579956 -0.0519319623708725 0.07249945402145386 -0.0660550519824028 0.9951786398887634 -0.09318002313375473 0.0 0.0 0.0 1.0
0.9930473566055298 0.09734687209129333 -0.06618556380271912 0.16886022686958313 -0.09257233887910843 0.9931181073188782 0.07174111902713776 -0.05176304280757904 0.07271385192871094 -0.06511537730693817 0.9952249526977539 -0.09384577721357346 0.0 0.0 0.0 1.0
0.9929124116897583 0.0982251688838005 -0.06690867245197296 0.16631898283958435 -0.09345436096191406 0.9930850863456726 0.07105149328708649 -0.05132643133401871 0.0734250470995903 -0.06429500132799149 0.9952260851860046 -0.09436678886413574 0.0 0.0 0.0 1.0
0.9928464293479919 0.09798455238342285 -0.06822770833969116 0.16355811059474945 -0.09321944415569305 0.9931931495666504 0.06983949989080429 -0.05097134783864021 0.07460648566484451 -0.06297975033521652 0.995222270488739 -0.09472934156656265 0.0 0.0 0.0 1.0
0.9926296472549438 0.09823726117610931 -0.07096352428197861 0.16048425436019897 -0.09350091964006424 0.9933458566665649 0.06724286824464798 -0.05072497949004173 0.07709707319736481 -0.060112111270427704 0.995209813117981 -0.09507676959037781 0.0 0.0 0.0 1.0
0.9926373362541199 0.09918361157178879 -0.06952464580535889 0.15827402472496033 -0.09443370252847672 0.9931667447090149 0.06857195496559143 -0.05028858035802841 0.07585077732801437 -0.06150161474943161 0.9952206611633301 -0.09602254629135132 0.0 0.0 0.0 1.0
0.9919759035110474 0.10337528586387634 -0.07278314977884293 0.15510684251785278 -0.09816374629735947 0.9925713539123535 0.07187482714653015 -0.050069402903318405 0.07967255264520645 -0.06415342539548874 0.9947545528411865 -0.09651333093643188 0.0 0.0 0.0 1.0
0.9922187328338623 0.10128512233495712 -0.0724109411239624 0.1529569774866104 -0.09644217789173126 0.9930459260940552 0.06751807779073715 -0.0496329590678215 0.07874596863985062 -0.06000923365354538 0.9950869083404541 -0.09687058627605438 0.0 0.0 0.0 1.0
0.9916995763778687 0.10476583242416382 -0.07453908771276474 0.15008941292762756 -0.0997542217373848 0.9926818609237671 0.06805726885795593 -0.049563635140657425 0.08112367987632751 -0.06005677580833435 0.9948930144309998 -0.09752801805734634 0.0 0.0 0.0 1.0
0.9914844632148743 0.10639537125825882 -0.07509061694145203 0.14742343127727509 -0.10125294327735901 0.9924467206001282 0.06926318258047104 -0.04930385947227478 0.0818927213549614 -0.06107022240757942 0.9947683215141296 -0.09793427586555481 0.0 0.0 0.0 1.0
0.9913950562477112 0.10706757754087448 -0.07531547546386719 0.14496661722660065 -0.10192566365003586 0.9923893809318542 0.06909775733947754 -0.0490124374628067 0.08214040845632553 -0.06082658842206001 0.9947628378868103 -0.09841296076774597 0.0 0.0 0.0 1.0
0.9912808537483215 0.10692990571260452 -0.07699509710073471 0.14238061010837555 -0.10186868160963058 0.9925447106361389 0.06691639125347137 -0.048984043300151825 0.08357643336057663 -0.05848954990506172 0.994783341884613 -0.09882740676403046 0.0 0.0 0.0 1.0
0.9912103414535522 0.1069892942905426 -0.07781576365232468 0.13991934061050415 -0.10177113115787506 0.9924675226211548 0.06819695234298706 -0.04877881333231926 0.0845259577035904 -0.059678126126527786 0.9946325421333313 -0.09935660660266876 0.0 0.0 0.0 1.0
0.991276204586029 0.10624272376298904 -0.0779995247721672 0.13714799284934998 -0.10107612609863281 0.9925895929336548 0.06744994968175888 -0.04847361147403717 0.08458758145570755 -0.0589776448905468 0.9946690797805786 -0.0996331200003624 0.0 0.0 0.0 1.0
0.9909960627555847 0.10856018215417862 -0.07836789637804031 0.13484066724777222 -0.10352198779582977 0.9924529790878296 0.06572846323251724 -0.048694830387830734 0.08491194993257523 -0.05702384561300278 0.9947553873062134 -0.10004213452339172 0.0 0.0 0.0 1.0
0.990953803062439 0.10876445472240448 -0.07861870527267456 0.1324651539325714 -0.10360130667686462 0.9923582077026367 0.06702214479446411 -0.04830360412597656 0.0853075459599495 -0.05827084928750992 0.9946492314338684 -0.10010437667369843 0.0 0.0 0.0 1.0
0.9907141327857971 0.10999871790409088 -0.07991113513708115 0.1301001012325287 -0.104650117456913 0.9921608567237854 0.06830180436372757 -0.047862496227025986 0.0867978110909462 -0.0593048520386219 0.9944592118263245 -0.1002526581287384 0.0 0.0 0.0 1.0
0.9907611608505249 0.10829024761915207 -0.08164249360561371 0.12723830342292786 -0.10278274118900299 0.9923149347305298 0.06889646500349045 -0.047375790774822235 0.08847588300704956 -0.05986850708723068 0.9942775368690491 -0.10043494403362274 0.0 0.0 0.0 1.0
0.9906222224235535 0.10904715210199356 -0.08231829851865768 0.12513388693332672 -0.10346513241529465 0.9922168850898743 0.06928671151399612 -0.04707537218928337 0.08923312276601791 -0.060119885951280594 0.9941946864128113 -0.1001681536436081 0.0 0.0 0.0 1.0
0.9904022216796875 0.1105848029255867 -0.08291234076023102 0.12272251397371292 -0.10522613674402237 0.9922261834144592 0.06644290685653687 -0.04691997915506363 0.08961537480354309 -0.05708065629005432 0.9943394064903259 -0.1000228002667427 0.0 0.0 0.0 1.0
0.9901505708694458 0.11345949023962021 -0.08202941715717316 0.12054726481437683 -0.10804252326488495 0.9918371438980103 0.06771930307149887 -0.04666948691010475 0.08904322236776352 -0.05818963795900345 0.9943265318870544 -0.1002584919333458 0.0 0.0 0.0 1.0
0.9899428486824036 0.11454255133867264 -0.08302539587020874 0.11825305223464966 -0.10892145335674286 0.9916284680366516 0.06934792548418045 -0.04617845267057419 0.09027363359928131 -0.05960723012685776 0.9941316246986389 -0.09990428388118744 0.0 0.0 0.0 1.0
0.989577054977417 0.11598992347717285 -0.08534373342990875 0.11563093960285187 -0.11028631776571274 0.9915177226066589 0.06877193599939346 -0.04593219980597496 0.09259667247533798 -0.058642882853746414 0.9939752817153931 -0.09949944168329239 0.0 0.0 0.0 1.0
0.9893585443496704 0.11759604513645172 -0.08567843586206436 0.11322847008705139 -0.11163875460624695 0.9911876320838928 0.07130134850740433 -0.04560442641377449 0.09330816566944122 -0.06097756326198578 0.9937682151794434 -0.09925305843353271 0.0 0.0 0.0 1.0
0.98920738697052 0.11753828823566437 -0.08748412877321243 0.11027690023183823 -0.11171945929527283 0.9913628697395325 0.06869098544120789 -0.04548046365380287 0.09480233490467072 -0.0581759512424469 0.9937947988510132 -0.09861050546169281 0.0 0.0 0.0 1.0
0.9893351793289185 0.11640485376119614 -0.08755487203598022 0.10781695693731308 -0.11050134897232056 0.9914423823356628 0.06950883567333221 -0.04494404420256615 0.09489677101373672 -0.059092603623867035 0.993731677532196 -0.09871507436037064 0.0 0.0 0.0 1.0
0.9886969327926636 0.1195305734872818 -0.0905032828450203 0.10489390790462494 -0.11290478706359863 0.9907627105712891 0.07511132210493088 -0.04487912729382515 0.09864538162946701 -0.06404408067464828 0.9930596351623535 -0.09856820851564407 0.0 0.0 0.0 1.0
0.9884575009346008 0.12122822552919388 -0.09085952490568161 0.10203435271978378 -0.11464007943868637 0.9906066060066223 0.07453963905572891 -0.04505916312336922 0.09904235601425171 -0.06326312571763992 0.9930701851844788 -0.09820693731307983 0.0 0.0 0.0 1.0
0.9882733821868896 0.1229686364531517 -0.09052333235740662 0.09919573366641998 -0.11652012914419174 0.990473210811615 0.07338885962963104 -0.045139435678720474 0.09868546575307846 -0.061980463564395905 0.9931865930557251 -0.09801774471998215 0.0 0.0 0.0 1.0
0.9874958395957947 0.12711738049983978 -0.09323674440383911 0.0960911437869072 -0.12018182873725891 0.9897931814193726 0.0765884593129158 -0.045586951076984406 0.10202082246541977 -0.06442542374134064 0.9926938414573669 -0.09737644344568253 0.0 0.0 0.0 1.0
0.9871177077293396 0.12658359110355377 -0.09785330295562744 0.09350556880235672 -0.12006297707557678 0.990302562713623 0.06989818811416626 -0.045649103820323944 0.10575233399868011 -0.05724918097257614 0.9927431344985962 -0.09644857794046402 0.0 0.0 0.0 1.0
0.9870856404304504 0.12806670367717743 -0.09623336046934128 0.09058697521686554 -0.12087742239236832 0.9896631240844727 0.07717214524745941 -0.04549799859523773 0.10512179136276245 -0.06454307585954666 0.9923626184463501 -0.09625119715929031 0.0 0.0 0.0 1.0
0.9870546460151672 0.12859757244586945 -0.09584252536296844 0.08794993907213211 -0.12141206115484238 0.9895806312561035 0.077390655875206 -0.04538781940937042 0.1047961562871933 -0.06475236266851425 0.9923834204673767 -0.09581082314252853 0.0 0.0 0.0 1.0
0.9864126443862915 0.13014307618141174 -0.10026378929615021 0.0850028246641159 -0.12293272465467453 0.9895738959312439 0.07504010945558548 -0.04517766460776329 0.10898438096046448 -0.06169481575489044 0.9921270608901978 -0.09511776268482208 0.0 0.0 0.0 1.0
0.9864001274108887 0.12951770424842834 -0.10119243711233139 0.0822858139872551 -0.12211864441633224 0.9895859360694885 0.076201893389225 -0.04483610764145851 0.110008105635643 -0.0628080815076828 0.9919442534446716 -0.09466920047998428 0.0 0.0 0.0 1.0
0.9858418107032776 0.13144423067569733 -0.10410740971565247 0.07942914217710495 -0.12382721155881882 0.9893463850021362 0.07655396312475204 -0.04480745270848274 0.11306086927652359 -0.06257876008749008 0.9916154146194458 -0.09407036006450653 0.0 0.0 0.0 1.0
0.9859130382537842 0.13093748688697815 -0.10407146066427231 0.07687654346227646 -0.1236041858792305 0.9895637631416321 0.07406460493803024 -0.04484246298670769 0.11268317699432373 -0.060157593339681625 0.9918082356452942 -0.09358765929937363 0.0 0.0 0.0 1.0
0.9859936833381653 0.13153496384620667 -0.10254266858100891 0.07414906471967697 -0.12378663569688797 0.9891906976699829 0.07860449701547623 -0.04455078765749931 0.11177349090576172 -0.0648101270198822 0.9916180372238159 -0.09305306524038315 0.0 0.0 0.0 1.0
0.9854406118392944 0.13372457027435303 -0.10499807447195053 0.07128638029098511 -0.12569975852966309 0.9888637065887451 0.07967503368854523 -0.044485822319984436 0.1144832968711853 -0.06531678140163422 0.9912756085395813 -0.09231767803430557 0.0 0.0 0.0 1.0
0.9852956533432007 0.13392233848571777 -0.10610048472881317 0.06856334954500198 -0.1258479207754135 0.9888603687286377 0.07948216795921326 -0.04410795494914055 0.11556300520896912 -0.06496090441942215 0.9911736845970154 -0.09173256903886795 0.0 0.0 0.0 1.0
0.9853655695915222 0.1344127357006073 -0.10482349246740341 0.06586126238107681 -0.12577946484088898 0.9884055256843567 0.08505292236804962 -0.04363032802939415 0.11504032462835312 -0.07062357664108276 0.990847110748291 -0.09131953865289688 0.0 0.0 0.0 1.0
0.9857391715049744 0.13238844275474548 -0.10388249903917313 0.06349465250968933 -0.12380380928516388 0.9886454343795776 0.08516325801610947 -0.04306671768426895 0.1139775887131691 -0.07108771055936813 0.9909367561340332 -0.09128075838088989 0.0 0.0 0.0 1.0
0.9856886267662048 0.13234388828277588 -0.10441771894693375 0.06125057488679886 -0.12412320077419281 0.9888999462127686 0.08167235553264618 -0.043079204857349396 0.11406750977039337 -0.06754285097122192 0.9911743402481079 -0.0908636823296547 0.0 0.0 0.0 1.0
0.9854309558868408 0.1353497952222824 -0.10298693180084229 0.05902009457349777 -0.12701569497585297 0.9883707165718079 0.08360841125249863 -0.04328680783510208 0.1131056472659111 -0.06930936127901077 0.9911625981330872 -0.0909067690372467 0.0 0.0 0.0 1.0
0.9855663180351257 0.1347840577363968 -0.1024317815899849 0.057197485119104385 -0.12687581777572632 0.9886728525161743 0.08017837256193161 -0.0434810034930706 0.11207827925682068 -0.06602498888969421 0.9915034770965576 -0.09100867807865143 0.0 0.0 0.0 1.0
0.9857696890830994 0.13393187522888184 -0.10158919543027878 0.055598970502614975 -0.12625956535339355 0.9888822436332703 0.07855171710252762 -0.04350748658180237 0.1109803318977356 -0.06460729241371155 0.9917203783988953 -0.09121854603290558 0.0 0.0 0.0 1.0
0.9859161972999573 0.13262486457824707 -0.10188164561986923 0.053985532373189926 -0.12517696619033813 0.9891930818557739 0.07633950561285019 -0.043670039623975754 0.11090514063835144 -0.06251112371683121 0.9918630719184875 -0.0913928896188736 0.0 0.0 0.0 1.0
0.9861459136009216 0.13146987557411194 -0.10115310549736023 0.05240350216627121 -0.12387847155332565 0.9892260432243347 0.07801220566034317 -0.043682947754859924 0.11031954735517502 -0.06440071761608124 0.9918075203895569 -0.09182533621788025 0.0 0.0 0.0 1.0
0.9862992763519287 0.131504625082016 -0.09960076957941055 0.05121731013059616 -0.12404002994298935 0.9892241358757019 0.07778003066778183 -0.04360983148217201 0.1087559163570404 -0.06435991078615189 0.9919828176498413 -0.09204351902008057 0.0 0.0 0.0 1.0
0.9864680171012878 0.13178303837776184 -0.09753989428281784 0.04981749504804611 -0.12459242343902588 0.989255428314209 0.07648802548646927 -0.04365454986691475 0.10657168924808502 -0.06330025941133499 0.9922880530357361 -0.09223978221416473 0.0 0.0 0.0 1.0
0.9866828918457031 0.13068193197250366 -0.09684552252292633 0.04831833019852638 -0.12379226833581924 0.9895412921905518 0.07405038177967072 -0.04369015246629715 0.1055096909403801 -0.061075519770383835 0.9925408959388733 -0.09244284778833389 0.0 0.0 0.0 1.0
0.9870203733444214 0.12798286974430084 -0.09701089560985565 0.04683252051472664 -0.12152218818664551 0.9901290535926819 0.06983422487974167 -0.04346718266606331 0.1049908921122551 -0.0571388304233551 0.9928303360939026 -0.09249437600374222 0.0 0.0 0.0 1.0
0.9871640801429749 0.12797453999519348 -0.09554889798164368 0.04492993280291557 -0.12159459292888641 0.990117609500885 0.06987029314041138 -0.04342999681830406 0.10354626923799515 -0.05735521763563156 0.9929695725440979 -0.09258809685707092 0.0 0.0 0.0 1.0
0.9866637587547302 0.13094867765903473 -0.09668031334877014 0.041210755705833435 -0.12483534961938858 0.9899256825447083 0.06680735945701599 -0.04362332075834274 0.10445466637611389 -0.05384727939963341 0.9930708408355713 -0.09292028844356537 0.0 0.0 0.0 1.0
0.9866262674331665 0.12958398461341858 -0.09887688606977463 0.039062224328517914 -0.12348039448261261 0.9901790022850037 0.06555971503257751 -0.04285568743944168 0.10640130937099457 -0.05247357860207558 0.9929376840591431 -0.09285290539264679 0.0 0.0 0.0 1.0
0.986280620098114 0.1296812742948532 -0.10214348882436752 0.03638263791799545 -0.12361864745616913 0.9902878403663635 0.06362725794315338 -0.042400795966386795 0.10940272361040115 -0.05012749135494232 0.9927327036857605 -0.09279900789260864 0.0 0.0 0.0 1.0
0.9862543940544128 0.12980514764785767 -0.10223928838968277 0.03352084010839462 -0.12364562600851059 0.9902302622795105 0.06446579098701477 -0.04191409423947334 0.10960842669010162 -0.05093823000788689 0.9926687479019165 -0.09298130124807358 0.0 0.0 0.0 1.0
0.9859047532081604 0.13175608217716217 -0.10311251878738403 0.03087110072374344 -0.1253112256526947 0.9898732900619507 0.06669314205646515 -0.04118705913424492 0.11085555702447891 -0.05283192917704582 0.9924312829971313 -0.0929984450340271 0.0 0.0 0.0 1.0
0.9856116771697998 0.13208258152008057 -0.10546969622373581 0.027995701879262924 -0.12545500695705414 0.9898204207420349 0.0672052651643753 -0.04050523787736893 0.11327270418405533 -0.05300659313797951 0.9921489953994751 -0.09272058308124542 0.0 0.0 0.0 1.0
0.9849672317504883 0.13380378484725952 -0.10925247520208359 0.025221219286322594 -0.12716907262802124 0.9897079467773438 0.06562142074108124 -0.03995503857731819 0.11690843850374222 -0.05074141174554825 0.9918456077575684 -0.09262297302484512 0.0 0.0 0.0 1.0
0.9847145080566406 0.13550996780395508 -0.10942763090133667 0.022562574595212936 -0.1285596340894699 0.9893482327461243 0.06828274577856064 -0.039400383830070496 0.11751502752304077 -0.05317103490233421 0.9916466474533081 -0.09274114668369293 0.0 0.0 0.0 1.0
0.9844270348548889 0.13601422309875488 -0.11137102544307709 0.020326724275946617 -0.1291183978319168 0.9893642663955688 0.06698304414749146 -0.03869624808430672 0.11929716169834137 -0.051559872925281525 0.9915189146995544 -0.09295366704463959 0.0 0.0 0.0 1.0
0.9840100407600403 0.13724681735038757 -0.11352334171533585 0.017982617020606995 -0.13014285266399384 0.9891731142997742 0.06781866401433945 -0.03815537691116333 0.1216021329164505 -0.05195999518036842 0.9912179708480835 -0.09327401965856552 0.0 0.0 0.0 1.0
0.9833049774169922 0.14089126884937286 -0.11515634506940842 0.015629606321454048 -0.13321208953857422 0.9884761571884155 0.07189838588237762 -0.03778688609600067 0.12395916134119034 -0.05535782128572464 0.9907419681549072 -0.09369539469480515 0.0 0.0 0.0 1.0
0.983068585395813 0.14192453026771545 -0.1159033253788948 0.013497558422386646 -0.1341066211462021 0.9882957935333252 0.07271059602499008 -0.03700568154454231 0.12486618012189865 -0.05593609809875488 0.9905955791473389 -0.09385059773921967 0.0 0.0 0.0 1.0
0.9825869798660278 0.14549510180950165 -0.11555971205234528 0.011874298565089703 -0.1373327672481537 0.9876245856285095 0.07574561983346939 -0.036342691630125046 0.12515023350715637 -0.05855652689933777 0.9904083013534546 -0.09424488991498947 0.0 0.0 0.0 1.0
0.982247531414032 0.14454761147499084 -0.11956515163183212 0.010022250935435295 -0.13724733889102936 0.9882524609565735 0.06723262369632721 -0.035479914397001266 0.12787887454032898 -0.049629077315330505 0.9905472993850708 -0.09397004544734955 0.0 0.0 0.0 1.0
0.9821047782897949 0.14371202886104584 -0.12172532081604004 0.00797306653112173 -0.13620205223560333 0.9883471727371216 0.06796206533908844 -0.03472140058875084 0.13007384538650513 -0.05016662925481796 0.990234375 -0.09389586746692657 0.0 0.0 0.0 1.0
0.9822519421577454 0.1433241069316864 -0.12099294364452362 0.0063482411205768585 -0.135080948472023 0.9880805015563965 0.07382439076900482 -0.03393591195344925 0.1301315873861313 -0.05617030709981918 0.9899043440818787 -0.09410310536623001 0.0 0.0 0.0 1.0
0.9826552271842957 0.14131055772304535 -0.1200832650065422 0.005226186942309141 -0.13374648988246918 0.9886166453361511 0.06891293823719025 -0.033232320100069046 0.12845444679260254 -0.051656946539878845 0.9903691411018372 -0.09441287070512772 0.0 0.0 0.0 1.0
0.9824771881103516 0.1414293646812439 -0.12139320373535156 0.004000329412519932 -0.1336367428302765 0.988545298576355 0.0701381266117096 -0.03260580077767372 0.1299222707748413 -0.05268651992082596 0.9901233911514282 -0.09477995336055756 0.0 0.0 0.0 1.0
0.9823733568191528 0.14109301567077637 -0.12261883169412613 0.002774472115561366 -0.13319937884807587 0.98858642578125 0.07038997113704681 -0.031979285180568695 0.13115085661411285 -0.0528164803981781 0.9899544715881348 -0.0951470285654068 0.0 0.0 0.0 1.0
0.9823099374771118 0.14067110419273376 -0.12360774725675583 0.001708569354377687 -0.13291975855827332 0.9887287020683289 0.06890479475259781 -0.03181552514433861 0.13190744817256927 -0.051255952566862106 0.9899359941482544 -0.09553048014640808 0.0 0.0 0.0 1.0
0.9814260601997375 0.1446286141872406 -0.12603768706321716 0.0005299593904055655 -0.13647432625293732 0.9880861043930054 0.07113807648420334 -0.03190121799707413 0.1348246932029724 -0.052615854889154434 0.9894714951515198 -0.09607227146625519 0.0 0.0 0.0 1.0
0.9817981123924255 0.14306966960430145 -0.12491396814584732 -0.00028802567976526916 -0.13551004230976105 0.9885015487670898 0.0670948326587677 -0.031261295080184937 0.13307687640190125 -0.048946481198072433 0.9898963570594788 -0.09649817645549774 0.0 0.0 0.0 1.0
0.9818282127380371 0.1442163735628128 -0.1233488917350769 -0.0011298364261165261 -0.1367943435907364 0.9883511066436768 0.06670393794775009 -0.030929820612072945 0.13153181970119476 -0.0486183762550354 0.9901189804077148 -0.09698958694934845 0.0 0.0 0.0 1.0
0.9809030294418335 0.14788414537906647 -0.1263308823108673 -0.0022226946894079447 -0.13995957374572754 0.9877147674560547 0.06950454413890839 -0.03082951530814171 0.1350575089454651 -0.05049600079655647 0.9895502328872681 -0.09706441313028336 0.0 0.0 0.0 1.0
0.9813944697380066 0.14444701373577118 -0.12649081647396088 -0.0032425113022327423 -0.13670207560062408 0.988278865814209 0.06795164942741394 -0.029926355928182602 0.13482362031936646 -0.049395814538002014 0.9896376132965088 -0.09712980687618256 0.0 0.0 0.0 1.0
0.981670618057251 0.14366759359836578 -0.12522940337657928 -0.004569284617900848 -0.1354551613330841 0.9881755709648132 0.07183969020843506 -0.02916822023689747 0.13406966626644135 -0.05355994775891304 0.9895234704017639 -0.09731663018465042 0.0 0.0 0.0 1.0
0.9814956188201904 0.14380206167697906 -0.12644079327583313 -0.005757041275501251 -0.13553151488304138 0.9881687760353088 0.07178939878940582 -0.028972607105970383 0.13526830077171326 -0.053324270993471146 0.9893730282783508 -0.09734775125980377 0.0 0.0 0.0 1.0
0.9814515709877014 0.14335335791110992 -0.1272895634174347 -0.007035244721919298 -0.1350053995847702 0.9882258176803589 0.07199510186910629 -0.028595494106411934 0.1361115574836731 -0.05347493290901184 0.9892492294311523 -0.09728465229272842 0.0 0.0 0.0 1.0
0.9815276861190796 0.14235644042491913 -0.12782016396522522 -0.008295640349388123 -0.13431811332702637 0.9884987473487854 0.06948993355035782 -0.02787362039089203 0.13624241948127747 -0.051037728786468506 0.989359974861145 -0.0970195010304451 0.0 0.0 0.0 1.0
0.9811338782310486 0.14530213177204132 -0.12752878665924072 -0.00979637075215578 -0.13681089878082275 0.987900972366333 0.07303700596094131 -0.027786722406744957 0.13659824430942535 -0.05421175807714462 0.9891420602798462 -0.09703550487756729 0.0 0.0 0.0 1.0
0.9810298085212708 0.1456296741962433 -0.12795501947402954 -0.011172359809279442 -0.1374419778585434 0.9879841208457947 0.07068987935781479 -0.027522988617420197 0.13671207427978516 -0.05176249146461487 0.9892575144767761 -0.0971662700176239 0.0 0.0 0.0 1.0
0.9807057976722717 0.14543837308883667 -0.13062866032123566 -0.012640360742807388 -0.13713841140270233 0.988041341304779 0.07047982513904572 -0.0269552581012249 0.13931697607040405 -0.05120576173067093 0.9889230132102966 -0.09701574593782425 0.0 0.0 0.0 1.0
0.9806240200996399 0.14538459479808807 -0.13130049407482147 -0.013918564654886723 -0.13709288835525513 0.9880695939064026 0.07017116993665695 -0.0265781469643116 0.13993583619594574 -0.05081116780638695 0.9888560175895691 -0.0969526469707489 0.0 0.0 0.0 1.0
0.9809560179710388 0.1461072564125061 -0.1279764324426651 -0.014969545416533947 -0.13785822689533234 0.9878931045532227 0.0711498036980629 -0.026278316974639893 0.13682253658771515 -0.052152227610349655 0.9892218112945557 -0.09737162292003632 0.0 0.0 0.0 1.0
0.9811593890190125 0.1458210051059723 -0.12673792243003845 -0.015829408541321754 -0.13767364621162415 0.9879387021064758 0.0708739310503006 -0.025837916880846024 0.13554421067237854 -0.052090149372816086 0.9894010424613953 -0.09745338559150696 0.0 0.0 0.0 1.0
0.9820046424865723 0.14446967840194702 -0.12163648754358292 -0.01665184460580349 -0.13658374547958374 0.9880887269973755 0.07089150696992874 -0.025284182280302048 0.13042931258678436 -0.05300222337245941 0.9900398850440979 -0.09792980551719666 0.0 0.0 0.0 1.0
0.9812089800834656 0.1473548263311386 -0.12456098198890686 -0.01786944456398487 -0.1391206979751587 0.9876216650009155 0.07244911789894104 -0.02536071091890335 0.1336948573589325 -0.05375871807336807 0.9895634055137634 -0.09788987040519714 0.0 0.0 0.0 1.0
0.981290876865387 0.1477171778678894 -0.12348195165395737 -0.018835997208952904 -0.1398048996925354 0.9876658320426941 0.07050371915102005 -0.0252060703933239 0.13237351179122925 -0.05192127823829651 0.9898390769958496 -0.09826651960611343 0.0 0.0 0.0 1.0
0.982393741607666 0.14479054510593414 -0.11806052178144455 -0.019760672003030777 -0.13803236186504364 0.9883846640586853 0.06358291208744049 -0.024851907044649124 0.1258954107761383 -0.0461672805249691 0.9909687042236328 -0.09898731857538223 0.0 0.0 0.0 1.0
0.9818073511123657 0.14731797575950623 -0.1197989359498024 -0.02137097902595997 -0.140508770942688 0.9880427718162537 0.06347226351499557 -0.025259457528591156 0.12771707773208618 -0.04548473283648491 0.9907671213150024 -0.09953577816486359 0.0 0.0 0.0 1.0
0.981684684753418 0.1442149579524994 -0.12448791414499283 -0.022849205881357193 -0.13823890686035156 0.9888469576835632 0.055423155426979065 -0.025195294991135597 0.13109233975410461 -0.0371989905834198 0.9906719923019409 -0.0999109148979187 0.0 0.0 0.0 1.0
0.9813417196273804 0.14451049268245697 -0.12682729959487915 -0.024398263543844223 -0.13849787414073944 0.9888311624526978 0.05505705624818802 -0.025181060656905174 0.13336710631847382 -0.036464475095272064 0.9903956651687622 -0.10078853368759155 0.0 0.0 0.0 1.0
0.9812237024307251 0.14445550739765167 -0.12779918313026428 -0.026073385030031204 -0.13906033337116241 0.9890094995498657 0.0502239391207695 -0.0256748478859663 0.13364973664283752 -0.031509120017290115 0.9905275702476501 -0.10197602957487106 0.0 0.0 0.0 1.0
0.9813231825828552 0.14488725364208221 -0.12654055655002594 -0.02775007113814354 -0.14000174403190613 0.9890478253364563 0.046731844544410706 -0.026046136394143105 0.1319255232810974 -0.0281431432813406 0.9908600449562073 -0.10297646373510361 0.0 0.0 0.0 1.0
0.981502115726471 0.14421038329601288 -0.12592443823814392 -0.029130268841981888 -0.1396520882844925 0.989206850528717 0.04435255751013756 -0.02632228098809719 0.13096141815185547 -0.025946518406271935 0.9910478591918945 -0.10376942902803421 0.0 0.0 0.0 1.0
0.9811634421348572 0.14280354976654053 -0.13009797036647797 -0.030598673969507217 -0.13895399868488312 0.9895598888397217 0.03824866935610771 -0.027083665132522583 0.134201779961586 -0.019450562074780464 0.9907631278038025 -0.10392461717128754 0.0 0.0 0.0 1.0
0.9805001616477966 0.1436895877122879 -0.1340622454881668 -0.03185947239398956 -0.14005734026432037 0.9894817471504211 0.036191992461681366 -0.027690906077623367 0.13785254955291748 -0.01670985296368599 0.9903118014335632 -0.10396517813205719 0.0 0.0 0.0 1.0
0.979766309261322 0.14515189826488495 -0.13780035078525543 -0.03289930894970894 -0.14118421077728271 0.9892461895942688 0.03819602355360985 -0.02788543328642845 0.141862690448761 -0.017967941239476204 0.989723265171051 -0.10373956710100174 0.0 0.0 0.0 1.0
0.9788065552711487 0.15203770995140076 -0.1371944546699524 -0.03298819065093994 -0.14726631343364716 0.988102376461029 0.04434285685420036 -0.02782643400132656 0.1423039585351944 -0.02319895662367344 0.9895511269569397 -0.10383240878582001 0.0 0.0 0.0 1.0
0.9791929125785828 0.15025641024112701 -0.13639725744724274 -0.034072790294885635 -0.14552804827690125 0.9883726835250854 0.0440572090446949 -0.028429174795746803 0.14143119752407074 -0.023290878161787987 0.9896740913391113 -0.10350022464990616 0.0 0.0 0.0 1.0
0.979084312915802 0.1508513242006302 -0.13652022182941437 -0.034199099987745285 -0.14531050622463226 0.9881350994110107 0.049738068133592606 -0.02848351001739502 0.1424034684896469 -0.028859943151474 0.9893878698348999 -0.10319840908050537 0.0 0.0 0.0 1.0
0.9792766571044922 0.15060096979141235 -0.13541272282600403 -0.03403180465102196 -0.1447111815214157 0.988085925579071 0.052391018718481064 -0.028651390224695206 0.14168955385684967 -0.031709566712379456 0.9894031286239624 -0.10292669385671616 0.0 0.0 0.0 1.0
0.9795135259628296 0.15265078842639923 -0.1313430219888687 -0.03295230120420456 -0.14638465642929077 0.9876319766044617 0.05616620555520058 -0.029010266065597534 0.1382923722267151 -0.03578895702958107 0.9897446036338806 -0.10300339758396149 0.0 0.0 0.0 1.0
0.9803977608680725 0.15088330209255219 -0.1267062872648239 -0.03209087625145912 -0.1442202478647232 0.9877089858055115 0.060262080281972885 -0.029573164880275726 0.1342414766550064 -0.040807195007801056 0.990108072757721 -0.10310869663953781 0.0 0.0 0.0 1.0
0.9815649390220642 0.1453697383403778 -0.12408847361803055 -0.03180237486958504 -0.13948564231395721 0.988700807094574 0.05490409582853317 -0.030648328363895416 0.1306677758693695 -0.036583371460437775 0.9907510280609131 -0.10288332402706146 0.0 0.0 0.0 1.0
0.9819526672363281 0.14596378803253174 -0.12026450037956238 -0.031067010015249252 -0.1406298577785492 0.9887087941169739 0.05175100266933441 -0.03171924874186516 0.12646034359931946 -0.03390425443649292 0.9913920760154724 -0.10329850018024445 0.0 0.0 0.0 1.0
0.9818024039268494 0.14907480776309967 -0.11764692515134811 -0.030429432168602943 -0.14257778227329254 0.9878473877906799 0.061879709362983704 -0.03290354833006859 0.12544190883636475 -0.04397980868816376 0.9911257028579712 -0.10390753298997879 0.0 0.0 0.0 1.0
0.9821454286575317 0.14762865006923676 -0.11660245060920715 -0.029745768755674362 -0.14099104702472687 0.9879850149154663 0.06330210715532303 -0.033348448574543 0.12454667687416077 -0.04573197290301323 0.9911592602729797 -0.10419851541519165 0.0 0.0 0.0 1.0
0.9823394417762756 0.14626528322696686 -0.11668647080659866 -0.02938241697847843 -0.13987351953983307 0.9882732629776001 0.061247870326042175 -0.034196943044662476 0.1242765560746193 -0.04384484887123108 0.9912784695625305 -0.10476245731115341 0.0 0.0 0.0 1.0
0.9824135303497314 0.14408531785011292 -0.1187562495470047 -0.02903110161423683 -0.13809752464294434 0.9887632727622986 0.057238221168518066 -0.034972820430994034 0.12566901743412018 -0.03983166068792343 0.9912722706794739 -0.10505330562591553 0.0 0.0 0.0 1.0
0.982447624206543 0.14286863803863525 -0.11993841826915741 -0.02869470603764057 -0.13651947677135468 0.9888414740562439 0.05962381884455681 -0.03588476777076721 0.12711845338344574 -0.04220334812998772 0.9909892678260803 -0.10530862957239151 0.0 0.0 0.0 1.0
0.9818212389945984 0.1437070369720459 -0.12399722635746002 -0.028499538078904152 -0.13696716725826263 0.9886763095855713 0.06131162494421005 -0.036987122148275375 0.13140404224395752 -0.043213509023189545 0.9903866052627563 -0.10522660613059998 0.0 0.0 0.0 1.0
0.9812809228897095 0.14348499476909637 -0.12845174968242645 -0.028576113283634186 -0.13658568263053894 0.9887456297874451 0.061044201254844666 -0.03887409344315529 0.13576503098011017 -0.042356837540864944 0.9898352026939392 -0.10516763478517532 0.0 0.0 0.0 1.0
0.9815284609794617 0.1422317773103714 -0.12795311212539673 -0.028410546481609344 -0.13511539995670319 0.9888427257537842 0.06272033601999283 -0.040702275931835175 0.13544632494449615 -0.044273361563682556 0.9897950291633606 -0.10562625527381897 0.0 0.0 0.0 1.0
0.9810167551040649 0.14395670592784882 -0.12993314862251282 -0.028467748314142227 -0.13693715631961823 0.9886701107025146 0.06147823482751846 -0.042366985231637955 0.13731123507022858 -0.042518500238657 0.9896149635314941 -0.1055522933602333 0.0 0.0 0.0 1.0
0.9803556203842163 0.14695200324058533 -0.13155977427959442 -0.02878020703792572 -0.13947132229804993 0.9881280064582825 0.06442620605230331 -0.04480274021625519 0.13946546614170074 -0.04481177404522896 0.9892124533653259 -0.10572395473718643 0.0 0.0 0.0 1.0
0.9804054498672485 0.1478138566017151 -0.13021601736545563 -0.028418824076652527 -0.14049775898456573 0.9880273938179016 0.06373535096645355 -0.04685784876346588 0.13807795941829681 -0.044191423803567886 0.9894349575042725 -0.1064065471291542 0.0 0.0 0.0 1.0
0.979824423789978 0.15057498216629028 -0.13142003118991852 -0.028477348387241364 -0.14347976446151733 0.9877131581306458 0.061938073486089706 -0.04885374382138252 0.13913162052631378 -0.041832324117422104 0.989389955997467 -0.10675720870494843 0.0 0.0 0.0 1.0
0.9797002673149109 0.15173755586147308 -0.13100804388523102 -0.028525404632091522 -0.14396587014198303 0.9873160719871521 0.0669388547539711 -0.05079976096749306 0.13950347900390625 -0.046719323843717575 0.9891188144683838 -0.10719391703605652 0.0 0.0 0.0 1.0
0.9796474575996399 0.1515633463859558 -0.13160303235054016 -0.02845918759703636 -0.14379779994487762 0.9873576760292053 0.0666860044002533 -0.05261882394552231 0.14004641771316528 -0.046404555439949036 0.9890569448471069 -0.10765933990478516 0.0 0.0 0.0 1.0
0.9792599081993103 0.15288306772708893 -0.13295425474643707 -0.028606591746211052 -0.1450444608926773 0.9871658682823181 0.06682541221380234 -0.05455572158098221 0.14146438241004944 -0.0461551696062088 0.9888668060302734 -0.10810285061597824 0.0 0.0 0.0 1.0
0.9789964556694031 0.154283344745636 -0.13327640295028687 -0.028461962938308716 -0.14646534621715546 0.9869675636291504 0.06665553152561188 -0.056483667343854904 0.14182332158088684 -0.045735158026218414 0.9888349175453186 -0.10838939994573593 0.0 0.0 0.0 1.0
0.9790945053100586 0.15494230389595032 -0.1317833662033081 -0.028079885989427567 -0.14713941514492035 0.986838698387146 0.06707727909088135 -0.0579853281378746 0.14044202864170074 -0.046284470707178116 0.9890064597129822 -0.10863237082958221 0.0 0.0 0.0 1.0
0.9790325164794922 0.15519654750823975 -0.13194473087787628 -0.027974920347332954 -0.14727622270584106 0.9867645502090454 0.0678635910153389 -0.059359870851039886 0.1407305747270584 -0.04700833559036255 0.9889312982559204 -0.10906782001256943 0.0 0.0 0.0 1.0
0.9788880348205566 0.15625658631324768 -0.13176551461219788 -0.02783854864537716 -0.14826077222824097 0.9865721464157104 0.06851338595151901 -0.060584768652915955 0.14070186018943787 -0.04753127321600914 0.9889103770256042 -0.10976137965917587 0.0 0.0 0.0 1.0
0.9787140488624573 0.1582520753145218 -0.13067175447940826 -0.02771264687180519 -0.15037798881530762 0.9862778186798096 0.0681360736489296 -0.06185954809188843 0.13966132700443268 -0.0470355786383152 0.9890815615653992 -0.11036890745162964 0.0 0.0 0.0 1.0
0.978537917137146 0.1607363373041153 -0.1289472132921219 -0.027660705149173737 -0.15306928753852844 0.9859157204627991 0.06737939268350601 -0.06293925642967224 0.13796140253543854 -0.04619543254375458 0.9893597364425659 -0.11110479384660721 0.0 0.0 0.0 1.0
0.9783653020858765 0.1617402583360672 -0.12900155782699585 -0.027799881994724274 -0.15443503856658936 0.9858744144439697 0.0648186206817627 -0.06415953487157822 0.1376631110906601 -0.04349392652511597 0.989523708820343 -0.11217790096998215 0.0 0.0 0.0 1.0
0.9782553911209106 0.16221843659877777 -0.12923450767993927 -0.028039975091814995 -0.15500597655773163 0.9858314394950867 0.06410522758960724 -0.06524819880723953 0.13780249655246735 -0.04267916455864906 0.9895397424697876 -0.11307074129581451 0.0 0.0 0.0 1.0
0.9780588746070862 0.1629217267036438 -0.1298358142375946 -0.028195638209581375 -0.15609204769134521 0.9858436584472656 0.06121690198779106 -0.0664820447564125 0.13797138631343842 -0.039607394486665726 0.989643931388855 -0.11392126232385635 0.0 0.0 0.0 1.0
0.9780868887901306 0.1631034016609192 -0.12939609587192535 -0.028224995359778404 -0.1566169112920761 0.9859026670455933 0.058882229030132294 -0.06766156107187271 0.13717584311962128 -0.03732632100582123 0.9898431897163391 -0.11507359892129898 0.0 0.0 0.0 1.0
0.978081226348877 0.16305090487003326 -0.12950477004051208 -0.028358153998851776 -0.15654096007347107 0.9859065413475037 0.059018589556217194 -0.0689181536436081 0.13730263710021973 -0.037452176213264465 0.9898208379745483 -0.11628324538469315 0.0 0.0 0.0 1.0
0.9778607487678528 0.16328266263008118 -0.13087056577205658 -0.028533192351460457 -0.15729109942913055 0.9860222339630127 0.054951537400484085 -0.0703742653131485 0.13801392912864685 -0.03315017744898796 0.9898753762245178 -0.1171487495303154 0.0 0.0 0.0 1.0
0.977756142616272 0.16422273218631744 -0.13047531247138977 -0.028602860867977142 -0.15865235030651093 0.9859605431556702 0.0520697683095932 -0.07187580317258835 0.13719455897808075 -0.030211320146918297 0.9900832772254944 -0.11814399808645248 0.0 0.0 0.0 1.0
0.9779834747314453 0.16400040686130524 -0.1290435642004013 -0.02858208306133747 -0.15882833302021027 0.9860661029815674 0.049469802528619766 -0.07355884462594986 0.1353585422039032 -0.02788487635552883 0.9904041886329651 -0.11923347413539886 0.0 0.0 0.0 1.0
0.9780439138412476 0.16396231949329376 -0.12863300740718842 -0.028699645772576332 -0.15935224294662476 0.9861764907836914 0.045418255031108856 -0.07522360235452652 0.13430172204971313 -0.02392308972775936 0.9906516671180725 -0.11974802613258362 0.0 0.0 0.0 1.0
0.9780257344245911 0.16380056738853455 -0.1289767622947693 -0.028643898665905 -0.1598557084798813 0.9863117933273315 0.040437087416648865 -0.07709254324436188 0.13383492827415466 -0.018930843099951744 0.9908227920532227 -0.12012741714715958 0.0 0.0 0.0 1.0
0.9782382249832153 0.16237348318099976 -0.1291695535182953 -0.02876146137714386 -0.15867292881011963 0.9865798354148865 0.03851122409105301 -0.07875730097293854 0.1336892694234848 -0.017177442088723183 0.9908744096755981 -0.12064197659492493 0.0 0.0 0.0 1.0
0.9783017635345459 0.1630440503358841 -0.12783721089363098 -0.028678758069872856 -0.15978188812732697 0.9865159392356873 0.035440828651189804 -0.08056279271841049 0.1318918615579605 -0.014245755039155483 0.9911617636680603 -0.12132998555898666 0.0 0.0 0.0 1.0
0.9783774018287659 0.16318947076797485 -0.12707047164440155 -0.028811242431402206 -0.1606140434741974 0.9865512847900391 0.03032674267888069 -0.08236362040042877 0.1303105354309082 -0.009261696599423885 0.9914299845695496 -0.12180901318788528 0.0 0.0 0.0 1.0
0.9785508513450623 0.1635095179080963 -0.12531104683876038 -0.02891388349235058 -0.161195769906044 0.9865121245384216 0.02845618687570095 -0.08389230072498322 0.12827372550964355 -0.007646217010915279 0.9917093515396118 -0.12235909700393677 0.0 0.0 0.0 1.0
0.9784911274909973 0.16411715745925903 -0.12498258799314499 -0.029126346111297607 -0.16213396191596985 0.9864275455474854 0.025947971269488335 -0.08546175062656403 0.12754477560520172 -0.0051259384490549564 0.9918195605278015 -0.12282994389533997 0.0 0.0 0.0 1.0
0.9785330891609192 0.16448599100112915 -0.12416679412126541 -0.02945753186941147 -0.163040891289711 0.9863788485527039 0.021782051771879196 -0.08724433928728104 0.12605834007263184 -0.0010701945284381509 0.9920222759246826 -0.12332258373498917 0.0 0.0 0.0 1.0
0.9785420298576355 0.16587920486927032 -0.12222740799188614 -0.02955572120845318 -0.16458387672901154 0.986146092414856 0.0206899456679821 -0.08868683129549026 0.12396610528230667 -0.00012932089157402515 0.9922864437103271 -0.1238221526145935 0.0 0.0 0.0 1.0
0.9785516262054443 0.16667214035987854 -0.1210666298866272 -0.02965391054749489 -0.16561254858970642 0.9860110282897949 0.018833748996257782 -0.09012933075428009 0.1225120946764946 0.0016203583218157291 0.9924656748771667 -0.12432172149419785 0.0 0.0 0.0 1.0
0.9787618517875671 0.16639529168605804 -0.11974093317985535 -0.02987082488834858 -0.16575537621974945 0.9860473275184631 0.01535484567284584 -0.09178496897220612 0.12062520533800125 0.004818966146558523 0.9926864504814148 -0.12484307587146759 0.0 0.0 0.0 1.0
0.9791526794433594 0.16585186123847961 -0.117274209856987 -0.030078833922743797 -0.16550888121128082 0.986126184463501 0.012725744396448135 -0.09326822310686111 0.11775775253772736 0.006949476432055235 0.9930180311203003 -0.12526340782642365 0.0 0.0 0.0 1.0
0.9794977307319641 0.16416391730308533 -0.1167665496468544 -0.030303331092000008 -0.1642235368490219 0.9863804578781128 0.009176512248814106 -0.09476505219936371 0.11668269336223602 0.010187442414462566 0.9931169748306274 -0.1254611611366272 0.0 0.0 0.0 1.0
0.9799533486366272 0.16212068498134613 -0.11579437553882599 -0.030622724443674088 -0.16241277754306793 0.9866982698440552 0.0069715785793960094 -0.09616657346487045 0.11538434773683548 0.011974663473665714 0.9932487607002258 -0.1256152093410492 0.0 0.0 0.0 1.0
0.9797284007072449 0.1618344932794571 -0.11807580292224884 -0.031506139785051346 -0.16266882419586182 0.9866772890090942 0.0026013492606580257 -0.09790797531604767 0.11692369729280472 0.016658637672662735 0.9930011630058289 -0.12533755600452423 0.0 0.0 0.0 1.0
0.9799753427505493 0.1602787971496582 -0.11814840883016586 -0.03185537829995155 -0.16153399646282196 0.9868665933609009 -0.001062657916918397 -0.09958163648843765 0.11642639338970184 0.02012636326253414 0.9929953813552856 -0.12542054057121277 0.0 0.0 0.0 1.0
0.9805606007575989 0.15773805975914001 -0.11670304834842682 -0.03210081160068512 -0.15899550914764404 0.987278163433075 -0.0014857329661026597 -0.10117822885513306 0.11498401314020157 0.020012112334370613 0.9931657314300537 -0.12544621527194977 0.0 0.0 0.0 1.0
0.9813277721405029 0.1553574800491333 -0.11340129375457764 -0.03247411921620369 -0.1563922017812729 0.9876949787139893 -0.00023104810679797083 -0.1027066558599472 0.11196999251842499 0.017961811274290085 0.9935492277145386 -0.12498302012681961 0.0 0.0 0.0 1.0
0.9814515113830566 0.1542971283197403 -0.1137775257229805 -0.03318290039896965 -0.15555229783058167 0.9878252744674683 -0.0021835416555404663 -0.10432105511426926 0.11205539852380753 0.019841395318508148 0.9935038685798645 -0.12414556741714478 0.0 0.0 0.0 1.0
0.9813342690467834 0.15309655666351318 -0.11638078093528748 -0.034111324697732925 -0.15440702438354492 0.9880046844482422 -0.0022751863580197096 -0.10601698607206345 0.11463643610477448 0.02020272985100746 0.9932020902633667 -0.12314964830875397 0.0 0.0 0.0 1.0
0.98185795545578 0.15149402618408203 -0.11403758823871613 -0.034827686846256256 -0.15228383243083954 0.988335132598877 0.0018045796314254403 -0.10747258365154266 0.11298073828220367 0.015594239346683025 0.9934747815132141 -0.12198858708143234 0.0 0.0 0.0 1.0
0.9820390343666077 0.15121901035308838 -0.11283691972494125 -0.035449154675006866 -0.15206310153007507 0.9883701205253601 0.0011383389355614781 -0.10902348905801773 0.11169677972793579 0.016040438786149025 0.9936128854751587 -0.12087123841047287 0.0 0.0 0.0 1.0
0.9820341467857361 0.15030860900878906 -0.11408906430006027 -0.036003999412059784 -0.1512601673603058 0.9884939193725586 0.0003199586644768715 -0.11106434464454651 0.1128244400024414 0.01694292016327381 0.9934704899787903 -0.11991360783576965 0.0 0.0 0.0 1.0
0.982722818851471 0.14735698699951172 -0.11199015378952026 -0.03647598251700401 -0.14824701845645905 0.9889503121376038 0.0003841235884465277 -0.11312789469957352 0.11080930382013321 0.01622471958398819 0.9937092661857605 -0.11872658878564835 0.0 0.0 0.0 1.0
0.9831030964851379 0.1454996019601822 -0.11107740551233292 -0.0368553027510643 -0.14627456665039062 0.9892433285713196 0.0011841858504340053 -0.11462000757455826 0.1100548803806305 0.015083622187376022 0.9938110709190369 -0.11812683939933777 0.0 0.0 0.0 1.0
0.9827268123626709 0.14577409625053406 -0.11400842666625977 -0.03711654990911484 -0.14711089432239532 0.9891142845153809 -0.003355714725330472 -0.11677441000938416 0.11227819323539734 0.020069632679224014 0.9934741258621216 -0.11719931662082672 0.0 0.0 0.0 1.0
0.9836357235908508 0.1424257606267929 -0.11034347862005234 -0.0369594544172287 -0.14376527070999146 0.9896027445793152 -0.004238888621330261 -0.11886552721261978 0.10859248042106628 0.020033083856105804 0.9938845038414001 -0.11641664803028107 0.0 0.0 0.0 1.0
0.9842568039894104 0.1373913437128067 -0.11118543893098831 -0.037247005850076675 -0.13885755836963654 0.9902970194816589 -0.005515621975064278 -0.12020795047283173 0.10934881120920181 0.0208677276968956 0.9937843680381775 -0.11548648774623871 0.0 0.0 0.0 1.0
0.9844796061515808 0.1345270574092865 -0.11270502209663391 -0.037237830460071564 -0.13617952167987823 0.9906590580940247 -0.007058352697640657 -0.12190892547369003 0.11070270836353302 0.02229692041873932 0.9936034083366394 -0.11496055126190186 0.0 0.0 0.0 1.0
0.98467618227005 0.13338151574134827 -0.1123485118150711 -0.037264514714479446 -0.1345788836479187 0.9908980131149292 -0.0031076602172106504 -0.12384572625160217 0.11091141402721405 0.018179776147007942 0.993664026260376 -0.11422701925039291 0.0 0.0 0.0 1.0
0.9856294989585876 0.12865878641605377 -0.10945948958396912 -0.03637545555830002 -0.1296127587556839 0.9915633797645569 -0.001615438493900001 -0.12488941103219986 0.10832817852497101 0.015779569745063782 0.9939899444580078 -0.11391031742095947 0.0 0.0 0.0 1.0
0.9857293963432312 0.12658636271953583 -0.1109660267829895 -0.03642596676945686 -0.12784144282341003 0.9917855262756348 -0.004240396432578564 -0.12713466584682465 0.10951772332191467 0.01836594007909298 0.9938151836395264 -0.11324228346347809 0.0 0.0 0.0 1.0
0.9863185882568359 0.12340676039457321 -0.10929983109235764 -0.03662150725722313 -0.1244305744767189 0.9922249913215637 -0.0025701483245939016 -0.12878109514713287 0.10813285410404205 0.01613522693514824 0.9940055012702942 -0.1125934049487114 0.0 0.0 0.0 1.0
0.986670732498169 0.12196587771177292 -0.10772731900215149 -0.036618348211050034 -0.12335770577192307 0.9923421144485474 -0.006326742470264435 -0.13044576346874237 0.1061307042837143 0.019531406462192535 0.9941603541374207 -0.11193091422319412 0.0 0.0 0.0 1.0
0.9867959022521973 0.12204888463020325 -0.10647953301668167 -0.03682279586791992 -0.1234307736158371 0.9923321604728699 -0.006460816599428654 -0.13226456940174103 0.10487452894449234 0.019518358632922173 0.9942939281463623 -0.11138305813074112 0.0 0.0 0.0 1.0
0.9870588779449463 0.12092112749814987 -0.10532258450984955 -0.03704216331243515 -0.12238845229148865 0.9924535155296326 -0.007557864300906658 -0.1342194378376007 0.10361386090517044 0.020350325852632523 0.9944093823432922 -0.11079967767000198 0.0 0.0 0.0 1.0
0.9872106909751892 0.12016503512859344 -0.10476387292146683 -0.03747227042913437 -0.12208504229784012 0.9924460053443909 -0.012087604962289333 -0.1360834687948227 0.10251998156309128 0.02472311444580555 0.9944236874580383 -0.10995680838823318 0.0 0.0 0.0 1.0
0.987053632736206 0.1224152073264122 -0.10363242775201797 -0.03829821199178696 -0.12378702312707901 0.992284893989563 -0.006886528339236975 -0.13803350925445557 0.10198988020420074 0.019625723361968994 0.9945918321609497 -0.10932821035385132 0.0 0.0 0.0 1.0
0.9869030117988586 0.12191041558980942 -0.1056424230337143 -0.038937486708164215 -0.12386135011911392 0.9922259449958801 -0.012082857079803944 -0.1399291753768921 0.10334813594818115 0.025009620934724808 0.9943307638168335 -0.10841290652751923 0.0 0.0 0.0 1.0
0.9870762228965759 0.1227525994181633 -0.10301641374826431 -0.03950660675764084 -0.12422433495521545 0.9922221302986145 -0.00796996708959341 -0.14123067259788513 0.10123682767152786 0.020664110779762268 0.994647741317749 -0.10772573202848434 0.0 0.0 0.0 1.0
0.9867783784866333 0.12366821616888046 -0.10475995391607285 -0.0408063642680645 -0.12584830820560455 0.991944432258606 -0.01443665660917759 -0.14324842393398285 0.1021307036280632 0.027429642155766487 0.9943927526473999 -0.10614796727895737 0.0 0.0 0.0 1.0
0.9868789315223694 0.12196662276983261 -0.1058020368218422 -0.04173033684492111 -0.12464673817157745 0.9920178055763245 -0.019075069576501846 -0.14485815167427063 0.10263098031282425 0.032012663781642914 0.9942042231559753 -0.10510154068470001 0.0 0.0 0.0 1.0
0.9862704277038574 0.12369077652692795 -0.10941317677497864 -0.04270444065332413 -0.12589918076992035 0.9919514060020447 -0.01348467543721199 -0.1459643691778183 0.10686462372541428 0.02707456611096859 0.9939048886299133 -0.1041179746389389 0.0 0.0 0.0 1.0
0.9866623878479004 0.11970670521259308 -0.11030720919370651 -0.04391912370920181 -0.12212829291820526 0.992394208908081 -0.015440079383552074 -0.14725187420845032 0.10761995613574982 0.0287057776004076 0.9937775731086731 -0.10280386358499527 0.0 0.0 0.0 1.0
0.986548662185669 0.11934203654527664 -0.11171037703752518 -0.045158956199884415 -0.12189308553934097 0.9924099445343018 -0.01626741699874401 -0.14917902648448944 0.1089211031794548 0.029665321111679077 0.9936076402664185 -0.10197988897562027 0.0 0.0 0.0 1.0
0.9861423373222351 0.12104693055152893 -0.11345013231039047 -0.04617469757795334 -0.12369812279939651 0.9921810030937195 -0.01660194993019104 -0.15093845129013062 0.11055345088243484 0.030405454337596893 0.9934049844741821 -0.1012638732790947 0.0 0.0 0.0 1.0
0.9863160252571106 0.12135537713766098 -0.11159545183181763 -0.04697969928383827 -0.12391158938407898 0.9921603798866272 -0.0162370465695858 -0.15278872847557068 0.10875013470649719 0.029842829331755638 0.9936210513114929 -0.10080734640359879 0.0 0.0 0.0 1.0
0.9863927960395813 0.1208762377500534 -0.11143690347671509 -0.04827006906270981 -0.12373866885900497 0.9921307563781738 -0.019113054499030113 -0.15554146468639374 0.10824966430664062 0.03264203295111656 0.9935876727104187 -0.10035193711519241 0.0 0.0 0.0 1.0
0.9865544438362122 0.11988238245248795 -0.1110791340470314 -0.049069054424762726 -0.12300294637680054 0.9921700358390808 -0.021654753014445305 -0.1574280560016632 0.10761336237192154 0.03502665460109711 0.9935756325721741 -0.10003195703029633 0.0 0.0 0.0 1.0
0.9860450625419617 0.12304983288049698 -0.11213311553001404 -0.05018101632595062 -0.1259772777557373 0.9918438196182251 -0.01937926560640335 -0.159423366189003 0.1088339239358902 0.03323505446314812 0.9935042262077332 -0.09969685971736908 0.0 0.0 0.0 1.0
0.9860115051269531 0.12420572340488434 -0.1111498549580574 -0.051321253180503845 -0.12741917371749878 0.9915990829467773 -0.022262608632445335 -0.16181331872940063 0.1074509546160698 0.036113809794187546 0.9935542941093445 -0.09947777539491653 0.0 0.0 0.0 1.0
0.9859451651573181 0.12441182881593704 -0.11150725930929184 -0.052117351442575455 -0.12790369987487793 0.9914789795875549 -0.024700818583369255 -0.16349121928215027 0.10748402029275894 0.038615841418504715 0.9934566020965576 -0.09892022609710693 0.0 0.0 0.0 1.0
0.9862290620803833 0.12498068809509277 -0.10831491649150848 -0.053085196763277054 -0.12788566946983337 0.9915816783905029 -0.02027418464422226 -0.16508743166923523 0.10486920922994614 0.033846914768218994 0.9939098954200745 -0.0986848995089531 0.0 0.0 0.0 1.0
0.9867696762084961 0.12265057861804962 -0.10603035986423492 -0.05375499278306961 -0.12596753239631653 0.9917155504226685 -0.025147968903183937 -0.1667110025882721 0.10206754505634308 0.03817163407802582 0.994044840335846 -0.09842916578054428 0.0 0.0 0.0 1.0
0.9867623448371887 0.12288369238376617 -0.10582853853702545 -0.05431051179766655 -0.12639766931533813 0.9916083812713623 -0.027137840166687965 -0.16820763051509857 0.10160566866397858 0.040155079215765 0.9940140247344971 -0.09820215404033661 0.0 0.0 0.0 1.0
0.9862022399902344 0.1251029372215271 -0.10841779410839081 -0.05488697066903114 -0.12792319059371948 0.9915936589241028 -0.019432639703154564 -0.16980400681495667 0.10507532209157944 0.03303366154432297 0.9939154386520386 -0.09780307114124298 0.0 0.0 0.0 1.0
0.9863400459289551 0.12244686484336853 -0.11018212884664536 -0.055405955761671066 -0.12524093687534332 0.9919486045837402 -0.01877942495048046 -0.171609029173851 0.10699552297592163 0.03232221305370331 0.9937340021133423 -0.09705303609371185 0.0 0.0 0.0 1.0
0.9864827394485474 0.1219910979270935 -0.10940738767385483 -0.055873919278383255 -0.12453557550907135 0.9920744895935059 -0.01670769602060318 -0.1734958291053772 0.10650208592414856 0.030106965452432632 0.9938565492630005 -0.09715782105922699 0.0 0.0 0.0 1.0
0.9863870143890381 0.12290602922439575 -0.10924627631902695 -0.05614474415779114 -0.1254168301820755 0.9919687509536743 -0.016390400007367134 -0.17527838051319122 0.10635440796613693 0.02986859902739525 0.9938795566558838 -0.09706193208694458 0.0 0.0 0.0 1.0
0.9865548610687256 0.1221214011311531 -0.10860875248908997 -0.056329574435949326 -0.12471865862607956 0.9920390844345093 -0.017425797879695892 -0.17732860147953033 0.10561607033014297 0.030737044289708138 0.9939318299293518 -0.09711078554391861 0.0 0.0 0.0 1.0
0.9865545630455017 0.12267176806926727 -0.10798962414264679 -0.05649792030453682 -0.12517140805721283 0.9919953346252441 -0.01665538176894188 -0.17936526238918304 0.10508205741643906 0.029948657378554344 0.9940124750137329 -0.09738221764564514 0.0 0.0 0.0 1.0
0.9860258102416992 0.12416660040616989 -0.11106649041175842 -0.05708905681967735 -0.12645260989665985 0.9918773174285889 -0.013753018341958523 -0.18155139684677124 0.10845666378736496 0.027605479583144188 0.9937177896499634 -0.09755930304527283 0.0 0.0 0.0 1.0
0.986476719379425 0.12097837030887604 -0.11057981848716736 -0.05725006014108658 -0.123527891933918 0.9922043085098267 -0.0164780355989933 -0.1832931786775589 0.10772428661584854 0.029914891347289085 0.9937306642532349 -0.0975426509976387 0.0 0.0 0.0 1.0
0.9861390590667725 0.1233496218919754 -0.11097105592489243 -0.057800889015197754 -0.12522687017917633 0.9920769333839417 -0.010081976652145386 -0.18515729904174805 0.1088482141494751 0.023838790133595467 0.9937725067138672 -0.09787682443857193 0.0 0.0 0.0 1.0
0.9860087633132935 0.1225544661283493 -0.11299175769090652 -0.05824345722794533 -0.1248297169804573 0.992089569568634 -0.013259243220090866 -0.1868581473827362 0.11047296226024628 0.027178458869457245 0.993507444858551 -0.09810316562652588 0.0 0.0 0.0 1.0
0.9862757921218872 0.12012773752212524 -0.11326704919338226 -0.05872413143515587 -0.1217639297246933 0.9925298690795898 -0.007614262867718935 -0.18812809884548187 0.11150624603033066 0.02130160480737686 0.9935353994369507 -0.09866546839475632 0.0 0.0 0.0 1.0
0.9859153628349304 0.12312129139900208 -0.1131901815533638 -0.05889115110039711 -0.12462608516216278 0.9921838641166687 -0.0062886676751077175 -0.18983356654644012 0.11153119802474976 0.0203065425157547 0.9935534596443176 -0.09851226955652237 0.0 0.0 0.0 1.0
0.9861116409301758 0.1209760531783104 -0.11379192024469376 -0.059365130960941315 -0.1225271224975586 0.9924424886703491 -0.006710930727422237 -0.1916840672492981 0.11212007701396942 0.02056032419204712 0.9934819340705872 -0.09848050028085709 0.0 0.0 0.0 1.0
0.9860140681266785 0.12134118378162384 -0.11424773931503296 -0.05955152586102486 -0.12295541912317276 0.9923863410949707 -0.0071637690998613834 -0.19361180067062378 0.1125086322426796 0.021110955625772476 0.9934264421463013 -0.09834229201078415 0.0 0.0 0.0 1.0
0.985605776309967 0.12333741784095764 -0.11562486737966537 -0.059932172298431396 -0.12477617710828781 0.9921709895133972 -0.005261113867163658 -0.19543510675430298 0.11407074332237244 0.019612614065408707 0.9932790398597717 -0.09816717356443405 0.0 0.0 0.0 1.0
0.9852515459060669 0.12278703600168228 -0.11917517334222794 -0.06020520627498627 -0.1251874715089798 0.9920499920845032 -0.012840467505156994 -0.19797058403491974 0.11665108799934387 0.0275703277438879 0.9927902221679688 -0.09757824242115021 0.0 0.0 0.0 1.0
0.9854802489280701 0.12144836038351059 -0.11865463107824326 -0.06054084375500679 -0.1233195886015892 0.9923303723335266 -0.00853001233190298 -0.19983935356140137 0.11670863628387451 0.023038599640130997 0.9928989410400391 -0.09812138974666595 0.0 0.0 0.0 1.0
0.9855993986129761 0.12111923098564148 -0.1179995909333229 -0.060298431664705276 -0.12323493510484695 0.9923190474510193 -0.01077428087592125 -0.20165392756462097 0.11578826606273651 0.02516079694032669 0.992955207824707 -0.09821408241987228 0.0 0.0 0.0 1.0
0.9855847358703613 0.11957786232233047 -0.119682177901268 -0.06033312901854515 -0.12194180488586426 0.9924572706222534 -0.012600566260516644 -0.20334136486053467 0.11727269738912582 0.027013186365365982 0.9927322864532471 -0.09849924594163895 0.0 0.0 0.0 1.0
0.9854322075843811 0.12013428658246994 -0.12037908285856247 -0.06038118526339531 -0.12194270640611649 0.9925069212913513 -0.0077435621060431 -0.2052873820066452 0.11854680627584457 0.022310106083750725 0.9926977753639221 -0.09893595427274704 0.0 0.0 0.0 1.0
0.9852229356765747 0.11942306160926819 -0.12277569621801376 -0.06048695743083954 -0.12166266143321991 0.9925118684768677 -0.010881957598030567 -0.2065710723400116 0.1205567792057991 0.025658372789621353 0.9923747777938843 -0.09911191463470459 0.0 0.0 0.0 1.0
0.985427737236023 0.11702543497085571 -0.12343920767307281 -0.060637492686510086 -0.11948049068450928 0.9927559494972229 -0.01265148725360632 -0.20826296508312225 0.12106446176767349 0.027215702459216118 0.9922714829444885 -0.09918130189180374 0.0 0.0 0.0 1.0
0.9854024052619934 0.11717000603675842 -0.12350429594516754 -0.06058017909526825 -0.12010644376277924 0.9926225543022156 -0.0165790393948555 -0.21025441586971283 0.12065058201551437 0.031170684844255447 0.9922055602073669 -0.09974774718284607 0.0 0.0 0.0 1.0
0.9850561618804932 0.11901198327541351 -0.1245010495185852 -0.06047966703772545 -0.12141277641057968 0.9925313591957092 -0.011849489994347095 -0.21171514689922333 0.12216096371412277 0.02678843028843403 0.9921486973762512 -0.10023371130228043 0.0 0.0 0.0 1.0
0.9850382208824158 0.116301529109478 -0.1271757185459137 -0.0613405779004097 -0.11927129328250885 0.992733359336853 -0.015965113416314125 -0.21347928047180176 0.12439481168985367 0.03089466132223606 0.9917517304420471 -0.10031519085168839 0.0 0.0 0.0 1.0
0.9847890138626099 0.11600975692272186 -0.12935343384742737 -0.06178002059459686 -0.11946308612823486 0.9926522374153137 -0.019238697364926338 -0.21542513370513916 0.12617109715938568 0.034399017691612244 0.9914119243621826 -0.10091565549373627 0.0 0.0 0.0 1.0
0.9849076271057129 0.11679115891456604 -0.12773729860782623 -0.06239277124404907 -0.11973319202661514 0.9926839470863342 -0.015574339777231216 -0.21716679632663727 0.12498381733894348 0.030633680522441864 0.9916857481002808 -0.10165128856897354 0.0 0.0 0.0 1.0
0.984695315361023 0.11879844963550568 -0.1275230348110199 -0.06261413544416428 -0.12141755223274231 0.9925172328948975 -0.012937169522047043 -0.2189086228609085 0.12503188848495483 0.02822270430624485 0.9917512536048889 -0.10222315788269043 0.0 0.0 0.0 1.0
0.9841494560241699 0.12265589088201523 -0.12808367609977722 -0.06229085475206375 -0.1253643035888672 0.9920219779014587 -0.013271559029817581 -0.2205328345298767 0.12543398141860962 0.029118318110704422 0.991674542427063 -0.10324171185493469 0.0 0.0 0.0 1.0
0.9843952059745789 0.12128223478794098 -0.12750162184238434 -0.0630156397819519 -0.12489373236894608 0.9919543266296387 -0.02069275453686714 -0.22306817770004272 0.12396612018346786 0.03629400208592415 0.9916225075721741 -0.10340505838394165 0.0 0.0 0.0 1.0
0.9837868809700012 0.12257476150989532 -0.13091535866260529 -0.061976853758096695 -0.12706679105758667 0.9915401935577393 -0.026496782898902893 -0.22507819533348083 0.1265600025653839 0.04270217940211296 0.9910393953323364 -0.10363038629293442 0.0 0.0 0.0 1.0
0.9836020469665527 0.12200967222452164 -0.13281801342964172 -0.06203000620007515 -0.1262677013874054 0.9917036294937134 -0.02409110963344574 -0.22798582911491394 0.12877675890922546 0.04046668857336044 0.9908475875854492 -0.10381161421537399 0.0 0.0 0.0 1.0
0.9835227727890015 0.11923383176326752 -0.13589051365852356 -0.062240228056907654 -0.12395921349525452 0.9919245839118958 -0.026828523725271225 -0.23022201657295227 0.13159427046775818 0.04323134571313858 0.9903605580329895 -0.10373890399932861 0.0 0.0 0.0 1.0
0.9835477471351624 0.11513211578130722 -0.13920627534389496 -0.06211810186505318 -0.12093063443899155 0.9920815825462341 -0.033910851925611496 -0.23212721943855286 0.13419975340366364 0.05018724873661995 0.9896826148033142 -0.10366632044315338 0.0 0.0 0.0 1.0
0.9834718704223633 0.11792774498462677 -0.13739049434661865 -0.061593879014253616 -0.12242690473794937 0.9921690821647644 -0.02474079839885235 -0.23443639278411865 0.1333969682455063 0.04115217179059982 0.9902079105377197 -0.10412770509719849 0.0 0.0 0.0 1.0
0.9834847450256348 0.11691198498010635 -0.13816401362419128 -0.06155173107981682 -0.12162511795759201 0.9922316670417786 -0.026147736236453056 -0.23611022531986237 0.13403372466564178 0.04252011328935623 0.9900641441345215 -0.10404694080352783 0.0 0.0 0.0 1.0
0.9836243987083435 0.11599233746528625 -0.1379450410604477 -0.06172320246696472 -0.12042926251888275 0.9924259781837463 -0.024236783385276794 -0.23790188133716583 0.13408896327018738 0.0404525101184845 0.9901432991027832 -0.10394424945116043 0.0 0.0 0.0 1.0
0.9836846590042114 0.11511963605880737 -0.1382458359003067 -0.06182228401303291 -0.11969912797212601 0.9924889802932739 -0.02525375597178936 -0.23976612091064453 0.13430026173591614 0.04138964042067528 0.990075945854187 -0.10352614521980286 0.0 0.0 0.0 1.0
0.9836255311965942 0.11460217833518982 -0.1390940099954605 -0.06206037849187851 -0.11921931803226471 0.992545485496521 -0.02530154585838318 -0.2410678267478943 0.1351575255393982 0.041469939053058624 0.9899559020996094 -0.1032637357711792 0.0 0.0 0.0 1.0
0.9834933876991272 0.11525081843137741 -0.13949178159236908 -0.062362611293792725 -0.12016059458255768 0.9923797249794006 -0.027274565771222115 -0.24300001561641693 0.1352854073047638 0.043585773557424545 0.9898475408554077 -0.10290974378585815 0.0 0.0 0.0 1.0
0.9833759665489197 0.11694972962141037 -0.1389046460390091 -0.06297336518764496 -0.12120082974433899 0.9923725128173828 -0.022521138191223145 -0.24495473504066467 0.1352113038301468 0.03898210451006889 0.9900496602058411 -0.10249011963605881 0.0 0.0 0.0 1.0
0.983299195766449 0.11803333461284637 -0.1385309249162674 -0.06322193145751953 -0.12211453169584274 0.9922872185707092 -0.02131044864654541 -0.24630632996559143 0.13494713604450226 0.037871185690164566 0.9901288151741028 -0.10214167833328247 0.0 0.0 0.0 1.0
0.983120858669281 0.11788765341043472 -0.1399136334657669 -0.06464999169111252 -0.1224115788936615 0.9921855330467224 -0.024150285869836807 -0.24816535413265228 0.135973259806633 0.04086969792842865 0.9898691773414612 -0.10141734778881073 0.0 0.0 0.0 1.0
0.9829895496368408 0.1192857176065445 -0.13965106010437012 -0.06553340703248978 -0.12398163974285126 0.9919595718383789 -0.025392191484570503 -0.2499067485332489 0.1354992836713791 0.04227442666888237 0.9898751378059387 -0.10113969445228577 0.0 0.0 0.0 1.0
0.9829972982406616 0.12042558193206787 -0.13861438632011414 -0.06626380234956741 -0.12502144277095795 0.9918413162231445 -0.024908466264605522 -0.25107666850090027 0.13448385894298553 0.04181472584605217 0.9900331497192383 -0.10086078941822052 0.0 0.0 0.0 1.0
0.9823997020721436 0.12449480593204498 -0.13925451040267944 -0.06736529618501663 -0.12887395918369293 0.9913976788520813 -0.022849375382065773 -0.25302210450172424 0.1352119743824005 0.04039350152015686 0.9899929761886597 -0.10061172395944595 0.0 0.0 0.0 1.0
0.9825826287269592 0.12464824318885803 -0.13781921565532684 -0.06843093037605286 -0.12919750809669495 0.9913153052330017 -0.024535980075597763 -0.2547317147254944 0.13356393575668335 0.041914526373147964 0.990153431892395 -0.10057026147842407 0.0 0.0 0.0 1.0
0.9820128083229065 0.1299009770154953 -0.13702787458896637 -0.06898488104343414 -0.13418693840503693 0.9907010197639465 -0.02247900329530239 -0.2563508152961731 0.13283361494541168 0.04046202078461647 0.9903120994567871 -0.10053031146526337 0.0 0.0 0.0 1.0
0.9821271896362305 0.13045910000801086 -0.13567113876342773 -0.06997498869895935 -0.13504095375537872 0.9905221462249756 -0.025095658376812935 -0.25837796926498413 0.13111130893230438 0.04296828806400299 0.9904360175132751 -0.10054754465818405 0.0 0.0 0.0 1.0
0.9819463491439819 0.12969990074634552 -0.13769276440143585 -0.0716015100479126 -0.13500067591667175 0.9903960227966309 -0.029842853546142578 -0.2606724500656128 0.13249973952770233 0.047892697155475616 0.9900252819061279 -0.10044851154088974 0.0 0.0 0.0 1.0
0.9817519187927246 0.13225555419921875 -0.13664422929286957 -0.07236307114362717 -0.1370505690574646 0.9902159571647644 -0.026258600875735283 -0.26244571805000305 0.1318344622850418 0.04450660198926926 0.9902721047401428 -0.10052318871021271 0.0 0.0 0.0 1.0
0.9807497262954712 0.13456754386425018 -0.14149737358093262 -0.07310301810503006 -0.13994774222373962 0.9897417426109314 -0.0287396851927042 -0.2646634578704834 0.1361784189939499 0.04798867553472519 0.9895213842391968 -0.10003931820392609 0.0 0.0 0.0 1.0
0.9813369512557983 0.13300158083438873 -0.13888241350650787 -0.07392270117998123 -0.13850277662277222 0.9898865818977356 -0.030683550983667374 -0.26710349321365356 0.13339689373970032 0.049346502870321274 0.989833414554596 -0.10015895962715149 0.0 0.0 0.0 1.0
0.981096625328064 0.13269150257110596 -0.14086298644542694 -0.07451697438955307 -0.13855478167533875 0.9898173213005066 -0.032622329890728 -0.2690446376800537 0.13509991765022278 0.05152289941906929 0.9894914627075195 -0.09996192157268524 0.0 0.0 0.0 1.0
0.9805931448936462 0.13361363112926483 -0.14347302913665771 -0.07505220174789429 -0.13991305232048035 0.989555299282074 -0.034708354622125626 -0.27131691575050354 0.13733698427677155 0.054108522832393646 0.9890453815460205 -0.09960100054740906 0.0 0.0 0.0 1.0
0.9800132513046265 0.13344226777553558 -0.1475370079278946 -0.07539474219083786 -0.1408940851688385 0.9891662001609802 -0.04122012481093407 -0.2735711336135864 0.14043812453746796 0.06118335947394371 0.9881972074508667 -0.09908992052078247 0.0 0.0 0.0 1.0
0.9804069399833679 0.1337200105190277 -0.1446414291858673 -0.07553926110267639 -0.14003776013851166 0.989549458026886 -0.03437076881527901 -0.2752993404865265 0.1385337859392166 0.05395260080695152 0.9888870120048523 -0.09929585456848145 0.0 0.0 0.0 1.0
0.9804671406745911 0.13350006937980652 -0.14443662762641907 -0.07564279437065125 -0.13988038897514343 0.9895526766777039 -0.0349133275449276 -0.2772497534751892 0.13826672732830048 0.05443521961569786 0.9888979196548462 -0.09892825782299042 0.0 0.0 0.0 1.0
0.9805165529251099 0.13066525757312775 -0.14667613804340363 -0.07627003639936447 -0.13767898082733154 0.9897211194038391 -0.03868638724088669 -0.27921804785728455 0.14011350274085999 0.05812686309218407 0.9884277582168579 -0.09828604757785797 0.0 0.0 0.0 1.0
0.9803217053413391 0.1301381140947342 -0.1484365165233612 -0.07642971724271774 -0.1370539516210556 0.9898606538772583 -0.03731144964694977 -0.28062862157821655 0.1420758217573166 0.056921035051345825 0.988217830657959 -0.09784476459026337 0.0 0.0 0.0 1.0
0.9800471663475037 0.13041521608829498 -0.14999811351299286 -0.07648848742246628 -0.13707154989242554 0.989946722984314 -0.03488357737660408 -0.282170832157135 0.1439407914876938 0.05474802479147911 0.9880707263946533 -0.09758374094963074 0.0 0.0 0.0 1.0
0.9798263907432556 0.1310989260673523 -0.1508418470621109 -0.07648063451051712 -0.1381460577249527 0.9897136092185974 -0.03718312457203865 -0.2842029929161072 0.14441557228565216 0.057271216064691544 0.9878583550453186 -0.09748243540525436 0.0 0.0 0.0 1.0
0.9798628687858582 0.13193140923976898 -0.14987629652023315 -0.07659687101840973 -0.13867424428462982 0.989704430103302 -0.03542010858654976 -0.2855365574359894 0.14366021752357483 0.05549083277583122 0.9880700707435608 -0.09757236391305923 0.0 0.0 0.0 1.0
0.9795079231262207 0.13206829130649567 -0.15205994248390198 -0.07714076340198517 -0.1394234299659729 0.9894754886627197 -0.03872167319059372 -0.2884349226951599 0.14534568786621094 0.05912890285253525 0.9876124858856201 -0.09792415052652359 0.0 0.0 0.0 1.0
0.9793883562088013 0.13191010057926178 -0.15296447277069092 -0.07736237347126007 -0.13959403336048126 0.9893767833709717 -0.04058443754911423 -0.28972306847572327 0.14598600566387177 0.061100855469703674 0.9873979687690735 -0.09788433462381363 0.0 0.0 0.0 1.0
0.9799078106880188 0.13031664490699768 -0.1509907841682434 -0.07742402702569962 -0.13855159282684326 0.9893175959587097 -0.045322295278310776 -0.29147395491600037 0.1434715837240219 0.06533168256282806 0.9874956607818604 -0.09786088019609451 0.0 0.0 0.0 1.0
0.9797700047492981 0.12989573180675507 -0.15224261581897736 -0.07767234742641449 -0.1386275738477707 0.9891722798347473 -0.04817239195108414 -0.293279230594635 0.1443367898464203 0.06830289214849472 0.9871684908866882 -0.09812413156032562 0.0 0.0 0.0 1.0
0.979210615158081 0.13103598356246948 -0.15484216809272766 -0.07784606516361237 -0.13999485969543457 0.9889687299728394 -0.04839743301272392 -0.29440414905548096 0.14679226279258728 0.06906838715076447 0.9867530465126038 -0.0985649973154068 0.0 0.0 0.0 1.0
0.9793810248374939 0.1306288242340088 -0.15410678088665009 -0.07807055860757828 -0.13968704640865326 0.988960325717926 -0.04944702982902527 -0.29590100049972534 0.14594627916812897 0.06995420157909393 0.9868161678314209 -0.09876275062561035 0.0 0.0 0.0 1.0
0.9788925051689148 0.13258658349514008 -0.1555323302745819 -0.07817163318395615 -0.14151158928871155 0.9887847900390625 -0.04773952439427376 -0.2975521683692932 0.14745838940143585 0.06874149292707443 0.9866765737533569 -0.0994998887181282 0.0 0.0 0.0 1.0
0.9788931608200073 0.13266006112098694 -0.15546540915966034 -0.07818852365016937 -0.14148777723312378 0.9888181686401367 -0.04711490496993065 -0.29889485239982605 0.14747676253318787 0.0681169182062149 0.9867171049118042 -0.09958301484584808 0.0 0.0 0.0 1.0
0.9791355729103088 0.1312963217496872 -0.15509606897830963 -0.07857675105333328 -0.1404860019683838 0.9888289570808411 -0.04980936273932457 -0.3005593717098236 0.1468237042427063 0.07055894285440445 0.9866428971290588 -0.0990842878818512 0.0 0.0 0.0 1.0
0.9788137078285217 0.1316491812467575 -0.1568191945552826 -0.07873619347810745 -0.1410980075597763 0.9886976480484009 -0.050678931176662445 -0.3024236261844635 0.14837491512298584 0.07173210382461548 0.9863262176513672 -0.09925469756126404 0.0 0.0 0.0 1.0
0.9795743823051453 0.1311761736869812 -0.15240350365638733 -0.07859247922897339 -0.13967977464199066 0.9891065359115601 -0.04645249992609024 -0.3033536672592163 0.14464983344078064 0.0667913630604744 0.9872260689735413 -0.09966017305850983 0.0 0.0 0.0 1.0
0.9796502590179443 0.13177916407585144 -0.1513921320438385 -0.07864679396152496 -0.14030767977237701 0.988988995552063 -0.04705870896577835 -0.30480968952178955 0.14352379739284515 0.06734255701303482 0.9873529672622681 -0.09934863448143005 0.0 0.0 0.0 1.0
0.9790482521057129 0.13300040364265442 -0.15419289469718933 -0.0790664330124855 -0.14215810596942902 0.9885842800140381 -0.04992138594388962 -0.30662381649017334 0.1457931101322174 0.0707952156662941 0.9867787957191467 -0.09859180450439453 0.0 0.0 0.0 1.0
0.9786496758460999 0.13315258920192719 -0.1565731316804886 -0.07938607037067413 -0.14244036376476288 0.9885585308074951 -0.04962595924735069 -0.3075716495513916 0.14817388355731964 0.07086876034736633 0.9864188432693481 -0.09813415259122849 0.0 0.0 0.0 1.0
0.9783480167388916 0.13396044075489044 -0.15776494145393372 -0.0796317458152771 -0.14307749271392822 0.988552987575531 -0.047872357070446014 -0.3087145686149597 0.14954601228237152 0.06940843909978867 0.9863156080245972 -0.09754813462495804 0.0 0.0 0.0 1.0
0.9781079292297363 0.13379670679569244 -0.15938429534435272 -0.08026592433452606 -0.1429315060377121 0.9886041879653931 -0.04724719747900963 -0.3096486032009125 0.15124647319316864 0.06899389624595642 0.9860853552818298 -0.09688830375671387 0.0 0.0 0.0 1.0
0.9777998328208923 0.13588567078113556 -0.1595073789358139 -0.08048620820045471 -0.1448901742696762 0.988368809223175 -0.0461948923766613 -0.31060555577278137 0.15137489140033722 0.0682804137468338 0.9861153364181519 -0.09642384946346283 0.0 0.0 0.0 1.0
0.9769952297210693 0.13588611781597137 -0.16436317563056946 -0.08130060136318207 -0.14594294130802155 0.9879937171936035 -0.05068609490990639 -0.3117208480834961 0.15550224483013153 0.07350771874189377 0.9850967526435852 -0.09484495967626572 0.0 0.0 0.0 1.0
0.9774398803710938 0.13703833520412445 -0.16072265803813934 -0.08155585825443268 -0.14626698195934296 0.9881274700164795 -0.04701165482401848 -0.31249189376831055 0.1523720771074295 0.06945948302745819 0.9858793616294861 -0.0950905904173851 0.0 0.0 0.0 1.0
0.9772908091545105 0.13690055906772614 -0.16174344718456268 -0.08206084370613098 -0.14615154266357422 0.9881594181060791 -0.046697307378053665 -0.3131629228591919 0.15343543887138367 0.06927590817213058 0.9857273697853088 -0.0944950059056282 0.0 0.0 0.0 1.0
0.9771363139152527 0.13735215365886688 -0.16229280829429626 -0.08267251402139664 -0.14672447741031647 0.9880510568618774 -0.04719170928001404 -0.31411969661712646 0.15387170016765594 0.06992506235837936 0.9856135249137878 -0.09419431537389755 0.0 0.0 0.0 1.0
0.9774391651153564 0.13732311129570007 -0.16048376262187958 -0.08325722813606262 -0.14660751819610596 0.988055408000946 -0.04746338352560997 -0.31501302123069763 0.1520490199327469 0.06992069631814957 0.985896646976471 -0.09420224279165268 0.0 0.0 0.0 1.0
0.9777793288230896 0.13807673752307892 -0.1577417403459549 -0.08371119201183319 -0.14659467339515686 0.9882331490516663 -0.04364873841404915 -0.3157658278942108 0.1498587429523468 0.0658029317855835 0.98651522397995 -0.09446147084236145 0.0 0.0 0.0 1.0
0.977385401725769 0.13703329861164093 -0.16105787456035614 -0.08459930121898651 -0.14615173637866974 0.9881852865219116 -0.04614659771323204 -0.31713974475860596 0.15283140540122986 0.06864189356565475 0.9858655333518982 -0.09362263977527618 0.0 0.0 0.0 1.0
0.9772933125495911 0.13660013675689697 -0.16198192536830902 -0.08534593880176544 -0.1463565081357956 0.9879747629165649 -0.049855880439281464 -0.318776935338974 0.15322373807430267 0.07243093103170395 0.9855334758758545 -0.09373284131288528 0.0 0.0 0.0 1.0
0.9770588278770447 0.13798218965530396 -0.16222502291202545 -0.08572882413864136 -0.14807379245758057 0.9876189231872559 -0.05179838463664055 -0.3199335038661957 0.15306924283504486 0.07463134080171585 0.9853932857513428 -0.09410127997398376 0.0 0.0 0.0 1.0
0.9772021174430847 0.13944675028324127 -0.1600957214832306 -0.08600634336471558 -0.14948824048042297 0.9873722791671753 -0.052433449774980545 -0.3211354911327362 0.1507623940706253 0.07517050206661224 0.9857079386711121 -0.09459947049617767 0.0 0.0 0.0 1.0
0.9765962958335876 0.13874255120754242 -0.16434790194034576 -0.08679486066102982 -0.15062807500362396 0.9866348505020142 -0.062152184545993805 -0.32297220826148987 0.15352821350097656 0.08545300364494324 0.984442412853241 -0.09436552226543427 0.0 0.0 0.0 1.0
0.9772994518280029 0.13934729993343353 -0.15958715975284576 -0.086663618683815 -0.1501990258693695 0.9869514107704163 -0.05802726745605469 -0.32373905181884766 0.14941883087158203 0.08067984879016876 0.9854769110679626 -0.0958402156829834 0.0 0.0 0.0 1.0
0.976457953453064 0.13853445649147034 -0.1653423011302948 -0.08742541819810867 -0.15073798596858978 0.9865233898162842 -0.06363659352064133 -0.32505863904953003 0.15429818630218506 0.0870618224143982 0.9841810464859009 -0.09530320018529892 0.0 0.0 0.0 1.0
0.9771167039871216 0.13936296105384827 -0.16068898141384125 -0.0874173492193222 -0.15064334869384766 0.9867511987686157 -0.0602378286421299 -0.32612481713294983 0.1501651257276535 0.08306611329317093 0.9851651787757874 -0.0968501940369606 0.0 0.0 0.0 1.0
0.9773029088973999 0.13952967524528503 -0.15940681099891663 -0.08762668818235397 -0.1506672203540802 0.9867618680000305 -0.06000335142016411 -0.3279392719268799 0.148924320936203 0.08265883475542068 0.9853878021240234 -0.09769516438245773 0.0 0.0 0.0 1.0
0.9773423671722412 0.13866546750068665 -0.15991812944412231 -0.08797816187143326 -0.15001775324344635 0.9867879748344421 -0.06118941679596901 -0.32894617319107056 0.14932042360305786 0.08379357308149338 0.9852319955825806 -0.09832171350717545 0.0 0.0 0.0 1.0
0.9771809577941895 0.1372527778148651 -0.16210804879665375 -0.08834167569875717 -0.1488434374332428 0.9869399070739746 -0.06160534545779228 -0.3298805058002472 0.15153540670871735 0.084328293800354 0.9848480820655823 -0.09867516905069351 0.0 0.0 0.0 1.0
0.9773104190826416 0.13531382381916046 -0.16295550763607025 -0.08879852294921875 -0.14674901962280273 0.9873368144035339 -0.06025584787130356 -0.330841988325119 0.1527385264635086 0.08280222862958908 0.9847916960716248 -0.09917197376489639 0.0 0.0 0.0 1.0
0.9772937893867493 0.13449817895889282 -0.16372886300086975 -0.089387446641922 -0.14650562405586243 0.9871655702590942 -0.06356269866228104 -0.3322752118110657 0.15307843685150146 0.08610662817955017 0.9844555258750916 -0.09984210133552551 0.0 0.0 0.0 1.0
0.9772245287895203 0.13455356657505035 -0.16409605741500854 -0.08984429389238358 -0.1467263400554657 0.9870777726173401 -0.0644119381904602 -0.3332366943359375 0.15330870449543 0.08702214062213898 0.98433917760849 -0.1003389060497284 0.0 0.0 0.0 1.0
0.9772201776504517 0.13538675010204315 -0.16343539953231812 -0.0906185656785965 -0.1472187042236328 0.9871247410774231 -0.06254136562347412 -0.33439311385154724 0.15286384522914886 0.08517743647098541 0.9845696687698364 -0.10087110847234726 0.0 0.0 0.0 1.0
0.9771580696105957 0.13530267775058746 -0.16387590765953064 -0.09132777899503708 -0.1475783884525299 0.986902117729187 -0.06515242904424667 -0.3359169661998749 0.15291418135166168 0.08784876018762589 0.9843270778656006 -0.10137596726417542 0.0 0.0 0.0 1.0
0.9770915508270264 0.13584229350090027 -0.16382592916488647 -0.09201473742723465 -0.14806725084781647 0.9868507981300354 -0.06481990218162537 -0.33700984716415405 0.15286646783351898 0.0875922366976738 0.9843573570251465 -0.10162827372550964 0.0 0.0 0.0 1.0
0.9770006537437439 0.13565930724143982 -0.1645183265209198 -0.0927121564745903 -0.14764516055583954 0.9870381355285645 -0.06290190666913986 -0.3381526470184326 0.153852641582489 0.08574553579092026 0.9843663573265076 -0.10179453343153 0.0 0.0 0.0 1.0
0.9769601821899414 0.13431762158870697 -0.16585415601730347 -0.09364859759807587 -0.14642135798931122 0.9872146248817444 -0.062992163002491 -0.33959922194480896 0.1552726924419403 0.08582542091608047 0.9841363430023193 -0.10181731730699539 0.0 0.0 0.0 1.0
0.9766432046890259 0.13344892859458923 -0.16840267181396484 -0.0945006012916565 -0.14598065614700317 0.9871945977210999 -0.06431585550308228 -0.34119096398353577 0.15766331553459167 0.08739718049764633 0.9836178421974182 -0.10179777443408966 0.0 0.0 0.0 1.0
0.9763144850730896 0.13170136511325836 -0.1716529130935669 -0.09551100432872772 -0.1445176750421524 0.9874052405357361 -0.06438621878623962 -0.34244248270988464 0.1610112339258194 0.08766807615756989 0.9830512404441833 -0.10194892436265945 0.0 0.0 0.0 1.0
0.976578414440155 0.128273606300354 -0.17274394631385803 -0.09656014293432236 -0.1419798731803894 0.9874318242073059 -0.06942668557167053 -0.344138503074646 0.16166727244853973 0.09232676774263382 0.982516884803772 -0.10213004797697067 0.0 0.0 0.0 1.0
0.9765714406967163 0.12850069999694824 -0.1726144403219223 -0.09715665131807327 -0.1422494500875473 0.9873706698417664 -0.06974460929632187 -0.34541288018226624 0.16147220134735107 0.09266490489244461 0.9825171232223511 -0.102476567029953 0.0 0.0 0.0 1.0
0.9767438769340515 0.12906110286712646 -0.17121517658233643 -0.09770146012306213 -0.1431894153356552 0.9870097041130066 -0.07286043465137482 -0.3473133146762848 0.15958759188652039 0.09568218141794205 0.9825358390808105 -0.10294728726148605 0.0 0.0 0.0 1.0
0.9763711094856262 0.1309432089328766 -0.17191089689731598 -0.09829039126634598 -0.14456287026405334 0.987072765827179 -0.06920170783996582 -0.34874653816223145 0.160627081990242 0.09241848438978195 0.9826788902282715 -0.10361741483211517 0.0 0.0 0.0 1.0
0.9766581654548645 0.12956619262695312 -0.17132246494293213 -0.09883009642362595 -0.14395149052143097 0.9867880940437317 -0.07434531301259995 -0.34968534111976624 0.15942633152008057 0.09727208316326141 0.9824059009552002 -0.10434360802173615 0.0 0.0 0.0 1.0
0.9759619832038879 0.13244366645812988 -0.1730806529521942 -0.09938761591911316 -0.14679034054279327 0.9864814877510071 -0.07284790277481079 -0.3509688973426819 0.1610926240682602 0.0965033546090126 0.9822099208831787 -0.1052718460559845 0.0 0.0 0.0 1.0
0.975965678691864 0.13324055075645447 -0.17244680225849152 -0.09992576390504837 -0.14783893525600433 0.9861845374107361 -0.0747242122888565 -0.3520302176475525 0.1601080745458603 0.09842261672019958 0.9821804165840149 -0.10618510097265244 0.0 0.0 0.0 1.0
0.975999116897583 0.13400790095329285 -0.1716611534357071 -0.10017789155244827 -0.14872844517230988 0.9859594702720642 -0.0759197473526001 -0.3530462384223938 0.15907709300518036 0.0996285080909729 0.9822263717651367 -0.10680484771728516 0.0 0.0 0.0 1.0
0.9759756922721863 0.13577428460121155 -0.17040178179740906 -0.10041509568691254 -0.15047681331634521 0.9856491684913635 -0.07650098949670792 -0.3539262115955353 0.1575695127248764 0.10030462592840195 0.9824005365371704 -0.10746011883020401 0.0 0.0 0.0 1.0
0.9762086868286133 0.13576506078243256 -0.16906939446926117 -0.10065386444330215 -0.15048792958259583 0.9855700135231018 -0.07749269157648087 -0.35468369722366333 0.15610893070697784 0.10109193623065948 0.9825530052185059 -0.1079283356666565 0.0 0.0 0.0 1.0
0.9763337969779968 0.13599608838558197 -0.16815879940986633 -0.10071932524442673 -0.1507234275341034 0.9854856133460999 -0.07810579985380173 -0.3556453585624695 0.15509599447250366 0.10160280764102936 0.982660710811615 -0.10826137661933899 0.0 0.0 0.0 1.0
0.9764441847801208 0.1369396448135376 -0.16674618422985077 -0.10080861300230026 -0.15193422138690948 0.9850901365280151 -0.0807059183716774 -0.3569154739379883 0.1532081812620163 0.10413927584886551 0.9826913475990295 -0.10865992307662964 0.0 0.0 0.0 1.0
0.9768086671829224 0.13670866191387177 -0.16478948295116425 -0.10086805373430252 -0.15153926610946655 0.9851259589195251 -0.08101017028093338 -0.35791343450546265 0.15126360952854156 0.10410351306200027 0.9829963445663452 -0.10912951827049255 0.0 0.0 0.0 1.0
0.9766752123832703 0.13654592633247375 -0.1657128781080246 -0.10073794424533844 -0.15216299891471863 0.9846528768539429 -0.0854700431227684 -0.3586483597755432 0.15149907767772675 0.10869184136390686 0.9824633002281189 -0.10907483845949173 0.0 0.0 0.0 1.0
0.976858377456665 0.13780274987220764 -0.16357921063899994 -0.10086087882518768 -0.15258881449699402 0.9849231243133545 -0.08150511980056763 -0.3594013750553131 0.14988131821155548 0.10457930713891983 0.9831575751304626 -0.10975883156061172 0.0 0.0 0.0 1.0
0.9770085215568542 0.13906949758529663 -0.1615982949733734 -0.10066794604063034 -0.15370123088359833 0.9847238063812256 -0.08182243257761002 -0.35983699560165405 0.14775069057941437 0.10477906465530396 0.9834587574005127 -0.11022037267684937 0.0 0.0 0.0 1.0
0.9772326946258545 0.13824142515659332 -0.16095197200775146 -0.10054164379835129 -0.15258687734603882 0.9850128293037415 -0.08041715621948242 -0.3597826361656189 0.14742279052734375 0.10314543545246124 0.9836806058883667 -0.11052218824625015 0.0 0.0 0.0 1.0
0.9772306084632874 0.13860639929771423 -0.16065073013305664 -0.10061535984277725 -0.1528971791267395 0.9849787950515747 -0.08024513721466064 -0.3600412607192993 0.1471150666475296 0.10298104584217072 0.9837439060211182 -0.111262246966362 0.0 0.0 0.0 1.0
0.9769768118858337 0.1402469426393509 -0.160770446062088 -0.10069797933101654 -0.15486538410186768 0.9845043420791626 -0.0822673812508583 -0.36047226190567017 0.14674144983291626 0.1052711009979248 0.9835572838783264 -0.11210332810878754 0.0 0.0 0.0 1.0
0.9771013259887695 0.14054134488105774 -0.15975326299667358 -0.10068883746862411 -0.15516287088394165 0.9843948483467102 -0.08301347494125366 -0.3607535660266876 0.14559347927570343 0.1059003546833992 0.9836603403091431 -0.11261399835348129 0.0 0.0 0.0 1.0
0.9771428108215332 0.14164867997169495 -0.15851666033267975 -0.10090377926826477 -0.15619570016860962 0.9842018485069275 -0.08336421847343445 -0.361202597618103 0.14420396089553833 0.1062183678150177 0.9838306903839111 -0.11301670968532562 0.0 0.0 0.0 1.0
0.9769351482391357 0.14200232923030853 -0.1594773828983307 -0.10113966464996338 -0.15669330954551697 0.9841015934944153 -0.08361363410949707 -0.36175137758255005 0.14506861567497253 0.10667413473129272 0.983654260635376 -0.113247349858284 0.0 0.0 0.0 1.0
0.9770097136497498 0.14286154508590698 -0.15824872255325317 -0.10135015845298767 -0.15721964836120605 0.9841357469558716 -0.0822121724486351 -0.36211422085762024 0.14399325847625732 0.10520190000534058 0.9839707612991333 -0.11359954625368118 0.0 0.0 0.0 1.0
0.9769630432128906 0.1417919099330902 -0.15949369966983795 -0.10149270296096802 -0.1571175456047058 0.9836582541465759 -0.0879235565662384 -0.3626357913017273 0.14442044496536255 0.1109573245048523 0.9832757711410522 -0.11368683725595474 0.0 0.0 0.0 1.0
0.9765436053276062 0.14244933426380157 -0.1614643633365631 -0.10190478712320328 -0.15813516080379486 0.9834159016609192 -0.08880562335252762 -0.36318907141685486 0.1461363136768341 0.11225575953722 0.9828747510910034 -0.11429021507501602 0.0 0.0 0.0 1.0
0.9766051173210144 0.14245902001857758 -0.16108350455760956 -0.10219080746173859 -0.15780679881572723 0.9836456775665283 -0.08682283759117126 -0.36323434114456177 0.1460803896188736 0.11021170020103455 0.9831143617630005 -0.11458372324705124 0.0 0.0 0.0 1.0
0.9769687652587891 0.14229431748390198 -0.15901073813438416 -0.10243049263954163 -0.1559160202741623 0.9847883582115173 -0.0766947790980339 -0.36299389600753784 0.14567869901657104 0.09972072392702103 0.9842934012413025 -0.11517085880041122 0.0 0.0 0.0 1.0
0.9769067168235779 0.141996368765831 -0.1596568077802658 -0.10279335826635361 -0.15581104159355164 0.9847368001937866 -0.07756518572568893 -0.3630527853965759 0.14620596170425415 0.10065025091171265 0.9841206073760986 -0.11583030223846436 0.0 0.0 0.0 1.0
0.9768834710121155 0.14128349721431732 -0.16042949259281158 -0.10295018553733826 -0.15482181310653687 0.9850744009017944 -0.07522381842136383 -0.36283501982688904 0.14740709960460663 0.09832289069890976 0.9841766953468323 -0.11618804931640625 0.0 0.0 0.0 1.0
0.9766947031021118 0.14193715155124664 -0.16100098192691803 -0.10302258282899857 -0.15486294031143188 0.9854001998901367 -0.07073817402124405 -0.362762451171875 0.14861002564430237 0.09402268379926682 0.9844159483909607 -0.11650347709655762 0.0 0.0 0.0 1.0
0.9767798781394958 0.1431167721748352 -0.15943244099617004 -0.10322103649377823 -0.15643718838691711 0.984886884689331 -0.07433155924081802 -0.3631978929042816 0.1463848352432251 0.09754673391580582 0.9844064712524414 -0.11712877452373505 0.0 0.0 0.0 1.0
0.9765428304672241 0.14372217655181885 -0.16033728420734406 -0.1032671257853508 -0.15805087983608246 0.9841480255126953 -0.08045259863138199 -0.36393728852272034 0.14623279869556427 0.10390685498714447 0.9837781190872192 -0.11744683235883713 0.0 0.0 0.0 1.0
0.9768162369728088 0.1429654359817505 -0.1593453586101532 -0.10309424251317978 -0.1569349765777588 0.9844622015953064 -0.0787758007645607 -0.3640509247779846 0.14560726284980774 0.1019563376903534 0.9840748906135559 -0.11865397542715073 0.0 0.0 0.0 1.0
0.9765366911888123 0.14316324889659882 -0.16087371110916138 -0.10300981998443604 -0.15823672711849213 0.9837271571159363 -0.08510033041238785 -0.36419612169265747 0.1460725963115692 0.10855972766876221 0.9832993149757385 -0.1186116486787796 0.0 0.0 0.0 1.0
0.9770244359970093 0.1425437331199646 -0.15844418108463287 -0.1028507798910141 -0.15594007074832916 0.9848734140396118 -0.07554541528224945 -0.3636609613895416 0.1452789306640625 0.0985175147652626 0.9844736456871033 -0.11874694377183914 0.0 0.0 0.0 1.0
0.9768795371055603 0.14234702289104462 -0.15951082110404968 -0.10284633189439774 -0.1558590978384018 0.9848812222480774 -0.07561032474040985 -0.3635747730731964 0.14633630216121674 0.0987233966588974 0.9842963814735413 -0.1186964362859726 0.0 0.0 0.0 1.0
0.9769482612609863 0.1423673927783966 -0.15907101333141327 -0.10262379795312881 -0.15561716258525848 0.985031247138977 -0.07414039969444275 -0.36328455805778503 0.14613473415374756 0.09718551486730576 0.9844793677330017 -0.11861733347177505 0.0 0.0 0.0 1.0
0.976953387260437 0.14286553859710693 -0.15859217941761017 -0.10240127146244049 -0.1559736728668213 0.9850245118141174 -0.07347748428583145 -0.36299434304237366 0.14571978151798248 0.09652028977870941 0.9846063256263733 -0.11853822320699692 0.0 0.0 0.0 1.0
0.9767472743988037 0.14428012073040009 -0.1585814207792282 -0.10229302197694778 -0.15707117319107056 0.9850127696990967 -0.07126358151435852 -0.36283108592033386 0.14592279493808746 0.09451507776975632 0.9847707748413086 -0.11843039840459824 0.0 0.0 0.0 1.0
0.9770494699478149 0.14248958230018616 -0.15833832323551178 -0.10212977230548859 -0.15412774682044983 0.9859910011291504 -0.06376846879720688 -0.36175602674484253 0.14703381061553955 0.08670928329229355 0.9853236079216003 -0.11790349334478378 0.0 0.0 0.0 1.0
0.9763237833976746 0.14256028831005096 -0.1626913845539093 -0.1024242639541626 -0.15546676516532898 0.9853928089141846 -0.06950584799051285 -0.3620642125606537 0.150406152009964 0.09315331280231476 0.9842258095741272 -0.1169557049870491 0.0 0.0 0.0 1.0
0.9768605828285217 0.14315254986286163 -0.1589048206806183 -0.10233449190855026 -0.15521928668022156 0.985655665397644 -0.06625648587942123 -0.36170148849487305 0.14714065194129944 0.08938844501972198 0.9850682020187378 -0.11778055131435394 0.0 0.0 0.0 1.0
0.9768347144126892 0.14281721413135529 -0.1593649685382843 -0.10228683799505234 -0.1540026217699051 0.9862388968467712 -0.06013374775648117 -0.36108458042144775 0.14858378469944 0.08328334987163544 0.9853866100311279 -0.11764954775571823 0.0 0.0 0.0 1.0
0.9767497181892395 0.14261873066425323 -0.1600620001554489 -0.10238908231258392 -0.15411698818206787 0.9861167669296265 -0.06181981787085533 -0.36128416657447815 0.1490231603384018 0.08505076169967651 0.9851692318916321 -0.11789392679929733 0.0 0.0 0.0 1.0
0.9766886234283447 0.14275334775447845 -0.16031476855278015 -0.10258910059928894 -0.15493223071098328 0.9857068061828613 -0.06616733223199844 -0.36159709095954895 0.1485777497291565 0.08946280926465988 0.9848456978797913 -0.1183321624994278 0.0 0.0 0.0 1.0
0.9765713810920715 0.14399468898773193 -0.15991848707199097 -0.10264212638139725 -0.15613014996051788 0.9855260252952576 -0.06604435294866562 -0.3613022565841675 0.1480937898159027 0.08946512639522552 0.9849183559417725 -0.11863259971141815 0.0 0.0 0.0 1.0
0.9760383367538452 0.1445009559392929 -0.16269177198410034 -0.1027795746922493 -0.1580205112695694 0.9847030639648438 -0.07341209053993225 -0.36086225509643555 0.1495949625968933 0.09736165404319763 0.9839420914649963 -0.11897536367177963 0.0 0.0 0.0 1.0
0.9759577512741089 0.14420650899410248 -0.16343478858470917 -0.10292304307222366 -0.15773683786392212 0.9847781658172607 -0.07301425188779831 -0.360385924577713 0.15041787922382355 0.09703851491212845 0.9838485717773438 -0.11918158084154129 0.0 0.0 0.0 1.0
0.9758922457695007 0.1452450007200241 -0.16290564835071564 -0.10278494656085968 -0.15858043730258942 0.9847159385681152 -0.07201924175024033 -0.3599505126476288 0.1499553620815277 0.09611666947603226 0.9840096235275269 -0.11914479732513428 0.0 0.0 0.0 1.0
0.9759921431541443 0.14606723189353943 -0.16156645119190216 -0.10273416340351105 -0.15939383208751678 0.9845281839370728 -0.07278625667095184 -0.35957860946655273 0.14843504130840302 0.09679151326417923 0.9841740131378174 -0.1193879246711731 0.0 0.0 0.0 1.0
0.9759740233421326 0.14579668641090393 -0.1619199961423874 -0.10279922187328339 -0.15930454432964325 0.984469473361969 -0.0737692192196846 -0.35921114683151245 0.14864999055862427 0.09779143333435059 0.9840427041053772 -0.11941526085138321 0.0 0.0 0.0 1.0
0.9759607911109924 0.14588810503482819 -0.16191737353801727 -0.10272172838449478 -0.15908825397491455 0.9846550822257996 -0.0717306137084961 -0.3583221137523651 0.14896811544895172 0.09576541930437088 0.9841938018798828 -0.11935531347990036 0.0 0.0 0.0 1.0
0.9762054085731506 0.1465965211391449 -0.15978890657424927 -0.10283691436052322 -0.15851126611232758 0.9852485060691833 -0.06449484080076218 -0.3574511408805847 0.1479770690202713 0.0882885530591011 0.9850420951843262 -0.11944551765918732 0.0 0.0 0.0 1.0
0.9761423468589783 0.14745117723941803 -0.15938712656497955 -0.10289306938648224 -0.15951000154018402 0.985011100769043 -0.06564780324697495 -0.356911301612854 0.1473182588815689 0.08950544148683548 0.985031008720398 -0.11937183141708374 0.0 0.0 0.0 1.0
0.9757757782936096 0.1475898176431656 -0.16148938238620758 -0.1029142513871193 -0.16035796701908112 0.9846409559249878 -0.06904751062393188 -0.35655736923217773 0.14881834387779236 0.09327100217342377 0.9844560027122498 -0.11858806759119034 0.0 0.0 0.0 1.0
0.9764180183410645 0.14810533821582794 -0.15707537531852722 -0.10249081254005432 -0.1599305272102356 0.9849555492401123 -0.06545830518007278 -0.3555324673652649 0.14501753449440002 0.08903581649065018 0.9854149222373962 -0.11898840963840485 0.0 0.0 0.0 1.0
0.9769238829612732 0.14853645861148834 -0.153481587767601 -0.10228544473648071 -0.15966495871543884 0.9851681590080261 -0.06285525113344193 -0.3547115921974182 0.14186887443065643 0.08591043204069138 0.9861503839492798 -0.11941733211278915 0.0 0.0 0.0 1.0
0.9766647219657898 0.14952927827835083 -0.15416550636291504 -0.10236097127199173 -0.16088280081748962 0.9849002957344055 -0.06393866240978241 -0.35439401865005493 0.14227695763111115 0.08724921941757202 0.9859740734100342 -0.11935863643884659 0.0 0.0 0.0 1.0
0.9765552282333374 0.1487334817647934 -0.15562210977077484 -0.10199300944805145 -0.16092820465564728 0.9845600724220276 -0.06887343525886536 -0.35337352752685547 0.14297552406787872 0.09230269491672516 0.9854127168655396 -0.11895467340946198 0.0 0.0 0.0 1.0
0.9759491682052612 0.1496766209602356 -0.15849319100379944 -0.1019916832447052 -0.1627083271741867 0.9839962720870972 -0.07264557480812073 -0.353042334318161 0.14508335292339325 0.09668654948472977 0.9846839904785156 -0.1185300424695015 0.0 0.0 0.0 1.0
0.976029634475708 0.1479341685771942 -0.15962953865528107 -0.10173774510622025 -0.16176071763038635 0.9837943315505981 -0.07734444737434387 -0.352602481842041 0.14560075104236603 0.10131226480007172 0.9841423630714417 -0.11870904266834259 0.0 0.0 0.0 1.0
0.9756051301956177 0.1459789127111435 -0.16396570205688477 -0.10167963057756424 -0.1606670618057251 0.9837494492530823 -0.08014442026615143 -0.3519357144832611 0.1496017724275589 0.10453319549560547 0.9832050204277039 -0.11866408586502075 0.0 0.0 0.0 1.0
0.9759008288383484 0.1455908715724945 -0.16254495084285736 -0.10125149041414261 -0.1601368635892868 0.9838287830352783 -0.08023139089345932 -0.35127830505371094 0.14823544025421143 0.10432732105255127 0.9834337830543518 -0.11962559819221497 0.0 0.0 0.0 1.0
0.9758424758911133 0.14749887585639954 -0.1611691266298294 -0.10076210647821426 -0.16235285997390747 0.9832200407981873 -0.08318567276000977 -0.3501991033554077 0.1461949199438095 0.10734238475561142 0.9834147691726685 -0.12091627717018127 0.0 0.0 0.0 1.0
0.9760117530822754 0.1486278772354126 -0.15909381210803986 -0.100763700902462 -0.16343335807323456 0.9829413890838623 -0.08435520529747009 -0.34865695238113403 0.14384235441684723 0.10833290964365005 0.9836530685424805 -0.12176582217216492 0.0 0.0 0.0 1.0
0.975985586643219 0.1488192230463028 -0.1590753197669983 -0.10064565390348434 -0.16414253413677216 0.9825116991996765 -0.08790884166955948 -0.34789955615997314 0.14321084320545197 0.11190879344940186 0.9833448529243469 -0.12247465550899506 0.0 0.0 0.0 1.0
0.9762462973594666 0.1489393711090088 -0.157353937625885 -0.10032601654529572 -0.16411615908145905 0.9824851751327515 -0.08825370669364929 -0.3469517230987549 0.14145345985889435 0.11198167502880096 0.9835909008979797 -0.1229323074221611 0.0 0.0 0.0 1.0
0.9765783548355103 0.14859694242477417 -0.15560752153396606 -0.09957403689622879 -0.16357943415641785 0.9825699329376221 -0.08830708265304565 -0.34480661153793335 0.13977311551570892 0.11169297993183136 0.983863890171051 -0.12368927150964737 0.0 0.0 0.0 1.0
0.9766072630882263 0.1476725935935974 -0.15630432963371277 -0.09918645024299622 -0.16318996250629425 0.9823388457298279 -0.09153919667005539 -0.34401753544807434 0.14002598822116852 0.11490514129400253 0.9834579229354858 -0.12388201057910919 0.0 0.0 0.0 1.0
0.9766567945480347 0.14795643091201782 -0.15572528541088104 -0.0991172194480896 -0.16260457038879395 0.9829456210136414 -0.08589311689138412 -0.3424254357814789 0.14036104083061218 0.10920973867177963 0.9840589761734009 -0.1242290660738945 0.0 0.0 0.0 1.0
0.976706326007843 0.1478523164987564 -0.1555134654045105 -0.09863341599702835 -0.1627424657344818 0.9827574491500854 -0.08776498585939407 -0.34140050411224365 0.13985575735569 0.11102926731109619 0.9839272499084473 -0.124040886759758 0.0 0.0 0.0 1.0
0.9765222072601318 0.14803342521190643 -0.15649449825286865 -0.09847818315029144 -0.1630443036556244 0.982702374458313 -0.08782149106264114 -0.3400760889053345 0.14078699052333832 0.11127517372369766 0.9837666749954224 -0.12453267723321915 0.0 0.0 0.0 1.0
0.976633608341217 0.14717017114162445 -0.15661324560642242 -0.09811823815107346 -0.1620740443468094 0.9829342365264893 -0.087019182741642 -0.33880624175071716 0.1411338895559311 0.11036880314350128 0.9838190674781799 -0.12514741718769073 0.0 0.0 0.0 1.0
0.9767975807189941 0.14693881571292877 -0.15580570697784424 -0.09749387949705124 -0.16152110695838928 0.9831658601760864 -0.08541543036699295 -0.33704665303230286 0.1406320184469223 0.10859949886798859 0.9840877652168274 -0.1260271966457367 0.0 0.0 0.0 1.0
0.9767876267433167 0.14687345921993256 -0.15592996776103973 -0.09719585627317429 -0.16196447610855103 0.9827853441238403 -0.08888491243124008 -0.3356543183326721 0.14019085466861725 0.11207679659128189 0.9837607741355896 -0.12704339623451233 0.0 0.0 0.0 1.0
0.9768362045288086 0.14588616788387299 -0.1565510332584381 -0.09641916304826736 -0.16135507822036743 0.982685387134552 -0.09107115864753723 -0.33277902007102966 0.14055439829826355 0.11422191560268402 0.9834621548652649 -0.12865254282951355 0.0 0.0 0.0 1.0
0.9767547845840454 0.14583103358745575 -0.15710952877998352 -0.09614966064691544 -0.16142749786376953 0.9826329946517944 -0.0915074348449707 -0.3313276767730713 0.14103637635707855 0.11474212259054184 0.9833325743675232 -0.12917305529117584 0.0 0.0 0.0 1.0
0.9757689237594604 0.14847984910011292 -0.1607133150100708 -0.09557230770587921 -0.16373349726200104 0.9827332496643066 -0.08617811650037766 -0.3293095529079437 0.14514261484146118 0.11040408164262772 0.9832316637039185 -0.13048981130123138 0.0 0.0 0.0 1.0
0.9771441221237183 0.142896369099617 -0.15738485753536224 -0.09513483941555023 -0.15890198945999146 0.9827852845191956 -0.09425120800733566 -0.32857030630111694 0.14120736718177795 0.11710578203201294 0.9830293655395508 -0.13000799715518951 0.0 0.0 0.0 1.0
0.9775325059890747 0.14287178218364716 -0.15497708320617676 -0.09485486894845963 -0.15733645856380463 0.9838439226150513 -0.08541886508464813 -0.32706907391548157 0.14026932418346405 0.1078832671046257 0.9842182993888855 -0.13061454892158508 0.0 0.0 0.0 1.0
0.9772790670394897 0.14052754640579224 -0.1586747169494629 -0.09419842809438705 -0.15627680718898773 0.9834638833999634 -0.09152234345674515 -0.32570406794548035 0.1431894451379776 0.11424005031585693 0.9830798506736755 -0.13102182745933533 0.0 0.0 0.0 1.0
0.9774322509765625 0.1384582370519638 -0.159547820687294 -0.09349698573350906 -0.15484796464443207 0.9833322763442993 -0.09528763592243195 -0.32438454031944275 0.1436951607465744 0.11784286797046661 0.9825806617736816 -0.13214735686779022 0.0 0.0 0.0 1.0
0.9780555367469788 0.13692420721054077 -0.15703219175338745 -0.09279999136924744 -0.1521337330341339 0.984320342540741 -0.08926800638437271 -0.32315123081207275 0.14234702289104462 0.11119896173477173 0.9835507869720459 -0.13332340121269226 0.0 0.0 0.0 1.0
0.9786813855171204 0.13426992297172546 -0.15541675686836243 -0.09203506261110306 -0.14952093362808228 0.9845663905143738 -0.09095348417758942 -0.3220766484737396 0.14080579578876495 0.11225253343582153 0.9836529493331909 -0.13423453271389008 0.0 0.0 0.0 1.0
0.9787607192993164 0.1318167895078659 -0.1570090353488922 -0.09136790782213211 -0.14801791310310364 0.9842790365219116 -0.09636137634515762 -0.3211154639720917 0.1418386548757553 0.11755488067865372 0.9828848838806152 -0.13533954322338104 0.0 0.0 0.0 1.0
0.9786067605018616 0.13100722432136536 -0.15863770246505737 -0.09071279317140579 -0.14710621535778046 0.9846101403236389 -0.09435403347015381 -0.3200816512107849 0.14383523166179657 0.11567208170890808 0.982818067073822 -0.13617144525051117 0.0 0.0 0.0 1.0
0.9786306023597717 0.13113151490688324 -0.158387690782547 -0.08996723592281342 -0.14733649790287018 0.9844867587089539 -0.09527739882469177 -0.3192293345928192 0.1434367150068283 0.11657766997814178 0.9827693104743958 -0.13709756731987 0.0 0.0 0.0 1.0
0.9787839651107788 0.130392387509346 -0.15805001556873322 -0.08934352546930313 -0.14693859219551086 0.9842859506607056 -0.09792943298816681 -0.31834515929222107 0.14279715716838837 0.11907540261745453 0.9825629591941833 -0.1376713514328003 0.0 0.0 0.0 1.0
0.9791209101676941 0.12808126211166382 -0.15785253047943115 -0.08899404853582382 -0.14497631788253784 0.9843090176582336 -0.10058625042438507 -0.31712520122528076 0.14249245822429657 0.12137097865343094 0.982326328754425 -0.1382000595331192 0.0 0.0 0.0 1.0
0.9790696501731873 0.1277424544095993 -0.15844404697418213 -0.08842938393354416 -0.1445525735616684 0.9844805598258972 -0.09951192140579224 -0.31590986251831055 0.14327318966388702 0.12033259868621826 0.9823405146598816 -0.13893774151802063 0.0 0.0 0.0 1.0
0.9789953231811523 0.12770144641399384 -0.15893541276454926 -0.08795203268527985 -0.14471158385276794 0.9843601584434509 -0.10046686232089996 -0.3147580623626709 0.14361993968486786 0.12135638296604156 0.9821639060974121 -0.1399553120136261 0.0 0.0 0.0 1.0
0.9802404642105103 0.12123575806617737 -0.1563027948141098 -0.08730296045541763 -0.13908715546131134 0.9842832088470459 -0.10881780833005905 -0.31226828694343567 0.1406536102294922 0.1284073293209076 0.9816965460777283 -0.141687273979187 0.0 0.0 0.0 1.0
0.9802701473236084 0.11921136826276779 -0.15766780078411102 -0.08704838156700134 -0.13710248470306396 0.9846609830856323 -0.10791479796171188 -0.3109529912471771 0.14238467812538147 0.12740230560302734 0.9815779328346252 -0.14217226207256317 0.0 0.0 0.0 1.0
0.9801073670387268 0.12013322114944458 -0.1579797863960266 -0.08596602082252502 -0.13768979907035828 0.9848614931106567 -0.10530579090118408 -0.30968353152275085 0.14293748140335083 0.12496317923069 0.9818111062049866 -0.1430480033159256 0.0 0.0 0.0 1.0
0.980104923248291 0.11976402997970581 -0.15827488899230957 -0.08540291339159012 -0.13738194108009338 0.9848858714103699 -0.10547981411218643 -0.3083457052707672 0.1432500034570694 0.12512539327144623 0.9817448854446411 -0.14359863102436066 0.0 0.0 0.0 1.0
0.9799875020980835 0.11976756900548935 -0.15899750590324402 -0.08420941233634949 -0.1375110000371933 0.9848437905311584 -0.10570427030324936 -0.3067042827606201 0.14392776787281036 0.12545277178287506 0.9816039800643921 -0.1441289633512497 0.0 0.0 0.0 1.0
0.9804595708847046 0.11487667262554169 -0.159694641828537 -0.0840100646018982 -0.13343878090381622 0.9848426580429077 -0.11081072688102722 -0.30584707856178284 0.14454452693462372 0.12995488941669464 0.9809274077415466 -0.14442133903503418 0.0 0.0 0.0 1.0
0.9804439544677734 0.11356280744075775 -0.1607268899679184 -0.0833476111292839 -0.13215351104736328 0.9850934743881226 -0.11011932790279388 -0.3045184016227722 0.1458255499601364 0.12920644879341125 0.9808366894721985 -0.14496515691280365 0.0 0.0 0.0 1.0
0.981249213218689 0.1112557128071785 -0.15739180147647858 -0.0824766606092453 -0.12905873358249664 0.9857597351074219 -0.10780341923236847 -0.3026138246059418 0.1431567519903183 0.12609480321407318 0.9816344976425171 -0.14631202816963196 0.0 0.0 0.0 1.0
0.9811244010925293 0.11220861971378326 -0.15749332308769226 -0.08165870606899261 -0.13041892647743225 0.9852842688560486 -0.11047966033220291 -0.3018340766429901 0.1427789330482483 0.12893439829349518 0.9813205599784851 -0.14692272245883942 0.0 0.0 0.0 1.0
0.9810460209846497 0.11125195026397705 -0.1586560308933258 -0.08114325255155563 -0.13053226470947266 0.9845439791679382 -0.11676657944917679 -0.30111318826675415 0.14321334660053253 0.1352631151676178 0.9804049134254456 -0.1476043462753296 0.0 0.0 0.0 1.0
0.9813293814659119 0.11179866641759872 -0.15650460124015808 -0.0801437571644783 -0.13095086812973022 0.9843494296073914 -0.11793255805969238 -0.29982101917266846 0.14087051153182983 0.13622508943080902 0.9806111454963684 -0.1487094759941101 0.0 0.0 0.0 1.0
0.981399416923523 0.11172175407409668 -0.15611977875232697 -0.07934007793664932 -0.13082705438137054 0.9843600988388062 -0.1179809644818306 -0.29830190539360046 0.14049704372882843 0.13621114194393158 0.9806666374206543 -0.1495906412601471 0.0 0.0 0.0 1.0
0.9813454747200012 0.11191900819540024 -0.1563175618648529 -0.0787903293967247 -0.1315106600522995 0.9838802814483643 -0.12117953598499298 -0.29722267389297485 0.14023546874523163 0.13947641849517822 0.980245053768158 -0.1502927839756012 0.0 0.0 0.0 1.0
0.9813103675842285 0.11270517855882645 -0.15597280859947205 -0.07811006903648376 -0.13209566473960876 0.9839342832565308 -0.12010015547275543 -0.295549213886261 0.1399310827255249 0.13845886290073395 0.9804328083992004 -0.1506345570087433 0.0 0.0 0.0 1.0
0.9813892841339111 0.11272145062685013 -0.15546348690986633 -0.07768373936414719 -0.13203178346157074 0.9839498400688171 -0.12004315853118896 -0.2943156361579895 0.13943684101104736 0.1383351981639862 0.9805206656455994 -0.15079732239246368 0.0 0.0 0.0 1.0
0.9815958142280579 0.1121654212474823 -0.15455937385559082 -0.07701683789491653 -0.1313372105360031 0.9840508103370667 -0.11997700482606888 -0.2929007411003113 0.1386370211839676 0.1380683183670044 0.9806716442108154 -0.151290625333786 0.0 0.0 0.0 1.0
0.9816676378250122 0.11127674579620361 -0.154745414853096 -0.07620136439800262 -0.13028667867183685 0.9843494296073914 -0.11866599321365356 -0.2910005748271942 0.13911879062652588 0.13665182888507843 0.9808018207550049 -0.1518331915140152 0.0 0.0 0.0 1.0
0.9814152717590332 0.11171169579029083 -0.15602725744247437 -0.07564138621091843 -0.1310061514377594 0.9841659665107727 -0.11939322203397751 -0.2894177734851837 0.1402190923690796 0.13761486113071442 0.9805104732513428 -0.15200969576835632 0.0 0.0 0.0 1.0
0.9808877110481262 0.11199726909399033 -0.15910965204238892 -0.07508009672164917 -0.13253998756408691 0.9832682013511658 -0.12496719509363174 -0.28750377893447876 0.1424514800310135 0.14366717636585236 0.9793198108673096 -0.15176156163215637 0.0 0.0 0.0 1.0
0.980943500995636 0.11072780191898346 -0.15965348482131958 -0.07469210773706436 -0.13152149319648743 0.983252763748169 -0.12615905702114105 -0.2853856086730957 0.14301042258739471 0.14475277066230774 0.979078471660614 -0.1516485959291458 0.0 0.0 0.0 1.0
0.9810094237327576 0.11145518720149994 -0.15873943269252777 -0.07429810613393784 -0.13181056082248688 0.9834809899330139 -0.12406083941459656 -0.28330373764038086 0.14228999614715576 0.14262838661670685 0.979495108127594 -0.15167218446731567 0.0 0.0 0.0 1.0
0.9815449714660645 0.11205851286649704 -0.15495914220809937 -0.07380475848913193 -0.13084930181503296 0.9844863414764404 -0.11689795553684235 -0.28123095631599426 0.13945575058460236 0.13501690328121185 0.980980396270752 -0.15168896317481995 0.0 0.0 0.0 1.0
0.9816117286682129 0.11350221931934357 -0.1534785032272339 -0.07308731228113174 -0.13177019357681274 0.9846333265304565 -0.11460303515195847 -0.2789905071258545 0.13811235129833221 0.13271957635879517 0.9814838171005249 -0.15181368589401245 0.0 0.0 0.0 1.0
0.9817023277282715 0.11402347683906555 -0.15250958502292633 -0.07236606627702713 -0.13206057250499725 0.984678328037262 -0.11387955397367477 -0.2775392532348633 0.13718794286251068 0.13193632662296295 0.9817190170288086 -0.15158192813396454 0.0 0.0 0.0 1.0
0.9816489815711975 0.11459168791770935 -0.15242703258991241 -0.07150671631097794 -0.13212203979492188 0.985075056552887 -0.1103220283985138 -0.27565261721611023 0.13751007616519928 0.12843647599220276 0.9821379780769348 -0.1513133943080902 0.0 0.0 0.0 1.0
0.9812477231025696 0.11649776995182037 -0.15356174111366272 -0.07058010250329971 -0.13326211273670197 0.9856303334236145 -0.10379800945520401 -0.2733805179595947 0.13926288485527039 0.12231552600860596 0.9826722741127014 -0.151510551571846 0.0 0.0 0.0 1.0
0.9819408655166626 0.11545813083648682 -0.1498717963695526 -0.06984926760196686 -0.13220566511154175 0.9854255318641663 -0.10704318434000015 -0.2723011374473572 0.1353284865617752 0.12492397427558899 0.9828937649726868 -0.15044714510440826 0.0 0.0 0.0 1.0
0.9821677803993225 0.1157640665769577 -0.14813870191574097 -0.06901531666517258 -0.1318509876728058 0.9858195185661316 -0.10380356013774872 -0.27060043811798096 0.13402129709720612 0.12148474901914597 0.9835038185119629 -0.15005704760551453 0.0 0.0 0.0 1.0
0.9824435710906982 0.11626938730478287 -0.14589723944664001 -0.06793788820505142 -0.1315426528453827 0.9862746596336365 -0.09979411214590073 -0.26850977540016174 0.1322917491197586 0.11723379790782928 0.9842535853385925 -0.1497599184513092 0.0 0.0 0.0 1.0
0.982671856880188 0.11640310287475586 -0.14424392580986023 -0.06721507757902145 -0.13183057308197021 0.9859644770622253 -0.1024436205625534 -0.26718103885650635 0.13029463589191437 0.11968422681093216 0.9842250943183899 -0.14971521496772766 0.0 0.0 0.0 1.0
0.983083963394165 0.11623936891555786 -0.1415426880121231 -0.0664757788181305 -0.13168233633041382 0.9857038855552673 -0.10510746389627457 -0.26583874225616455 0.12730155885219574 0.12196813523769379 0.9843363761901855 -0.14989309012889862 0.0 0.0 0.0 1.0
0.9831943511962891 0.11569139361381531 -0.14122433960437775 -0.06567992269992828 -0.13087861239910126 0.9859867691993713 -0.10344482958316803 -0.26370713114738464 0.12727764248847961 0.1201896220445633 0.9845582246780396 -0.14983895421028137 0.0 0.0 0.0 1.0
0.9830247759819031 0.11592066287994385 -0.1422136127948761 -0.0650869756937027 -0.13109150528907776 0.9860692620277405 -0.10238400101661682 -0.26209717988967896 0.12836404144763947 0.11928900331258774 0.9845266938209534 -0.1504606157541275 0.0 0.0 0.0 1.0
0.9833772778511047 0.11519445478916168 -0.1403542459011078 -0.06432295590639114 -0.13000275194644928 0.9863215684890747 -0.10133632272481918 -0.26002469658851624 0.1267610341310501 0.11789827793836594 0.9849018454551697 -0.1514906883239746 0.0 0.0 0.0 1.0
0.9831027984619141 0.11662794649600983 -0.14109154045581818 -0.06380931288003922 -0.1322420984506607 0.9854399561882019 -0.10686498135328293 -0.2587276101112366 0.12657378613948822 0.12371750175952911 0.9842119216918945 -0.15137355029582977 0.0 0.0 0.0 1.0
0.9834704399108887 0.11737947911024094 -0.13786916434764862 -0.06314397603273392 -0.13272725045681 0.9852551817893982 -0.10796166956424713 -0.2571902275085449 0.12316381931304932 0.1244761049747467 0.984548807144165 -0.15167979896068573 0.0 0.0 0.0 1.0
0.9838169813156128 0.11774886399507523 -0.13505299389362335 -0.06255704164505005 -0.13274186849594116 0.9852525591850281 -0.10796753317117691 -0.25554394721984863 0.1203482523560524 0.12414748221635818 0.9849384427070618 -0.15216490626335144 0.0 0.0 0.0 1.0
0.9840246438980103 0.11880731582641602 -0.13259094953536987 -0.061999958008527756 -0.13318556547164917 0.9854691624641418 -0.10541392117738724 -0.25416985154151917 0.11814035475254059 0.12138909101486206 0.9855493903160095 -0.15257897973060608 0.0 0.0 0.0 1.0
0.9839223623275757 0.11949345469474792 -0.1327332705259323 -0.06177834793925285 -0.13355253636837006 0.9857162833213806 -0.10260193794965744 -0.2528817057609558 0.11857708543539047 0.11867920309305191 0.9858269095420837 -0.15261881053447723 0.0 0.0 0.0 1.0
0.9840306043624878 0.12043081969022751 -0.1310732066631317 -0.061451371759176254 -0.13424207270145416 0.9856658577919006 -0.10218531638383865 -0.2516389787197113 0.1168881207704544 0.11814901977777481 0.9860922694206238 -0.15278837084770203 0.0 0.0 0.0 1.0
0.9840310215950012 0.12127634137868881 -0.1302882581949234 -0.061208825558423996 -0.13500291109085083 0.9855547547340393 -0.10225460678339005 -0.25025108456611633 0.11600514501333237 0.11821099370718002 0.9861891269683838 -0.15300026535987854 0.0 0.0 0.0 1.0
0.9841275811195374 0.12024706602096558 -0.13051272928714752 -0.06086050719022751 -0.13415586948394775 0.9855314493179321 -0.10358551144599915 -0.24757950007915497 0.1161685436964035 0.1194504052400589 0.9860205054283142 -0.1530362069606781 0.0 0.0 0.0 1.0
0.9840049743652344 0.12075770646333694 -0.13096489012241364 -0.06072176247835159 -0.1347973346710205 0.9853768348693848 -0.10422183573246002 -0.24626867473125458 0.11646417528390884 0.12020852416753769 0.9858934879302979 -0.15330541133880615 0.0 0.0 0.0 1.0
0.9839821457862854 0.12157665193080902 -0.13037730753421783 -0.06034845858812332 -0.13523845374584198 0.9855892062187195 -0.10160961747169495 -0.24474024772644043 0.11614510416984558 0.11761407554149628 0.9862440228462219 -0.1537686139345169 0.0 0.0 0.0 1.0
0.9840851426124573 0.12208400666713715 -0.1291196495294571 -0.0597241036593914 -0.13555292785167694 0.9855844378471375 -0.10123582184314728 -0.24298064410686493 0.11489903926849365 0.11712721735239029 0.9864478707313538 -0.15464839339256287 0.0 0.0 0.0 1.0
0.9840404987335205 0.12150128930807114 -0.13000662624835968 -0.059473972767591476 -0.1355912983417511 0.9851164221763611 -0.10564401000738144 -0.2417515516281128 0.11523577570915222 0.12158575654029846 0.9858689904212952 -0.15518389642238617 0.0 0.0 0.0 1.0
0.9840725064277649 0.12186215817928314 -0.1294252574443817 -0.05893180891871452 -0.1364676058292389 0.9844393134117126 -0.11070578545331955 -0.24051350355148315 0.11392046511173248 0.12660488486289978 0.9853899478912354 -0.15556244552135468 0.0 0.0 0.0 1.0
0.9841263890266418 0.12386119365692139 -0.1270972490310669 -0.05824552848935127 -0.13777762651443481 0.9846386313438416 -0.10725702345371246 -0.2388763725757599 0.11185988038778305 0.12306562066078186 0.9860741496086121 -0.156040757894516 0.0 0.0 0.0 1.0
0.9843679070472717 0.1232561394572258 -0.1258082389831543 -0.05757417157292366 -0.13688106834888458 0.9848895072937012 -0.10609524697065353 -0.23737530410289764 0.11083032190799713 0.12165752798318863 0.9863650798797607 -0.15648356080055237 0.0 0.0 0.0 1.0
0.9842763543128967 0.12298005819320679 -0.126790851354599 -0.057248760014772415 -0.1365983933210373 0.9850494265556335 -0.10496920347213745 -0.2360100895166397 0.11198613792657852 0.12063813209533691 0.986359715461731 -0.1564660668373108 0.0 0.0 0.0 1.0
0.9840864539146423 0.12327653914690018 -0.1279715895652771 -0.05649165064096451 -0.13678938150405884 0.985252857208252 -0.10278859734535217 -0.23432302474975586 0.11341294646263123 0.11865802109241486 0.9864369034767151 -0.15644189715385437 0.0 0.0 0.0 1.0
0.9841896295547485 0.1227678656578064 -0.12766684591770172 -0.05595105141401291 -0.1363791525363922 0.9851855039596558 -0.1039724349975586 -0.2329624742269516 0.11301105469465256 0.11973968893289566 0.9863523244857788 -0.1566333770751953 0.0 0.0 0.0 1.0
0.9845162630081177 0.12143684923648834 -0.12641514837741852 -0.05532602220773697 -0.1348799765110016 0.9854058027267456 -0.10384006053209305 -0.2317471206188202 0.11196021735668182 0.11928310245275497 0.9865274429321289 -0.15678253769874573 0.0 0.0 0.0 1.0
0.9848150610923767 0.12165660411119461 -0.12385036796331406 -0.054325204342603683 -0.13468831777572632 0.9855282306671143 -0.10292316973209381 -0.23012375831604004 0.10953675210475922 0.1180414929986 0.9869487881660461 -0.15746304392814636 0.0 0.0 0.0 1.0
0.985694944858551 0.116834856569767 -0.1214703768491745 -0.053987111896276474 -0.12923723459243774 0.9865797758102417 -0.09979047626256943 -0.22795574367046356 0.10818120837211609 0.11406145989894867 0.9875661134719849 -0.1580246239900589 0.0 0.0 0.0 1.0
0.9849157929420471 0.11971769481897354 -0.1249341145157814 -0.05338302254676819 -0.13253861665725708 0.9861295223236084 -0.09991040825843811 -0.22684013843536377 0.11124017089605331 0.11496193706989288 0.9871217608451843 -0.15800172090530396 0.0 0.0 0.0 1.0
0.9847420454025269 0.11973978579044342 -0.1262754499912262 -0.05271611735224724 -0.13303342461585999 0.9857776165008545 -0.10268664360046387 -0.22542525827884674 0.11218384653329849 0.1179187148809433 0.9866660833358765 -0.15849502384662628 0.0 0.0 0.0 1.0
0.9846314191818237 0.11903595924377441 -0.12779459357261658 -0.05237866938114166 -0.13315750658512115 0.9851586222648621 -0.10831261426210403 -0.22413267195224762 0.11300484836101532 0.12366481125354767 0.9858686327934265 -0.15875062346458435 0.0 0.0 0.0 1.0
0.9846677780151367 0.11914488673210144 -0.12741239368915558 -0.05188664048910141 -0.13314296305179596 0.9852330684661865 -0.10765128582715988 -0.22239109873771667 0.1127047911286354 0.12296481430530548 0.9859905242919922 -0.1591920405626297 0.0 0.0 0.0 1.0
0.9847427010536194 0.12036467343568802 -0.1256747990846634 -0.051485057920217514 -0.13392405211925507 0.9853413105010986 -0.1056731790304184 -0.22046802937984467 0.11111325025558472 0.1208917647600174 0.9864274263381958 -0.15953922271728516 0.0 0.0 0.0 1.0
0.9844985008239746 0.1216096356511116 -0.12638738751411438 -0.051101282238960266 -0.13562433421611786 0.9847548604011536 -0.1089213415980339 -0.2188897281885147 0.11121471226215363 0.12437410652637482 0.9859829545021057 -0.1600884646177292 0.0 0.0 0.0 1.0
0.9845969676971436 0.12219676375389099 -0.12504681944847107 -0.05080951750278473 -0.13591493666172028 0.9848408102989197 -0.10777626931667328 -0.21700742840766907 0.10998130589723587 0.12311192601919174 0.9862796664237976 -0.16035641729831696 0.0 0.0 0.0 1.0
0.9845247268676758 0.1227480098605156 -0.12507601082324982 -0.050432004034519196 -0.136249840259552 0.9850084185600281 -0.10580374300479889 -0.21493911743164062 0.11021371930837631 0.12120798230171204 0.9864895343780518 -0.16015741229057312 0.0 0.0 0.0 1.0
0.9841017723083496 0.12401074171066284 -0.12714172899723053 -0.05021641030907631 -0.13789625465869904 0.9846570491790771 -0.10693491250276566 -0.21361467242240906 0.11192993074655533 0.12276721000671387 0.9861034154891968 -0.16006068885326385 0.0 0.0 0.0 1.0
0.9843552708625793 0.12266025692224503 -0.12648776173591614 -0.049953170120716095 -0.13629503548145294 0.9850407242774963 -0.10544414818286896 -0.2116733193397522 0.11166178435087204 0.1210341602563858 0.9863479733467102 -0.15983296930789948 0.0 0.0 0.0 1.0
0.9843339920043945 0.12474318593740463 -0.12460239231586456 -0.049592141062021255 -0.1375742405653 0.9854005575180054 -0.10029502213001251 -0.20961858332157135 0.11027213931083679 0.11586587876081467 0.9871246814727783 -0.15941138565540314 0.0 0.0 0.0 1.0
0.9841347932815552 0.12589693069458008 -0.12501458823680878 -0.04946567118167877 -0.13843993842601776 0.9855811595916748 -0.09728394448757172 -0.20778144896030426 0.11096427589654922 0.1130475327372551 0.9873738884925842 -0.1587958037853241 0.0 0.0 0.0 1.0
0.9841098785400391 0.1288846880197525 -0.12213293462991714 -0.049091044813394547 -0.1407155990600586 0.9856007099151611 -0.09375663846731186 -0.20592182874679565 0.10829051584005356 0.10945284366607666 0.9880754947662354 -0.15883436799049377 0.0 0.0 0.0 1.0
0.9837899804115295 0.12961150705814362 -0.12392788380384445 -0.04907439649105072 -0.1413985937833786 0.9857091307640076 -0.09156357496976852 -0.20412546396255493 0.11028915643692017 0.107602559030056 0.9880576729774475 -0.15813955664634705 0.0 0.0 0.0 1.0
0.98375403881073 0.13084162771701813 -0.12291637063026428 -0.048714689910411835 -0.14222753047943115 0.9858324527740479 -0.08891396969556808 -0.20240192115306854 0.10954129695892334 0.10495156794786453 0.9884259700775146 -0.1581425964832306 0.0 0.0 0.0 1.0
0.9836348295211792 0.13097034394741058 -0.12373071163892746 -0.04858509451150894 -0.14247551560401917 0.9857705235481262 -0.0892031118273735 -0.2008097767829895 0.1102871224284172 0.1053718850016594 0.9882982969284058 -0.15790113806724548 0.0 0.0 0.0 1.0
0.9837062954902649 0.13184423744678497 -0.12222540378570557 -0.04791084676980972 -0.142949178814888 0.9858977794647217 -0.08701197803020477 -0.19910001754760742 0.10902972519397736 0.10306625068187714 0.988680899143219 -0.15810635685920715 0.0 0.0 0.0 1.0
0.983630359172821 0.13192443549633026 -0.12274881452322006 -0.04748006910085678 -0.14338046312332153 0.985595166683197 -0.08968959748744965 -0.19778023660182953 0.10914839059114456 0.10582119226455688 0.9883766770362854 -0.1582186222076416 0.0 0.0 0.0 1.0
0.9835236668586731 0.130775585770607 -0.12481581419706345 -0.04748411849141121 -0.14295440912246704 0.9852391481399536 -0.09416932612657547 -0.1965373158454895 0.11065837740898132 0.11046072840690613 0.9877009391784668 -0.15796342492103577 0.0 0.0 0.0 1.0
0.9835789799690247 0.13077138364315033 -0.12438325583934784 -0.04686445742845535 -0.1427369862794876 0.9854105114936829 -0.0926942452788353 -0.19441021978855133 0.11044681817293167 0.1089261993765831 0.9878950119018555 -0.15828201174736023 0.0 0.0 0.0 1.0
0.9836121201515198 0.1316216140985489 -0.12321919947862625 -0.046167708933353424 -0.14312197268009186 0.9856372475624084 -0.0896398201584816 -0.19272319972515106 0.10965089499950409 0.10580618679523468 0.9883226752281189 -0.15884637832641602 0.0 0.0 0.0 1.0
0.9838367700576782 0.13397423923015594 -0.11881101131439209 -0.04529765248298645 -0.14499597251415253 0.98537278175354 -0.08953552693128586 -0.1912403702735901 0.10507768392562866 0.10531546175479889 0.9888717532157898 -0.15927556157112122 0.0 0.0 0.0 1.0
0.9841012954711914 0.13320434093475342 -0.11747870594263077 -0.04466884583234787 -0.14399465918540955 0.985595703125 -0.08869438618421555 -0.18939457833766937 0.10397202521562576 0.1042005717754364 0.9891067147254944 -0.16010482609272003 0.0 0.0 0.0 1.0
0.9840701222419739 0.13240119814872742 -0.11864200234413147 -0.0445094034075737 -0.14351648092269897 0.9854912161827087 -0.09060922265052795 -0.1875303089618683 0.10492388159036636 0.10619290918111801 0.9887942671775818 -0.1599344164133072 0.0 0.0 0.0 1.0
0.9840936660766602 0.1329544186592102 -0.1178252324461937 -0.043935831636190414 -0.14388450980186462 0.9855228662490845 -0.08967705816030502 -0.18614260852336884 0.10419649630784988 0.10520385205745697 0.9889768362045288 -0.16057106852531433 0.0 0.0 0.0 1.0
0.9841806888580322 0.1336728036403656 -0.11627554148435593 -0.04332820698618889 -0.14424514770507812 0.9856381416320801 -0.0878109261393547 -0.18394289910793304 0.10286767780780792 0.10319399833679199 0.9893276691436768 -0.16061657667160034 0.0 0.0 0.0 1.0
0.9842615723609924 0.13379555940628052 -0.11544674634933472 -0.04305606335401535 -0.1439429521560669 0.9859687089920044 -0.0845349058508873 -0.18182916939258575 0.10251647979021072 0.09982220828533173 0.9897100329399109 -0.16028782725334167 0.0 0.0 0.0 1.0
0.9842645525932312 0.13329260051250458 -0.11600139737129211 -0.042806174606084824 -0.14341571927070618 0.9861105680465698 -0.08377283066511154 -0.18014639616012573 0.10322390496730804 0.0990910530090332 0.9897099733352661 -0.16021163761615753 0.0 0.0 0.0 1.0
0.9844062924385071 0.13309989869594574 -0.11501610279083252 -0.04222237691283226 -0.14311641454696655 0.9861602187156677 -0.08370018005371094 -0.1782551258802414 0.10228382050991058 0.09885567426681519 0.9898310899734497 -0.1603226363658905 0.0 0.0 0.0 1.0
0.9844907522201538 0.13308776915073395 -0.11430463939905167 -0.04176488518714905 -0.14291714131832123 0.9862843155860901 -0.08257071673870087 -0.1764182150363922 0.10174772143363953 0.0976262018084526 0.9900083541870117 -0.16013182699680328 0.0 0.0 0.0 1.0
0.984317421913147 0.1313454508781433 -0.11776074022054672 -0.041490525007247925 -0.14163120090961456 0.9863765239715576 -0.08367804437875748 -0.173551544547081 0.10516569018363953 0.09904434531927109 0.989510178565979 -0.16029611229896545 0.0 0.0 0.0 1.0
0.984394907951355 0.13162462413311005 -0.1167973130941391 -0.04127337038516998 -0.1418384611606598 0.9863272905349731 -0.08390690386295319 -0.17234960198402405 0.10415616631507874 0.09916387498378754 0.9896050095558167 -0.16038645803928375 0.0 0.0 0.0 1.0
0.9842635989189148 0.1335139125585556 -0.1157551184296608 -0.0408439114689827 -0.14337794482707977 0.9863048791885376 -0.08151926845312119 -0.17136099934577942 0.10328587889671326 0.09683317691087723 0.9899269342422485 -0.1609233319759369 0.0 0.0 0.0 1.0
0.9841516017913818 0.13408762216567993 -0.11604349315166473 -0.04053317755460739 -0.1442345827817917 0.9859763383865356 -0.08394678682088852 -0.17058555781841278 0.10315991193056107 0.0993538573384285 0.9896903038024902 -0.16148200631141663 0.0 0.0 0.0 1.0
0.9843814373016357 0.13377830386161804 -0.11444028466939926 -0.04024338349699974 -0.14383657276630402 0.9859737753868103 -0.08465689420700073 -0.16990986466407776 0.10150986164808273 0.0997953712940216 0.9898164868354797 -0.161868616938591 0.0 0.0 0.0 1.0
0.984338641166687 0.13412858545780182 -0.11439843475818634 -0.039955154061317444 -0.14422304928302765 0.9858838319778442 -0.08504582941532135 -0.16911166906356812 0.1013764888048172 0.10021278262138367 0.9897879362106323 -0.16206815838813782 0.0 0.0 0.0 1.0
0.984300971031189 0.13375453650951385 -0.11515755951404572 -0.03966090828180313 -0.14411914348602295 0.9857351183891296 -0.0869249776005745 -0.16834978759288788 0.10188823938369751 0.10215675085783005 0.9895366430282593 -0.16240425407886505 0.0 0.0 0.0 1.0
0.9844729900360107 0.13306140899658203 -0.11448827385902405 -0.03920762240886688 -0.14322887361049652 0.9859734177589417 -0.0856851264834404 -0.1670527458190918 0.10148100554943085 0.10075271874666214 0.9897224307060242 -0.16287563741207123 0.0 0.0 0.0 1.0
0.9842825531959534 0.13434447348117828 -0.1146274134516716 -0.03889111801981926 -0.14431428909301758 0.9859938621520996 -0.08360306173563004 -0.1658599078655243 0.10179031640291214 0.098831407725811 0.9898843765258789 -0.16295915842056274 0.0 0.0 0.0 1.0
0.9846994876861572 0.13257120549678802 -0.11310100555419922 -0.03833872452378273 -0.1421685814857483 0.9864843487739563 -0.08146627992391586 -0.16411830484867096 0.10077228397130966 0.09629920870065689 0.9902380704879761 -0.16281205415725708 0.0 0.0 0.0 1.0
0.9845626950263977 0.13226282596588135 -0.11464224755764008 -0.0379304513335228 -0.1419387310743332 0.9865740537643433 -0.08077753335237503 -0.16277578473091125 0.10241920500993729 0.09580272436141968 0.9901172518730164 -0.1625651717185974 0.0 0.0 0.0 1.0
0.9847233295440674 0.13309136033058167 -0.112279511988163 -0.03717762976884842 -0.14192655682563782 0.9870526194572449 -0.07472604513168335 -0.1593921035528183 0.10088039189577103 0.0895199254155159 0.9908629059791565 -0.1616741269826889 0.0 0.0 0.0 1.0
0.984831690788269 0.1336032897233963 -0.11070992797613144 -0.03699657693505287 -0.14227195084095 0.9870222806930542 -0.07446938008069992 -0.1579722911119461 0.0993238091468811 0.08909071981906891 0.9910588264465332 -0.16094516217708588 0.0 0.0 0.0 1.0
0.9844062924385071 0.13495709002017975 -0.11283086985349655 -0.036785680800676346 -0.14355815947055817 0.987026035785675 -0.07190768420696259 -0.15628035366535187 0.1016625463962555 0.08698416501283646 0.9910088181495667 -0.1602872610092163 0.0 0.0 0.0 1.0
0.9844589233398438 0.13453266024589539 -0.11287878453731537 -0.036382097750902176 -0.14272432029247284 0.9874306321144104 -0.06790085136890411 -0.1545703262090683 0.10232508182525635 0.08295614272356033 0.9912859797477722 -0.15947920083999634 0.0 0.0 0.0 1.0
0.9847316145896912 0.13276518881320953 -0.11259240657091141 -0.036153394728899 -0.14082928001880646 0.9877676963806152 -0.06694833934307098 -0.152533620595932 0.10232672840356827 0.08178245276212692 0.9913833141326904 -0.1586192399263382 0.0 0.0 0.0 1.0
0.984764575958252 0.13186191022396088 -0.11336289346218109 -0.035233281552791595 -0.1396801769733429 0.9881258010864258 -0.06400623917579651 -0.14931783080101013 0.10357682406902313 0.07886562496423721 0.991489827632904 -0.15745647251605988 0.0 0.0 0.0 1.0
0.9849679470062256 0.12999896705150604 -0.11374716460704803 -0.03500589728355408 -0.13777437806129456 0.9884344935417175 -0.06336759775876999 -0.1476123034954071 0.10419390350580215 0.0780864953994751 0.9914868474006653 -0.1570211499929428 0.0 0.0 0.0 1.0
0.9848995804786682 0.12885747849941254 -0.11562259495258331 -0.03470010310411453 -0.1366177797317505 0.9886892437934875 -0.06188060715794563 -0.14601567387580872 0.10634103417396545 0.07674228399991989 0.9913638234138489 -0.1564069539308548 0.0 0.0 0.0 1.0
0.985188364982605 0.12809085845947266 -0.11400270462036133 -0.034198492765426636 -0.13564425706863403 0.9888693690299988 -0.06113903224468231 -0.14464595913887024 0.10490243136882782 0.07569727301597595 0.9915974140167236 -0.15601672232151031 0.0 0.0 0.0 1.0
0.9854860901832581 0.1280636042356491 -0.11143120378255844 -0.033799123018980026 -0.13539853692054749 0.9889160990715027 -0.060927413403987885 -0.14347581565380096 0.10239353030920029 0.07513073831796646 0.9919027090072632 -0.15587086975574493 0.0 0.0 0.0 1.0
0.9852882027626038 0.12886297702789307 -0.11225619167089462 -0.033539414405822754 -0.13625194132328033 0.9888057708740234 -0.060816071927547455 -0.1426185816526413 0.10316263139247894 0.07521647959947586 0.991816520690918 -0.1555747240781784 0.0 0.0 0.0 1.0
0.9852984547615051 0.12981721758842468 -0.11106037348508835 -0.03306006267666817 -0.13694097101688385 0.9888152480125427 -0.05908925458788872 -0.1416798233985901 0.10214738547801971 0.07342926412820816 0.9920554757118225 -0.15543705224990845 0.0 0.0 0.0 1.0
0.9852858781814575 0.13026753067970276 -0.1106439083814621 -0.032678499817848206 -0.13724122941493988 0.9888432621955872 -0.05791259557008743 -0.14085444808006287 0.10186535120010376 0.07224537432193756 0.9921714067459106 -0.15549324452877045 0.0 0.0 0.0 1.0
0.9852654337882996 0.13177140057086945 -0.10903363674879074 -0.03219602257013321 -0.13860498368740082 0.9886690974235535 -0.05763711407780647 -0.1401606798171997 0.1002032682299614 0.07190046459436417 0.9923656582832336 -0.15572969615459442 0.0 0.0 0.0 1.0
0.9853235483169556 0.13105785846710205 -0.10936765372753143 -0.03209025040268898 -0.13798213005065918 0.9887163639068604 -0.05831700190901756 -0.1388770043849945 0.10049068927764893 0.0725518986582756 0.9922891855239868 -0.15555374324321747 0.0 0.0 0.0 1.0
0.9851900935173035 0.13147775828838348 -0.11006419360637665 -0.03168931230902672 -0.138309046626091 0.9887538552284241 -0.05689002946019173 -0.13782934844493866 0.10134661942720413 0.07127036899328232 0.9922950267791748 -0.15559494495391846 0.0 0.0 0.0 1.0
0.9851005673408508 0.13138838112354279 -0.11096836626529694 -0.03130173310637474 -0.1383589655160904 0.988705039024353 -0.05761222913861275 -0.13704028725624084 0.10214540362358093 0.07210730761289597 0.9921526312828064 -0.15578767657279968 0.0 0.0 0.0 1.0
0.9853094220161438 0.13219130039215088 -0.10812420397996902 -0.030501827597618103 -0.13886043429374695 0.9886909127235413 -0.05663996934890747 -0.13615161180496216 0.09941410273313522 0.07082206755876541 0.9925225973129272 -0.15598873794078827 0.0 0.0 0.0 1.0
0.9853686094284058 0.1322408765554428 -0.10752211511135101 -0.030129168182611465 -0.1388888955116272 0.9886743426322937 -0.05685896426439285 -0.13549861311912537 0.09878527373075485 0.07096066325902939 0.992575466632843 -0.15614594519138336 0.0 0.0 0.0 1.0
0.9852384924888611 0.13093611598014832 -0.11027596145868301 -0.030077064409852028 -0.1381169706583023 0.9885857701301575 -0.06018153578042984 -0.13479553163051605 0.10113731026649475 0.07452414929866791 0.9920772910118103 -0.1559644341468811 0.0 0.0 0.0 1.0
0.9854196906089783 0.1304660439491272 -0.10920926183462143 -0.02967456355690956 -0.13750724494457245 0.9887054562568665 -0.059609055519104004 -0.13387037813663483 0.10019883513450623 0.07375700026750565 0.9922298789024353 -0.15619270503520966 0.0 0.0 0.0 1.0
0.9858848452568054 0.13087649643421173 -0.10441476106643677 -0.02872897870838642 -0.13735873997211456 0.98885178565979 -0.057486534118652344 -0.13270512223243713 0.09572708606719971 0.07101738452911377 0.9928710460662842 -0.15668058395385742 0.0 0.0 0.0 1.0
0.9857058525085449 0.13117296993732452 -0.1057240292429924 -0.02857307344675064 -0.13791526854038239 0.988674521446228 -0.059177786111831665 -0.13192495703697205 0.09676413238048553 0.07291284948587418 0.992633044719696 -0.15644176304340363 0.0 0.0 0.0 1.0
0.9855956435203552 0.13025136291980743 -0.10786925256252289 -0.02809973992407322 -0.13747406005859375 0.9885351061820984 -0.062444064766168594 -0.13094988465309143 0.0984991118311882 0.07637382298707962 0.99220210313797 -0.15616753697395325 0.0 0.0 0.0 1.0
0.9857776165008545 0.130548894405365 -0.10582753270864487 -0.027629295364022255 -0.13758817315101624 0.9885367155075073 -0.06216678395867348 -0.13018350303173065 0.09649859368801117 0.07584323734045029 0.992439329624176 -0.15613089501857758 0.0 0.0 0.0 1.0
0.9858551025390625 0.13217507302761078 -0.10305090993642807 -0.027026526629924774 -0.13875190913677216 0.9885396361351013 -0.05947514995932579 -0.1293991059064865 0.09400878101587296 0.07293239235877991 0.9928963780403137 -0.15653261542320251 0.0 0.0 0.0 1.0
0.9858290553092957 0.13235777616500854 -0.10306528955698013 -0.02664051204919815 -0.1387833207845688 0.9886308908462524 -0.0578627772629261 -0.12848752737045288 0.09423494338989258 0.07134655117988586 0.9929901361465454 -0.15653829276561737 0.0 0.0 0.0 1.0
0.9854615330696106 0.13398432731628418 -0.10446890443563461 -0.026565905660390854 -0.14034554362297058 0.988512396812439 -0.056092966347932816 -0.12780717015266418 0.09575322270393372 0.06993920356035233 0.9929450154304504 -0.15671591460704803 0.0 0.0 0.0 1.0
0.9859073758125305 0.13223938643932343 -0.10246632248163223 -0.02606850489974022 -0.13860984146595 0.9886624813079834 -0.057739514857530594 -0.12697733938694 0.09366916865110397 0.07112865149974823 0.9930593371391296 -0.15698789060115814 0.0 0.0 0.0 1.0
0.9858044385910034 0.13252948224544525 -0.10308028012514114 -0.025781840085983276 -0.13890329003334045 0.9886467456817627 -0.057301249355077744 -0.12605665624141693 0.09431588649749756 0.07080601155757904 0.9930211305618286 -0.1570003777742386 0.0 0.0 0.0 1.0
0.985638439655304 0.1315607726573944 -0.10587093979120255 -0.025897029787302017 -0.1383553296327591 0.988588273525238 -0.059590522199869156 -0.12518568336963654 0.09682299941778183 0.07338251918554306 0.9925927519798279 -0.15709057450294495 0.0 0.0 0.0 1.0
0.9855310320854187 0.13247722387313843 -0.10572800040245056 -0.025697682052850723 -0.13923335075378418 0.9884838461875916 -0.05927654728293419 -0.12432849407196045 0.0966576337814331 0.0731397420167923 0.9926267862319946 -0.15738296508789062 0.0 0.0 0.0 1.0
0.9855571389198303 0.13342022895812988 -0.1042889952659607 -0.025366254150867462 -0.13986827433109283 0.9885197281837463 -0.05714539438486099 -0.12299958616495132 0.09546738117933273 0.07090677320957184 0.9929039478302002 -0.15750201046466827 0.0 0.0 0.0 1.0
0.9854706525802612 0.13271677494049072 -0.10598964244127274 -0.025376319885253906 -0.1391659528017044 0.9886881113052368 -0.05593434348702431 -0.12172035872936249 0.09736727923154831 0.06987180560827255 0.9927927851676941 -0.1571102738380432 0.0 0.0 0.0 1.0
0.9851524829864502 0.13216756284236908 -0.10957314819097519 -0.02559555508196354 -0.13871051371097565 0.988838791847229 -0.05438009276986122 -0.12047276645898819 0.10116289556026459 0.06877163052558899 0.9924900531768799 -0.15664610266685486 0.0 0.0 0.0 1.0
0.9849884510040283 0.1341255158185959 -0.10866516083478928 -0.025553274899721146 -0.14023345708847046 0.9888229966163635 -0.050632063299417496 -0.11894413083791733 0.1006595566868782 0.06511048972606659 0.9927881360054016 -0.1566845327615738 0.0 0.0 0.0 1.0
0.9849414229393005 0.1360984593629837 -0.10661913454532623 -0.02544240467250347 -0.14182183146476746 0.9887257218360901 -0.04804142564535141 -0.11669882386922836 0.09887871891260147 0.06243890896439552 0.9931386709213257 -0.15676404535770416 0.0 0.0 0.0 1.0
0.9847984313964844 0.13637152314186096 -0.10758630931377411 -0.02532459795475006 -0.1419343799352646 0.9888145923614502 -0.04582926630973816 -0.11548775434494019 0.10013310611248016 0.06040278822183609 0.9931389093399048 -0.15686118602752686 0.0 0.0 0.0 1.0
0.9849077463150024 0.136220782995224 -0.10677354782819748 -0.02512681484222412 -0.14170435070991516 0.9888610243797302 -0.045538339763879776 -0.11450807005167007 0.09938093274831772 0.059981342405080795 0.9932399988174438 -0.15696650743484497 0.0 0.0 0.0 1.0
0.985101044178009 0.13541749119758606 -0.10600984841585159 -0.024835698306560516 -0.1406974047422409 0.9890750050544739 -0.04398750513792038 -0.11350119113922119 0.09889501333236694 0.05824744701385498 0.9933916926383972 -0.15692847967147827 0.0 0.0 0.0 1.0
0.9851498007774353 0.1346869170665741 -0.10648595541715622 -0.024415388703346252 -0.13975080847740173 0.9893131852149963 -0.04158226028084755 -0.1122312843799591 0.09974738210439682 0.05584625527262688 0.9934443235397339 -0.15695469081401825 0.0 0.0 0.0 1.0
0.9848794937133789 0.13158494234085083 -0.11268429458141327 -0.024741556495428085 -0.13684770464897156 0.9897726774215698 -0.04028358682990074 -0.11081577092409134 0.10623112320899963 0.055095065385103226 0.9928139448165894 -0.1561737209558487 0.0 0.0 0.0 1.0
0.9848994016647339 0.1305127888917923 -0.11375217139720917 -0.02455292083323002 -0.13554997742176056 0.9900529384613037 -0.037700481712818146 -0.10955477505922318 0.10770028084516525 0.052550286054611206 0.992793619632721 -0.15576836466789246 0.0 0.0 0.0 1.0
0.98511803150177 0.13027344644069672 -0.11212200671434402 -0.024028807878494263 -0.1349153369665146 0.9902448654174805 -0.03482745215296745 -0.10820779949426651 0.10649114847183228 0.04943612962961197 0.9930839538574219 -0.1557372659444809 0.0 0.0 0.0 1.0
0.9852843284606934 0.12888428568840027 -0.11226599663496017 -0.023538989946246147 -0.1335274577140808 0.9904325604438782 -0.034839726984500885 -0.1072191596031189 0.10670160502195358 0.049317628145217896 0.9930672645568848 -0.1556856334209442 0.0 0.0 0.0 1.0
0.9854406714439392 0.1274431198835373 -0.11253871023654938 -0.02313203550875187 -0.1319819837808609 0.9906750917434692 -0.0338166207075119 -0.10620783269405365 0.10717960447072983 0.04817735403776169 0.9930717349052429 -0.15586338937282562 0.0 0.0 0.0 1.0
0.9855552315711975 0.12625838816165924 -0.11287055909633636 -0.022651121020317078 -0.13084788620471954 0.9908125996589661 -0.03419336676597595 -0.10539156943559647 0.10751637816429138 0.04846832528710365 0.9930211901664734 -0.15591277182102203 0.0 0.0 0.0 1.0
0.9857088327407837 0.1255943477153778 -0.11226809769868851 -0.022158173844218254 -0.13035069406032562 0.9908123016357422 -0.03605120629072189 -0.1046479269862175 0.10670877993106842 0.05017022043466568 0.9930237531661987 -0.15623526275157928 0.0 0.0 0.0 1.0
0.9858734607696533 0.12426422536373138 -0.11230283975601196 -0.021757235750555992 -0.12903103232383728 0.9909797310829163 -0.0361962616443634 -0.10360028594732285 0.10679193586111069 0.05017548426985741 0.9930145740509033 -0.15627646446228027 0.0 0.0 0.0 1.0
0.985822319984436 0.12307429313659668 -0.11404842138290405 -0.021422920748591423 -0.12780115008354187 0.9911792874336243 -0.0350775383412838 -0.10206269472837448 0.10872529447078705 0.049155741930007935 0.9928557276725769 -0.1561579555273056 0.0 0.0 0.0 1.0
0.9857795834541321 0.12287416309118271 -0.11463207751512527 -0.021302226930856705 -0.12765710055828094 0.9911888241767883 -0.03533283248543739 -0.10064293444156647 0.1092805415391922 0.04946398362517357 0.9927794933319092 -0.1560175120830536 0.0 0.0 0.0 1.0
0.9859342575073242 0.1225997656583786 -0.11359117180109024 -0.021079296246170998 -0.12707960605621338 0.9913418292999268 -0.03304709494113922 -0.09902361035346985 0.1085561141371727 0.04701738432049751 0.9929777979850769 -0.15563270449638367 0.0 0.0 0.0 1.0
0.9860002398490906 0.12268412113189697 -0.11292527616024017 -0.02077193558216095 -0.12709829211235046 0.991349995136261 -0.03273003175854683 -0.09754946827888489 0.10793301463127136 0.046624429523944855 0.993064284324646 -0.15520556271076202 0.0 0.0 0.0 1.0
0.9860736727714539 0.12232162058353424 -0.11267706751823425 -0.02066171169281006 -0.12681560218334198 0.9913573265075684 -0.03359236568212509 -0.09617958962917328 0.10759416967630386 0.04741375520825386 0.9930636882781982 -0.15497909486293793 0.0 0.0 0.0 1.0
0.9861477017402649 0.12205236405134201 -0.11232046037912369 -0.02042674645781517 -0.12651166319847107 0.991401195526123 -0.0334429107606411 -0.09463288635015488 0.10727284848690033 0.04718950018286705 0.9931091070175171 -0.15486738085746765 0.0 0.0 0.0 1.0
0.9859951138496399 0.12256515026092529 -0.1130993664264679 -0.020326992496848106 -0.12704066932201385 0.9913409352302551 -0.03322406858205795 -0.09331288933753967 0.10804791748523712 0.04712698608636856 0.9930280447006226 -0.15455487370491028 0.0 0.0 0.0 1.0
0.9858655333518982 0.12302245199680328 -0.1137305349111557 -0.020307214930653572 -0.12743130326271057 0.991320788860321 -0.0323169082403183 -0.091761514544487 0.10876774042844772 0.04635295644402504 0.9929859042167664 -0.15423418581485748 0.0 0.0 0.0 1.0
0.9860062599182129 0.12347720563411713 -0.1120043620467186 -0.020401710644364357 -0.12758062779903412 0.9913679361343384 -0.03021276369690895 -0.09033709019422531 0.10730694234371185 0.04407956078648567 0.9932482838630676 -0.15388476848602295 0.0 0.0 0.0 1.0
0.9857937693595886 0.12508870661258698 -0.11208698153495789 -0.020684437826275826 -0.12904734909534454 0.9912213087081909 -0.028758622705936432 -0.08884455263614655 0.10750562697649002 0.042814597487449646 0.9932821393013 -0.15363499522209167 0.0 0.0 0.0 1.0
0.9855197668075562 0.12713152170181274 -0.11219802498817444 -0.020872265100479126 -0.13112130761146545 0.990945041179657 -0.028897879645228386 -0.08744731545448303 0.10750824213027954 0.043190982192754745 0.9932655692100525 -0.15342892706394196 0.0 0.0 0.0 1.0
0.9853221774101257 0.12962807714939117 -0.11107081919908524 -0.021136941388249397 -0.1334756314754486 0.9906591773033142 -0.027903346344828606 -0.08606370538473129 0.10641627013683319 0.04231903329491615 0.9934207201004028 -0.15358880162239075 0.0 0.0 0.0 1.0
0.984988808631897 0.13304507732391357 -0.10998189449310303 -0.021503854542970657 -0.136849507689476 0.9902026653289795 -0.027765030041337013 -0.08487965911626816 0.10521036386489868 0.04239921271800995 0.9935457110404968 -0.15399304032325745 0.0 0.0 0.0 1.0
0.984779953956604 0.1360834389925003 -0.10811898857355118 -0.02168097160756588 -0.13998670876026154 0.9897187352180481 -0.02933597005903721 -0.08388623595237732 0.1030152440071106 0.044024694710969925 0.9937050342559814 -0.15448470413684845 0.0 0.0 0.0 1.0
0.9844001531600952 0.13909682631492615 -0.10774224251508713 -0.02174983359873295 -0.14285871386528015 0.9893473982810974 -0.027984030544757843 -0.08272954821586609 0.10270201414823532 0.04293940216302872 0.9937849640846252 -0.15486854314804077 0.0 0.0 0.0 1.0
0.9842489361763 0.14074137806892395 -0.10698532313108444 -0.02189554087817669 -0.14421698451042175 0.9892191290855408 -0.025436781346797943 -0.08158647269010544 0.10225191712379456 0.04046522453427315 0.9939351677894592 -0.1556183248758316 0.0 0.0 0.0 1.0
0.9842026829719543 0.14140711724758148 -0.10653237998485565 -0.021982211619615555 -0.1453467756509781 0.9889218211174011 -0.03013261966407299 -0.08077454566955566 0.10109122842550278 0.045140743255615234 0.9938525557518005 -0.1562042087316513 0.0 0.0 0.0 1.0
0.9841476678848267 0.14181309938430786 -0.10650088638067245 -0.022085368633270264 -0.1462760865688324 0.988614022731781 -0.03529403358697891 -0.07997619360685349 0.10028310865163803 0.0503130741417408 0.9936860203742981 -0.1565675139427185 0.0 0.0 0.0 1.0
0.9839565753936768 0.14242202043533325 -0.10744958370923996 -0.022096754983067513 -0.14668220281600952 0.9886395335197449 -0.0328049436211586 -0.07902815192937851 0.10155675560235977 0.04803958535194397 0.9936691522598267 -0.15660040080547333 0.0 0.0 0.0 1.0
0.9839344024658203 0.14190244674682617 -0.10833640396595001 -0.0222299974411726 -0.1461278349161148 0.9887456297874451 -0.03207399696111679 -0.07804825156927109 0.10256576538085938 0.047389671206474304 0.9935967326164246 -0.15628096461296082 0.0 0.0 0.0 1.0
0.9844629168510437 0.13963542878627777 -0.1064644455909729 -0.022342300042510033 -0.1436765342950821 0.9891313314437866 -0.031244685873389244 -0.07696858793497086 0.10094445943832397 0.04605567827820778 0.9938254952430725 -0.15613359212875366 0.0 0.0 0.0 1.0
0.9840643405914307 0.14162738621234894 -0.10751289874315262 -0.02230379730463028 -0.1456204056739807 0.9888793230056763 -0.030205318704247475 -0.0760703757405281 0.1020393818616867 0.04538004845380783 0.9937447309494019 -0.1554919183254242 0.0 0.0 0.0 1.0
0.9841910600662231 0.14048288762569427 -0.10785415768623352 -0.022477351129055023 -0.14431294798851013 0.9891207814216614 -0.028529057279229164 -0.07541249692440033 0.10267294198274612 0.0436427965760231 0.9937573075294495 -0.15501539409160614 0.0 0.0 0.0 1.0
0.9838066101074219 0.1431199610233307 -0.1078944280743599 -0.02240743860602379 -0.14661642909049988 0.9888733625411987 -0.025160565972328186 -0.07436464726924896 0.10309294611215591 0.04057222604751587 0.9938439130783081 -0.1546318382024765 0.0 0.0 0.0 1.0
0.9848648905754089 0.1392832249403 -0.10315708070993423 -0.022532451897859573 -0.14184345304965973 0.9897276759147644 -0.01787739433348179 -0.07266812771558762 0.09960739314556122 0.032238975167274475 0.9945043921470642 -0.15494199097156525 0.0 0.0 0.0 1.0
0.9840371012687683 0.14346134662628174 -0.10530805587768555 -0.022620899602770805 -0.14638054370880127 0.9890159964561462 -0.020495252683758736 -0.07269968092441559 0.1012110784649849 0.035583142191171646 0.9942284226417542 -0.15369252860546112 0.0 0.0 0.0 1.0
0.9841271638870239 0.14473767578601837 -0.10268761962652206 -0.02224535495042801 -0.1473322957754135 0.9889212846755981 -0.018108854070305824 -0.07183799147605896 0.09892893582582474 0.032950617372989655 0.9945487976074219 -0.1536121666431427 0.0 0.0 0.0 1.0
0.9839457273483276 0.1457463949918747 -0.10299886763095856 -0.022405551746487617 -0.1479874700307846 0.9888840913772583 -0.014421035535633564 -0.07092154026031494 0.09975212067365646 0.029432058334350586 0.9945769309997559 -0.15298409759998322 0.0 0.0 0.0 1.0
0.9838982224464417 0.14632587134838104 -0.10263027250766754 -0.022762885317206383 -0.14833296835422516 0.9888626933097839 -0.012163497507572174 -0.07010935992002487 0.09970740973949432 0.027191095054149628 0.9946451783180237 -0.15255670249462128 0.0 0.0 0.0 1.0
0.9843867421150208 0.1466933637857437 -0.09728185832500458 -0.02291461080312729 -0.14775459468364716 0.9890169501304626 -0.003756608348339796 -0.06892997771501541 0.09566233307123184 0.018071796745061874 0.9952498078346252 -0.1531699299812317 0.0 0.0 0.0 1.0
0.9836322069168091 0.1463838815689087 -0.10506860911846161 -0.023561982437968254 -0.14821231365203857 0.9889073371887207 -0.00976813118904829 -0.06833979487419128 0.10247322171926498 0.02518071047961712 0.9944170117378235 -0.15174424648284912 0.0 0.0 0.0 1.0
0.9836177825927734 0.1459590643644333 -0.10579244047403336 -0.024029135704040527 -0.14779534935951233 0.9889705181121826 -0.009688089601695538 -0.06756837666034698 0.10321154445409775 0.025165008381009102 0.9943410158157349 -0.1512376070022583 0.0 0.0 0.0 1.0
0.9835941791534424 0.14627830684185028 -0.10557059943675995 -0.024166829884052277 -0.14796115458011627 0.9889587759971619 -0.008245683275163174 -0.06667466461658478 0.1031988114118576 0.023730752989649773 0.994377613067627 -0.15096868574619293 0.0 0.0 0.0 1.0
0.9836099743843079 0.14602236449718475 -0.10577739030122757 -0.024314993992447853 -0.1475265473127365 0.9890367388725281 -0.006495794281363487 -0.06583083420991898 0.1036691963672638 0.021994302049279213 0.9943686127662659 -0.1506137251853943 0.0 0.0 0.0 1.0
0.983818531036377 0.14463195204734802 -0.10574807971715927 -0.02464248426258564 -0.14591190218925476 0.9892876744270325 -0.004427795298397541 -0.06474650651216507 0.10397487133741379 0.01978605054318905 0.9943830966949463 -0.15025736391544342 0.0 0.0 0.0 1.0
0.983593761920929 0.14557553827762604 -0.10654149204492569 -0.024762369692325592 -0.14620421826839447 0.9892525672912598 0.0019280490232631564 -0.063508041203022 0.10567712038755417 0.01368039846420288 0.9943063855171204 -0.14978639781475067 0.0 0.0 0.0 1.0
0.9835758805274963 0.1474226415157318 -0.10413942486047745 -0.02439308352768421 -0.1482069343328476 0.9889563322067261 0.00020920264068990946 -0.062156353145837784 0.10302018374204636 0.015228417702019215 0.9945626854896545 -0.14895780384540558 0.0 0.0 0.0 1.0
0.9839320182800293 0.14593663811683655 -0.1028604805469513 -0.024323172867298126 -0.14655481278896332 0.9892013072967529 0.00156276929192245 -0.06110849976539612 0.10197778791189194 0.013537039048969746 0.9946945905685425 -0.14857423305511475 0.0 0.0 0.0 1.0
0.9840654730796814 0.14487668871879578 -0.10308219492435455 -0.024145005270838737 -0.14530813694000244 0.9893807768821716 0.0033516029361635447 -0.05989738553762436 0.10247310996055603 0.011680485680699348 0.9946671724319458 -0.14808285236358643 0.0 0.0 0.0 1.0
0.9839209318161011 0.14389987289905548 -0.10579413920640945 -0.024061737582087517 -0.14373795688152313 0.989573061466217 0.009193879552185535 -0.05859096348285675 0.10601402819156647 0.006160582881420851 0.9943455457687378 -0.14754776656627655 0.0 0.0 0.0 1.0
0.98416668176651 0.1419340968132019 -0.10616333037614822 -0.023683303967118263 -0.1416870653629303 0.9898619651794434 0.009904230013489723 -0.057520583271980286 0.1064927875995636 0.0052945576608181 0.9942993521690369 -0.14722983539104462 0.0 0.0 0.0 1.0
0.9846630096435547 0.1399746984243393 -0.104143425822258 -0.02322489395737648 -0.14008797705173492 0.9901192784309387 0.006262505892664194 -0.05668158456683159 0.10399100929498672 0.008422784507274628 0.9945425987243652 -0.1469200849533081 0.0 0.0 0.0 1.0
0.984920859336853 0.1392691731452942 -0.10264017432928085 -0.022548407316207886 -0.13920176029205322 0.9902328848838806 0.007854555733501911 -0.05563856288790703 0.10273157805204391 0.006551578175276518 0.994687557220459 -0.1465817540884018 0.0 0.0 0.0 1.0
0.9849461913108826 0.13857945799827576 -0.1033284068107605 -0.022089997306466103 -0.1383737474679947 0.9903374314308167 0.009191395714879036 -0.05479956790804863 0.10360372811555862 0.005244909320026636 0.9946048259735107 -0.14627200365066528 0.0 0.0 0.0 1.0
0.9848373532295227 0.13810904324054718 -0.10498199611902237 -0.021741406992077827 -0.1378827840089798 0.9904035329818726 0.009445098228752613 -0.0540013313293457 0.10527899116277695 0.005173324607312679 0.9944292902946472 -0.14588302373886108 0.0 0.0 0.0 1.0
0.985016405582428 0.13830268383026123 -0.10302917659282684 -0.021321095526218414 -0.13790550827980042 0.9903842806816101 0.011002766899764538 -0.05273142829537392 0.1035601869225502 0.0033703846856951714 0.9946174621582031 -0.14590924978256226 0.0 0.0 0.0 1.0
0.9850502610206604 0.13927610218524933 -0.10138096660375595 -0.020932193845510483 -0.13872651755809784 0.9902520179748535 0.01248606014996767 -0.051611170172691345 0.10213171690702438 0.0017648318316787481 0.9947693347930908 -0.1456773579120636 0.0 0.0 0.0 1.0
0.9848623275756836 0.14122508466243744 -0.10050734877586365 -0.020647093653678894 -0.14065876603126526 0.9899762272834778 0.012735066935420036 -0.050567980855703354 0.10129839926958084 0.0015949523076415062 0.9948548078536987 -0.14550277590751648 0.0 0.0 0.0 1.0
0.9846043586730957 0.1429414451122284 -0.10060838609933853 -0.020078862085938454 -0.14233505725860596 0.9897302985191345 0.013217157684266567 -0.04968822002410889 0.10146444290876389 0.001306429854594171 0.994838297367096 -0.14527225494384766 0.0 0.0 0.0 1.0
0.9843623638153076 0.14355605840682983 -0.10209010541439056 -0.019737854599952698 -0.14283721148967743 0.9896420836448669 0.014355400577187538 -0.04873117804527283 0.1030934676527977 0.00045134875108487904 0.9946715831756592 -0.14455968141555786 0.0 0.0 0.0 1.0
0.9849846363067627 0.1429014354944229 -0.09687350690364838 -0.01918967254459858 -0.14184421300888062 0.9897298216819763 0.017749464139342308 -0.0475294403731823 0.09841502457857132 -0.003742002649232745 0.99513840675354 -0.1450747698545456 0.0 0.0 0.0 1.0
0.9846301078796387 0.14469175040721893 -0.09781547635793686 -0.019042670726776123 -0.14309006929397583 0.98943692445755 0.02323334850370884 -0.04692165553569794 0.1001439169049263 -0.008879831060767174 0.9949333071708679 -0.1449369639158249 0.0 0.0 0.0 1.0
0.9854936599731445 0.1408645212650299 -0.09465401619672775 -0.01794339157640934 -0.14044708013534546 0.99002605676651 0.011091377586126328 -0.04572915658354759 0.09527232497930527 0.0023633979726582766 0.9954484701156616 -0.14469298720359802 0.0 0.0 0.0 1.0
0.9854945540428162 0.14220282435417175 -0.09262212365865707 -0.01724572479724884 -0.1416817009449005 0.9898369312286377 0.012211580760776997 -0.045040059834718704 0.09341732412576675 0.0010884144576266408 0.9956264495849609 -0.14513841271400452 0.0 0.0 0.0 1.0
0.9851052165031433 0.144315704703331 -0.09349165856838226 -0.016674363985657692 -0.14350290596485138 0.9895301461219788 0.015394691377878189 -0.04440529644489288 0.09473451226949692 -0.0017490655882284045 0.9955010414123535 -0.14528201520442963 0.0 0.0 0.0 1.0
0.9851521849632263 0.1445188671350479 -0.09267932921648026 -0.015425628051161766 -0.14327123761177063 0.9894810914993286 0.02001214772462845 -0.04230577126145363 0.09459657967090607 -0.006436728872358799 0.9954949021339417 -0.14600497484207153 0.0 0.0 0.0 1.0
0.9857485294342041 0.1433064043521881 -0.08810825645923615 -0.014907964505255222 -0.140376016497612 0.9893442392349243 0.03863335773348808 -0.04083193838596344 0.09270580112934113 -0.025714490562677383 0.9953614473342896 -0.14717963337898254 0.0 0.0 0.0 1.0
0.9859233498573303 0.140969380736351 -0.0899040699005127 -0.014348206110298634 -0.1396884024143219 0.9899849891662598 0.02041640505194664 -0.040215108543634415 0.09188177436590195 -0.0075704543851315975 0.9957411289215088 -0.14570783078670502 0.0 0.0 0.0 1.0
0.9859421849250793 0.1421021819114685 -0.08789175748825073 -0.013556125573813915 -0.14090749621391296 0.9898270964622498 0.01968272589147091 -0.03871394693851471 0.0897945985198021 -0.0070214238949120045 0.9959355592727661 -0.14497359097003937 0.0 0.0 0.0 1.0
0.985512375831604 0.14443504810333252 -0.08890388160943985 -0.013114877045154572 -0.1430552899837494 0.9894760251045227 0.021734237670898438 -0.03734428063035011 0.09110745042562485 -0.008701187558472157 0.9958030581474304 -0.1451718807220459 0.0 0.0 0.0 1.0
0.9855504631996155 0.14366218447685242 -0.08972964435815811 -0.013243666850030422 -0.1421579271554947 0.9895774722099304 0.022969497367739677 -0.036278191953897476 0.09209427982568741 -0.009881817735731602 0.995701253414154 -0.14480192959308624 0.0 0.0 0.0 1.0
0.9860780239105225 0.14202292263507843 -0.08648469299077988 -0.01267165970057249 -0.14008982479572296 0.9897412061691284 0.028056278824806213 -0.0347680039703846 0.08958210051059723 -0.015550055541098118 0.9958580732345581 -0.14525152742862701 0.0 0.0 0.0 1.0
0.985579252243042 0.14575888216495514 -0.08595264703035355 -0.01254298072308302 -0.14309939742088318 0.9890400767326355 0.03636396303772926 -0.032177940011024475 0.09031098335981369 -0.023539796471595764 0.9956353902816772 -0.14512899518013 0.0 0.0 0.0 1.0
0.9852195382118225 0.14572623372077942 -0.09003481268882751 -0.01244570966809988 -0.14288857579231262 0.9890382289886475 0.0372321642935276 -0.02973751910030842 0.09447357803583145 -0.0238169115036726 0.9952424168586731 -0.14474834501743317 0.0 0.0 0.0 1.0
0.9856166839599609 0.1443876475095749 -0.08781776577234268 -0.012228553183376789 -0.14178921282291412 0.9892718195915222 0.035173024982213974 -0.028535569086670876 0.09195418655872345 -0.022215507924556732 0.9955154061317444 -0.14483867585659027 0.0 0.0 0.0 1.0
0.9856863617897034 0.14406560361385345 -0.08756434172391891 -0.012333273887634277 -0.1413397341966629 0.9892842173576355 0.03660371154546738 -0.027614716440439224 0.09189935773611069 -0.02370345965027809 0.9954861402511597 -0.1450149267911911 0.0 0.0 0.0 1.0
0.9850295782089233 0.14616179466247559 -0.09139705449342728 -0.012499921023845673 -0.1427052766084671 0.9888172149658203 0.04330969974398613 -0.026571407914161682 0.09670520573854446 -0.02961849421262741 0.9948722720146179 -0.14559262990951538 0.0 0.0 0.0 1.0
0.9847304224967957 0.14946389198303223 -0.08925553411245346 -0.012580816633999348 -0.14556264877319336 0.9881466627120972 0.048761967569589615 -0.025342103093862534 0.09548570960760117 -0.03502512350678444 0.994814395904541 -0.14570336043834686 0.0 0.0 0.0 1.0
0.9856993556022644 0.14517782628536224 -0.08555813878774643 -0.012319381348788738 -0.14248929917812347 0.9891132116317749 0.03676686808466911 -0.022824564948678017 0.08996442705392838 -0.02404995821416378 0.9956545829772949 -0.14467689394950867 0.0 0.0 0.0 1.0
0.9857986569404602 0.14335237443447113 -0.08747059106826782 -0.012608125805854797 -0.1403394341468811 0.9893069863319397 0.03970569372177124 -0.021295715123414993 0.09222716838121414 -0.02686624601483345 0.9953754544258118 -0.14429056644439697 0.0 0.0 0.0 1.0
0.9853935837745667 0.14604008197784424 -0.08758854866027832 -0.01244175061583519 -0.14260849356651306 0.9887887835502625 0.04426715895533562 -0.02046567015349865 0.093071348965168 -0.031129702925682068 0.9951726794242859 -0.14413778483867645 0.0 0.0 0.0 1.0
0.9862040281295776 0.14246124029159546 -0.08429975807666779 -0.011791330762207508 -0.13895384967327118 0.9892235994338989 0.04613516852259636 -0.019064361229538918 0.08996378630399704 -0.033784911036491394 0.9953718185424805 -0.14440849423408508 0.0 0.0 0.0 1.0
0.9861251711845398 0.14233113825321198 -0.08543399721384048 -0.011688446626067162 -0.13863879442214966 0.9891922473907471 0.04772863909602165 -0.01798936538398266 0.09130392223596573 -0.035221945494413376 0.995199978351593 -0.14447011053562164 0.0 0.0 0.0 1.0
0.9860445857048035 0.14192718267440796 -0.08702132105827332 -0.010996149852871895 -0.13828547298908234 0.9892969727516174 0.046568870544433594 -0.016388531774282455 0.0926993191242218 -0.03388519957661629 0.9951173663139343 -0.14508497714996338 0.0 0.0 0.0 1.0
0.9860458374023438 0.14178185164928436 -0.08724404126405716 -0.009919806383550167 -0.13830749690532684 0.9893806576728821 0.04468723386526108 -0.015082744881510735 0.09265340119600296 -0.03199715539813042 0.9951841831207275 -0.14582416415214539 0.0 0.0 0.0 1.0
0.9865332245826721 0.14034435153007507 -0.08399774879217148 -0.00871335156261921 -0.13733594119548798 0.9896916747093201 0.04061015322804451 -0.01451185904443264 0.08883127570152283 -0.028527356684207916 0.9956380724906921 -0.14650867879390717 0.0 0.0 0.0 1.0
0.9870238304138184 0.13638782501220703 -0.084748774766922 -0.008509551174938679 -0.13364897668361664 0.9903296232223511 0.037217993289232254 -0.01356847956776619 0.08900530636310577 -0.025408459827303886 0.9957070350646973 -0.1467505544424057 0.0 0.0 0.0 1.0
0.986864447593689 0.13754141330718994 -0.08474044501781464 -0.007900766097009182 -0.13452599942684174 0.9900882244110107 0.04034923017024994 -0.012820382602512836 0.08945020288228989 -0.028419427573680878 0.9955857396125793 -0.14728881418704987 0.0 0.0 0.0 1.0
0.9864974617958069 0.1396484673023224 -0.085563063621521 -0.006985024083405733 -0.1365019679069519 0.989765465259552 0.04161122441291809 -0.01192726194858551 0.09049830585718155 -0.029369842261075974 0.9954634308815002 -0.14770565927028656 0.0 0.0 0.0 1.0
0.9862217307090759 0.1414804756641388 -0.08573204278945923 -0.006294939201325178 -0.1382155865430832 0.9894716739654541 0.042920999228954315 -0.011079357005655766 0.09090191125869751 -0.030480116605758667 0.9953932762145996 -0.14782747626304626 0.0 0.0 0.0 1.0
0.9861189126968384 0.14145106077194214 -0.08695480972528458 -0.004947742447257042 -0.13811250030994415 0.9894691109657288 0.04331105202436447 -0.009410691447556019 0.0921654924750328 -0.03070029988884926 0.995270311832428 -0.14762593805789948 0.0 0.0 0.0 1.0
0.9859166741371155 0.14154691994190216 -0.08906616270542145 -0.004407789558172226 -0.1382041871547699 0.9894840717315674 0.042671747505664825 -0.008925572037696838 0.09416960179805756 -0.02976146899163723 0.9951112270355225 -0.14751143753528595 0.0 0.0 0.0 1.0
0.9861816763877869 0.13843600451946259 -0.09100119769573212 -0.003448172938078642 -0.13595706224441528 0.9901673793792725 0.03292765095829964 -0.008045976981520653 0.0946647897362709 -0.020100388675928116 0.9953062534332275 -0.14711716771125793 0.0 0.0 0.0 1.0
0.9860755205154419 0.13840696215629578 -0.09218805283308029 -0.002810434205457568 -0.1359400749206543 0.990182101726532 0.03255222737789154 -0.007447477430105209 0.09578841179609299 -0.01956690289080143 0.9952093958854675 -0.14680880308151245 0.0 0.0 0.0 1.0
0.9853640794754028 0.14082950353622437 -0.09604527056217194 -0.0022364293690770864 -0.1386134922504425 0.9899100661277771 0.029400529339909554 -0.0061503383331000805 0.09921663999557495 -0.015657054260373116 0.9949426651000977 -0.1461031585931778 0.0 0.0 0.0 1.0
0.9850732088088989 0.14268068969249725 -0.0962962880730629 -0.0016577295027673244 -0.1399785280227661 0.989560604095459 0.03429087623953819 -0.005220696795731783 0.10018365830183029 -0.02029961161315441 0.9947618842124939 -0.14595867693424225 0.0 0.0 0.0 1.0
0.9844171404838562 0.14620782434940338 -0.09770458191633224 -0.0005702415946871042 -0.1434255987405777 0.9890435934066772 0.03495536372065544 -0.004409266635775566 0.10174483805894852 -0.02039732038974762 0.9946013689041138 -0.146053284406662 0.0 0.0 0.0 1.0
0.9840995073318481 0.14696086943149567 -0.09975285828113556 -0.0001991474855458364 -0.14423330128192902 0.9889571666717529 0.03406498208642006 -0.0036337675992399454 0.10365752130746841 -0.019135650247335434 0.9944289326667786 -0.1460234373807907 0.0 0.0 0.0 1.0
0.9835286736488342 0.14869345724582672 -0.10276974737644196 0.0008515621884725988 -0.14544431865215302 0.9886186122894287 0.038459524512290955 -0.0020602450240403414 0.10731876641511917 -0.022878767922520638 0.9939613938331604 -0.14602938294410706 0.0 0.0 0.0 1.0
0.9835579991340637 0.1478777378797531 -0.10366199165582657 0.0014705740613862872 -0.14463593065738678 0.9887487292289734 0.03816332668066025 -0.000808579905424267 0.10813916474580765 -0.022542597725987434 0.9938801527023315 -0.14604198932647705 0.0 0.0 0.0 1.0
0.9833550453186035 0.14788424968719482 -0.10556074976921082 0.002080681500956416 -0.14487653970718384 0.9888070821762085 0.03565634787082672 0.00027070497162640095 0.10965222865343094 -0.01976957358419895 0.9937734007835388 -0.14615562558174133 0.0 0.0 0.0 1.0
0.982742965221405 0.14966051280498505 -0.10871066898107529 0.0028663116972893476 -0.14639542996883392 0.9885164499282837 0.03746455907821655 0.0018987278454005718 0.11306925117969513 -0.02090328559279442 0.9933671951293945 -0.14662714302539825 0.0 0.0 0.0 1.0
0.9825348258018494 0.1500515341758728 -0.11004471778869629 0.003613194916397333 -0.14663150906562805 0.9884383678436279 0.03858543932437897 0.003082228358834982 0.11456222087144852 -0.021775515750050545 0.9931774139404297 -0.147128626704216 0.0 0.0 0.0 1.0
0.9826316237449646 0.149173766374588 -0.110373355448246 0.0041629415936768055 -0.14607669413089752 0.9886296391487122 0.035679128021001816 0.004161466844379902 0.11444076150655746 -0.018936464563012123 0.9932495951652527 -0.1478307843208313 0.0 0.0 0.0 1.0
0.9827163815498352 0.14961183071136475 -0.10901743918657303 0.00493076303973794 -0.14656086266040802 0.9885634779930115 0.03552676737308502 0.005444729700684547 0.11308588832616806 -0.01893504522740841 0.993404746055603 -0.1485043466091156 0.0 0.0 0.0 1.0
0.983100175857544 0.149898961186409 -0.10509194433689117 0.0055947815999388695 -0.14692090451717377 0.988508403301239 0.035572733730077744 0.006650920957326889 0.1092165857553482 -0.019531356170773506 0.9938260912895203 -0.14923523366451263 0.0 0.0 0.0 1.0
0.9844295978546143 0.14466069638729095 -0.09985830634832382 0.006522286217659712 -0.1419888734817505 0.9893045425415039 0.03340176120400429 0.009344776161015034 0.1036221981048584 -0.0187029130756855 0.9944408535957336 -0.15035007894039154 0.0 0.0 0.0 1.0
0.984917938709259 0.1420665979385376 -0.09876079857349396 0.006838118191808462 -0.13953886926174164 0.989696741104126 0.03208255022764206 0.011081845499575138 0.10230109840631485 -0.017817707732319832 0.9945939183235168 -0.1511642187833786 0.0 0.0 0.0 1.0
0.9850260615348816 0.14318744838237762 -0.09602593630552292 0.007157079875469208 -0.14025238156318665 0.9894359707832336 0.03668346256017685 0.012573916465044022 0.10026413202285767 -0.02266630344092846 0.9947026371955872 -0.1523524969816208 0.0 0.0 0.0 1.0
0.9856213927268982 0.1416538953781128 -0.09211192280054092 0.0065818848088383675 -0.13912546634674072 0.9897131323814392 0.03334725275635719 0.014148055575788021 0.09588814526796341 -0.020052649080753326 0.9951900839805603 -0.1536019891500473 0.0 0.0 0.0 1.0
0.9851012229919434 0.14445218443870544 -0.09332311153411865 0.006202261429280043 -0.142166867852211 0.9893657565116882 0.030724314972758293 0.015948954969644547 0.09676888585090637 -0.016999104991555214 0.9951617121696472 -0.1544637531042099 0.0 0.0 0.0 1.0
0.985913872718811 0.1406494826078415 -0.09050719439983368 0.0053788479417562485 -0.138023242354393 0.9898216128349304 0.03468083217740059 0.02033994533121586 0.09446381777524948 -0.021700218319892883 0.9952917695045471 -0.1571323126554489 0.0 0.0 0.0 1.0
0.9865041375160217 0.1378011703491211 -0.08843344449996948 0.0050096940249204636 -0.13532355427742004 0.9902365207672119 0.033454690128564835 0.022190727293491364 0.09218011796474457 -0.021036062389612198 0.9955201148986816 -0.1580801159143448 0.0 0.0 0.0 1.0
0.9873995184898376 0.13168388605117798 -0.0877581462264061 0.0044529251754283905 -0.12883029878139496 0.9909593462944031 0.03744838386774063 0.026404717937111855 0.09189610183238983 -0.02567060850560665 0.9954376816749573 -0.1604701578617096 0.0 0.0 0.0 1.0
0.9879295229911804 0.129301518201828 -0.08530141413211823 0.004323027096688747 -0.12699085474014282 0.9913874864578247 0.032002877444028854 0.02810559794306755 0.08870477974414825 -0.020784087479114532 0.9958410859107971 -0.16217313706874847 0.0 0.0 0.0 1.0
0.987548828125 0.13419781625270844 -0.08208718150854111 0.003979720175266266 -0.13145402073860168 0.9905941486358643 0.03798774257302284 0.03065462037920952 0.0864129513502121 -0.026724059134721756 0.9959009289741516 -0.16550248861312866 0.0 0.0 0.0 1.0
0.98710697889328 0.13640043139457703 -0.08375398069620132 0.0035568978637456894 -0.13412749767303467 0.9904402494430542 0.03221675753593445 0.03192480653524399 0.08734769374132156 -0.020567676052451134 0.9959655404090881 -0.16644474864006042 0.0 0.0 0.0 1.0
0.9865661263465881 0.14007605612277985 -0.0840592011809349 0.0027290612924844027 -0.13772527873516083 0.9899148941040039 0.03317033872008324 0.03480994328856468 0.08785782754421234 -0.021147657185792923 0.9959084987640381 -0.16812720894813538 0.0 0.0 0.0 1.0
0.9866232872009277 0.140984907746315 -0.08183997124433517 0.0027356960345059633 -0.13879385590553284 0.9898074269294739 0.031899452209472656 0.037068724632263184 0.08550315350294113 -0.020113857463002205 0.996134877204895 -0.16960635781288147 0.0 0.0 0.0 1.0
0.9859414100646973 0.1448686420917511 -0.08326239138841629 0.0018184923101216555 -0.14214719831943512 0.9891248941421509 0.0377645306289196 0.040920235216617584 0.08782780170440674 -0.025398099794983864 0.9958118200302124 -0.1701582670211792 0.0 0.0 0.0 1.0
0.9850980639457703 0.1484844982624054 -0.0867992639541626 0.0012298590736463666 -0.14569763839244843 0.9886128306388855 0.03764110058546066 0.04447229206562042 0.09139998257160187 -0.02443372830748558 0.995514452457428 -0.17003020644187927 0.0 0.0 0.0 1.0
0.9847989678382874 0.15079492330551147 -0.08620864152908325 0.000754851324018091 -0.14725124835968018 0.9880232214927673 0.04612097144126892 0.04727587476372719 0.09213094413280487 -0.03272555395960808 0.9952089786529541 -0.16962487995624542 0.0 0.0 0.0 1.0
0.9845514893531799 0.1518019735813141 -0.08726098388433456 0.0004322160384617746 -0.14822576940059662 0.9878768920898438 0.04613461717963219 0.04977550730109215 0.09320643544197083 -0.03248758241534233 0.995116651058197 -0.16891232132911682 0.0 0.0 0.0 1.0
0.9843559861183167 0.15156355500221252 -0.08984300494194031 -0.0007073249435052276 -0.14721360802650452 0.9876702427864075 0.053250789642333984 0.05369994044303894 0.09680614620447159 -0.03919162228703499 0.9945313334465027 -0.16758933663368225 0.0 0.0 0.0 1.0
0.9840405583381653 0.154518723487854 -0.08825043588876724 -0.000954435090534389 -0.1499694436788559 0.987098753452301 0.05608173459768295 0.05588199943304062 0.09577757865190506 -0.04195183143019676 0.9945183396339417 -0.16693547368049622 0.0 0.0 0.0 1.0
0.9824984073638916 0.1607855260372162 -0.09404748678207397 -0.0014306040247902274 -0.1551680713891983 0.9857922196388245 0.0643158033490181 0.060137197375297546 0.10305233299732208 -0.04859700798988342 0.993488073348999 -0.16603738069534302 0.0 0.0 0.0 1.0
0.9824594259262085 0.16067643463611603 -0.09463898837566376 -0.0018853199435397983 -0.1544424295425415 0.985524594783783 0.06992007046937943 0.062165115028619766 0.1045035570859909 -0.05407736077904701 0.9930531978607178 -0.16549813747406006 0.0 0.0 0.0 1.0
0.9821724891662598 0.16084513068199158 -0.09729348123073578 -0.002147433115169406 -0.1543494164943695 0.9854611754417419 0.07101072371006012 0.06644759327173233 0.10730067640542984 -0.05472758784890175 0.9927192330360413 -0.16327965259552002 0.0 0.0 0.0 1.0
0.9833654761314392 0.15604279935359955 -0.09296789020299911 -0.001958150416612625 -0.14843040704727173 0.9853601455688477 0.0838678628206253 0.06858401745557785 0.10469382256269455 -0.0686734989285469 0.9921306371688843 -0.16318029165267944 0.0 0.0 0.0 1.0
0.9831111431121826 0.15301479399204254 -0.10039399564266205 -0.001488676993176341 -0.14533160626888275 0.9861534833908081 0.07987482845783234 0.07116514444351196 0.111225925385952 -0.06393541395664215 0.9917364120483398 -0.160696879029274 0.0 0.0 0.0 1.0
0.9831957221031189 0.15187056362628937 -0.10129887610673904 -0.001119390595704317 -0.14438781142234802 0.9864778518676758 0.07754740864038467 0.07251682877540588 0.11170626431703568 -0.06161796301603317 0.9918290972709656 -0.1598682701587677 0.0 0.0 0.0 1.0
0.98382967710495 0.14822562038898468 -0.10054018348455429 -0.00023646041518077254 -0.14051304757595062 0.9868478775024414 0.07992056012153625 0.07516560703516006 0.11106414347887039 -0.06450100988149643 0.9917178750038147 -0.15892253816127777 0.0 0.0 0.0 1.0
0.9831545352935791 0.1486348807811737 -0.10637132823467255 -0.0003721566463354975 -0.1403004676103592 0.9867077469825745 0.08199720829725266 0.07584626972675323 0.11714506149291992 -0.0656919851899147 0.990939736366272 -0.15749835968017578 0.0 0.0 0.0 1.0
0.9840900897979736 0.14181353151798248 -0.10703077167272568 -0.00015837278624530882 -0.13351719081401825 0.9877231121063232 0.08109408617019653 0.0777469053864479 0.11721700429916382 -0.06551343947649002 0.9909430742263794 -0.1566028892993927 0.0 0.0 0.0 1.0
0.9855570197105408 0.1326977163553238 -0.10520768165588379 -0.0006422558799386024 -0.12450899928808212 0.9889115691184998 0.08094077557325363 0.07895844429731369 0.11478175222873688 -0.0666724443435669 0.9911507964134216 -0.15526197850704193 0.0 0.0 0.0 1.0
0.9841963052749634 0.1376783400774002 -0.1113656535744667 -0.0005961696151643991 -0.12881439924240112 0.988168478012085 0.08324600756168365 0.07969784736633301 0.12150920182466507 -0.06758490949869156 0.9902867078781128 -0.15494391322135925 0.0 0.0 0.0 1.0
0.9843328595161438 0.13535553216934204 -0.11299411207437515 -0.0008439263910986483 -0.12659959495067596 0.9886085987091064 0.0813979059457779 0.08100447803735733 0.12272460758686066 -0.06581762433052063 0.9902558922767639 -0.15398406982421875 0.0 0.0 0.0 1.0
0.9849560856819153 0.1305006891489029 -0.11327456682920456 -0.0010025587398558855 -0.12231899052858353 0.9895437955856323 0.07642770558595657 0.08179842680692673 0.122064009308815 -0.06142229959368706 0.9906198382377625 -0.15354306995868683 0.0 0.0 0.0 1.0
0.9853173494338989 0.12881213426589966 -0.11205849051475525 -0.001477294834330678 -0.1205887570977211 0.9896860718727112 0.07732909172773361 0.08272865414619446 0.1208636611700058 -0.06268070638179779 0.9906882047653198 -0.15271282196044922 0.0 0.0 0.0 1.0
0.9854836463928223 0.12671209871768951 -0.11298679560422897 -0.002028878079727292 -0.11852341145277023 0.99000084400177 0.0764886736869812 0.08364526927471161 0.12154906243085861 -0.06198675557971001 0.9906480312347412 -0.15224851667881012 0.0 0.0 0.0 1.0
0.9861277341842651 0.12538188695907593 -0.10877259075641632 -0.003054308006539941 -0.11651652306318283 0.9895983934402466 0.0843736082315445 0.08591385185718536 0.11822010576725006 -0.07052935659885406 0.9904794692993164 -0.1518716663122177 0.0 0.0 0.0 1.0
0.9859221577644348 0.12484483420848846 -0.11122635751962662 -0.0035820656921714544 -0.11593526601791382 0.989759087562561 0.08328214287757874 0.08713891357183456 0.12048465013504028 -0.06921464949846268 0.9902993440628052 -0.15134185552597046 0.0 0.0 0.0 1.0
0.9864510893821716 0.12104076892137527 -0.11074032634496689 -0.004748319275677204 -0.11198452860116959 0.9900973439216614 0.0846564918756485 0.09054620563983917 0.11989058554172516 -0.07110828906297684 0.990237295627594 -0.15032194554805756 0.0 0.0 0.0 1.0
0.9864749312400818 0.12217600643634796 -0.10927116870880127 -0.005944172851741314 -0.11237091571092606 0.9894161224365234 0.09180664271116257 0.09322766959667206 0.1193312257528305 -0.0782860517501831 0.9897632598876953 -0.14984267950057983 0.0 0.0 0.0 1.0
0.986452579498291 0.12019284069538116 -0.11164694279432297 -0.006616964004933834 -0.10999135673046112 0.9895299077033997 0.0934477224946022 0.09505156427621841 0.12170973420143127 -0.0799015462398529 0.9893444776535034 -0.14933203160762787 0.0 0.0 0.0 1.0
0.9871339797973633 0.11555292457342148 -0.11051730811595917 -0.007146961987018585 -0.10558776557445526 0.9901317954063416 0.09214264154434204 0.09694336354732513 0.12007405608892441 -0.07928785681724548 0.9895936846733093 -0.1493457853794098 0.0 0.0 0.0 1.0
0.9872317910194397 0.11603657901287079 -0.10912790894508362 -0.008419420570135117 -0.10589583963155746 0.9898722171783447 0.0945463627576828 0.09915751963853836 0.11899352073669434 -0.0817829892039299 0.9895211458206177 -0.14984415471553802 0.0 0.0 0.0 1.0
0.9872968196868896 0.11610813438892365 -0.1084614023566246 -0.008991052396595478 -0.10584867000579834 0.9897372126579285 0.09600172191858292 0.10039611160755157 0.11849486082792282 -0.08330170065164566 0.9894542694091797 -0.15012545883655548 0.0 0.0 0.0 1.0
0.9874862432479858 0.11347921937704086 -0.10951442271471024 -0.010308950208127499 -0.10327988117933273 0.9901329874992371 0.09470953792333603 0.10274629294872284 0.11918140947818756 -0.08221372961997986 0.9894628524780273 -0.15124785900115967 0.0 0.0 0.0 1.0
0.9874718189239502 0.11370595544576645 -0.10940930247306824 -0.010982820764183998 -0.10346339643001556 0.9900719523429871 0.09514635056257248 0.10378531366586685 0.11914179474115372 -0.08263448625802994 0.9894325733184814 -0.15177354216575623 0.0 0.0 0.0 1.0
0.9877035021781921 0.11218675225973129 -0.1088847815990448 -0.012014700099825859 -0.10283897817134857 0.9907991290092468 0.08798398077487946 0.10618075728416443 0.11775358021259308 -0.07570448517799377 0.9901529550552368 -0.1526024341583252 0.0 0.0 0.0 1.0
0.9878965020179749 0.11274337023496628 -0.10653349757194519 -0.012357788160443306 -0.1031375452876091 0.9904261827468872 0.09175298362970352 0.10767325013875961 0.11585810035467148 -0.07965485006570816 0.990066647529602 -0.15294118225574493 0.0 0.0 0.0 1.0
0.9877613186836243 0.1147502213716507 -0.1056409552693367 -0.012804951518774033 -0.10470297932624817 0.9898397326469421 0.09620106220245361 0.11096202582120895 0.11560670286417007 -0.08396276086568832 0.9897400140762329 -0.15376216173171997 0.0 0.0 0.0 1.0
0.9882042407989502 0.11344369500875473 -0.10287325084209442 -0.01287918258458376 -0.10325999557971954 0.9896709322929382 0.09944236278533936 0.11303044855594635 0.11309178173542023 -0.08764667809009552 0.9897112250328064 -0.15431544184684753 0.0 0.0 0.0 1.0
0.9877119064331055 0.11790260672569275 -0.10258742421865463 -0.012199192307889462 -0.10746075958013535 0.9889657497406006 0.10197509825229645 0.11657725274562836 0.11347857862710953 -0.08969789743423462 0.989483118057251 -0.1550821214914322 0.0 0.0 0.0 1.0
0.9881715178489685 0.11678791791200638 -0.09938635677099228 -0.011876021511852741 -0.10634970664978027 0.9888176918029785 0.10454356670379639 0.11860919743776321 0.11048440635204315 -0.09273726493120193 0.9895418286323547 -0.1556081920862198 0.0 0.0 0.0 1.0
0.9882283210754395 0.11649397015571594 -0.09916594624519348 -0.01132077258080244 -0.10650058835744858 0.9891975522041321 0.10072657465934753 0.12197916954755783 0.10982874780893326 -0.08897962421178818 0.989959716796875 -0.15626011788845062 0.0 0.0 0.0 1.0
0.9885093569755554 0.11747366935014725 -0.09512730687856674 -0.010810690931975842 -0.10709866136312485 0.9884005188941956 0.10767680406570435 0.12361181527376175 0.10667306929826736 -0.09625152498483658 0.9896244406700134 -0.15711116790771484 0.0 0.0 0.0 1.0
0.9887476563453674 0.11704260855913162 -0.09316176921129227 -0.009860926307737827 -0.10698042064905167 0.9885377287864685 0.1065286323428154 0.1267366111278534 0.10456231236457825 -0.09536345303058624 0.9899356365203857 -0.15797345340251923 0.0 0.0 0.0 1.0
0.9890699982643127 0.11521190404891968 -0.09201524406671524 -0.009253058582544327 -0.10557173937559128 0.9890064001083374 0.1035422533750534 0.1284826397895813 0.10293296724557877 -0.09269632399082184 0.9903596043586731 -0.15863065421581268 0.0 0.0 0.0 1.0
0.9897783994674683 0.11227056384086609 -0.08794371783733368 -0.007952248677611351 -0.1030198186635971 0.9892818927764893 0.10348042100667953 0.1327049285173416 0.09861893951892853 -0.09336274117231369 0.9907359480857849 -0.16020868718624115 0.0 0.0 0.0 1.0
0.9899356365203857 0.11102136224508286 -0.0877591148018837 -0.007195168174803257 -0.1022176444530487 0.9898087978363037 0.099146768450737 0.13581165671348572 0.09787215292453766 -0.08917839080095291 0.9911953806877136 -0.16122113168239594 0.0 0.0 0.0 1.0
0.9901955723762512 0.1116316094994545 -0.08397068083286285 -0.006690457463264465 -0.10277564823627472 0.9893284440040588 0.10327811539173126 0.1383560299873352 0.09460368752479553 -0.09363538771867752 0.9911016821861267 -0.1622416228055954 0.0 0.0 0.0 1.0
0.9900209307670593 0.1128653958439827 -0.08437977731227875 -0.006293355021625757 -0.1046653538942337 0.9898632764816284 0.09599944949150085 0.14161257445812225 0.09435945749282837 -0.08620982617139816 0.991798460483551 -0.1636759340763092 0.0 0.0 0.0 1.0
0.9900394082069397 0.1142110526561737 -0.0823272168636322 -0.006271122954785824 -0.10637126863002777 0.989869236946106 0.09404255449771881 0.14346319437026978 0.09223388135433197 -0.08434858173131943 0.9921583533287048 -0.1644599884748459 0.0 0.0 0.0 1.0
0.989987313747406 0.11601139605045319 -0.08041416853666306 -0.006008988246321678 -0.10915253311395645 0.9903831481933594 0.0850113183259964 0.14603933691978455 0.08950311690568924 -0.07538272440433502 0.9931297302246094 -0.16630518436431885 0.0 0.0 0.0 1.0
0.9898720979690552 0.11666195839643478 -0.08089020103216171 -0.00592771777883172 -0.11004874110221863 0.9905461668968201 0.08189960569143295 0.1475588083267212 0.08968004584312439 -0.07216826826334 0.9933525323867798 -0.1669253408908844 0.0 0.0 0.0 1.0
0.9901827573776245 0.11495708674192429 -0.07951728999614716 -0.005531019531190395 -0.10972733050584793 0.9916813969612122 0.06728971749544144 0.1494862288236618 0.08659125119447708 -0.057903897017240524 0.9945597648620605 -0.16866536438465118 0.0 0.0 0.0 1.0
0.9901243448257446 0.11557480692863464 -0.07934906333684921 -0.005585635080933571 -0.11005300283432007 0.9914034008979797 0.07076453417539597 0.15132322907447815 0.0868455320596695 -0.06133308634161949 0.9943320155143738 -0.16981534659862518 0.0 0.0 0.0 1.0
0.989905834197998 0.11664149910211563 -0.08050612360239029 -0.005904897581785917 -0.11140253394842148 0.991529643535614 0.06677116453647614 0.15312418341636658 0.08761249482631683 -0.05712857469916344 0.9945151209831238 -0.17008858919143677 0.0 0.0 0.0 1.0
0.9895379543304443 0.11899340152740479 -0.08157978951931 -0.006061318330466747 -0.11425574868917465 0.9916083216667175 0.060486242175102234 0.1546710580587387 0.08809266239404678 -0.050532471388578415 0.9948297142982483 -0.17014063894748688 0.0 0.0 0.0 1.0
0.9893552660942078 0.12233009934425354 -0.07881329208612442 -0.006485302001237869 -0.11704281717538834 0.9907582402229309 0.06854970008134842 0.15739285945892334 0.08647061139345169 -0.05859547480940819 0.9945297241210938 -0.1705901324748993 0.0 0.0 0.0 1.0
0.989312469959259 0.12218030542135239 -0.07957860082387924 -0.006737539544701576 -0.11725150793790817 0.9910423755645752 0.06393023580312729 0.1600329577922821 0.08667678385972977 -0.053916268050670624 0.9947764277458191 -0.17071738839149475 0.0 0.0 0.0 1.0
0.9896243810653687 0.11969777196645737 -0.07947378605604172 -0.006685275584459305 -0.11578533798456192 0.9919041991233826 0.05215216800570488 0.16251885890960693 0.08507288247346878 -0.042409155517816544 0.9954717755317688 -0.16961847245693207 0.0 0.0 0.0 1.0
0.9896239638328552 0.12040738761425018 -0.07839974761009216 -0.006711855996400118 -0.11569824814796448 0.9913424253463745 0.062081724405288696 0.16520418226718903 0.08519609272480011 -0.052366845309734344 0.9949871301651001 -0.17004075646400452 0.0 0.0 0.0 1.0
0.9900477528572083 0.1183503046631813 -0.0761488676071167 -0.006785926874727011 -0.11329498887062073 0.9912585020065308 0.06760827451944351 0.16905540227890015 0.08348467200994492 -0.058308131992816925 0.9948017001152039 -0.16967663168907166 0.0 0.0 0.0 1.0
0.9902156591415405 0.11742734163999557 -0.07539083808660507 -0.006967334542423487 -0.11282186955213547 0.9916349053382874 0.06270089000463486 0.1717454493045807 0.08212298154830933 -0.05358166620135307 0.9951807856559753 -0.16930142045021057 0.0 0.0 0.0 1.0
0.9907554984092712 0.114035964012146 -0.07348018884658813 -0.006789682433009148 -0.10931137204170227 0.9918532967567444 0.06540678441524506 0.17528359591960907 0.08034029603004456 -0.05676991492509842 0.995149552822113 -0.16862325370311737 0.0 0.0 0.0 1.0
0.9906850457191467 0.11475179344415665 -0.0733155906200409 -0.006898694671690464 -0.1100894883275032 0.9918096661567688 0.06476008892059326 0.17790105938911438 0.08014645427465439 -0.05608557164669037 0.995203971862793 -0.16793259978294373 0.0 0.0 0.0 1.0
0.9908756613731384 0.11372995376586914 -0.07232514023780823 -0.006949586793780327 -0.10887834429740906 0.991738498210907 0.06782527267932892 0.1811853051185608 0.07944139093160629 -0.05933176726102829 0.9950722455978394 -0.16719700396060944 0.0 0.0 0.0 1.0
0.9908078908920288 0.11365141719579697 -0.0733693316578865 -0.006972604431211948 -0.10871350020170212 0.9917362928390503 0.06812157481908798 0.18353508412837982 0.0805051401257515 -0.05951916053891182 0.9949755668640137 -0.16665108501911163 0.0 0.0 0.0 1.0
0.9911666512489319 0.11091311275959015 -0.07271142303943634 -0.007024818565696478 -0.10647912323474884 0.9923633337020874 0.062267374247312546 0.18648815155029297 0.07906241714954376 -0.053975097835063934 0.9954073429107666 -0.16634011268615723 0.0 0.0 0.0 1.0
0.9914143681526184 0.1095086857676506 -0.07145228981971741 -0.007110409438610077 -0.1052260622382164 0.99256432056427 0.061184726655483246 0.1880849450826645 0.07762125134468079 -0.05314077436923981 0.99556565284729 -0.1658896654844284 0.0 0.0 0.0 1.0
0.9919688105583191 0.10621663182973862 -0.06867214292287827 -0.00748582324013114 -0.1021580919623375 0.9929485321044922 0.060140933841466904 0.19042572379112244 0.07457587122917175 -0.052642516791820526 0.9958248734474182 -0.1660892367362976 0.0 0.0 0.0 1.0
0.9919320344924927 0.10534491389989853 -0.07052132487297058 -0.007762533612549305 -0.10140293836593628 0.9931922554969788 0.05732917785644531 0.1918819546699524 0.0760805681347847 -0.04971557855606079 0.9958614706993103 -0.16597601771354675 0.0 0.0 0.0 1.0
0.9919999241828918 0.10461564362049103 -0.07065228372812271 -0.008166871964931488 -0.10078141838312149 0.9933413863182068 0.05582106113433838 0.19295267760753632 0.07602159678936005 -0.04825405031442642 0.9959378838539124 -0.1659855991601944 0.0 0.0 0.0 1.0
0.9919925332069397 0.10423820465803146 -0.07131043821573257 -0.008524881675839424 -0.10049387067556381 0.99345862865448 0.054230157285928726 0.19430910050868988 0.07649682462215424 -0.046629648655653 0.9959788918495178 -0.166288822889328 0.0 0.0 0.0 1.0
0.9921920895576477 0.10285690426826477 -0.07053608447313309 -0.009151100181043148 -0.0994078740477562 0.9937498569488525 0.05078717693686485 0.1959650218486786 0.07531902939081192 -0.0433787927031517 0.9962155222892761 -0.16668349504470825 0.0 0.0 0.0 1.0
0.9923569560050964 0.1026509553194046 -0.06848647445440292 -0.0096808560192585 -0.09955740720033646 0.9939137101173401 0.04715821519494057 0.19740313291549683 0.07291048020124435 -0.039979446679353714 0.9965368509292603 -0.1673089563846588 0.0 0.0 0.0 1.0
0.9920169711112976 0.10569453239440918 -0.06878199428319931 -0.010274101980030537 -0.1025446280837059 0.9935778975486755 0.047828469425439835 0.19908618927001953 0.07339547574520111 -0.04039343073964119 0.9964845776557922 -0.16814880073070526 0.0 0.0 0.0 1.0
0.9917038083076477 0.1063404455780983 -0.07221705466508865 -0.011382153257727623 -0.10323183983564377 0.9936159253120422 0.04550378397107124 0.20092378556728363 0.07659491151571274 -0.037671178579330444 0.9963504076004028 -0.1686130166053772 0.0 0.0 0.0 1.0
0.9915348291397095 0.10638190060853958 -0.07444187253713608 -0.012218865565955639 -0.10415447503328323 0.9940068125724792 0.03320097178220749 0.20221687853336334 0.077527716755867 -0.0251664649695158 0.996672511100769 -0.16935989260673523 0.0 0.0 0.0 1.0
0.9911390542984009 0.11129831522703171 -0.07249844819307327 -0.01324200164526701 -0.10922245681285858 0.9935019016265869 0.0320068821310997 0.20300190150737762 0.07558965682983398 -0.023804811760783195 0.996854841709137 -0.17100517451763153 0.0 0.0 0.0 1.0
0.9906349778175354 0.11600703001022339 -0.07200521230697632 -0.014466970227658749 -0.1143486425280571 0.9930803179740906 0.026755524799227715 0.20405015349388123 0.07461078464984894 -0.01827126182615757 0.9970453381538391 -0.17228993773460388 0.0 0.0 0.0 1.0
0.9904166460037231 0.11848212778568268 -0.07097083330154419 -0.015446231700479984 -0.11710017174482346 0.9928457736968994 0.023340819403529167 0.2048216462135315 0.07322856038808823 -0.014806438237428665 0.9972052574157715 -0.17312410473823547 0.0 0.0 0.0 1.0
0.9898486137390137 0.12209484726190567 -0.07275044918060303 -0.016494758427143097 -0.12104863673448563 0.9924716353416443 0.018637025728821754 0.20542071759700775 0.07447823882102966 -0.009641490876674652 0.9971760511398315 -0.17464782297611237 0.0 0.0 0.0 1.0
0.9896206259727478 0.12314451485872269 -0.07407059520483017 -0.01709979586303234 -0.12186909466981888 0.9923129677772522 0.02151627279818058 0.20672272145748138 0.0761508196592331 -0.012266031466424465 0.9970208406448364 -0.1758262664079666 0.0 0.0 0.0 1.0
0.9893218278884888 0.12305358052253723 -0.07810363918542862 -0.01760035566985607 -0.122163325548172 0.9923794865608215 0.016094151884317398 0.2075575441122055 0.07948888838291168 -0.006380895152688026 0.9968153238296509 -0.17621678113937378 0.0 0.0 0.0 1.0
0.9892561435699463 0.12371260672807693 -0.07789379358291626 -0.01834060437977314 -0.12242589890956879 0.992253303527832 0.021101433783769608 0.20863282680511475 0.07990088313817978 -0.011338505893945694 0.9967383146286011 -0.17719443142414093 0.0 0.0 0.0 1.0
0.9892829656600952 0.12280833721160889 -0.07897690683603287 -0.01874561794102192 -0.12131095677614212 0.9923362135887146 0.023504316806793213 0.21024776995182037 0.08125817030668259 -0.01367165520787239 0.9965993165969849 -0.17793463170528412 0.0 0.0 0.0 1.0
0.9897761940956116 0.11764802783727646 -0.08063498139381409 -0.018780184909701347 -0.11640532314777374 0.9930012226104736 0.019959324970841408 0.21176280081272125 0.08241880685091019 -0.010368924587965012 0.996543824672699 -0.17833901941776276 0.0 0.0 0.0 1.0
0.9894517660140991 0.11674387007951736 -0.0857677310705185 -0.019157567992806435 -0.11588399857282639 0.9931501746177673 0.01495398674160242 0.21289695799350739 0.08692602068185806 -0.004857140127569437 0.9962029457092285 -0.17865721881389618 0.0 0.0 0.0 1.0
0.9892428517341614 0.117318294942379 -0.08737817406654358 -0.019672401249408722 -0.1162397488951683 0.9930696487426758 0.017348648980259895 0.21447114646434784 0.08880792558193207 -0.007005210965871811 0.9960241317749023 -0.17931818962097168 0.0 0.0 0.0 1.0
0.989104688167572 0.11696384847164154 -0.08939461410045624 -0.019887618720531464 -0.11592650413513184 0.9931169152259827 0.016727328300476074 0.21589547395706177 0.0907357931137085 -0.00618187477812171 0.9958558082580566 -0.18014582991600037 0.0 0.0 0.0 1.0
0.9890576601028442 0.11706885695457458 -0.08977633714675903 -0.020277710631489754 -0.11602581292390823 0.9931046366691589 0.016768403351306915 0.2176464945077896 0.09112035483121872 -0.0061685461550951 0.9958207607269287 -0.1809215545654297 0.0 0.0 0.0 1.0
0.9891585111618042 0.1156526729464531 -0.09049822390079498 -0.02096008136868477 -0.114034503698349 0.9932135343551636 0.022869035601615906 0.21984224021434784 0.09252892434597015 -0.012301180511713028 0.9956340193748474 -0.18124255537986755 0.0 0.0 0.0 1.0
0.9891834259033203 0.1143135279417038 -0.09191623330116272 -0.020985743030905724 -0.1129172295331955 0.9933976531028748 0.02026774361729622 0.22152964770793915 0.09362625330686569 -0.009669588878750801 0.9955604672431946 -0.1815458983182907 0.0 0.0 0.0 1.0
0.9885352849960327 0.11605002731084824 -0.0965937003493309 -0.021250419318675995 -0.11509475111961365 0.9932348132133484 0.015422294847667217 0.22291326522827148 0.09772998839616776 -0.004128055181354284 0.9952043890953064 -0.1817057728767395 0.0 0.0 0.0 1.0
0.9890729188919067 0.11297031491994858 -0.09472326189279556 -0.02119702287018299 -0.1118469312787056 0.9935782551765442 0.017103299498558044 0.2253672033548355 0.09604714065790176 -0.006321903318166733 0.9953567385673523 -0.18213623762130737 0.0 0.0 0.0 1.0
0.9894500374794006 0.1103605329990387 -0.09385710954666138 -0.021326487883925438 -0.10943125933408737 0.993881106376648 0.01500666607171297 0.22697752714157104 0.09493894875049591 -0.004577444400638342 0.9954725503921509 -0.18249690532684326 0.0 0.0 0.0 1.0
0.989043653011322 0.11169273406267166 -0.0965268686413765 -0.02138199284672737 -0.11092951148748398 0.993739902973175 0.013254273682832718 0.2283927947282791 0.09740300476551056 -0.0024013768415898085 0.9952421188354492 -0.18272921442985535 0.0 0.0 0.0 1.0
0.9896307587623596 0.11013409495353699 -0.09220315515995026 -0.021140120923519135 -0.10938747227191925 0.9939125180244446 0.013128035701811314 0.23032492399215698 0.09308771044015884 -0.002906037960201502 0.9956536889076233 -0.1836717277765274 0.0 0.0 0.0 1.0
0.9896172285079956 0.10957060754299164 -0.09301614761352539 -0.020982004702091217 -0.10923120379447937 0.9939779043197632 0.008747660554945469 0.231858029961586 0.09341447800397873 0.0015034304233267903 0.9956261515617371 -0.18392594158649445 0.0 0.0 0.0 1.0
0.9898982048034668 0.10726013779640198 -0.09271892160177231 -0.02047661691904068 -0.1071591004729271 0.9942232966423035 0.0060820491053164005 0.2338581681251526 0.0928356721997261 0.003915066830813885 0.9956737756729126 -0.18421581387519836 0.0 0.0 0.0 1.0
0.990361213684082 0.10426290333271027 -0.0911806970834732 -0.02053147554397583 -0.10354647040367126 0.9945452213287354 0.012565896846354008 0.23614884912967682 0.09199348092079163 -0.003003337187692523 0.9957550764083862 -0.18475410342216492 0.0 0.0 0.0 1.0
0.9904282689094543 0.10153204947710037 -0.09350444376468658 -0.020504117012023926 -0.10121110081672668 0.9948313236236572 0.008180654607713223 0.23754140734672546 0.09385175257921219 0.0013613365590572357 0.9955852627754211 -0.1847570240497589 0.0 0.0 0.0 1.0
0.990077018737793 0.10314519703388214 -0.09543900936841965 -0.02082783170044422 -0.10229954123497009 0.9946589469909668 0.013724710792303085 0.23925617337226868 0.09634490311145782 -0.0038251534570008516 0.9953406453132629 -0.18508078157901764 0.0 0.0 0.0 1.0
0.9903066754341125 0.10320176184177399 -0.09296253323554993 -0.021010318771004677 -0.10200973600149155 0.9946295022964478 0.017497288063168526 0.24116133153438568 0.0942690297961235 -0.007844598032534122 0.9955158233642578 -0.18574188649654388 0.0 0.0 0.0 1.0
0.9901777505874634 0.10431238263845444 -0.09309627115726471 -0.021127749234437943 -0.10289910435676575 0.9944933652877808 0.019867226481437683 0.2426990419626236 0.09465602785348892 -0.01009256299585104 0.9954589009284973 -0.18637564778327942 0.0 0.0 0.0 1.0
0.9901799559593201 0.10482466220855713 -0.0924956351518631 -0.02126455307006836 -0.103369802236557 0.9944338798522949 0.020395450294017792 0.24401448667049408 0.09411874413490295 -0.010633910074830055 0.9955042004585266 -0.18702439963817596 0.0 0.0 0.0 1.0
0.9903078079223633 0.10430970042943954 -0.09170568734407425 -0.02140003629028797 -0.10285745561122894 0.9944861531257629 0.02043507993221283 0.24566112458705902 0.09333161264657974 -0.010804405435919762 0.9955764412879944 -0.18724851310253143 0.0 0.0 0.0 1.0
0.9904822707176208 0.10276293754577637 -0.09156786650419235 -0.02135017327964306 -0.10136809945106506 0.9946525692939758 0.01976804994046688 0.24703095853328705 0.09310963749885559 -0.01029784232378006 0.9956026077270508 -0.18761056661605835 0.0 0.0 0.0 1.0
0.9895908236503601 0.10653743147850037 -0.09674564749002457 -0.021481849253177643 -0.10526638478040695 0.9942781925201416 0.018163012340664864 0.24788835644721985 0.09812712669372559 -0.007789887022227049 0.9951434135437012 -0.1874781847000122 0.0 0.0 0.0 1.0
0.990188479423523 0.1032019779086113 -0.09421326965093613 -0.02198176272213459 -0.10174483060836792 0.9946063756942749 0.02015412598848343 0.24959862232208252 0.09578506648540497 -0.010370669886469841 0.9953480362892151 -0.18817467987537384 0.0 0.0 0.0 1.0
0.9913621544837952 0.09868838638067245 -0.08638074994087219 -0.022201431915163994 -0.09707821160554886 0.9950188398361206 0.0226571224629879 0.25093674659729004 0.08818647265434265 -0.01407572440803051 0.9960045218467712 -0.18905282020568848 0.0 0.0 0.0 1.0
0.9900221228599548 0.10523754358291626 -0.09370826929807663 -0.022077364847064018 -0.10387585312128067 0.9944028854370117 0.019305869936943054 0.2516578137874603 0.09521547704935074 -0.009379210881888866 0.9954125285148621 -0.18989820778369904 0.0 0.0 0.0 1.0
0.989951491355896 0.1057823896408081 -0.09384099394083023 -0.02225448191165924 -0.1045176237821579 0.9943545460700989 0.01830565184354782 0.25265124440193176 0.09524763375520706 -0.008313668891787529 0.995418906211853 -0.19038987159729004 0.0 0.0 0.0 1.0
0.989976167678833 0.1046210378408432 -0.09487681835889816 -0.022458553314208984 -0.10306296497583389 0.9944490790367126 0.021189745515584946 0.2535812258720398 0.0965670570731163 -0.011199058033525944 0.9952634572982788 -0.19057291746139526 0.0 0.0 0.0 1.0
0.989788293838501 0.10329318791627884 -0.09823281317949295 -0.02275150828063488 -0.10194110870361328 0.9946146607398987 0.018698500469326973 0.2545701861381531 0.09963522106409073 -0.008493593893945217 0.9949877858161926 -0.19084879755973816 0.0 0.0 0.0 1.0
0.989396870136261 0.10560234636068344 -0.09970927983522415 -0.023235579952597618 -0.10390100628137589 0.9943416714668274 0.02211909554898739 0.255418598651886 0.10148091614246368 -0.011524668894708157 0.9947707056999207 -0.19146189093589783 0.0 0.0 0.0 1.0
0.9893957376480103 0.10621929913759232 -0.09906302392482758 -0.02362632006406784 -0.10417840629816055 0.9942299723625183 0.025566941127181053 0.2562941908836365 0.10120712220668793 -0.01497559528797865 0.9947526454925537 -0.19193163514137268 0.0 0.0 0.0 1.0
0.9892936944961548 0.10714332014322281 -0.0990872010588646 -0.02399612031877041 -0.10520853102207184 0.9941467642784119 0.024564696475863457 0.25726956129074097 0.10113915801048279 -0.013876880519092083 0.9947754740715027 -0.1925734579563141 0.0 0.0 0.0 1.0
0.9894149303436279 0.10747478902339935 -0.09750533849000931 -0.024232275784015656 -0.1052473932504654 0.9940596222877502 0.027721626684069633 0.2585941255092621 0.09990549832582474 -0.017166009172797203 0.9948488473892212 -0.19322900474071503 0.0 0.0 0.0 1.0
0.9896085858345032 0.10722357034683228 -0.09580138325691223 -0.02428778074681759 -0.1047406867146492 0.9940288662910461 0.03059493936598301 0.26000937819480896 0.09850984066724777 -0.020242713391780853 0.9949301481246948 -0.1934613138437271 0.0 0.0 0.0 1.0
0.9900510311126709 0.10474121570587158 -0.09395884722471237 -0.02423948235809803 -0.10286540538072586 0.9943909645080566 0.02460358291864395 0.2615016996860504 0.09600883722305298 -0.014693688601255417 0.9952720403671265 -0.19363629817962646 0.0 0.0 0.0 1.0
0.9893777966499329 0.10764249414205551 -0.09769663959741592 -0.02437809482216835 -0.10558909177780151 0.9940707683563232 0.02596561424434185 0.2633933424949646 0.0999123826622963 -0.01537410356104374 0.9948774576187134 -0.1934863030910492 0.0 0.0 0.0 1.0
0.9897586107254028 0.10806044191122055 -0.09327824413776398 -0.024411339312791824 -0.10537349432706833 0.9938756823539734 0.03328019008040428 0.26523953676223755 0.09630324691534042 -0.023110298439860344 0.9950836896896362 -0.19346603751182556 0.0 0.0 0.0 1.0
0.9902686476707458 0.10558532923460007 -0.09066270291805267 -0.024256352335214615 -0.10332278162240982 0.9942159652709961 0.029309827834367752 0.2670176327228546 0.09323299676179886 -0.019657080993056297 0.9954502582550049 -0.19334614276885986 0.0 0.0 0.0 1.0
0.9899504780769348 0.10750563442707062 -0.09187260270118713 -0.024519706144928932 -0.10509292781352997 0.9939877390861511 0.030721722170710564 0.2687324285507202 0.09462299942970276 -0.020757822319865227 0.9952967166900635 -0.19308137893676758 0.0 0.0 0.0 1.0
0.9901059865951538 0.1072537824511528 -0.09048064053058624 -0.02458122745156288 -0.10448263585567474 0.9939162731170654 0.034840479493141174 0.2701840102672577 0.09366695582866669 -0.025042111054062843 0.995288610458374 -0.19317713379859924 0.0 0.0 0.0 1.0
0.9901665449142456 0.107662633061409 -0.08932492136955261 -0.024954158812761307 -0.10455356538295746 0.993762195110321 0.03879778832197189 0.27140435576438904 0.09294480085372925 -0.029077034443616867 0.9952465891838074 -0.19344483315944672 0.0 0.0 0.0 1.0
0.9904736876487732 0.10575979948043823 -0.08818557113409042 -0.025141986086964607 -0.1032557412981987 0.994123637676239 0.032502129673957825 0.27280157804489136 0.09110478311777115 -0.02308684028685093 0.9955736398696899 -0.193238765001297 0.0 0.0 0.0 1.0
0.9906420707702637 0.10465216636657715 -0.08761420100927353 -0.025561247020959854 -0.10208839923143387 0.9942191243171692 0.03326084092259407 0.27373623847961426 0.0905885398387909 -0.024005193263292313 0.9955990314483643 -0.1932128369808197 0.0 0.0 0.0 1.0
0.990289032459259 0.10591273754835129 -0.09005628526210785 -0.026200147345662117 -0.10304553061723709 0.9940276741981506 0.03592570498585701 0.27458932995796204 0.09332343190908432 -0.026296934112906456 0.9952884912490845 -0.19302843511104584 0.0 0.0 0.0 1.0
0.9900133609771729 0.10722170025110245 -0.09152592718601227 -0.026730790734291077 -0.10480041801929474 0.9940138459205627 0.030876843258738518 0.275605708360672 0.09428870677947998 -0.020976532250642776 0.995323896408081 -0.1927362084388733 0.0 0.0 0.0 1.0
0.9904565811157227 0.10536886751651764 -0.08884377032518387 -0.026951350271701813 -0.10361762344837189 0.9943249225616455 0.024111272767186165 0.27652212977409363 0.09088015556335449 -0.014675388112664223 0.9957537055015564 -0.19269666075706482 0.0 0.0 0.0 1.0
0.9904929995536804 0.10474222898483276 -0.089177705347538 -0.027471525594592094 -0.10280046612024307 0.9943593144416809 0.026108238846063614 0.2775883674621582 0.09140931814908981 -0.016692519187927246 0.9956734776496887 -0.19249047338962555 0.0 0.0 0.0 1.0
0.9905168414115906 0.1060037687420845 -0.08740454912185669 -0.027862265706062317 -0.10365793853998184 0.9941307902336121 0.030967237427830696 0.2784639596939087 0.09017419815063477 -0.02161339484155178 0.9956914782524109 -0.1929602175951004 0.0 0.0 0.0 1.0
0.9905203580856323 0.10606221109628677 -0.0872935876250267 -0.028204435482621193 -0.10373114794492722 0.9941273331642151 0.0308330450206995 0.2789585292339325 0.09005115926265717 -0.021485695615410805 0.9957053661346436 -0.19318003952503204 0.0 0.0 0.0 1.0
0.9904441237449646 0.10660041868686676 -0.0875033363699913 -0.028442801907658577 -0.1042068675160408 0.9940568804740906 0.03149371221661568 0.2795301675796509 0.09034053981304169 -0.022074313834309578 0.9956662654876709 -0.19334253668785095 0.0 0.0 0.0 1.0
0.990525484085083 0.10571052879095078 -0.08766122907400131 -0.028672264888882637 -0.10331598669290543 0.9941518902778625 0.031430114060640335 0.2802741825580597 0.0904710665345192 -0.022075524553656578 0.9956544041633606 -0.19340401887893677 0.0 0.0 0.0 1.0
0.9901171326637268 0.10797476023435593 -0.08949611335992813 -0.02905185893177986 -0.10517393797636032 0.9938215613365173 0.03545549139380455 0.2806554436683655 0.09277147054672241 -0.02569243125617504 0.9953559041023254 -0.19322918355464935 0.0 0.0 0.0 1.0
0.9899241924285889 0.10822419822216034 -0.0913107693195343 -0.028907986357808113 -0.10614778846502304 0.9939752221107483 0.02731223776936531 0.281508207321167 0.09371647983789444 -0.017344607040286064 0.9954478144645691 -0.1927172690629959 0.0 0.0 0.0 1.0
0.990359365940094 0.10479428619146347 -0.09058987349271774 -0.028746062889695168 -0.10330060124397278 0.9944277405738831 0.021035760641098022 0.28225207328796387 0.0922895073890686 -0.01147497445344925 0.9956660866737366 -0.19261498749256134 0.0 0.0 0.0 1.0
0.9900698065757751 0.10624852776527405 -0.09204895794391632 -0.02889266051352024 -0.10462115705013275 0.9942611455917358 0.02234177105128765 0.28297340869903564 0.09389448910951614 -0.012489644810557365 0.9955037832260132 -0.19244708120822906 0.0 0.0 0.0 1.0
0.990051805973053 0.10704763233661652 -0.0913136750459671 -0.028907179832458496 -0.10518941283226013 0.9941394329071045 0.024939294904470444 0.28416645526885986 0.0934482216835022 -0.015085962601006031 0.9955098628997803 -0.19210584461688995 0.0 0.0 0.0 1.0
0.9901062846183777 0.10657721012830734 -0.0912732183933258 -0.028807424008846283 -0.10475994646549225 0.9941959977149963 0.02448851615190506 0.2854864299297333 0.09335339069366455 -0.014684455469250679 0.9955247640609741 -0.19179333746433258 0.0 0.0 0.0 1.0
0.9900264739990234 0.10721652209758759 -0.09139025956392288 -0.02863214537501335 -0.10513509064912796 0.9940829873085022 0.027307065203785896 0.2864888608455658 0.09377726912498474 -0.017426393926143646 0.995440661907196 -0.19153952598571777 0.0 0.0 0.0 1.0
0.9902145266532898 0.10565679520368576 -0.09116898477077484 -0.028142569586634636 -0.10389870405197144 0.9943023324012756 0.0238325372338295 0.2879312038421631 0.09316760301589966 -0.01412698533385992 0.9955502152442932 -0.19087620079517365 0.0 0.0 0.0 1.0
0.9901739954948425 0.10708124935626984 -0.08993896842002869 -0.02793455868959427 -0.10497952252626419 0.9940858483314514 0.027796152979135513 0.2894144356250763 0.0923835039138794 -0.01808127947151661 0.9955593347549438 -0.1904558688402176 0.0 0.0 0.0 1.0
0.9902390837669373 0.10677750408649445 -0.08958335220813751 -0.027638990432024002 -0.10477252304553986 0.9941348433494568 0.026806285604834557 0.2905075252056122 0.09192024916410446 -0.017158757895231247 0.9956185221672058 -0.19036732614040375 0.0 0.0 0.0 1.0
0.9903849363327026 0.10676838457584381 -0.0879669189453125 -0.027125347405672073 -0.10459810495376587 0.9940935373306274 0.028935573995113373 0.29180461168289185 0.09053675085306168 -0.019456183537840843 0.9957030415534973 -0.1902501881122589 0.0 0.0 0.0 1.0
0.9906315207481384 0.10644793510437012 -0.08554524183273315 -0.02659076452255249 -0.10394580662250519 0.994028627872467 0.03320230916142464 0.2932014763355255 0.08856873959302902 -0.023999184370040894 0.995780885219574 -0.19030512869358063 0.0 0.0 0.0 1.0
0.9907264113426208 0.10579196363687515 -0.08525978773832321 -0.02600761316716671 -0.10334765911102295 0.9941108226776123 0.03260248899459839 0.2942172884941101 0.08820676058530807 -0.02348874881863594 0.9958252310752869 -0.19011014699935913 0.0 0.0 0.0 1.0
0.9907868504524231 0.10555449873209 -0.08485102653503418 -0.02518857643008232 -0.1030498519539833 0.9941157102584839 0.03338732197880745 0.2957819104194641 0.08787591755390167 -0.02433583326637745 0.9958341121673584 -0.18968452513217926 0.0 0.0 0.0 1.0
0.9909974336624146 0.10306312888860703 -0.08545223623514175 -0.024746006354689598 -0.10015936940908432 0.994260311126709 0.0376104861497879 0.29748275876045227 0.08883801847696304 -0.028713051229715347 0.9956321716308594 -0.18945817649364471 0.0 0.0 0.0 1.0
0.9909735321998596 0.10274089872837067 -0.08611512929201126 -0.024623747915029526 -0.09962914139032364 0.9942324757575989 0.03969688341021538 0.29878002405166626 0.08969695121049881 -0.03075898438692093 0.99549400806427 -0.18950480222702026 0.0 0.0 0.0 1.0
0.9910445213317871 0.10331360995769501 -0.08459918200969696 -0.0242863018065691 -0.10001491755247116 0.9940840601921082 0.04235471785068512 0.3000726103782654 0.08847451955080032 -0.03351423144340515 0.995514452457428 -0.18976040184497833 0.0 0.0 0.0 1.0
0.9912813305854797 0.10232427716255188 -0.08301252126693726 -0.023919014260172844 -0.09883523732423782 0.9940806031227112 0.04511434957385063 0.30163735151290894 0.08713743090629578 -0.036516450345516205 0.9955267906188965 -0.19008705019950867 0.0 0.0 0.0 1.0
0.9911404848098755 0.10216370970010757 -0.08487120270729065 -0.023518076166510582 -0.09902030229568481 0.9942622184753418 0.0404670313000679 0.3026849925518036 0.08851850032806396 -0.03170453757047653 0.9955698251724243 -0.19012826681137085 0.0 0.0 0.0 1.0
0.9911001920700073 0.10325740277767181 -0.08401351422071457 -0.02321271412074566 -0.1002408117055893 0.9941837191581726 0.03937625512480736 0.3043721914291382 0.08759075403213501 -0.030604230239987373 0.9956862926483154 -0.19085636734962463 0.0 0.0 0.0 1.0
0.9908435344696045 0.10563484579324722 -0.084085613489151 -0.02309490740299225 -0.10254787653684616 0.9939140677452087 0.040233463048934937 0.30558323860168457 0.08782392740249634 -0.031242266297340393 0.9956459403038025 -0.19095350801944733 0.0 0.0 0.0 1.0
0.9907707571983337 0.10608945041894913 -0.08437034487724304 -0.023021865636110306 -0.10311523824930191 0.9939095377922058 0.038873251527547836 0.3063861131668091 0.08798053115606308 -0.02981461212038994 0.9956759214401245 -0.19094407558441162 0.0 0.0 0.0 1.0
0.9907810091972351 0.10644408315420151 -0.08380148559808731 -0.02291741594672203 -0.10331450402736664 0.9938096404075623 0.04084782674908638 0.3073385953903198 0.0876307338476181 -0.03181334212422371 0.9956449270248413 -0.19119274616241455 0.0 0.0 0.0 1.0
0.990826427936554 0.10597826540470123 -0.08385458588600159 -0.02271518111228943 -0.10263774544000626 0.9937800765037537 0.043204572051763535 0.30840447545051575 0.08791176229715347 -0.03420158475637436 0.9955409169197083 -0.19124755263328552 0.0 0.0 0.0 1.0
0.9908785223960876 0.10499538481235504 -0.0844733864068985 -0.02265104465186596 -0.10164930671453476 0.9938908219337463 0.042993783950805664 0.30903494358062744 0.08847147226333618 -0.034014955163002014 0.9954977631568909 -0.1913391351699829 0.0 0.0 0.0 1.0
0.9909008145332336 0.10424210876226425 -0.08514191955327988 -0.022504040971398354 -0.10114899277687073 0.9940716624259949 0.03988049924373627 0.3096427321434021 0.08879439532756805 -0.030905598774552345 0.9955703616142273 -0.1912013441324234 0.0 0.0 0.0 1.0
0.9909771680831909 0.10432332009077072 -0.08414780348539352 -0.02258245460689068 -0.10121998190879822 0.9940454363822937 0.040350813418626785 0.30975162982940674 0.08785627037286758 -0.03146929666399956 0.995635986328125 -0.19138021767139435 0.0 0.0 0.0 1.0
0.9909870028495789 0.10451703518629074 -0.08379080146551132 -0.022684691473841667 -0.10143940150737762 0.9940294027328491 0.040193915367126465 0.30955204367637634 0.0874914675951004 -0.03133196011185646 0.9956724047660828 -0.19162459671497345 0.0 0.0 0.0 1.0
0.9908604025840759 0.1061517745256424 -0.0832315981388092 -0.023012343794107437 -0.10288909077644348 0.993781566619873 0.04256749898195267 0.3088535666465759 0.08723264932632446 -0.03361482173204422 0.9956206679344177 -0.192185640335083 0.0 0.0 0.0 1.0
0.9907840490341187 0.10714834928512573 -0.08286267518997192 -0.023255566135048866 -0.10393106192350388 0.9936878085136414 0.04222376272082329 0.30800992250442505 0.08686383813619614 -0.03322262689471245 0.9956660866737366 -0.19270436465740204 0.0 0.0 0.0 1.0
0.9906812310218811 0.10801540315151215 -0.08296612650156021 -0.023621967062354088 -0.10496165603399277 0.9936577677726746 0.040339428931474686 0.30686691403388977 0.08679721504449844 -0.03125525265932083 0.9957355856895447 -0.19329538941383362 0.0 0.0 0.0 1.0
0.9905145168304443 0.10838659852743149 -0.08445898443460464 -0.02400773949921131 -0.10567855089902878 0.993751585483551 0.03591353818774223 0.30550166964530945 0.08782380074262619 -0.026647375896573067 0.9957795143127441 -0.1939014047384262 0.0 0.0 0.0 1.0
0.990432858467102 0.10850418359041214 -0.08526188880205154 -0.02463541179895401 -0.10612896829843521 0.993839681148529 0.031926825642585754 0.30362391471862793 0.08820084482431412 -0.022572621703147888 0.9958469271659851 -0.19460150599479675 0.0 0.0 0.0 1.0
0.990418553352356 0.10939034819602966 -0.0842902734875679 -0.024991342797875404 -0.1069367378950119 0.993714451789856 0.03310752660036087 0.30253082513809204 0.08738210797309875 -0.02377658151090145 0.9958910942077637 -0.1952785700559616 0.0 0.0 0.0 1.0
0.9906812906265259 0.10788950324058533 -0.08312927186489105 -0.025420555844902992 -0.10576063394546509 0.9939505457878113 0.029613561928272247 0.3010885417461395 0.08582137525081635 -0.020545797422528267 0.9960986971855164 -0.19535337388515472 0.0 0.0 0.0 1.0
0.990636944770813 0.10792212188243866 -0.08361346274614334 -0.025791408494114876 -0.10586755722761154 0.9939676523208618 0.02864113263785839 0.29985934495925903 0.08620009571313858 -0.019521011039614677 0.996086597442627 -0.19599491357803345 0.0 0.0 0.0 1.0
0.9908306002616882 0.10635368525981903 -0.08332814276218414 -0.026153353974223137 -0.10485973209142685 0.9942410588264465 0.022117022424936295 0.29880252480506897 0.0852004885673523 -0.013176457025110722 0.9962766766548157 -0.19653543829917908 0.0 0.0 0.0 1.0
0.9903841614723206 0.10855552554130554 -0.08576110750436783 -0.026647625491023064 -0.10685782879590988 0.9939807653427124 0.02415786124765873 0.29772770404815674 0.0878673568367958 -0.01476131659001112 0.9960228204727173 -0.1966375857591629 0.0 0.0 0.0 1.0
0.9905045032501221 0.10856647789478302 -0.0843452587723732 -0.026810871437191963 -0.10681960731744766 0.9939648509025574 0.024968307465314865 0.2966526746749878 0.08654694259166718 -0.01572149433195591 0.996123731136322 -0.19716449081897736 0.0 0.0 0.0 1.0
0.9905648231506348 0.10818718373775482 -0.084123894572258 -0.027011297643184662 -0.1065378338098526 0.9940221309661865 0.023867491632699966 0.29501059651374817 0.08620317280292511 -0.014679919928312302 0.9961694478988647 -0.1979084312915802 0.0 0.0 0.0 1.0
0.9905267357826233 0.10902098566293716 -0.08349345624446869 -0.027016153559088707 -0.10740520805120468 0.9939347505569458 0.023618703708052635 0.2935952842235565 0.08556197583675385 -0.014427324756979942 0.9962283968925476 -0.19826464354991913 0.0 0.0 0.0 1.0
0.990689754486084 0.1074829027056694 -0.0835537537932396 -0.02713082917034626 -0.10612893849611282 0.994141161441803 0.020493656396865845 0.2921392321586609 0.08526694774627686 -0.011435383930802345 0.9962925314903259 -0.19854162633419037 0.0 0.0 0.0 1.0
0.9905992150306702 0.10683497041463852 -0.08543669432401657 -0.027451546862721443 -0.10573507845401764 0.9942436814308167 0.017309902235865593 0.2904065251350403 0.08679419755935669 -0.008113519288599491 0.9961932301521301 -0.19912031292915344 0.0 0.0 0.0 1.0
0.9907519817352295 0.10600366443395615 -0.08469818532466888 -0.027474211528897285 -0.10474929958581924 0.9943146109580994 0.019131723791360855 0.2886464595794678 0.08624467253684998 -0.010082717053592205 0.996222972869873 -0.19967857003211975 0.0 0.0 0.0 1.0
0.9908771514892578 0.10433019697666168 -0.08530965447425842 -0.027417141944169998 -0.10322530567646027 0.9945079684257507 0.017273740842938423 0.2871086895465851 0.08664330840110779 -0.008310038596391678 0.9962047338485718 -0.19963333010673523 0.0 0.0 0.0 1.0
0.991001307964325 0.10168957710266113 -0.08703816682100296 -0.02752736583352089 -0.10075046867132187 0.9947967529296875 0.015126833692193031 0.28573882579803467 0.08812352269887924 -0.006221575662493706 0.9960901141166687 -0.19985979795455933 0.0 0.0 0.0 1.0
0.9910918474197388 0.10028419643640518 -0.08763594180345535 -0.027748730033636093 -0.09908860921859741 0.994917631149292 0.017899079248309135 0.2839969992637634 0.08898553997278214 -0.009055906906723976 0.9959917664527893 -0.2004316747188568 0.0 0.0 0.0 1.0
0.9913381338119507 0.09888899326324463 -0.08642749488353729 -0.02760566584765911 -0.09764866530895233 0.9950494766235352 0.018473228439688683 0.28219154477119446 0.0878264307975769 -0.009873686358332634 0.996086835861206 -0.20053116977214813 0.0 0.0 0.0 1.0
0.9913942217826843 0.09647093713283539 -0.08849196881055832 -0.027453698217868805 -0.09563697874546051 0.9953230023384094 0.013626023195683956 0.2805584967136383 0.08939260989427567 -0.005045655649155378 0.9959836602210999 -0.20052963495254517 0.0 0.0 0.0 1.0
0.991558849811554 0.09381888806819916 -0.08949311822652817 -0.027925869449973106 -0.09291216731071472 0.9955722689628601 0.014253607951104641 0.2781318128108978 0.09043412655591965 -0.005818292032927275 0.99588543176651 -0.2012966126203537 0.0 0.0 0.0 1.0
0.9913392066955566 0.09477921575307846 -0.09090375900268555 -0.028014235198497772 -0.0938957929611206 0.9954842329025269 0.013955791480839252 0.27586376667022705 0.09181597828865051 -0.0052994429133832455 0.9957618713378906 -0.20157623291015625 0.0 0.0 0.0 1.0
0.9913345575332642 0.09371747821569443 -0.09204771369695663 -0.0280698724091053 -0.09312309324741364 0.9955966472625732 0.010740776546299458 0.27407655119895935 0.09264899045228958 -0.002075935248285532 0.9956966638565063 -0.20168933272361755 0.0 0.0 0.0 1.0
0.9916420578956604 0.09173023700714111 -0.09072791785001755 -0.028135735541582108 -0.09112604707479477 0.9957809448242188 0.010788315907120705 0.27178576588630676 0.0913347452878952 -0.002430471358820796 0.9958173036575317 -0.20232808589935303 0.0 0.0 0.0 1.0
0.9917258620262146 0.08700118213891983 -0.09439585357904434 -0.028315871953964233 -0.08649896830320358 0.9962075352668762 0.00940685998648405 0.269368052482605 0.09485626965761185 -0.0011638823198154569 0.995490312576294 -0.20293810963630676 0.0 0.0 0.0 1.0
0.9918630719184875 0.08599445223808289 -0.09387566894292831 -0.02824075147509575 -0.08553070574998856 0.9962952733039856 0.008959835395216942 0.26772135496139526 0.09429837763309479 -0.0008576774853281677 0.9955435991287231 -0.2033025175333023 0.0 0.0 0.0 1.0
0.9920706748962402 0.08368712663650513 -0.09376674890518188 -0.028511332347989082 -0.08304215222597122 0.9964878559112549 0.01076632272452116 0.26548513770103455 0.09433843195438385 -0.0028943608049303293 0.9955359697341919 -0.20381832122802734 0.0 0.0 0.0 1.0
0.9918241500854492 0.08366607874631882 -0.09635764360427856 -0.028587665408849716 -0.08347360789775848 0.9964917302131653 0.006033934652805328 0.26314446330070496 0.0965244323015213 0.0020587181206792593 0.9953284859657288 -0.20437103509902954 0.0 0.0 0.0 1.0
0.9918578863143921 0.08315935730934143 -0.09644922614097595 -0.02882395312190056 -0.08335825055837631 0.9965177178382874 0.001972365891560912 0.2612665891647339 0.0962773784995079 0.006083531770855188 0.9953359365463257 -0.2049073874950409 0.0 0.0 0.0 1.0
0.9917598962783813 0.08449772745370865 -0.09629322588443756 -0.029072031378746033 -0.08484911918640137 0.9963937401771545 0.00044705835171043873 0.25900760293006897 0.09598373621702194 0.0077270204201340675 0.9953529238700867 -0.20578232407569885 0.0 0.0 0.0 1.0
0.9915510416030884 0.08497289568185806 -0.09801090508699417 -0.029141025617718697 -0.0857844427227974 0.9963053464889526 -0.004088353831321001 0.2569618225097656 0.09730138629674911 0.01246162224560976 0.9951769709587097 -0.2060469537973404 0.0 0.0 0.0 1.0
0.9913568496704102 0.08558320254087448 -0.09943407773971558 -0.029558205977082253 -0.0864720344543457 0.996243417263031 -0.004655757453292608 0.2554469406604767 0.09866209328174591 0.013213783502578735 0.9950332641601562 -0.20639486610889435 0.0 0.0 0.0 1.0
0.9911831021308899 0.08725273609161377 -0.0997147262096405 -0.029893843457102776 -0.08800328522920609 0.9961152076721191 -0.0031449063681066036 0.25357815623283386 0.09905295073986053 0.011892401613295078 0.9950110912322998 -0.2069380134344101 0.0 0.0 0.0 1.0
0.9907488226890564 0.09072434902191162 -0.10092508792877197 -0.030254872515797615 -0.09161790460348129 0.9957851767539978 -0.004244416486471891 0.2515234053134918 0.10011463612318039 0.013451695442199707 0.9948849678039551 -0.20735959708690643 0.0 0.0 0.0 1.0
0.9908263683319092 0.08919712156057358 -0.10152355581521988 -0.030440621078014374 -0.09022323787212372 0.9959061145782471 -0.005551391746848822 0.2504711151123047 0.10061275959014893 0.014660248532891273 0.9948176741600037 -0.20752736926078796 0.0 0.0 0.0 1.0
0.9907842874526978 0.08906292170286179 -0.10205056518316269 -0.03074353002011776 -0.0900593027472496 0.995922863483429 -0.005188955459743738 0.24908316135406494 0.10117235034704208 0.014331738464534283 0.9947656989097595 -0.20790399610996246 0.0 0.0 0.0 1.0
0.9902525544166565 0.0923786461353302 -0.10424062609672546 -0.031282320618629456 -0.09323875606060028 0.9956379532814026 -0.0033981811720877886 0.24714642763137817 0.10347200185060501 0.013084323145449162 0.9945462942123413 -0.20851126313209534 0.0 0.0 0.0 1.0
0.990494430065155 0.0915878489613533 -0.10262798517942429 -0.03116845339536667 -0.09277747571468353 0.9956631660461426 -0.006868711207062006 0.24594427645206451 0.10155381262302399 0.016324985772371292 0.9946960806846619 -0.20884568989276886 0.0 0.0 0.0 1.0
0.9905581474304199 0.09116394817829132 -0.1023896113038063 -0.03128156438469887 -0.0925903171300888 0.9956612586975098 -0.009255694225430489 0.24436570703983307 0.1011015847325325 0.01864859089255333 0.9947013258934021 -0.20930974185466766 0.0 0.0 0.0 1.0
0.990368664264679 0.0914003849029541 -0.10399958491325378 -0.03162766993045807 -0.09320875257253647 0.995566189289093 -0.012652883306145668 0.24244704842567444 0.10238199681043625 0.02222469076514244 0.9944968819618225 -0.20976684987545013 0.0 0.0 0.0 1.0
0.99008709192276 0.09283594787120819 -0.10539920628070831 -0.03184615075588226 -0.09472047537565231 0.9954189658164978 -0.013006401248276234 0.24091391265392303 0.1037089079618454 0.02286093309521675 0.99434494972229 -0.2101011425256729 0.0 0.0 0.0 1.0
0.9900808930397034 0.09347760677337646 -0.10488934814929962 -0.03187483176589012 -0.09530460834503174 0.9953692555427551 -0.012532580643892288 0.23919014632701874 0.10323211550712585 0.022404706105589867 0.9944049119949341 -0.21052286028862 0.0 0.0 0.0 1.0
0.9899431467056274 0.09491002559661865 -0.10490329563617706 -0.03212892636656761 -0.09732114523649216 0.9950884580612183 -0.01809786632657051 0.23696748912334442 0.10267038643360138 0.028125165030360222 0.9943177103996277 -0.21126125752925873 0.0 0.0 0.0 1.0
0.9897233843803406 0.09559600055217743 -0.10634413361549377 -0.03227633237838745 -0.0983157530426979 0.9949415922164917 -0.02062136121094227 0.23503059148788452 0.10383488237857819 0.030864745378494263 0.9941155314445496 -0.21170476078987122 0.0 0.0 0.0 1.0
0.9894841313362122 0.09605865925550461 -0.10813852399587631 -0.032261572778224945 -0.09862139075994492 0.9949513077735901 -0.018592847511172295 0.23338386416435242 0.10580655932426453 0.029062099754810333 0.9939619302749634 -0.21265769004821777 0.0 0.0 0.0 1.0
0.9895259141921997 0.09466450661420822 -0.108982153236866 -0.03267338126897812 -0.09798745810985565 0.9948599338531494 -0.02553817816078663 0.23095722496509552 0.10600441694259644 0.035949572920799255 0.9937155842781067 -0.2128361612558365 0.0 0.0 0.0 1.0
0.9892669916152954 0.09457883983850479 -0.11138088256120682 -0.0329940989613533 -0.09833189845085144 0.9947401285171509 -0.028686553239822388 0.22922451794147491 0.1080818921327591 0.03933095186948776 0.9933636784553528 -0.21341483294963837 0.0 0.0 0.0 1.0
0.9893110990524292 0.09491231292486191 -0.11070340871810913 -0.03316311910748482 -0.09836260974407196 0.994807779788971 -0.02612125687301159 0.2277320921421051 0.10764937847852707 0.03673112392425537 0.9935101866722107 -0.21441687643527985 0.0 0.0 0.0 1.0
0.9895660877227783 0.09491725265979767 -0.10839585214853287 -0.03349430486559868 -0.09852177649736404 0.9947299957275391 -0.02838459238409996 0.2259495109319687 0.10513041913509369 0.03876778110861778 0.9937024712562561 -0.21490952372550964 0.0 0.0 0.0 1.0
0.9893370866775513 0.0959758535027504 -0.10954788327217102 -0.03379564732313156 -0.0997600182890892 0.9945714473724365 -0.029589306563138962 0.22443906962871552 0.10611334443092346 0.040202297270298004 0.9935410022735596 -0.2154732048511505 0.0 0.0 0.0 1.0
0.9895042181015015 0.09583127498626709 -0.10815616697072983 -0.03387735038995743 -0.09957271814346313 0.9945861101150513 -0.029727106913924217 0.2230101376771927 0.10472183674573898 0.04018450155854225 0.9936893582344055 -0.21619535982608795 0.0 0.0 0.0 1.0
0.9896470904350281 0.0947250947356224 -0.10782276839017868 -0.034062858670949936 -0.09845291823148727 0.9946960210800171 -0.02978004887700081 0.22150415182113647 0.10442996025085449 0.04008720442652702 0.99372398853302 -0.21697482466697693 0.0 0.0 0.0 1.0
0.9895326495170593 0.09410037845373154 -0.10940852761268616 -0.0343388095498085 -0.09787432104349136 0.9947572946548462 -0.029639314860105515 0.22017964720726013 0.10604585707187653 0.040037356317043304 0.9935548901557922 -0.2176600694656372 0.0 0.0 0.0 1.0
0.9895578622817993 0.09336164593696594 -0.1098129004240036 -0.03442051261663437 -0.0971662625670433 0.9948216676712036 -0.029809312894940376 0.2187507301568985 0.10646120458841324 0.040168147534132004 0.9935051798820496 -0.21838222444057465 0.0 0.0 0.0 1.0
0.9900715947151184 0.09069730341434479 -0.1073881983757019 -0.03469867631793022 -0.09500376135110855 0.9948373436927795 -0.035678617656230927 0.21667331457138062 0.10359783470630646 0.045526668429374695 0.9935767650604248 -0.2185744196176529 0.0 0.0 0.0 1.0
0.9896106123924255 0.09211397171020508 -0.11038938909769058 -0.03489243984222412 -0.09618581831455231 0.9948444962501526 -0.03213559091091156 0.21587036550045013 0.10686013847589493 0.042419616132974625 0.9933687448501587 -0.21976090967655182 0.0 0.0 0.0 1.0
0.9896664023399353 0.09108592569828033 -0.11074173450469971 -0.03506013751029968 -0.09515814483165741 0.9949461221694946 -0.03204961121082306 0.21470913290977478 0.10726278275251389 0.04225639998912811 0.9933323264122009 -0.22033832967281342 0.0 0.0 0.0 1.0
0.9895784854888916 0.09097758680582047 -0.11161336302757263 -0.035361483693122864 -0.09529179334640503 0.9948707222938538 -0.03393653780221939 0.2131986767053604 0.10795339941978455 0.04421870410442352 0.9931720495223999 -0.22090201079845428 0.0 0.0 0.0 1.0
0.9900842905044556 0.08648011088371277 -0.1106991171836853 -0.0358668677508831 -0.09160319715738297 0.9949072599411011 -0.042052723467350006 0.21119853854179382 0.10649862885475159 0.051776133477687836 0.9929639101028442 -0.22061213850975037 0.0 0.0 0.0 1.0
0.989463746547699 0.08992799371480942 -0.11346568912267685 -0.035829201340675354 -0.09457621723413467 0.9948570728302002 -0.036259762942790985 0.21085818111896515 0.10962137579917908 0.046608876436948776 0.9928800463676453 -0.22161848843097687 0.0 0.0 0.0 1.0
0.9896124601364136 0.08908118307590485 -0.11283509433269501 -0.03598799556493759 -0.09348216652870178 0.9950292110443115 -0.03432208672165871 0.20986934006214142 0.10921676456928253 0.04451363533735275 0.99302077293396 -0.22209487855434418 0.0 0.0 0.0 1.0
0.989689290523529 0.08883965015411377 -0.11235058307647705 -0.03625059127807617 -0.0933399572968483 0.995003342628479 -0.035440899431705475 0.20880341529846191 0.1086406484246254 0.04556227847933769 0.9930363893508911 -0.22262859344482422 0.0 0.0 0.0 1.0
0.9897077083587646 0.08798269182443619 -0.11286129802465439 -0.03655349835753441 -0.09265869855880737 0.9950151443481445 -0.036867544054985046 0.20741546154022217 0.10905499756336212 0.04694567620754242 0.9929265379905701 -0.22300522029399872 0.0 0.0 0.0 1.0
0.989555299282074 0.08774973452091217 -0.11436904966831207 -0.03686687722802162 -0.09286990016698837 0.9948652982711792 -0.040227148681879044 0.2059776335954666 0.11025188118219376 0.05042843148112297 0.9926235675811768 -0.22329580783843994 0.0 0.0 0.0 1.0
0.9896435737609863 0.08666922897100449 -0.11442900449037552 -0.03705262392759323 -0.09195857495069504 0.9948861598968506 -0.04177428409457207 0.2049253284931183 0.11022329330444336 0.0518643818795681 0.9925526976585388 -0.22346358001232147 0.0 0.0 0.0 1.0
0.9897425174713135 0.08469193428754807 -0.11505242437124252 -0.03721899911761284 -0.08988768607378006 0.9951183199882507 -0.040739428251981735 0.2040952742099762 0.11104047298431396 0.050663337111473083 0.9925236701965332 -0.22361637651920319 0.0 0.0 0.0 1.0
0.9897045493125916 0.08260104805231094 -0.11688452959060669 -0.037698350846767426 -0.08785154670476913 0.9953100681304932 -0.04049656540155411 0.203156515955925 0.11299129575490952 0.05034812167286873 0.9923195242881775 -0.22375404834747314 0.0 0.0 0.0 1.0
0.989870011806488 0.08070030808448792 -0.11681098490953445 -0.038128484040498734 -0.08588392287492752 0.995500385761261 -0.040036752820014954 0.20271216332912445 0.11305440217256546 0.04966336488723755 0.9923468232154846 -0.22394777834415436 0.0 0.0 0.0 1.0
0.9899751543998718 0.08007413893938065 -0.11634991317987442 -0.03848465532064438 -0.0850362479686737 0.9956406354904175 -0.038321513682603836 0.20207273960113525 0.11277414113283157 0.04783130809664726 0.9924687147140503 -0.22401314973831177 0.0 0.0 0.0 1.0
0.9899182915687561 0.08103153109550476 -0.11617077887058258 -0.03875194489955902 -0.08590994775295258 0.9955927133560181 -0.037612125277519226 0.20137430727481842 0.11261101067066193 0.04721315577626228 0.992516815662384 -0.2239856719970703 0.0 0.0 0.0 1.0
0.9898268580436707 0.08122558891773224 -0.11681248247623444 -0.03896845504641533 -0.08589044213294983 0.9956732392311096 -0.03546300157904625 0.20104779303073883 0.1134265586733818 0.04513530805706978 0.9925206303596497 -0.22420133650302887 0.0 0.0 0.0 1.0
0.9893239736557007 0.08331845700740814 -0.11956614255905151 -0.03933064639568329 -0.08811032772064209 0.9954829812049866 -0.03535746410489082 0.20044466853141785 0.1160801351070404 0.045514997094869614 0.9921964406967163 -0.22413015365600586 0.0 0.0 0.0 1.0
0.9899665117263794 0.08210409432649612 -0.11500106751918793 -0.039562076330184937 -0.08640705794095993 0.995715320110321 -0.03293698653578758 0.19998207688331604 0.1118040680885315 0.04254341870546341 0.9928191900253296 -0.2243102788925171 0.0 0.0 0.0 1.0
0.9899592399597168 0.08329465240240097 -0.11420459300279617 -0.03989129513502121 -0.087417833507061 0.9956712126731873 -0.03157500550150871 0.19940610229969025 0.11108019948005676 0.04124148562550545 0.9929553270339966 -0.22468426823616028 0.0 0.0 0.0 1.0
0.9901134967803955 0.08291184902191162 -0.11314122378826141 -0.04033767059445381 -0.08711305260658264 0.9956616163253784 -0.032699547708034515 0.19849447906017303 0.10993919521570206 0.042232342064380646 0.9930406808853149 -0.22526711225509644 0.0 0.0 0.0 1.0
0.9900069832801819 0.08339784294366837 -0.11371434479951859 -0.04081990569829941 -0.08758426457643509 0.9956326484680176 -0.03232148289680481 0.197347030043602 0.11052216589450836 0.04195808246731758 0.9929875731468201 -0.2256423532962799 0.0 0.0 0.0 1.0
0.9894951581954956 0.08683847635984421 -0.11557862162590027 -0.04129769280552864 -0.09068698436021805 0.99547278881073 -0.02845672331750393 0.19628576934337616 0.11258423328399658 0.038639266043901443 0.9928906559944153 -0.22596709430217743 0.0 0.0 0.0 1.0
0.9898436665534973 0.08393298834562302 -0.11473796516656876 -0.041584111750125885 -0.08858176320791245 0.9954171180725098 -0.036027830094099045 0.1949114054441452 0.11118821054697037 0.04582561179995537 0.9927422404289246 -0.22656629979610443 0.0 0.0 0.0 1.0
0.9897556900978088 0.08502548187971115 -0.11469252407550812 -0.04197879135608673 -0.08989594876766205 0.9952269196510315 -0.03797432407736778 0.19337375462055206 0.11091630905866623 0.04789569601416588 0.9926749467849731 -0.22727333009243011 0.0 0.0 0.0 1.0
0.9897207617759705 0.08552641421556473 -0.11462108045816422 -0.04235566034913063 -0.09048780798912048 0.9951416254043579 -0.038795363157987595 0.19218088686466217 0.11074618250131607 0.048768386244773865 0.9926514625549316 -0.2277783304452896 0.0 0.0 0.0 1.0
0.9897778630256653 0.08581014722585678 -0.1139138713479042 -0.04294903576374054 -0.09069635719060898 0.9951372742652893 -0.03841827064752579 0.1906614899635315 0.11006326228380203 0.04835712909698486 0.9927475452423096 -0.22849896550178528 0.0 0.0 0.0 1.0
0.9897006154060364 0.08529678732156754 -0.11496593058109283 -0.043365973979234695 -0.09077539294958115 0.9949303269386292 -0.04328325018286705 0.18869289755821228 0.11069116741418839 0.05327353626489639 0.9924260377883911 -0.22945857048034668 0.0 0.0 0.0 1.0
0.9898107647895813 0.08611757308244705 -0.1133948564529419 -0.04376378282904625 -0.091452457010746 0.9948931932449341 -0.042707718908786774 0.18740025162696838 0.1091378852725029 0.05264279618859291 0.9926316738128662 -0.22979147732257843 0.0 0.0 0.0 1.0
0.9895980954170227 0.08533141762018204 -0.11581958085298538 -0.044375211000442505 -0.0911169946193695 0.9947954416275024 -0.045604538172483444 0.18598978221416473 0.11132528632879257 0.05568329244852066 0.992222785949707 -0.23010247945785522 0.0 0.0 0.0 1.0
0.9895167350769043 0.08539342880249023 -0.11646729707717896 -0.04488283768296242 -0.09130199253559113 0.9947431683540344 -0.04636767879128456 0.18465638160705566 0.11189555376768112 0.05651528760790825 0.9921115636825562 -0.2303561568260193 0.0 0.0 0.0 1.0
0.9896053671836853 0.08443022519350052 -0.11641630530357361 -0.045277759432792664 -0.0903639867901802 0.9948150515556335 -0.04666206240653992 0.1835724264383316 0.11187300831079483 0.05669686943292618 0.9921037554740906 -0.23045150935649872 0.0 0.0 0.0 1.0
0.9896371960639954 0.08292084187269211 -0.11722756177186966 -0.04568314552307129 -0.08896010369062424 0.9949137568473816 -0.04725116491317749 0.18243859708309174 0.11271321028470993 0.05719009041786194 0.9919803738594055 -0.23046080768108368 0.0 0.0 0.0 1.0
0.9897294640541077 0.08110639452934265 -0.11771735548973083 -0.0462103895843029 -0.08725801110267639 0.9950251579284668 -0.04807205870747566 0.18133662641048431 0.11323278397321701 0.05785011500120163 0.9918829202651978 -0.2301177978515625 0.0 0.0 0.0 1.0
0.9897699356079102 0.07960224896669388 -0.11840170621871948 -0.046489715576171875 -0.0856153592467308 0.9952383637428284 -0.04658971354365349 0.1807108223438263 0.11412927508354187 0.05625010281801224 0.9918721914291382 -0.2298172265291214 0.0 0.0 0.0 1.0
0.9898508787155151 0.07880868762731552 -0.11825556308031082 -0.046771928668022156 -0.08455047011375427 0.9954320788383484 -0.044341836124658585 0.17987631261348724 0.11422085762023926 0.05389036983251572 0.9919926524162292 -0.229754239320755 0.0 0.0 0.0 1.0
0.989924430847168 0.07773756980895996 -0.11834922432899475 -0.047057028859853745 -0.08355297148227692 0.9954872727394104 -0.04498857259750366 0.17883312702178955 0.11431784182786942 0.05442371591925621 0.9919523596763611 -0.22992880642414093 0.0 0.0 0.0 1.0
0.9900027513504028 0.07780800759792328 -0.11764559894800186 -0.047198012471199036 -0.08324997872114182 0.9956404566764832 -0.042066264897584915 0.17818903923034668 0.113859623670578 0.051439713686704636 0.9921642541885376 -0.23020316660404205 0.0 0.0 0.0 1.0
0.9905884861946106 0.07362953573465347 -0.11538246273994446 -0.04766019806265831 -0.07931335270404816 0.9958124756813049 -0.04546342045068741 0.17671960592269897 0.11155184358358383 0.05418691039085388 0.9922801852226257 -0.22983279824256897 0.0 0.0 0.0 1.0
0.9899440407752991 0.07648242264986038 -0.11900113523006439 -0.047539666295051575 -0.08199958503246307 0.995739758014679 -0.04217112064361572 0.17635656893253326 0.11526881158351898 0.05150509253144264 0.9919981360435486 -0.23060975968837738 0.0 0.0 0.0 1.0
0.9899492263793945 0.07640466094017029 -0.11900771409273148 -0.04749687388539314 -0.08169341832399368 0.995846152305603 -0.040207911282777786 0.1755581647157669 0.11544129997491837 0.04952593520283699 0.9920789003372192 -0.2308349758386612 0.0 0.0 0.0 1.0
0.9896147847175598 0.07765456289052963 -0.1209644079208374 -0.04748235642910004 -0.08307695388793945 0.995722234249115 -0.04044000804424286 0.1743651181459427 0.11730660498142242 0.05006938427686691 0.9918327331542969 -0.2311762124300003 0.0 0.0 0.0 1.0
0.9904066920280457 0.07369516789913177 -0.11689122766256332 -0.04788593575358391 -0.07903485000133514 0.9959985613822937 -0.04171706363558769 0.1726551055908203 0.11334915459156036 0.05055534094572067 0.9922681450843811 -0.23198427259922028 0.0 0.0 0.0 1.0
0.9905213117599487 0.07309586554765701 -0.116295225918293 -0.04785047844052315 -0.07835117727518082 0.9960711002349854 -0.041272781789302826 0.1715618222951889 0.11282144486904144 0.04999344050884247 0.9923567771911621 -0.23249757289886475 0.0 0.0 0.0 1.0
0.9906127452850342 0.07191308587789536 -0.11625354737043381 -0.04780455306172371 -0.07690366357564926 0.9962745904922485 -0.03902305290102959 0.1705184280872345 0.11301418393850327 0.04759705811738968 0.9924526810646057 -0.2330969125032425 0.0 0.0 0.0 1.0
0.9899490475654602 0.07451783120632172 -0.12019988894462585 -0.047763727605342865 -0.08029550313949585 0.9958014488220215 -0.04395584017038345 0.16851340234279633 0.1164197325706482 0.05316555127501488 0.9917761087417603 -0.23344078660011292 0.0 0.0 0.0 1.0
0.9900132417678833 0.07378071546554565 -0.12012547254562378 -0.04775967821478844 -0.07986561208963394 0.9957135319709778 -0.04664752259850502 0.1672704815864563 0.11616887152194977 0.055775560438632965 0.9916622042655945 -0.23369596898555756 0.0 0.0 0.0 1.0
0.9903857707977295 0.07315719127655029 -0.11740534007549286 -0.047612838447093964 -0.07866949588060379 0.9959721565246582 -0.04301867261528969 0.16609546542167664 0.11378531903028488 0.05184129998087883 0.9921519160270691 -0.23447556793689728 0.0 0.0 0.0 1.0
0.9903380274772644 0.07291467487812042 -0.11795791983604431 -0.04755331575870514 -0.07821474224328995 0.996095597743988 -0.04093870148062706 0.16485695540905 0.11451233178377151 0.04976920038461685 0.9921743273735046 -0.23553507030010223 0.0 0.0 0.0 1.0
0.9899975061416626 0.07396894693374634 -0.12013986706733704 -0.04749467968940735 -0.07997260987758636 0.9957379698753357 -0.04593807831406593 0.16319669783115387 0.1162298321723938 0.05508647859096527 0.9916935563087463 -0.23567688465118408 0.0 0.0 0.0 1.0
0.9895232915878296 0.07635326683521271 -0.12253075838088989 -0.04761537164449692 -0.08271631598472595 0.9954307079315186 -0.047705087810754776 0.16177693009376526 0.11832843720912933 0.0573405884206295 0.9913175106048584 -0.2358173280954361 0.0 0.0 0.0 1.0
0.9898645877838135 0.07530827075242996 -0.12040243297815323 -0.0475783497095108 -0.08127673715353012 0.9956548810005188 -0.045446932315826416 0.16056115925312042 0.11645674705505371 0.05477222800254822 0.9916843175888062 -0.23651768267154694 0.0 0.0 0.0 1.0
0.9899594187736511 0.07463999837636948 -0.12003850191831589 -0.047475628554821014 -0.08035127818584442 0.9958187937736511 -0.04345768690109253 0.15985335409641266 0.11629291623830795 0.052666593343019485 0.9918175935745239 -0.23749668896198273 0.0 0.0 0.0 1.0
0.9894567131996155 0.07602988928556442 -0.12326761335134506 -0.04771215841174126 -0.0821063220500946 0.9956079721450806 -0.044980864971876144 0.15842914581298828 0.11930632591247559 0.0546276681125164 0.9913535118103027 -0.23742134869098663 0.0 0.0 0.0 1.0
0.989579439163208 0.07632286846637726 -0.12209563702344894 -0.047790974378585815 -0.08217434585094452 0.9956628084182739 -0.0436231754720211 0.1572089046239853 0.11823663860559464 0.05320172756910324 0.9915592074394226 -0.23790593445301056 0.0 0.0 0.0 1.0
0.9894618988037109 0.07646186649799347 -0.12295816838741302 -0.04788025841116905 -0.08273795992136002 0.9954734444618225 -0.046766310930252075 0.1559387892484665 0.1188257485628128 0.05644679069519043 0.9913093447685242 -0.2383044809103012 0.0 0.0 0.0 1.0
0.9891310334205627 0.07710687816143036 -0.12519694864749908 -0.04787019267678261 -0.08338268101215363 0.9954701662063599 -0.045678406953811646 0.15465956926345825 0.12110771238803864 0.055621188133955 0.9910798072814941 -0.23869621753692627 0.0 0.0 0.0 1.0
0.9891721606254578 0.07574068009853363 -0.12570513784885406 -0.04803343862295151 -0.08220464736223221 0.9955042600631714 -0.04704966023564339 0.1535845249891281 0.12157642096281052 0.056873761117458344 0.9909513592720032 -0.23922312259674072 0.0 0.0 0.0 1.0
0.9890738725662231 0.07425521314144135 -0.12735378742218018 -0.0482131727039814 -0.08115635812282562 0.9954525828361511 -0.049877505749464035 0.15249590575695038 0.12307098507881165 0.05966810882091522 0.9906024932861328 -0.23952744901180267 0.0 0.0 0.0 1.0
0.9889764189720154 0.07537195831537247 -0.12745487689971924 -0.04820467159152031 -0.0822090432047844 0.9953972101211548 -0.04925480857491493 0.15133917331695557 0.12315579503774643 0.05918978527188301 0.9906206130981445 -0.23973213136196136 0.0 0.0 0.0 1.0
0.9890527129173279 0.07591871917247772 -0.12653487920761108 -0.04805494099855423 -0.08276021480560303 0.9953289031982422 -0.04971052706241608 0.15037284791469574 0.1221698522567749 0.059638384729623795 0.9907158017158508 -0.24027416110038757 0.0 0.0 0.0 1.0
0.9885679483413696 0.07596749812364578 -0.1302395462989807 -0.04824069142341614 -0.08333997428417206 0.9951574206352234 -0.05211630463600159 0.14932052791118622 0.12564972043037415 0.062374670058488846 0.9901118874549866 -0.2404419332742691 0.0 0.0 0.0 1.0
0.9887429475784302 0.07627706229686737 -0.1287214159965515 -0.04806112125515938 -0.083084836602211 0.9953680634498596 -0.04836643114686012 0.14862634241580963 0.12443593889474869 0.058516766875982285 0.9905006289482117 -0.24105501174926758 0.0 0.0 0.0 1.0
0.9888728857040405 0.07564243674278259 -0.1280961036682129 -0.04793389514088631 -0.0824967473745346 0.99538254737854 -0.049069661647081375 0.14768275618553162 0.12379287928342819 0.05909116938710213 0.9905471205711365 -0.24123789370059967 0.0 0.0 0.0 1.0
0.988694429397583 0.07524487376213074 -0.12969772517681122 -0.04781268909573555 -0.08235415071249008 0.9953306913375854 -0.05034438893198967 0.14677546918392181 0.1253039836883545 0.06045636534690857 0.9902746677398682 -0.24128425121307373 0.0 0.0 0.0 1.0
0.9883966445922852 0.07568640261888504 -0.13169515132904053 -0.047619085758924484 -0.08283165097236633 0.9953262805938721 -0.049643903970718384 0.14579562842845917 0.12732228636741638 0.05997639521956444 0.9900463819503784 -0.24101516604423523 0.0 0.0 0.0 1.0
0.9884797930717468 0.07633674144744873 -0.130691796541214 -0.04739852622151375 -0.08335407078266144 0.995310366153717 -0.04908544570207596 0.14487922191619873 0.1263318806886673 0.059413664042949677 0.9902071952819824 -0.2410546988248825 0.0 0.0 0.0 1.0
0.9887005686759949 0.07611529529094696 -0.1291419118642807 -0.04705611616373062 -0.0831107646226883 0.9953019022941589 -0.049665987491607666 0.14393097162246704 0.12475484609603882 0.05983787402510643 0.9903815984725952 -0.2414465695619583 0.0 0.0 0.0 1.0
0.9886753559112549 0.07541138678789139 -0.12974663078784943 -0.04685492813587189 -0.08204163610935211 0.995542049407959 -0.04653174430131912 0.14279229938983917 0.12565919756889343 0.05664941668510437 0.9904547333717346 -0.2415011078119278 0.0 0.0 0.0 1.0
0.9887173771858215 0.07491058856248856 -0.1297163963317871 -0.046548377722501755 -0.08119937032461166 0.9957313537597656 -0.043883487582206726 0.14160820841789246 0.1258753389120102 0.053921256214380264 0.9905796051025391 -0.24168537557125092 0.0 0.0 0.0 1.0
0.988494873046875 0.07462744414806366 -0.13156230747699738 -0.04644943028688431 -0.08133898675441742 0.9956061840057373 -0.046393390744924545 0.14026997983455658 0.1275220364332199 0.05656077340245247 0.9902216792106628 -0.2419842779636383 0.0 0.0 0.0 1.0
0.9884026050567627 0.07508866488933563 -0.13199222087860107 -0.046088289469480515 -0.08165886998176575 0.995640218257904 -0.04508255049586296 0.13866855204105377 0.12803156673908234 0.055338043719530106 0.9902250170707703 -0.24205517768859863 0.0 0.0 0.0 1.0
0.9883545637130737 0.075922891497612 -0.1318749040365219 -0.0458071269094944 -0.08222765475511551 0.9956840872764587 -0.04303215444087982 0.13729850947856903 0.12803861498832703 0.05337478965520859 0.9903318881988525 -0.24211789667606354 0.0 0.0 0.0 1.0
0.988157331943512 0.07537761330604553 -0.13365386426448822 -0.045727554708719254 -0.08203893154859543 0.9956105947494507 -0.04504631832242012 0.13573803007602692 0.12967172265052795 0.05547767132520676 0.990003764629364 -0.24243178963661194 0.0 0.0 0.0 1.0
0.9879916310310364 0.07431484013795853 -0.13546153903007507 -0.04567180573940277 -0.081349216401577 0.9955698847770691 -0.04714792221784592 0.13386908173561096 0.13135764002799988 0.0576014444231987 0.9896601438522339 -0.2428111732006073 0.0 0.0 0.0 1.0
0.987777590751648 0.07549130916595459 -0.13636904954910278 -0.04549890011548996 -0.08275012671947479 0.9953961968421936 -0.04836108162999153 0.13233576714992523 0.13209038972854614 0.05905454605817795 0.9894769787788391 -0.2429817169904709 0.0 0.0 0.0 1.0
0.9876412749290466 0.07482163608074188 -0.1377185434103012 -0.045603107661008835 -0.0825544074177742 0.9952646493911743 -0.05131347477436066 0.1309295892715454 0.13322703540325165 0.06204858049750328 0.9891412854194641 -0.2433447390794754 0.0 0.0 0.0 1.0
0.9876082539558411 0.07370378822088242 -0.1385558843612671 -0.04557275027036667 -0.08212792128324509 0.995042085647583 -0.056091759353876114 0.12887468934059143 0.13373474776744843 0.06677599251270294 0.9887648820877075 -0.24360255897045135 0.0 0.0 0.0 1.0
0.9873729348182678 0.07483534514904022 -0.13962224125862122 -0.04540586099028587 -0.08336538076400757 0.9949289560317993 -0.05627227947115898 0.1273777037858963 0.13470305502414703 0.06720138341188431 0.9886046051979065 -0.24363654851913452 0.0 0.0 0.0 1.0
0.9872543215751648 0.0762983188033104 -0.13966897130012512 -0.04520467296242714 -0.08480902761220932 0.9948208928108215 -0.05602474510669708 0.12623903155326843 0.13467101752758026 0.0671558603644371 0.9886120557785034 -0.243691086769104 0.0 0.0 0.0 1.0
0.9872862696647644 0.07565054297447205 -0.13979557156562805 -0.04512666538357735 -0.08434779942035675 0.9947836995124817 -0.057365886867046356 0.12480103969573975 0.1347265988588333 0.06842800229787827 0.9885172247886658 -0.24381791055202484 0.0 0.0 0.0 1.0
0.9873020648956299 0.07536455988883972 -0.13983842730522156 -0.04491657763719559 -0.08350192755460739 0.9950833916664124 -0.053258635103702545 0.1238347589969635 0.13513708114624023 0.06425914168357849 0.9887409806251526 -0.24377141892910004 0.0 0.0 0.0 1.0
0.9872551560401917 0.07546062767505646 -0.14011776447296143 -0.04481029137969017 -0.08336107432842255 0.9951934218406677 -0.051390524953603745 0.12279140204191208 0.13556630909442902 0.06241592764854431 0.9888002872467041 -0.24378223717212677 0.0 0.0 0.0 1.0
0.9873720407485962 0.07447810471057892 -0.13981926441192627 -0.044807806611061096 -0.0827934592962265 0.9950687289237976 -0.05462135002017021 0.12167098373174667 0.13506168127059937 0.06550771743059158 0.9886693358421326 -0.24385036528110504 0.0 0.0 0.0 1.0
0.9873279929161072 0.07562044262886047 -0.13951675593852997 -0.04473136365413666 -0.08360286056995392 0.9951277375221252 -0.05226217210292816 0.12035548686981201 0.13488490879535675 0.0632639080286026 0.9888395667076111 -0.2437901347875595 0.0 0.0 0.0 1.0
0.9872220754623413 0.07623203843832016 -0.13993318378925323 -0.0446295291185379 -0.08412562310695648 0.9951295852661133 -0.05138102546334267 0.11922594159841537 0.135334774851799 0.06249644607305527 0.9888269305229187 -0.2438514679670334 0.0 0.0 0.0 1.0
0.9869491457939148 0.07669881731271744 -0.14159351587295532 -0.044659774750471115 -0.08504759520292282 0.9949192404747009 -0.053876202553510666 0.1176246851682663 0.13674187660217285 0.06521525979042053 0.9884576797485352 -0.2440861314535141 0.0 0.0 0.0 1.0
0.9867755770683289 0.0766669362783432 -0.14281518757343292 -0.044811878353357315 -0.08532123267650604 0.9948073625564575 -0.05548481270670891 0.11605528742074966 0.13781975209712982 0.06693622469902039 0.9881929159164429 -0.24396845698356628 0.0 0.0 0.0 1.0
0.9868214130401611 0.07712645828723907 -0.14225001633167267 -0.04485126957297325 -0.08588165044784546 0.9947041273117065 -0.05646286532282829 0.11473533511161804 0.1371418982744217 0.06793542951345444 0.9882190227508545 -0.24369244277477264 0.0 0.0 0.0 1.0
0.9868879318237305 0.0768761858344078 -0.14192362129688263 -0.04520050808787346 -0.08591003715991974 0.9945748448371887 -0.05865451693534851 0.11306167393922806 0.13664452731609344 0.07007809728384018 0.9881383180618286 -0.24377542734146118 0.0 0.0 0.0 1.0
0.9866626262664795 0.07764428853988647 -0.1430673450231552 -0.045030489563941956 -0.08675801008939743 0.9945046305656433 -0.05859674513339996 0.11131968349218369 0.1377314329147339 0.07022745907306671 0.9879767894744873 -0.24418354034423828 0.0 0.0 0.0 1.0
0.9867972135543823 0.07647552341222763 -0.14276814460754395 -0.04557999223470688 -0.08565550297498703 0.9945589303970337 -0.059293344616889954 0.109786756336689 0.13745683431625366 0.07073938101530075 0.9879785180091858 -0.24409307539463043 0.0 0.0 0.0 1.0
0.9871253967285156 0.07428278028964996 -0.14165297150611877 -0.04553471505641937 -0.08437687903642654 0.9942036867141724 -0.06663006544113159 0.10786792635917664 0.1358824372291565 0.07772446423768997 0.987671434879303 -0.2443864345550537 0.0 0.0 0.0 1.0
0.9867696166038513 0.07587666809558868 -0.14327774941921234 -0.04526534304022789 -0.08575645834207535 0.9942532777786255 -0.06408002227544785 0.10611681640148163 0.13759218156337738 0.07551921159029007 0.9876058101654053 -0.24478773772716522 0.0 0.0 0.0 1.0
0.9870856404304504 0.07386854290962219 -0.14214558899402618 -0.04559677094221115 -0.08423780649900436 0.994097888469696 -0.06836207211017609 0.1047879159450531 0.13625682890415192 0.0794532522559166 0.9874823093414307 -0.24466869235038757 0.0 0.0 0.0 1.0
0.9869081974029541 0.07445105910301208 -0.14307095110416412 -0.04570254310965538 -0.08448215574026108 0.9942790865898132 -0.06535915285348892 0.1035042256116867 0.13738639652729034 0.07659041881561279 0.9875519871711731 -0.24484464526176453 0.0 0.0 0.0 1.0
0.9870560169219971 0.07262485474348068 -0.1429896056652069 -0.04548487067222595 -0.08317337185144424 0.9941278100013733 -0.06922449916601181 0.10237913578748703 0.1371225267648697 0.08022138476371765 0.9873003363609314 -0.2451217621564865 0.0 0.0 0.0 1.0
0.9868201613426208 0.07357384264469147 -0.1441279798746109 -0.045458562672138214 -0.08378692716360092 0.9942879676818848 -0.06611518561840057 0.10156716406345367 0.1384403556585312 0.07731983810663223 0.9873479008674622 -0.24512439966201782 0.0 0.0 0.0 1.0
0.9867709279060364 0.07364027202129364 -0.14443092048168182 -0.04538368433713913 -0.08443335443735123 0.9939621686935425 -0.07007316499948502 0.10037416964769363 0.1383986622095108 0.08134094625711441 0.9870306253433228 -0.24487709999084473 0.0 0.0 0.0 1.0
0.98658287525177 0.07409515231847763 -0.14547912776470184 -0.04555005952715874 -0.08506196737289429 0.9938668012619019 -0.07066279649734497 0.09954412281513214 0.13935111463069916 0.08208944648504257 0.9868346452713013 -0.24502989649772644 0.0 0.0 0.0 1.0
0.9863299131393433 0.07629574090242386 -0.14605548977851868 -0.04570307955145836 -0.08671553432941437 0.9940212965011597 -0.06634829193353653 0.09897264838218689 0.14012017846107483 0.0781065821647644 0.9870489835739136 -0.24503114819526672 0.0 0.0 0.0 1.0
0.9865098595619202 0.07629552483558655 -0.14483559131622314 -0.0457761213183403 -0.08688186854124069 0.9938797950744629 -0.06822385638952255 0.09816979616880417 0.13874399662017822 0.07988709211349487 0.9871008992195129 -0.24504058063030243 0.0 0.0 0.0 1.0
0.9866461157798767 0.07429224997758865 -0.1449485719203949 -0.04680011793971062 -0.08554090559482574 0.9936586618423462 -0.07297389209270477 0.09711341559886932 0.13860800862312317 0.08439843356609344 0.9867445230484009 -0.2447315752506256 0.0 0.0 0.0 1.0
0.9858072400093079 0.08064516633749008 -0.14724278450012207 -0.046539247035980225 -0.09081388264894485 0.9938293695449829 -0.06368700414896011 0.09651903808116913 0.14119815826416016 0.07615479826927185 0.9870479106903076 -0.24492819607257843 0.0 0.0 0.0 1.0
0.9861391186714172 0.07972534745931625 -0.14551123976707458 -0.04682591184973717 -0.09023375809192657 0.9936578273773193 -0.06709668040275574 0.09559834748506546 0.13923907279968262 0.07929668575525284 0.9870787858963013 -0.24491572380065918 0.0 0.0 0.0 1.0
0.9857764840126038 0.08257947862148285 -0.14637397229671478 -0.04723575338721275 -0.0929204672574997 0.9935320615768433 -0.06526743620634079 0.09437832236289978 0.14003747701644897 0.07794024050235748 0.9870738983154297 -0.24497553706169128 0.0 0.0 0.0 1.0
0.9856079816818237 0.08369206637144089 -0.14687591791152954 -0.04752843454480171 -0.09420306235551834 0.9933549165725708 -0.0661194920539856 0.09349394589662552 0.14036624133586884 0.07900405675172806 0.9869425892829895 -0.2448265105485916 0.0 0.0 0.0 1.0
0.9856777191162109 0.08369778096675873 -0.14640378952026367 -0.048043642193078995 -0.09449250251054764 0.9931735992431641 -0.06839115917682648 0.09231935441493988 0.1396801918745041 0.08124569803476334 0.9868579506874084 -0.2447565793991089 0.0 0.0 0.0 1.0
0.9854332208633423 0.08490616083145142 -0.14735101163387299 -0.04834968224167824 -0.095797099173069 0.9930446147918701 -0.06844905763864517 0.09117639809846878 0.14051438868045807 0.08156777918338776 0.9867129325866699 -0.24475908279418945 0.0 0.0 0.0 1.0
0.985548734664917 0.08476164937019348 -0.1466599553823471 -0.04863634705543518 -0.0958094596862793 0.9929373860359192 -0.06997060775756836 0.09025571495294571 0.13969333469867706 0.08301085978746414 0.9867091774940491 -0.2447466105222702 0.0 0.0 0.0 1.0
0.9855006337165833 0.08581847697496414 -0.14636850357055664 -0.04893191531300545 -0.09673202037811279 0.9929062128067017 -0.06913895905017853 0.08916264772415161 0.1393967866897583 0.0822950080037117 0.9868110418319702 -0.24483515322208405 0.0 0.0 0.0 1.0
0.9853359460830688 0.08667143434286118 -0.1469733864068985 -0.04933574050664902 -0.09784545749425888 0.992696225643158 -0.07057224959135056 0.08790631592273712 0.1397833377122879 0.08391805738210678 0.9866196513175964 -0.24503152072429657 0.0 0.0 0.0 1.0
0.9853690266609192 0.08688195794820786 -0.14662675559520721 -0.04962529242038727 -0.09804844856262207 0.9926658272743225 -0.07071801275014877 0.08677693456411362 0.13940724730491638 0.08405986428260803 0.9866608381271362 -0.24525660276412964 0.0 0.0 0.0 1.0
0.9854335784912109 0.08833108842372894 -0.14532136917114258 -0.05005895718932152 -0.09949453920125961 0.9924715161323547 -0.07142221927642822 0.08524846285581589 0.13791851699352264 0.08484053611755371 0.9868032336235046 -0.2453819215297699 0.0 0.0 0.0 1.0
0.9851647615432739 0.08941281586885452 -0.14647777378559113 -0.05058595910668373 -0.10109153389930725 0.9920976161956787 -0.07431553304195404 0.08369280397891998 0.1386754959821701 0.08802071213722229 0.9864184856414795 -0.24565060436725616 0.0 0.0 0.0 1.0
0.984970211982727 0.09232839941978455 -0.14597664773464203 -0.05069618299603462 -0.10410007834434509 0.9917230010032654 -0.0751577839255333 0.08232292532920837 0.13782919943332672 0.08922436088323593 0.98642897605896 -0.24587707221508026 0.0 0.0 0.0 1.0
0.9849393367767334 0.09334403276443481 -0.14553849399089813 -0.05142946541309357 -0.10530194640159607 0.9914754033088684 -0.0767337903380394 0.08094430714845657 0.13713519275188446 0.0909036174416542 0.9863723516464233 -0.24583573639392853 0.0 0.0 0.0 1.0
0.9846954941749573 0.0940287858247757 -0.14674237370491028 -0.05225319787859917 -0.10618079453706741 0.9913386106491089 -0.0772877186536789 0.07974718511104584 0.13820411264896393 0.09168609231710434 0.9861507415771484 -0.2457001805305481 0.0 0.0 0.0 1.0
0.9844915270805359 0.09501288086175919 -0.14747540652751923 -0.05286486819386482 -0.10732342302799225 0.9911693334579468 -0.07787837088108063 0.07879040390253067 0.13877364993095398 0.09249816089868546 0.9859949350357056 -0.24539948999881744 0.0 0.0 0.0 1.0
0.9840618968009949 0.0955887958407402 -0.14994987845420837 -0.053399693220853806 -0.10894075781106949 0.9905352592468262 -0.08349702507257462 0.07784723490476608 0.14054927229881287 0.09850189834833145 0.985161542892456 -0.24473285675048828 0.0 0.0 0.0 1.0
0.9838587045669556 0.09607544541358948 -0.15096858143806458 -0.05409134551882744 -0.10956020653247833 0.9904511570930481 -0.08368454873561859 0.07712183147668839 0.1414869725704193 0.09887392073869705 0.9849900603294373 -0.244423970580101 0.0 0.0 0.0 1.0
0.9837561845779419 0.09583143889904022 -0.1517895758152008 -0.054673172533512115 -0.10951590538024902 0.9903864860534668 -0.08450376987457275 0.07643718272447586 0.14223222434520721 0.09975448250770569 0.9847939014434814 -0.24419432878494263 0.0 0.0 0.0 1.0
0.9838845133781433 0.0957610085606575 -0.15100033581256866 -0.05497187376022339 -0.10915812104940414 0.9905475378036499 -0.08306705951690674 0.07558911293745041 0.14161843061447144 0.09821130335330963 0.9850374460220337 -0.24390874803066254 0.0 0.0 0.0 1.0
0.9841116070747375 0.09591782838106155 -0.14941266179084778 -0.05535343661904335 -0.10798780620098114 0.9913293123245239 -0.07486578822135925 0.07476373761892319 0.14093619585037231 0.08981103450059891 0.9859365820884705 -0.24385255575180054 0.0 0.0 0.0 1.0
0.9838593006134033 0.09500458836555481 -0.15164095163345337 -0.05564166605472565 -0.10723743587732315 0.9914288520812988 -0.07462533563375473 0.07396554201841354 0.1432514637708664 0.08968242257833481 0.9856145977973938 -0.24365301430225372 0.0 0.0 0.0 1.0
0.9837371706962585 0.09626571834087372 -0.15163810551166534 -0.055384572595357895 -0.10823394358158112 0.9914607405662537 -0.07273942977190018 0.07274074107408524 0.14334091544151306 0.0879688709974289 0.985755980014801 -0.24316953122615814 0.0 0.0 0.0 1.0
0.9837081432342529 0.0958395004272461 -0.15209561586380005 -0.055490586906671524 -0.1077558770775795 0.9915576577186584 -0.07212530076503754 0.07191073894500732 0.1438991278409958 0.08733944594860077 0.9857306480407715 -0.24273380637168884 0.0 0.0 0.0 1.0
0.9837204217910767 0.09420563280582428 -0.15303392708301544 -0.05559058487415314 -0.10631959140300751 0.9916495084762573 -0.07298895716667175 0.0710444301366806 0.14488005638122559 0.08807123452425003 0.9855217933654785 -0.24243462085723877 0.0 0.0 0.0 1.0
0.9839169383049011 0.08954301476478577 -0.15456238389015198 -0.055985745042562485 -0.10191179066896439 0.9920347332954407 -0.07403454184532166 0.07041417062282562 0.14670196175575256 0.08859556913375854 0.9852052330970764 -0.24191826581954956 0.0 0.0 0.0 1.0
0.9842334389686584 0.08742643892765045 -0.1537567526102066 -0.05557563528418541 -0.09928885847330093 0.9925059080123901 -0.07123040407896042 0.06976083666086197 0.1463770568370819 0.08537367731332779 0.9855379462242126 -0.2414335459470749 0.0 0.0 0.0 1.0
0.9843393564224243 0.08568522334098816 -0.1540585607290268 -0.05546513944864273 -0.09732048213481903 0.9928144812583923 -0.06962841004133224 0.06925736367702484 0.14698544144630432 0.08353103697299957 0.9856052994728088 -0.24078215658664703 0.0 0.0 0.0 1.0
0.9844885468482971 0.0811968743801117 -0.15552930533885956 -0.05555647611618042 -0.09275279194116592 0.993327796459198 -0.06853335350751877 0.06901711970567703 0.14892689883708954 0.08189607411623001 0.9854510426521301 -0.23977024853229523 0.0 0.0 0.0 1.0
0.9851605296134949 0.07455936074256897 -0.15459515154361725 -0.055325258523225784 -0.08708449453115463 0.9933062195777893 -0.07588808238506317 0.06851373612880707 0.14790217578411102 0.08822478353977203 0.9850590229034424 -0.23794183135032654 0.0 0.0 0.0 1.0
0.9848353266716003 0.0742902010679245 -0.1567811518907547 -0.054947469383478165 -0.08669478446245193 0.9934964179992676 -0.07381650060415268 0.06870868802070618 0.15027767419815063 0.08628920465707779 0.984870970249176 -0.23731790482997894 0.0 0.0 0.0 1.0
0.9849374294281006 0.07120383530855179 -0.15756992995738983 -0.05463249981403351 -0.08390428125858307 0.9936119318008423 -0.07546799629926682 0.06860435754060745 0.15118975937366486 0.08755204826593399 0.9846198558807373 -0.23617777228355408 0.0 0.0 0.0 1.0
0.9852918386459351 0.07031772285699844 -0.1557413786649704 -0.054280102252960205 -0.08226170390844345 0.9940342903137207 -0.07161588966846466 0.06861335039138794 0.1497763991355896 0.08337410539388657 0.9851983785629272 -0.23543229699134827 0.0 0.0 0.0 1.0
0.9853598475456238 0.06971389055252075 -0.15558268129825592 -0.05402549356222153 -0.08136610686779022 0.9942356944084167 -0.06982047855854034 0.06850897520780563 0.14981839060783386 0.08145745098590851 0.9853522777557373 -0.23488068580627441 0.0 0.0 0.0 1.0
0.9853999018669128 0.06947650760412216 -0.15543511509895325 -0.05389249324798584 -0.08111779391765594 0.9942544102668762 -0.06984356045722961 0.0679827630519867 0.14968955516815186 0.08143239468336105 0.9853739142417908 -0.23458842933177948 0.0 0.0 0.0 1.0
0.9855934977531433 0.06990117579698563 -0.15401050448417664 -0.053768400102853775 -0.08139719814062119 0.994245707988739 -0.06964205205440521 0.06728416681289673 0.14825621247291565 0.08117478340864182 0.9856118559837341 -0.23439720273017883 0.0 0.0 0.0 1.0
0.9857227206230164 0.07007447630167007 -0.15310223400592804 -0.0539407916367054 -0.08165483176708221 0.9941498041152954 -0.07070111483335495 0.06649043411016464 0.14725221693515778 0.08219323307275772 0.98567795753479 -0.23441344499588013 0.0 0.0 0.0 1.0
0.9859110116958618 0.0691741332411766 -0.15229718387126923 -0.054141461849212646 -0.08126905560493469 0.9938909411430359 -0.07467316836118698 0.0653020516037941 0.14620134234428406 0.08599814772605896 0.9855097532272339 -0.23454569280147552 0.0 0.0 0.0 1.0
0.9860475659370422 0.06937441229820251 -0.15131884813308716 -0.054426562041044235 -0.08160340785980225 0.9937509894371033 -0.07615675777196884 0.0642588660120964 0.14508992433547974 0.0874423235654831 0.9855469465255737 -0.23472027480602264 0.0 0.0 0.0 1.0
0.9861159920692444 0.06956639885902405 -0.15078365802764893 -0.054708775132894516 -0.08208726346492767 0.9935315847396851 -0.07846441864967346 0.06342436373233795 0.1443498432636261 0.0897524431347847 0.9854479432106018 -0.23465728759765625 0.0 0.0 0.0 1.0
0.9860294461250305 0.07032802700996399 -0.15099622309207916 -0.05531599372625351 -0.08309004455804825 0.9933307766914368 -0.07993734627962112 0.062553770840168 0.14436735212802887 0.09136685729026794 0.9852969646453857 -0.23430606722831726 0.0 0.0 0.0 1.0
0.986093282699585 0.07090230286121368 -0.15030935406684875 -0.05618095397949219 -0.08291583508253098 0.9937137365341187 -0.07521918416023254 0.0620325542986393 0.14403127133846283 0.08663615584373474 0.9857733845710754 -0.23413236439228058 0.0 0.0 0.0 1.0
0.9859048128128052 0.0722213014960289 -0.15091632306575775 -0.05695703253149986 -0.08455225825309753 0.993443489074707 -0.07694795727729797 0.061452340334653854 0.14436955749988556 0.08862367272377014 0.9855471849441528 -0.23386581242084503 0.0 0.0 0.0 1.0
0.9857726097106934 0.07553018629550934 -0.15015827119350433 -0.05751347169280052 -0.08778101950883865 0.9931827187538147 -0.07669806480407715 0.06095364689826965 0.1433415710926056 0.08878789842128754 0.9856824278831482 -0.23375771939754486 0.0 0.0 0.0 1.0
0.9858138561248779 0.07679732143878937 -0.149242103099823 -0.05825971066951752 -0.0889238566160202 0.9931080341339111 -0.07634797692298889 0.06064557284116745 0.1423502117395401 0.08853607624769211 0.9858487844467163 -0.23356221616268158 0.0 0.0 0.0 1.0
0.9856473803520203 0.07631311565637589 -0.15058396756649017 -0.05912021920084953 -0.08884843438863754 0.9929592609405518 -0.07834442704916 0.06021054834127426 0.1435450315475464 0.09059913456439972 0.9854879975318909 -0.23333799839019775 0.0 0.0 0.0 1.0
0.9857862591743469 0.07747334241867065 -0.14907504618167877 -0.05956840142607689 -0.08980772644281387 0.9929110407829285 -0.07786069810390472 0.059875115752220154 0.14198611676692963 0.09014209359884262 0.9857557415962219 -0.2331220805644989 0.0 0.0 0.0 1.0
0.9858402609825134 0.07767659425735474 -0.1486114263534546 -0.060341596603393555 -0.09019338339567184 0.9927526116371155 -0.07941934466362 0.05950358882546425 0.14136536419391632 0.0916985496878624 0.9857013821601868 -0.23261795938014984 0.0 0.0 0.0 1.0
0.9858913421630859 0.07745793461799622 -0.14838658273220062 -0.060677070170640945 -0.09002899378538132 0.9927244186401367 -0.07995618134737015 0.059417612850666046 0.141113743185997 0.09218720346689224 0.9856918454170227 -0.23224370181560516 0.0 0.0 0.0 1.0
0.9859480261802673 0.07758712023496628 -0.14794152975082397 -0.06100966036319733 -0.09009480476379395 0.9927310943603516 -0.07979939877986908 0.05954032391309738 0.14067475497722626 0.09200682491064072 0.9857714772224426 -0.23163188993930817 0.0 0.0 0.0 1.0
0.9861168265342712 0.07781045883893967 -0.1466941237449646 -0.06125493347644806 -0.09000274538993835 0.9928519129753113 -0.0783872976899147 0.059726532548666 0.13954618573188782 0.09050190448760986 0.9860711097717285 -0.23074015974998474 0.0 0.0 0.0 1.0
0.9861406087875366 0.07653196156024933 -0.147205650806427 -0.061703361570835114 -0.08906152844429016 0.9927685260772705 -0.0804905891418457 0.059844791889190674 0.13998103141784668 0.09248539805412292 0.9858254194259644 -0.22991256415843964 0.0 0.0 0.0 1.0
0.9861271381378174 0.0763997808098793 -0.1473648101091385 -0.061963558197021484 -0.08901416510343552 0.9927323460578918 -0.08098776638507843 0.05989493057131767 0.14010636508464813 0.09298179298639297 0.9857609272003174 -0.22898530960083008 0.0 0.0 0.0 1.0
0.9862807393074036 0.07674352824687958 -0.14615318179130554 -0.06176798418164253 -0.08870382606983185 0.9930658340454102 -0.07714852690696716 0.06012168899178505 0.13921909034252167 0.08905445039272308 0.9862491488456726 -0.22859759628772736 0.0 0.0 0.0 1.0
0.986336886882782 0.07624039053916931 -0.14603741466999054 -0.061903197318315506 -0.08837812393903732 0.9929885268211365 -0.078505739569664 0.059894975274801254 0.1390281617641449 0.09033962339162827 0.9861592054367065 -0.22839678823947906 0.0 0.0 0.0 1.0
0.9863669276237488 0.07648598402738571 -0.1457056999206543 -0.06205778196454048 -0.08891052007675171 0.9927607774734497 -0.08075255900621414 0.059445999562740326 0.1384744644165039 0.09260641783475876 0.9860268235206604 -0.22821098566055298 0.0 0.0 0.0 1.0
0.9866170883178711 0.07670283317565918 -0.14388692378997803 -0.0622079111635685 -0.08885547518730164 0.9928250312805176 -0.08002004027366638 0.05908321589231491 0.13671676814556122 0.09173427522182465 0.9863535761833191 -0.22797466814517975 0.0 0.0 0.0 1.0
0.986779510974884 0.07536046206951141 -0.14348173141479492 -0.06247676908969879 -0.08773225545883179 0.9927682876586914 -0.08194015920162201 0.0585072860121727 0.13626907765865326 0.09344484657049179 0.9862549304962158 -0.22776013612747192 0.0 0.0 0.0 1.0
0.9869357943534851 0.07497557252645493 -0.14260561764240265 -0.0626792460680008 -0.08715155720710754 0.9928852319717407 -0.08113881200551987 0.05789509415626526 0.13550758361816406 0.09250710159540176 0.9864482283592224 -0.2270936369895935 0.0 0.0 0.0 1.0
0.9873230457305908 0.07618047297000885 -0.13924694061279297 -0.06287281960248947 -0.08794767409563065 0.9928753972053528 -0.08039708435535431 0.05745528265833855 0.13213017582893372 0.09162434190511703 0.9869886636734009 -0.2263261079788208 0.0 0.0 0.0 1.0
0.9875577688217163 0.07688173651695251 -0.1371818631887436 -0.06303943693637848 -0.08875565230846405 0.9926190972328186 -0.08264251053333282 0.057078927755355835 0.12981563806533813 0.09378991276025772 0.9870923757553101 -0.22586721181869507 0.0 0.0 0.0 1.0
0.9875052571296692 0.07791633158922195 -0.13697603344917297 -0.06330853700637817 -0.08959973603487015 0.9926540851593018 -0.08130072802305222 0.056956686079502106 0.12963517010211945 0.09255791455507278 0.9872323870658875 -0.2250409871339798 0.0 0.0 0.0 1.0
0.9874252080917358 0.07888815551996231 -0.13699661195278168 -0.06346336752176285 -0.09019956737756729 0.992831826210022 -0.07841547578573227 0.05696139484643936 0.129828542470932 0.08978645503520966 0.9874628782272339 -0.22424349188804626 0.0 0.0 0.0 1.0
0.9874320030212402 0.07837188988924026 -0.13724367320537567 -0.06382579356431961 -0.08976902812719345 0.9928311705589294 -0.0789162740111351 0.05681196600198746 0.13007499277591705 0.09024468809366226 0.9873886704444885 -0.2235606163740158 0.0 0.0 0.0 1.0
0.987766444683075 0.07759439945220947 -0.13526494801044464 -0.0640530213713646 -0.08854394406080246 0.9930994510650635 -0.07689934223890305 0.05688924714922905 0.12836459279060364 0.08793548494577408 0.9878208041191101 -0.22307853400707245 0.0 0.0 0.0 1.0
0.987660825252533 0.079399973154068 -0.13498809933662415 -0.06434594094753265 -0.09039647877216339 0.992895245552063 -0.07737872749567032 0.05645855516195297 0.12788517773151398 0.08862638473510742 0.9878212213516235 -0.22231781482696533 0.0 0.0 0.0 1.0
0.987636148929596 0.0790761262178421 -0.13535824418067932 -0.06470680981874466 -0.0903143361210823 0.9927753210067749 -0.07899684458971024 0.05618662387132645 0.12813356518745422 0.09024492651224136 0.9876424670219421 -0.22182200849056244 0.0 0.0 0.0 1.0
0.9876967668533325 0.07952657341957092 -0.1346500813961029 -0.06517906486988068 -0.09070894122123718 0.9927350878715515 -0.07905016094446182 0.05599643290042877 0.12738527357578278 0.09029155969619751 0.9877349734306335 -0.2210599035024643 0.0 0.0 0.0 1.0
0.9876953363418579 0.07948524504899979 -0.1346846967935562 -0.06575223058462143 -0.0907205119729042 0.9927031397819519 -0.07943720370531082 0.05593785643577576 0.12738783657550812 0.09067842364311218 0.9876992106437683 -0.22011753916740417 0.0 0.0 0.0 1.0
0.9876164197921753 0.0799587219953537 -0.1349828690290451 -0.06620956212282181 -0.09121844172477722 0.9926608800888062 -0.07939474284648895 0.055883731693029404 0.1276439130306244 0.09072447568178177 0.9876619577407837 -0.21939095854759216 0.0 0.0 0.0 1.0
0.9874191880226135 0.0812087133526802 -0.13567784428596497 -0.0667782798409462 -0.09244416654109955 0.9926057457923889 -0.07866360992193222 0.0559113472700119 0.1282864362001419 0.09021658450365067 0.987625241279602 -0.2183980792760849 0.0 0.0 0.0 1.0
0.9872603416442871 0.0830356776714325 -0.13572809100151062 -0.06735746562480927 -0.09418624639511108 0.9925021529197693 -0.07790029793977737 0.055889081209897995 0.12824192643165588 0.08969159424304962 0.9876788258552551 -0.21731917560100555 0.0 0.0 0.0 1.0
0.9869545102119446 0.084475576877594 -0.13705717027187347 -0.06795758754014969 -0.09581496566534042 0.9923104643821716 -0.07835426181554794 0.05576705187559128 0.12938424944877625 0.09046421945095062 0.9874593615531921 -0.21606819331645966 0.0 0.0 0.0 1.0
0.9864038825035095 0.08420352637767792 -0.14112800359725952 -0.06896202266216278 -0.09668738394975662 0.9917587637901306 -0.08406004309654236 0.05529606714844704 0.13288678228855133 0.0965624526143074 0.9864161610603333 -0.2137901932001114 0.0 0.0 0.0 1.0
0.9867860078811646 0.08527136594057083 -0.13777579367160797 -0.06919080764055252 -0.0968538224697113 0.9921053051948547 -0.07966436445713043 0.05549584701657295 0.12989500164985657 0.09195579588413239 0.9872545003890991 -0.21312105655670166 0.0 0.0 0.0 1.0
0.9865831732749939 0.08602610230445862 -0.13875561952590942 -0.06965415924787521 -0.09755392372608185 0.9921272993087769 -0.07852812856435776 0.05547803267836571 0.13090777397155762 0.0910106897354126 0.9872083067893982 -0.21225792169570923 0.0 0.0 0.0 1.0
0.9866945147514343 0.08630233258008957 -0.13778895139694214 -0.07023334503173828 -0.0977691113948822 0.9920898675918579 -0.07873335480690002 0.0554557666182518 0.1299041509628296 0.09115727990865707 0.9873273372650146 -0.21117901802062988 0.0 0.0 0.0 1.0
0.9864470958709717 0.0885019600391388 -0.1381649672985077 -0.0706585943698883 -0.09970223903656006 0.9920833110809326 -0.07635562121868134 0.055007047951221466 0.13031353056430817 0.08909613639116287 0.987461507320404 -0.20997992157936096 0.0 0.0 0.0 1.0
0.9864231944084167 0.08884692192077637 -0.1381140798330307 -0.07096511870622635 -0.10009508579969406 0.9920141696929932 -0.07673878222703934 0.05477147549390793 0.13019312918186188 0.08952146023511887 0.9874389171600342 -0.20875903964042664 0.0 0.0 0.0 1.0
0.9867518544197083 0.08902929723262787 -0.13562649488449097 -0.07121573388576508 -0.10026078671216965 0.9918711185455322 -0.0783543512225151 0.05444975569844246 0.12754817306995392 0.09091432392597198 0.987656831741333 -0.20700015127658844 0.0 0.0 0.0 1.0
0.986650288105011 0.08976176381111145 -0.13588237762451172 -0.0713191032409668 -0.1008424162864685 0.9919201135635376 -0.07697615027427673 0.05428213253617287 0.1278749406337738 0.08965124934911728 0.9877300262451172 -0.20571516454219818 0.0 0.0 0.0 1.0
0.9865576028823853 0.09019984304904938 -0.1362646371126175 -0.07142848521471024 -0.10084276646375656 0.9921968579292297 -0.07332197576761246 0.05415081977844238 0.12858770787715912 0.08607765287160873 0.9879553914070129 -0.2042936086654663 0.0 0.0 0.0 1.0
0.9867956638336182 0.08922714740037918 -0.13517704606056213 -0.07150735706090927 -0.0998026430606842 0.9922829866409302 -0.0735793486237526 0.05374740809202194 0.12756861746311188 0.0860988050699234 0.9880856275558472 -0.20221249759197235 0.0 0.0 0.0 1.0
0.9869833588600159 0.08853603154420853 -0.13425816595554352 -0.07153388112783432 -0.09891119599342346 0.9924389123916626 -0.07267415523529053 0.05359340459108353 0.1268087476491928 0.08500781655311584 0.9882779121398926 -0.20056156814098358 0.0 0.0 0.0 1.0
0.9871112108230591 0.08872394263744354 -0.1331898421049118 -0.07146995514631271 -0.09899571537971497 0.992437481880188 -0.0725792646408081 0.05325790122151375 0.1257430762052536 0.08482903242111206 0.9884294271469116 -0.1990048587322235 0.0 0.0 0.0 1.0
0.9873183369636536 0.08873815089464188 -0.13163594901561737 -0.0713561400771141 -0.09883134812116623 0.9924798011779785 -0.07222326844930649 0.052872564643621445 0.124237060546875 0.08431711792945862 0.9886636137962341 -0.19677358865737915 0.0 0.0 0.0 1.0
0.9874964356422424 0.08851511776447296 -0.13044504821300507 -0.07109376043081284 -0.09847207367420197 0.9925348162651062 -0.07195740193128586 0.05297251045703888 0.12310193479061127 0.08390286564826965 0.9888408184051514 -0.19459156692028046 0.0 0.0 0.0 1.0
0.9873203635215759 0.0891372337937355 -0.13135077059268951 -0.07113231718540192 -0.09863533824682236 0.9928207397460938 -0.06766150891780853 0.05289112403988838 0.12437660992145538 0.07975941151380539 0.9890242218971252 -0.19266754388809204 0.0 0.0 0.0 1.0
0.9873347282409668 0.08914103358983994 -0.13124030828475952 -0.07102607935667038 -0.09880820661783218 0.9927059412002563 -0.06907892972230911 0.05266459658741951 0.12412526458501816 0.08117164671421051 0.9889408946037292 -0.1901126652956009 0.0 0.0 0.0 1.0
0.987432062625885 0.09115981310606003 -0.1291036754846573 -0.07073517888784409 -0.10020216554403305 0.992818295955658 -0.06535603851079941 0.05270549654960632 0.12221864610910416 0.07747111469507217 0.9894750118255615 -0.18842634558677673 0.0 0.0 0.0 1.0
0.9873083829879761 0.09138013422489166 -0.12989164888858795 -0.07086706906557083 -0.10033383220434189 0.992884635925293 -0.06413421779870987 0.05259691923856735 0.12310682982206345 0.07635278254747391 0.9894518256187439 -0.18664565682411194 0.0 0.0 0.0 1.0
0.9875255823135376 0.09047187864780426 -0.12887215614318848 -0.07104240357875824 -0.0995214432477951 0.9928711652755737 -0.06559257209300995 0.05241131782531738 0.12201916426420212 0.07759988307952881 0.9894895553588867 -0.18433377146720886 0.0 0.0 0.0 1.0
0.987605094909668 0.09123137593269348 -0.12772232294082642 -0.07119078189134598 -0.1000959575176239 0.9928662776947021 -0.06478681415319443 0.052289169281721115 0.12090060859918594 0.07676827907562256 0.9896917343139648 -0.18233051896095276 0.0 0.0 0.0 1.0
0.9874735474586487 0.0927896797657013 -0.127616748213768 -0.07122175395488739 -0.10118592530488968 0.9929986596107483 -0.06095124036073685 0.052048973739147186 0.12106761336326599 0.07310076057910919 0.9899489283561707 -0.18073008954524994 0.0 0.0 0.0 1.0
0.9873160123825073 0.09457801282405853 -0.12752275168895721 -0.07162563502788544 -0.10319716483354568 0.9926793575286865 -0.06275409460067749 0.05160946771502495 0.12065404653549194 0.07511810958385468 0.9898484349250793 -0.17836076021194458 0.0 0.0 0.0 1.0
0.9872764348983765 0.09557786583900452 -0.12708330154418945 -0.07188094407320023 -0.10398541390895844 0.9926914572715759 -0.0612434521317482 0.05165524408221245 0.12030098587274551 0.07367902249097824 0.989999532699585 -0.17604069411754608 0.0 0.0 0.0 1.0
0.9872901439666748 0.09194988012313843 -0.12962770462036133 -0.07268603146076202 -0.10024888068437576 0.993211030960083 -0.05900818109512329 0.05204144865274429 0.12332187592983246 0.0712532252073288 0.9898054003715515 -0.1740550696849823 0.0 0.0 0.0 1.0
0.9874100089073181 0.08897896856069565 -0.13078302145004272 -0.07335366308689117 -0.09763577580451965 0.9933306574821472 -0.061330653727054596 0.05198763310909271 0.12445364892482758 0.07332760095596313 0.9895122051239014 -0.17172668874263763 0.0 0.0 0.0 1.0
0.9876126050949097 0.08952050656080246 -0.12886980175971985 -0.07373595237731934 -0.097159743309021 0.9937889575958252 -0.05425390973687172 0.05252331495285034 0.1232125535607338 0.06610280275344849 0.9901763200759888 -0.1698354184627533 0.0 0.0 0.0 1.0
0.9873601198196411 0.08971534669399261 -0.13065659999847412 -0.07434077560901642 -0.09706147015094757 0.9939721822738647 -0.050973840057849884 0.052768781781196594 0.12529589235782623 0.06301125884056091 0.9901164174079895 -0.1680232584476471 0.0 0.0 0.0 1.0
0.9869807362556458 0.08933573216199875 -0.13374672830104828 -0.07498590648174286 -0.09715468436479568 0.9938511848449707 -0.05311067774891853 0.0526922270655632 0.128179669380188 0.06541333347558975 0.9895913600921631 -0.16605401039123535 0.0 0.0 0.0 1.0
0.9870425462722778 0.08998747915029526 -0.13285067677497864 -0.07560564577579498 -0.09749795496463776 0.9939208626747131 -0.05114156752824783 0.052801623940467834 0.12744095921516418 0.06343156844377518 0.9898157715797424 -0.16420632600784302 0.0 0.0 0.0 1.0
0.9873429536819458 0.09028533101081848 -0.13039323687553406 -0.07594581693410873 -0.09696952998638153 0.9942309856414795 -0.045843709260225296 0.0530831404030323 0.12550197541713715 0.05790763348340988 0.9904019236564636 -0.16327089071273804 0.0 0.0 0.0 1.0
0.9866706728935242 0.09234829246997833 -0.13398781418800354 -0.07686425745487213 -0.10008247196674347 0.9936104416847229 -0.05217047780752182 0.052344467490911484 0.1283138394355774 0.06488490849733353 0.9896087646484375 -0.1611376255750656 0.0 0.0 0.0 1.0
0.9866732358932495 0.09372859448194504 -0.1330069899559021 -0.07748531550168991 -0.10153596848249435 0.9934099912643433 -0.053169362246990204 0.05212267488241196 0.12714698910713196 0.06596577912569046 0.9896879196166992 -0.15971456468105316 0.0 0.0 0.0 1.0
0.986814558506012 0.09475475549697876 -0.13121946156024933 -0.07797718793153763 -0.10223439335823059 0.9934276938438416 -0.05147401615977287 0.05216391012072563 0.12547963857650757 0.0642104521393776 0.9900161027908325 -0.15835575759410858 0.0 0.0 0.0 1.0
0.9864022135734558 0.09656200557947159 -0.13299031555652618 -0.0785452276468277 -0.10428645461797714 0.9931669235229492 -0.052381277084350586 0.051647283136844635 0.12702353298664093 0.06553809344768524 0.9897321462631226 -0.15663225948810577 0.0 0.0 0.0 1.0
0.9865629076957703 0.09667189419269562 -0.13171251118183136 -0.07900123298168182 -0.10348821431398392 0.9935704469680786 -0.045912839472293854 0.05192435160279274 0.12642717361450195 0.058926597237586975 0.9902241230010986 -0.15548105537891388 0.0 0.0 0.0 1.0
0.985805332660675 0.09980501979589462 -0.13500650227069855 -0.07949688285589218 -0.10658051073551178 0.9933341145515442 -0.04390833526849747 0.05133515223860741 0.12972429394721985 0.05767413228750229 0.9898713827133179 -0.1534421294927597 0.0 0.0 0.0 1.0
0.986457109451294 0.09804331511259079 -0.1314907968044281 -0.07988271117210388 -0.10506351292133331 0.9933283925056458 -0.04754278436303139 0.05078671872615814 0.12595228850841522 0.06071380525827408 0.9901766777038574 -0.1514824479818344 0.0 0.0 0.0 1.0
0.9863983988761902 0.09929786622524261 -0.13098888099193573 -0.08021774888038635 -0.10593461990356445 0.9933681488037109 -0.044693902134895325 0.050610192120075226 0.12568217515945435 0.05796224996447563 0.9903758764266968 -0.14976589381694794 0.0 0.0 0.0 1.0
0.9864371418952942 0.0981094241142273 -0.13159145414829254 -0.08066863566637039 -0.10477939993143082 0.9934884905815125 -0.04474230483174324 0.05042920634150505 0.1263449490070343 0.05792354792356491 0.9902938008308411 -0.14783354103565216 0.0 0.0 0.0 1.0
0.9865083694458008 0.09835711866617203 -0.13087071478366852 -0.08095065504312515 -0.10508394241333008 0.9934213757514954 -0.04551144689321518 0.049957845360040665 0.12553338706493378 0.058649834245443344 0.9903542399406433 -0.14581654965877533 0.0 0.0 0.0 1.0
0.9863889813423157 0.10035864263772964 -0.13024957478046417 -0.0811019241809845 -0.10663724690675735 0.9934045076370239 -0.04214271530508995 0.04962700605392456 0.12516112625598907 0.055458564311265945 0.990585207939148 -0.14405085146427155 0.0 0.0 0.0 1.0
0.9865062236785889 0.10107412934303284 -0.12880025804042816 -0.08111797273159027 -0.10683076828718185 0.993528425693512 -0.038580626249313354 0.04952288419008255 0.12406721711158752 0.05181985720992088 0.9909197688102722 -0.14248596131801605 0.0 0.0 0.0 1.0
0.9866219162940979 0.10072103142738342 -0.12818925082683563 -0.08143140375614166 -0.10665745288133621 0.9934786558151245 -0.040302786976099014 0.04890187829732895 0.12329394370317459 0.053435951471328735 0.9909304976463318 -0.1402108520269394 0.0 0.0 0.0 1.0
0.9864272475242615 0.1020200178027153 -0.1286594569683075 -0.08171343058347702 -0.10812274366617203 0.9932768940925598 -0.041357941925525665 0.04843051731586456 0.1235751286149025 0.054707612842321396 0.9908260703086853 -0.13819384574890137 0.0 0.0 0.0 1.0
0.9866278171539307 0.10272660851478577 -0.1265418976545334 -0.08184976875782013 -0.10853840410709381 0.9932910203933716 -0.03990447521209717 0.04823575168848038 0.1215936690568924 0.05310552194714546 0.9911583065986633 -0.1364636868238449 0.0 0.0 0.0 1.0
0.986839771270752 0.10361258685588837 -0.12414377182722092 -0.08203244209289551 -0.10908243060112 0.9933028221130371 -0.038086552172899246 0.04775526747107506 0.1193661093711853 0.05112723261117935 0.9915330410003662 -0.1344398856163025 0.0 0.0 0.0 1.0
0.9865256547927856 0.10512671619653702 -0.12536141276359558 -0.08242741227149963 -0.11075901985168457 0.9930888414382935 -0.038819290697574615 0.04748814180493355 0.12041408568620682 0.05218113213777542 0.9913513660430908 -0.13196952641010284 0.0 0.0 0.0 1.0
0.9865378141403198 0.10483795404434204 -0.1255074292421341 -0.08275067061185837 -0.11008778214454651 0.9932829737663269 -0.03563140332698822 0.0476926825940609 0.12092887610197067 0.048968564718961716 0.9914526343345642 -0.12991437315940857 0.0 0.0 0.0 1.0
0.9863505959510803 0.10524065792560577 -0.12663684785366058 -0.08304183930158615 -0.11020465195178986 0.9933664798736572 -0.03283310681581497 0.04750262573361397 0.12234142422676086 0.04634092375636101 0.9914056062698364 -0.12738670408725739 0.0 0.0 0.0 1.0
0.9861410856246948 0.10520679503679276 -0.12828606367111206 -0.08312094956636429 -0.11077585816383362 0.9931542873382568 -0.03705818951129913 0.04755290597677231 0.12350908666849136 0.05075560510158539 0.9910445809364319 -0.12469390034675598 0.0 0.0 0.0 1.0
0.9859180450439453 0.10733915120363235 -0.12823379039764404 -0.08335375785827637 -0.11198596656322479 0.9932696223258972 -0.02957303822040558 0.047575946897268295 0.1241963803768158 0.04351697489619255 0.9913029670715332 -0.1227329671382904 0.0 0.0 0.0 1.0
0.9863137602806091 0.10618769377470016 -0.12613241374492645 -0.08339700847864151 -0.11067765206098557 0.9934296607971191 -0.029119279235601425 0.04786205664277077 0.12221157550811768 0.042680785059928894 0.9915859699249268 -0.1202477514743805 0.0 0.0 0.0 1.0
0.986022412776947 0.10606075823307037 -0.1284950077533722 -0.08353648334741592 -0.1111401617527008 0.9932565093040466 -0.03300633653998375 0.04791228845715523 0.1241278201341629 0.046825941652059555 0.9911607503890991 -0.1181434690952301 0.0 0.0 0.0 1.0
0.9862311482429504 0.10670142620801926 -0.1263444870710373 -0.08343380689620972 -0.11073733866214752 0.9935265183448792 -0.025342756882309914 0.048021309077739716 0.12282248586416245 0.03898486867547035 0.9916626811027527 -0.11655677855014801 0.0 0.0 0.0 1.0
0.986497163772583 0.10725072771310806 -0.12377645075321198 -0.08342693001031876 -0.11124899238348007 0.9934566617012024 -0.025835763663053513 0.04780389741063118 0.12019563466310501 0.03925691172480583 0.9919737577438354 -0.11400870978832245 0.0 0.0 0.0 1.0
0.9863455891609192 0.10756605118513107 -0.1247074231505394 -0.08340488374233246 -0.11191680282354355 0.9933115839958191 -0.028402777388691902 0.04726886749267578 0.12081816047430038 0.04197181016206741 0.9917869567871094 -0.11210785061120987 0.0 0.0 0.0 1.0
0.9858085513114929 0.11002520471811295 -0.12679114937782288 -0.0833977535367012 -0.11454983800649643 0.9929957985877991 -0.02894238755106926 0.04659777134656906 0.1227186843752861 0.04305555671453476 0.9915071129798889 -0.11017146706581116 0.0 0.0 0.0 1.0
0.9867258071899414 0.10735367238521576 -0.12184999883174896 -0.08299190551042557 -0.11152516305446625 0.9933691024780273 -0.027927208691835403 0.04622138664126396 0.1180439367890358 0.04114583879709244 0.9921555519104004 -0.107783243060112 0.0 0.0 0.0 1.0
0.9861047267913818 0.1109800785779953 -0.12361598759889603 -0.08260478079319 -0.11428717523813248 0.9932470321655273 -0.019969001412391663 0.04649816453456879 0.12056504935026169 0.03381924703717232 0.9921292066574097 -0.10571599006652832 0.0 0.0 0.0 1.0
0.9861657619476318 0.10584660619497299 -0.1275681108236313 -0.08228649199008942 -0.11077538132667542 0.9933249354362488 -0.03216171637177467 0.046511970460414886 0.12331237643957138 0.04584818705916405 0.9913082122802734 -0.10299596935510635 0.0 0.0 0.0 1.0
0.9863758683204651 0.10601098090410233 -0.12579451501369476 -0.08138544857501984 -0.1096605658531189 0.9937159419059753 -0.02243131585419178 0.046212490648031235 0.12262605875730515 0.0359204076230526 0.9918026924133301 -0.10038667172193527 0.0 0.0 0.0 1.0
0.987410843372345 0.10323087871074677 -0.11984666436910629 -0.08041846752166748 -0.10667255520820618 0.9940361976623535 -0.022648945450782776 0.04596729949116707 0.11679385602474213 0.03514816612005234 0.9925340414047241 -0.09866771101951599 0.0 0.0 0.0 1.0
0.9874905943870544 0.10211897641420364 -0.1201418936252594 -0.07997295260429382 -0.10642930120229721 0.9938673377037048 -0.030007964000105858 0.045037511736154556 0.11634072661399841 0.0424191989004612 0.9923030734062195 -0.09613058716058731 0.0 0.0 0.0 1.0
0.9869674444198608 0.10478463023900986 -0.12212859094142914 -0.07918906956911087 -0.10833290219306946 0.9938539266586304 -0.02276642434298992 0.04440239071846008 0.1189924106001854 0.03570026531815529 0.9922531247138977 -0.0937301367521286 0.0 0.0 0.0 1.0
0.9874201416969299 0.10376465320587158 -0.11930760741233826 -0.07867628335952759 -0.10703890025615692 0.9940255284309387 -0.021353691816329956 0.04385807737708092 0.11637904495000839 0.0338556207716465 0.9926276803016663 -0.09165871888399124 0.0 0.0 0.0 1.0
0.9870572686195374 0.10481460392475128 -0.12137490510940552 -0.07813876122236252 -0.10863114893436432 0.9937614798545837 -0.025247802957892418 0.04262429103255272 0.11797136068344116 0.03810612112283707 0.9922856092453003 -0.08940287679433823 0.0 0.0 0.0 1.0
0.9875763654708862 0.10464216023683548 -0.11723034828901291 -0.07709557563066483 -0.10849206149578094 0.9937322735786438 -0.026937590911984444 0.04151729494333267 0.1136767715215683 0.03932148963212967 0.9927393198013306 -0.08701199293136597 0.0 0.0 0.0 1.0
0.9870331883430481 0.10624730587005615 -0.12032023072242737 -0.07686524838209152 -0.11007826775312424 0.9935922622680664 -0.02563498355448246 0.040592171251773834 0.11682561039924622 0.038547221571207047 0.9924041032791138 -0.08426588773727417 0.0 0.0 0.0 1.0
0.9867039918899536 0.10635921359062195 -0.12289395928382874 -0.0764651671051979 -0.11018379777669907 0.9936033487319946 -0.024736113846302032 0.03979840874671936 0.11947694420814514 0.03794814646244049 0.9921115040779114 -0.08235280960798264 0.0 0.0 0.0 1.0
0.9874438047409058 0.10498476028442383 -0.11803784221410751 -0.07581048458814621 -0.10882218927145004 0.9937071204185486 -0.026531290262937546 0.038900263607501984 0.11450965702533722 0.03904329612851143 0.9926546216011047 -0.07988811284303665 0.0 0.0 0.0 1.0
0.986995279788971 0.10763034969568253 -0.11939865350723267 -0.07546431571245193 -0.1108613982796669 0.9936195015907288 -0.020737791433930397 0.03797959163784981 0.11640481650829315 0.03370480239391327 0.9926297664642334 -0.07735778391361237 0.0 0.0 0.0 1.0
0.9870768785476685 0.10600607842206955 -0.1201748326420784 -0.0750778391957283 -0.10933125019073486 0.9937748908996582 -0.021403539925813675 0.037380948662757874 0.11715782433748245 0.034265801310539246 0.9925220012664795 -0.07498455047607422 0.0 0.0 0.0 1.0
0.9867201447486877 0.10596014559268951 -0.12310873717069626 -0.0748506411910057 -0.10912168771028519 0.9938427805900574 -0.0192093588411808 0.03670082241296768 0.1203152984380722 0.03238809481263161 0.9922072291374207 -0.07186432182788849 0.0 0.0 0.0 1.0
0.9874259233474731 0.10340803861618042 -0.11956927925348282 -0.07444190233945847 -0.10629788041114807 0.9941708445549011 -0.018031669780611992 0.03653312474489212 0.11700766533613205 0.030514899641275406 0.9926620721817017 -0.06923852860927582 0.0 0.0 0.0 1.0
0.9869509935379028 0.1072973906993866 -0.12006265670061111 -0.07431694120168686 -0.10982879251241684 0.9938425421714783 -0.014650019817054272 0.035653430968523026 0.11775146424770355 0.027645187452435493 0.9926581978797913 -0.06636267155408859 0.0 0.0 0.0 1.0
0.9873315095901489 0.10402435809373856 -0.11981400102376938 -0.07384784519672394 -0.1065763384103775 0.9941902160644531 -0.015074883587658405 0.035485781729221344 0.11754975467920303 0.027653245255351067 0.9926819205284119 -0.06314835697412491 0.0 0.0 0.0 1.0
0.9868023991584778 0.10553893446922302 -0.12281090021133423 -0.07392182946205139 -0.10750313848257065 0.9941597580909729 -0.009460020810365677 0.0350780114531517 0.12109525501728058 0.022537728771567345 0.9923850297927856 -0.05967441946268082 0.0 0.0 0.0 1.0
0.9868190884590149 0.10551226139068604 -0.12269984185695648 -0.07369687408208847 -0.10726742446422577 0.9941998720169067 -0.0077690971083939075 0.03506462275981903 0.12116842716932297 0.02082838863134384 0.9924134016036987 -0.05709775164723396 0.0 0.0 0.0 1.0
0.9869962930679321 0.10444377362728119 -0.1221877858042717 -0.07307251542806625 -0.10692089051008224 0.9941706657409668 -0.013876824639737606 0.03480171039700508 0.12002617120742798 0.026760801672935486 0.9924100041389465 -0.05333862081170082 0.0 0.0 0.0 1.0
0.9863203763961792 0.10755089670419693 -0.12491976469755173 -0.07301128655672073 -0.10951527953147888 0.9939448833465576 -0.008945664390921593 0.034620653837919235 0.12320124357938766 0.022503914311528206 0.9921265244483948 -0.050065476447343826 0.0 0.0 0.0 1.0
0.9866431951522827 0.10636132210493088 -0.12337947636842728 -0.07281328737735748 -0.10775862634181976 0.9941660165786743 -0.0046887630596756935 0.03454381600022316 0.12216098606586456 0.017921339720487595 0.9923484921455383 -0.047180186957120895 0.0 0.0 0.0 1.0
0.9861661195755005 0.10758076608181 -0.1261063516139984 -0.07279080897569656 -0.10879956930875778 0.9940597414970398 -0.0027971751987934113 0.03391823545098305 0.12505632638931274 0.016478797420859337 0.9920127987861633 -0.043937020003795624 0.0 0.0 0.0 1.0
0.9865576028823853 0.1057179868221283 -0.12461043149232864 -0.07246425747871399 -0.10789115726947784 0.9941040277481079 -0.010803058743476868 0.03322899341583252 0.12273365259170532 0.02410220541059971 0.992146909236908 -0.0408099889755249 0.0 0.0 0.0 1.0
0.9868141412734985 0.10552221536636353 -0.12273123860359192 -0.07258902490139008 -0.10768682509660721 0.9941226840019226 -0.011120694689452648 0.03244931623339653 0.12083642929792404 0.024190597236156464 0.9923776388168335 -0.03709293156862259 0.0 0.0 0.0 1.0
0.9865716099739075 0.10525450110435486 -0.12489154189825058 -0.07212281227111816 -0.10735069215297699 0.9941693544387817 -0.010155624710023403 0.03207297995686531 0.12309441715478897 0.023426445201039314 0.9921184182167053 -0.03411618247628212 0.0 0.0 0.0 1.0
0.9860643148422241 0.10538707673549652 -0.12872746586799622 -0.07198894768953323 -0.10715273767709732 0.9942190051078796 -0.006849031895399094 0.031365662813186646 0.12726148962974548 0.020547086372971535 0.9916563630104065 -0.031139308586716652 0.0 0.0 0.0 1.0
0.9861355423927307 0.10355767607688904 -0.12966307997703552 -0.07166396081447601 -0.1057741791009903 0.9943367838859558 -0.010307262651622295 0.03079891949892044 0.1278613805770874 0.023879364132881165 0.9915045499801636 -0.027825219556689262 0.0 0.0 0.0 1.0
0.9864172339439392 0.1014367938041687 -0.1291961520910263 -0.07123072445392609 -0.10401289910078049 0.9944865703582764 -0.013333109207451344 0.03039543703198433 0.1271313726902008 0.026590075343847275 0.9915294051170349 -0.024403303861618042 0.0 0.0 0.0 1.0
0.9861263632774353 0.10412075370550156 -0.1292811632156372 -0.07085271924734116 -0.10628551244735718 0.9942859411239624 -0.00994073785841465 0.029533859342336655 0.12750740349292755 0.02354353852570057 0.9915581345558167 -0.020788779482245445 0.0 0.0 0.0 1.0
0.9863295555114746 0.10373378545045853 -0.12803621590137482 -0.07029160857200623 -0.10584286600351334 0.9943349361419678 -0.009761429391801357 0.029062211513519287 0.12629829347133636 0.023179706186056137 0.9917214512825012 -0.01785574108362198 0.0 0.0 0.0 1.0
0.9860053658485413 0.1046532392501831 -0.12977322936058044 -0.06972091645002365 -0.1063012108206749 0.9943169355392456 -0.005818431731313467 0.0282187070697546 0.12842680513858795 0.019532056525349617 0.9915266036987305 -0.014091062359511852 0.0 0.0 0.0 1.0
0.9862556457519531 0.10200201719999313 -0.1299823373556137 -0.06904329359531403 -0.10442870855331421 0.9944602847099304 -0.011974291875958443 0.027207273989915848 0.1280408799648285 0.02538360096514225 0.9914439916610718 -0.01064318884164095 0.0 0.0 0.0 1.0
0.9867206811904907 0.10095338523387909 -0.1272428035736084 -0.0681130588054657 -0.10305741429328918 0.994624674320221 -0.010044983588159084 0.02630450949072838 0.12554475665092468 0.023024907335639 0.991820752620697 -0.007798952516168356 0.0 0.0 0.0 1.0
0.9865055680274963 0.10308349877595901 -0.12720271944999695 -0.067610964179039 -0.10520528256893158 0.9943996667861938 -0.010057940147817135 0.024744339287281036 0.12545353174209595 0.023304611444473267 0.9918257594108582 -0.003993198741227388 0.0 0.0 0.0 1.0
0.9866388440132141 0.10252151638269424 -0.1266217976808548 -0.06703846156597137 -0.10442638397216797 0.9944964647293091 -0.008480767719447613 0.023324647918343544 0.1250554621219635 0.021590111777186394 0.9919148087501526 -0.0010272720828652382 0.0 0.0 0.0 1.0
0.986845076084137 0.10090434551239014 -0.12631353735923767 -0.06616634875535965 -0.10332415997982025 0.9945662021636963 -0.012737295590341091 0.021755101159214973 0.1243419200181961 0.025620976462960243 0.991908609867096 0.0017720023170113564 0.0 0.0 0.0 1.0
0.9863939881324768 0.10355519503355026 -0.12768423557281494 -0.06555129587650299 -0.10585379600524902 0.9943171143531799 -0.011331385932862759 0.019990693777799606 0.1257852017879486 0.024693073704838753 0.9917501211166382 0.005124402232468128 0.0 0.0 0.0 1.0
0.9865780472755432 0.10222999006509781 -0.12732930481433868 -0.06470457464456558 -0.10473363101482391 0.9944139122962952 -0.013107563368976116 0.01823519542813301 0.125278040766716 0.026267293840646744 0.9917739033699036 0.008045237511396408 0.0 0.0 0.0 1.0
0.9868484735488892 0.10147293657064438 -0.1258305162191391 -0.06410355865955353 -0.1040157899260521 0.9944800734519958 -0.013788464479148388 0.016756456345319748 0.12373678386211395 0.026695486158132553 0.9919559359550476 0.010515483096241951 0.0 0.0 0.0 1.0
0.9873733520507812 0.09965928643941879 -0.12313354760408401 -0.06292003393173218 -0.10214591026306152 0.9946704506874084 -0.01403361652046442 0.01541812438517809 0.12107871472835541 0.02643400803208351 0.9922908544540405 0.013486701063811779 0.0 0.0 0.0 1.0
0.987017810344696 0.10044656693935394 -0.1253247857093811 -0.06238652393221855 -0.1030561700463295 0.9945698380470276 -0.014499550685286522 0.014007597230374813 0.1231878250837326 0.027226807549595833 0.9920098185539246 0.017034346237778664 0.0 0.0 0.0 1.0
0.9872193336486816 0.10057949274778366 -0.12361956387758255 -0.061494145542383194 -0.1023760586977005 0.9947115182876587 -0.008251411840319633 0.0130820507183671 0.12213588505983353 0.020801637321710587 0.9922953844070435 0.01893092691898346 0.0 0.0 0.0 1.0
0.9875189065933228 0.09897840768098831 -0.12251382321119308 -0.06065656989812851 -0.10166821628808975 0.9946914911270142 -0.015886439010500908 0.01160785835236311 0.12029104679822922 0.02814392000436783 0.9923396706581116 0.02236243151128292 0.0 0.0 0.0 1.0
0.9877328872680664 0.10038448125123978 -0.1196105107665062 -0.059758417308330536 -0.10200737416744232 0.9947553277015686 -0.0075080376118421555 0.01109968964010477 0.11822950094938278 0.01961709000170231 0.9927924871444702 0.02473415806889534 0.0 0.0 0.0 1.0
0.9883166551589966 0.0963914543390274 -0.11806285381317139 -0.05931603163480759 -0.0980885773897171 0.9951401948928833 -0.008635809645056725 0.01041490025818348 0.11665667593479156 0.020115531980991364 0.9929685592651367 0.027645405381917953 0.0 0.0 0.0 1.0
0.9877715110778809 0.09778835624456406 -0.12142830342054367 -0.05835463106632233 -0.09962120652198792 0.9949837923049927 -0.009101340547204018 0.010115467011928558 0.11992918699979782 0.021086879074573517 0.992558479309082 0.030843224376440048 0.0 0.0 0.0 1.0
0.9876012802124023 0.09955844283103943 -0.12137459218502045 -0.05789287015795708 -0.10104548931121826 0.9948628544807434 -0.006143487524241209 0.009652938693761826 0.12013943493366241 0.01833167113363743 0.9925877451896667 0.033769458532333374 0.0 0.0 0.0 1.0
0.9876353144645691 0.10005797445774078 -0.12068500369787216 -0.05755965784192085 -0.10075365751981735 0.9949113726615906 0.00033927924232557416 0.009802812710404396 0.1201048269867897 0.011824370361864567 0.9926908016204834 0.03645395115017891 0.0 0.0 0.0 1.0
0.9867274761199951 0.10058188438415527 -0.12748406827449799 -0.057400643825531006 -0.10144352912902832 0.9948412775993347 -0.00026751146651804447 0.009735137224197388 0.12679950892925262 0.01319639477878809 0.9918406009674072 0.03992095962166786 0.0 0.0 0.0 1.0
0.9864946007728577 0.1024990975856781 -0.12775903940200806 -0.05723405256867409 -0.10294575989246368 0.9946820735931396 0.0031198072247207165 0.009508653543889523 0.12739941477775574 0.010074579156935215 0.9918003082275391 0.04306435585021973 0.0 0.0 0.0 1.0
0.9867776036262512 0.10261474549770355 -0.12545979022979736 -0.05713227018713951 -0.1028432846069336 0.9946866035461426 0.004671313799917698 0.009195933118462563 0.12527251243591309 0.008293148130178452 0.992087721824646 0.04556872323155403 0.0 0.0 0.0 1.0
0.9871007800102234 0.0999978557229042 -0.12503010034561157 -0.056878358125686646 -0.10057442635297775 0.9949280619621277 0.0017082311678677797 0.00903294887393713 0.12456677109003067 0.010888634249567986 0.9921514987945557 0.04899201914668083 0.0 0.0 0.0 1.0
0.98631352186203 0.10230519622564316 -0.1293032020330429 -0.057061273604631424 -0.10209502279758453 0.9947402477264404 0.008270468562841415 0.009006154723465443 0.12946920096874237 0.005043937359005213 0.9915705919265747 0.0516275130212307 0.0 0.0 0.0 1.0
0.9864965677261353 0.10188358277082443 -0.12823493778705597 -0.057004958391189575 -0.10139056295156479 0.9947925209999084 0.010383899323642254 0.00822661817073822 0.12862510979175568 0.002758132526651025 0.9916894435882568 0.05711013451218605 0.0 0.0 0.0 1.0
0.9862465858459473 0.10375115275382996 -0.1286596953868866 -0.05689715966582298 -0.1027173101902008 0.9946025013923645 0.014663159847259521 0.007877589203417301 0.1294865757226944 -0.001245914027094841 0.9915803670883179 0.05947795510292053 0.0 0.0 0.0 1.0
0.986315906047821 0.10043518990278244 -0.1307431161403656 -0.05644454434514046 -0.10042335093021393 0.9949222207069397 0.0067006503231823444 0.007696367800235748 0.13075220584869385 0.0065207029692828655 0.9913936257362366 0.06291485577821732 0.0 0.0 0.0 1.0
0.9868769645690918 0.10025309026241302 -0.12658271193504333 -0.05579390749335289 -0.09928953647613525 0.9949612617492676 0.013914884068071842 0.008041147142648697 0.1273399144411087 -0.0011639385484158993 0.9918584823608398 0.06563474237918854 0.0 0.0 0.0 1.0
0.9866651296615601 0.09995822608470917 -0.1284532994031906 -0.055445097386837006 -0.09905941784381866 0.9949915409088135 0.013383165001869202 0.00778285413980484 0.1291476935148239 -0.00048019291716627777 0.9916252493858337 0.06901433318853378 0.0 0.0 0.0 1.0
0.9863792657852173 0.10055428743362427 -0.1301719695329666 -0.054700884968042374 -0.09971906244754791 0.9949315190315247 0.01293531060218811 0.007701136637479067 0.13081291317939758 0.00022150536824483424 0.991407036781311 0.07126588374376297 0.0 0.0 0.0 1.0
0.9870718121528625 0.09995134174823761 -0.12529537081718445 -0.05389029160141945 -0.09873804450035095 0.994986891746521 0.015872346237301826 0.007583156228065491 0.12625370919704437 -0.003295726142823696 0.9919925332069397 0.07396940141916275 0.0 0.0 0.0 1.0
0.9867664575576782 0.10054302215576172 -0.1272125542163849 -0.05322537571191788 -0.0995563268661499 0.9949319362640381 0.014107245951890945 0.007188580464571714 0.12798622250556946 -0.0012557426234707236 0.9917751550674438 0.0769597515463829 0.0 0.0 0.0 1.0
0.9867366552352905 0.10003533959388733 -0.12784235179424286 -0.05269322171807289 -0.09899678826332092 0.9949825406074524 0.014468302018940449 0.0068665300495922565 0.12864825129508972 -0.0016204224666580558 0.9916889667510986 0.07904615998268127 0.0 0.0 0.0 1.0
0.9860826730728149 0.10238409042358398 -0.1309901475906372 -0.052587635815143585 -0.10093246400356293 0.9947359561920166 0.017691288143396378 0.005764573346823454 0.13211192190647125 -0.004223915282636881 0.9912257790565491 0.08190702646970749 0.0 0.0 0.0 1.0
0.9860041737556458 0.10334443300962448 -0.13082711398601532 -0.052106257528066635 -0.10170573741197586 0.9946299195289612 0.019164150580763817 0.005070618353784084 0.13210506737232208 -0.005590064916759729 0.9912199378013611 0.08423655480146408 0.0 0.0 0.0 1.0
0.986133337020874 0.10255187004804611 -0.13047657907009125 -0.05171220004558563 -0.10100022703409195 0.9947149157524109 0.018472151830792427 0.0043131643906235695 0.13168135285377502 -0.005037841387093067 0.9912793040275574 0.08628617972135544 0.0 0.0 0.0 1.0
0.9853411912918091 0.10659944266080856 -0.13318873941898346 -0.051743146032094955 -0.10511201620101929 0.9942944049835205 0.018169905990362167 0.0026533049531280994 0.1343657225370407 -0.0039038194809108973 0.9909241199493408 0.08892320841550827 0.0 0.0 0.0 1.0
0.9844861030578613 0.10833785682916641 -0.1380220204591751 -0.051509685814380646 -0.10776996612548828 0.9941081404685974 0.011603322811424732 0.0014831839362159371 0.13846589624881744 0.003451317548751831 0.990361213684082 0.09129519015550613 0.0 0.0 0.0 1.0
0.983874499797821 0.1116439625620842 -0.13973772525787354 -0.05160768702626228 -0.11021915078163147 0.993745744228363 0.01791863515973091 0.00040382583392784 0.1408642828464508 -0.0022279152180999517 0.9900264143943787 0.09274962544441223 0.0 0.0 0.0 1.0
0.9835195541381836 0.11384033411741257 -0.14046233892440796 -0.05167071521282196 -0.11280507594347 0.9934987425804138 0.015336777083575726 -0.0008614383405074477 0.14129510521888733 0.0007608449086546898 0.9899672269821167 0.09491414576768875 0.0 0.0 0.0 1.0
0.9830562472343445 0.11437881737947464 -0.1432405561208725 -0.05170390382409096 -0.11365679651498795 0.9934318661689758 0.01324018556624651 -0.0018545602215453982 0.14381413161754608 0.0032644157763570547 0.989599347114563 0.09700760990381241 0.0 0.0 0.0 1.0
0.9828949570655823 0.11539261788129807 -0.14353404939174652 -0.05140072479844093 -0.11398842930793762 0.9933190941810608 0.0179959237575531 -0.002339964499697089 0.14465171098709106 -0.0013268804177641869 0.9894817471504211 0.09780915081501007 0.0 0.0 0.0 1.0
0.9821666479110718 0.11956829577684402 -0.14509335160255432 -0.051488254219293594 -0.11787053197622299 0.992821991443634 0.020273379981517792 -0.0033694414887577295 0.1464759260416031 -0.0028096081223338842 0.9892102479934692 0.09917755424976349 0.0 0.0 0.0 1.0
0.9819456934928894 0.11800650507211685 -0.14784163236618042 -0.05174175649881363 -0.11722154170274734 0.9930065274238586 0.01404229924082756 -0.0038998499512672424 0.14846478402614594 0.003541448386386037 0.9889113306999207 0.10069886595010757 0.0 0.0 0.0 1.0
0.9811534881591797 0.12067995220422745 -0.15091116726398468 -0.05237617343664169 -0.11953163146972656 0.9926900863647461 0.01669134944677353 -0.004380211234092712 0.15182232856750488 0.0016618813388049603 0.9884064197540283 0.10197038948535919 0.0 0.0 0.0 1.0
0.9815402030944824 0.1193184182047844 -0.14947205781936646 -0.05264996737241745 -0.11801067739725113 0.992855966091156 0.017620554193854332 -0.00413495535030961 0.15050669014453888 0.0003440170257817954 0.9886089563369751 0.10335779190063477 0.0 0.0 0.0 1.0
0.9813479781150818 0.11851745843887329 -0.15135985612869263 -0.05322181433439255 -0.11681555211544037 0.9929498434066772 0.020118843764066696 -0.0038623432628810406 0.15267717838287354 -0.0020624003373086452 0.9882739782333374 0.10472478717565536 0.0 0.0 0.0 1.0
0.9812055230140686 0.11765874922275543 -0.15294483304023743 -0.05378920957446098 -0.1157643273472786 0.9930490851402283 0.02126460336148739 -0.0035035409964621067 0.15438368916511536 -0.003159390529617667 0.9880059361457825 0.10614228993654251 0.0 0.0 0.0 1.0
0.9803057909011841 0.11847630143165588 -0.15799972414970398 -0.05469677597284317 -0.11643773317337036 0.9929513931274414 0.02213059552013874 -0.0028632197063416243 0.15950798988342285 -0.0032976209186017513 0.9871911406517029 0.10849522799253464 0.0 0.0 0.0 1.0
0.9802975058555603 0.11923932284116745 -0.15747639536857605 -0.05527331680059433 -0.11676619201898575 0.9928473234176636 0.024897929280996323 -0.0022231105249375105 0.15931881964206696 -0.006019459571689367 0.9872088432312012 0.11042340844869614 0.0 0.0 0.0 1.0
0.9807040691375732 0.118001289665699 -0.15586911141872406 -0.05624726042151451 -0.11529550701379776 0.9929825067520142 0.02631978504359722 -0.001546526444144547 0.15788106620311737 -0.007840911857783794 0.9874269962310791 0.11232437193393707 0.0 0.0 0.0 1.0
0.9804159998893738 0.11935870349407196 -0.1566459834575653 -0.05714748799800873 -0.11650833487510681 0.9928147792816162 0.027287354692816734 -0.0006113261333666742 0.15877744555473328 -0.008502396754920483 0.9872778058052063 0.11496538668870926 0.0 0.0 0.0 1.0
0.9805945158004761 0.12054673582315445 -0.15460564196109772 -0.0577106736600399 -0.11716090142726898 0.9926332831382751 0.03086153417825699 0.0002873534394893795 0.15718697011470795 -0.01214891392737627 0.9874941110610962 0.11704510450363159 0.0 0.0 0.0 1.0
0.98062664270401 0.12207759916782379 -0.15319426357746124 -0.05839258059859276 -0.1184195727109909 0.9924212694168091 0.032814688980579376 0.0009728904697112739 0.15603917837142944 -0.01403775904327631 0.9876511096954346 0.11910302191972733 0.0 0.0 0.0 1.0
0.9804836511611938 0.12195493280887604 -0.1542035937309265 -0.05952002853155136 -0.11837627738714218 0.9924460649490356 0.03221512585878372 0.001985374139621854 0.15696755051612854 -0.013332356698811054 0.9875137805938721 0.12222611904144287 0.0 0.0 0.0 1.0
0.9804840683937073 0.12369818240404129 -0.15280626714229584 -0.060323793441057205 -0.11915139108896255 0.9921255707740784 0.03859846293926239 0.002702766563743353 0.15637755393981934 -0.019638098776340485 0.9875020980834961 0.12463637441396713 0.0 0.0 0.0 1.0
0.9798873662948608 0.12581779062747955 -0.15488898754119873 -0.061255186796188354 -0.1219150498509407 0.9919413924217224 0.03448183834552765 0.0030346366111189127 0.15797923505306244 -0.014905018731951714 0.9873299598693848 0.1269238144159317 0.0 0.0 0.0 1.0
0.980532705783844 0.12374812364578247 -0.1524532586336136 -0.0617564432322979 -0.12020119279623032 0.992223858833313 0.0323026217520237 0.0038108632434159517 0.15526515245437622 -0.013348715379834175 0.9877826571464539 0.1294049769639969 0.0 0.0 0.0 1.0
0.9807122945785522 0.12440653890371323 -0.1507529765367508 -0.06325029581785202 -0.12033286690711975 0.992084801197052 0.03588598966598511 0.003680350724607706 0.1540241837501526 -0.01705329120159149 0.9879199266433716 0.13193705677986145 0.0 0.0 0.0 1.0
0.9815303683280945 0.12305237352848053 -0.14647935330867767 -0.06387003511190414 -0.11939344555139542 0.9922800660133362 0.033548228442668915 0.0037897475995123386 0.14947673678398132 -0.015439930371940136 0.9886446595191956 0.13378474116325378 0.0 0.0 0.0 1.0
0.9822103977203369 0.11988036334514618 -0.14453865587711334 -0.06446149200201035 -0.11610633879899979 0.9926443696022034 0.03430023416876793 0.004293785896152258 0.14758740365505219 -0.0169081911444664 0.9889044761657715 0.13574844598770142 0.0 0.0 0.0 1.0
0.9827234148979187 0.1171368807554245 -0.14329573512077332 -0.0652015209197998 -0.11421434581279755 0.9930477738380432 0.02848244085907936 0.004312539007514715 0.14563584327697754 -0.011623933911323547 0.9892699718475342 0.13776139914989471 0.0 0.0 0.0 1.0
0.982954204082489 0.11733728647232056 -0.14153777062892914 -0.06605582684278488 -0.11493992060422897 0.9930571913719177 0.025024767965078354 0.004204339813441038 0.14349143207073212 -0.008329861797392368 0.9896165132522583 0.13980308175086975 0.0 0.0 0.0 1.0
0.9820184707641602 0.12233657389879227 -0.14378267526626587 -0.06718411296606064 -0.1192748174071312 0.9924152493476868 0.029757434502243996 0.003978260792791843 0.1463325321674347 -0.012072699144482613 0.9891617894172668 0.14127816259860992 0.0 0.0 0.0 1.0
0.9818469285964966 0.12375882267951965 -0.14373727142810822 -0.06832443177700043 -0.12137869745492935 0.9922851920127869 0.025245685130357742 0.0038247995544224977 0.14575274288654327 -0.00734075577929616 0.9892938137054443 0.14302633702754974 0.0 0.0 0.0 1.0
0.9817863702774048 0.12604641914367676 -0.14215436577796936 -0.06957745552062988 -0.12386997789144516 0.9920059442520142 0.02409312315285206 0.0034218868240714073 0.1440548300743103 -0.006045642774552107 0.9895512461662292 0.14461617171764374 0.0 0.0 0.0 1.0
0.9819189310073853 0.12698470056056976 -0.14039252698421478 -0.07038386911153793 -0.12453273683786392 0.9918708205223083 0.026150770485401154 0.003476903075352311 0.14257200062274933 -0.008194470778107643 0.9897505044937134 0.14617715775966644 0.0 0.0 0.0 1.0
0.9817647933959961 0.12557844817638397 -0.14271627366542816 -0.07152041047811508 -0.12228278070688248 0.9919899106025696 0.03166862577199936 0.003953870385885239 0.14555001258850098 -0.013639397919178009 0.9892568588256836 0.14724522829055786 0.0 0.0 0.0 1.0
0.9814898371696472 0.12549760937690735 -0.14466537535190582 -0.07268323004245758 -0.1224936917424202 0.9920300841331482 0.029523886740207672 0.0038231462240219116 0.14721758663654327 -0.011256799101829529 0.9890400767326355 0.1493525356054306 0.0 0.0 0.0 1.0
0.9818039536476135 0.1230521947145462 -0.14463447034358978 -0.07370325922966003 -0.12023354321718216 0.992347776889801 0.02810395322740078 0.0037603285163640976 0.1469859480857849 -0.010202658362686634 0.9890859723091125 0.15093544125556946 0.0 0.0 0.0 1.0
0.9821643829345703 0.12055402994155884 -0.1442909985780716 -0.07455287128686905 -0.11766743659973145 0.9926466941833496 0.02840643748641014 0.003284631995484233 0.14665450155735016 -0.010921437293291092 0.9891274571418762 0.1524159461259842 0.0 0.0 0.0 1.0
0.9817236661911011 0.12194252759218216 -0.1461116373538971 -0.07547041773796082 -0.11894772201776505 0.9924741387367249 0.029094284400343895 0.0029676975682377815 0.14855985343456268 -0.011182902380824089 0.9888401627540588 0.1536315381526947 0.0 0.0 0.0 1.0
0.9814385771751404 0.12147864699363708 -0.14839568734169006 -0.07588900625705719 -0.11884400993585587 0.992558479309082 0.02652752213180065 0.003358097281306982 0.1505139321088791 -0.008399195969104767 0.9885721802711487 0.15438808500766754 0.0 0.0 0.0 1.0
0.9818919897079468 0.11963033676147461 -0.1468900889158249 -0.076533243060112 -0.11644946783781052 0.9927404522895813 0.03009784407913685 0.003703281283378601 0.14942435920238495 -0.012447559274733067 0.9886947870254517 0.15543965995311737 0.0 0.0 0.0 1.0
0.9828090667724609 0.11256346106529236 -0.1463415026664734 -0.07754436880350113 -0.11042777448892593 0.9936257600784302 0.022662997245788574 0.0038128437008708715 0.14795970916748047 -0.006113232579082251 0.9889745116233826 0.1571235954761505 0.0 0.0 0.0 1.0
0.9816206097602844 0.12163323909044266 -0.1470588743686676 -0.07706791162490845 -0.11788250505924225 0.9924456477165222 0.033989664167165756 0.004542915150523186 0.15008221566677094 -0.01602928712964058 0.9885435700416565 0.15702368319034576 0.0 0.0 0.0 1.0
0.9818532466888428 0.12014768272638321 -0.14672687649726868 -0.0781736895442009 -0.11612174659967422 0.9925919771194458 0.03573385626077652 0.004294098820537329 0.14993326365947723 -0.01804722100496292 0.9885314106941223 0.15813963115215302 0.0 0.0 0.0 1.0
0.9817001819610596 0.12158115953207016 -0.14657002687454224 -0.07904202491044998 -0.11786466836929321 0.9924538135528564 0.033812668174505234 0.004471567925065756 0.14957496523857117 -0.01591847650706768 0.98862224817276 0.15929916501045227 0.0 0.0 0.0 1.0
0.9816513657569885 0.12075678259134293 -0.1475752294063568 -0.07981991022825241 -0.11732174456119537 0.9925848245620728 0.03179599344730377 0.004467538092285395 0.15032051503658295 -0.013898796401917934 0.9885396361351013 0.16036446392536163 0.0 0.0 0.0 1.0
0.982154369354248 0.11971016973257065 -0.14505937695503235 -0.08081743866205215 -0.11604168266057968 0.9926784634590149 0.03352325037121773 0.004381983540952206 0.14801040291786194 -0.016092073172330856 0.9888548851013184 0.16158823668956757 0.0 0.0 0.0 1.0
0.9820865392684937 0.12283731251955032 -0.14288827776908875 -0.08088964223861694 -0.11875717341899872 0.9922420978546143 0.03677373379468918 0.004817691631615162 0.14629696309566498 -0.01914598047733307 0.9890553951263428 0.16322682797908783 0.0 0.0 0.0 1.0
0.9817466735839844 0.1245165690779686 -0.14376766979694366 -0.08196358382701874 -0.12008335441350937 0.9919916987419128 0.039146315306425095 0.004627967718988657 0.1474907100200653 -0.021167660132050514 0.9888368844985962 0.16542696952819824 0.0 0.0 0.0 1.0
0.9815986752510071 0.12273471802473068 -0.14628829061985016 -0.08289052546024323 -0.11891855299472809 0.9923014640808105 0.03458612039685249 0.005046027712523937 0.14940699934959412 -0.016553297638893127 0.9886372089385986 0.16776491701602936 0.0 0.0 0.0 1.0
0.9820026159286499 0.1244048997759819 -0.1421068012714386 -0.0833452120423317 -0.1203126385807991 0.9920437335968018 0.03706910461187363 0.005654281470924616 0.1455877274274826 -0.019304713234305382 0.98915696144104 0.16934075951576233 0.0 0.0 0.0 1.0
0.9818252921104431 0.12634462118148804 -0.14161954820156097 -0.08385356515645981 -0.1214674785733223 0.9916806221008301 0.042604777961969376 0.005681941285729408 0.14582423865795135 -0.024628281593322754 0.9890038967132568 0.1709221601486206 0.0 0.0 0.0 1.0
0.981691837310791 0.12616543471813202 -0.14270035922527313 -0.08464818447828293 -0.12144118547439575 0.9917356967926025 0.041380032896995544 0.006118027027696371 0.14674177765846252 -0.02329273894429207 0.9889005422592163 0.1728217452764511 0.0 0.0 0.0 1.0
0.9819393754005432 0.12451636791229248 -0.14244545996189117 -0.08559361100196838 -0.1193816140294075 0.9918695688247681 0.04407644271850586 0.006735565140843391 0.14677555859088898 -0.026275023818016052 0.9888207912445068 0.1742270290851593 0.0 0.0 0.0 1.0
0.9822760224342346 0.12315472215414047 -0.14130359888076782 -0.08617371320724487 -0.1172783151268959 0.9918786287307739 0.04921931028366089 0.00771122332662344 0.14621761441230774 -0.0317750982940197 0.9887419939041138 0.17518700659275055 0.0 0.0 0.0 1.0
0.9827465415000916 0.12101060897111893 -0.13987740874290466 -0.0866522267460823 -0.11596032977104187 0.9922903180122375 0.04373864084482193 0.008011026307940483 0.14409184455871582 -0.026763765141367912 0.9892023205757141 0.17669735848903656 0.0 0.0 0.0 1.0
0.9828758835792542 0.12035693228244781 -0.13953211903572083 -0.08737576752901077 -0.11547429114580154 0.9923962950706482 0.042605794966220856 0.008043351583182812 0.14359906315803528 -0.02576383575797081 0.989300549030304 0.17848773300647736 0.0 0.0 0.0 1.0
0.9826048612594604 0.12176284193992615 -0.1402195394039154 -0.08776383101940155 -0.11621079593896866 0.9921045303344727 0.04715587571263313 0.008161654695868492 0.14485427737236023 -0.030040567740797997 0.9889968633651733 0.17990384995937347 0.0 0.0 0.0 1.0
0.9829581379890442 0.12160369753837585 -0.13786184787750244 -0.0881623700261116 -0.11570129543542862 0.992020845413208 0.05007827654480934 0.008230078034102917 0.14285153150558472 -0.033274054527282715 0.9891846776008606 0.18140602111816406 0.0 0.0 0.0 1.0
0.9835602045059204 0.11991096287965775 -0.13502123951911926 -0.08858942240476608 -0.11440878361463547 0.9922818541526794 0.047826141119003296 0.008357546292245388 0.13971400260925293 -0.031592272222042084 0.9896878004074097 0.1834038645029068 0.0 0.0 0.0 1.0
0.9831121563911438 0.12192586064338684 -0.1364719271659851 -0.08914254605770111 -0.11597459763288498 0.9919537305831909 0.05077072232961655 0.00797699298709631 0.14156410098075867 -0.034086037427186966 0.9893420934677124 0.18509182333946228 0.0 0.0 0.0 1.0
0.9830862879753113 0.1217103824019432 -0.13684986531734467 -0.08934526145458221 -0.11575736850500107 0.9919838905334473 0.050677765160799026 0.007818489335477352 0.14192086458206177 -0.03397923707962036 0.9892946481704712 0.18637001514434814 0.0 0.0 0.0 1.0
0.9832044839859009 0.12148743867874146 -0.1361972689628601 -0.08959142863750458 -0.11593623459339142 0.9920958876609802 0.04800513759255409 0.007582959719002247 0.14095278084278107 -0.03140867128968239 0.9895179867744446 0.18817941844463348 0.0 0.0 0.0 1.0
0.9837485551834106 0.12093421816825867 -0.1327166110277176 -0.08988146483898163 -0.11472266167402267 0.9919548034667969 0.05352022871375084 0.007360956631600857 0.13812130689620972 -0.03742484375834465 0.9897080063819885 0.1891777217388153 0.0 0.0 0.0 1.0
0.9841965436935425 0.11958859860897064 -0.13059774041175842 -0.09020291268825531 -0.11392637342214584 0.9922288656234741 0.05002626031637192 0.006989310495555401 0.13556541502475739 -0.03435714542865753 0.9901725053787231 0.19043412804603577 0.0 0.0 0.0 1.0
0.9842934012413025 0.11978383362293243 -0.1296854317188263 -0.09045196324586868 -0.11411470919847488 0.9921922087669373 0.05032353103160858 0.006545091979205608 0.13470081984996796 -0.034734103828668594 0.9902773499488831 0.1920059472322464 0.0 0.0 0.0 1.0
0.9841057062149048 0.12153509259223938 -0.12948058545589447 -0.09062392264604568 -0.11571010947227478 0.9919404983520508 0.05162626504898071 0.00566080491989851 0.13471144437789917 -0.03582348674535751 0.9902371168136597 0.1933320164680481 0.0 0.0 0.0 1.0
0.9842758774757385 0.12035910785198212 -0.12928518652915955 -0.09081994742155075 -0.11572273820638657 0.9923580884933472 0.04282188415527344 0.00492175342515111 0.1334512084722519 -0.02718731202185154 0.9906824231147766 0.19520428776741028 0.0 0.0 0.0 1.0
0.9845006465911865 0.12155953794717789 -0.12641876935958862 -0.09086427837610245 -0.11729652434587479 0.9922640919685364 0.040663667023181915 0.004422989208251238 0.13038384914398193 -0.02520492672920227 0.9911431670188904 0.19665317237377167 0.0 0.0 0.0 1.0
0.9849123358726501 0.12426696717739105 -0.12043862789869308 -0.09097498655319214 -0.11951998621225357 0.9917704463005066 0.04589558392763138 0.003960487432777882 0.12515076994895935 -0.030808303505182266 0.9916592836380005 0.19765008985996246 0.0 0.0 0.0 1.0
0.9849873781204224 0.12438403069972992 -0.11970149725675583 -0.09120844304561615 -0.12017008662223816 0.99187171459198 0.041828904300928116 0.003108101896941662 0.12393137067556381 -0.02681640535593033 0.9919283986091614 0.1999170035123825 0.0 0.0 0.0 1.0
0.9848021864891052 0.1265694946050644 -0.11893202364444733 -0.09125746786594391 -0.12173057347536087 0.9914433360099792 0.04713567718863487 0.0029768345411866903 0.1238803043961525 -0.03194165602326393 0.9917829632759094 0.2019270658493042 0.0 0.0 0.0 1.0
0.9853381514549255 0.12594486773014069 -0.11509401351213455 -0.09129445999860764 -0.12140876054763794 0.991553008556366 0.04563509300351143 0.002772949170321226 0.11986931413412094 -0.030992574989795685 0.9923058152198792 0.20366404950618744 0.0 0.0 0.0 1.0
0.9856196045875549 0.12469375133514404 -0.11404159665107727 -0.09137777984142303 -0.12052614241838455 0.9917886257171631 0.0427643358707428 0.0022833494003862143 0.11843760311603546 -0.028404373675584793 0.9925551414489746 0.20569464564323425 0.0 0.0 0.0 1.0
0.985619306564331 0.12239257991313934 -0.11651001870632172 -0.09141946583986282 -0.11803751438856125 0.9920515418052673 0.04359877109527588 0.0024469613563269377 0.1209201067686081 -0.029219241812825203 0.992232084274292 0.2079927921295166 0.0 0.0 0.0 1.0
0.9860730767250061 0.1206202432513237 -0.11450182646512985 -0.09143107384443283 -0.1164054423570633 0.9922777414321899 0.04283345118165016 0.0024290282744914293 0.11878418922424316 -0.028908278793096542 0.9924991726875305 0.20960819721221924 0.0 0.0 0.0 1.0
0.986607551574707 0.12137775868177414 -0.10896319895982742 -0.09092654287815094 -0.11700978875160217 0.9920811653137207 0.045647043734788895 0.0025877628941088915 0.11364087462425232 -0.03228595480322838 0.9929971694946289 0.21127261221408844 0.0 0.0 0.0 1.0
0.9867755174636841 0.11885911226272583 -0.11021165549755096 -0.09150753915309906 -0.11412005126476288 0.9922884106636047 0.048376474529504776 0.0031416823621839285 0.11511173844337463 -0.035159360617399216 0.9927301406860352 0.2131502777338028 0.0 0.0 0.0 1.0
0.9872549772262573 0.1168442964553833 -0.10805094242095947 -0.09159976243972778 -0.11224449425935745 0.9925333261489868 0.047736018896102905 0.002479702467098832 0.11282184720039368 -0.03499949723482132 0.9929986000061035 0.21507985889911652 0.0 0.0 0.0 1.0
0.987571120262146 0.11461877822875977 -0.1075444370508194 -0.0917227491736412 -0.10984978824853897 0.9927254915237427 0.04928665980696678 0.0025435059797018766 0.11241127550601959 -0.036860350519418716 0.9929778575897217 0.2169615626335144 0.0 0.0 0.0 1.0
0.9878181219100952 0.1125074252486229 -0.10750561207532883 -0.09215714782476425 -0.10797097533941269 0.993035614490509 0.04714351147413254 0.0023760951589792967 0.11206090450286865 -0.03496173024177551 0.9930860996246338 0.21867132186889648 0.0 0.0 0.0 1.0
0.9887052178382874 0.10983166098594666 -0.10197556018829346 -0.09246590733528137 -0.10478729009628296 0.9930498600006104 0.05358714237809181 0.0028072574641555548 0.10715238004922867 -0.0422961451113224 0.9933425188064575 0.21934863924980164 0.0 0.0 0.0 1.0
0.9880787134170532 0.11175642162561417 -0.10588199645280838 -0.09306179732084274 -0.10686271637678146 0.9929734468460083 0.05083382874727249 0.0018054405227303505 0.1108190193772316 -0.03891298547387123 0.9930785298347473 0.22229842841625214 0.0 0.0 0.0 1.0
0.9884377717971802 0.1111670508980751 -0.10311460494995117 -0.09389960765838623 -0.10589946806430817 0.9928412437438965 0.05524137616157532 0.0017108134925365448 0.10851744562387466 -0.04368288069963455 0.9931343197822571 0.22411753237247467 0.0 0.0 0.0 1.0
0.9885843992233276 0.11116590350866318 -0.10170061141252518 -0.09444226324558258 -0.10587342828512192 0.9927985668182373 0.05605205520987511 0.0013801413588225842 0.1071992963552475 -0.044644795358181 0.9932346940040588 0.22571946680545807 0.0 0.0 0.0 1.0
0.9885408878326416 0.11282207071781158 -0.10028979927301407 -0.09521502256393433 -0.10721195489168167 0.9924429655075073 0.059687644243240356 0.0009180632187053561 0.10626598447561264 -0.04825141280889511 0.9931663274765015 0.22756589949131012 0.0 0.0 0.0 1.0
0.9886875748634338 0.1112063080072403 -0.10064781457185745 -0.09595348685979843 -0.10553785413503647 0.9926030039787292 0.060008782893419266 0.0008143174927681684 0.10657667368650436 -0.048707783222198486 0.9931107759475708 0.22939179837703705 0.0 0.0 0.0 1.0
0.9889084100723267 0.11021487414836884 -0.0995631143450737 -0.09651550650596619 -0.10455535352230072 0.9926837086677551 0.06039224937558174 0.00026138409157283604 0.1054908037185669 -0.04931254684925079 0.9931968450546265 0.23097874224185944 0.0 0.0 0.0 1.0
0.9890760183334351 0.11016619205474854 -0.09793883562088013 -0.0970984697341919 -0.10448481887578964 0.9926308989524841 0.061374418437480927 -0.00039131147786974907 0.10397849977016449 -0.05047084763646126 0.9932981133460999 0.23273776471614838 0.0 0.0 0.0 1.0
0.9890642166137695 0.10990085452795029 -0.09835553914308548 -0.09779281914234161 -0.10436680167913437 0.9927418231964111 0.05975976958870888 -0.00096227036556229 0.104209303855896 -0.0488411970436573 0.993355393409729 0.23476307094097137 0.0 0.0 0.0 1.0
0.9893268346786499 0.10876879841089249 -0.09696246683597565 -0.09823010116815567 -0.10321039706468582 0.9928104877471924 0.06062127277255058 -0.0013383702607825398 0.10285905748605728 -0.0499667190015316 0.9934401512145996 0.23623526096343994 0.0 0.0 0.0 1.0
0.9897163510322571 0.1063198372721672 -0.09569549560546875 -0.09876830130815506 -0.1006397232413292 0.992966890335083 0.06235714629292488 -0.0015828523319214582 0.10165225714445114 -0.05208512023091316 0.9934555888175964 0.2378876954317093 0.0 0.0 0.0 1.0
0.9898503422737122 0.10589782148599625 -0.09477327018976212 -0.09908685833215714 -0.10011982917785645 0.9929286241531372 0.06378728151321411 -0.001745809568092227 0.10085802525281906 -0.053651176393032074 0.9934531450271606 0.23938167095184326 0.0 0.0 0.0 1.0
0.9902223944664001 0.10343903303146362 -0.09359485656023026 -0.09985942393541336 -0.09737656265497208 0.9929773211479187 0.06718495488166809 -0.001844751532189548 0.09988711774349213 -0.05741409957408905 0.9933409094810486 0.24318212270736694 0.0 0.0 0.0 1.0
0.9904539585113525 0.1015690416097641 -0.09319167584180832 -0.10017064213752747 -0.09561403095722198 0.9932085275650024 0.06629285216331482 -0.0017128295730799437 0.09929206967353821 -0.05674958601593971 0.9934387803077698 0.24496418237686157 0.0 0.0 0.0 1.0
0.9906806945800781 0.10052713751792908 -0.09190218150615692 -0.10045935958623886 -0.09458769857883453 0.9932690262794495 0.0668567344546318 -0.0016036445740610361 0.09800450503826141 -0.057540860027074814 0.9935210943222046 0.24638710916042328 0.0 0.0 0.0 1.0
0.9907545447349548 0.10000313073396683 -0.09167775511741638 -0.1008213609457016 -0.09411589056253433 0.9933415055274963 0.0664447769522667 -0.0018436270765960217 0.09771200269460678 -0.057202134281396866 0.9935694932937622 0.24841228127479553 0.0 0.0 0.0 1.0
0.9907259941101074 0.0999700278043747 -0.09202171117067337 -0.10096661001443863 -0.09409099817276001 0.9933628439903259 0.06615956127643585 -0.00221077399328351 0.09802492707967758 -0.05688758194446564 0.9935566782951355 0.2500414252281189 0.0 0.0 0.0 1.0
0.9909982681274414 0.09997306764125824 -0.08903846144676208 -0.1007300466299057 -0.09365344047546387 0.9929587841033936 0.07253875583410263 -0.002206228207796812 0.09566344320774078 -0.06354702264070511 0.9933832287788391 0.251002699136734 0.0 0.0 0.0 1.0
0.9911640286445618 0.09892891347408295 -0.08835668861865997 -0.10064073652029037 -0.09256763011217117 0.9929965138435364 0.07341105490922928 -0.002355779055505991 0.09500035643577576 -0.0645834282040596 0.993380069732666 0.2524378299713135 0.0 0.0 0.0 1.0
0.9913959503173828 0.09712319821119308 -0.08775613456964493 -0.10031618177890778 -0.09105154871940613 0.9933308959007263 0.07073395699262619 -0.0028319722041487694 0.09404078871011734 -0.06213502585887909 0.9936274886131287 0.2544096112251282 0.0 0.0 0.0 1.0
0.9913967847824097 0.0975627526640892 -0.0872574895620346 -0.09995131939649582 -0.09146104753017426 0.9932460784912109 0.07139366865158081 -0.0029861421789973974 0.09363351762294769 -0.06279879808425903 0.993624210357666 0.25622430443763733 0.0 0.0 0.0 1.0
0.991468071937561 0.09686363488435745 -0.08722667396068573 -0.09955950081348419 -0.09044717997312546 0.993092954158783 0.07473751902580261 -0.0030768588185310364 0.09386354684829712 -0.06621045619249344 0.9933810234069824 0.2577303946018219 0.0 0.0 0.0 1.0
0.9920058846473694 0.093728207051754 -0.08449498564004898 -0.09919620305299759 -0.08742924779653549 0.9933129549026489 0.07540225982666016 -0.003108529606834054 0.09099727869033813 -0.06741215288639069 0.9935668706893921 0.25973212718963623 0.0 0.0 0.0 1.0
0.9919120669364929 0.09554267674684525 -0.08355862647294998 -0.09840409457683563 -0.08910807967185974 0.9929928779602051 0.07762004435062408 -0.00302703189663589 0.09038914740085602 -0.06954651325941086 0.9934752583503723 0.2615029811859131 0.0 0.0 0.0 1.0
0.9918116927146912 0.09595338255167007 -0.08427640050649643 -0.097834512591362 -0.08948014676570892 0.9929689168930054 0.07749826461076736 -0.0032357480376958847 0.09112006425857544 -0.0693226233124733 0.993424117565155 0.263194739818573 0.0 0.0 0.0 1.0
0.9919100403785706 0.09684145450592041 -0.08207455277442932 -0.09746808558702469 -0.0903467983007431 0.9927350282669067 0.07946443557739258 -0.0035124169662594795 0.08917373418807983 -0.07140640169382095 0.9934531450271606 0.2648223638534546 0.0 0.0 0.0 1.0
0.9920150637626648 0.09665656089782715 -0.08101633191108704 -0.09716358035802841 -0.09002772718667984 0.9925717115402222 0.08183173090219498 -0.0036666332744061947 0.08832409232854843 -0.07388459146022797 0.9933478236198425 0.2660485506057739 0.0 0.0 0.0 1.0
0.9920055866241455 0.0963912382721901 -0.08144722878932953 -0.09679558873176575 -0.08989634364843369 0.9927353262901306 0.07996977865695953 -0.0040658013895154 0.08856392651796341 -0.0720086544752121 0.9934642314910889 0.26748910546302795 0.0 0.0 0.0 1.0
0.9919910430908203 0.0965043380856514 -0.08149060606956482 -0.09646502137184143 -0.0901017040014267 0.9928023219108582 0.07890046387910843 -0.004578303545713425 0.08851829916238785 -0.07092610746622086 0.993546187877655 0.26932433247566223 0.0 0.0 0.0 1.0
0.9920093417167664 0.09644763171672821 -0.08133435994386673 -0.09620239585638046 -0.08997297286987305 0.9927392601966858 0.07983487844467163 -0.004932043608278036 0.08844369649887085 -0.07187905162572861 0.9934843182563782 0.2708946466445923 0.0 0.0 0.0 1.0
0.9921063184738159 0.0964881181716919 -0.08009395748376846 -0.09586580842733383 -0.0900130346417427 0.992652416229248 0.08086320012807846 -0.0054808552376925945 0.08730779588222504 -0.07301539927721024 0.9935019612312317 0.27259334921836853 0.0 0.0 0.0 1.0
0.9920200109481812 0.09626024961471558 -0.0814267098903656 -0.09563615918159485 -0.089693583548069 0.9926872253417969 0.08079037070274353 -0.005861739628016949 0.08860816061496735 -0.07284221053123474 0.9933995008468628 0.2746088206768036 0.0 0.0 0.0 1.0
0.9918258190155029 0.09693115204572678 -0.08298100531101227 -0.0952741801738739 -0.08997869491577148 0.9924131631851196 0.08378493785858154 -0.006224598735570908 0.09047281742095947 -0.07563354074954987 0.9930227994918823 0.27618592977523804 0.0 0.0 0.0 1.0
0.991888701915741 0.096828393638134 -0.08234716951847076 -0.09493916481733322 -0.0897517278790474 0.9922711253166199 0.08568951487541199 -0.006650910712778568 0.09000789374113083 -0.07760366052389145 0.992913007736206 0.27807167172431946 0.0 0.0 0.0 1.0
0.9918569922447205 0.09710607677698135 -0.08240192383527756 -0.09471865743398666 -0.09007050096988678 0.9922851920127869 0.08519047498703003 -0.0067504881881177425 0.0900387167930603 -0.07707478851079941 0.9929513931274414 0.28059783577919006 0.0 0.0 0.0 1.0
0.9916515350341797 0.0986565425992012 -0.08303067088127136 -0.09434489160776138 -0.0916588082909584 0.9922199845314026 0.08425074070692062 -0.006732278037816286 0.09069658070802689 -0.07593688368797302 0.9929792284965515 0.2825135588645935 0.0 0.0 0.0 1.0
0.9914183020591736 0.09874967485666275 -0.08566343784332275 -0.09437543153762817 -0.09200270473957062 0.9925855994224548 0.07943104952573776 -0.007063023280352354 0.09287208318710327 -0.0708681270480156 0.9931527972221375 0.2854562997817993 0.0 0.0 0.0 1.0
0.9916454553604126 0.09864462167024612 -0.08311783522367477 -0.09345857799053192 -0.0914887934923172 0.9920938014984131 0.08590538799762726 -0.006804692093282938 0.09093479067087173 -0.07758333534002304 0.9928301572799683 0.28711238503456116 0.0 0.0 0.0 1.0
0.9914631247520447 0.0998786985874176 -0.08381608128547668 -0.09316924214363098 -0.09259165078401566 0.991918683052063 0.08674156665802002 -0.00664129201322794 0.09180237352848053 -0.07824039459228516 0.9926987290382385 0.2889857590198517 0.0 0.0 0.0 1.0
0.9911323189735413 0.10147000104188919 -0.08579369634389877 -0.09274914860725403 -0.09360122680664062 0.9914198517799377 0.09124410152435303 -0.0063373674638569355 0.09431611001491547 -0.08240458369255066 0.9921259880065918 0.29060783982276917 0.0 0.0 0.0 1.0
0.9911734461784363 0.10014139860868454 -0.08687310665845871 -0.09206108003854752 -0.09208357334136963 0.9914667010307312 0.09227334707975388 -0.00587925361469388 0.09537217766046524 -0.08345930278301239 0.9919368624687195 0.29293307662010193 0.0 0.0 0.0 1.0
0.9911813139915466 0.09812413156032562 -0.08905752748250961 -0.09158062934875488 -0.09025534242391586 0.9919822812080383 0.0884595587849617 -0.0055752829648554325 0.09702350944280624 -0.07964154332876205 0.9920905232429504 0.2951436936855316 0.0 0.0 0.0 1.0
0.9913108348846436 0.0953948050737381 -0.09056885540485382 -0.09114493429660797 -0.08756811171770096 0.992371141910553 0.08678296953439713 -0.005679525434970856 0.09815656393766403 -0.07809795439243317 0.992101788520813 0.2974608540534973 0.0 0.0 0.0 1.0
0.9914180040359497 0.0966511219739914 -0.08802752941846848 -0.09022387117147446 -0.08868537843227386 0.991957426071167 0.09030719846487045 -0.0048813167959451675 0.09604784846305847 -0.08172543346881866 0.9920160174369812 0.29977914690971375 0.0 0.0 0.0 1.0
0.9916932582855225 0.09558123350143433 -0.08607369661331177 -0.08963359892368317 -0.08792007714509964 0.9921625852584839 0.0887887105345726 -0.004536583553999662 0.0938856303691864 -0.08048355579376221 0.9923244714736938 0.30191051959991455 0.0 0.0 0.0 1.0
0.9916916489601135 0.09548868238925934 -0.08619487285614014 -0.08906581997871399 -0.08793643862009048 0.9922726154327393 0.08753391355276108 -0.004169113468378782 0.09388730674982071 -0.07922697812318802 0.9924254417419434 0.3044010400772095 0.0 0.0 0.0 1.0
0.9917542934417725 0.09567215293645859 -0.08526566624641418 -0.08815968036651611 -0.08748236298561096 0.9916159510612488 0.09510304778814316 -0.0035069759469479322 0.09364951401948929 -0.08685962110757828 0.991809070110321 0.30675485730171204 0.0 0.0 0.0 1.0
0.9920773506164551 0.09344653785228729 -0.08396565914154053 -0.08750591427087784 -0.08560742437839508 0.9920203685760498 0.09255783259868622 -0.003407194744795561 0.0919448509812355 -0.08463644981384277 0.9921606779098511 0.3091006278991699 0.0 0.0 0.0 1.0
0.9923295378684998 0.09224541485309601 -0.08229746669530869 -0.0866534486413002 -0.08460366725921631 0.9921624660491943 0.09195569157600403 -0.0033256507012993097 0.09013494849205017 -0.08428768813610077 0.9923564195632935 0.3114599883556366 0.0 0.0 0.0 1.0
0.9922805428504944 0.09273195266723633 -0.08234108239412308 -0.08600413054227829 -0.0849418118596077 0.9919849634170532 0.09354500472545624 -0.0033120596781373024 0.09035573154687881 -0.08582869172096252 0.9922042489051819 0.31375524401664734 0.0 0.0 0.0 1.0
0.9924375414848328 0.09170430153608322 -0.08159684389829636 -0.08542118966579437 -0.08394599705934525 0.9920352697372437 0.09390979260206223 -0.0032622055150568485 0.08955887705087662 -0.08634987473487854 0.9922312498092651 0.3155985474586487 0.0 0.0 0.0 1.0
0.9926103949546814 0.09096081554889679 -0.08031675964593887 -0.0847674235701561 -0.08325180411338806 0.9920269846916199 0.09461259096860886 -0.003162424312904477 0.08828243613243103 -0.08722692728042603 0.992268979549408 0.31794431805610657 0.0 0.0 0.0 1.0
0.9924981594085693 0.09119247645139694 -0.08143328130245209 -0.08422636240720749 -0.08330220729112625 0.9919344186782837 0.0955343022942543 -0.0033120946027338505 0.08948848396539688 -0.08803404122591019 0.9920896291732788 0.32013174891471863 0.0 0.0 0.0 1.0
0.9925705790519714 0.0915745347738266 -0.08011113107204437 -0.08396084606647491 -0.08374382555484772 0.9918347597122192 0.09618080407381058 -0.0034571457654237747 0.08826471865177155 -0.08875742554664612 0.9921348094940186 0.321939617395401 0.0 0.0 0.0 1.0
0.9927060008049011 0.09178224951028824 -0.07817159593105316 -0.08370893448591232 -0.0841447189450264 0.9918229579925537 0.09595268964767456 -0.0034070799592882395 0.08633913844823837 -0.08867508918046951 0.9923115968704224 0.3242076635360718 0.0 0.0 0.0 1.0
0.9926851987838745 0.09364533424377441 -0.07620135694742203 -0.08343452215194702 -0.08593113720417023 0.991381049156189 0.09889110177755356 -0.0033797509968280792 0.08480527251958847 -0.09161966294050217 0.992176353931427 0.3261165916919708 0.0 0.0 0.0 1.0
0.9927528500556946 0.09321393072605133 -0.07584796845912933 -0.08327148854732513 -0.08544972538948059 0.9913247227668762 0.09986836463212967 -0.003270685439929366 0.08449909090995789 -0.09266342222690582 0.9921055436134338 0.32829180359840393 0.0 0.0 0.0 1.0
0.9928946495056152 0.09114695340394974 -0.07650101184844971 -0.0833236426115036 -0.08330508321523666 0.9914841055870056 0.10009768605232239 -0.0031569546554237604 0.08497314155101776 -0.09301353991031647 0.9920322895050049 0.33067598938941956 0.0 0.0 0.0 1.0
0.9931849241256714 0.0906020849943161 -0.07331454753875732 -0.08332189172506332 -0.08293715864419937 0.9913636445999146 0.10158523917198181 -0.002916317665949464 0.0818852111697197 -0.09481243044137955 0.992121696472168 0.33244290947914124 0.0 0.0 0.0 1.0
0.9932546615600586 0.0899406149983406 -0.07318392395973206 -0.08338963985443115 -0.08201476186513901 0.991093635559082 0.10491406917572021 -0.002394419629126787 0.08196815848350525 -0.09820422530174255 0.9917848110198975 0.33413201570510864 0.0 0.0 0.0 1.0
0.9932742118835449 0.09026560187339783 -0.07251497358083725 -0.0833662748336792 -0.08248206973075867 0.9911537766456604 0.10397538542747498 -0.0025982586666941643 0.08125889301300049 -0.0972948893904686 0.9919328093528748 0.3364575207233429 0.0 0.0 0.0 1.0
0.9934214949607849 0.08964645862579346 -0.07125446200370789 -0.08359908312559128 -0.08199688047170639 0.9912059307098389 0.10386202484369278 -0.0025752175133675337 0.07993870973587036 -0.09733612090349197 0.9920360445976257 0.33841845393180847 0.0 0.0 0.0 1.0
0.9935619831085205 0.08947772532701492 -0.06948649883270264 -0.08388779312372208 -0.08184948563575745 0.9910139441490173 0.10579237341880798 -0.002466032514348626 0.07832814753055573 -0.0994238406419754 0.9919574856758118 0.339841365814209 0.0 0.0 0.0 1.0
0.9937053918838501 0.08838564157485962 -0.06882967799901962 -0.08432688564062119 -0.08086535334587097 0.9911484122276306 0.10528817772865295 -0.0022659460082650185 0.07752638310194016 -0.09905949234962463 0.9920569062232971 0.34211230278015137 0.0 0.0 0.0 1.0
0.9935738444328308 0.08834806084632874 -0.07075018435716629 -0.08460758626461029 -0.08065391331911087 0.9911884665489197 0.10507329553365707 -0.0024061203002929688 0.07940978556871414 -0.09869180619716644 0.9919445514678955 0.34455394744873047 0.0 0.0 0.0 1.0
0.9936514496803284 0.08921487629413605 -0.06853842735290527 -0.08479250222444534 -0.081476591527462 0.9907602071762085 0.10842414200305939 -0.0022198637016117573 0.07757819443941116 -0.1021515280008316 0.9917392134666443 0.3460341691970825 0.0 0.0 0.0 1.0
0.9937951564788818 0.08899255096912384 -0.06671926379203796 -0.08527190238237381 -0.08166097104549408 0.9910553097724915 0.10555052012205124 -0.0023418006021529436 0.07551568746566772 -0.09944723546504974 0.9921731948852539 0.34846219420433044 0.0 0.0 0.0 1.0
0.9936261177062988 0.0904226303100586 -0.06731195747852325 -0.08596938103437424 -0.08303810656070709 0.9909549355506897 0.1054183840751648 -0.002667761407792568 0.0762353241443634 -0.09915700554847717 0.9921472072601318 0.35086163878440857 0.0 0.0 0.0 1.0
0.993622899055481 0.09079931676387787 -0.06685033440589905 -0.08726565539836884 -0.08354470133781433 0.9910299777984619 0.10430644452571869 -0.0027845632284879684 0.07572164386510849 -0.09805627912282944 0.9922959208488464 0.3549366891384125 0.0 0.0 0.0 1.0
0.9936422109603882 0.08971057087182999 -0.06802310794591904 -0.08855503052473068 -0.08242835104465485 0.9912387728691101 0.10320471227169037 -0.0025159346405416727 0.07668569684028625 -0.09694153070449829 0.9923314452171326 0.35795751214027405 0.0 0.0 0.0 1.0
0.9933369159698486 0.09442371129989624 -0.06607547402381897 -0.08890035003423691 -0.08680702745914459 0.9901406168937683 0.10993677377700806 -0.00237920880317688 0.07580465078353882 -0.10346844047307968 0.9917398691177368 0.36171409487724304 0.0 0.0 0.0 1.0
0.9935095310211182 0.09303854405879974 -0.06544185429811478 -0.0894777849316597 -0.0853487178683281 0.9900550842285156 0.11183247715234756 -0.002160838805139065 0.07519576698541641 -0.10552125424146652 0.9915698766708374 0.36455997824668884 0.0 0.0 0.0 1.0
0.993533194065094 0.09320733696222305 -0.06483931094408035 -0.08999083191156387 -0.08545643836259842 0.9898579120635986 0.1134837418794632 -0.001765681547112763 0.07475922256708145 -0.10720893740653992 0.9914218783378601 0.36670252680778503 0.0 0.0 0.0 1.0
0.9936822056770325 0.09294886142015457 -0.06289803236722946 -0.090541310608387 -0.08528175204992294 0.9896741509437561 0.1152043342590332 -0.0014838583301752806 0.07295666635036469 -0.1091124415397644 0.9913484454154968 0.36923977732658386 0.0 0.0 0.0 1.0
0.9933180212974548 0.09549488127231598 -0.06480732560157776 -0.09126774221658707 -0.08731713145971298 0.989042341709137 0.11904197186231613 -0.001660222071222961 0.07546508312225342 -0.11258774995803833 0.9907719492912292 0.37079256772994995 0.0 0.0 0.0 1.0
0.9937273859977722 0.09366349875926971 -0.06109890714287758 -0.09213785082101822 -0.08640581369400024 0.9899211525917053 0.1122058629989624 -0.0023262316826730967 0.07099269330501556 -0.1062227338552475 0.9918047785758972 0.37378746271133423 0.0 0.0 0.0 1.0
0.9934871196746826 0.09627509117126465 -0.060946330428123474 -0.09234526753425598 -0.08890648186206818 0.9895132184028625 0.11383835971355438 -0.00211723824031651 0.07126699388027191 -0.10767841339111328 0.9916281700134277 0.3756268322467804 0.0 0.0 0.0 1.0
0.9935622811317444 0.09640709310770035 -0.05949544534087181 -0.09290596842765808 -0.0889725461602211 0.9891397356987 0.1169891357421875 -0.0023389835841953754 0.07012788951396942 -0.1109425276517868 0.9913495182991028 0.37763839960098267 0.0 0.0 0.0 1.0
0.993342399597168 0.09685270488262177 -0.06237344816327095 -0.0934562012553215 -0.08906738460063934 0.98908531665802 0.11737655103206635 -0.0025108475238084793 0.07306089997291565 -0.1110396683216095 0.9911267757415771 0.37956395745277405 0.0 0.0 0.0 1.0
0.9936400055885315 0.09559407085180283 -0.0595090351998806 -0.09404385834932327 -0.08830857276916504 0.989443302154541 0.11490663141012192 -0.00279604597017169 0.06986521184444427 -0.10892067104578018 0.9915922284126282 0.3818841576576233 0.0 0.0 0.0 1.0
0.9933870434761047 0.09790017455816269 -0.059980906546115875 -0.09446621686220169 -0.09034306555986404 0.9889126420021057 0.11785558611154556 -0.003036074573174119 0.07085395604372025 -0.11165735125541687 0.9912176132202148 0.38332080841064453 0.0 0.0 0.0 1.0
0.9931844472885132 0.09913843870162964 -0.06128817796707153 -0.09488412737846375 -0.09136520326137543 0.9887135624885559 0.11873452365398407 -0.0031899132300168276 0.0723676085472107 -0.11232567578554153 0.9910327196121216 0.3848079741001129 0.0 0.0 0.0 1.0
0.993120014667511 0.09967389702796936 -0.06146387383341789 -0.09541630744934082 -0.09191413968801498 0.9887211322784424 0.11824701726436615 -0.003470704425126314 0.07255677133798599 -0.11178407818078995 0.9910801649093628 0.38632386922836304 0.0 0.0 0.0 1.0
0.9932183027267456 0.09972956776618958 -0.05976099893450737 -0.09617571532726288 -0.09225773066282272 0.9888502955436707 0.11689133197069168 -0.0036742123775184155 0.07075220346450806 -0.11058519780635834 0.9913450479507446 0.3883218467235565 0.0 0.0 0.0 1.0
0.9931575655937195 0.10070425271987915 -0.05913252383470535 -0.09676849842071533 -0.09303297102451324 0.9883296489715576 0.12062062323093414 -0.0035013624001294374 0.07058943808078766 -0.11429401487112045 0.9909359216690063 0.38986092805862427 0.0 0.0 0.0 1.0
0.9927843809127808 0.10316338390111923 -0.06112649664282799 -0.09757646918296814 -0.09522857517004013 0.9880819320678711 0.12093664705753326 -0.003323847195133567 0.07287421822547913 -0.1142430305480957 0.9907764196395874 0.39160898327827454 0.0 0.0 0.0 1.0
0.9926073551177979 0.10520978271961212 -0.06051018461585045 -0.09890682995319366 -0.09721507877111435 0.9876850843429565 0.12258648127317429 -0.0028330034110695124 0.07266230136156082 -0.1157977432012558 0.9906114935874939 0.3940562605857849 0.0 0.0 0.0 1.0
0.9925163984298706 0.10700071603059769 -0.058838821947574615 -0.09960654377937317 -0.09900271892547607 0.9871786832809448 0.12520651519298553 -0.002492226893082261 0.0714816153049469 -0.11844432353973389 0.9903844594955444 0.39591214060783386 0.0 0.0 0.0 1.0
0.9921388626098633 0.11048169434070587 -0.05877332016825676 -0.10060299187898636 -0.10243634134531021 0.9867644309997559 0.12570901215076447 -0.0017929058521986008 0.07188396900892258 -0.11870026588439941 0.9903246760368347 0.3981722295284271 0.0 0.0 0.0 1.0
0.991906464099884 0.11231668293476105 -0.05921585485339165 -0.10156960040330887 -0.10395052284002304 0.9861518144607544 0.1292240023612976 -0.000821442692540586 0.07290983945131302 -0.1220226064324379 0.9898457527160645 0.4003612697124481 0.0 0.0 0.0 1.0
0.9919084906578064 0.11293910443782806 -0.057985857129096985 -0.10230741649866104 -0.10449045896530151 0.9856756329536438 0.13238310813903809 -4.97618384542875e-05 0.07210647314786911 -0.12525296211242676 0.9895010590553284 0.4018811881542206 0.0 0.0 0.0 1.0
0.9919465184211731 0.11341628432273865 -0.05638178810477257 -0.10309626162052155 -0.10511485487222672 0.985511839389801 0.13310644030570984 0.0008037018706090748 0.07066135853528976 -0.12610790133476257 0.9894967079162598 0.4042559266090393 0.0 0.0 0.0 1.0
0.9917653203010559 0.11557097733020782 -0.05518101528286934 -0.10388509929180145 -0.107380211353302 0.9852151870727539 0.1334935873746872 0.0016571655869483948 0.06979315727949142 -0.1264689564704895 0.9895122647285461 0.40663063526153564 0.0 0.0 0.0 1.0
0.9917247295379639 0.11659832298755646 -0.05373022332787514 -0.10422708094120026 -0.10839400440454483 0.9847272634506226 0.13624605536460876 0.002514870837330818 0.06879567354917526 -0.12929454445838928 0.9892169237136841 0.40836483240127563 0.0 0.0 0.0 1.0
0.9917237162590027 0.11664661765098572 -0.053644053637981415 -0.10475440323352814 -0.10815509408712387 0.984152615070343 0.14052079617977142 0.003649383783340454 0.06918521225452423 -0.13355591893196106 0.9886233806610107 0.4102369248867035 0.0 0.0 0.0 1.0
0.9917475581169128 0.1176689863204956 -0.05089951306581497 -0.10520043224096298 -0.10949697345495224 0.9839176535606384 0.14112576842308044 0.004883705172687769 0.06668705493211746 -0.1343877911567688 0.9886823296546936 0.4125255048274994 0.0 0.0 0.0 1.0
0.9918519854545593 0.11719273030757904 -0.049954693764448166 -0.10567605495452881 -0.1091916635632515 0.9840371608734131 0.14052791893482208 0.005392196588218212 0.0656261220574379 -0.13392825424671173 0.9888156652450562 0.4142734110355377 0.0 0.0 0.0 1.0
0.991807222366333 0.11801216751337051 -0.04890405759215355 -0.10592915862798691 -0.10997940599918365 0.9835836887359619 0.14306522905826569 0.006190902087837458 0.06498467177152634 -0.13651469349861145 0.9885042905807495 0.4161004424095154 0.0 0.0 0.0 1.0
0.9916738867759705 0.11928629875183105 -0.048515282571315765 -0.10630699247121811 -0.11111290007829666 0.9830463528633118 0.14585526287555695 0.006812774110585451 0.06509130448102951 -0.13925017416477203 0.9881156086921692 0.41804221272468567 0.0 0.0 0.0 1.0
0.9917354583740234 0.11932279914617538 -0.04714733362197876 -0.10666678100824356 -0.11135748773813248 0.9830582737922668 0.1455882340669632 0.0073257191106677055 0.06372056901454926 -0.13913480937480927 0.9882212281227112 0.4195743501186371 0.0 0.0 0.0 1.0
0.9918957352638245 0.11827008426189423 -0.046422816812992096 -0.10692276805639267 -0.1103915423154831 0.9831121563911438 0.14595961570739746 0.007915735244750977 0.06290148943662643 -0.13965202867984772 0.9882007241249084 0.42116379737854004 0.0 0.0 0.0 1.0
0.9921745657920837 0.1171356663107872 -0.043230850249528885 -0.10715336352586746 -0.10931024700403214 0.9822201728820801 0.15262630581855774 0.008691703900694847 0.06034019961953163 -0.14670635759830475 0.9873380064964294 0.42263171076774597 0.0 0.0 0.0 1.0
0.992297351360321 0.11565963178873062 -0.04437139630317688 -0.10737480968236923 -0.10773618519306183 0.9825314283370972 0.15173959732055664 0.009186365641653538 0.061146438121795654 -0.14579038321971893 0.9874240756034851 0.42358893156051636 0.0 0.0 0.0 1.0
0.9922739267349243 0.11536554992198944 -0.045642390847206116 -0.10763657093048096 -0.10733041912317276 0.9827494621276855 0.15061113238334656 0.009359003975987434 0.062230370938777924 -0.1445486843585968 0.9875388741493225 0.4247032105922699 0.0 0.0 0.0 1.0
0.9921255707740784 0.11674140393733978 -0.04536852985620499 -0.10781390219926834 -0.1087348535656929 0.9826001524925232 0.15057781338691711 0.009386451914906502 0.06215779110789299 -0.14445896446704865 0.9875565767288208 0.42585986852645874 0.0 0.0 0.0 1.0
0.9922432899475098 0.11537113040685654 -0.046289727091789246 -0.10810550302267075 -0.10739780962467194 0.9831146001815796 0.14816004037857056 0.00928694847971201 0.0626014992594719 -0.14203938841819763 0.9878794550895691 0.42704522609710693 0.0 0.0 0.0 1.0
0.9922985434532166 0.11482702940702438 -0.04645745828747749 -0.10830064117908478 -0.1069650799036026 0.9834694862365723 0.14610333740711212 0.008969636633992195 0.062466107308864594 -0.140008807182312 0.9881778955459595 0.4279997944831848 0.0 0.0 0.0 1.0
0.99237459897995 0.11475261300802231 -0.044993769377470016 -0.10847929865121841 -0.1070944219827652 0.9834493398666382 0.1461445689201355 0.008665896020829678 0.06101956218481064 -0.1402115821838379 0.9882395267486572 0.4287317991256714 0.0 0.0 0.0 1.0
0.9923734664916992 0.11480680108070374 -0.04488123580813408 -0.10884016007184982 -0.10717246681451797 0.9834613800048828 0.14600621163845062 0.008393965661525726 0.0609014667570591 -0.14008265733718872 0.9882650971412659 0.4292276203632355 0.0 0.0 0.0 1.0
0.9924402236938477 0.11443109810352325 -0.04436105862259865 -0.10899186134338379 -0.10679163038730621 0.9833036661148071 0.14734116196632385 0.008153678849339485 0.06048080325126648 -0.1414899080991745 0.9880903959274292 0.4296509921550751 0.0 0.0 0.0 1.0
0.992469072341919 0.11444659531116486 -0.04367009550333023 -0.10913308709859848 -0.10680251568555832 0.983047604560852 0.149032324552536 0.007963273674249649 0.05998602509498596 -0.1432459056377411 0.987867534160614 0.4299883246421814 0.0 0.0 0.0 1.0
0.9924122095108032 0.11502300202846527 -0.04344826936721802 -0.10928923636674881 -0.10746395587921143 0.983121931552887 0.14806333184242249 0.007636796683073044 0.05974563583731651 -0.1422707438468933 0.988023042678833 0.43036121129989624 0.0 0.0 0.0 1.0
0.9922772645950317 0.11585879325866699 -0.044301122426986694 -0.10934759676456451 -0.10815752297639847 0.9830144047737122 0.14827200770378113 0.007423700299113989 0.060727257281541824 -0.142335444688797 0.9879538416862488 0.43092793226242065 0.0 0.0 0.0 1.0
0.9922024011611938 0.11654582619667053 -0.0441754013299942 -0.10951422154903412 -0.10893429815769196 0.9831200838088989 0.1469973623752594 0.007047342602163553 0.060561653226614 -0.1410389095544815 0.9881499409675598 0.4313868284225464 0.0 0.0 0.0 1.0
0.9921102523803711 0.11731276661157608 -0.044214650988578796 -0.10978018492460251 -0.10982372611761093 0.98334801197052 0.14479433000087738 0.006680103484541178 0.060464613139629364 -0.1387961208820343 0.9884734153747559 0.4318389296531677 0.0 0.0 0.0 1.0
0.9919928908348083 0.11847349256277084 -0.04375101998448372 -0.10996329039335251 -0.11107255518436432 0.9832895398139954 0.14423801004886627 0.006290173623710871 0.06010830029845238 -0.1382235437631607 0.9885753393173218 0.43252041935920715 0.0 0.0 0.0 1.0
0.9919601082801819 0.11909640580415726 -0.04279245436191559 -0.11012545973062515 -0.11189311742782593 0.983367919921875 0.1430644541978836 0.006000005640089512 0.05911919102072716 -0.13712604343891144 0.988787829875946 0.43302983045578003 0.0 0.0 0.0 1.0
0.9919087886810303 0.11983765661716461 -0.04190381243824959 -0.11027871817350388 -0.11275579780340195 0.9832834005355835 0.142968088388443 0.005882218014448881 0.0583362840116024 -0.1370864063501358 0.9888398051261902 0.4336402714252472 0.0 0.0 0.0 1.0
0.9920364618301392 0.11963555961847305 -0.03938306123018265 -0.11060842126607895 -0.11274930834770203 0.9828876852989197 0.14566892385482788 0.006213617976754904 0.05613630637526512 -0.14006847143173218 0.9885492324829102 0.4344896674156189 0.0 0.0 0.0 1.0
0.9924206733703613 0.11685939878225327 -0.03801453486084938 -0.11063092947006226 -0.11012142151594162 0.9829971194267273 0.14693525433540344 0.006236354820430279 0.054538942873477936 -0.14163537323474884 0.9884153604507446 0.434848815202713 0.0 0.0 0.0 1.0
0.9929154515266418 0.11278411000967026 -0.037398431450128555 -0.11075723171234131 -0.10608570277690887 0.9831997156143188 0.1485401690006256 0.006182020530104637 0.053523097187280655 -0.14352038502693176 0.9881989359855652 0.4351506233215332 0.0 0.0 0.0 1.0
0.9930387735366821 0.1108623817563057 -0.039793189615011215 -0.11109848320484161 -0.10391252487897873 0.9836300611495972 0.14722128212451935 0.005678663961589336 0.05546307936310768 -0.14206142723560333 0.9883027672767639 0.43504974246025085 0.0 0.0 0.0 1.0
0.9928385615348816 0.11235810816287994 -0.04058585315942764 -0.11153752356767654 -0.10537784546613693 0.9837260246276855 0.145528644323349 0.005061927251517773 0.05627668276429176 -0.1402096152305603 0.9885212182998657 0.43475496768951416 0.0 0.0 0.0 1.0
0.9925402998924255 0.11485043913125992 -0.04090404510498047 -0.11214830726385117 -0.1077546551823616 0.9833449721336365 0.14636112749576569 0.004526880569756031 0.05703242868185043 -0.14086170494556427 0.9883852005004883 0.4341380000114441 0.0 0.0 0.0 1.0
0.9922969341278076 0.11614491045475006 -0.043094880878925323 -0.11255437135696411 -0.10893028229475021 0.9837119579315186 0.1429857313632965 0.003937287721782923 0.05900001525878906 -0.13718995451927185 0.9887861013412476 0.4333980679512024 0.0 0.0 0.0 1.0
0.9922941327095032 0.11503898352384567 -0.04602617025375366 -0.11296043545007706 -0.1074279397726059 0.9838701486587524 0.14303404092788696 0.0033476948738098145 0.0617382638156414 -0.1369873434305191 0.9886469841003418 0.4326581358909607 0.0 0.0 0.0 1.0
0.9921364784240723 0.11524774879217148 -0.04881754517555237 -0.11314685642719269 -0.10717587918043137 0.9837279319763184 0.1441967636346817 0.0028396269772201777 0.06464153528213501 -0.13783080875873566 0.988344132900238 0.4317597448825836 0.0 0.0 0.0 1.0
0.9918924570083618 0.11660577356815338 -0.05052131786942482 -0.11344442516565323 -0.10848712921142578 0.984016478061676 0.14121638238430023 0.0019596084021031857 0.06618045270442963 -0.13459056615829468 0.9886887669563293 0.43051594495773315 0.0 0.0 0.0 1.0
0.9917144775390625 0.1176556944847107 -0.05157095566391945 -0.11352235078811646 -0.10933704674243927 0.9838168025016785 0.1419503390789032 0.0011611146619543433 0.06743764132261276 -0.13513559103012085 0.9885295033454895 0.4291136860847473 0.0 0.0 0.0 1.0
0.9916994571685791 0.11753597855567932 -0.052128903567790985 -0.11348840594291687 -0.1096082553267479 0.9847455620765686 0.13513778150081635 -0.0006264903349801898 0.06721726059913635 -0.12830230593681335 0.9894545674324036 0.4262217581272125 0.0 0.0 0.0 1.0
0.9917522668838501 0.11729984730482101 -0.05165437236428261 -0.11314798891544342 -0.10949329286813736 0.9848768711090088 0.13427108526229858 -0.0013616966316476464 0.06662317365407944 -0.12750783562660217 0.9895974397659302 0.4246746301651001 0.0 0.0 0.0 1.0
0.9917900562286377 0.11693321168422699 -0.05176057666540146 -0.11312500387430191 -0.10933517664670944 0.9853345155715942 0.13100288808345795 -0.0022918081376701593 0.06632006913423538 -0.12426811456680298 0.9900298118591309 0.4230920970439911 0.0 0.0 0.0 1.0
0.9913301467895508 0.12023250013589859 -0.052997294813394547 -0.11203497648239136 -0.1122555285692215 0.9846080541610718 0.13396158814430237 -0.0034176260232925415 0.06828810274600983 -0.1268509179353714 0.9895683526992798 0.4203636646270752 0.0 0.0 0.0 1.0
0.9913163185119629 0.11993644386529922 -0.053917981684207916 -0.11148382723331451 -0.11198282986879349 0.9849072098731995 0.1319756656885147 -0.0042436872608959675 0.06893290579319 -0.12479174882173538 0.9897854924201965 0.4185570478439331 0.0 0.0 0.0 1.0
0.9915279746055603 0.11769083142280579 -0.05496535822749138 -0.11102733016014099 -0.11007668823003769 0.9859732389450073 0.1254589706659317 -0.005428127478808165 0.06895974278450012 -0.11834566295146942 0.9905750155448914 0.4161824584007263 0.0 0.0 0.0 1.0
0.9915924072265625 0.11814974993467331 -0.052774399518966675 -0.11030751466751099 -0.11077449470758438 0.985859215259552 0.12574028968811035 -0.0069077047519385815 0.06688430905342102 -0.11883705109357834 0.9906584620475769 0.41250649094581604 0.0 0.0 0.0 1.0
0.9914349913597107 0.11992394924163818 -0.051719192415475845 -0.10980180650949478 -0.11279772222042084 0.9858835935592651 0.12373445183038712 -0.007597741670906544 0.06582782417535782 -0.11684085428714752 0.9909666776657104 0.410075843334198 0.0 0.0 0.0 1.0
0.9915256500244141 0.12021481990814209 -0.04924660176038742 -0.10922056436538696 -0.11356276273727417 0.9861565232276917 0.12082530558109283 -0.008605347946286201 0.06308985501527786 -0.11420881003141403 0.9914514422416687 0.4075864851474762 0.0 0.0 0.0 1.0
0.9917004704475403 0.11988872289657593 -0.046441834419965744 -0.10849364846944809 -0.1135893166065216 0.9862120151519775 0.12034659832715988 -0.009336358867585659 0.060229696333408356 -0.11407247930765152 0.9916450381278992 0.4048102796077728 0.0 0.0 0.0 1.0
0.991481363773346 0.12140880525112152 -0.04716527462005615 -0.10766918957233429 -0.11499856412410736 0.9860095381736755 0.12066721171140671 -0.009500302374362946 0.061155471950769424 -0.11421535909175873 0.9915719032287598 0.40283966064453125 0.0 0.0 0.0 1.0
0.9913249015808105 0.12217928469181061 -0.04844798892736435 -0.10676030069589615 -0.11558983474969864 0.9858856201171875 0.12111376225948334 -0.009809435345232487 0.0625617653131485 -0.11446298658847809 0.991455614566803 0.4009113609790802 0.0 0.0 0.0 1.0
0.9915115833282471 0.12139350920915604 -0.046565838158130646 -0.10574893653392792 -0.11507130414247513 0.9860395789146423 0.12035170942544937 -0.010372684337198734 0.06052567437291145 -0.11397172510623932 0.9916386008262634 0.3986157178878784 0.0 0.0 0.0 1.0
0.9912660121917725 0.12323541194200516 -0.04695398360490799 -0.10505523532629013 -0.11682950705289841 0.9857748746871948 0.12082556635141373 -0.010677152313292027 0.06117604300379753 -0.11428467184305191 0.9915626645088196 0.3968963921070099 0.0 0.0 0.0 1.0
0.9909901022911072 0.12494180351495743 -0.04825051128864288 -0.1043466106057167 -0.1184297651052475 0.9856839179992676 0.12000689655542374 -0.010845549404621124 0.06255362927913666 -0.11321134865283966 0.9915998578071594 0.3951415419578552 0.0 0.0 0.0 1.0
0.990903913974762 0.12522563338279724 -0.04927506297826767 -0.1037549078464508 -0.11885140091180801 0.9861120581626892 0.11600571870803833 -0.011803274974226952 0.0631176233291626 -0.10909411311149597 0.9920254945755005 0.39256617426872253 0.0 0.0 0.0 1.0
0.9909945726394653 0.12473020702600479 -0.04870425909757614 -0.103357695043087 -0.11849220097064972 0.9862879514694214 0.11487232148647308 -0.012202885001897812 0.062364473938941956 -0.10806677490472794 0.9921855926513672 0.39063936471939087 0.0 0.0 0.0 1.0
0.9910256266593933 0.12412454932928085 -0.049611493945121765 -0.10280721634626389 -0.11790946125984192 0.9865728616714478 0.11301034688949585 -0.012484708800911903 0.06297270953655243 -0.10614648461341858 0.9923544526100159 0.38810214400291443 0.0 0.0 0.0 1.0
0.9910380244255066 0.12360741943120956 -0.05064372718334198 -0.10246434807777405 -0.11736715584993362 0.9867833256721497 0.11173000931739807 -0.012920674867928028 0.06378504633903503 -0.1047847792506218 0.9924473166465759 0.3854502737522125 0.0 0.0 0.0 1.0
0.9909433722496033 0.1242198497056961 -0.05099688470363617 -0.10167348384857178 -0.1181049793958664 0.9869816899299622 0.10917098820209503 -0.013384346850216389 0.06389419734477997 -0.1021592766046524 0.992713987827301 0.3806284964084625 0.0 0.0 0.0 1.0
0.9910068511962891 0.12354543060064316 -0.05140033736824989 -0.10144802182912827 -0.11751559376716614 0.9872620701789856 0.10725528001785278 -0.013702266849577427 0.06399650126695633 -0.10025037080049515 0.9929019808769226 0.3783794641494751 0.0 0.0 0.0 1.0
0.9909406304359436 0.12359490990638733 -0.05254536494612694 -0.10108445584774017 -0.11752481758594513 0.9873846769332886 0.10611030459403992 -0.013584784232079983 0.06499718129634857 -0.09897362440824509 0.992965042591095 0.3761672377586365 0.0 0.0 0.0 1.0
0.9910145401954651 0.12316788733005524 -0.05215243250131607 -0.10050413757562637 -0.11720680445432663 0.9875351190567017 0.10505679994821548 -0.013594464398920536 0.0644419863820076 -0.0980001911520958 0.9930977821350098 0.3735589385032654 0.0 0.0 0.0 1.0
0.9910590648651123 0.12256564199924469 -0.0527217872440815 -0.10007106512784958 -0.11688446253538132 0.9881054759025574 0.09992793947458267 -0.013758242130279541 0.06434241682291031 -0.09287213534116745 0.9935969114303589 0.3714245557785034 0.0 0.0 0.0 1.0
0.9915724396705627 0.1193542331457138 -0.05038539320230484 -0.09986075758934021 -0.1141037717461586 0.9887558221817017 0.09665562212467194 -0.01375854667276144 0.0613551065325737 -0.09009188413619995 0.9940417408943176 0.36982277035713196 0.0 0.0 0.0 1.0
0.9911497831344604 0.12212535738945007 -0.05203399434685707 -0.09892939776182175 -0.11600373685359955 0.9873849153518677 0.10776903480291367 -0.01267075166106224 0.06453891098499298 -0.10077911615371704 0.9928133487701416 0.3664987087249756 0.0 0.0 0.0 1.0
0.9912460446357727 0.12134364247322083 -0.05202879384160042 -0.09847406297922134 -0.11540976911783218 0.9877609610557556 0.10492338985204697 -0.012403578497469425 0.06412380188703537 -0.09800026565790176 0.9931183457374573 0.36461687088012695 0.0 0.0 0.0 1.0
0.9912812113761902 0.12119986116886139 -0.05169317126274109 -0.09787148237228394 -0.11525294184684753 0.9877020120620728 0.10564786195755005 -0.011982308700680733 0.06386195868253708 -0.09876894950866699 0.9930590987205505 0.3622611463069916 0.0 0.0 0.0 1.0
0.9912562370300293 0.12165001779794693 -0.05111073702573776 -0.09719939529895782 -0.11567828804254532 0.987515926361084 0.10691504180431366 -0.011842300184071064 0.06347888708114624 -0.10006780177354813 0.9929535984992981 0.35998329520225525 0.0 0.0 0.0 1.0
0.9914618730545044 0.12016766518354416 -0.05062687769532204 -0.09644445031881332 -0.1143050566315651 0.987769365310669 0.1060471311211586 -0.011724982410669327 0.06275111436843872 -0.09935478121042252 0.993071436882019 0.3579348027706146 0.0 0.0 0.0 1.0
0.9915863275527954 0.11863488703966141 -0.05179072171449661 -0.09575141966342926 -0.11260510236024857 0.9878692626953125 0.10693183541297913 -0.011485211551189423 0.06384830921888351 -0.10020024329423904 0.9929165840148926 0.35548487305641174 0.0 0.0 0.0 1.0
0.9915543794631958 0.11859406530857086 -0.05249136686325073 -0.0951891541481018 -0.1123821884393692 0.9877071976661682 0.10864941030740738 -0.011385966092348099 0.06473127752542496 -0.10183271020650864 0.992693305015564 0.3532862067222595 0.0 0.0 0.0 1.0
0.9914252161979675 0.11950855702161789 -0.052856456488370895 -0.09463134407997131 -0.11335725337266922 0.9877646565437317 0.1071031391620636 -0.011372909881174564 0.06500948220491409 -0.100193090736866 0.9928419589996338 0.35103708505630493 0.0 0.0 0.0 1.0
0.9914681911468506 0.11882226914167404 -0.05359215661883354 -0.09411764144897461 -0.11258604377508163 0.9878307580947876 0.10730687528848648 -0.010892640799283981 0.06569042801856995 -0.10035762190818787 0.9927805066108704 0.3485884964466095 0.0 0.0 0.0 1.0
0.9913943409919739 0.11932235211133957 -0.05384603142738342 -0.09403564780950546 -0.11305707693099976 0.9877742528915405 0.10733192414045334 -0.01073422934859991 0.06599482148885727 -0.10032058507204056 0.9927640557289124 0.3461332619190216 0.0 0.0 0.0 1.0
0.9912785887718201 0.11865882575511932 -0.057331446558237076 -0.09346960484981537 -0.11196283996105194 0.9877697825431824 0.1085134819149971 -0.010004553943872452 0.06950635462999344 -0.1011480912566185 0.992440402507782 0.34325453639030457 0.0 0.0 0.0 1.0
0.9916104078292847 0.1164984405040741 -0.05600778013467789 -0.09306572377681732 -0.10999725759029388 0.9880744218826294 0.10774760693311691 -0.009565047919750214 0.06789228320121765 -0.10068295150995255 0.9925994277000427 0.340885192155838 0.0 0.0 0.0 1.0
0.9915022850036621 0.116938017308712 -0.05699797347187996 -0.09264692664146423 -0.11039856821298599 0.9881287217140198 0.10683511942625046 -0.008989470079541206 0.06881441920995712 -0.09963476657867432 0.9926416873931885 0.3384803533554077 0.0 0.0 0.0 1.0
0.9914096593856812 0.11612385511398315 -0.060184504836797714 -0.09209869056940079 -0.1089833527803421 0.9878533482551575 0.11076269298791885 -0.008604555390775204 0.07231565564870834 -0.1032520979642868 0.9920229315757751 0.3353995680809021 0.0 0.0 0.0 1.0
0.9917599558830261 0.11337168514728546 -0.059658218175172806 -0.09164022654294968 -0.10675773024559021 0.9887972474098206 0.1043204516172409 -0.00858238060027361 0.07081686705350876 -0.09709186851978302 0.9927527904510498 0.33314359188079834 0.0 0.0 0.0 1.0
0.9915783405303955 0.11500629782676697 -0.05954801291227341 -0.09071239829063416 -0.1083175390958786 0.988507866859436 0.10544934123754501 -0.008578700944781303 0.07099101692438126 -0.09811118990182877 0.9926401376724243 0.3298879861831665 0.0 0.0 0.0 1.0
0.9917786121368408 0.11419516801834106 -0.057746924459934235 -0.08986009657382965 -0.10763314366340637 0.9885004162788391 0.10621718317270279 -0.00825745239853859 0.06921234726905823 -0.09912844747304916 0.9926646947860718 0.32669103145599365 0.0 0.0 0.0 1.0
0.9915212392807007 0.1147981807589531 -0.0608852356672287 -0.08919980376958847 -0.10798246413469315 0.9885504841804504 0.10539314895868301 -0.008498513139784336 0.07228707522153854 -0.09792500734329224 0.9925649762153625 0.32407456636428833 0.0 0.0 0.0 1.0
0.9915236234664917 0.11506708711385727 -0.06033624708652496 -0.08797392249107361 -0.10844551771879196 0.9887059926986694 0.10344080626964569 -0.00852218922227621 0.0715574398636818 -0.09602080285549164 0.9928038716316223 0.3208393454551697 0.0 0.0 0.0 1.0
0.9914882183074951 0.1161159947514534 -0.05889182537794113 -0.08653441816568375 -0.10967681556940079 0.988638162612915 0.10278914123773575 -0.008428032509982586 0.07015816867351532 -0.09545514732599258 0.9929583072662354 0.31758221983909607 0.0 0.0 0.0 1.0
0.9917014837265015 0.1160358265042305 -0.05535165220499039 -0.08529674261808395 -0.10986747592687607 0.9885090589523315 0.10382208973169327 -0.008070639334619045 0.06676269322633743 -0.09687917679548264 0.9930544495582581 0.314685583114624 0.0 0.0 0.0 1.0
0.9916908144950867 0.11483106017112732 -0.057992517948150635 -0.08378640562295914 -0.10868597775697708 0.9890486001968384 0.09985098242759705 -0.007926554419100285 0.06882341206073761 -0.09271832555532455 0.9933109283447266 0.31193092465400696 0.0 0.0 0.0 1.0
0.9918874502182007 0.11375188827514648 -0.05674351379275322 -0.08230972290039062 -0.10746289789676666 0.9887847900390625 0.10371297597885132 -0.007265375927090645 0.06790466606616974 -0.09677377343177795 0.992987334728241 0.30889081954956055 0.0 0.0 0.0 1.0
0.9921010732650757 0.1126536950469017 -0.055177465081214905 -0.08101613819599152 -0.1066572442650795 0.9890851974487305 0.1016598716378212 -0.006994127295911312 0.06602757424116135 -0.09497179090976715 0.9932878613471985 0.30653220415115356 0.0 0.0 0.0 1.0
0.9923125505447388 0.11135897040367126 -0.05399107187986374 -0.07959601283073425 -0.1056928038597107 0.989520251750946 0.09838046133518219 -0.0071222311817109585 0.06438080966472626 -0.09191769361495972 0.9936831593513489 0.30326008796691895 0.0 0.0 0.0 1.0
0.9922062158584595 0.11232848465442657 -0.05393609777092934 -0.07789298892021179 -0.10677991807460785 0.9895789623260498 0.09659954160451889 -0.006960075348615646 0.06422490626573563 -0.09008737653493881 0.9938608407974243 0.3006555736064911 0.0 0.0 0.0 1.0
0.9920167922973633 0.11476436257362366 -0.05226673558354378 -0.07647310197353363 -0.10925906151533127 0.9891510009765625 0.09819741547107697 -0.006634491961449385 0.06296925991773605 -0.09170287102460861 0.9937934875488281 0.2979951500892639 0.0 0.0 0.0 1.0
0.9919204115867615 0.11591203510761261 -0.05155869200825691 -0.07530401647090912 -0.1108960211277008 0.9896255135536194 0.09134212136268616 -0.006993764080107212 0.06161144748330116 -0.08488646149635315 0.9944839477539062 0.2951396107673645 0.0 0.0 0.0 1.0
0.9918857216835022 0.11608772724866867 -0.05182967707514763 -0.07387655228376389 -0.11098331212997437 0.9895190000534058 0.09238428622484207 -0.00682698842138052 0.06201113387942314 -0.08588243275880814 0.9943735599517822 0.29215556383132935 0.0 0.0 0.0 1.0
0.9919424653053284 0.11550822108983994 -0.05203858017921448 -0.07258742302656174 -0.11025473475456238 0.9894008040428162 0.0944986343383789 -0.006641929969191551 0.062402382493019104 -0.08799970149993896 0.994163990020752 0.2897464334964752 0.0 0.0 0.0 1.0
0.991917073726654 0.11500918120145798 -0.05360424891114235 -0.07135196030139923 -0.10994913429021835 0.9899142384529114 0.0893363356590271 -0.007037464529275894 0.06333810836076736 -0.08272049576044083 0.9945579767227173 0.2873428463935852 0.0 0.0 0.0 1.0
0.9918156266212463 0.1164810061454773 -0.05228659138083458 -0.07013052701950073 -0.11152411252260208 0.9897333979606628 0.08938777446746826 -0.00714733125641942 0.06216176226735115 -0.08282498270273209 0.9946235418319702 0.2840571105480194 0.0 0.0 0.0 1.0
0.9918114542961121 0.11673770844936371 -0.051791153848171234 -0.0693635419011116 -0.11175379902124405 0.9896084666252136 0.09047730267047882 -0.007102631498128176 0.06181507557630539 -0.08394856750965118 0.9945509433746338 0.28173553943634033 0.0 0.0 0.0 1.0
0.9916892647743225 0.11823231726884842 -0.05072975531220436 -0.06823544949293137 -0.11315479874610901 0.9891773462295532 0.09340333938598633 -0.007239688653498888 0.061224017292261124 -0.08688677102327347 0.9943351149559021 0.2783064544200897 0.0 0.0 0.0 1.0
0.9916839003562927 0.11655732989311218 -0.05456608533859253 -0.06801888346672058 -0.11163347959518433 0.9900259971618652 0.08594467490911484 -0.007729989010840654 0.06403932720422745 -0.07913854718208313 0.9948045015335083 0.275956392288208 0.0 0.0 0.0 1.0
0.9917311072349548 0.11671920865774155 -0.05334790050983429 -0.06766422837972641 -0.11173520982265472 0.9897965788841248 0.08841942995786667 -0.007784885820001364 0.06312381476163864 -0.08172746747732162 0.9946537017822266 0.2736431360244751 0.0 0.0 0.0 1.0
0.991765022277832 0.11663693189620972 -0.05289529263973236 -0.06696362048387527 -0.11179687827825546 0.9899396300315857 0.08672384172677994 -0.007703923154622316 0.06247834861278534 -0.08009614795446396 0.994827151298523 0.27086958289146423 0.0 0.0 0.0 1.0
0.9917443990707397 0.11555560678243637 -0.05558733642101288 -0.06638618558645248 -0.11044993251562119 0.9900216460227966 0.08750991523265839 -0.007922293618321419 0.06514492630958557 -0.08064785599708557 0.9946115016937256 0.2680237293243408 0.0 0.0 0.0 1.0
0.9916369915008545 0.11591298878192902 -0.05674734711647034 -0.065939761698246 -0.11048475652933121 0.9897103309631348 0.09092072397470474 -0.007827500812709332 0.06670232862234116 -0.0838906392455101 0.9942399859428406 0.2660408914089203 0.0 0.0 0.0 1.0
0.9918594360351562 0.1137014850974083 -0.057330451905727386 -0.06577333062887192 -0.10845426470041275 0.9902374744415283 0.08756394684314728 -0.007814278826117516 0.06672690808773041 -0.08063339442014694 0.9945077896118164 0.2636279761791229 0.0 0.0 0.0 1.0
0.9917124509811401 0.11521439254283905 -0.05685149505734444 -0.06492259353399277 -0.11000682413578033 0.990070641040802 0.0875132828950882 -0.007370530627667904 0.06636978685855865 -0.0805339589715004 0.994539737701416 0.26061809062957764 0.0 0.0 0.0 1.0
0.991475522518158 0.11648071557283401 -0.0583827868103981 -0.06452027708292007 -0.11101987212896347 0.9897910356521606 0.08937710523605347 -0.006808524485677481 0.06819746643304825 -0.08213356137275696 0.9942852854728699 0.25843581557273865 0.0 0.0 0.0 1.0
0.991625189781189 0.11420492827892303 -0.0603051520884037 -0.06444454193115234 -0.10878900438547134 0.9902915358543396 0.08653079718351364 -0.006160116754472256 0.06960192322731018 -0.07924558222293854 0.9944223165512085 0.2567288279533386 0.0 0.0 0.0 1.0
0.9915135502815247 0.11499667167663574 -0.06063486635684967 -0.06374930590391159 -0.10934537649154663 0.9899681210517883 0.08948009461164474 -0.005167418625205755 0.07031650096178055 -0.0820905864238739 0.9941412210464478 0.2537858486175537 0.0 0.0 0.0 1.0
0.9915686249732971 0.11484416574239731 -0.06002051755785942 -0.06323873996734619 -0.10921711474657059 0.9899478554725647 0.08986049145460129 -0.004442151170223951 0.06973713636398315 -0.08254757523536682 0.9941441416740417 0.2517113983631134 0.0 0.0 0.0 1.0
0.9915486574172974 0.11469856649637222 -0.06062542274594307 -0.06276470422744751 -0.10887805372476578 0.9897992014884949 0.09188646823167801 -0.003408478805795312 0.0705462396144867 -0.08450913429260254 0.993922233581543 0.24911393225193024 0.0 0.0 0.0 1.0
0.9915845990180969 0.11426430940628052 -0.06085745245218277 -0.062084391713142395 -0.10841426253318787 0.9898362755775452 0.09203538298606873 -0.002551851561293006 0.07075527310371399 -0.08466304838657379 0.9938942790031433 0.24620647728443146 0.0 0.0 0.0 1.0
0.9915658235549927 0.1136951670050621 -0.062214456498622894 -0.06171192228794098 -0.10800940543413162 0.9902313947677612 0.08818032592535019 -0.0022619881201535463 0.07163238525390625 -0.08071684837341309 0.9941597580909729 0.24409525096416473 0.0 0.0 0.0 1.0
0.9915092587471008 0.11416983604431152 -0.062246229499578476 -0.061049412935972214 -0.10828367620706558 0.9899547100067139 0.09090828895568848 -0.0017501212423667312 0.0719999298453331 -0.08339616656303406 0.9939120411872864 0.24098573625087738 0.0 0.0 0.0 1.0
0.9916539192199707 0.11260899156332016 -0.06278330087661743 -0.0608157180249691 -0.10688836872577667 0.9903650879859924 0.08804483711719513 -0.0013514230959117413 0.07209302484989166 -0.08059919625520706 0.9941359758377075 0.2381071299314499 0.0 0.0 0.0 1.0
0.9915380477905273 0.11288297921419144 -0.06410679966211319 -0.060313813388347626 -0.10691390931606293 0.9901909828186035 0.08995139598846436 -0.0012522231554612517 0.07363195717334747 -0.08233632147312164 0.9938808083534241 0.23531997203826904 0.0 0.0 0.0 1.0
0.991519570350647 0.11255892366170883 -0.06495702266693115 -0.05971700698137283 -0.10689667612314224 0.9906384348869324 0.08490312844514847 -0.0012483319733291864 0.07390552759170532 -0.07723942399024963 0.994269609451294 0.23248909413814545 0.0 0.0 0.0 1.0
0.9915180206298828 0.11245209723711014 -0.06516581028699875 -0.05889454856514931 -0.1067437082529068 0.9906203746795654 0.08530586957931519 -0.0011992249637842178 0.07414740324020386 -0.07762625813484192 0.9942214488983154 0.22936321794986725 0.0 0.0 0.0 1.0
0.9915417432785034 0.11294523626565933 -0.06393971294164658 -0.058397095650434494 -0.10722462832927704 0.9904413819313049 0.0867682695388794 -0.0011862150859087706 0.0731286033987999 -0.07917845249176025 0.9941745400428772 0.22652554512023926 0.0 0.0 0.0 1.0
0.9915459752082825 0.11339041590690613 -0.06308110058307648 -0.05767843499779701 -0.10775294899940491 0.9904025197029114 0.0865575447678566 -0.0012141794431954622 0.07229048013687134 -0.07902860641479492 0.9942477345466614 0.22334234416484833 0.0 0.0 0.0 1.0
0.9914342761039734 0.11369699239730835 -0.06427382677793503 -0.05704733729362488 -0.10817083716392517 0.9905973672866821 0.08376138657331467 -0.0008519559050910175 0.07319289445877075 -0.07609135657548904 0.9944108128547668 0.2204909473657608 0.0 0.0 0.0 1.0
0.991395115852356 0.11397385597229004 -0.06438656151294708 -0.05622800439596176 -0.10825074464082718 0.9903700351715088 0.08630730211734772 -0.0005578506970778108 0.07360329478979111 -0.07859474420547485 0.9941858053207397 0.21773917973041534 0.0 0.0 0.0 1.0
0.9914767742156982 0.1155419573187828 -0.06019841134548187 -0.05498385801911354 -0.10988431423902512 0.9898549914360046 0.09006950259208679 0.00027552343090064824 0.06999450922012329 -0.08268696069717407 0.9941145181655884 0.21244601905345917 0.0 0.0 0.0 1.0
0.991176962852478 0.11649546027183533 -0.06322181224822998 -0.05448821187019348 -0.11064708977937698 0.9898455142974854 0.08923599869012833 0.0008647196227684617 0.07297541946172714 -0.0814533606171608 0.9940019845962524 0.210407093167305 0.0 0.0 0.0 1.0
0.9909998178482056 0.11645869165658951 -0.0660056322813034 -0.053993888199329376 -0.11051102727651596 0.9900110363960266 0.08755283057689667 0.0011227276409044862 0.07554259151220322 -0.07947048544883728 0.9939706921577454 0.20794354379177094 0.0 0.0 0.0 1.0
0.9913145303726196 0.1138564720749855 -0.06581958383321762 -0.05327390879392624 -0.10804789513349533 0.9904239177703857 0.085942842066288 0.001425951486453414 0.0749744325876236 -0.07808472216129303 0.9941235184669495 0.20518498122692108 0.0 0.0 0.0 1.0
0.9913899302482605 0.11359120905399323 -0.06513827294111252 -0.052692268043756485 -0.10771818459033966 0.9903214573860168 0.08752283453941345 0.0017474588239565492 0.07444965839385986 -0.07975268363952637 0.9940305352210999 0.20300133526325226 0.0 0.0 0.0 1.0
0.9913707971572876 0.11359962821006775 -0.06541413813829422 -0.05199635773897171 -0.1077643483877182 0.9903864860534668 0.08672604709863663 0.0021959186997264624 0.07463732361793518 -0.07892835885286331 0.9940822720527649 0.2007889598608017 0.0 0.0 0.0 1.0
0.9915270805358887 0.11343872547149658 -0.06329049170017242 -0.051402684301137924 -0.10779698193073273 0.9904125332832336 0.0863875299692154 0.002444807905703783 0.07248339056968689 -0.07883305102586746 0.9942492246627808 0.19833222031593323 0.0 0.0 0.0 1.0
0.991413414478302 0.1136942133307457 -0.06459937989711761 -0.05069630220532417 -0.10806114971637726 0.9905149340629578 0.08486995100975037 0.002943148836493492 0.07363587617874146 -0.07716052234172821 0.9942957162857056 0.1960338056087494 0.0 0.0 0.0 1.0
0.9915738105773926 0.11215545982122421 -0.06482681632041931 -0.05011622607707977 -0.10646216571331024 0.9906371235847473 0.0854625254869461 0.003387155244126916 0.07380493730306625 -0.07784079760313034 0.9942301511764526 0.19403721392154694 0.0 0.0 0.0 1.0
0.991759717464447 0.11139597743749619 -0.0632743388414383 -0.049491144716739655 -0.10572599619626999 0.9905974864959717 0.08682505786418915 0.0037856879644095898 0.0723513662815094 -0.07941985130310059 0.9942121505737305 0.19132235646247864 0.0 0.0 0.0 1.0
0.9916166663169861 0.11210959404706955 -0.0642484575510025 -0.04896028712391853 -0.10676375031471252 0.9909511208534241 0.08134704828262329 0.003735290840268135 0.07278686761856079 -0.07380568236112595 0.9946128726005554 0.18938183784484863 0.0 0.0 0.0 1.0
0.9918190836906433 0.11130954325199127 -0.06249099597334862 -0.048136502504348755 -0.1059034988284111 0.9908202290534973 0.08402236551046371 0.004115586169064045 0.07126983255147934 -0.07671697437763214 0.9945024251937866 0.18668058514595032 0.0 0.0 0.0 1.0
0.9917895793914795 0.11041441559791565 -0.06451465934515 -0.04775645211338997 -0.10481542348861694 0.9908920526504517 0.0845377966761589 0.004246641416102648 0.07326125353574753 -0.07708156853914261 0.9943295121192932 0.1842457503080368 0.0 0.0 0.0 1.0
0.9917626976966858 0.11099737137556076 -0.06392425298690796 -0.047253869473934174 -0.10581695288419724 0.9912096261978149 0.07941199094057083 0.00380160310305655 0.07217685878276825 -0.07199358195066452 0.9947901368141174 0.1821892112493515 0.0 0.0 0.0 1.0
0.9918743968009949 0.11072209477424622 -0.06265634298324585 -0.04692014679312706 -0.10555222630500793 0.9911457300186157 0.08055336773395538 0.003646944183856249 0.07102060317993164 -0.073285311460495 0.9947790503501892 0.18004801869392395 0.0 0.0 0.0 1.0
0.991872251033783 0.11077078431844711 -0.06260371953248978 -0.04648105800151825 -0.10539655387401581 0.9909213781356812 0.08346500247716904 0.003446857677772641 0.07128085196018219 -0.07618840038776398 0.9945423007011414 0.17777708172798157 0.0 0.0 0.0 1.0
0.9915809631347656 0.11198259145021439 -0.06501654535531998 -0.04624463617801666 -0.10693848878145218 0.9913198947906494 0.0764790028333664 0.0022714438382536173 0.07301650941371918 -0.06888234615325928 0.9949491620063782 0.17421863973140717 0.0 0.0 0.0 1.0
0.9917998909950256 0.11055099964141846 -0.06412044167518616 -0.046234358102083206 -0.10558513551950455 0.9914816617965698 0.07626208662986755 0.001958188833668828 0.07200508564710617 -0.06886656582355499 0.9950239658355713 0.17217859625816345 0.0 0.0 0.0 1.0
0.991720974445343 0.11052373051643372 -0.06537558883428574 -0.04621517285704613 -0.1054619699716568 0.9914851784706116 0.07638624310493469 0.0018173138378188014 0.07326142489910126 -0.06885920464992523 0.9949327707290649 0.17023958265781403 0.0 0.0 0.0 1.0
0.9918379187583923 0.10883572697639465 -0.06642566621303558 -0.04633120074868202 -0.10388784855604172 0.9918408989906311 0.07388448715209961 0.001449724193662405 0.0739249661564827 -0.06638061255216599 0.9950520992279053 0.1685013622045517 0.0 0.0 0.0 1.0
0.9918227791786194 0.10928936302661896 -0.06590475887060165 -0.04607902094721794 -0.10422524064779282 0.9916512370109558 0.07592727988958359 0.0016489443369209766 0.07365258038043976 -0.06843746453523636 0.9949329495429993 0.16655540466308594 0.0 0.0 0.0 1.0
0.991943359375 0.10961440950632095 -0.0635066106915474 -0.046038899570703506 -0.10463237017393112 0.991519033908844 0.07708480209112167 0.0016078314511105418 0.07141762226819992 -0.0698189064860344 0.9949999451637268 0.16444432735443115 0.0 0.0 0.0 1.0
0.9917598962783813 0.11044032871723175 -0.06492464989423752 -0.046102579683065414 -0.10545026510953903 0.9915289282798767 0.07583310455083847 0.0014896473148837686 0.07274970412254333 -0.06836190819740295 0.9950045943260193 0.16227591037750244 0.0 0.0 0.0 1.0
0.991656482219696 0.11026180535554886 -0.06678105890750885 -0.046289678663015366 -0.10506877303123474 0.9914917945861816 0.07684128731489182 0.001525817671790719 0.07468552887439728 -0.06918355822563171 0.9948043823242188 0.16064690053462982 0.0 0.0 0.0 1.0
0.9916789531707764 0.11035572737455368 -0.0662912130355835 -0.046396803110837936 -0.10525250434875488 0.9915300011634827 0.076093390583992 0.001330608269199729 0.07412707060575485 -0.0684828907251358 0.9948946237564087 0.15900970995426178 0.0 0.0 0.0 1.0
0.9916311502456665 0.11085823178291321 -0.06616704910993576 -0.04634464532136917 -0.10606994479894638 0.9917512536048889 0.07196232676506042 0.0012168774846941233 0.07359887659549713 -0.06434174627065659 0.9952102303504944 0.15662552416324615 0.0 0.0 0.0 1.0
0.9916117191314697 0.11154235154390335 -0.06530308723449707 -0.0463784821331501 -0.10624256730079651 0.9911429286003113 0.07967530936002731 0.0013708354672417045 0.07361187040805817 -0.07206900417804718 0.9946795105934143 0.15438605844974518 0.0 0.0 0.0 1.0
0.9914073348045349 0.11261983960866928 -0.06654496490955353 -0.04609265550971031 -0.10733005404472351 0.9911320209503174 0.07834287732839584 0.001052961335517466 0.07477780431509018 -0.07052742689847946 0.9947030544281006 0.15272556245326996 0.0 0.0 0.0 1.0
0.9914573431015015 0.11173688620328903 -0.06728436797857285 -0.04668738320469856 -0.10652855038642883 0.9913563132286072 0.07657868415117264 0.0006220380892045796 0.07525944709777832 -0.06875679641962051 0.9947906732559204 0.1505436897277832 0.0 0.0 0.0 1.0
0.9914650917053223 0.11117594689130783 -0.06809483468532562 -0.04692593961954117 -0.10572624206542969 0.9912521839141846 0.07900045812129974 0.0008305424707941711 0.07628210633993149 -0.071126788854599 0.994546115398407 0.14842717349529266 0.0 0.0 0.0 1.0
0.9915958046913147 0.10891946405172348 -0.0698162168264389 -0.04714752733707428 -0.10390711575746536 0.9919914603233337 0.07180730998516083 0.0001452443393645808 0.07707830518484116 -0.06394942849874496 0.9949720501899719 0.14486469328403473 0.0 0.0 0.0 1.0
0.9915083050727844 0.1088741272687912 -0.07111795246601105 -0.047309424728155136 -0.10370828211307526 0.9919477105140686 0.07269363105297089 4.230821559758624e-06 0.07845974713563919 -0.06470081955194473 0.994815468788147 0.14116011559963226 0.0 0.0 0.0 1.0
0.9913997650146484 0.10971671342849731 -0.07133517414331436 -0.047389592975378036 -0.1044948548078537 0.9918258786201477 0.07322755455970764 -0.00012752547627314925 0.07878635823726654 -0.06514362245798111 0.9947608113288879 0.13921429216861725 0.0 0.0 0.0 1.0
0.9914676547050476 0.10984940826892853 -0.07017850130796432 -0.04709329456090927 -0.10473698377609253 0.9918319582939148 0.07279755175113678 -0.00039551855297759175 0.07760205119848251 -0.0648261308670044 0.9948745965957642 0.13746775686740875 0.0 0.0 0.0 1.0
0.9916344285011292 0.10976984351873398 -0.06791002303361893 -0.04659338667988777 -0.10490886867046356 0.9919131398200989 0.07143139839172363 -8.326843817485496e-05 0.0752018615603447 -0.06370946764945984 0.9951310157775879 0.13352535665035248 0.0 0.0 0.0 1.0
0.991406261920929 0.11228613555431366 -0.06712258607149124 -0.04620219022035599 -0.10719064623117447 0.991388201713562 0.07523056119680405 -0.00044657025136984885 0.07499188929796219 -0.06738913804292679 0.9949044585227966 0.13173510134220123 0.0 0.0 0.0 1.0
0.9913030862808228 0.1121477335691452 -0.06885536015033722 -0.04622488468885422 -0.1070437878370285 0.9915102124214172 0.07381822913885117 -0.0007869694964028895 0.07654933631420135 -0.06580570340156555 0.994891881942749 0.13014023005962372 0.0 0.0 0.0 1.0
0.9912319183349609 0.1111990362405777 -0.07137257605791092 -0.04588225856423378 -0.10654526203870773 0.9921144843101501 0.06600724905729294 -0.0007692482322454453 0.0781497061252594 -0.057824086397886276 0.9952632784843445 0.12810006737709045 0.0 0.0 0.0 1.0
0.9912958741188049 0.11145547777414322 -0.07007265836000443 -0.04573388025164604 -0.1066175103187561 0.9918774962425232 0.06936634331941605 -0.0006470995140261948 0.07723475992679596 -0.06129159405827522 0.9951272010803223 0.12609679996967316 0.0 0.0 0.0 1.0
0.9910150170326233 0.11350785940885544 -0.07074771076440811 -0.045849449932575226 -0.1083889752626419 0.9914665818214417 0.07242845743894577 -0.0005023987032473087 0.07836519181728363 -0.06410941481590271 0.9948612451553345 0.12209858745336533 0.0 0.0 0.0 1.0
0.9907581806182861 0.11464536935091019 -0.0724886953830719 -0.04580042511224747 -0.1094159483909607 0.9913545250892639 0.07241757959127426 -0.0003711313474923372 0.080164335668087 -0.06381689012050629 0.9947366714477539 0.12008852511644363 0.0 0.0 0.0 1.0
0.99092036485672 0.11311548203229904 -0.07267522066831589 -0.04570150747895241 -0.10789790004491806 0.9915432929992676 0.07211083173751831 -0.00028969888808205724 0.08021747320890427 -0.06361458450555801 0.9947453737258911 0.11875301599502563 0.0 0.0 0.0 1.0
0.9907171130180359 0.11293777823448181 -0.0756615400314331 -0.04588860645890236 -0.1076369509100914 0.9916644096374512 0.07082338631153107 -0.00025352847296744585 0.08302949368953705 -0.06202196702361107 0.9946151971817017 0.11712399870157242 0.0 0.0 0.0 1.0
0.9906731843948364 0.11240013688802719 -0.07702501863241196 -0.04549876227974892 -0.10684671252965927 0.9916074872016907 0.07278990000486374 0.000471646519144997 0.08456017822027206 -0.06388113647699356 0.9943685531616211 0.11387252062559128 0.0 0.0 0.0 1.0
0.9905821681022644 0.11332976818084717 -0.07683315128087997 -0.04516816884279251 -0.10756932199001312 0.9913358688354492 0.07537905126810074 0.0005619857693091035 0.08471015095710754 -0.06640425324440002 0.9941904544830322 0.11210544407367706 0.0 0.0 0.0 1.0
0.9904763102531433 0.11207311600446701 -0.0799771323800087 -0.04495943337678909 -0.10647149384021759 0.9917647838592529 0.07117883861064911 0.0006841806462034583 0.08729573339223862 -0.06198566406965256 0.99425208568573 0.11069069802761078 0.0 0.0 0.0 1.0
0.9904736876487732 0.1120166927576065 -0.08008866012096405 -0.044731076806783676 -0.10639610886573792 0.9917631149291992 0.07131452858448029 0.0005749494885094464 0.08741739392280579 -0.06211404502391815 0.9942333698272705 0.10867924988269806 0.0 0.0 0.0 1.0
0.9908198118209839 0.11136016994714737 -0.07664849609136581 -0.04464595019817352 -0.10565099865198135 0.991578221321106 0.07490324974060059 0.0004883627989329398 0.08434422314167023 -0.06611763685941696 0.9942406415939331 0.10584989935159683 0.0 0.0 0.0 1.0
0.9905930757522583 0.11305343359708786 -0.07709915935993195 -0.04488426074385643 -0.10713741928339005 0.9912590384483337 0.07698726654052734 0.00024317990755662322 0.08512891083955765 -0.068002849817276 0.9940466284751892 0.10312169790267944 0.0 0.0 0.0 1.0
0.9904286861419678 0.1140613779425621 -0.07772424072027206 -0.04475339874625206 -0.1086370050907135 0.9915584921836853 0.0707799643278122 -0.0012499424628913403 0.0851413905620575 -0.06165877729654312 0.9944592118263245 0.09773899614810944 0.0 0.0 0.0 1.0
0.9902607202529907 0.11585155874490738 -0.0772145539522171 -0.04469053074717522 -0.10987214744091034 0.9909075498580933 0.07765515893697739 -0.0017674794653430581 0.08550895750522614 -0.06841512769460678 0.9939857125282288 0.09465707838535309 0.0 0.0 0.0 1.0
0.9899449348449707 0.11694905161857605 -0.07957368344068527 -0.044589560478925705 -0.11100514978170395 0.9909533262252808 0.07542775571346283 -0.002715920563787222 0.08767501264810562 -0.06583623588085175 0.9939711689949036 0.09191112220287323 0.0 0.0 0.0 1.0
0.989778995513916 0.11719392240047455 -0.08125986158847809 -0.044474318623542786 -0.1118941605091095 0.9914603233337402 0.06697818636894226 -0.00440371735021472 0.08841536939144135 -0.057201094925403595 0.9944398999214172 0.0894356295466423 0.0 0.0 0.0 1.0
0.9895718693733215 0.11777602136135101 -0.08292350172996521 -0.04425305873155594 -0.11211808770895004 0.9912346601486206 0.069880910217762 -0.00526151480153203 0.09042694419622421 -0.05985495448112488 0.9941027760505676 0.08652440458536148 0.0 0.0 0.0 1.0
0.9897400736808777 0.11636689305305481 -0.08290542662143707 -0.04428573697805405 -0.11066905409097672 0.9913674592971802 0.07030603289604187 -0.006559169851243496 0.0903710350394249 -0.060409631580114365 0.9940743446350098 0.08379218727350235 0.0 0.0 0.0 1.0
0.9890875220298767 0.11643412709236145 -0.09027185291051865 -0.0444222167134285 -0.11087621748447418 0.9917500019073486 0.0643308088183403 -0.007933896034955978 0.09701741486787796 -0.05361979454755783 0.993837296962738 0.08100265264511108 0.0 0.0 0.0 1.0
0.9892373085021973 0.11180729418992996 -0.09438581019639969 -0.044614605605602264 -0.10613949596881866 0.9923478960990906 0.06308774650096893 -0.009222478605806828 0.10071723163127899 -0.0523906871676445 0.9935347437858582 0.07767511159181595 0.0 0.0 0.0 1.0
0.9888961315155029 0.1167166531085968 -0.09198706597089767 -0.043789658695459366 -0.11060065776109695 0.9914661049842834 0.06901020556688309 -0.01029379665851593 0.09925670176744461 -0.058070097118616104 0.993366003036499 0.07448109239339828 0.0 0.0 0.0 1.0
0.9886265397071838 0.1147305816411972 -0.09723380953073502 -0.04426474869251251 -0.10956811904907227 0.9923502802848816 0.05688323453068733 -0.011509502306580544 0.10301624238491058 -0.04558255150914192 0.9936347007751465 0.07243993133306503 0.0 0.0 0.0 1.0
0.9888710975646973 0.113226979970932 -0.09650672972202301 -0.04451774060726166 -0.10805025696754456 0.9924930930137634 0.057293590158224106 -0.012344444170594215 0.10226944833993912 -0.046228401362895966 0.9936819672584534 0.06913556158542633 0.0 0.0 0.0 1.0
0.9885910749435425 0.11604804545640945 -0.09602370858192444 -0.0443129688501358 -0.11083918064832687 0.9921488165855408 0.05792633816599846 -0.013215813785791397 0.10199204087257385 -0.046622272580862045 0.9936921000480652 0.06644692271947861 0.0 0.0 0.0 1.0
0.9880996942520142 0.11780227720737457 -0.09890231490135193 -0.04417457431554794 -0.11255880445241928 0.9920065999031067 0.05703924223780632 -0.014050920493900776 0.10483109951019287 -0.045228127390146255 0.9934610724449158 0.0633063092827797 0.0 0.0 0.0 1.0
0.9882503747940063 0.11709921061992645 -0.09822893887758255 -0.0442751944065094 -0.11168580502271652 0.9919949173927307 0.058926403522491455 -0.015189813449978828 0.10434284061193466 -0.047263264656066895 0.9934177398681641 0.06030917540192604 0.0 0.0 0.0 1.0
0.9884951114654541 0.11460179835557938 -0.09871117025613785 -0.04411454126238823 -0.10920905321836472 0.9923005104064941 0.05842107906937599 -0.015593970194458961 0.10464631021022797 -0.046968795359134674 0.9933997392654419 0.05742112174630165 0.0 0.0 0.0 1.0
0.9881372451782227 0.11387293040752411 -0.10304222255945206 -0.043882813304662704 -0.10877478122711182 0.9926078915596008 0.0538298524916172 -0.01640188694000244 0.10841028392314911 -0.04198288917541504 0.9932193160057068 0.05442386120557785 0.0 0.0 0.0 1.0
0.988124430179596 0.11303868889808655 -0.1040787324309349 -0.04376981034874916 -0.10768739134073257 0.9926236867904663 0.055691853165626526 -0.01742294616997242 0.10960635542869568 -0.0438225157558918 0.993008553981781 0.051404811441898346 0.0 0.0 0.0 1.0
0.9880969524383545 0.11143334954977036 -0.10605210810899734 -0.04352761432528496 -0.10618975758552551 0.9928846955299377 0.05388575419783592 -0.018180981278419495 0.11130218952894211 -0.041982702910900116 0.9928994178771973 0.04832151532173157 0.0 0.0 0.0 1.0
0.9882065653800964 0.10950160771608353 -0.10703813284635544 -0.043159112334251404 -0.10404958575963974 0.9930349588394165 0.05527409538626671 -0.018884683027863503 0.11234521120786667 -0.04348495230078697 0.9927172660827637 0.044936396181583405 0.0 0.0 0.0 1.0
0.9883296489715576 0.10637786239385605 -0.10903316736221313 -0.04283628985285759 -0.10069895535707474 0.9933201670646667 0.05634533241391182 -0.01899867132306099 0.1142987385392189 -0.044708237051963806 0.9924399256706238 0.04153892770409584 0.0 0.0 0.0 1.0
0.9880770444869995 0.10751423984766006 -0.11020159721374512 -0.04241344332695007 -0.1017063707113266 0.9931772947311401 0.05704972520470619 -0.019666017964482307 0.1155833825469017 -0.04516132175922394 0.9922705888748169 0.03887888044118881 0.0 0.0 0.0 1.0
0.9881085753440857 0.10711201280355453 -0.1103108823299408 -0.041902393102645874 -0.1008007824420929 0.9930164813995361 0.06129837408661842 -0.01984812505543232 0.116106316447258 -0.04945002496242523 0.9920050501823425 0.03558105602860451 0.0 0.0 0.0 1.0
0.9880470633506775 0.1056605651974678 -0.11224444955587387 -0.041535697877407074 -0.09897870570421219 0.9930590987205505 0.06353601813316345 -0.01997563987970352 0.11817862093448639 -0.05166676640510559 0.9916473031044006 0.03299469128251076 0.0 0.0 0.0 1.0
0.9875971674919128 0.10644696652889252 -0.11541611701250076 -0.04129217937588692 -0.09973566979169846 0.9930517673492432 0.062458187341690063 -0.020402487367391586 0.12126266211271286 -0.05017242208123207 0.9913516640663147 0.03033602610230446 0.0 0.0 0.0 1.0
0.9872317314147949 0.10737290233373642 -0.11766286939382553 -0.040882039815187454 -0.10026241093873978 0.9928495287895203 0.06478594243526459 -0.02045297622680664 0.12377777695655823 -0.052161574363708496 0.9909380674362183 0.02721845731139183 0.0 0.0 0.0 1.0
0.9867047071456909 0.10876377671957016 -0.12076512724161148 -0.03977663815021515 -0.10130131989717484 0.9926428198814392 0.06631956249475479 -0.02093043178319931 0.12708979845046997 -0.05320415645837784 0.9904632568359375 0.022194502875208855 0.0 0.0 0.0 1.0
0.9866374731063843 0.10833516716957092 -0.12169613689184189 -0.039328403770923615 -0.10220262408256531 0.9932102560997009 0.05557001754641533 -0.021411826834082603 0.12689003348350525 -0.04238979518413544 0.9910106062889099 0.019412895664572716 0.0 0.0 0.0 1.0
0.9867244362831116 0.10991672426462173 -0.11955398321151733 -0.038499925285577774 -0.10300272703170776 0.9927112460136414 0.06256807595491409 -0.021399028599262238 0.12555986642837524 -0.04942306503653526 0.9908542037010193 0.01615046337246895 0.0 0.0 0.0 1.0
0.9867872595787048 0.11022014170885086 -0.11875377595424652 -0.03795233741402626 -0.10268570482730865 0.9923993945121765 0.06781642884016037 -0.021889541298151016 0.12532591819763184 -0.054726071655750275 0.9906051158905029 0.013375657610595226 0.0 0.0 0.0 1.0
0.9862797856330872 0.10993985086679459 -0.12314780056476593 -0.037613917142152786 -0.10260344296693802 0.992633581161499 0.06442896276712418 -0.02241169661283493 0.12932395935058594 -0.05090959742665291 0.9902946949005127 0.010673283599317074 0.0 0.0 0.0 1.0
0.9858649373054504 0.11149802803993225 -0.12505410611629486 -0.037055861204862595 -0.10387492179870605 0.9924030303955078 0.06592615693807602 -0.022852327674627304 0.1314547061920166 -0.05200430005788803 0.9899571537971497 0.0078124417923390865 0.0 0.0 0.0 1.0
0.9857728481292725 0.11261595785617828 -0.1247779056429863 -0.036651067435741425 -0.10494638234376907 0.9922558665275574 0.06644242256879807 -0.023410746827721596 0.13129408657550812 -0.05240214616060257 0.9899575114250183 0.0055620395578444 0.0 0.0 0.0 1.0
0.9853413105010986 0.11384279280900955 -0.12705260515213013 -0.0356733463704586 -0.10577817261219025 0.9920252561569214 0.0685332864522934 -0.02345690131187439 0.13384142518043518 -0.05408928170800209 0.989525556564331 0.002980967750772834 0.0 0.0 0.0 1.0
0.985461950302124 0.11210203170776367 -0.12766312062740326 -0.03493620455265045 -0.10394877195358276 0.9921966791152954 0.06885074824094772 -0.023684345185756683 0.13438522815704346 -0.054579365998506546 0.9894249439239502 0.0007304365863092244 0.0 0.0 0.0 1.0
0.9863641262054443 0.1066787987947464 -0.12532158195972443 -0.033877182751894 -0.0992869958281517 0.9930091500282288 0.06383496522903442 -0.023630691692233086 0.13125531375408173 -0.050521716475486755 0.9900603890419006 -0.0014341875212267041 0.0 0.0 0.0 1.0
0.9853047132492065 0.10965856909751892 -0.13095664978027344 -0.032963600009679794 -0.10141371190547943 0.9925128817558289 0.06806934624910355 -0.02430732175707817 0.1374405473470688 -0.05378825217485428 0.9890484809875488 -0.003923672717064619 0.0 0.0 0.0 1.0
0.985643208026886 0.10852723568677902 -0.12934193015098572 -0.03190746530890465 -0.1001896783709526 0.9925498366355896 0.0693310797214508 -0.02446235902607441 0.13590262830257416 -0.05537698045372963 0.9891733527183533 -0.0063258688896894455 0.0 0.0 0.0 1.0
0.9857617020606995 0.10793410241603851 -0.12893426418304443 -0.031076990067958832 -0.09968376159667969 0.9926355481147766 0.06883188337087631 -0.02466261014342308 0.1354140341281891 -0.05499918386340141 0.9892613887786865 -0.00843304954469204 0.0 0.0 0.0 1.0
0.9857180118560791 0.10943621397018433 -0.127998948097229 -0.029866918921470642 -0.10055596381425858 0.9921820759773254 0.07391335070133209 -0.025244098156690598 0.1350870579481125 -0.0599866658449173 0.9890162348747253 -0.010715066455304623 0.0 0.0 0.0 1.0
0.9859208464622498 0.11315473169088364 -0.12311018258333206 -0.027540111914277077 -0.10405681282281876 0.9915083646774292 0.07799580693244934 -0.026434261351823807 0.1308903694152832 -0.06408723443746567 0.9893232583999634 -0.015422451309859753 0.0 0.0 0.0 1.0
0.9857197403907776 0.11434905230998993 -0.12361565977334976 -0.026829008013010025 -0.10565036535263062 0.9915867447853088 0.07479109615087509 -0.027723083272576332 0.13112793862819672 -0.060663022100925446 0.9895076751708984 -0.01724543422460556 0.0 0.0 0.0 1.0
0.9855202436447144 0.11616519093513489 -0.12351322174072266 -0.026142403483390808 -0.10738477855920792 0.9913439154624939 0.07553667575120926 -0.02877611666917801 0.1312188059091568 -0.06117948144674301 0.9894638657569885 -0.019864536821842194 0.0 0.0 0.0 1.0
0.9855180382728577 0.11724171787500381 -0.12250961363315582 -0.025445329025387764 -0.10828004777431488 0.9911001324653625 0.07743341475725174 -0.02977927029132843 0.13049772381782532 -0.06304667890071869 0.989441990852356 -0.022569674998521805 0.0 0.0 0.0 1.0
0.9855753183364868 0.11583935469388962 -0.1233794242143631 -0.025104671716690063 -0.10736990720033646 0.9915181994438171 0.07323503494262695 -0.030968165025115013 0.13081644475460052 -0.05893140658736229 0.9896535277366638 -0.02472849003970623 0.0 0.0 0.0 1.0
0.9855607748031616 0.11738789081573486 -0.12202492356300354 -0.025373907759785652 -0.10771467536687851 0.9907047152519226 0.08307629823684692 -0.032270364463329315 0.1306428164243698 -0.0687328651547432 0.9890441298484802 -0.028421970084309578 0.0 0.0 0.0 1.0
0.9852750897407532 0.11712269484996796 -0.12456037849187851 -0.025797970592975616 -0.10791782289743423 0.9910744428634644 0.0782637968659401 -0.03356785327196121 0.1326150745153427 -0.06366908550262451 0.9891205430030823 -0.031317949295043945 0.0 0.0 0.0 1.0
0.985312819480896 0.11654414236545563 -0.12480428069829941 -0.026378614827990532 -0.1072433739900589 0.991102397441864 0.07883469015359879 -0.035101268440485 0.1328815370798111 -0.06429240107536316 0.9890444874763489 -0.0351833701133728 0.0 0.0 0.0 1.0
0.9851117730140686 0.11404673010110855 -0.1286395937204361 -0.028444774448871613 -0.10494516789913177 0.9916108846664429 0.07546090334653854 -0.037682224065065384 0.1361664980649948 -0.06083732098340988 0.9888162016868591 -0.042277708649635315 0.0 0.0 0.0 1.0
0.9845149517059326 0.11463318020105362 -0.1326255351305008 -0.02971642091870308 -0.10569794476032257 0.9917460680007935 0.0725787878036499 -0.03906561806797981 0.13985078036785126 -0.05743665620684624 0.9885053038597107 -0.046140238642692566 0.0 0.0 0.0 1.0
0.9844772219657898 0.11273206770420074 -0.134521484375 -0.030881378799676895 -0.10399065166711807 0.9920871257781982 0.07035008817911148 -0.040163252502679825 0.14138774573802948 -0.055269088596105576 0.988410234451294 -0.04970788210630417 0.0 0.0 0.0 1.0
0.9843297004699707 0.11188831180334091 -0.13629409670829773 -0.032413896173238754 -0.10317536443471909 0.9922378659248352 0.06941787898540497 -0.04095226898789406 0.14300322532653809 -0.05426788702607155 0.9882333278656006 -0.053373783826828 0.0 0.0 0.0 1.0
0.9844406843185425 0.11102666705846786 -0.13619685173034668 -0.03393305838108063 -0.10220897197723389 0.9922876954078674 0.07013173401355743 -0.04148271679878235 0.1429329514503479 -0.055119991302490234 0.9881963133811951 -0.0568881519138813 0.0 0.0 0.0 1.0
0.9832727909088135 0.1145009770989418 -0.141648069024086 -0.03526242449879646 -0.10558519512414932 0.9920163750648499 0.06895823776721954 -0.04220378026366234 0.14841300249099731 -0.05284881591796875 0.9875123500823975 -0.06048993766307831 0.0 0.0 0.0 1.0
0.9829738140106201 0.11546775698661804 -0.14293240010738373 -0.03651205450296402 -0.10674472153186798 0.9920070171356201 0.06728749722242355 -0.04270253702998161 0.14955948293209076 -0.05088456720113754 0.9874424934387207 -0.06348821520805359 0.0 0.0 0.0 1.0
0.9834092855453491 0.11225087195634842 -0.14249874651432037 -0.03738144412636757 -0.10445968061685562 0.9926535487174988 0.06105037033557892 -0.04270710051059723 0.14830484986305237 -0.045152127742767334 0.9879103899002075 -0.06696731597185135 0.0 0.0 0.0 1.0
0.9836357235908508 0.1115790531039238 -0.1414596140384674 -0.03821273148059845 -0.10425309836864471 0.9928461313247681 0.05820564925670624 -0.04314257204532623 0.1469421535730362 -0.04250555485486984 0.988231360912323 -0.07011045515537262 0.0 0.0 0.0 1.0
0.9833087921142578 0.1132238507270813 -0.1424223929643631 -0.03911196440458298 -0.10651874542236328 0.9928498864173889 0.05387825891375542 -0.04341927915811539 0.14750435948371887 -0.037808313965797424 0.9883385300636292 -0.07351850718259811 0.0 0.0 0.0 1.0
0.9835153818130493 0.11409154534339905 -0.1402875781059265 -0.039847031235694885 -0.10744678229093552 0.9927386045455933 0.05408547446131706 -0.04361886903643608 0.14543958008289337 -0.03812044858932495 0.9886324405670166 -0.07628072053194046 0.0 0.0 0.0 1.0
0.9833760857582092 0.11443027853965759 -0.1409866213798523 -0.040670305490493774 -0.10953715443611145 0.993094265460968 0.04201695695519447 -0.04430369660258293 0.14482101798057556 -0.025875195860862732 0.9891194701194763 -0.07840515673160553 0.0 0.0 0.0 1.0
0.9854249954223633 0.10922320187091827 -0.1304141730070114 -0.041231170296669006 -0.10496826469898224 0.9937071204185486 0.03908718377351761 -0.04428573697805405 0.1338627189397812 -0.024828139692544937 0.9906888008117676 -0.08194988965988159 0.0 0.0 0.0 1.0
0.9858170747756958 0.11337143927812576 -0.12374026328325272 -0.041497793048620224 -0.1089785173535347 0.9931676983833313 0.0417323000729084 -0.043505895882844925 0.12762609124183655 -0.027655383571982384 0.9914367198944092 -0.08583071082830429 0.0 0.0 0.0 1.0
0.9856072664260864 0.11671605706214905 -0.12229360640048981 -0.042070694267749786 -0.11127559095621109 0.9925090670585632 0.05043363943696022 -0.043415315449237823 0.12726391851902008 -0.03609946742653847 0.9912117719650269 -0.08910234272480011 0.0 0.0 0.0 1.0
0.9856112003326416 0.11879733949899673 -0.12024056911468506 -0.042687468230724335 -0.11346513032913208 0.9922686219215393 0.05028562620282173 -0.043311212211847305 0.12528474628925323 -0.035918962210416794 0.9914703965187073 -0.09318507462739944 0.0 0.0 0.0 1.0
0.9855820536613464 0.12036515027284622 -0.11891266703605652 -0.04296364262700081 -0.11615388095378876 0.9923530220985413 0.04175790026783943 -0.04357917979359627 0.12302953749895096 -0.027343671768903732 0.9920262098312378 -0.09686093777418137 0.0 0.0 0.0 1.0
0.9855912327766418 0.12315069139003754 -0.11594776809215546 -0.04357127100229263 -0.11831311881542206 0.9918278455734253 0.047744885087013245 -0.043756380677223206 0.12088003754615784 -0.033338796347379684 0.992107093334198 -0.10145433992147446 0.0 0.0 0.0 1.0
0.9858129620552063 0.12268990278244019 -0.11454250663518906 -0.04363136366009712 -0.11776372045278549 0.9918392896652222 0.04885226860642433 -0.04360727220773697 0.11960143595933914 -0.03467024862766266 0.9922164678573608 -0.10625685751438141 0.0 0.0 0.0 1.0
0.9849541783332825 0.12154962122440338 -0.12284507602453232 -0.045516498386859894 -0.11712551862001419 0.9922012090682983 0.04264239966869354 -0.0433487594127655 0.12707020342350006 -0.02761251851916313 0.9915093183517456 -0.1136588454246521 0.0 0.0 0.0 1.0
0.9843345880508423 0.12138381600379944 -0.12787270545959473 -0.04663226753473282 -0.11649620532989502 0.9921684265136719 0.04506005346775055 -0.04253232479095459 0.13234083354473114 -0.02945748157799244 0.9907664656639099 -0.11831915378570557 0.0 0.0 0.0 1.0
0.984287679195404 0.11930383741855621 -0.13017061352729797 -0.048020243644714355 -0.11546515673398972 0.9926341772079468 0.03667600080370903 -0.04099029302597046 0.13358739018440247 -0.021069563925266266 0.9908130168914795 -0.12538142502307892 0.0 0.0 0.0 1.0
0.9840360879898071 0.1201535239815712 -0.1312863826751709 -0.04844970628619194 -0.11560576409101486 0.9924170970916748 0.0417572520673275 -0.03995637968182564 0.1353081315755844 -0.025913180783391 0.9904646277427673 -0.1294834464788437 0.0 0.0 0.0 1.0
0.9840624332427979 0.11838220804929733 -0.1326906979084015 -0.04889721795916557 -0.1144426241517067 0.9927420616149902 0.03696046769618988 -0.03881354257464409 0.136103093624115 -0.02118593454360962 0.9904681444168091 -0.1331758201122284 0.0 0.0 0.0 1.0
0.9838023781776428 0.11871170997619629 -0.13431473076343536 -0.0489225871860981 -0.11485674977302551 0.9927250742912292 0.03612225875258446 -0.03839665278792381 0.13762573897838593 -0.02011021040380001 0.9902801513671875 -0.13665656745433807 0.0 0.0 0.0 1.0
0.98433518409729 0.11758802086114883 -0.13136716187000275 -0.04866862669587135 -0.11456921696662903 0.9929520487785339 0.030333004891872406 -0.03735395520925522 0.13400809466838837 -0.014807211235165596 0.9908695816993713 -0.14043787121772766 0.0 0.0 0.0 1.0
0.9843376874923706 0.11740465462207794 -0.13151216506958008 -0.04850732535123825 -0.11418334394693375 0.9929506182670593 0.03179977089166641 -0.036882683634757996 0.1343185156583786 -0.016285214573144913 0.9908043742179871 -0.1436319202184677 0.0 0.0 0.0 1.0
0.9842173457145691 0.11849744617938995 -0.13143271207809448 -0.0481337234377861 -0.11497343331575394 0.992782711982727 0.03411152958869934 -0.03662477061152458 0.13452625274658203 -0.018461888656020164 0.990738034248352 -0.1472725123167038 0.0 0.0 0.0 1.0
0.9843499064445496 0.11596127599477768 -0.13269592821598053 -0.048192065209150314 -0.11316521465778351 0.993168830871582 0.028448164463043213 -0.0362350232899189 0.13508833944797516 -0.012986385263502598 0.9907484650611877 -0.15030807256698608 0.0 0.0 0.0 1.0
0.9846131205558777 0.11569622904062271 -0.13096310198307037 -0.04780910164117813 -0.11336389183998108 0.9932351112365723 0.02515198290348053 -0.03529243916273117 0.1329871416091919 -0.009918486699461937 0.9910681247711182 -0.15610763430595398 0.0 0.0 0.0 1.0
0.9843515753746033 0.11628242582082748 -0.1324021965265274 -0.04766717553138733 -0.11404679715633392 0.9931764006614685 0.024371344596147537 -0.03504342958331108 0.13433268666267395 -0.008889926597476006 0.9908964037895203 -0.15931665897369385 0.0 0.0 0.0 1.0
0.9844752550125122 0.11740294098854065 -0.13048017024993896 -0.04744996502995491 -0.11509668081998825 0.9930370450019836 0.02510448917746544 -0.03465830162167549 0.13251899182796478 -0.009696912951767445 0.9911330342292786 -0.16197268664836884 0.0 0.0 0.0 1.0
0.9843514561653137 0.11623093485832214 -0.13244858384132385 -0.04729624465107918 -0.11460269242525101 0.9932125210762024 0.01987714134156704 -0.034028224647045135 0.13385993242263794 -0.004387127235531807 0.9909905791282654 -0.1648431271314621 0.0 0.0 0.0 1.0
0.9843838214874268 0.11681827157735825 -0.13168881833553314 -0.0470745824277401 -0.11523259431123734 0.993144690990448 0.019624583423137665 -0.03355690836906433 0.13307856023311615 -0.004143278580158949 0.9910968542098999 -0.16744863986968994 0.0 0.0 0.0 1.0
0.9840533137321472 0.11793345957994461 -0.13315710425376892 -0.04676717147231102 -0.11676428467035294 0.9930211901664734 0.01658300869166851 -0.03289959579706192 0.13418352603912354 -0.0007705703610554338 0.99095618724823 -0.16958719491958618 0.0 0.0 0.0 1.0
0.9848036170005798 0.11516573280096054 -0.12999479472637177 -0.046410299837589264 -0.11377108842134476 0.9933415651321411 0.018129421398043633 -0.03220156207680702 0.1312171220779419 -0.00306427082978189 0.991348922252655 -0.17239351570606232 0.0 0.0 0.0 1.0
0.9847395420074463 0.1151859313249588 -0.1304617077112198 -0.046135615557432175 -0.1144309788942337 0.9933422207832336 0.013293902389705181 -0.03202508017420769 0.13112439215183258 0.0018378287786617875 0.9913642406463623 -0.1746985912322998 0.0 0.0 0.0 1.0
0.9844402074813843 0.1177208200097084 -0.13045811653137207 -0.04582952335476875 -0.11711200326681137 0.9930418729782104 0.012356012128293514 -0.03169895336031914 0.1310049295425415 0.003114456543698907 0.9913768172264099 -0.17726178467273712 0.0 0.0 0.0 1.0
0.9844998717308044 0.11810901015996933 -0.12965461611747742 -0.04584844037890434 -0.11720094084739685 0.993000328540802 0.014638716354966164 -0.031408924609422684 0.13047604262828827 0.0007838293095119298 0.9914511442184448 -0.17953675985336304 0.0 0.0 0.0 1.0
0.9843977093696594 0.1147274449467659 -0.1334121823310852 -0.04571520537137985 -0.11514952033758163 0.9933376312255859 0.00457353750243783 -0.0303663183003664 0.13304805755615234 0.010860169306397438 0.9910500645637512 -0.18449510633945465 0.0 0.0 0.0 1.0
0.9846159815788269 0.11516126245260239 -0.13141240179538727 -0.04562562331557274 -0.11533074826002121 0.9933068752288818 0.006346258334815502 -0.030366715043783188 0.13126368820667267 0.008907262235879898 0.9913074970245361 -0.18727396428585052 0.0 0.0 0.0 1.0
0.9845706224441528 0.11748921871185303 -0.12968005239963531 -0.04512215033173561 -0.11754404753446579 0.9930411577224731 0.007257957477122545 -0.03039001300930977 0.12963037192821503 0.008097146637737751 0.9915293455123901 -0.19024817645549774 0.0 0.0 0.0 1.0
0.9847545623779297 0.11834032088518143 -0.12749116122722626 -0.044836755841970444 -0.11871993541717529 0.9929169416427612 0.004644310567528009 -0.03061733767390251 0.12713773548603058 0.010562236420810223 0.9918288588523865 -0.19325098395347595 0.0 0.0 0.0 1.0
0.985377311706543 0.11408483237028122 -0.12655523419380188 -0.04432438313961029 -0.11539805680513382 0.9933145642280579 -0.003069773083552718 -0.030468255281448364 0.1253589540719986 0.017629113048315048 0.9919548034667969 -0.19612418115139008 0.0 0.0 0.0 1.0
0.9850661158561707 0.11542809009552002 -0.1277541071176529 -0.04363424330949783 -0.11695688217878342 0.9931267499923706 -0.004504979122430086 -0.030437173321843147 0.12635602056980133 0.019379423931241035 0.9917956590652466 -0.19881169497966766 0.0 0.0 0.0 1.0
0.9859049320220947 0.11408288031816483 -0.12237884849309921 -0.043177779763936996 -0.1148940771818161 0.9933776259422302 0.0004309955984354019 -0.030201949179172516 0.12161757797002792 0.013635683804750443 0.992483377456665 -0.20222289860248566 0.0 0.0 0.0 1.0
0.9858862161636353 0.116207554936409 -0.1205160841345787 -0.042406775057315826 -0.11676423996686935 0.9931566119194031 0.002456486225128174 -0.029980508610606194 0.11997681111097336 0.011650152504444122 0.9927083253860474 -0.20583628118038177 0.0 0.0 0.0 1.0
0.9860239624977112 0.11651518195867538 -0.11908364295959473 -0.04152325168251991 -0.1172022819519043 0.993107259273529 0.0012413135264068842 -0.029872752726078033 0.1184074655175209 0.012732909992337227 0.9928834438323975 -0.2112453281879425 0.0 0.0 0.0 1.0
0.986493706703186 0.11606719344854355 -0.11557953804731369 -0.04091597720980644 -0.11697849631309509 0.9931338429450989 -0.0011099890107288957 -0.029818980023264885 0.11465711891651154 0.014615318737924099 0.9932976365089417 -0.21416223049163818 0.0 0.0 0.0 1.0
0.9865538477897644 0.1162104383111 -0.11492021381855011 -0.04001464694738388 -0.11681316792964935 0.9931527972221375 0.0014987917384132743 -0.02936646342277527 0.11430750787258148 0.011945555917918682 0.9933735728263855 -0.21936923265457153 0.0 0.0 0.0 1.0
0.9867334365844727 0.11602810770273209 -0.11355426907539368 -0.039810553193092346 -0.11724235862493515 0.9930950403213501 -0.004051116295158863 -0.029693594202399254 0.11230014264583588 0.017310742288827896 0.9935235381126404 -0.2227884829044342 0.0 0.0 0.0 1.0
0.987018883228302 0.1166168674826622 -0.11042769253253937 -0.03931107744574547 -0.11638085544109344 0.9931674003601074 0.008602646179497242 -0.02929079346358776 0.11067639291286469 0.004360695369541645 0.9938469529151917 -0.22807320952415466 0.0 0.0 0.0 1.0
0.9875006675720215 0.11365965008735657 -0.10919651389122009 -0.038942817598581314 -0.11386804282665253 0.9934864044189453 0.004345788154751062 -0.029540807008743286 0.10897918790578842 0.008142524398863316 0.9940106868743896 -0.23084662854671478 0.0 0.0 0.0 1.0
0.9868568778038025 0.11529026925563812 -0.11323271691799164 -0.03872266784310341 -0.11515890061855316 0.9933170676231384 0.0077224536798894405 -0.02976381592452526 0.11336631327867508 0.005418799351900816 0.993538498878479 -0.23583078384399414 0.0 0.0 0.0 1.0
0.986973226070404 0.11481117457151413 -0.112704336643219 -0.03871149942278862 -0.11401597410440445 0.9933872222900391 0.013497628271579742 -0.02965533174574375 0.11350873112678528 -0.000471702020149678 0.9935368895530701 -0.23878850042819977 0.0 0.0 0.0 1.0
0.987079381942749 0.11337640136480331 -0.11322598159313202 -0.03883999213576317 -0.11260555684566498 0.9935520887374878 0.013201357796788216 -0.0298597514629364 0.11399262398481369 -0.00028091410058550537 0.9934815764427185 -0.24159593880176544 0.0 0.0 0.0 1.0
0.9867826104164124 0.11426547914743423 -0.11490656435489655 -0.03904244676232338 -0.11375800520181656 0.9934477210044861 0.01098601520061493 -0.02986910194158554 0.1154089868068695 0.002230732934549451 0.993315577507019 -0.2445317506790161 0.0 0.0 0.0 1.0
0.9861368536949158 0.11661799997091293 -0.11804372817277908 -0.039452508091926575 -0.11622752249240875 0.9931701421737671 0.010210353881120682 -0.03003259375691414 0.11842821538448334 0.003651123493909836 0.9929559230804443 -0.24758216738700867 0.0 0.0 0.0 1.0
0.9851173758506775 0.1189371645450592 -0.12408740073442459 -0.039783697575330734 -0.11904984712600708 0.9928667545318604 0.006533169187605381 -0.029792675748467445 0.12397929280996323 0.008336647413671017 0.9922497868537903 -0.25271371006965637 0.0 0.0 0.0 1.0
0.9855337142944336 0.11775972694158554 -0.12188516557216644 -0.040294673293828964 -0.117441326379776 0.9930312633514404 0.009818358346819878 -0.029824551194906235 0.12219198793172836 0.0046380325220525265 0.9924956560134888 -0.25558388233184814 0.0 0.0 0.0 1.0
0.9840383529663086 0.12335261702537537 -0.1282678097486496 -0.04100966826081276 -0.12323654443025589 0.9923376441001892 0.008871788159012794 -0.02974327653646469 0.12837934494018555 0.007077101618051529 0.9916998744010925 -0.2612028121948242 0.0 0.0 0.0 1.0
0.9831339716911316 0.1251549869775772 -0.13335596024990082 -0.04163491725921631 -0.12530195713043213 0.9920915961265564 0.007323256693780422 -0.029902104288339615 0.13321787118911743 0.009510019794106483 0.9910411238670349 -0.26404425501823425 0.0 0.0 0.0 1.0
0.9826592206954956 0.12484895437955856 -0.13708984851837158 -0.04284774139523506 -0.12580855190753937 0.9920531511306763 0.0016767194028943777 -0.03056011162698269 0.13620975613594055 0.015599432401359081 0.9905571937561035 -0.270733505487442 0.0 0.0 0.0 1.0
0.9816134572029114 0.12453018128871918 -0.1446624994277954 -0.04442143812775612 -0.1257869154214859 0.992057204246521 0.00046271312749013305 -0.03149005025625229 0.14357109367847443 0.017742443829774857 0.9894809722900391 -0.2769269347190857 0.0 0.0 0.0 1.0
0.9815059304237366 0.1257551610469818 -0.14433206617832184 -0.045300811529159546 -0.1268165111541748 0.9919244647026062 0.0018600161420181394 -0.03245186805725098 0.1434004008769989 0.016478070989251137 0.9895275831222534 -0.28154340386390686 0.0 0.0 0.0 1.0
0.9807912707328796 0.12962983548641205 -0.1457551270723343 -0.046367041766643524 -0.13057281076908112 0.9914337992668152 0.0031197727657854557 -0.03383120521903038 0.14491097629070282 0.01597181148827076 0.9893158078193665 -0.2884005606174469 0.0 0.0 0.0 1.0
0.9803357124328613 0.12662526965141296 -0.1513535976409912 -0.04761955887079239 -0.12776371836662292 0.9918021559715271 0.002219176385551691 -0.03453865274786949 0.15039382874965668 0.017161961644887924 0.9884771704673767 -0.2916364073753357 0.0 0.0 0.0 1.0
0.9804564714431763 0.1223616898059845 -0.15405438840389252 -0.04914155229926109 -0.12435247004032135 0.9922325611114502 -0.003316539339721203 -0.03609461337327957 0.15245196223258972 0.02240876667201519 0.9880567789077759 -0.2979540228843689 0.0 0.0 0.0 1.0
0.9799134135246277 0.12577489018440247 -0.15475919842720032 -0.04913683608174324 -0.12635770440101624 0.9919659495353699 0.006104928907006979 -0.03585926815867424 0.15428370237350464 0.01357271708548069 0.987933337688446 -0.3021175265312195 0.0 0.0 0.0 1.0
0.980397641658783 0.1254083812236786 -0.15196451544761658 -0.04891493171453476 -0.12569694221019745 0.9920384287834167 0.007744891103357077 -0.03584164008498192 0.1517259180545807 0.011508401483297348 0.9883555769920349 -0.3053347170352936 0.0 0.0 0.0 1.0
0.9808797836303711 0.12006855010986328 -0.1531611680984497 -0.04884979873895645 -0.12127048522233963 0.9926183819770813 0.0015047943452373147 -0.03642307221889496 0.1522112637758255 0.01709790714085102 0.9882000684738159 -0.31147539615631104 0.0 0.0 0.0 1.0
0.9799846410751343 0.1203211173415184 -0.15859681367874146 -0.04803289473056793 -0.12090256065130234 0.9926461577415466 0.006013022735714912 -0.03582536429166794 0.15815401077270508 0.013282090425491333 0.987325131893158 -0.3167247176170349 0.0 0.0 0.0 1.0
0.980581521987915 0.11461734026670456 -0.15913128852844238 -0.04754434898495674 -0.11541878432035446 0.9933079481124878 0.004227848257869482 -0.03598473593592644 0.15855096280574799 0.014220990240573883 0.9872483611106873 -0.319663405418396 0.0 0.0 0.0 1.0
0.9811258316040039 0.11231115460395813 -0.15741144120693207 -0.04693262279033661 -0.11241796612739563 0.9936267137527466 0.008253507316112518 -0.035844773054122925 0.15733517706394196 0.009598146192729473 0.9874986410140991 -0.32252979278564453 0.0 0.0 0.0 1.0
0.9810777306556702 0.10942374169826508 -0.15972761809825897 -0.04635651409626007 -0.11023452132940292 0.993898332118988 0.0038029609713703394 -0.036394331604242325 0.15916913747787476 0.013876496814191341 0.9871538281440735 -0.3258002996444702 0.0 0.0 0.0 1.0
0.9799827337265015 0.10764576494693756 -0.16747021675109863 -0.046627312898635864 -0.10979785770177841 0.9939473271369934 -0.0036172436084598303 -0.03757403418421745 0.1660671979188919 0.021932706236839294 0.9858704805374146 -0.3293066918849945 0.0 0.0 0.0 1.0
0.9799414277076721 0.10985235124826431 -0.16627472639083862 -0.04554147645831108 -0.11275845766067505 0.9935893416404724 -0.008110443130135536 -0.038636885583400726 0.16431784629821777 0.026696640998125076 0.9860461354255676 -0.3362996578216553 0.0 0.0 0.0 1.0
0.9794411063194275 0.11108852177858353 -0.16838781535625458 -0.04524380341172218 -0.1147608533501625 0.9933181405067444 -0.012205471284687519 -0.03939051553606987 0.16590678691864014 0.03127887099981308 0.9856452345848083 -0.3401872515678406 0.0 0.0 0.0 1.0
0.9794700145721436 0.11305125802755356 -0.16690704226493835 -0.044976215809583664 -0.11730185896158218 0.9929706454277039 -0.015799665823578835 -0.03996259719133377 0.16394761204719543 0.0350538045167923 0.9858460426330566 -0.34339210391044617 0.0 0.0 0.0 1.0
0.9794282913208008 0.11595568805932999 -0.16514982283115387 -0.044537559151649475 -0.11997105181217194 0.9926712512969971 -0.014515100046992302 -0.040072131901979446 0.1622563749551773 0.034029699862003326 0.9861616492271423 -0.34700536727905273 0.0 0.0 0.0 1.0
0.9796115159988403 0.11860744655132294 -0.16215284168720245 -0.04411093518137932 -0.12195126712322235 0.9924774169921875 -0.010790151543915272 -0.040109049528837204 0.15965324640274048 0.030344901606440544 0.9867066740989685 -0.35034552216529846 0.0 0.0 0.0 1.0
0.9790635108947754 0.12215924263000488 -0.16282428801059723 -0.0439654216170311 -0.12528352439403534 0.9920799732208252 -0.009020751342177391 -0.03959275037050247 0.16043274104595184 0.02923109009861946 0.9866138696670532 -0.35618865489959717 0.0 0.0 0.0 1.0
0.9790717363357544 0.1220828965306282 -0.16283223032951355 -0.043893001973629 -0.12495042383670807 0.9921350479125977 -0.007447592448443174 -0.03906248137354851 0.1606423407793045 0.027637682855129242 0.9866256713867188 -0.3594755232334137 0.0 0.0 0.0 1.0
0.9797349572181702 0.12186160683631897 -0.1589626520872116 -0.04399321973323822 -0.12495677173137665 0.99211585521698 -0.009585202671587467 -0.038872260600328445 0.15654130280017853 0.02925441786646843 0.9872380495071411 -0.36216697096824646 0.0 0.0 0.0 1.0
0.9796300530433655 0.12483762949705124 -0.15729109942913055 -0.043994735926389694 -0.12776802480220795 0.991766631603241 -0.00861840695142746 -0.03754407539963722 0.15492016077041626 0.028539622202515602 0.9875146746635437 -0.3691844940185547 0.0 0.0 0.0 1.0
0.9809097051620483 0.12533918023109436 -0.1486818492412567 -0.04346609115600586 -0.12787409126758575 0.9917614459991455 -0.007575690280646086 -0.03632489591836929 0.1465073972940445 0.02644362486898899 0.9888560771942139 -0.37527090311050415 0.0 0.0 0.0 1.0
0.9817602038383484 0.12404695153236389 -0.14408078789710999 -0.04310163855552673 -0.12696142494678497 0.991844654083252 -0.011176835745573044 -0.03578567132353783 0.14151932299137115 0.02926567569375038 0.9895027875900269 -0.3784008026123047 0.0 0.0 0.0 1.0
0.9828423857688904 0.12377762049436569 -0.13674767315387726 -0.04208584502339363 -0.12575504183769226 0.9920438528060913 -0.005883526057004929 -0.034843068569898605 0.13493144512176514 0.022979287430644035 0.9905884265899658 -0.38168251514434814 0.0 0.0 0.0 1.0
0.9839324355125427 0.12383200228214264 -0.12861789762973785 -0.04112771898508072 -0.12643320858478546 0.9918997287750244 -0.012228524312376976 -0.0340549536049366 0.12606178224086761 0.028293615207076073 0.991618812084198 -0.38726919889450073 0.0 0.0 0.0 1.0
0.9840879440307617 0.1236053928732872 -0.12764249742031097 -0.04040641337633133 -0.12616680562496185 0.9919346570968628 -0.01214931532740593 -0.03342054411768913 0.12511128187179565 0.028060240671038628 0.9917458295822144 -0.3896031379699707 0.0 0.0 0.0 1.0
0.9856194853782654 0.12074737250804901 -0.11821271479129791 -0.03876486420631409 -0.12376721948385239 0.9921384453773499 -0.018519803881645203 -0.032623644918203354 0.1150471568107605 0.03288434073328972 0.9928155541419983 -0.3948690891265869 0.0 0.0 0.0 1.0
0.9854084849357605 0.12055109441280365 -0.1201564222574234 -0.03822421282529831 -0.12309283763170242 0.992297351360321 -0.013933478854596615 -0.032079920172691345 0.11755120754241943 0.02852056361734867 0.9926571846008301 -0.39762628078460693 0.0 0.0 0.0 1.0
0.9859839081764221 0.1188938170671463 -0.11704673618078232 -0.03681458160281181 -0.12053175270557404 0.9926848411560059 -0.00699103157967329 -0.030838241800665855 0.1153593361377716 0.021000893786549568 0.9931017756462097 -0.4018489718437195 0.0 0.0 0.0 1.0
0.9862552881240845 0.11766939610242844 -0.11599312722682953 -0.03587808832526207 -0.11892591416835785 0.9928953051567078 -0.003947846125811338 -0.030208494514226913 0.11470448970794678 0.017688171938061714 0.9932421445846558 -0.404391884803772 0.0 0.0 0.0 1.0
0.9864415526390076 0.11636358499526978 -0.11572609096765518 -0.03413095325231552 -0.11880117654800415 0.9928140640258789 -0.014370287768542767 -0.030513551086187363 0.11322231590747833 0.02792384661734104 0.9931772351264954 -0.40679696202278137 0.0 0.0 0.0 1.0
0.9872607588768005 0.11375103145837784 -0.11125127226114273 -0.033125631511211395 -0.11574871093034744 0.9932102560997009 -0.011644546873867512 -0.029620826244354248 0.1091713234782219 0.02437339536845684 0.9937241077423096 -0.40999263525009155 0.0 0.0 0.0 1.0
0.9878591299057007 0.11148225516080856 -0.1081942692399025 -0.03143640235066414 -0.11289983242750168 0.9935814142227173 -0.007046950981020927 -0.029626689851284027 0.10671420395374298 0.019176509231328964 0.99410480260849 -0.41409099102020264 0.0 0.0 0.0 1.0
0.9884081482887268 0.10892237722873688 -0.10576017200946808 -0.03055422566831112 -0.11123264580965042 0.9936626553535461 -0.016179507598280907 -0.030452962964773178 0.10332762449979782 0.027755942195653915 0.9942600131034851 -0.41632238030433655 0.0 0.0 0.0 1.0
0.9880372881889343 0.10894559323787689 -0.10914768278598785 -0.029439052566885948 -0.11105533689260483 0.9937235713005066 -0.013422227464616299 -0.030939141288399696 0.10700033605098724 0.02538309246301651 0.9939349293708801 -0.4185606837272644 0.0 0.0 0.0 1.0
0.988193690776825 0.10780483484268188 -0.10886398702859879 -0.02862614206969738 -0.10994803160429001 0.9938406348228455 -0.013862445019185543 -0.031937841325998306 0.10669901967048645 0.025668160989880562 0.9939599633216858 -0.4214816093444824 0.0 0.0 0.0 1.0
0.9884008765220642 0.10581623017787933 -0.10893407464027405 -0.028288615867495537 -0.10849056392908096 0.99391770362854 -0.018906371667981148 -0.032881736755371094 0.10627090185880661 0.03050539456307888 0.9938691854476929 -0.42326629161834717 0.0 0.0 0.0 1.0
0.9883145093917847 0.10498442500829697 -0.11051087826490402 -0.027668388560414314 -0.10788769274950027 0.9939494132995605 -0.02061126008629799 -0.03389850631356239 0.1076783612370491 0.0322931706905365 0.9936611652374268 -0.4263373613357544 0.0 0.0 0.0 1.0
0.9883015155792236 0.10643893480300903 -0.10922836512327194 -0.026887129992246628 -0.10918379575014114 0.9938313364982605 -0.01944698952138424 -0.034593164920806885 0.10648465156555176 0.031145457178354263 0.9938264489173889 -0.42838847637176514 0.0 0.0 0.0 1.0
0.988365650177002 0.10499006509780884 -0.11004723608493805 -0.026560313999652863 -0.10824726521968842 0.9938333630561829 -0.024037402123212814 -0.035133253782987595 0.10684492439031601 0.03567005321383476 0.9936356544494629 -0.42947545647621155 0.0 0.0 0.0 1.0
0.9886389970779419 0.10270339250564575 -0.10974960774183273 -0.026220977306365967 -0.10600543767213821 0.9940593838691711 -0.024672798812389374 -0.03665333613753319 0.10656365007162094 0.036026544868946075 0.9936529994010925 -0.4320589005947113 0.0 0.0 0.0 1.0
0.9886002540588379 0.10556787997484207 -0.10735443979501724 -0.025502532720565796 -0.10891668498516083 0.9937158226966858 -0.025807881727814674 -0.03764727711677551 0.10395532101392746 0.037206366658210754 0.9938858151435852 -0.4335938096046448 0.0 0.0 0.0 1.0
0.9884056448936462 0.10548094660043716 -0.10921535640954971 -0.025196656584739685 -0.10873179137706757 0.9937756657600403 -0.02423388510942459 -0.03828712925314903 0.10597935318946838 0.03582809120416641 0.993722677230835 -0.43450868129730225 0.0 0.0 0.0 1.0
0.9882878065109253 0.1052447110414505 -0.11050238460302353 -0.025082141160964966 -0.10838291049003601 0.9938483834266663 -0.022770708426833153 -0.03861386328935623 0.10742612183094025 0.03448058292269707 0.9936149716377258 -0.43514910340309143 0.0 0.0 0.0 1.0
0.9881100654602051 0.10392558574676514 -0.1133047491312027 -0.024862015619874 -0.10652504861354828 0.9941626787185669 -0.017117908224463463 -0.03943971171975136 0.11086436361074448 0.02898417040705681 0.9934127926826477 -0.4365309476852417 0.0 0.0 0.0 1.0
0.9877811074256897 0.10397562384605408 -0.11609310656785965 -0.024459028616547585 -0.10637770593166351 0.9942175149917603 -0.01467358972877264 -0.03942194581031799 0.11389610916376114 0.02684401348233223 0.9931299686431885 -0.43798261880874634 0.0 0.0 0.0 1.0
0.988003671169281 0.10228902846574783 -0.115696482360363 -0.023697787895798683 -0.10561954975128174 0.9941402077674866 -0.023016009479761124 -0.04121428728103638 0.11266424506902695 0.034959711134433746 0.9930179119110107 -0.43974271416664124 0.0 0.0 0.0 1.0
0.9873330593109131 0.10558176040649414 -0.11843091249465942 -0.02264273539185524 -0.10834743827581406 0.9939652681350708 -0.01714424602687359 -0.04215420037508011 0.11590608954429626 0.029758768156170845 0.992814302444458 -0.44318124651908875 0.0 0.0 0.0 1.0
0.9875465035438538 0.10406647622585297 -0.11799190193414688 -0.02145937643945217 -0.10728964954614639 0.9939999580383301 -0.02128492295742035 -0.04325282946228981 0.11506889760494232 0.033679161220788956 0.9927864074707031 -0.4457663297653198 0.0 0.0 0.0 1.0
0.9867498874664307 0.10821718722581863 -0.12088693678379059 -0.019780345261096954 -0.11198160797357559 0.9934014081954956 -0.02477303147315979 -0.04518192261457443 0.117408387362957 0.037981901317834854 0.9923571348190308 -0.44935372471809387 0.0 0.0 0.0 1.0
0.9866231679916382 0.11024032533168793 -0.12009082734584808 -0.01875470019876957 -0.11371415108442307 0.9932599067687988 -0.02244732342660427 -0.046484529972076416 0.11680679768323898 0.03580307587981224 0.992509126663208 -0.4513789117336273 0.0 0.0 0.0 1.0
0.9857934713363647 0.11138840764760971 -0.12571340799331665 -0.018529636785387993 -0.11568228155374527 0.9929091930389404 -0.027365917339920998 -0.048131562769412994 0.12177375704050064 0.04151995852589607 0.9916890859603882 -0.45393362641334534 0.0 0.0 0.0 1.0
0.9855440855026245 0.11519734561443329 -0.12422709167003632 -0.017610037699341774 -0.11896058171987534 0.9926258325576782 -0.023288315162062645 -0.04884450137615204 0.12062826752662659 0.037729788571596146 0.9919804930686951 -0.4565596580505371 0.0 0.0 0.0 1.0
0.98533034324646 0.1182272806763649 -0.12307092547416687 -0.016402611508965492 -0.1223173439502716 0.9921451807022095 -0.0261992160230875 -0.050088364630937576 0.11900676786899567 0.04086859151721001 0.9920519590377808 -0.4596909284591675 0.0 0.0 0.0 1.0
0.9844526648521423 0.12196370959281921 -0.12640328705310822 -0.015476993285119534 -0.12601536512374878 0.9917247891426086 -0.02453831396996975 -0.05083761364221573 0.12236449122428894 0.0400855652987957 0.9916753768920898 -0.4624535143375397 0.0 0.0 0.0 1.0
0.9841708540916443 0.12476268410682678 -0.12586498260498047 -0.013178706169128418 -0.12923051416873932 0.9912206530570984 -0.027947036549448967 -0.051968734711408615 0.1212732270359993 0.043770257383584976 0.9916536808013916 -0.46666523814201355 0.0 0.0 0.0 1.0
0.9839823842048645 0.12615394592285156 -0.12595166265964508 -0.011175827123224735 -0.13068315386772156 0.9910191893577576 -0.028335778042674065 -0.05241011828184128 0.1212458461523056 0.044341668486595154 0.9916316270828247 -0.47004806995391846 0.0 0.0 0.0 1.0
0.9842919707298279 0.12450984865427017 -0.1251663714647293 -0.008467024192214012 -0.12903212010860443 0.9912260174751282 -0.028664816170930862 -0.05286545306444168 0.12049911916255951 0.04436502978205681 0.9917215704917908 -0.4734693467617035 0.0 0.0 0.0 1.0
0.983975350856781 0.125279501080513 -0.12687624990940094 -0.0062447478994727135 -0.12981921434402466 0.9911384582519531 -0.028134290128946304 -0.05277162790298462 0.12222728878259659 0.04415442422032356 0.9915194511413574 -0.47639894485473633 0.0 0.0 0.0 1.0
0.9843242168426514 0.12101593613624573 -0.12830033898353577 -0.0027059540152549744 -0.12612242996692657 0.9914847016334534 -0.03242320567369461 -0.052519842982292175 0.12328410148620605 0.04809649661183357 0.9912052154541016 -0.48070400953292847 0.0 0.0 0.0 1.0
0.9846527576446533 0.11697189509868622 -0.12952423095703125 -0.00035580646363087 -0.12278278172016144 0.9917135238647461 -0.03779827803373337 -0.05249417945742607 0.12402958422899246 0.053121522068977356 0.9908555746078491 -0.48412251472473145 0.0 0.0 0.0 1.0
0.9849852323532104 0.1114865243434906 -0.13181360065937042 0.00235477602109313 -0.11792079359292984 0.9921329021453857 -0.04203501716256142 -0.052106037735939026 0.12609028816223145 0.056947436183691025 0.9903828501701355 -0.4893791377544403 0.0 0.0 0.0 1.0
0.984840452671051 0.10888316482305527 -0.13503257930278778 0.003913247492164373 -0.11589061468839645 0.992235541343689 -0.04514482244849205 -0.052252426743507385 0.12906861305236816 0.0601094551384449 0.9898121953010559 -0.49322620034217834 0.0 0.0 0.0 1.0
0.9856126308441162 0.10503913462162018 -0.13241805136203766 0.005951796192675829 -0.11300122737884521 0.9921208620071411 -0.05410077050328255 -0.05282111465930939 0.12569200992584229 0.06828580051660538 0.9897164106369019 -0.4987706243991852 0.0 0.0 0.0 1.0
0.9857191443443298 0.1041368842124939 -0.13233764469623566 0.00746105145663023 -0.1124701201915741 0.992012083530426 -0.05711830407381058 -0.05346190556883812 0.12533243000507355 0.07118663936853409 0.9895576238632202 -0.502561628818512 0.0 0.0 0.0 1.0
0.9859189391136169 0.09987734258174896 -0.1341208815574646 0.009169060736894608 -0.10975173860788345 0.9916061162948608 -0.06835125386714935 -0.054937757551670074 0.12616834044456482 0.08210878819227219 0.9886049032211304 -0.5089046955108643 0.0 0.0 0.0 1.0
0.9863669872283936 0.0988311618566513 -0.13157744705677032 0.010169528424739838 -0.10899009555578232 0.9914047718048096 -0.07237213104963303 -0.05546033754944801 0.12329388409852982 0.08572611212730408 0.9886605143547058 -0.5124565958976746 0.0 0.0 0.0 1.0
0.986251175403595 0.09909892082214355 -0.13224221765995026 0.011810241267085075 -0.10969925671815872 0.9910990595817566 -0.07542350888252258 -0.05590200051665306 0.12359075993299484 0.08889339864253998 0.9883437156677246 -0.5193705558776855 0.0 0.0 0.0 1.0
0.9861659407615662 0.09915943443775177 -0.1328311264514923 0.012468296103179455 -0.1090608760714531 0.9916060566902161 -0.06944935023784637 -0.05547632277011871 0.12482959032058716 0.08297526091337204 0.9887025356292725 -0.5225305557250977 0.0 0.0 0.0 1.0
0.9859469532966614 0.10267189890146255 -0.1317843198776245 0.013785756193101406 -0.11190138757228851 0.9916150569915771 -0.06463462859392166 -0.05571344494819641 0.12404315173625946 0.07847316563129425 0.9891690015792847 -0.527389407157898 0.0 0.0 0.0 1.0
0.985888659954071 0.10350582748651505 -0.131568044424057 0.01454116404056549 -0.112142413854599 0.9918788075447083 -0.06000463292002678 -0.05508383736014366 0.12428872287273407 0.07391224801540375 0.9894894361495972 -0.5316978693008423 0.0 0.0 0.0 1.0
0.986255407333374 0.10302246361970901 -0.1291770190000534 0.014991369098424911 -0.11103065311908722 0.9922159910202026 -0.05638807639479637 -0.05435861647129059 0.12236226350069046 0.06995565444231033 0.9900169968605042 -0.5343608260154724 0.0 0.0 0.0 1.0
0.9861149191856384 0.10605289041996002 -0.1277896910905838 0.015679942443966866 -0.11388715356588364 0.9919353127479553 -0.05562427639961243 -0.0542050376534462 0.12085999548435211 0.06940553337335587 0.990240216255188 -0.5368613004684448 0.0 0.0 0.0 1.0
0.9860263466835022 0.10664673149585724 -0.12797853350639343 0.016572771593928337 -0.11384864896535873 0.9922227263450623 -0.050324536859989166 -0.05259578675031662 0.12161625921726227 0.06419150531291962 0.9904993176460266 -0.5418636202812195 0.0 0.0 0.0 1.0
0.9862382411956787 0.10649854689836502 -0.1264602094888687 0.017651623114943504 -0.11391127854585648 0.9920821189880371 -0.05288896709680557 -0.05180758237838745 0.11982632428407669 0.0665663629770279 0.9905607104301453 -0.5462732315063477 0.0 0.0 0.0 1.0
0.9866501688957214 0.10454114526510239 -0.12487009912729263 0.018461130559444427 -0.11181497573852539 0.9923296570777893 -0.05271865427494049 -0.05068793147802353 0.11840103566646576 0.06597721576690674 0.9907715320587158 -0.5492449402809143 0.0 0.0 0.0 1.0
0.9870988726615906 0.1045430526137352 -0.12127050012350082 0.020425206050276756 -0.11138365417718887 0.9924651980400085 -0.051053959876298904 -0.04873450845479965 0.11501941829919815 0.0639028549194336 0.9913057088851929 -0.5547309517860413 0.0 0.0 0.0 1.0
0.9876120686531067 0.10174664109945297 -0.1194571703672409 0.021030237898230553 -0.10889706760644913 0.9925345778465271 -0.05492344871163368 -0.04801400005817413 0.11297709494829178 0.06725159287452698 0.9913190007209778 -0.5581914186477661 0.0 0.0 0.0 1.0
0.9880749583244324 0.10009308904409409 -0.11700130999088287 0.02288762293756008 -0.1072496697306633 0.9926227927207947 -0.056546665728092194 -0.04634634032845497 0.1104782372713089 0.06842069327831268 0.9915206432342529 -0.5639723539352417 0.0 0.0 0.0 1.0
0.9882498383522034 0.09901031106710434 -0.11644422262907028 0.023704955354332924 -0.10645462572574615 0.9925335049629211 -0.059536758810281754 -0.045839183032512665 0.10968004167079926 0.07123321294784546 0.9914111495018005 -0.5678793787956238 0.0 0.0 0.0 1.0
0.9887245893478394 0.0975242480635643 -0.11363398283720016 0.025593748316168785 -0.10461611300706863 0.9928081631660461 -0.058201372623443604 -0.04402187839150429 0.10714070498943329 0.06943307816982269 0.9918164610862732 -0.5739184021949768 0.0 0.0 0.0 1.0
0.9890182018280029 0.0974147841334343 -0.1111455112695694 0.02638099528849125 -0.1048586294054985 0.9924764633178711 -0.06320735067129135 -0.043333180248737335 0.10415197163820267 0.07416778802871704 0.9917920827865601 -0.5771426558494568 0.0 0.0 0.0 1.0
0.9888520836830139 0.09938599169254303 -0.11087799817323685 0.027833394706249237 -0.1063501238822937 0.9925912022590637 -0.0587572418153286 -0.0414702370762825 0.10421687364578247 0.06989411264657974 0.9920955896377563 -0.5826271772384644 0.0 0.0 0.0 1.0
0.9891371726989746 0.09856513887643814 -0.10905279964208603 0.028600351884961128 -0.10484485328197479 0.9930528402328491 -0.053419604897499084 -0.040005870163440704 0.10302987694740295 0.064272940158844 0.9925995469093323 -0.5859853625297546 0.0 0.0 0.0 1.0
0.9892752766609192 0.09891518205404282 -0.10747171938419342 0.030201992020010948 -0.10500483214855194 0.9930822253227234 -0.05255124345421791 -0.03820187970995903 0.10153013467788696 0.06327269226312637 0.992818295955658 -0.5907885432243347 0.0 0.0 0.0 1.0
0.9898249506950378 0.09814602136611938 -0.10302366316318512 0.031226688995957375 -0.10364435613155365 0.9933851361274719 -0.04943496361374855 -0.03708689659833908 0.0974903330206871 0.059609781950712204 0.9934496879577637 -0.5939692258834839 0.0 0.0 0.0 1.0
0.9895427823066711 0.09869453310966492 -0.10518765449523926 0.032451462000608444 -0.10409341752529144 0.9934505224227905 -0.0471230186522007 -0.036475781351327896 0.0998479500412941 0.057579588145017624 0.9933353066444397 -0.5992773771286011 0.0 0.0 0.0 1.0
0.9895589351654053 0.09892508387565613 -0.10481880605220795 0.03338976204395294 -0.10429461300373077 0.9934335947036743 -0.04703503102064133 -0.03642222285270691 0.09947758167982101 0.057475969195365906 0.9933784604072571 -0.6026190519332886 0.0 0.0 0.0 1.0
0.9900984764099121 0.09853006899356842 -0.09998444467782974 0.03581259772181511 -0.1038823351264 0.9933418035507202 -0.049804724752902985 -0.03773964196443558 0.0944114625453949 0.0596981979906559 0.9937416911125183 -0.6088995337486267 0.0 0.0 0.0 1.0
0.9894736409187317 0.1008494421839714 -0.10378512740135193 0.036750249564647675 -0.10623595118522644 0.9931942820549011 -0.047738805413246155 -0.03856150805950165 0.09826436638832092 0.05826199799776077 0.9934533834457397 -0.6119351983070374 0.0 0.0 0.0 1.0
0.9890612363815308 0.10223472118377686 -0.10632962733507156 0.0386417992413044 -0.10778811573982239 0.9930217862129211 -0.04784877970814705 -0.03973798081278801 0.10069582611322403 0.05878644436597824 0.9931789636611938 -0.6176174283027649 0.0 0.0 0.0 1.0
0.9891435503959656 0.10048405081033707 -0.1072285920381546 0.03912168741226196 -0.10675182938575745 0.9927967190742493 -0.05439450591802597 -0.04052342101931572 0.1009904146194458 0.06525082141160965 0.9927453398704529 -0.6212688684463501 0.0 0.0 0.0 1.0
0.9888051152229309 0.10185042023658752 -0.10904540866613388 0.041046205908060074 -0.10866832733154297 0.9923547506332397 -0.05850818753242493 -0.04167274758219719 0.10225264728069305 0.06970297545194626 0.9923133850097656 -0.627396285533905 0.0 0.0 0.0 1.0
0.989906370639801 0.09395290911197662 -0.1061045452952385 0.04078943654894829 -0.10156761109828949 0.9924473166465759 -0.06879166513681412 -0.04313812032341957 0.09883999824523926 0.07887409627437592 0.9919725656509399 -0.6300205588340759 0.0 0.0 0.0 1.0
0.9890202879905701 0.09963810443878174 -0.10913784801959991 0.04187014698982239 -0.10700784623622894 0.9922040104866028 -0.06387893110513687 -0.04374292492866516 0.10192223638296127 0.07485616207122803 0.9919719696044922 -0.6377946138381958 0.0 0.0 0.0 1.0
0.9889782667160034 0.09732148051261902 -0.11158211529254913 0.041771333664655685 -0.105720654129982 0.9917862415313721 -0.07199468463659286 -0.045458003878593445 0.10365897417068481 0.08299771696329117 0.9911438822746277 -0.6415904760360718 0.0 0.0 0.0 1.0
0.988804817199707 0.09673063457012177 -0.11361437290906906 0.04192141070961952 -0.10615728050470352 0.9911202788352966 -0.08007026463747025 -0.04851166531443596 0.10486026108264923 0.09123485535383224 0.9902931451797485 -0.6478756070137024 0.0 0.0 0.0 1.0
0.98844975233078 0.09580668061971664 -0.11742325127124786 0.041886091232299805 -0.10691624879837036 0.9899771213531494 -0.09227228164672852 -0.05047169700264931 0.10740603506565094 0.1037609651684761 0.9887859225273132 -0.6514570713043213 0.0 0.0 0.0 1.0
0.9884452223777771 0.09186332672834396 -0.12057028710842133 0.04137476533651352 -0.10438476502895355 0.9892919063568115 -0.102006696164608 -0.05264950916171074 0.10990853607654572 0.1134137287735939 0.9874499440193176 -0.6571986675262451 0.0 0.0 0.0 1.0
0.988447904586792 0.09162432700395584 -0.1207297146320343 0.04116653650999069 -0.10451509058475494 0.9889478087425232 -0.1051609143614769 -0.05307623744010925 0.1097600907087326 0.11656416207551956 0.9870995283126831 -0.6606096029281616 0.0 0.0 0.0 1.0
0.9887439012527466 0.09212369471788406 -0.11789271235466003 0.04119198024272919 -0.10519515722990036 0.98835688829422 -0.10993034392595291 -0.05370710790157318 0.10639288276433945 0.12109469622373581 0.9869228005409241 -0.6632968783378601 0.0 0.0 0.0 1.0
0.9892588257789612 0.09232109040021896 -0.11333038657903671 0.04098350927233696 -0.10430387407541275 0.9890082478523254 -0.10480164736509323 -0.05368014797568321 0.10240928828716278 0.11549675464630127 0.9880145788192749 -0.6660961508750916 0.0 0.0 0.0 1.0
0.9891196489334106 0.09261322021484375 -0.11430278420448303 0.040329739451408386 -0.105354905128479 0.9882216453552246 -0.1109878271818161 -0.053779929876327515 0.10267754644155502 0.12182259559631348 0.9872267246246338 -0.668441891670227 0.0 0.0 0.0 1.0
0.988918662071228 0.09451772272586823 -0.11448273062705994 0.0396340936422348 -0.10723379999399185 0.9880692362785339 -0.1105446070432663 -0.05407923460006714 0.10266843438148499 0.12159603834152222 0.9872555732727051 -0.6704435348510742 0.0 0.0 0.0 1.0
0.9892038106918335 0.09563867002725601 -0.11103639751672745 0.0387934148311615 -0.10741317272186279 0.9886109828948975 -0.10540755093097687 -0.053779710084199905 0.0996907651424408 0.11619632691144943 0.9882105588912964 -0.6724643111228943 0.0 0.0 0.0 1.0
0.9883723258972168 0.09790817648172379 -0.11633644253015518 0.037693463265895844 -0.11057580262422562 0.987988293170929 -0.10794491320848465 -0.054427970200777054 0.1043703556060791 0.11955375969409943 0.9873265624046326 -0.6734389066696167 0.0 0.0 0.0 1.0
0.988886296749115 0.09792591631412506 -0.11186770349740982 0.03700604662299156 -0.10934679955244064 0.988861083984375 -0.10098020732402802 -0.05401065945625305 0.10073304176330566 0.11209031939506531 0.9885790944099426 -0.6760700941085815 0.0 0.0 0.0 1.0
0.988955020904541 0.09808456897735596 -0.11111871898174286 0.036102551966905594 -0.10941611975431442 0.9888579249382019 -0.1009363979101181 -0.05401042103767395 0.09998031705617905 0.11197973787784576 0.9886680245399475 -0.6775746941566467 0.0 0.0 0.0 1.0
0.989013671875 0.0994677022099495 -0.10935351252555847 0.03560091182589531 -0.11040538549423218 0.9889452457427979 -0.09898469597101212 -0.053960464894771576 0.09829885512590408 0.10997043550014496 0.9890620708465576 -0.67900151014328 0.0 0.0 0.0 1.0
0.9891611933708191 0.09948954731225967 -0.10799054056406021 0.035046253353357315 -0.11037013679742813 0.988852322101593 -0.09994751214981079 -0.05361567810177803 0.09684295952320099 0.11078312993049622 0.9891149997711182 -0.6807287931442261 0.0 0.0 0.0 1.0
0.9895358681678772 0.0990796834230423 -0.10489014536142349 0.034188412129879 -0.10890699923038483 0.9897368550300598 -0.0925213173031807 -0.0527854859828949 0.09464666247367859 0.10297643393278122 0.9901705980300903 -0.6832575798034668 0.0 0.0 0.0 1.0
0.9893352389335632 0.0982435941696167 -0.10753588378429413 0.03328869491815567 -0.10919840633869171 0.9888523817062378 -0.10122592747211456 -0.052154820412397385 0.09639231860637665 0.11188912391662598 0.9890345335006714 -0.6854422688484192 0.0 0.0 0.0 1.0
0.9896713495254517 0.0987926721572876 -0.10387769341468811 0.03257521241903305 -0.1088428646326065 0.9894129037857056 -0.09599683433771133 -0.05137921869754791 0.09329414367675781 0.10631166398525238 0.9899464845657349 -0.6886825561523438 0.0 0.0 0.0 1.0
0.9898848533630371 0.09746045619249344 -0.10309939831495285 0.0321521982550621 -0.10842360556125641 0.9883620142936707 -0.10669959336519241 -0.05047217011451721 0.09150054305791855 0.11679871380329132 0.9889315962791443 -0.6915788054466248 0.0 0.0 0.0 1.0
0.9899200797080994 0.09634733200073242 -0.1038048267364502 0.03170023486018181 -0.10734248161315918 0.9885409474372864 -0.10613377392292023 -0.04941552132368088 0.09238961338996887 0.11620662361383438 0.9889187216758728 -0.6953216791152954 0.0 0.0 0.0 1.0
0.9902033805847168 0.09513474255800247 -0.10220891237258911 0.031656574457883835 -0.10618723928928375 0.9883785843849182 -0.10877542942762375 -0.04843601584434509 0.09067277610301971 0.11856307834386826 0.9887979030609131 -0.6977810859680176 0.0 0.0 0.0 1.0
0.9904299974441528 0.09574251621961594 -0.09940728545188904 0.03142556920647621 -0.10566284507513046 0.9893757104873657 -0.09985517710447311 -0.04696665704250336 0.08879076689481735 0.10940322279930115 0.9900237917900085 -0.7012578248977661 0.0 0.0 0.0 1.0
0.9905070662498474 0.09485521167516708 -0.0994899645447731 0.031063808128237724 -0.10477887094020844 0.989477276802063 -0.09978020191192627 -0.0456378199160099 0.08897838741540909 0.10925744473934174 0.9900230765342712 -0.7044832706451416 0.0 0.0 0.0 1.0
0.9903857707977295 0.09425994753837585 -0.1012478619813919 0.03095509111881256 -0.10424044728279114 0.9896842241287231 -0.09828030318021774 -0.04429086297750473 0.09093952178955078 0.10788953304290771 0.9899948835372925 -0.7069699764251709 0.0 0.0 0.0 1.0
0.9906003475189209 0.0942838191986084 -0.09910374879837036 0.03109140507876873 -0.10364534705877304 0.9901633858680725 -0.09398965537548065 -0.04267643392086029 0.08926720172166824 0.1033778265118599 0.9906283020973206 -0.7097367644309998 0.0 0.0 0.0 1.0
0.9905243515968323 0.09520485252141953 -0.09898247569799423 0.031512416899204254 -0.10452523827552795 0.9901005029678345 -0.09367736428976059 -0.0413479283452034 0.08908405900001526 0.10313587635755539 0.9906699657440186 -0.7126346826553345 0.0 0.0 0.0 1.0
0.9905975461006165 0.09500336647033691 -0.09844188392162323 0.03187883645296097 -0.10391834378242493 0.990525484085083 -0.0897788554430008 -0.039602089673280716 0.08897989988327026 0.09916463494300842 0.9910847544670105 -0.7156459093093872 0.0 0.0 0.0 1.0
0.9909129738807678 0.09386464953422546 -0.09633751958608627 0.032388728111982346 -0.10256143659353256 0.9906753897666931 -0.08968529105186462 -0.038332585245370865 0.08702093362808228 0.09875082969665527 0.9912999868392944 -0.7184510231018066 0.0 0.0 0.0 1.0
0.9905849099159241 0.09550213813781738 -0.09808582067489624 0.03289729729294777 -0.10407166928052902 0.9908168911933899 -0.08631931990385056 -0.037394266575574875 0.08894140273332596 0.09571457654237747 0.9914273023605347 -0.7216807007789612 0.0 0.0 0.0 1.0
0.9906551837921143 0.09431753307580948 -0.09852143377065659 0.0333893820643425 -0.10314884781837463 0.9906977415084839 -0.0887601226568222 -0.03646951913833618 0.08923332393169403 0.09809305518865585 0.9911685585975647 -0.7246878147125244 0.0 0.0 0.0 1.0
0.9907599091529846 0.09374545514583588 -0.09801298379898071 0.033963654190301895 -0.10223594307899475 0.9910770654678345 -0.08552239835262299 -0.03502322733402252 0.08912108093500137 0.09475261718034744 0.9915035963058472 -0.7281961441040039 0.0 0.0 0.0 1.0
0.9910001158714294 0.09139538556337357 -0.09780433028936386 0.03458246961236 -0.09984112530946732 0.9913442134857178 -0.08525463938713074 -0.03211219236254692 0.08916588127613068 0.09425225108861923 0.9915472269058228 -0.7348016500473022 0.0 0.0 0.0 1.0
0.9910778403282166 0.0917387455701828 -0.09668885171413422 0.03487072512507439 -0.10018882900476456 0.9912014603614807 -0.08649753779172897 -0.030711160972714424 0.08790295571088791 0.09541293233633041 0.991549015045166 -0.7386035323143005 0.0 0.0 0.0 1.0
0.9913208484649658 0.09093697369098663 -0.09493905305862427 0.03527325019240379 -0.09949304163455963 0.990990936756134 -0.08965557813644409 -0.029183177277445793 0.0859307274222374 0.09832321852445602 0.991437554359436 -0.7424340844154358 0.0 0.0 0.0 1.0
0.9914385676383972 0.09102616459131241 -0.09361542761325836 0.03558400645852089 -0.09973232448101044 0.9906625747680664 -0.0929575115442276 -0.02780488319694996 0.08427973091602325 0.10149814188480377 0.9912593364715576 -0.746595025062561 0.0 0.0 0.0 1.0
0.9915735125541687 0.09139279276132584 -0.09181124716997147 0.03556908294558525 -0.0998077318072319 0.9907742142677307 -0.09167810529470444 -0.025918448343873024 0.08258549869060516 0.10006905347108841 0.991547167301178 -0.751198410987854 0.0 0.0 0.0 1.0
0.9914820790290833 0.09082216769456863 -0.09335210919380188 0.035623662173748016 -0.0996231958270073 0.9905377626419067 -0.09439343959093094 -0.024313272908329964 0.08389578014612198 0.10288943350315094 0.9911484718322754 -0.7557239532470703 0.0 0.0 0.0 1.0
0.9917502403259277 0.08993440121412277 -0.09134145826101303 0.03567379340529442 -0.09858057647943497 0.9905814528465271 -0.09502758085727692 -0.022794289514422417 0.08193490654230118 0.10324811935424805 0.9912751913070679 -0.7602999806404114 0.0 0.0 0.0 1.0
0.9918513894081116 0.0898997038602829 -0.09027130156755447 0.035516317933797836 -0.09860900044441223 0.99037104845047 -0.09716727584600449 -0.02142944745719433 0.08066677302122116 0.10527705401182175 0.9911657571792603 -0.7649906873703003 0.0 0.0 0.0 1.0
0.9918524026870728 0.09027650952339172 -0.08988320827484131 0.035450175404548645 -0.09906423836946487 0.9901787042617798 -0.09865272045135498 -0.01982436515390873 0.08009441196918488 0.1067531481385231 0.9910542964935303 -0.7706932425498962 0.0 0.0 0.0 1.0
0.9922056198120117 0.08869855850934982 -0.08752486854791641 0.03534415736794472 -0.09753390401601791 0.9899449348449707 -0.10245082527399063 -0.01863185688853264 0.07755755633115768 0.11018892377614975 0.990880012512207 -0.7748964428901672 0.0 0.0 0.0 1.0
0.9925740957260132 0.08670486509799957 -0.08531653881072998 0.03534507006406784 -0.09554939717054367 0.9897944927215576 -0.10572227835655212 -0.017607277259230614 0.07527920603752136 0.11308913677930832 0.9907289743423462 -0.7794163823127747 0.0 0.0 0.0 1.0
0.9924781918525696 0.08946885913610458 -0.08356018364429474 0.03536781296133995 -0.09827601909637451 0.9892778992652893 -0.10803286731243134 -0.016061194241046906 0.07299866527318954 0.11543223261833191 0.9906293749809265 -0.7850261330604553 0.0 0.0 0.0 1.0
0.9923858046531677 0.08820441365242004 -0.08596712350845337 0.035166893154382706 -0.09785128384828568 0.9884929060935974 -0.11535564810037613 -0.014773378148674965 0.07480300962924957 0.12288930267095566 0.9895972609519958 -0.7891855835914612 0.0 0.0 0.0 1.0
0.9925625324249268 0.08726893365383148 -0.0848751962184906 0.034865058958530426 -0.09671669453382492 0.9887101650238037 -0.11444670706987381 -0.013353943824768066 0.0739293247461319 0.1218043640255928 0.9897969961166382 -0.7931647896766663 0.0 0.0 0.0 1.0
0.9930313229560852 0.08624595403671265 -0.08031465858221054 0.034689534455537796 -0.09463804960250854 0.9897090196609497 -0.10732968896627426 -0.011880175210535526 0.07023139297962189 0.11418256908655167 0.9909741878509521 -0.7974458336830139 0.0 0.0 0.0 1.0
0.992917537689209 0.08500499278306961 -0.08299974352121353 0.03494192659854889 -0.09367702156305313 0.9898484945297241 -0.10688580572605133 -0.010714977979660034 0.07307133823633194 0.1139039546251297 0.9908009171485901 -0.8010401129722595 0.0 0.0 0.0 1.0
0.9931157827377319 0.08094106614589691 -0.08467375487089157 0.034763943403959274 -0.08969037979841232 0.99039626121521 -0.10521800071001053 -0.00954044982790947 0.07534411549568176 0.11208807677030563 0.990837812423706 -0.8042163848876953 0.0 0.0 0.0 1.0
0.9930590987205505 0.08003635704517365 -0.08618450909852982 0.03533468395471573 -0.08919070661067963 0.9901188611984253 -0.10821139067411423 -0.00917827244848013 0.07667205482721329 0.115147165954113 0.9903850555419922 -0.8076562881469727 0.0 0.0 0.0 1.0
0.9931782484054565 0.07912231236696243 -0.08565378189086914 0.03585909307003021 -0.08845040202140808 0.9898499846458435 -0.11123614013195038 -0.00910180900245905 0.07598312944173813 0.11805342882871628 0.9900959134101868 -0.8108025789260864 0.0 0.0 0.0 1.0
0.9937061071395874 0.07780085504055023 -0.08059248328208923 0.0370827317237854 -0.086384117603302 0.9902641177177429 -0.10915450751781464 -0.008458748459815979 0.07131553441286087 0.11542941629886627 0.9907523393630981 -0.8145813941955566 0.0 0.0 0.0 1.0
0.9940590858459473 0.07684939354658127 -0.07707597315311432 0.03824355825781822 -0.08520260453224182 0.9900829792022705 -0.11169688403606415 -0.00811497401446104 0.06772777438163757 0.11760038137435913 0.9907487630844116 -0.8178439140319824 0.0 0.0 0.0 1.0
0.9940375089645386 0.07574138045310974 -0.07843896746635437 0.03894573077559471 -0.08437998592853546 0.9899582266807556 -0.11341388523578644 -0.008156510069966316 0.06906117498874664 0.11935634166002274 0.9904466867446899 -0.8208045363426208 0.0 0.0 0.0 1.0
0.9944572448730469 0.07325635850429535 -0.07542039453983307 0.03993837162852287 -0.08179915696382523 0.9897299408912659 -0.11723300069570541 -0.00806659460067749 0.06605775654315948 0.12275253236293793 0.9902364015579224 -0.8234211206436157 0.0 0.0 0.0 1.0
0.9946958422660828 0.07339230924844742 -0.07206759601831436 0.04095195233821869 -0.08166823536157608 0.9894628524780273 -0.11955567449331284 -0.007876916788518429 0.06253374367952347 0.12480716407299042 0.9902083873748779 -0.8262098431587219 0.0 0.0 0.0 1.0
0.9948415756225586 0.07272519916296005 -0.07071994245052338 0.04187953844666481 -0.08138120919466019 0.9883756041526794 -0.12841638922691345 -0.007419550325721502 0.060558754950761795 0.13350923359394073 0.9891955852508545 -0.8288537263870239 0.0 0.0 0.0 1.0
0.9945144653320312 0.07568289339542389 -0.07220149040222168 0.04257412999868393 -0.08435788750648499 0.988457441329956 -0.12583982944488525 -0.0073022786527872086 0.06184418126940727 0.13124029338359833 0.98941969871521 -0.8314907550811768 0.0 0.0 0.0 1.0
0.9943391680717468 0.07724297791719437 -0.07295966148376465 0.04310142621397972 -0.08635779470205307 0.987561047077179 -0.13139839470386505 -0.007017126306891441 0.06190251186490059 0.13695521652698517 0.9886411428451538 -0.8343994617462158 0.0 0.0 0.0 1.0
0.9942725300788879 0.07834512740373611 -0.07269225269556046 0.0434478297829628 -0.08766171336174011 0.9869101047515869 -0.13536566495895386 -0.006368976552039385 0.06113548204302788 0.14096269011497498 0.9881255030632019 -0.8371197581291199 0.0 0.0 0.0 1.0
0.9940011501312256 0.08025854825973511 -0.07429838180541992 0.04353203997015953 -0.08993255347013474 0.9863904118537903 -0.13764499127864838 -0.005457637365907431 0.06224001944065094 0.14350111782550812 0.9876910448074341 -0.8400680422782898 0.0 0.0 0.0 1.0
0.9937439560890198 0.08027507364749908 -0.07764546573162079 0.043541401624679565 -0.09113359451293945 0.9847366213798523 -0.14828497171401978 -0.00477296719327569 0.06455674767494202 0.15443341434001923 0.9858918786048889 -0.8422269821166992 0.0 0.0 0.0 1.0
0.993461012840271 0.08220208436250687 -0.07923422753810883 0.04345899075269699 -0.09341542422771454 0.9842378497123718 -0.15016454458236694 -0.0042379857040941715 0.06564148515462875 0.15658432245254517 0.9854808449745178 -0.8447163701057434 0.0 0.0 0.0 1.0
0.9930112957954407 0.08360999822616577 -0.08329431712627411 0.043227773159742355 -0.09561561048030853 0.9836660623550415 -0.15250816941261292 -0.003734602127224207 0.06918258219957352 0.15940655767917633 0.9847859144210815 -0.8465448021888733 0.0 0.0 0.0 1.0
0.9927411675453186 0.08469153940677643 -0.08539488911628723 0.042987652122974396 -0.09709674119949341 0.9833645224571228 -0.1535135805606842 -0.003403598675504327 0.0709730014204979 0.1606908142566681 0.9844497442245483 -0.8484742641448975 0.0 0.0 0.0 1.0
0.9924498796463013 0.08709346503019333 -0.08635952323675156 0.04283954203128815 -0.09962502866983414 0.9831268191337585 -0.15341594815254211 -0.003376593114808202 0.07154083997011185 0.16086120903491974 0.9843807816505432 -0.8506850004196167 0.0 0.0 0.0 1.0
0.9918025732040405 0.09300380945205688 -0.08762414753437042 0.042545076459646225 -0.10478118062019348 0.9844302535057068 -0.14113092422485352 -0.003081945003941655 0.0731341540813446 0.1491553783416748 0.9861055016517639 -0.8533394932746887 0.0 0.0 0.0 1.0
0.9915192127227783 0.09554848819971085 -0.08809171617031097 0.04249631613492966 -0.10742511600255966 0.9840524792671204 -0.14177647233009338 -0.0030640580225735903 0.07314034551382065 0.15003736317157745 0.985971212387085 -0.8555434346199036 0.0 0.0 0.0 1.0
0.991219162940979 0.09763659536838531 -0.08917182683944702 0.04246247932314873 -0.10982690751552582 0.9834648966789246 -0.14399586617946625 -0.0029100999236106873 0.07363809645175934 0.152524933218956 0.9855524301528931 -0.8577829003334045 0.0 0.0 0.0 1.0
0.9906261563301086 0.10129689425230026 -0.09164463728666306 0.04264984652400017 -0.11407165229320526 0.9825316071510315 -0.1470349133014679 -0.002797116059809923 0.07514957338571548 0.15611068904399872 0.9848766326904297 -0.8603678941726685 0.0 0.0 0.0 1.0
0.9903740882873535 0.10354766249656677 -0.09185370802879333 0.04313904419541359 -0.11626600474119186 0.9824131727218628 -0.14610449969768524 -0.0020810598507523537 0.07510951161384583 0.1553775668144226 0.9849956035614014 -0.8636125326156616 0.0 0.0 0.0 1.0
0.9904559850692749 0.10401701182126999 -0.09042876958847046 0.04393141716718674 -0.1164964959025383 0.982410192489624 -0.1459411233663559 -0.0018504078034311533 0.07365778088569641 0.15508289635181427 0.9851516485214233 -0.8660556674003601 0.0 0.0 0.0 1.0
0.9903563857078552 0.10372501611709595 -0.09184407442808151 0.04475744068622589 -0.11696884036064148 0.9812681078910828 -0.1530723124742508 -0.002136850031092763 0.07424623519182205 0.16233903169631958 0.9839377403259277 -0.868213415145874 0.0 0.0 0.0 1.0
0.990074098110199 0.10520406067371368 -0.09319553524255753 0.045980192720890045 -0.11855748295783997 0.9812761545181274 -0.15179327130317688 -0.0019155284389853477 0.07548128813505173 0.16133561730384827 0.9840088486671448 -0.8710744976997375 0.0 0.0 0.0 1.0
0.9902217388153076 0.10528548061847687 -0.09152001887559891 0.0474860742688179 -0.11853095889091492 0.9809363484382629 -0.15399445593357086 -0.0018576340517029166 0.07356193661689758 0.1633366048336029 0.9838240742683411 -0.8738796710968018 0.0 0.0 0.0 1.0
0.9899658560752869 0.10651595145463943 -0.09285467863082886 0.04916904494166374 -0.11961149424314499 0.9815319180488586 -0.14929232001304626 -0.0013735006796196103 0.07523781806230545 0.15890078246593475 0.9844235777854919 -0.8772297501564026 0.0 0.0 0.0 1.0
0.9902675151824951 0.10473588854074478 -0.09165486693382263 0.05075334012508392 -0.1178412064909935 0.9813668131828308 -0.1517648547887802 -0.0014244869817048311 0.07405181974172592 0.16108852624893188 0.984157919883728 -0.8798560500144958 0.0 0.0 0.0 1.0
0.9904204607009888 0.10338803380727768 -0.09153280407190323 0.051986560225486755 -0.11671525239944458 0.9810243248939514 -0.15481877326965332 -0.0011532844509929419 0.07378949970006943 0.16401894390583038 0.9836934804916382 -0.882803201675415 0.0 0.0 0.0 1.0
0.9901195764541626 0.10498673468828201 -0.09295704215765 0.053912997245788574 -0.11843015998601913 0.9810333847999573 -0.15345290303230286 -0.00027917494298890233 0.07508344203233719 0.16294564306735992 0.983773946762085 -0.8862462639808655 0.0 0.0 0.0 1.0
0.9900754690170288 0.104606494307518 -0.09385117143392563 0.055336661636829376 -0.11800333112478256 0.9814791083335876 -0.1509103626012802 0.0006768368184566498 0.07632676512002945 0.16048739850521088 0.9840823411941528 -0.8895868062973022 0.0 0.0 0.0 1.0
0.9898385405540466 0.10477747023105621 -0.09613171964883804 0.05695457383990288 -0.11841036379337311 0.9816818237304688 -0.14926405251026154 0.0015284211840480566 0.07873125374317169 0.1591303050518036 0.9841132760047913 -0.892964243888855 0.0 0.0 0.0 1.0
0.9896056652069092 0.10601121187210083 -0.09717118740081787 0.05845063552260399 -0.11953858286142349 0.9820318222045898 -0.14602763950824738 0.002411861205473542 0.07994462549686432 0.1561254858970642 0.9844966530799866 -0.8959893584251404 0.0 0.0 0.0 1.0
0.9895834922790527 0.10581430047750473 -0.09761064499616623 0.06014407426118851 -0.11962136626243591 0.9816370606422424 -0.1485912948846817 0.0029458755161613226 0.08009514212608337 0.15871982276439667 0.9840695261955261 -0.8994255065917969 0.0 0.0 0.0 1.0
0.9894765615463257 0.1051727831363678 -0.09937186539173126 0.061062756925821304 -0.11961038410663605 0.9810034036636353 -0.15272745490074158 0.0032308620866388083 0.08142136037349701 0.16300615668296814 0.9832596778869629 -0.9021704792976379 0.0 0.0 0.0 1.0
0.9894607663154602 0.10685212910175323 -0.09772410988807678 0.06290788948535919 -0.12088850140571594 0.9810687303543091 -0.1512947976589203 0.0040051634423434734 0.07970789819955826 0.16151398420333862 0.9836462140083313 -0.906029999256134 0.0 0.0 0.0 1.0
0.989260196685791 0.10731762647628784 -0.09923309832811356 0.06416048854589462 -0.12167201936244965 0.9808290600776672 -0.15221767127513885 0.004498627036809921 0.08099506795406342 0.162656769156456 0.9833527207374573 -0.9089621305465698 0.0 0.0 0.0 1.0
0.9892871975898743 0.10885557532310486 -0.09726910293102264 0.0652448982000351 -0.12282546609640121 0.9807806015014648 -0.15160232782363892 0.004738232120871544 0.0788968950510025 0.16192537546157837 0.9836439490318298 -0.9112483263015747 0.0 0.0 0.0 1.0
0.9891518354415894 0.10986074805259705 -0.09751514345407486 0.06635024398565292 -0.12389359623193741 0.9805856943130493 -0.15199384093284607 0.005077599547803402 0.078923799097538 0.16242650151252747 0.9835591912269592 -0.9137066006660461 0.0 0.0 0.0 1.0
0.9889034032821655 0.11161120235919952 -0.09804592281579971 0.06771711260080338 -0.12545573711395264 0.9808815121650696 -0.14876940846443176 0.005698015447705984 0.07956710457801819 0.1594190001487732 0.9839993119239807 -0.9166674613952637 0.0 0.0 0.0 1.0
0.9889817237854004 0.11201730370521545 -0.09678446501493454 0.06861016154289246 -0.12548993527889252 0.9811909198760986 -0.14668574929237366 0.006250737234950066 0.07853269577026367 0.15721499919891357 0.9844369292259216 -0.9186791777610779 0.0 0.0 0.0 1.0
0.9888172149658203 0.11378449946641922 -0.09640324115753174 0.06982376426458359 -0.12724044919013977 0.9808560013771057 -0.1474156379699707 0.006753365974873304 0.07778408378362656 0.15803350508213043 0.9843652844429016 -0.9210296273231506 0.0 0.0 0.0 1.0
0.9889504909515381 0.11319294571876526 -0.09573037922382355 0.07081014662981033 -0.12667177617549896 0.9806881546974182 -0.14901363849639893 0.007333277724683285 0.07701435685157776 0.15949344635009766 0.9841903448104858 -0.92289799451828 0.0 0.0 0.0 1.0
0.9889532327651978 0.1128462627530098 -0.09611020237207413 0.07178983837366104 -0.12610001862049103 0.9813113212585449 -0.14535094797611237 0.008493737317621708 0.07791171222925186 0.15586479008197784 0.9847009181976318 -0.925360381603241 0.0 0.0 0.0 1.0
0.9886816143989563 0.11378485709428787 -0.09778400510549545 0.07297580689191818 -0.12711527943611145 0.9815065860748291 -0.1431313008069992 0.009477151557803154 0.07968946546316147 0.15394112467765808 0.9848612546920776 -0.9281328320503235 0.0 0.0 0.0 1.0
0.9889765977859497 0.11205641180276871 -0.09679180383682251 0.07383299618959427 -0.1259474754333496 0.9803322553634644 -0.15194052457809448 0.009794039651751518 0.0778622180223465 0.16245631873607635 0.9836388826370239 -0.929936945438385 0.0 0.0 0.0 1.0
0.98868328332901 0.11201204359531403 -0.09979333728551865 0.07466857135295868 -0.1264418363571167 0.9801812171936035 -0.15250343084335327 0.010555404238402843 0.08073333650827408 0.16339564323425293 0.9832517504692078 -0.9322996139526367 0.0 0.0 0.0 1.0
0.9883913397789001 0.11259881407022476 -0.102000392973423 0.07547808438539505 -0.1271529495716095 0.9805179238319397 -0.14972220361232758 0.011675054207444191 0.08315467089414597 0.16095377504825592 0.9834526777267456 -0.9352713227272034 0.0 0.0 0.0 1.0
0.9878399968147278 0.1141301840543747 -0.10557673126459122 0.07634218037128448 -0.12948361039161682 0.9798099398612976 -0.15233668684959412 0.012377372942864895 0.08605891466140747 0.16415473818778992 0.9826734662055969 -0.9381296634674072 0.0 0.0 0.0 1.0
0.9875354766845703 0.11416603624820709 -0.10835021734237671 0.07691178470849991 -0.13024909794330597 0.9792386889457703 -0.15532782673835754 0.012771498411893845 0.08836756646633148 0.16750426590442657 0.9819030165672302 -0.9400401711463928 0.0 0.0 0.0 1.0
0.987060010433197 0.11514008045196533 -0.11160345375537872 0.07713476568460464 -0.13174857199192047 0.9790685176849365 -0.1551360785961151 0.013574003241956234 0.09140504151582718 0.16783221065998077 0.9815688729286194 -0.9422210454940796 0.0 0.0 0.0 1.0
0.9867590069770813 0.11488398164510727 -0.11449181288480759 0.07743170857429504 -0.13234829902648926 0.978379487991333 -0.15892617404460907 0.014181436970829964 0.09375836700201035 0.17197462916374207 0.9806294441223145 -0.9442735910415649 0.0 0.0 0.0 1.0
0.9863097071647644 0.1140601858496666 -0.11909410357475281 0.0772557258605957 -0.13232019543647766 0.9784043431282043 -0.15879647433757782 0.015142914839088917 0.09840983152389526 0.17238105833530426 0.9801021814346313 -0.9462946057319641 0.0 0.0 0.0 1.0
0.9860355257987976 0.11376146227121353 -0.12162357568740845 0.07755555957555771 -0.13265182077884674 0.9780641198158264 -0.16060540080070496 0.015959037467837334 0.10068494826555252 0.17449621856212616 0.9794965982437134 -0.9481095671653748 0.0 0.0 0.0 1.0
0.9852380156517029 0.11569594591856003 -0.12617650628089905 0.07787945866584778 -0.13530394434928894 0.9778139591217041 -0.1599147468805313 0.01662992313504219 0.10487566143274307 0.17462627589702606 0.9790335893630981 -0.9504707455635071 0.0 0.0 0.0 1.0
0.985141396522522 0.11511266976594925 -0.12745793163776398 0.07773712277412415 -0.13503386080265045 0.9777275323867798 -0.16066960990428925 0.017074307426810265 0.10612402856349945 0.17549341917037964 0.9787439703941345 -0.9522063136100769 0.0 0.0 0.0 1.0
0.9842292666435242 0.1188325360417366 -0.1310405135154724 0.07815816253423691 -0.13951586186885834 0.9768752455711365 -0.16201886534690857 0.016983147710561752 0.10875711590051651 0.17774593830108643 0.9780482053756714 -0.954067587852478 0.0 0.0 0.0 1.0
0.983674943447113 0.1201840192079544 -0.13393792510032654 0.07833193242549896 -0.14139439165592194 0.9765856862068176 -0.16213585436344147 0.017291249707341194 0.11131571978330612 0.178427055478096 0.9776362180709839 -0.9561924338340759 0.0 0.0 0.0 1.0
0.9835779666900635 0.11816797405481339 -0.1364210993051529 0.07859301567077637 -0.1401299685239792 0.9763559103012085 -0.16459885239601135 0.01766284927725792 0.11374522745609283 0.18101249635219574 0.9768810272216797 -0.9580373764038086 0.0 0.0 0.0 1.0
0.983159601688385 0.11925620585680008 -0.1384742259979248 0.07852018624544144 -0.14162418246269226 0.976089358329773 -0.164900541305542 0.01782597228884697 0.11549781262874603 0.1817348450422287 0.9765412211418152 -0.9596951007843018 0.0 0.0 0.0 1.0
0.9827041625976562 0.1214679628610611 -0.13977861404418945 0.0788164809346199 -0.1443301886320114 0.9753086566925049 -0.16715803742408752 0.017557978630065918 0.11602294445037842 0.18444117903709412 0.9759714007377625 -0.9614416360855103 0.0 0.0 0.0 1.0
0.9819848537445068 0.12440470606088638 -0.14222943782806396 0.07912168651819229 -0.14747144281864166 0.9751690030097961 -0.1652197539806366 0.017462367191910744 0.11814362555742264 0.1832180768251419 0.9759473204612732 -0.9630871415138245 0.0 0.0 0.0 1.0
0.9817124605178833 0.12542667984962463 -0.1432090699672699 0.07940281927585602 -0.14860282838344574 0.9750893115997314 -0.16467560827732086 0.017511989921331406 0.11898691952228546 0.1829453706741333 0.9758960604667664 -0.9641864895820618 0.0 0.0 0.0 1.0
0.9816915392875671 0.12607064843177795 -0.14278626441955566 0.0797937735915184 -0.1491539627313614 0.9750187397003174 -0.16459527611732483 0.017602374777197838 0.11846864968538284 0.18287892639636993 0.9759715795516968 -0.9653649926185608 0.0 0.0 0.0 1.0
0.9816337823867798 0.12580503523349762 -0.14341634511947632 0.0801876112818718 -0.14897489547729492 0.9750910401344299 -0.1643286943435669 0.017901450395584106 0.11917062103748322 0.1826760321855545 0.9759240746498108 -0.9663059711456299 0.0 0.0 0.0 1.0
0.981582522392273 0.12485190480947495 -0.14459523558616638 0.08060239255428314 -0.1480981558561325 0.9754272103309631 -0.16312168538570404 0.018300285562872887 0.12067607045173645 0.18153168261051178 0.9759526252746582 -0.9674190282821655 0.0 0.0 0.0 1.0
0.9819275736808777 0.12389928847551346 -0.1430637389421463 0.08122634142637253 -0.14688214659690857 0.975592851638794 -0.16323056817054749 0.0187307670712471 0.11934781074523926 0.18129411339759827 0.9761601090431213 -0.9686045050621033 0.0 0.0 0.0 1.0
0.9819917678833008 0.12447001039981842 -0.14212439954280853 0.0818944051861763 -0.1475319266319275 0.9751385450363159 -0.16534551978111267 0.018694033846259117 0.11801042407751083 0.1833358258008957 0.9759413599967957 -0.9695906043052673 0.0 0.0 0.0 1.0
0.982307493686676 0.12225484848022461 -0.14186511933803558 0.08228825032711029 -0.14535677433013916 0.9753628969192505 -0.165947824716568 0.018993109464645386 0.11808204650878906 0.18363285064697266 0.9758768677711487 -0.9705315828323364 0.0 0.0 0.0 1.0
0.9828622937202454 0.1201649010181427 -0.13979299366474152 0.0826185941696167 -0.14286383986473083 0.975775957107544 -0.1656840592622757 0.01953713595867157 0.1164972335100174 0.18281596899032593 0.9762206077575684 -0.9716869592666626 0.0 0.0 0.0 1.0
0.9831711649894714 0.11933229118585587 -0.13832680881023407 0.08302891999483109 -0.14176620543003082 0.9759342670440674 -0.16569432616233826 0.019849782809615135 0.11522518843412399 0.182515949010849 0.9764277338981628 -0.972850501537323 0.0 0.0 0.0 1.0
0.9834852814674377 0.11876112967729568 -0.13657420873641968 0.0836842805147171 -0.14068421721458435 0.9763667583465576 -0.16406050324440002 0.020429905503988266 0.11386250704526901 0.18056492507457733 0.9769501686096191 -0.974294126033783 0.0 0.0 0.0 1.0
0.9839155077934265 0.11607450991868973 -0.1357828676700592 0.08382796496152878 -0.1379276067018509 0.9766796231269836 -0.1645384132862091 0.020919552072882652 0.1135176494717598 0.18062010407447815 0.9769800901412964 -0.9757362008094788 0.0 0.0 0.0 1.0
0.9840378761291504 0.11415921151638031 -0.13651779294013977 0.08381705731153488 -0.13674145936965942 0.9759978652000427 -0.16949892044067383 0.02096022106707096 0.11389122158288956 0.18546099960803986 0.9760292172431946 -0.9769924879074097 0.0 0.0 0.0 1.0
0.9845191836357117 0.11305569112300873 -0.13394184410572052 0.08426035940647125 -0.1352493017911911 0.9760734438896179 -0.1702595204114914 0.02130001224577427 0.11148826032876968 0.18573929369449615 0.9762536883354187 -0.9786012172698975 0.0 0.0 0.0 1.0
0.9847103953361511 0.11228097975254059 -0.1331857144832611 0.08432141691446304 -0.1346583515405655 0.9756593704223633 -0.17307770252227783 0.021358661353588104 0.11051055043935776 0.18836598098278046 0.9758614897727966 -0.9808843731880188 0.0 0.0 0.0 1.0
0.9850926995277405 0.11293991655111313 -0.1297570914030075 0.08504050970077515 -0.13483436405658722 0.9753453731536865 -0.1747027337551117 0.021240146830677986 0.10682707279920578 0.1895941197872162 0.9760338068008423 -0.9827252626419067 0.0 0.0 0.0 1.0
0.9849840998649597 0.11325396597385406 -0.13030701875686646 0.08511873334646225 -0.13566799461841583 0.9745414853096008 -0.1785024255514145 0.02076813019812107 0.1067734807729721 0.1935005486011505 0.9752727746963501 -0.9845004081726074 0.0 0.0 0.0 1.0
0.9852054119110107 0.11352768540382385 -0.12838114798069 0.08537404239177704 -0.13575901091098785 0.974189281463623 -0.18034622073173523 0.02072235196828842 0.10459324717521667 0.19510698318481445 0.9751889705657959 -0.9868204593658447 0.0 0.0 0.0 1.0
0.9854781627655029 0.11275491863489151 -0.126960888504982 0.08553734421730042 -0.1349344253540039 0.9739164113998413 -0.18242685496807098 0.02098057046532631 0.10307977348566055 0.1969090849161148 0.9749878644943237 -0.988859236240387 0.0 0.0 0.0 1.0
0.9859514832496643 0.11061863601207733 -0.12515275180339813 0.08562447130680084 -0.13293957710266113 0.9733218550682068 -0.18700700998306274 0.020680934190750122 0.10112744569778442 0.2010175883769989 0.9743537306785583 -0.9905333518981934 0.0 0.0 0.0 1.0
0.9859471321105957 0.10992952436208725 -0.12579244375228882 0.08568709343671799 -0.13254883885383606 0.9730810523033142 -0.1885313093662262 0.020617084577679634 0.10168109089136124 0.20255553722381592 0.9739775061607361 -0.9930036067962646 0.0 0.0 0.0 1.0
0.9861530661582947 0.10883390158414841 -0.12512940168380737 0.08570759743452072 -0.13141417503356934 0.9730805158615112 -0.18932677805423737 0.020807398483157158 0.10115581005811691 0.2031489610671997 0.9739086031913757 -0.994517982006073 0.0 0.0 0.0 1.0
0.9864382743835449 0.10694275796413422 -0.12451032549142838 0.08585886657238007 -0.12924766540527344 0.9736937880516052 -0.18765789270401 0.021138235926628113 0.10116627812385559 0.20120559632778168 0.9743108749389648 -0.9962836503982544 0.0 0.0 0.0 1.0
0.9867070317268372 0.10463322699069977 -0.12434253841638565 0.0859377309679985 -0.12700456380844116 0.973857581615448 -0.1883380264043808 0.021541645750403404 0.10138551145792007 0.20162652432918549 0.9742010831832886 -0.9983647465705872 0.0 0.0 0.0 1.0
0.9869331121444702 0.10323115438222885 -0.12371885031461716 0.08604423701763153 -0.12584346532821655 0.9733485579490662 -0.19171841442584991 0.0214642696082592 0.1006302535533905 0.20478247106075287 0.9736208915710449 -1.0000238418579102 0.0 0.0 0.0 1.0
0.987147331237793 0.10222165286540985 -0.12284503132104874 0.086201511323452 -0.12490423768758774 0.9730106592178345 -0.1940341293811798 0.021758798509836197 0.09969503432512283 0.20688414573669434 0.9732727408409119 -1.0019261837005615 0.0 0.0 0.0 1.0
0.9873722195625305 0.09972207248210907 -0.12309179455041885 0.08648510277271271 -0.12269213050603867 0.9729031324386597 -0.19597479701042175 0.02210766263306141 0.10021337866783142 0.20860245823860168 0.9728526473045349 -1.004130244255066 0.0 0.0 0.0 1.0
0.9878612756729126 0.09767032414674759 -0.12079156935214996 0.08676844835281372 -0.12002383917570114 0.9735558032989502 -0.19437938928604126 0.022910213097929955 0.0986122339963913 0.20651774108409882 0.973460853099823 -1.0057225227355957 0.0 0.0 0.0 1.0
0.9880543351173401 0.09735354036092758 -0.11946099251508713 0.0870010107755661 -0.11961827427148819 0.973235011100769 -0.1962270438671112 0.0233408585190773 0.0971602201461792 0.20817269384860992 0.9732543230056763 -1.007071852684021 0.0 0.0 0.0 1.0
0.9881161451339722 0.09574370086193085 -0.12024819105863571 0.08705268055200577 -0.11822020262479782 0.973362147808075 -0.19644366204738617 0.024134501814842224 0.09823679178953171 0.20832490921020508 0.9731137156486511 -1.008232593536377 0.0 0.0 0.0 1.0
0.9884514808654785 0.09450232237577438 -0.11846079677343369 0.08718565106391907 -0.11608844250440598 0.9746810793876648 -0.19110262393951416 0.025027954950928688 0.09740185737609863 0.2026475965976715 0.9743956327438354 -1.008976936340332 0.0 0.0 0.0 1.0
0.9886881113052368 0.09253079444169998 -0.11804178357124329 0.08740305155515671 -0.11414702236652374 0.9747362732887268 -0.19198866188526154 0.025776216760277748 0.09729474782943726 0.20329102873802185 0.9742723107337952 -1.0096789598464966 0.0 0.0 0.0 1.0
0.9887590408325195 0.09149397164583206 -0.11825554072856903 0.08761599659919739 -0.11322656273841858 0.9747299551963806 -0.1925649344921112 0.026438288390636444 0.09764868766069412 0.20378999412059784 0.9741325974464417 -1.0104315280914307 0.0 0.0 0.0 1.0
0.9892753958702087 0.08941013365983963 -0.11549920588731766 0.08769751340150833 -0.11006078869104385 0.9761708378791809 -0.18702170252799988 0.027504075318574905 0.09602531790733337 0.19772788882255554 0.9755423069000244 -1.0116633176803589 0.0 0.0 0.0 1.0
0.9887006878852844 0.08903046697378159 -0.12060083448886871 0.0876661017537117 -0.11146654188632965 0.9745764136314392 -0.194360613822937 0.02735443226993084 0.10023070871829987 0.20560742914676666 0.9734882712364197 -1.0114052295684814 0.0 0.0 0.0 1.0
0.989208996295929 0.08886289596557617 -0.11648595333099365 0.08806396275758743 -0.11014557629823685 0.9753270745277405 -0.1913244128227234 0.027830246835947037 0.09661026298999786 0.20209023356437683 0.9745901823043823 -1.0136380195617676 0.0 0.0 0.0 1.0
0.9892752170562744 0.08814124763011932 -0.1164715588092804 0.08796417713165283 -0.10953177511692047 0.9751966595649719 -0.19233906269073486 0.027929916977882385 0.09662966430187225 0.20303361117839813 0.9743921756744385 -1.0149871110916138 0.0 0.0 0.0 1.0
0.9890678524971008 0.08850172162055969 -0.11795017868280411 0.08820275962352753 -0.11007407307624817 0.9753641486167908 -0.19117668271064758 0.028324253857135773 0.0981249064207077 0.2020699679851532 0.9744430184364319 -1.0164729356765747 0.0 0.0 0.0 1.0
0.9890806674957275 0.08776414394378662 -0.11839275807142258 0.08822771906852722 -0.10961363464593887 0.9750727415084839 -0.1929197460412979 0.02860075794160366 0.09851010888814926 0.20379064977169037 0.9740457534790039 -1.0179368257522583 0.0 0.0 0.0 1.0
0.9891281723976135 0.08657298982143402 -0.11887186765670776 0.08806444704532623 -0.1085037961602211 0.9752634167671204 -0.19258300960063934 0.028945378959178925 0.0992588922381401 0.2033873349428177 0.9740540385246277 -1.0195003747940063 0.0 0.0 0.0 1.0
0.9890745282173157 0.08581443130970001 -0.11986425518989563 0.0878167375922203 -0.108054019510746 0.9751330614089966 -0.19349384307861328 0.029435191303491592 0.10027903318405151 0.2043316513299942 0.9737518429756165 -1.0211061239242554 0.0 0.0 0.0 1.0
0.9891318678855896 0.0852317214012146 -0.11980697512626648 0.08791854977607727 -0.10770691931247711 0.9747074246406555 -0.19581793248653412 0.029725313186645508 0.10008684545755386 0.20659379661083221 0.973294198513031 -1.0222041606903076 0.0 0.0 0.0 1.0
0.989314079284668 0.08484544605016708 -0.11857026070356369 0.08780673146247864 -0.10724213719367981 0.9744122624397278 -0.1975344568490982 0.029897600412368774 0.09877641499042511 0.2081393450498581 0.9730987548828125 -1.023280143737793 0.0 0.0 0.0 1.0
0.9891750812530518 0.08480890095233917 -0.11974994838237762 0.08754698932170868 -0.10755326598882675 0.9741829633712769 -0.1984938234090805 0.03046002984046936 0.09982431679964066 0.2092246413230896 0.9727590680122375 -1.0246129035949707 0.0 0.0 0.0 1.0
0.9890286326408386 0.08471711724996567 -0.12101803719997406 0.08720438927412033 -0.10780179500579834 0.9740176200866699 -0.19916947185993195 0.031045150011777878 0.10100062936544418 0.21003027260303497 0.9724639654159546 -1.0261750221252441 0.0 0.0 0.0 1.0
0.9890730977058411 0.08437371253967285 -0.12089453637599945 0.08691480755805969 -0.10763495415449142 0.9736445546150208 -0.2010747492313385 0.031335435807704926 0.1007428765296936 0.2118901014328003 0.9720871448516846 -1.0274367332458496 0.0 0.0 0.0 1.0
0.9890908002853394 0.08434108644723892 -0.12077262252569199 0.08653634786605835 -0.10785307735204697 0.9730644822120667 -0.20374788343906403 0.03168472275137901 0.10033524036407471 0.21455083787441254 0.9715455770492554 -1.0287911891937256 0.0 0.0 0.0 1.0
0.9888633489608765 0.08489198237657547 -0.12224004417657852 0.08635213226079941 -0.10894618183374405 0.9724751114845276 -0.20596809685230255 0.031929582357406616 0.10139036178588867 0.21699188649654388 0.9708936810493469 -1.0301827192306519 0.0 0.0 0.0 1.0
0.9886478781700134 0.08567038923501968 -0.12343424558639526 0.0860552117228508 -0.11014629900455475 0.9719929099082947 -0.20759950578212738 0.03192499279975891 0.10219208151102066 0.218838632106781 0.9703949689865112 -1.031732439994812 0.0 0.0 0.0 1.0
0.9885552525520325 0.085199736058712 -0.12449698895215988 0.08573735505342484 -0.11038185656070709 0.9710263609886169 -0.21195191144943237 0.0318206362426281 0.10283160954713821 0.22326837480068207 0.9693177342414856 -1.0331101417541504 0.0 0.0 0.0 1.0
0.9883935451507568 0.08463382720947266 -0.12615613639354706 0.08529030531644821 -0.11064546555280685 0.970087468624115 -0.2160738855600357 0.03145325928926468 0.10409532487392426 0.22752463817596436 0.9681925177574158 -1.034423589706421 0.0 0.0 0.0 1.0
0.9882370233535767 0.08412738889455795 -0.12771134078502655 0.08505085855722427 -0.11061673611402512 0.9698667526245117 -0.21707697212696075 0.031240025535225868 0.10560086369514465 0.2286505103111267 0.967764139175415 -1.035622477531433 0.0 0.0 0.0 1.0
0.9881577491760254 0.08508371561765671 -0.12769126892089844 0.0847301110625267 -0.1117650717496872 0.969291627407074 -0.21904854476451874 0.030926981940865517 0.10513261705636978 0.2307259440422058 0.9673224091529846 -1.0372377634048462 0.0 0.0 0.0 1.0
0.9881784915924072 0.08412572741508484 -0.128164604306221 0.08429063856601715 -0.11149280518293381 0.9681563377380371 -0.22414878010749817 0.030400795862078667 0.10522669553756714 0.23578843474388123 0.9660906791687012 -1.0388747453689575 0.0 0.0 0.0 1.0
0.9881986379623413 0.08419469743967056 -0.12796375155448914 0.0840451791882515 -0.11169413477182388 0.9677441716194153 -0.22582225501537323 0.030223870649933815 0.10482314229011536 0.23745004832744598 0.9657275080680847 -1.039937138557434 0.0 0.0 0.0 1.0
0.9878814220428467 0.08713163435459137 -0.12844590842723846 0.08403584361076355 -0.11470717191696167 0.9673468470573425 -0.22601398825645447 0.0301420409232378 0.10455877333879471 0.23800869286060333 0.9656186103820801 -1.0413804054260254 0.0 0.0 0.0 1.0
0.9877897500991821 0.08765678107738495 -0.12879304587841034 0.08367610722780228 -0.11550004035234451 0.966830849647522 -0.2278110682964325 0.029838163405656815 0.10455190390348434 0.23990504443645477 0.965149998664856 -1.0424139499664307 0.0 0.0 0.0 1.0
0.9878475666046143 0.0880693718791008 -0.1280663013458252 0.08341258764266968 -0.11563106626272202 0.967025101184845 -0.22691822052001953 0.02977016381919384 0.10385879129171371 0.23896904289722443 0.9654569625854492 -1.0430666208267212 0.0 0.0 0.0 1.0
0.9877844452857971 0.0890146866440773 -0.1278996467590332 0.08311032503843307 -0.11663106828927994 0.9666523933410645 -0.2279919534921646 0.02925764210522175 0.10333986580371857 0.24012397229671478 0.9652260541915894 -1.043749213218689 0.0 0.0 0.0 1.0
0.9877749085426331 0.08929840475320816 -0.12777507305145264 0.08269824832677841 -0.1172260195016861 0.9658061265945435 -0.23124995827674866 0.028704358264803886 0.10275569558143616 0.24340146780014038 0.9644672274589539 -1.044352650642395 0.0 0.0 0.0 1.0
0.9880656003952026 0.08727703243494034 -0.12692178785800934 0.08245634287595749 -0.11513810604810715 0.965833842754364 -0.23218145966529846 0.028191883116960526 0.10232125222682953 0.24402403831481934 0.9643560647964478 -1.0444467067718506 0.0 0.0 0.0 1.0
0.9880383014678955 0.08889219164848328 -0.1260099858045578 0.0823734849691391 -0.11637439578771591 0.9659530520439148 -0.23106636106967926 0.028214573860168457 0.10117973387241364 0.24296674132347107 0.9647433757781982 -1.0446760654449463 0.0 0.0 0.0 1.0
0.987980842590332 0.09001953899860382 -0.12565964460372925 0.08223381638526917 -0.11741211265325546 0.9657772779464722 -0.2312762439250946 0.027901669964194298 0.10053984820842743 0.24325045943260193 0.9647387862205505 -1.0445258617401123 0.0 0.0 0.0 1.0
0.9881305694580078 0.09064431488513947 -0.12402260303497314 0.0819767564535141 -0.11741655319929123 0.9662486910820007 -0.22929637134075165 0.02770681120455265 0.09905226528644562 0.2411370575428009 0.9654229879379272 -1.0439727306365967 0.0 0.0 0.0 1.0
0.9884905219078064 0.08970753848552704 -0.12181546539068222 0.08136772364377975 -0.11591864377260208 0.9665317535400391 -0.22886501252651215 0.027412401512265205 0.09720759838819504 0.2403515726327896 0.9658063054084778 -1.0428227186203003 0.0 0.0 0.0 1.0
0.9883888363838196 0.09184546768665314 -0.12104519456624985 0.08149001002311707 -0.11745301634073257 0.967215895652771 -0.22516262531280518 0.027289994060993195 0.09639666974544525 0.23676533997058868 0.9667729139328003 -1.041832685470581 0.0 0.0 0.0 1.0
0.9883059859275818 0.09330694377422333 -0.12060291320085526 0.08108257502317429 -0.11817417293787003 0.9685227870941162 -0.2190854400396347 0.027186036109924316 0.09636448323726654 0.2307755947113037 0.9682233929634094 -1.0404316186904907 0.0 0.0 0.0 1.0
0.988140344619751 0.09463290870189667 -0.12092681974172592 0.08067958801984787 -0.11914624273777008 0.9693089723587036 -0.2150447815656662 0.02716827020049095 0.09686513990163803 0.22690241038799286 0.9690884351730347 -1.0389800071716309 0.0 0.0 0.0 1.0
0.9883294105529785 0.09408863633871078 -0.11980095505714417 0.0802556574344635 -0.11792521178722382 0.9704071283340454 -0.21072180569171906 0.027050739154219627 0.09642917662858963 0.22239011526107788 0.9701773524284363 -1.0373562574386597 0.0 0.0 0.0 1.0
0.9886213541030884 0.0931682139635086 -0.11809946596622467 0.07954283058643341 -0.11645501852035522 0.9709901809692383 -0.2088451236486435 0.026679258793592453 0.09521569311618805 0.22022202610969543 0.9707915186882019 -1.0362635850906372 0.0 0.0 0.0 1.0
0.9880755543708801 0.0958920270204544 -0.12046343088150024 0.07956288009881973 -0.11933109164237976 0.9713383316993713 -0.20557722449302673 0.02635728195309639 0.09729752689599991 0.21750085055828094 0.9711984992027283 -1.035517930984497 0.0 0.0 0.0 1.0
0.9877920150756836 0.09677345305681229 -0.12207289040088654 0.07907859236001968 -0.12016833573579788 0.9720256924629211 -0.20180600881576538 0.026239706203341484 0.09912851452827454 0.21401166915893555 0.9717883467674255 -1.034482717514038 0.0 0.0 0.0 1.0
0.987666666507721 0.09792817384004593 -0.12216627597808838 0.07880215346813202 -0.12129048258066177 0.9719563126564026 -0.20146851241588593 0.025822585448622704 0.09901084005832672 0.2138013392686844 0.9718466401100159 -1.0339446067810059 0.0 0.0 0.0 1.0
0.98753422498703 0.09888116270303726 -0.12246894091367722 0.07832099497318268 -0.12237075716257095 0.9716641902923584 -0.20222292840480804 0.02546001225709915 0.0990026444196701 0.21468868851661682 0.9716517925262451 -1.0332835912704468 0.0 0.0 0.0 1.0
0.9876339435577393 0.09942633658647537 -0.12121731042861938 0.07794207334518433 -0.12227632850408554 0.9724107980728149 -0.19865982234477997 0.025297008454799652 0.09812100231647491 0.2110251784324646 0.9725433588027954 -1.032378077507019 0.0 0.0 0.0 1.0
0.9877656102180481 0.10032805055379868 -0.11938776820898056 0.07756917178630829 -0.12254757434129715 0.9728400707244873 -0.1963779479265213 0.025097696110606194 0.09644298255443573 0.2086060643196106 0.9732328653335571 -1.0316091775894165 0.0 0.0 0.0 1.0
0.9878072142601013 0.1013140007853508 -0.11820461601018906 0.07717245072126389 -0.12338577955961227 0.9724915623664856 -0.197575643658638 0.024589931592345238 0.0949358120560646 0.2097514271736145 0.9731348752975464 -1.030905842781067 0.0 0.0 0.0 1.0
0.9878554344177246 0.10126056522130966 -0.11784721910953522 0.07657545059919357 -0.12317492067813873 0.9726900458335876 -0.1967281848192215 0.024222904816269875 0.09470801800489426 0.2088548243045807 0.973349928855896 -1.0300289392471313 0.0 0.0 0.0 1.0
0.9880091547966003 0.10132613033056259 -0.11649420857429504 0.0764012560248375 -0.12265301495790482 0.9733837246894836 -0.19359846413135529 0.024005355313420296 0.09377697855234146 0.2055654227733612 0.9741399884223938 -1.02924644947052 0.0 0.0 0.0 1.0
0.9882726073265076 0.10175371915102005 -0.11385708302259445 0.07619720697402954 -0.12234748154878616 0.973800539970398 -0.19168630242347717 0.02351566217839718 0.09136929363012314 0.20336845517158508 0.9748296737670898 -1.0283927917480469 0.0 0.0 0.0 1.0
0.9883909821510315 0.10250023007392883 -0.11214712262153625 0.07610298693180084 -0.12264852970838547 0.9739403128623962 -0.19078145921230316 0.02306673303246498 0.08966945856809616 0.2023213505744934 0.9752053618431091 -1.0276185274124146 0.0 0.0 0.0 1.0
0.9884580969810486 0.1023222953081131 -0.11171700805425644 0.07601321488618851 -0.12231578677892685 0.9741305112838745 -0.19002266228199005 0.022703994065523148 0.08938338607549667 0.20149420201778412 0.97540283203125 -1.0267937183380127 0.0 0.0 0.0 1.0
0.9885669350624084 0.10209193080663681 -0.1109621599316597 0.07591141015291214 -0.12170722335577011 0.9746915698051453 -0.18751977384090424 0.022413872182369232 0.08900962769985199 0.19888074696063995 0.9759732484817505 -1.02569580078125 0.0 0.0 0.0 1.0
0.9891448616981506 0.10395756363868713 -0.10385242104530334 0.07653044909238815 -0.12154760956764221 0.9759997129440308 -0.1806953102350235 0.022245872765779495 0.08257528394460678 0.1913568526506424 0.9780408143997192 -1.0246717929840088 0.0 0.0 0.0 1.0
0.9893250465393066 0.10403112322092056 -0.10204620659351349 0.07642419636249542 -0.12130402773618698 0.9759575724601746 -0.18108613789081573 0.021869560703635216 0.08075417578220367 0.19153167307376862 0.9781586527824402 -1.023624300956726 0.0 0.0 0.0 1.0
0.9891682863235474 0.102107934653759 -0.10545168071985245 0.07546164095401764 -0.12010467797517776 0.9760205149650574 -0.18154574930667877 0.021598098799586296 0.08438574522733688 0.1922445446252823 0.9777121543884277 -1.0216904878616333 0.0 0.0 0.0 1.0
0.9892359375953674 0.10228333622217178 -0.10464400798082352 0.07523196190595627 -0.11981027573347092 0.9767245650291443 -0.17791734635829926 0.021376142278313637 0.08401039987802505 0.18853965401649475 0.9784656763076782 -1.0201036930084229 0.0 0.0 0.0 1.0
0.9893268346786499 0.10394622385501862 -0.10211565345525742 0.0752355232834816 -0.12085112184286118 0.9768586754798889 -0.1764713078737259 0.021040594205260277 0.0814090371131897 0.18692858517169952 0.9789945483207703 -1.0191354751586914 0.0 0.0 0.0 1.0
0.9894279837608337 0.10347487032413483 -0.10161278396844864 0.07491696625947952 -0.12020581215620041 0.9771234393119812 -0.17544323205947876 0.02087763510644436 0.08113426715135574 0.1858029067516327 0.979231595993042 -1.017641544342041 0.0 0.0 0.0 1.0
0.9891150593757629 0.10250551253557205 -0.10556544363498688 0.07381919771432877 -0.12014550715684891 0.9768081307411194 -0.17723144590854645 0.020379461348056793 0.08494998514652252 0.18798550963401794 0.9784911870956421 -1.0155068635940552 0.0 0.0 0.0 1.0
0.9891209006309509 0.10309477895498276 -0.10493455827236176 0.07371137291193008 -0.12069673836231232 0.9765518307685852 -0.17826609313488007 0.020125648006796837 0.08409573137760162 0.1889919936656952 0.9783710837364197 -1.0142723321914673 0.0 0.0 0.0 1.0
0.9891501665115356 0.10381381958723068 -0.10394544154405594 0.07356613129377365 -0.12116050720214844 0.9766178727149963 -0.17758841812610626 0.019758502021431923 0.08307884633541107 0.1882556974887848 0.9785998463630676 -1.0126432180404663 0.0 0.0 0.0 1.0
0.9892067313194275 0.10369519144296646 -0.10352439433336258 0.07330793142318726 -0.12069527804851532 0.9772460460662842 -0.17442132532596588 0.019595589488744736 0.0830821543931961 0.1850336492061615 0.9792138934135437 -1.0105607509613037 0.0 0.0 0.0 1.0
0.9892424941062927 0.10276930034160614 -0.1041044071316719 0.0728122889995575 -0.1199008971452713 0.9773186445236206 -0.17456242442131042 0.0190063938498497 0.08380351960659027 0.18516677618026733 0.9791272878646851 -1.0085217952728271 0.0 0.0 0.0 1.0
0.9891281127929688 0.10185670852661133 -0.10606998205184937 0.07157685607671738 -0.119464211165905 0.9771728515625 -0.17567460238933563 0.01798226311802864 0.08575506508350372 0.1864362508058548 0.9787173271179199 -1.0050816535949707 0.0 0.0 0.0 1.0
0.989066481590271 0.10188844054937363 -0.10661247372627258 0.0712389200925827 -0.11940465122461319 0.9775707125663757 -0.17348796129226685 0.017597045749425888 0.08654481172561646 0.18432116508483887 0.9790483713150024 -1.0036026239395142 0.0 0.0 0.0 1.0
0.9890953898429871 0.10180783271789551 -0.1064213439822197 0.07077179849147797 -0.1194072812795639 0.9773321151733398 -0.17482511699199677 0.016948802396655083 0.08621042966842651 0.18562619388103485 0.9788312911987305 -1.0020593404769897 0.0 0.0 0.0 1.0
0.9890912771224976 0.10164196044206619 -0.10661756992340088 0.07026724517345428 -0.11935719102621078 0.9771816730499268 -0.17569801211357117 0.01618722639977932 0.08632645010948181 0.1865069568157196 0.978653609752655 -1.0001214742660522 0.0 0.0 0.0 1.0
0.9894923567771912 0.09920018166303635 -0.10518670827150345 0.06963638961315155 -0.116755411028862 0.9773313999176025 -0.1766110211610794 0.015371316112577915 0.08528243005275726 0.18703636527061462 0.9786441326141357 -0.9978817701339722 0.0 0.0 0.0 1.0
0.9892772436141968 0.10191561281681061 -0.10461213439702988 0.0690578818321228 -0.11909801512956619 0.9775290489196777 -0.17393283545970917 0.014804810285568237 0.08453492820262909 0.18452689051628113 0.9791852235794067 -0.9960722327232361 0.0 0.0 0.0 1.0
0.9896016120910645 0.1018148884177208 -0.1015988290309906 0.06882888078689575 -0.11844903975725174 0.9775845408439636 -0.17406398057937622 0.014038614928722382 0.0815991461277008 0.18428829312324524 0.9794791340827942 -0.9937548041343689 0.0 0.0 0.0 1.0
0.9892881512641907 0.10226517170667648 -0.10416702181100845 0.06800822913646698 -0.11926805973052979 0.977699339389801 -0.1728559285402298 0.013413322158157825 0.08416688442230225 0.18342812359333038 0.9794233441352844 -0.9914276599884033 0.0 0.0 0.0 1.0
0.9894857406616211 0.10330059379339218 -0.10122741758823395 0.06731833517551422 -0.11928318440914154 0.9786693453788757 -0.16726580262184143 0.0129285529255867 0.0817895159125328 0.17758184671401978 0.9807013869285583 -0.9893518686294556 0.0 0.0 0.0 1.0
0.9898024797439575 0.10249397903680801 -0.09892413765192032 0.06654023379087448 -0.11816661804914474 0.9786078929901123 -0.16841380298137665 0.011958545073866844 0.07954654097557068 0.178385928273201 0.980739951133728 -0.9866382479667664 0.0 0.0 0.0 1.0
0.9896957278251648 0.10302973538637161 -0.09943441301584244 0.06582049280405045 -0.11867575347423553 0.9787822961807251 -0.16703680157661438 0.01120163407176733 0.08011488616466522 0.17711606621742249 0.9809237718582153 -0.9844914078712463 0.0 0.0 0.0 1.0
0.9897136688232422 0.10376574099063873 -0.09848612546920776 0.0650118738412857 -0.11901625990867615 0.9791980385780334 -0.1643359363079071 0.010503723286092281 0.07938498258590698 0.17436696588993073 0.9814755320549011 -0.9824373722076416 0.0 0.0 0.0 1.0
0.9896581768989563 0.10382521152496338 -0.09897961467504501 0.06403663754463196 -0.1194821149110794 0.9784708023071289 -0.16828231513500214 0.009429453872144222 0.079376719892025 0.17836827039718628 0.9807568788528442 -0.9799244403839111 0.0 0.0 0.0 1.0
0.9897826910018921 0.10364362597465515 -0.0979192778468132 0.06324739009141922 -0.11881644278764725 0.9791792035102844 -0.16459251940250397 0.008953803218901157 0.07882155478000641 0.1745452582836151 0.9814892411231995 -0.977855384349823 0.0 0.0 0.0 1.0
0.9899170398712158 0.10334262251853943 -0.09687421470880508 0.06229441240429878 -0.11835308372974396 0.9791967868804932 -0.16482165455818176 0.008310484699904919 0.07782581448554993 0.17462512850761414 0.9815545082092285 -0.9750899076461792 0.0 0.0 0.0 1.0
0.9896183013916016 0.10471443831920624 -0.09844021499156952 0.061258573085069656 -0.11975844204425812 0.9794960021972656 -0.16200469434261322 0.007689856458455324 0.07945756614208221 0.1721118688583374 0.9818676114082336 -0.9725537896156311 0.0 0.0 0.0 1.0
0.9896693229675293 0.10498789697885513 -0.09763287007808685 0.060254137963056564 -0.11973394453525543 0.9798170328140259 -0.16006994247436523 0.007218871731311083 0.0788569375872612 0.17010627686977386 0.9822654724121094 -0.9702757596969604 0.0 0.0 0.0 1.0
0.9897283911705017 0.10552135854959488 -0.09645190089941025 0.05921829864382744 -0.1198878362774849 0.9801505208015442 -0.1578982025384903 0.006598243489861488 0.07787575572729111 0.16783975064754486 0.9827335476875305 -0.9677397012710571 0.0 0.0 0.0 1.0
0.9898414611816406 0.10580138117074966 -0.09497344493865967 0.05782760679721832 -0.12011438608169556 0.9797056913375854 -0.1604657620191574 0.005669375881552696 0.07606852799654007 0.17024333775043488 0.9824615716934204 -0.964844286441803 0.0 0.0 0.0 1.0
0.9897523522377014 0.10700711607933044 -0.09455002844333649 0.05683520808815956 -0.12103759497404099 0.9800091981887817 -0.15789832174777985 0.005125772673636675 0.07576365023851395 0.1677243560552597 0.9829183220863342 -0.9628394246101379 0.0 0.0 0.0 1.0
0.9897658228874207 0.10757462680339813 -0.09376222640275955 0.055700015276670456 -0.12139559537172318 0.9801141619682312 -0.1569693386554718 0.004514263477176428 0.07501176744699478 0.16674520075321198 0.9831425547599792 -0.9603101015090942 0.0 0.0 0.0 1.0
0.989959180355072 0.10698685795068741 -0.09238326549530029 0.054372139275074005 -0.1206168532371521 0.9801360964775085 -0.1574319303035736 0.003884682198986411 0.0737050250172615 0.1669941544532776 0.9831991195678711 -0.9579309225082397 0.0 0.0 0.0 1.0
0.989945113658905 0.10656537860631943 -0.09301871061325073 0.05336926877498627 -0.12025441229343414 0.9802907109260559 -0.15674495697021484 0.0032911982852965593 0.0744817927479744 0.16635482013225555 0.9832489490509033 -0.955839991569519 0.0 0.0 0.0 1.0
0.9901009202003479 0.10612108558416367 -0.09186102449893951 0.05207792669534683 -0.11979527026414871 0.9799694418907166 -0.15908795595169067 0.0023532118648290634 0.07313841581344604 0.16851764917373657 0.9829814434051514 -0.9529378414154053 0.0 0.0 0.0 1.0
0.9898470640182495 0.10899081826210022 -0.09123457968235016 0.05117597430944443 -0.12234757840633392 0.9800525307655334 -0.15661458671092987 0.001628110185265541 0.07234512269496918 0.16618682444095612 0.9834368824958801 -0.9510271549224854 0.0 0.0 0.0 1.0
0.9900392889976501 0.10743164271116257 -0.09099776297807693 0.0499817430973053 -0.12084098160266876 0.9800720810890198 -0.1576584279537201 0.0013477427419275045 0.07224685698747635 0.16708430647850037 0.9832920432090759 -0.948661744594574 0.0 0.0 0.0 1.0
0.9901923537254333 0.1075650006532669 -0.0891561359167099 0.04873961955308914 -0.12049055844545364 0.980499804019928 -0.15524862706661224 0.000904159969650209 0.07071825116872787 0.16446848213672638 0.9838440418243408 -0.9458156228065491 0.0 0.0 0.0 1.0
0.9900879263877869 0.10767588764429092 -0.09017664194107056 0.04736673831939697 -0.12088596075773239 0.9801961779594421 -0.15685029327869415 0.0003200526407454163 0.07150180637836456 0.16619667410850525 0.983496904373169 -0.9427182078361511 0.0 0.0 0.0 1.0
0.9906014800071716 0.10561847686767578 -0.08691048622131348 0.04632263630628586 -0.11794716864824295 0.9813550710678101 -0.15175850689411163 0.00040247096330858767 0.06926155090332031 0.16058304905891418 0.9845892190933228 -0.9405890703201294 0.0 0.0 0.0 1.0
0.990713894367218 0.10521378368139267 -0.08611663430929184 0.04506691172719002 -0.11718478053808212 0.9819573760032654 -0.14841653406620026 0.00015400526172015816 0.06894739717245102 0.15712988376617432 0.9851682186126709 -0.9372828006744385 0.0 0.0 0.0 1.0
0.9903613924980164 0.10804317891597748 -0.08666609227657318 0.044013697654008865 -0.12013980746269226 0.9814621806144714 -0.1493263691663742 -0.0009019342833198607 0.06892579793930054 0.15829910337924957 0.9849825501441956 -0.9336064457893372 0.0 0.0 0.0 1.0
0.990371823310852 0.10766609758138657 -0.0870155394077301 0.042845532298088074 -0.11970658600330353 0.9817624092102051 -0.14769205451011658 -0.0015405879821628332 0.06952716410160065 0.15668638050556183 0.9851981401443481 -0.9306319952011108 0.0 0.0 0.0 1.0
0.9903844594955444 0.10750120878219604 -0.08707504719495773 0.041639942675828934 -0.11939489841461182 0.9821327328681946 -0.14546525478363037 -0.002292575780302286 0.06988156586885452 0.15446285903453827 0.9855241179466248 -0.9272628426551819 0.0 0.0 0.0 1.0
0.9905012845993042 0.10677456110715866 -0.08663927018642426 0.04042544960975647 -0.1186375692486763 0.982159435749054 -0.14590412378311157 -0.0032169437035918236 0.06951472163200378 0.15479689836502075 0.9854976534843445 -0.9239947199821472 0.0 0.0 0.0 1.0
0.9908971190452576 0.10512104630470276 -0.08409770578145981 0.039012253284454346 -0.11659479141235352 0.9824215769767761 -0.1457858681678772 -0.004123074468225241 0.06729423999786377 0.1542641520500183 0.985735297203064 -0.9207401871681213 0.0 0.0 0.0 1.0
0.9906991124153137 0.10584250837564468 -0.08551359921693802 0.037714894860982895 -0.11755473166704178 0.9822542667388916 -0.146141916513443 -0.005024751648306847 0.06852806359529495 0.15483520925045013 0.9855607151985168 -0.9177014827728271 0.0 0.0 0.0 1.0
0.990845263004303 0.10584180057048798 -0.08380419760942459 0.03654516488313675 -0.11721819639205933 0.9824468493461609 -0.14511387050151825 -0.005540906451642513 0.06697405874729156 0.1536087691783905 0.9858594536781311 -0.9145399332046509 0.0 0.0 0.0 1.0
0.9908286333084106 0.10614164173603058 -0.08362165838479996 0.035188768059015274 -0.1174674704670906 0.9824602603912354 -0.14482122659683228 -0.006111441645771265 0.06678339838981628 0.15331584215164185 0.9859179854393005 -0.911665141582489 0.0 0.0 0.0 1.0
0.9910386800765991 0.10531643033027649 -0.08216298371553421 0.03346392139792442 -0.11626096069812775 0.982962965965271 -0.1423628032207489 -0.006795099470764399 0.06577003002166748 0.1506393998861313 0.9863985180854797 -0.9079708456993103 0.0 0.0 0.0 1.0
0.9907659888267517 0.10676182806491852 -0.08357466012239456 0.0321643240749836 -0.1177871897816658 0.9830384850502014 -0.1405755877494812 -0.007030039094388485 0.06714899837970734 0.14912153780460358 0.9865362644195557 -0.9054756760597229 0.0 0.0 0.0 1.0
0.9909448027610779 0.10639666765928268 -0.08190357685089111 0.030618127435445786 -0.11707980185747147 0.9833254814147949 -0.13915222883224487 -0.007409956771880388 0.06573253870010376 0.14748142659664154 0.9868781566619873 -0.9025134444236755 0.0 0.0 0.0 1.0
0.9913381934165955 0.10504826158285141 -0.07882549613714218 0.028855856508016586 -0.11546783149242401 0.9831076264381409 -0.14200887084007263 -0.008206948637962341 0.06257615983486176 0.14988063275814056 0.9867218732833862 -0.898424506187439 0.0 0.0 0.0 1.0
0.9914147257804871 0.10439111292362213 -0.07873553037643433 0.028002876788377762 -0.11495617032051086 0.9828140735626221 -0.14443525671958923 -0.007983959279954433 0.06230463460087776 0.1522463709115982 0.9863767623901367 -0.8959582448005676 0.0 0.0 0.0 1.0
0.9916914105415344 0.10401218384504318 -0.07569395750761032 0.02637738175690174 -0.11375490576028824 0.9838119149208069 -0.138469859957695 -0.008676735684275627 0.06006607040762901 0.14592991769313812 0.9874697327613831 -0.8922571539878845 0.0 0.0 0.0 1.0
0.9923116564750671 0.1002090647816658 -0.07263404875993729 0.025664497166872025 -0.10996992141008377 0.9831560254096985 -0.1459823101758957 -0.008231393061578274 0.05678185448050499 0.1528475135564804 0.9866172075271606 -0.8885987997055054 0.0 0.0 0.0 1.0
0.9917820692062378 0.10051978379487991 -0.07914615422487259 0.023839380592107773 -0.11072001606225967 0.9843230247497559 -0.13729272782802582 -0.007908006198704243 0.06410474330186844 0.14492753148078918 0.9873634576797485 -0.8850302696228027 0.0 0.0 0.0 1.0
0.99156254529953 0.10302641242742538 -0.07867176830768585 0.023163489997386932 -0.11255957186222076 0.985323965549469 -0.12832386791706085 -0.007258778437972069 0.0642964318394661 0.13609640300273895 0.9886069893836975 -0.883108913898468 0.0 0.0 0.0 1.0
0.9915778040885925 0.10317622870206833 -0.07828255742788315 0.022195104509592056 -0.11244002729654312 0.9857643842697144 -0.12500335276126862 -0.0071307942271232605 0.06427077949047089 0.13275264203548431 0.9890632033348083 -0.8790845274925232 0.0 0.0 0.0 1.0
0.9921506643295288 0.10037402808666229 -0.07457941770553589 0.020867418497800827 -0.10933595895767212 0.9857500791549683 -0.12783747911453247 -0.007397239096462727 0.06068510189652443 0.13498824834823608 0.9889870882034302 -0.8747513890266418 0.0 0.0 0.0 1.0
0.9917777180671692 0.10291634500026703 -0.07606066018342972 0.020092176273465157 -0.11144547164440155 0.9867357015609741 -0.11803603917360306 -0.006738892290741205 0.06290393322706223 0.12554213404655457 0.9900920391082764 -0.8728367686271667 0.0 0.0 0.0 1.0
0.9919019937515259 0.10239443182945251 -0.07513833791017532 0.018705017864704132 -0.11063634604215622 0.9871534109115601 -0.11527271568775177 -0.006583644077181816 0.062369782477617264 0.12265226989984512 0.9904879927635193 -0.8700098395347595 0.0 0.0 0.0 1.0
0.991766095161438 0.10423801094293594 -0.07439402490854263 0.017497187480330467 -0.11233801394701004 0.9870386719703674 -0.11460712552070618 -0.006668894551694393 0.06148336082696915 0.12202073633670807 0.9906213879585266 -0.8671842813491821 0.0 0.0 0.0 1.0
0.991611123085022 0.10669708997011185 -0.07295986264944077 0.01666671223938465 -0.11382736265659332 0.9882721304893494 -0.1017918586730957 -0.006468642503023148 0.06124329939484596 0.1092427670955658 0.9921266436576843 -0.8650770783424377 0.0 0.0 0.0 1.0
0.9916136264801025 0.10594999045133591 -0.07400672882795334 0.015110048465430737 -0.11349273473024368 0.9878138303756714 -0.10650487244129181 -0.006898441351950169 0.061820678412914276 0.11401090770959854 0.9915542006492615 -0.8620287775993347 0.0 0.0 0.0 1.0
0.9918275475502014 0.10538902133703232 -0.07191145420074463 0.013720246031880379 -0.11232928186655045 0.9885770678520203 -0.10048617422580719 -0.007405569776892662 0.060499876737594604 0.10774271935224533 0.9923362731933594 -0.8600510954856873 0.0 0.0 0.0 1.0
0.9913597702980042 0.10659918934106827 -0.07643548399209976 0.01294435653835535 -0.1141754537820816 0.9881311058998108 -0.10276617109775543 -0.007622649427503347 0.0645734891295433 0.11060530692338943 0.9917644262313843 -0.8578305244445801 0.0 0.0 0.0 1.0
0.9915094971656799 0.10788087546825409 -0.07259952276945114 0.011846588924527168 -0.11441560834646225 0.9890844225883484 -0.09285004436969757 -0.008120824582874775 0.06179031357169151 0.10036822408437729 0.993029773235321 -0.855695903301239 0.0 0.0 0.0 1.0
0.9912750124931335 0.10818488895893097 -0.07529836893081665 0.01087869144976139 -0.11556718498468399 0.9880704283714294 -0.10178942233324051 -0.008900214917957783 0.06338801234960556 0.10960333049297333 0.991952121257782 -0.8528948426246643 0.0 0.0 0.0 1.0
0.9909948110580444 0.11052854359149933 -0.0755823403596878 0.010029084049165249 -0.1178322285413742 0.9879662990570068 -0.10019083321094513 -0.009375911206007004 0.06359885632991791 0.10819463431835175 0.9920933246612549 -0.8514143824577332 0.0 0.0 0.0 1.0
0.9912230372428894 0.10998296737670898 -0.07335295528173447 0.009229369461536407 -0.11697335541248322 0.9881870150566101 -0.09901364892721176 -0.009901442565023899 0.06159662455320358 0.10672494769096375 0.9923787713050842 -0.8492593169212341 0.0 0.0 0.0 1.0
0.9911827445030212 0.11039106547832489 -0.073283851146698 0.008462627418339252 -0.11723190546035767 0.9883810877799988 -0.0967443510890007 -0.010399829596281052 0.06175265833735466 0.10448253899812698 0.9926076531410217 -0.8475494384765625 0.0 0.0 0.0 1.0
0.991192638874054 0.11223391443490982 -0.07029036432504654 0.00799995381385088 -0.1182936504483223 0.9889841675758362 -0.08897699415683746 -0.010961881838738918 0.05952982231974602 0.09650824218988419 0.9935503602027893 -0.8459556698799133 0.0 0.0 0.0 1.0
0.9914334416389465 0.11125188320875168 -0.06843064725399017 0.007567799650132656 -0.1171860471367836 0.98903489112854 -0.08987458050251007 -0.011796030215919018 0.057681579142808914 0.09712378680706024 0.9935994148254395 -0.8437023758888245 0.0 0.0 0.0 1.0
0.9915390014648438 0.11148849129676819 -0.06648857891559601 0.007156583480536938 -0.11727298051118851 0.9889593720436096 -0.09058904647827148 -0.012530416250228882 0.055654872208833694 0.09761989116668701 0.993666410446167 -0.8416211009025574 0.0 0.0 0.0 1.0
0.9915077090263367 0.11285032331943512 -0.06463176757097244 0.006948520895093679 -0.11837336421012878 0.9889560341835022 -0.08918361365795135 -0.013196849264204502 0.05385357886552811 0.09607692062854767 0.9939159750938416 -0.8394757509231567 0.0 0.0 0.0 1.0
0.991576075553894 0.11374306678771973 -0.06196288391947746 0.0065976656042039394 -0.11881458014249802 0.9892317652702332 -0.08546147495508194 -0.013931188732385635 0.05157500132918358 0.09210364520549774 0.9944128394126892 -0.8368059992790222 0.0 0.0 0.0 1.0
0.9918020963668823 0.11276260763406754 -0.06011004000902176 0.006346161011606455 -0.11765310913324356 0.9893919229507446 -0.0852135419845581 -0.014674647711217403 0.04986348748207092 0.09158710390329361 0.9945478439331055 -0.8341293931007385 0.0 0.0 0.0 1.0
0.9918676614761353 0.11253836750984192 -0.05944468453526497 0.005952753592282534 -0.11718804389238358 0.9897528290748596 -0.08158621191978455 -0.015064273029565811 0.04965396597981453 0.0878889337182045 0.9948919415473938 -0.8318461179733276 0.0 0.0 0.0 1.0
0.9919196367263794 0.11223192512989044 -0.059156086295843124 0.005638433620333672 -0.11676626652479172 0.9899510145187378 -0.07976587861776352 -0.016107019037008286 0.04960935190320015 0.08602877706289291 0.9950567483901978 -0.8286533355712891 0.0 0.0 0.0 1.0
0.9918321967124939 0.1125805601477623 -0.05995389446616173 0.005382477305829525 -0.11696884036064148 0.9902575612068176 -0.07555334270000458 -0.016936667263507843 0.05086395889520645 0.08194898068904877 0.995337724685669 -0.8260272741317749 0.0 0.0 0.0 1.0
0.9917959570884705 0.11289597302675247 -0.05996103957295418 0.005122068338096142 -0.11739470809698105 0.9900395274162292 -0.07771909236907959 -0.017852505668997765 0.05058962479233742 0.08412058651447296 0.995170533657074 -0.8234517574310303 0.0 0.0 0.0 1.0
0.991946816444397 0.11231106519699097 -0.05854704603552818 0.004953428637236357 -0.11650535464286804 0.9904317855834961 -0.07396901398897171 -0.01861865445971489 0.04967931658029556 0.0801943689584732 0.9955404996871948 -0.8205457925796509 0.0 0.0 0.0 1.0
0.9920358061790466 0.1124679371714592 -0.05670890212059021 0.004878121893852949 -0.11654235422611237 0.9903836846351624 -0.07455228269100189 -0.01935761421918869 0.04777882993221283 0.08056752383708954 0.9956033825874329 -0.8174964785575867 0.0 0.0 0.0 1.0
0.991741955280304 0.1140546053647995 -0.05864648148417473 0.004727533552795649 -0.11842832714319229 0.9899355173110962 -0.07747498154640198 -0.02023269049823284 0.04921985790133476 0.08378060162067413 0.995267927646637 -0.8150001764297485 0.0 0.0 0.0 1.0
0.9918251633644104 0.11368845403194427 -0.05794662982225418 0.0044132135808467865 -0.11772923171520233 0.9904409646987915 -0.0718783438205719 -0.021275434643030167 0.0492209792137146 0.07811275869607925 0.9957287311553955 -0.81180739402771 0.0 0.0 0.0 1.0
0.9918758869171143 0.11470938473939896 -0.05499063804745674 0.0047956714406609535 -0.11849398165941238 0.9903865456581116 -0.07137024402618408 -0.022050822153687477 0.046275150030851364 0.07730648666620255 0.9959328770637512 -0.808142364025116 0.0 0.0 0.0 1.0
0.9916393756866455 0.11572364717721939 -0.05709102377295494 0.004327656701207161 -0.11947939544916153 0.9905422329902649 -0.06745924055576324 -0.023120803758502007 0.04874444007873535 0.07371643930673599 0.9960872530937195 -0.8056814074516296 0.0 0.0 0.0 1.0
0.9913597106933594 0.11773259192705154 -0.0578356571495533 0.004614569246768951 -0.12164891511201859 0.9901272654533386 -0.06963836401700974 -0.024676308035850525 0.049065954983234406 0.0760723128914833 0.9958943128585815 -0.8016666769981384 0.0 0.0 0.0 1.0
0.9916725754737854 0.11559400707483292 -0.05677584186196327 0.004856931511312723 -0.11924754828214645 0.9906793236732483 -0.06583662331104279 -0.02567404881119728 0.04863633215427399 0.07205875962972641 0.9962138533592224 -0.7991936802864075 0.0 0.0 0.0 1.0
0.9915890693664551 0.11650698632001877 -0.056366488337516785 0.004861845169216394 -0.1201949194073677 0.9904745817184448 -0.06718112528324127 -0.027098076418042183 0.04800250381231308 0.07339103519916534 0.9961473345756531 -0.7967642545700073 0.0 0.0 0.0 1.0
0.9913716912269592 0.11642953008413315 -0.06021862104535103 0.004703917074948549 -0.12029282748699188 0.9906023740768433 -0.06508851796388626 -0.028268031775951385 0.05207448452711105 0.07177078723907471 0.996060848236084 -0.7945560216903687 0.0 0.0 0.0 1.0
0.9915421605110168 0.11587344855070114 -0.058459095656871796 0.005056099500507116 -0.1195879802107811 0.9907171726226807 -0.06463855504989624 -0.029225008562207222 0.05042653903365135 0.07108286023139954 0.9961949586868286 -0.7921622395515442 0.0 0.0 0.0 1.0
0.9914327263832092 0.11661487817764282 -0.058839283883571625 0.005491145886480808 -0.1205616220831871 0.9903261065483093 -0.06869527697563171 -0.03020467795431614 0.050259191542863846 0.07520050555467606 0.9959010481834412 -0.789539098739624 0.0 0.0 0.0 1.0
0.9912700057029724 0.11817169934511185 -0.05847444757819176 0.005346574354916811 -0.12191203981637955 0.9903993010520935 -0.06516651064157486 -0.0311160646378994 0.05021221190690994 0.07172634452581406 0.9961596727371216 -0.7871793508529663 0.0 0.0 0.0 1.0
0.9914677739143372 0.11763325333595276 -0.05616159364581108 0.00585935777053237 -0.12105394899845123 0.9907092452049255 -0.061977144330739975 -0.031660374253988266 0.04834923520684242 0.06824692338705063 0.9964962005615234 -0.7851079106330872 0.0 0.0 0.0 1.0
0.9908918738365173 0.12067452073097229 -0.05975748226046562 0.0062899524345994 -0.1245192214846611 0.9900569319725037 -0.06543846428394318 -0.0327262356877327 0.05126655846834183 0.07228339463472366 0.9960656762123108 -0.7825352549552917 0.0 0.0 0.0 1.0
0.991413414478302 0.11850260198116302 -0.055286798626184464 0.0064621311612427235 -0.12189191579818726 0.9905679225921631 -0.06258987635374069 -0.03289847820997238 0.0473482683300972 0.0687914565205574 0.9965068101882935 -0.7808707356452942 0.0 0.0 0.0 1.0
0.9913525581359863 0.11850526183843613 -0.05636183172464371 0.0065819635055959225 -0.12170705199241638 0.9909143447875977 -0.05723785609006882 -0.03332012519240379 0.04906675964593887 0.06360252946615219 0.9967683553695679 -0.7787759900093079 0.0 0.0 0.0 1.0
0.9914547801017761 0.1180831715464592 -0.05544162541627884 0.00706490408629179 -0.1212310940027237 0.9909672141075134 -0.05733218416571617 -0.0341365784406662 0.048170868307352066 0.0635635182261467 0.9968145489692688 -0.7766335010528564 0.0 0.0 0.0 1.0
0.9913008213043213 0.11876499652862549 -0.05672306567430496 0.0074745602905750275 -0.12234216928482056 0.990395724773407 -0.06441041082143784 -0.03530219942331314 0.048528578132390976 0.07078971713781357 0.9963101148605347 -0.7738888263702393 0.0 0.0 0.0 1.0
0.990767776966095 0.12169751524925232 -0.05974090099334717 0.008086694404482841 -0.1250099241733551 0.9906163811683655 -0.05524266138672829 -0.03585562855005264 0.05245741829276085 0.06220085173845291 0.9966841340065002 -0.7718105912208557 0.0 0.0 0.0 1.0
0.991078794002533 0.11941774934530258 -0.0591794028878212 0.008667420595884323 -0.12258440256118774 0.991035521030426 -0.05311926454305649 -0.03655870258808136 0.05230550840497017 0.05989984795451164 0.996833086013794 -0.7694742679595947 0.0 0.0 0.0 1.0
0.9911994934082031 0.11832594871520996 -0.05935065448284149 0.00913255289196968 -0.12150794267654419 0.9911629557609558 -0.05321447551250458 -0.03771991655230522 0.05252951756119728 0.05995773524045944 0.9968177676200867 -0.7675338387489319 0.0 0.0 0.0 1.0
0.9911324381828308 0.11906401067972183 -0.05899345874786377 0.009722426533699036 -0.121745266020298 0.9915791749954224 -0.04414540156722069 -0.03870429843664169 0.05324055626988411 0.05093611404299736 0.9972817897796631 -0.7657081484794617 0.0 0.0 0.0 1.0
0.991094708442688 0.12000960111618042 -0.05769715830683708 0.010508114472031593 -0.12272883206605911 0.9913669228553772 -0.04614344239234924 -0.03991560637950897 0.05166139826178551 0.05281362682580948 0.9972671866416931 -0.7641064524650574 0.0 0.0 0.0 1.0
0.9912846684455872 0.1187029629945755 -0.05713379383087158 0.011209373362362385 -0.12159620225429535 0.9913123846054077 -0.050140902400016785 -0.0409817211329937 0.05068556219339371 0.05665116384625435 0.9971066117286682 -0.7625471353530884 0.0 0.0 0.0 1.0
0.991199254989624 0.12014640122652054 -0.05557812750339508 0.012502283789217472 -0.12285682559013367 0.9912520051002502 -0.04822450503706932 -0.04218874126672745 0.04929793253540993 0.054628245532512665 0.9972890615463257 -0.7609974145889282 0.0 0.0 0.0 1.0
0.9913628101348877 0.11864591389894485 -0.05588310584425926 0.013272593729197979 -0.12145306915044785 0.9913452863693237 -0.049835994839668274 -0.044048409909009933 0.04948661848902702 0.05619272589683533 0.9971928000450134 -0.7571002244949341 0.0 0.0 0.0 1.0
0.9914213418960571 0.11817752569913864 -0.0558374859392643 0.013928845524787903 -0.12112431973218918 0.9912367463111877 -0.05271250382065773 -0.04506905376911163 0.04911873862147331 0.059023577719926834 0.9970474243164062 -0.7548226118087769 0.0 0.0 0.0 1.0
0.9914091229438782 0.11803467571735382 -0.056353919208049774 0.01460892241448164 -0.1207565888762474 0.9915396571159363 -0.04761194810271263 -0.045781247317790985 0.05025728419423103 0.05400802567601204 0.9972749352455139 -0.7524794340133667 0.0 0.0 0.0 1.0
0.9913938045501709 0.11662059277296066 -0.05948084965348244 0.014743705280125141 -0.1195719838142395 0.991628885269165 -0.048731353133916855 -0.04748648777604103 0.05329984799027443 0.05542420595884323 0.997039258480072 -0.7493836283683777 0.0 0.0 0.0 1.0
0.9915273189544678 0.11450701206922531 -0.06133287400007248 0.015252712182700634 -0.11755606532096863 0.991874098777771 -0.04864450544118881 -0.04866122826933861 0.05526435375213623 0.055442407727241516 0.9969313144683838 -0.7466320991516113 0.0 0.0 0.0 1.0
0.9910959601402283 0.11431149393320084 -0.06827638298273087 0.015317097306251526 -0.11819783598184586 0.9914166927337646 -0.05587686598300934 -0.050506945699453354 0.06130297854542732 0.06344945728778839 0.9961004257202148 -0.7426965236663818 0.0 0.0 0.0 1.0
0.991220235824585 0.11392942816019058 -0.06710080057382584 0.015980930998921394 -0.1174202635884285 0.991792619228363 -0.050595205277204514 -0.051686398684978485 0.06078580021858215 0.058029986917972565 0.9964625239372253 -0.7407424449920654 0.0 0.0 0.0 1.0
0.991499662399292 0.11206933110952377 -0.06609717756509781 0.01627787947654724 -0.11556372046470642 0.9919566512107849 -0.051643192768096924 -0.053101468831300735 0.059777915477752686 0.05884264409542084 0.996475875377655 -0.7381560802459717 0.0 0.0 0.0 1.0
0.9910759329795837 0.11206629872322083 -0.07217767089605331 0.01645008847117424 -0.11625366657972336 0.9916008710861206 -0.0566820465028286 -0.05469337850809097 0.06521929055452347 0.06456713378429413 0.9957798719406128 -0.7354549169540405 0.0 0.0 0.0 1.0
0.9914847612380981 0.10962376743555069 -0.07028953731060028 0.016384603455662727 -0.11360228061676025 0.9919837713241577 -0.055341433733701706 -0.056257881224155426 0.06365934014320374 0.06285524368286133 0.9959903359413147 -0.7321856617927551 0.0 0.0 0.0 1.0
0.9912599921226501 0.10977594554424286 -0.07316294312477112 0.016502900049090385 -0.11421306431293488 0.9916730523109436 -0.05949729308485985 -0.05797669291496277 0.0660223439335823 0.06733345240354538 0.9955437183380127 -0.7288672924041748 0.0 0.0 0.0 1.0
0.9911253452301025 0.11038632690906525 -0.07406352460384369 0.016444997861981392 -0.11481471359729767 0.9916654825210571 -0.05845603719353676 -0.05970000848174095 0.06699349731206894 0.06644084304571152 0.9955387711524963 -0.725921630859375 0.0 0.0 0.0 1.0
0.9911913871765137 0.10924787819385529 -0.07486370205879211 0.016214217990636826 -0.11365367472171783 0.9918637275695801 -0.05735135078430176 -0.061309680342674255 0.06798908114433289 0.06535469740629196 0.9955431818962097 -0.721768856048584 0.0 0.0 0.0 1.0
0.9916247725486755 0.10799682885408401 -0.07083064317703247 0.01613958738744259 -0.11188046634197235 0.9922880530357361 -0.0533595085144043 -0.06259287893772125 0.06452174484729767 0.06083717569708824 0.9960601329803467 -0.717988908290863 0.0 0.0 0.0 1.0
0.9913034439086914 0.10898636281490326 -0.07375240325927734 0.015379081480205059 -0.11311202496290207 0.9920985698699951 -0.054277870804071426 -0.06418409943580627 0.06725411117076874 0.06214812397956848 0.9957984089851379 -0.7134249806404114 0.0 0.0 0.0 1.0
0.9910804629325867 0.11099180579185486 -0.0737588182091713 0.015242957510054111 -0.11493025720119476 0.9920388460159302 -0.051477935165166855 -0.06543540209531784 0.06745798140764236 0.059495892375707626 0.9959465861320496 -0.7087042331695557 0.0 0.0 0.0 1.0
0.9906325936317444 0.11280890554189682 -0.07694953680038452 0.013996842317283154 -0.11696720868349075 0.9917814135551453 -0.05184892565011978 -0.06747538596391678 0.07046809792518616 0.060363806784152985 0.9956859350204468 -0.7035297155380249 0.0 0.0 0.0 1.0
0.9903108477592468 0.11457164585590363 -0.07847120612859726 0.013193783350288868 -0.11846157908439636 0.9918532967567444 -0.04683919623494148 -0.06872189790010452 0.07246547937393188 0.05568118765950203 0.9958153963088989 -0.6993522047996521 0.0 0.0 0.0 1.0
0.9903171062469482 0.11374049633741379 -0.07959389686584473 0.01230384036898613 -0.11759330332279205 0.9920186996459961 -0.045505475252866745 -0.07012245804071426 0.07378281652927399 0.05442455783486366 0.9957881569862366 -0.6941123008728027 0.0 0.0 0.0 1.0
0.9900255799293518 0.11462326347827911 -0.08191952854394913 0.011501457542181015 -0.11857707053422928 0.9919185042381287 -0.04513455182313919 -0.0719132050871849 0.07608403265476227 0.05439813807606697 0.9956164360046387 -0.689204216003418 0.0 0.0 0.0 1.0
0.9896981716156006 0.11506234854459763 -0.08519522100687027 0.010834284126758575 -0.1192854642868042 0.9917824864387512 -0.04624423384666443 -0.07347724586725235 0.07917415350675583 0.05593038350343704 0.9952905178070068 -0.6844969391822815 0.0 0.0 0.0 1.0
0.9897775053977966 0.11476440727710724 -0.08467366546392441 0.010612841695547104 -0.11878097057342529 0.9919444918632507 -0.04401383176445961 -0.07500509172677994 0.07894035428762436 0.05362151935696602 0.9954361915588379 -0.6789007782936096 0.0 0.0 0.0 1.0
0.9896742701530457 0.11543404310941696 -0.08496936410665512 0.010516139678657055 -0.11931778490543365 0.9919619560241699 -0.04212772101163864 -0.07635609805583954 0.07942340523004532 0.05183107778429985 0.9954925775527954 -0.6734194159507751 0.0 0.0 0.0 1.0
0.9897385239601135 0.11519546806812286 -0.08454366773366928 0.0104838190600276 -0.11908528208732605 0.991974413394928 -0.042490918189287186 -0.07753032445907593 0.07897038757801056 0.0521228052675724 0.995513379573822 -0.6686413288116455 0.0 0.0 0.0 1.0
0.9895294904708862 0.11483456939458847 -0.08743240684270859 0.010075465776026249 -0.11848286539316177 0.9922389388084412 -0.03773150593042374 -0.07865886390209198 0.0824209600687027 0.04769568145275116 0.9954556226730347 -0.6627202033996582 0.0 0.0 0.0 1.0
0.9894132614135742 0.11405251920223236 -0.08974072337150574 0.010217777453362942 -0.11797376722097397 0.992224395275116 -0.03966004401445389 -0.0797060877084732 0.08451960980892181 0.049827225506305695 0.9951751828193665 -0.6573823094367981 0.0 0.0 0.0 1.0
0.9895985126495361 0.11487046629190445 -0.0865996927022934 0.010600910522043705 -0.11837626248598099 0.9922984838485718 -0.03648041933774948 -0.08102571219205856 0.08174221962690353 0.046352319419384 0.9955750703811646 -0.6529866456985474 0.0 0.0 0.0 1.0
0.9894205927848816 0.11533314734697342 -0.08800627291202545 0.011413530446588993 -0.11888311803340912 0.9922479391098022 -0.036205776035785675 -0.08277641236782074 0.08314831554889679 0.046285200864076614 0.9954617023468018 -0.6480913162231445 0.0 0.0 0.0 1.0
0.98970627784729 0.11492424458265305 -0.08528728783130646 0.012025450356304646 -0.11800330132246017 0.992498517036438 -0.03196802735328674 -0.08429581671953201 0.08097360283136368 0.04170313850045204 0.9958434104919434 -0.6443647742271423 0.0 0.0 0.0 1.0
0.9891788363456726 0.11612962931394577 -0.08966110646724701 0.012699296697974205 -0.11976031213998795 0.9921420216560364 -0.03621730953454971 -0.08593767881393433 0.08475064486265182 0.04656323790550232 0.9953136444091797 -0.6402367949485779 0.0 0.0 0.0 1.0
0.988934338092804 0.11554238200187683 -0.09305312484502792 0.013211652636528015 -0.12005238980054855 0.9917739629745483 -0.044404685497283936 -0.08841394633054733 0.08715704083442688 0.05508456751704216 0.9946704506874084 -0.6348688006401062 0.0 0.0 0.0 1.0
0.989321768283844 0.11672783643007278 -0.08727549761533737 0.014218302443623543 -0.12037994712591171 0.9920077323913574 -0.03780656307935715 -0.08921253681182861 0.08216489106416702 0.047909077256917953 0.9954665303230286 -0.633000910282135 0.0 0.0 0.0 1.0
0.9892094731330872 0.11732567101716995 -0.08774591982364655 0.014695901423692703 -0.12069566547870636 0.9921029210090637 -0.034122977405786514 -0.0905369222164154 0.0830494835972786 0.04434532672166824 0.9955582618713379 -0.6299912929534912 0.0 0.0 0.0 1.0
0.9893937110900879 0.1171182170510292 -0.08592696487903595 0.015429675579071045 -0.12039081752300262 0.9921465516090393 -0.03392975032329559 -0.09208818525075912 0.08127835392951965 0.04391469806432724 0.9957235455513 -0.6266170740127563 0.0 0.0 0.0 1.0
0.9889118671417236 0.11969517916440964 -0.08789964020252228 0.01597076654434204 -0.12300679087638855 0.991848349571228 -0.03325853869318962 -0.09365752339363098 0.08320222795009613 0.04370201751589775 0.9955739378929138 -0.6233930587768555 0.0 0.0 0.0 1.0
0.988956093788147 0.11943648010492325 -0.08775380998849869 0.01626458577811718 -0.1228378415107727 0.9918296337127686 -0.03442121297121048 -0.09482759237289429 0.08292568475008011 0.04482055827975273 0.9955472946166992 -0.6204325556755066 0.0 0.0 0.0 1.0
0.9880651235580444 0.12199761718511581 -0.09404213726520538 0.01640670746564865 -0.1257287561893463 0.9914538860321045 -0.0348055362701416 -0.09623795747756958 0.08899225294589996 0.046213939785957336 0.9949596524238586 -0.6170486807823181 0.0 0.0 0.0 1.0
0.9883394241333008 0.1213783398270607 -0.0919375866651535 0.016622113063931465 -0.12469564378261566 0.9917037487030029 -0.031219661235809326 -0.09729915112257004 0.08738546073436737 0.04231983795762062 0.9952752590179443 -0.6142670512199402 0.0 0.0 0.0 1.0
0.9881317615509033 0.12199825048446655 -0.09333808720111847 0.01676957681775093 -0.12539157271385193 0.9916110634803772 -0.03137606009840965 -0.09820158034563065 0.08872725814580917 0.04270749166607857 0.9951399564743042 -0.6117503046989441 0.0 0.0 0.0 1.0
0.9877752065658569 0.12298795580863953 -0.09578178077936172 0.016836173832416534 -0.1264001876115799 0.991513729095459 -0.030389102175831795 -0.09929437190294266 0.09123145788908005 0.0421244353055954 0.9949383735656738 -0.6083077192306519 0.0 0.0 0.0 1.0
0.9875553250312805 0.12351691722869873 -0.0973554328083992 0.016992541030049324 -0.1269518882036209 0.9914583563804626 -0.029891742393374443 -0.10002442449331284 0.09283172339200974 0.04187920317053795 0.9948006868362427 -0.6056900024414062 0.0 0.0 0.0 1.0
0.9875023365020752 0.12377633154392242 -0.097563236951828 0.017383471131324768 -0.12695623934268951 0.9915390014648438 -0.027064736932516098 -0.10053688287734985 0.09338778257369995 0.03911275416612625 0.9948612451553345 -0.6032662391662598 0.0 0.0 0.0 1.0
0.9872800707817078 0.12494423985481262 -0.0983210876584053 0.017908722162246704 -0.12818631529808044 0.99137282371521 -0.02735394611954689 -0.10124436765909195 0.09405513107776642 0.03960942476987839 0.9947787523269653 -0.6001256108283997 0.0 0.0 0.0 1.0
0.9869629740715027 0.12642134726047516 -0.09960798919200897 0.018271129578351974 -0.1298523247241974 0.9911172389984131 -0.028723174706101418 -0.10169777274131775 0.09509196877479553 0.04128303751349449 0.9946120977401733 -0.597206175327301 0.0 0.0 0.0 1.0
0.9867872595787048 0.12780506908893585 -0.09958300739526749 0.01872776262462139 -0.13092201948165894 0.9910674095153809 -0.025393333286046982 -0.1017022579908371 0.0954480767250061 0.03809542581439018 0.9947052001953125 -0.5950610637664795 0.0 0.0 0.0 1.0
0.9863077402114868 0.12990915775299072 -0.10159073770046234 0.019145403057336807 -0.13285116851329803 0.9908755421638489 -0.02272186055779457 -0.10169757157564163 0.09771200269460678 0.03590719401836395 0.9945667386054993 -0.5923342704772949 0.0 0.0 0.0 1.0
0.986087441444397 0.13133907318115234 -0.10189007222652435 0.01996646635234356 -0.13435538113117218 0.9906592965126038 -0.023298421874642372 -0.10176566988229752 0.0978783518075943 0.036663759499788284 0.9945228099822998 -0.5897167921066284 0.0 0.0 0.0 1.0
0.9859733581542969 0.13144606351852417 -0.10285157710313797 0.02123350091278553 -0.13513816893100739 0.9903796315193176 -0.029762621968984604 -0.10225126892328262 0.09794992953538895 0.04324432462453842 0.9942513704299927 -0.5868221521377563 0.0 0.0 0.0 1.0
0.9859529137611389 0.13101772964000702 -0.10359149426221848 0.022678298875689507 -0.13464300334453583 0.9904760122299194 -0.028783578425645828 -0.10285486280918121 0.09883373230695724 0.042327120900154114 0.9942033290863037 -0.5837418437004089 0.0 0.0 0.0 1.0
0.9860387444496155 0.1297035664319992 -0.10442479699850082 0.023828821256756783 -0.13334371149539948 0.9906560182571411 -0.02863740548491478 -0.10280067473649979 0.09973468631505966 0.042161982506513596 0.9941204190254211 -0.5813620686531067 0.0 0.0 0.0 1.0
0.9859676957130432 0.12895770370960236 -0.10600785166025162 0.025367841124534607 -0.13248322904109955 0.9908205270767212 -0.026887202635407448 -0.10295534133911133 0.10156744718551636 0.04055417701601982 0.9940017461776733 -0.5790560841560364 0.0 0.0 0.0 1.0
0.9860739707946777 0.12830543518066406 -0.10581018030643463 0.027122050523757935 -0.1316341757774353 0.9909812808036804 -0.025070926174521446 -0.10311467200517654 0.10163916647434235 0.0386500246822834 0.9940702319145203 -0.5769591331481934 0.0 0.0 0.0 1.0
0.9860117435455322 0.1277279555797577 -0.10708130151033401 0.028935298323631287 -0.13170763850212097 0.9908060431480408 -0.030926410108804703 -0.10360515117645264 0.10214663296937943 0.04459722712635994 0.9937691688537598 -0.5746982097625732 0.0 0.0 0.0 1.0
0.9856810569763184 0.1287030577659607 -0.10894187539815903 0.030413957312703133 -0.132834330201149 0.9906368255615234 -0.031524088233709335 -0.10375986248254776 0.10386458039283752 0.045543916523456573 0.9935481548309326 -0.5729807615280151 0.0 0.0 0.0 1.0
0.9857262969017029 0.12683527171611786 -0.11070884764194489 0.03231986239552498 -0.130987286567688 0.9908978939056396 -0.031043732538819313 -0.10367890447378159 0.10576372593641281 0.0451020747423172 0.9933679103851318 -0.5713071823120117 0.0 0.0 0.0 1.0
0.9856807589530945 0.1264260709285736 -0.11157920956611633 0.03403465077280998 -0.1308043748140335 0.9908653497695923 -0.032803021371364594 -0.10373852401971817 0.10641282051801682 0.04692835733294487 0.9932140111923218 -0.5699707865715027 0.0 0.0 0.0 1.0
0.9858096241950989 0.1258777379989624 -0.11105935275554657 0.035531360656023026 -0.13043294847011566 0.990848958492279 -0.03472229838371277 -0.10400216281414032 0.10567227005958557 0.04871537536382675 0.9932070374488831 -0.5686630010604858 0.0 0.0 0.0 1.0
0.9858816862106323 0.12508416175842285 -0.11131621152162552 0.0373229943215847 -0.12959204614162445 0.9909774661064148 -0.03419838473200798 -0.10404816269874573 0.10603418201208115 0.04814125597476959 0.993196427822113 -0.5669606328010559 0.0 0.0 0.0 1.0
0.9858157634735107 0.1240776851773262 -0.11301329731941223 0.03822648897767067 -0.1292027235031128 0.990843653678894 -0.03918566554784775 -0.10404840111732483 0.1071164458990097 0.05323147401213646 0.9928204417228699 -0.5654560923576355 0.0 0.0 0.0 1.0
0.9848534464836121 0.12697362899780273 -0.1180734783411026 0.038926828652620316 -0.13132944703102112 0.9908895492553711 -0.029840920120477676 -0.10411658883094788 0.11320876330137253 0.04489545896649361 0.9925563931465149 -0.5640156269073486 0.0 0.0 0.0 1.0
0.9845361113548279 0.1275622695684433 -0.12006887793540955 0.03985193744301796 -0.1319933831691742 0.9908064007759094 -0.029672512784600258 -0.10456130653619766 0.11517991870641708 0.04506195709109306 0.9923220276832581 -0.561952531337738 0.0 0.0 0.0 1.0
0.9842588305473328 0.1280672252178192 -0.12179236859083176 0.04048212245106697 -0.13287067413330078 0.9906122088432312 -0.0321381650865078 -0.10522366315126419 0.11653316020965576 0.04781490936875343 0.9920351505279541 -0.5602839589118958 0.0 0.0 0.0 1.0
0.9836063981056213 0.12830084562301636 -0.12671737372875214 0.04082002863287926 -0.13403066992759705 0.9902582168579102 -0.03774113208055496 -0.10544128715991974 0.12064070999622345 0.05410643294453621 0.9912205934524536 -0.558160662651062 0.0 0.0 0.0 1.0
0.9834733009338379 0.12904824316501617 -0.12699155509471893 0.04178231954574585 -0.13442657887935638 0.990315854549408 -0.03469865769147873 -0.10531897842884064 0.12128394097089767 0.05119624361395836 0.9912967085838318 -0.5558804869651794 0.0 0.0 0.0 1.0
0.9837867617607117 0.12872742116451263 -0.12487144023180008 0.04247350990772247 -0.1333412081003189 0.9906373620033264 -0.029287142679095268 -0.10510586202144623 0.11993225663900375 0.04546281322836876 0.9917405843734741 -0.5539293885231018 0.0 0.0 0.0 1.0
0.983754575252533 0.128657266497612 -0.12519685924053192 0.04266417399048805 -0.1334286481142044 0.99058997631073 -0.030467519536614418 -0.10547758638858795 0.12009888887405396 0.04667741060256958 0.9916639924049377 -0.5513321757316589 0.0 0.0 0.0 1.0
0.9839643239974976 0.12911859154701233 -0.12305519729852676 0.043633803725242615 -0.13325728476047516 0.9907408356666565 -0.025983091443777084 -0.1050603985786438 0.11856090277433395 0.04196443781256676 0.9920596480369568 -0.5487639904022217 0.0 0.0 0.0 1.0
0.9841306805610657 0.1298820674419403 -0.12090273946523666 0.04424858093261719 -0.1334979087114334 0.9907988905906677 -0.022268952801823616 -0.10495145618915558 0.11689796298742294 0.038055822253227234 0.9924145340919495 -0.5458365082740784 0.0 0.0 0.0 1.0
0.984444260597229 0.12979479134082794 -0.11841773986816406 0.04478651285171509 -0.1331259310245514 0.9908843040466309 -0.020634057000279427 -0.10485612601041794 0.11466008424758911 0.036077551543712616 0.9927494525909424 -0.5432749390602112 0.0 0.0 0.0 1.0
0.9852801561355591 0.12569938600063324 -0.11585602909326553 0.04475259780883789 -0.1287463754415512 0.9914922118186951 -0.019172878935933113 -0.10448818653821945 0.11246033012866974 0.033806703984737396 0.9930809736251831 -0.5393463969230652 0.0 0.0 0.0 1.0
0.9858194589614868 0.12414209544658661 -0.1129104420542717 0.04564135894179344 -0.12673237919807434 0.9918074011802673 -0.016032135114073753 -0.1042613610625267 0.10999514162540436 0.030114198103547096 0.9934757947921753 -0.535852313041687 0.0 0.0 0.0 1.0
0.9863985180854797 0.1223917305469513 -0.1097186952829361 0.046345021575689316 -0.12455286085605621 0.9921272993087769 -0.013038619421422482 -0.10421141237020493 0.10725909471511841 0.026527052745223045 0.9938771724700928 -0.5328319668769836 0.0 0.0 0.0 1.0
0.9871059656143188 0.11989902704954147 -0.10604748129844666 0.047397300601005554 -0.12247151136398315 0.9923076033592224 -0.018063953146338463 -0.10478289425373077 0.10306587815284729 0.03081883117556572 0.9941969513893127 -0.5283860564231873 0.0 0.0 0.0 1.0
0.9875523447990417 0.11838880926370621 -0.10355903953313828 0.048386331647634506 -0.12049919366836548 0.9926097989082336 -0.014343194663524628 -0.10556311160326004 0.10109563916921616 0.026643436402082443 0.9945198893547058 -0.5247662663459778 0.0 0.0 0.0 1.0
0.9879812598228455 0.11584211885929108 -0.10234060883522034 0.04942012578248978 -0.118000328540802 0.9928961396217346 -0.015271855518221855 -0.10593511909246445 0.09984446316957474 0.027164531871676445 0.9946321845054626 -0.5212529897689819 0.0 0.0 0.0 1.0
0.9876914620399475 0.11396072804927826 -0.1071377545595169 0.049988120794296265 -0.11689405888319016 0.9929118752479553 -0.021489178761839867 -0.10662417858839035 0.10392942279577255 0.03374844416975975 0.9940119385719299 -0.5157718658447266 0.0 0.0 0.0 1.0
0.9881518483161926 0.11381518840789795 -0.10296636819839478 0.05126092955470085 -0.11610504239797592 0.9930997490882874 -0.016506053507328033 -0.10669239610433578 0.10037723928689957 0.02826540172100067 0.9945479035377502 -0.5124021172523499 0.0 0.0 0.0 1.0
0.9893530011177063 0.1109725683927536 -0.09415795654058456 0.05214858427643776 -0.11147057265043259 0.9937677383422852 -2.959413905045949e-05 -0.10583078116178513 0.093567855656147 0.010525120422244072 0.9955572485923767 -0.5109809637069702 0.0 0.0 0.0 1.0
0.9893728494644165 0.11258180439472198 -0.09201492369174957 0.05301576107740402 -0.11288335174322128 0.9936063289642334 0.0019373984541743994 -0.10657913982868195 0.09164472669363022 0.008470144122838974 0.9957557320594788 -0.5070088505744934 0.0 0.0 0.0 1.0
0.9893675446510315 0.11392109841108322 -0.09040946513414383 0.05360225960612297 -0.11455551534891129 0.993415117263794 -0.0018423424335196614 -0.10686483979225159 0.08960424363613129 0.012179656885564327 0.995902955532074 -0.504197359085083 0.0 0.0 0.0 1.0
0.9896070957183838 0.11343477666378021 -0.08837589621543884 0.05375104770064354 -0.11427339166402817 0.993439257144928 -0.004471782594919205 -0.10743608325719833 0.08728882670402527 0.01452432107180357 0.9960771799087524 -0.501255989074707 0.0 0.0 0.0 1.0
0.9892181754112244 0.11742539703845978 -0.08751414716243744 0.053497977554798126 -0.11783412843942642 0.9930331707000732 0.0004988555447198451 -0.10805704444646835 0.08696302771568298 0.009818676859140396 0.9961631298065186 -0.49839237332344055 0.0 0.0 0.0 1.0
0.9892066121101379 0.11869635432958603 -0.08591506630182266 0.052955757826566696 -0.11897608637809753 0.9928953647613525 0.0018754024058580399 -0.10847826302051544 0.08552727103233337 0.008366677910089493 0.9963006973266602 -0.49544811248779297 0.0 0.0 0.0 1.0
0.9888611435890198 0.12013591825962067 -0.08786921203136444 0.05202504247426987 -0.12050823867321014 0.9927117228507996 0.0010745879262685776 -0.10869063436985016 0.08735790103673935 0.009526345878839493 0.996131420135498 -0.49243006110191345 0.0 0.0 0.0 1.0
0.988118052482605 0.12463092058897018 -0.0899437740445137 0.050864893943071365 -0.12480666488409042 0.9921742081642151 0.003689755219966173 -0.10957864671945572 0.08969975262880325 0.007579668425023556 0.9959400296211243 -0.48843687772750854 0.0 0.0 0.0 1.0
0.9881855845451355 0.12402728199958801 -0.09003585577011108 0.0496942438185215 -0.12369354814291 0.9922769069671631 0.009298747405409813 -0.10909687727689743 0.09049379825592041 0.001947966287843883 0.9958950877189636 -0.48539426922798157 0.0 0.0 0.0 1.0
0.9876328110694885 0.12580811977386475 -0.09356135129928589 0.048318907618522644 -0.1258005052804947 0.9920374155044556 0.006003106944262981 -0.10998022556304932 0.09357160329818726 0.005841199308633804 0.995595395565033 -0.48119211196899414 0.0 0.0 0.0 1.0
0.9866431951522827 0.12982337176799774 -0.09839250147342682 0.04671033099293709 -0.1296692043542862 0.9915251135826111 0.007987483404576778 -0.1107499748468399 0.09859560430049896 0.004877680912613869 0.9951156377792358 -0.4763713479042053 0.0 0.0 0.0 1.0
0.9864690899848938 0.13136813044548035 -0.09808763861656189 0.04540514573454857 -0.13077926635742188 0.9913334846496582 0.012437058612704277 -0.1110391616821289 0.0988713949918747 0.0005590560613200068 0.9951000809669495 -0.4723972976207733 0.0 0.0 0.0 1.0
0.9862635731697083 0.13261936604976654 -0.09846938401460648 0.04384157806634903 -0.1319233477115631 0.9911669492721558 0.013575155287981033 -0.11185438930988312 0.09939992427825928 -0.00039827043656259775 0.9950475096702576 -0.46829479932785034 0.0 0.0 0.0 1.0
0.9859372973442078 0.1340179443359375 -0.09983383864164352 0.042255502194166183 -0.13367052376270294 0.9909734129905701 0.01019157562404871 -0.11264687776565552 0.10029853135347366 0.003296586684882641 0.9949519038200378 -0.46383315324783325 0.0 0.0 0.0 1.0
0.9861684441566467 0.13267278671264648 -0.09934644401073456 0.04054625332355499 -0.13240069150924683 0.9911521077156067 0.009356445632874966 -0.11373870819807053 0.09970878064632416 0.003926506265997887 0.9950088858604431 -0.4594437777996063 0.0 0.0 0.0 1.0
0.9861708879470825 0.13237199187278748 -0.09972265362739563 0.03936737775802612 -0.13254334032535553 0.9911649227142334 0.004934568889439106 -0.11397355049848557 0.09949479252099991 0.008351244032382965 0.9950030446052551 -0.4557715952396393 0.0 0.0 0.0 1.0
0.9858836531639099 0.13477185368537903 -0.09934791922569275 0.037463877350091934 -0.13446277379989624 0.9908698797225952 0.009831331670284271 -0.11496095359325409 0.0997658520936966 0.0036660474725067616 0.9950041770935059 -0.4513453245162964 0.0 0.0 0.0 1.0
0.9855055212974548 0.13549941778182983 -0.1020723208785057 0.03614601492881775 -0.13581906259059906 0.9907261729240417 0.00384424882940948 -0.11605294048786163 0.10164661705493927 0.010074838064610958 0.9947695732116699 -0.44679221510887146 0.0 0.0 0.0 1.0
0.9858019351959229 0.13430657982826233 -0.10077816247940063 0.03479474410414696 -0.13464884459972382 0.990887463092804 0.0034294233191758394 -0.11708152294158936 0.10032040625810623 0.010188931599259377 0.994903028011322 -0.4431362450122833 0.0 0.0 0.0 1.0
0.986071765422821 0.13257712125778198 -0.10042815655469894 0.0334695428609848 -0.13291382789611816 0.9911218881607056 0.0033608621452003717 -0.11846839636564255 0.0999821200966835 0.01003423985093832 0.9949386119842529 -0.43887123465538025 0.0 0.0 0.0 1.0
0.9859802722930908 0.13223975896835327 -0.10176240652799606 0.0323595255613327 -0.13282623887062073 0.9911388158798218 0.0010210834443569183 -0.11985992640256882 0.10099569708108902 0.012509949505329132 0.9948081970214844 -0.4348151981830597 0.0 0.0 0.0 1.0
0.9862927198410034 0.1298796832561493 -0.10177373886108398 0.031533531844615936 -0.1309218555688858 0.9913861751556396 -0.0035997044760733843 -0.12099315226078033 0.10042954981327057 0.01687476970255375 0.9948010444641113 -0.43162089586257935 0.0 0.0 0.0 1.0
0.9863187670707703 0.1298140436410904 -0.10160484910011292 0.030300339683890343 -0.1308746039867401 0.9913915991783142 -0.0038140485994517803 -0.12268401682376862 0.10023507475852966 0.017059361562132835 0.9948174953460693 -0.42763715982437134 0.0 0.0 0.0 1.0
0.9861266613006592 0.13024494051933289 -0.10290990024805069 0.029340699315071106 -0.1317809373140335 0.9912446141242981 -0.008241112343966961 -0.12416645884513855 0.10093551874160767 0.021688343957066536 0.9946565628051758 -0.42442911863327026 0.0 0.0 0.0 1.0
0.9863637089729309 0.1298680305480957 -0.10109873861074448 0.028547676280140877 -0.13130109012126923 0.9913132190704346 -0.007623495068401098 -0.12527254223823547 0.09923046827316284 0.020793912932276726 0.9948471784591675 -0.4216799736022949 0.0 0.0 0.0 1.0
0.9867776036262512 0.12800337374210358 -0.0994240790605545 0.027715664356946945 -0.12985467910766602 0.9914560914039612 -0.012350714765489101 -0.126369446516037 0.09699367731809616 0.02509809099137783 0.9949684739112854 -0.41834914684295654 0.0 0.0 0.0 1.0
0.9864752888679504 0.12839661538600922 -0.10188604891300201 0.026879198849201202 -0.1307675689458847 0.9912687540054321 -0.01691525988280773 -0.1275525540113449 0.09882459044456482 0.030009876936674118 0.994652271270752 -0.4150688052177429 0.0 0.0 0.0 1.0
0.9869703650474548 0.12690803408622742 -0.09891349822282791 0.026224276050925255 -0.12922883033752441 0.991462230682373 -0.017394114285707474 -0.1282232254743576 0.0958615392446518 0.02994995005428791 0.9949439764022827 -0.41228291392326355 0.0 0.0 0.0 1.0
0.9871501922607422 0.12594637274742126 -0.09834622591733932 0.02543702721595764 -0.12825313210487366 0.9915875792503357 -0.01747140847146511 -0.12891192734241486 0.09531843662261963 0.02986011654138565 0.9949988722801208 -0.4090586304664612 0.0 0.0 0.0 1.0
0.9875152707099915 0.12375708669424057 -0.09745649248361588 0.02452503703534603 -0.12658125162124634 0.9916819334030151 -0.02332586981356144 -0.1297774612903595 0.09375910460948944 0.03537081927061081 0.9949663877487183 -0.4057196080684662 0.0 0.0 0.0 1.0
0.987581729888916 0.12436480075120926 -0.09599825739860535 0.023665394634008408 -0.1268458515405655 0.9917174577713013 -0.02016601711511612 -0.1303935945034027 0.0926951989531517 0.03209257125854492 0.9951772093772888 -0.4028107523918152 0.0 0.0 0.0 1.0
0.9875535368919373 0.12495023757219315 -0.09552712738513947 0.0227353535592556 -0.12751729786396027 0.9916090369224548 -0.021233439445495605 -0.13115020096302032 0.09207244217395782 0.03315052017569542 0.9952003359794617 -0.39906206727027893 0.0 0.0 0.0 1.0
0.9872605204582214 0.12578845024108887 -0.09743694216012955 0.021862786263227463 -0.12905465066432953 0.9912434220314026 -0.027952341362833977 -0.1321154534816742 0.09306765347719193 0.04017093405127525 0.9948490858078003 -0.39496245980262756 0.0 0.0 0.0 1.0
0.9875041246414185 0.1251116394996643 -0.0958261638879776 0.020906679332256317 -0.12838563323020935 0.9913067817687988 -0.028774231672286987 -0.13251376152038574 0.0913931354880333 0.04071737453341484 0.994982123374939 -0.39182284474372864 0.0 0.0 0.0 1.0
0.9870249032974243 0.1266680657863617 -0.09867646545171738 0.019585011526942253 -0.13001088798046112 0.991111695766449 -0.02819088101387024 -0.13281652331352234 0.09422852098941803 0.04065411537885666 0.9947201609611511 -0.3876262307167053 0.0 0.0 0.0 1.0
0.987207293510437 0.12613295018672943 -0.09753099083900452 0.018577879294753075 -0.12904395163059235 0.9913456439971924 -0.024113096296787262 -0.13313305377960205 0.09364546835422516 0.036390408873558044 0.9949403405189514 -0.38363179564476013 0.0 0.0 0.0 1.0
0.9876828193664551 0.12510186433792114 -0.09397939592599869 0.017936311662197113 -0.12819804251194 0.9913633465766907 -0.027640189975500107 -0.1335451602935791 0.08970989286899567 0.03934771567583084 0.9951903820037842 -0.38069435954093933 0.0 0.0 0.0 1.0
0.9873567819595337 0.1265750676393509 -0.0954221785068512 0.017153948545455933 -0.13023550808429718 0.9909291863441467 -0.03313663229346275 -0.13423822820186615 0.09036235511302948 0.045145031064748764 0.9948852062225342 -0.376077264547348 0.0 0.0 0.0 1.0
0.9871904850006104 0.12589013576507568 -0.09801342338323593 0.015860799700021744 -0.12938454747200012 0.9911367297172546 -0.03012705408036709 -0.13460002839565277 0.09335200488567352 0.04242256283760071 0.9947289824485779 -0.37237632274627686 0.0 0.0 0.0 1.0
0.9874808192253113 0.12422887980937958 -0.09720499068498611 0.014806017279624939 -0.12780368328094482 0.9913012385368347 -0.03143303468823433 -0.13553346693515778 0.09245453774929047 0.04346267506480217 0.9947679042816162 -0.368512898683548 0.0 0.0 0.0 1.0
0.9875553846359253 0.12579834461212158 -0.09438813477754593 0.01371537521481514 -0.1290934830904007 0.9911895990371704 -0.02963246777653694 -0.1367027461528778 0.08982882648706436 0.041448596864938736 0.995094358921051 -0.3644418716430664 0.0 0.0 0.0 1.0
0.9874042272567749 0.12569603323936462 -0.09609080106019974 0.012751040048897266 -0.1293131560087204 0.9910754561424255 -0.03236628323793411 -0.13781768083572388 0.09116491675376892 0.04438440874218941 0.9948462247848511 -0.36067265272140503 0.0 0.0 0.0 1.0
0.9876255393028259 0.1244988963007927 -0.09537229686975479 0.011900301091372967 -0.12808814644813538 0.991231381893158 -0.03246133401989937 -0.13826142251491547 0.09049461781978607 0.04427570104598999 0.9949122667312622 -0.35766276717185974 0.0 0.0 0.0 1.0
0.9877446889877319 0.12540701031684875 -0.0929165706038475 0.010746167972683907 -0.1285070925951004 0.9913091659545898 -0.02814451791346073 -0.13918575644493103 0.08857952058315277 0.03974003717303276 0.9952760338783264 -0.35380613803863525 0.0 0.0 0.0 1.0
0.987843930721283 0.12514103949069977 -0.09221740812063217 0.010111939162015915 -0.12837617099285126 0.9912715554237366 -0.030003784224390984 -0.13930296897888184 0.08765778690576553 0.04147757589817047 0.995286762714386 -0.350580632686615 0.0 0.0 0.0 1.0
0.9878593683242798 0.12677845358848572 -0.08978334814310074 0.009346951730549335 -0.12985800206661224 0.9910993576049805 -0.029308488592505455 -0.139560729265213 0.085268534719944 0.04061175137758255 0.9955300092697144 -0.3471037745475769 0.0 0.0 0.0 1.0
0.9882590174674988 0.1263950914144516 -0.0858391523361206 0.008238905109465122 -0.12919798493385315 0.9912262558937073 -0.027900423854589462 -0.13974563777446747 0.08155954629182816 0.038663093000650406 0.9959182739257812 -0.34292909502983093 0.0 0.0 0.0 1.0
0.9876418113708496 0.13040360808372498 -0.08694007992744446 0.006941304076462984 -0.13255763053894043 0.990984320640564 -0.019456317648291588 -0.1401936411857605 0.08361908048391342 0.030740443617105484 0.9960235357284546 -0.3392786681652069 0.0 0.0 0.0 1.0
0.987817108631134 0.12957093119621277 -0.08619039505720139 0.005914799869060516 -0.1315685212612152 0.9911456108093262 -0.01789015531539917 -0.14073243737220764 0.08310919255018234 0.02901214361190796 0.9961180686950684 -0.33529922366142273 0.0 0.0 0.0 1.0
0.9884800910949707 0.12665821611881256 -0.08285418152809143 0.004885165486484766 -0.12867343425750732 0.9914966225624084 -0.019430996850132942 -0.14102622866630554 0.07968854159116745 0.029868286103010178 0.9963722229003906 -0.3309456706047058 0.0 0.0 0.0 1.0
0.9884157180786133 0.12828512489795685 -0.08110086619853973 0.0034942307975143194 -0.12953923642635345 0.9915200471878052 -0.010373972356319427 -0.14150141179561615 0.07908231019973755 0.020759541541337967 0.9966518878936768 -0.3274385929107666 0.0 0.0 0.0 1.0
0.9881376624107361 0.12946964800357819 -0.08259279280900955 0.0023683756589889526 -0.131078839302063 0.9912681579589844 -0.01434516441076994 -0.14203110337257385 0.08001434803009033 0.02500116638839245 0.9964801073074341 -0.3234659731388092 0.0 0.0 0.0 1.0
0.9885693788528442 0.12799736857414246 -0.07966941595077515 0.0007531060837209225 -0.12916874885559082 0.9915751218795776 -0.009705894626677036 -0.14222030341625214 0.0777558833360672 0.019885748624801636 0.9967740774154663 -0.3192392587661743 0.0 0.0 0.0 1.0
0.9883508086204529 0.1297265887260437 -0.07958418875932693 -0.001030779560096562 -0.13042224943637848 0.9914520382881165 -0.003584192832931876 -0.142572820186615 0.07843894511461258 0.013921989127993584 0.9968217015266418 -0.31570887565612793 0.0 0.0 0.0 1.0
0.9883996844291687 0.129211887717247 -0.0798148438334465 -0.0024156970903277397 -0.1303481012582779 0.9914258718490601 -0.009171290323138237 -0.1430843025445938 0.07794546335935593 0.01946861296892166 0.996767520904541 -0.31233835220336914 0.0 0.0 0.0 1.0
0.9883096218109131 0.13014212250709534 -0.07941719144582748 -0.004444613121449947 -0.13087819516658783 0.9913899302482605 -0.004112428519874811 -0.14370429515838623 0.07819820940494537 0.01445833221077919 0.9968329668045044 -0.30852797627449036 0.0 0.0 0.0 1.0
0.9881073236465454 0.13154007494449615 -0.0796312764286995 -0.006115548778325319 -0.13172142207622528 0.9912822246551514 0.002994305221363902 -0.14426104724407196 0.0793309435248375 0.007530449889600277 0.9968199133872986 -0.3054509460926056 0.0 0.0 0.0 1.0
0.9882429242134094 0.13043531775474548 -0.07976596802473068 -0.0076855686493217945 -0.13109908998012543 0.9913643598556519 -0.0031193543691188097 -0.14494942128658295 0.07867026329040527 0.013539925217628479 0.9968087673187256 -0.3025542199611664 0.0 0.0 0.0 1.0
0.9883034825325012 0.12930384278297424 -0.0808500126004219 -0.00939236395061016 -0.13011768460273743 0.991486668586731 -0.004857545718550682 -0.1457420140504837 0.07953361421823502 0.01532074622809887 0.9967144131660461 -0.29926958680152893 0.0 0.0 0.0 1.0
0.9884184002876282 0.12965509295463562 -0.07885824143886566 -0.01098488736897707 -0.13041135668754578 0.991449773311615 -0.004495043307542801 -0.14640763401985168 0.07760117948055267 0.014726993627846241 0.9968757033348083 -0.2960137128829956 0.0 0.0 0.0 1.0
0.9881134033203125 0.1317509114742279 -0.07920578867197037 -0.012434618547558784 -0.13223551213741302 0.9912179112434387 -0.0008814568282105029 -0.1470053642988205 0.07839406281709671 0.011344796977937222 0.9968578815460205 -0.2932822108268738 0.0 0.0 0.0 1.0
0.9881373643875122 0.13100722432136536 -0.0801355391740799 -0.014135639183223248 -0.13186144828796387 0.9912532567977905 -0.005439436063170433 -0.14738057553768158 0.07872200757265091 0.015941698104143143 0.99676913022995 -0.2895224690437317 0.0 0.0 0.0 1.0
0.9881970286369324 0.1310274600982666 -0.07936247438192368 -0.016091270372271538 -0.1313893347978592 0.991330623626709 0.0006675907643511891 -0.14765138924121857 0.07876192033290863 0.009767672047019005 0.9968456029891968 -0.28631433844566345 0.0 0.0 0.0 1.0
0.9884981513023376 0.12922701239585876 -0.07856093347072601 -0.017582232132554054 -0.12962324917316437 0.9915633201599121 5.633724867948331e-05 -0.14757321774959564 0.07790541648864746 0.010127633810043335 0.9969093203544617 -0.2835446894168854 0.0 0.0 0.0 1.0
0.9879732728004456 0.13182000815868378 -0.08082237094640732 -0.019575288519263268 -0.13203181326389313 0.9912416934967041 0.0027417002711445093 -0.14795738458633423 0.08047591894865036 0.007962397299706936 0.9967247247695923 -0.2799418866634369 0.0 0.0 0.0 1.0
0.9882990717887878 0.1302419900894165 -0.07938457280397415 -0.021406179293990135 -0.13034449517726898 0.9914610385894775 0.003911578096449375 -0.14805136620998383 0.07921615988016129 0.006481532473117113 0.9968363642692566 -0.2768484950065613 0.0 0.0 0.0 1.0
0.9880695343017578 0.1277218610048294 -0.08605644106864929 -0.023229053243994713 -0.12863421440124512 0.9916788935661316 -0.005118369124829769 -0.14839471876621246 0.08468662947416306 0.01612710766494274 0.9962770938873291 -0.27273643016815186 0.0 0.0 0.0 1.0
0.9881395697593689 0.13133908808231354 -0.07956252247095108 -0.024790845811367035 -0.13086745142936707 0.9913372993469238 0.011136217974126339 -0.14836646616458893 0.08033591508865356 -0.0005919932737015188 0.9967676997184753 -0.2704692780971527 0.0 0.0 0.0 1.0
0.9880343675613403 0.13020078837871552 -0.082679383456707 -0.026648014783859253 -0.13086147606372833 0.9913972616195679 -0.0025996125768870115 -0.14906816184520721 0.08162964135408401 0.013388052582740784 0.9965727925300598 -0.2663366496562958 0.0 0.0 0.0 1.0
0.988550066947937 0.1296713948249817 -0.07716258615255356 -0.027730215340852737 -0.12905380129814148 0.9915529489517212 0.01295855175703764 -0.14855483174324036 0.07819113880395889 -0.0028520526830106974 0.9969342947006226 -0.2645435035228729 0.0 0.0 0.0 1.0
0.9885799288749695 0.13063456118106842 -0.07512855529785156 -0.029133183881640434 -0.130367711186409 0.9914295673370361 0.008466183207929134 -0.14895740151405334 0.07559064775705338 0.001424838905222714 0.9971379041671753 -0.26076334714889526 0.0 0.0 0.0 1.0
0.9884032607078552 0.13241659104824066 -0.07432927936315536 -0.03021916002035141 -0.13173694908618927 0.9911859035491943 0.013994813896715641 -0.1490744948387146 0.07552728056907654 -0.004040607251226902 0.9971355199813843 -0.2582901120185852 0.0 0.0 0.0 1.0
0.98862224817276 0.13097375631332397 -0.07397259771823883 -0.03098546899855137 -0.13068686425685883 0.991385281085968 0.00872630812227726 -0.14966343343257904 0.07447826117277145 0.001040225033648312 0.9972220659255981 -0.2552379071712494 0.0 0.0 0.0 1.0
0.9891223311424255 0.12861229479312897 -0.07138517498970032 -0.03193267062306404 -0.12805236876010895 0.9916900992393494 0.012384690344333649 -0.14988937973976135 0.0723847970366478 -0.003108933102339506 0.9973719120025635 -0.2519972622394562 0.0 0.0 0.0 1.0
0.9895555377006531 0.1257258951663971 -0.0705185979604721 -0.03277607262134552 -0.12515473365783691 0.9920587539672852 0.012477947399020195 -0.1500382423400879 0.0715273916721344 -0.003521885722875595 0.9974324107170105 -0.24869930744171143 0.0 0.0 0.0 1.0
0.9896956086158752 0.12463782727718353 -0.07048413902521133 -0.033449724316596985 -0.12387686222791672 0.9921829700469971 0.01508339773863554 -0.15005575120449066 0.07181312143802643 -0.00619661808013916 0.997398853302002 -0.24623437225818634 0.0 0.0 0.0 1.0
0.9903417229652405 0.12239868938922882 -0.06512905657291412 -0.03374245762825012 -0.12123267352581024 0.9923895597457886 0.021578731015324593 -0.15012331306934357 0.06727460026741028 -0.013474547304213047 0.9976435303688049 -0.2435196489095688 0.0 0.0 0.0 1.0
0.9906746745109558 0.12008260190486908 -0.06437234580516815 -0.0348687469959259 -0.11903311312198639 0.9926906228065491 0.01991196535527706 -0.15056245028972626 0.066292904317379 -0.01206384040415287 0.9977272748947144 -0.240889310836792 0.0 0.0 0.0 1.0
0.9911302328109741 0.11742532253265381 -0.06222698464989662 -0.03575288876891136 -0.1164848804473877 0.9930193424224854 0.018543921411037445 -0.15094278752803802 0.06397012621164322 -0.01113093737512827 0.9978897571563721 -0.2387765794992447 0.0 0.0 0.0 1.0
0.99103844165802 0.118037648499012 -0.06252924352884293 -0.036818575114011765 -0.11736694723367691 0.9929855465888977 0.014305735006928444 -0.15183556079864502 0.06377924978733063 -0.006838666740804911 0.9979405999183655 -0.23616942763328552 0.0 0.0 0.0 1.0
0.9913192987442017 0.11772817373275757 -0.05853309854865074 -0.037947747856378555 -0.11706492304801941 0.993016242980957 0.014645987190306187 -0.15248337388038635 0.05984856188297272 -0.007666677702218294 0.9981780052185059 -0.23377665877342224 0.0 0.0 0.0 1.0
0.9912996292114258 0.11791564524173737 -0.058489080518484116 -0.03880493715405464 -0.11718782782554626 0.9929851293563843 0.01573352701961994 -0.15280026197433472 0.059934016317129135 -0.008742431178689003 0.9981640577316284 -0.2319725602865219 0.0 0.0 0.0 1.0
0.9915899038314819 0.11622108519077301 -0.05693991109728813 -0.039816953241825104 -0.11540166288614273 0.9931650161743164 0.017484957352280617 -0.15311244130134583 0.0585828498005867 -0.010766946710646152 0.9982244968414307 -0.22937095165252686 0.0 0.0 0.0 1.0
0.9918261766433716 0.11551693081855774 -0.05419124662876129 -0.04037921875715256 -0.11477096378803253 0.9932517409324646 0.0166917871683836 -0.15321168303489685 0.05575373396277428 -0.010335768572986126 0.9983910322189331 -0.22717231512069702 0.0 0.0 0.0 1.0
0.9920105934143066 0.11400358378887177 -0.054019745439291 -0.04092367738485336 -0.11320760846138 0.9934157729148865 0.017582587897777557 -0.15296617150306702 0.05566854402422905 -0.011326666921377182 0.9983850717544556 -0.2247716188430786 0.0 0.0 0.0 1.0
0.9921879172325134 0.11271977424621582 -0.053454410284757614 -0.04165569320321083 -0.11173389852046967 0.9935142397880554 0.021096060052514076 -0.153196781873703 0.05548566207289696 -0.014958585612475872 0.9983474016189575 -0.2217399626970291 0.0 0.0 0.0 1.0
0.9922633767127991 0.11195672303438187 -0.0536566860973835 -0.042286790907382965 -0.11109292507171631 0.9936316609382629 0.01882893778383732 -0.15355899930000305 0.055423006415367126 -0.012722387909889221 0.9983819127082825 -0.2188885509967804 0.0 0.0 0.0 1.0
0.992539644241333 0.11003591865301132 -0.05250907316803932 -0.04303283616900444 -0.10896767675876617 0.9937837719917297 0.022799501195549965 -0.15350393950939178 0.05469143018126488 -0.016907617449760437 0.9983601570129395 -0.21673904359340668 0.0 0.0 0.0 1.0
0.9926477670669556 0.1089494600892067 -0.05272937938570976 -0.04408673197031021 -0.10781821608543396 0.9938845038414001 0.023851212114095688 -0.1540156453847885 0.05500549077987671 -0.01799066551029682 0.9983239769935608 -0.2137932926416397 0.0 0.0 0.0 1.0
0.992281973361969 0.11071490496397018 -0.055845655500888824 -0.045002281665802 -0.10994032025337219 0.9937967658042908 0.016766201704740524 -0.1545456200838089 0.057355500757694244 -0.010497109033167362 0.9982986450195312 -0.21142245829105377 0.0 0.0 0.0 1.0
0.9921581745147705 0.11261198669672012 -0.05422841012477875 -0.04564717039465904 -0.11148739606142044 0.9934915900230408 0.023344462737441063 -0.15507586300373077 0.05650433525443077 -0.01711561530828476 0.9982556104660034 -0.21006490290164948 0.0 0.0 0.0 1.0
0.9919915199279785 0.11314695328474045 -0.05613008886575699 -0.04687437415122986 -0.11211337149143219 0.9934683442115784 0.02124352939426899 -0.1553833782672882 0.05816710740327835 -0.014780467376112938 0.9981974363327026 -0.2072543054819107 0.0 0.0 0.0 1.0
0.9924327731132507 0.1109921932220459 -0.05251592397689819 -0.048070602118968964 -0.11003634333610535 0.9937106370925903 0.020764248445630074 -0.155450701713562 0.05449030548334122 -0.014828460291028023 0.9984042048454285 -0.20604413747787476 0.0 0.0 0.0 1.0
0.9923855662345886 0.11105811595916748 -0.05326348915696144 -0.04902557656168938 -0.11004891246557236 0.9936929941177368 0.021529078483581543 -0.15588095784187317 0.05531853437423706 -0.015503556467592716 0.9983484148979187 -0.20443390309810638 0.0 0.0 0.0 1.0
0.9918141961097717 0.1152295246720314 -0.055015578866004944 -0.05000462010502815 -0.11400711536407471 0.9931684732437134 0.024874072521924973 -0.15616600215435028 0.05750596895813942 -0.018398292362689972 0.9981756210327148 -0.20227745175361633 0.0 0.0 0.0 1.0
0.9917969107627869 0.11534810811281204 -0.05507885292172432 -0.051135361194610596 -0.11432600766420364 0.993213415145874 0.021371202543377876 -0.156691312789917 0.05717018246650696 -0.014898947440087795 0.9982532858848572 -0.19969764351844788 0.0 0.0 0.0 1.0
0.9917371869087219 0.11503447592258453 -0.05678360536694527 -0.05210549756884575 -0.11395323276519775 0.9932438731193542 0.021936532109975815 -0.15680396556854248 0.058923427015542984 -0.015284599736332893 0.9981454610824585 -0.19744017720222473 0.0 0.0 0.0 1.0
0.9914964437484741 0.1168002262711525 -0.05737993121147156 -0.05302285775542259 -0.11553836613893509 0.9929921627044678 0.024848833680152893 -0.15675777196884155 0.05988017097115517 -0.018007948994636536 0.9980431199073792 -0.19427058100700378 0.0 0.0 0.0 1.0
0.9913433790206909 0.1180591732263565 -0.05744844302535057 -0.0535561703145504 -0.11652109026908875 0.9927518963813782 0.029436148703098297 -0.15700660645961761 0.060507260262966156 -0.022487377747893333 0.9979144334793091 -0.1912253201007843 0.0 0.0 0.0 1.0
0.9912773370742798 0.11796321719884872 -0.05876963585615158 -0.054256778210401535 -0.116426020860672 0.9927776455879211 0.028939593583345413 -0.15708757936954498 0.06175898760557175 -0.02184484899044037 0.9978520274162292 -0.18845176696777344 0.0 0.0 0.0 1.0
0.9911554455757141 0.11938224732875824 -0.0579552948474884 -0.05490749329328537 -0.11780044436454773 0.9925841689109802 0.02999516762793064 -0.15721836686134338 0.061106398701667786 -0.02290271408855915 0.9978684782981873 -0.18500365316867828 0.0 0.0 0.0 1.0
0.9910028576850891 0.12035510689020157 -0.058549489825963974 -0.055532172322273254 -0.11828150600194931 0.9922645092010498 0.03769117221236229 -0.1562877893447876 0.06263290345668793 -0.030426738783717155 0.9975727200508118 -0.181983083486557 0.0 0.0 0.0 1.0
0.9911361932754517 0.11934584379196167 -0.05835748463869095 -0.056085776537656784 -0.11715415120124817 0.9923219680786133 0.0396483838558197 -0.1557609736919403 0.06264128535985947 -0.03246012702584267 0.9975081086158752 -0.17907173931598663 0.0 0.0 0.0 1.0
0.9910235404968262 0.11999133229255676 -0.05894440412521362 -0.056862153112888336 -0.11759144067764282 0.9921464323997498 0.04263489693403244 -0.15507067739963531 0.06359729915857315 -0.03532082960009575 0.9973503947257996 -0.17562779784202576 0.0 0.0 0.0 1.0
0.9908939599990845 0.12057865411043167 -0.05991609767079353 -0.05737609043717384 -0.11814294755458832 0.992079496383667 0.04266756772994995 -0.15509726107120514 0.0645863264799118 -0.03520037233829498 0.997291088104248 -0.17256754636764526 0.0 0.0 0.0 1.0
0.9908667802810669 0.11988627165555954 -0.06172798573970795 -0.05787667632102966 -0.11765136569738388 0.9923020601272583 0.03866272419691086 -0.15486526489257812 0.0658879354596138 -0.03104722499847412 0.997343897819519 -0.16935575008392334 0.0 0.0 0.0 1.0
0.9913331866264343 0.11847998946905136 -0.05675378441810608 -0.05826455354690552 -0.1160648837685585 0.9922611117362976 0.044122520834207535 -0.1543838232755661 0.06154221296310425 -0.03715299814939499 0.9974127411842346 -0.1659856140613556 0.0 0.0 0.0 1.0
0.9914498925209045 0.11835069209337234 -0.054956138134002686 -0.05853345990180969 -0.11574992537498474 0.9921021461486816 0.048324473202228546 -0.15414293110370636 0.06024133786559105 -0.04155012592673302 0.997318685054779 -0.16320540010929108 0.0 0.0 0.0 1.0
0.9915935397148132 0.11832230538129807 -0.05236541107296944 -0.058874089270830154 -0.11603952199220657 0.9922389388084412 0.04468525946140289 -0.15437370538711548 0.057246264070272446 -0.038233157247304916 0.9976277351379395 -0.16000996530056 0.0 0.0 0.0 1.0
0.9916793704032898 0.11792461574077606 -0.05163125693798065 -0.05916237086057663 -0.1158570647239685 0.9924041032791138 0.041366636753082275 -0.15435506403446198 0.0561172179877758 -0.03504059463739395 0.997809112071991 -0.1572447270154953 0.0 0.0 0.0 1.0
0.9918371438980103 0.11556114256381989 -0.05389510467648506 -0.059599462896585464 -0.11348313093185425 0.9927282333374023 0.04015251249074936 -0.15436802804470062 0.058143261820077896 -0.033708568662405014 0.9977390170097351 -0.1538185477256775 0.0 0.0 0.0 1.0
0.9921744465827942 0.11085914075374603 -0.05744616314768791 -0.06080130115151405 -0.10901904106140137 0.9934496879577637 0.034241966903209686 -0.15509243309497833 0.06086590886116028 -0.027711279690265656 0.9977611899375916 -0.14752721786499023 0.0 0.0 0.0 1.0
0.9918004274368286 0.11215531826019287 -0.061262983828783035 -0.0610414482653141 -0.10975101590156555 0.9931005239486694 0.04130392149090767 -0.1553642749786377 0.06547275930643082 -0.03424157202243805 0.9972667098045349 -0.14585435390472412 0.0 0.0 0.0 1.0
0.9919263124465942 0.11096879094839096 -0.06138548254966736 -0.061434853821992874 -0.10854509472846985 0.9932244420051575 0.04151106998324394 -0.15575389564037323 0.0655759945511818 -0.034512829035520554 0.9972505569458008 -0.14357106387615204 0.0 0.0 0.0 1.0
0.9919267296791077 0.11084634810686111 -0.06159958243370056 -0.061648935079574585 -0.10847271233797073 0.9932684898376465 0.040636658668518066 -0.15638402104377747 0.06568935513496399 -0.03362671285867691 0.9972733855247498 -0.14128915965557098 0.0 0.0 0.0 1.0
0.9918758273124695 0.11034088581800461 -0.06330292671918869 -0.06196080148220062 -0.10832058638334274 0.9935166239738464 0.03451565280556679 -0.1571275293827057 0.0667010024189949 -0.027378233149647713 0.9973973035812378 -0.1392011046409607 0.0 0.0 0.0 1.0
0.9916782379150391 0.11239039897918701 -0.06279045343399048 -0.061720676720142365 -0.11037001758813858 0.9932818412780762 0.03477919101715088 -0.15745852887630463 0.06627746671438217 -0.027559585869312286 0.9974205493927002 -0.13727165758609772 0.0 0.0 0.0 1.0
0.9920893311500549 0.10998395085334778 -0.06051673740148544 -0.06163851171731949 -0.1078212633728981 0.9934468269348145 0.03792140632867813 -0.15753982961177826 0.06429090350866318 -0.031096430495381355 0.997446596622467 -0.13417059183120728 0.0 0.0 0.0 1.0
0.9917283058166504 0.11279495060443878 -0.06125611439347267 -0.06090344488620758 -0.11045065522193909 0.9930599331855774 0.04040590673685074 -0.15734022855758667 0.06538857519626617 -0.033305902034044266 0.9973039031028748 -0.13140837848186493 0.0 0.0 0.0 1.0
0.9920152425765991 0.11091450601816177 -0.060030609369277954 -0.06081237643957138 -0.10852612555027008 0.9932188987731934 0.041692208498716354 -0.15724915266036987 0.06424780935049057 -0.03484441712498665 0.9973254799842834 -0.1282062828540802 0.0 0.0 0.0 1.0
0.9923086762428284 0.10981342941522598 -0.05713580176234245 -0.06089016795158386 -0.10715444386005402 0.9930976629257202 0.04769646003842354 -0.15686768293380737 0.06197914108633995 -0.04120725393295288 0.9972264170646667 -0.12508884072303772 0.0 0.0 0.0 1.0
0.992483377456665 0.1086544618010521 -0.056311678141355515 -0.060768578201532364 -0.10616591572761536 0.9933090209960938 0.04545336216688156 -0.15704868733882904 0.0608736053109169 -0.03913332521915436 0.9973780512809753 -0.12122717499732971 0.0 0.0 0.0 1.0
0.9924674034118652 0.10868193209171295 -0.056539442390203476 -0.06044961139559746 -0.10628017038106918 0.9933671355247498 0.04388885200023651 -0.15757912397384644 0.06093434989452362 -0.03754923492670059 0.9974352121353149 -0.1177765354514122 0.0 0.0 0.0 1.0
0.9927031993865967 0.10767049342393875 -0.05429034307599068 -0.059956688433885574 -0.10539581626653671 0.9934933185577393 0.043159645050764084 -0.15743832290172577 0.05858411267399788 -0.03712274506688118 0.997592031955719 -0.11449672281742096 0.0 0.0 0.0 1.0
0.9929356575012207 0.10627401620149612 -0.05276917666196823 -0.05924568697810173 -0.10387355834245682 0.9935109615325928 0.046327099204063416 -0.15709349513053894 0.057350125163793564 -0.04051850736141205 0.997531533241272 -0.11118831485509872 0.0 0.0 0.0 1.0
0.9935213327407837 0.10063665360212326 -0.05279778689146042 -0.058588359504938126 -0.09847303479909897 0.9942487478256226 0.0421004556119442 -0.157329261302948 0.05673098564147949 -0.036628540605306625 0.9977173805236816 -0.10787434875965118 0.0 0.0 0.0 1.0
0.9937799572944641 0.09774413704872131 -0.05336228013038635 -0.057626958936452866 -0.09572786837816238 0.9946384429931641 0.03912205621600151 -0.15762870013713837 0.05690012499690056 -0.03377045691013336 0.997808575630188 -0.10467652976512909 0.0 0.0 0.0 1.0
0.9938915371894836 0.09690353274345398 -0.05281348526477814 -0.056561753153800964 -0.09508328139781952 0.994819700717926 0.035958126187324524 -0.15785105526447296 0.05602436512708664 -0.030716799199581146 0.9979568123817444 -0.10142140090465546 0.0 0.0 0.0 1.0
0.9941247701644897 0.09494352340698242 -0.051977794617414474 -0.05567587912082672 -0.09325970709323883 0.995063841342926 0.03391994908452034 -0.15783292055130005 0.054941706359386444 -0.028873225674033165 0.9980720281600952 -0.0981648787856102 0.0 0.0 0.0 1.0
0.9938955903053284 0.09597504884004593 -0.054409272968769073 -0.05458461120724678 -0.09446809440851212 0.9950869083404541 0.029629088938236237 -0.1584135740995407 0.056985609233379364 -0.024308281019330025 0.9980790019035339 -0.09430068731307983 0.0 0.0 0.0 1.0
0.9938055872917175 0.09632139652967453 -0.055431097745895386 -0.05387582257390022 -0.09515950083732605 0.9951907396316528 0.023238129913806915 -0.15882167220115662 0.0574028454720974 -0.017819387838244438 0.9981920719146729 -0.09049922972917557 0.0 0.0 0.0 1.0
0.9936461448669434 0.09741047024726868 -0.05637846514582634 -0.05332542583346367 -0.09616133570671082 0.9950650334358215 0.02446700446307659 -0.1588895171880722 0.05848357826471329 -0.01889011636376381 0.9981096386909485 -0.08686846494674683 0.0 0.0 0.0 1.0
0.9934796690940857 0.09711717069149017 -0.05971948429942131 -0.05295880511403084 -0.09599748998880386 0.9951526522636414 0.021347369998693466 -0.1588030457496643 0.061503201723098755 -0.01547525729984045 0.997986912727356 -0.0832868292927742 0.0 0.0 0.0 1.0
0.9933057427406311 0.09817086160182953 -0.0608779639005661 -0.052427779883146286 -0.09745343029499054 0.9951322674751282 0.014651128090918064 -0.15909315645694733 0.06201993674039841 -0.00862028356641531 0.9980376958847046 -0.07967105507850647 0.0 0.0 0.0 1.0
0.9932140707969666 0.0980532318353653 -0.06254097074270248 -0.051912352442741394 -0.0972098633646965 0.995128870010376 0.01639559678733349 -0.15897507965564728 0.06384396553039551 -0.01020473800599575 0.9979076981544495 -0.07675036787986755 0.0 0.0 0.0 1.0
0.993425190448761 0.09614212065935135 -0.062153954058885574 -0.05151432752609253 -0.0954822301864624 0.9953394532203674 0.013508361764252186 -0.15873897075653076 0.06316300481557846 -0.007484948728233576 0.9979751706123352 -0.07342684268951416 0.0 0.0 0.0 1.0
0.9932612180709839 0.09576519578695297 -0.06527815759181976 -0.05114012956619263 -0.09536182135343552 0.9953994750976562 0.009274535812437534 -0.1588113158941269 0.06586602330207825 -0.0029869924765080214 0.9978240132331848 -0.07016881555318832 0.0 0.0 0.0 1.0
0.9932349920272827 0.09411776065826416 -0.06801570951938629 -0.05069040134549141 -0.09408567100763321 0.9955573081970215 0.003682162845507264 -0.1592012345790863 0.06806009262800217 0.0027420506812632084 0.9976774454116821 -0.06696948409080505 0.0 0.0 0.0 1.0
0.9933812618255615 0.09137485176324844 -0.0696008950471878 -0.050498418509960175 -0.0915476381778717 0.9958004355430603 0.0007099588983692229 -0.15924176573753357 0.0693734735250473 0.005666537210345268 0.9975746870040894 -0.0639476478099823 0.0 0.0 0.0 1.0
0.9931057691574097 0.09159717708826065 -0.0731496661901474 -0.05032135546207428 -0.09177644550800323 0.9957792162895203 0.0009139192407019436 -0.15941835939884186 0.07292462885379791 0.0058057974092662334 0.9973205327987671 -0.06089028716087341 0.0 0.0 0.0 1.0
0.9930541515350342 0.08871056884527206 -0.07729081064462662 -0.050392210483551025 -0.08952397108078003 0.9959592223167419 -0.007116570603102446 -0.16007113456726074 0.07634718716144562 0.01398652046918869 0.9969831705093384 -0.057790469378232956 0.0 0.0 0.0 1.0
0.9925757050514221 0.08893563598394394 -0.08296965062618256 -0.05036214739084244 -0.09050246328115463 0.995778501033783 -0.01531095802783966 -0.1608555167913437 0.08125770092010498 0.02270624227821827 0.9964344501495361 -0.054870907217264175 0.0 0.0 0.0 1.0
0.9922668933868408 0.09068364650011063 -0.08475184440612793 -0.050216492265462875 -0.09274744242429733 0.9954738020896912 -0.02073141187429428 -0.1611817628145218 0.08248824626207352 0.028431611135601997 0.996186375617981 -0.051555436104536057 0.0 0.0 0.0 1.0
0.991882860660553 0.09418707340955734 -0.08542391657829285 -0.049697257578372955 -0.09631678462028503 0.995125949382782 -0.02115294337272644 -0.16185294091701508 0.08301521837711334 0.029208999127149582 0.9961201548576355 -0.04827825352549553 0.0 0.0 0.0 1.0
0.9914629459381104 0.09609156847000122 -0.0881345272064209 -0.04963891953229904 -0.09855823963880539 0.9948402047157288 -0.024066394194960594 -0.16224268078804016 0.08536719530820847 0.032547321170568466 0.9958178400993347 -0.045242682099342346 0.0 0.0 0.0 1.0
0.9912177324295044 0.09545009583234787 -0.09152434766292572 -0.049807801842689514 -0.09832045435905457 0.9947782754898071 -0.027372974902391434 -0.16255514323711395 0.08843367546796799 0.03613129258155823 0.9954265356063843 -0.0417250357568264 0.0 0.0 0.0 1.0
0.9907417297363281 0.09738387912511826 -0.09458959847688675 -0.049350738525390625 -0.10031566023826599 0.9945963025093079 -0.02673935890197754 -0.16265016794204712 0.09147448092699051 0.03598061576485634 0.9951571822166443 -0.038237620145082474 0.0 0.0 0.0 1.0
0.9908967018127441 0.0987008735537529 -0.09155266731977463 -0.04896005243062973 -0.10099753737449646 0.9946694374084473 -0.020790060982108116 -0.16270893812179565 0.08901264518499374 0.029847396537661552 0.995583176612854 -0.03520217910408974 0.0 0.0 0.0 1.0
0.9904778599739075 0.09960920363664627 -0.09503492712974548 -0.04882173612713814 -0.10241328179836273 0.9944255352020264 -0.025087080895900726 -0.1633300632238388 0.09200625866651535 0.03458103537559509 0.995157778263092 -0.032174792140722275 0.0 0.0 0.0 1.0
0.99058598279953 0.09946118295192719 -0.09405799210071564 -0.048450421541929245 -0.10250620543956757 0.9943352937698364 -0.028104374185204506 -0.16361109912395477 0.09072988480329514 0.03748132660984993 0.9951699376106262 -0.0291543360799551 0.0 0.0 0.0 1.0
0.9903725385665894 0.1030443012714386 -0.09243446588516235 -0.04774964973330498 -0.10544034838676453 0.9941951036453247 -0.0214106272906065 -0.16376984119415283 0.0896916463971138 0.030950818210840225 0.9954885244369507 -0.026371581479907036 0.0 0.0 0.0 1.0
0.9900445938110352 0.1042262464761734 -0.09459725767374039 -0.04746120050549507 -0.1071883961558342 0.9938780665397644 -0.02677782066166401 -0.16402818262577057 0.09122718870639801 0.03665096312761307 0.995155394077301 -0.023580513894557953 0.0 0.0 0.0 1.0
0.9900463819503784 0.10400398075580597 -0.09482286125421524 -0.04741176590323448 -0.1072997972369194 0.9937638640403748 -0.03033427521586418 -0.16459029912948608 0.09107664972543716 0.04020681232213974 0.9950318932533264 -0.02064596675336361 0.0 0.0 0.0 1.0
0.9902355074882507 0.10473650693893433 -0.09199948608875275 -0.04709058627486229 -0.107247494161129 0.9939714670181274 -0.02277379482984543 -0.16436780989170074 0.08905962109565735 0.032418135553598404 0.9954985976219177 -0.01768837682902813 0.0 0.0 0.0 1.0
0.9902759790420532 0.10486547648906708 -0.0914149284362793 -0.046772539615631104 -0.10695512592792511 0.9940962791442871 -0.01825430803000927 -0.16390031576156616 0.08896099776029587 0.02785409800708294 0.9956455826759338 -0.014356665313243866 0.0 0.0 0.0 1.0
0.9901907444000244 0.10204486548900604 -0.0954415574669838 -0.047113168984651566 -0.10461769998073578 0.9942615628242493 -0.02234024927020073 -0.16413109004497528 0.09261415898799896 0.032105982303619385 0.9951843023300171 -0.011161243543028831 0.0 0.0 0.0 1.0
0.9903110861778259 0.10337074846029282 -0.09272795170545578 -0.04679487645626068 -0.10573460161685944 0.9941738843917847 -0.020939098671078682 -0.16411729156970978 0.0900232195854187 0.030540773645043373 0.9954712986946106 -0.008441225625574589 0.0 0.0 0.0 1.0
0.9894885420799255 0.10627986490726471 -0.09806652367115021 -0.04637434706091881 -0.1085786372423172 0.9939176440238953 -0.01839449256658554 -0.16390392184257507 0.09551508724689484 0.02884906902909279 0.9950098395347595 -0.005476832389831543 0.0 0.0 0.0 1.0
0.9895963668823242 0.10483472049236298 -0.0985330268740654 -0.046644147485494614 -0.10725530236959457 0.9940385818481445 -0.019584234803915024 -0.1640847623348236 0.0958925262093544 0.029948677867650986 0.9949410557746887 -0.001778926933184266 0.0 0.0 0.0 1.0
0.9897084832191467 0.10053452849388123 -0.1018330454826355 -0.046789202839136124 -0.10377313196659088 0.9942342638969421 -0.027007684111595154 -0.16408877074718475 0.09853069484233856 0.037297267466783524 0.9944348335266113 0.0018042201409116387 0.0 0.0 0.0 1.0
0.9900268912315369 0.10242847353219986 -0.0967223048210144 -0.046564921736717224 -0.10444222390651703 0.9944025874137878 -0.0159783773124218 -0.16355791687965393 0.09454426914453506 0.025920916348695755 0.9951831698417664 0.003650268539786339 0.0 0.0 0.0 1.0
0.9897372126579285 0.10565385967493057 -0.09621569514274597 -0.0467480793595314 -0.1070602610707283 0.9942066073417664 -0.009559355676174164 -0.16313102841377258 0.09464829415082932 0.019762128591537476 0.9953145980834961 0.006897454150021076 0.0 0.0 0.0 1.0
0.9892674684524536 0.10570896416902542 -0.10087389498949051 -0.04725467786192894 -0.10765732079744339 0.9940887093544006 -0.014055125415325165 -0.16286273300647736 0.09879184514284134 0.02476409077644348 0.9947999119758606 0.01024579256772995 0.0 0.0 0.0 1.0
0.989173412322998 0.10659462958574295 -0.1008637472987175 -0.04738837853074074 -0.10829901695251465 0.9940511584281921 -0.011560115963220596 -0.16239511966705322 0.0990314781665802 0.022358404472470284 0.9948331117630005 0.012825224548578262 0.0 0.0 0.0 1.0
0.9892243146896362 0.1085009053349495 -0.09829950332641602 -0.047544579952955246 -0.10989547520875931 0.9939035773277283 -0.008869177661836147 -0.16190476715564728 0.09673791378736496 0.01957627758383751 0.9951173663139343 0.015763789415359497 0.0 0.0 0.0 1.0
0.988797664642334 0.1118863895535469 -0.09879583865404129 -0.04758049175143242 -0.11286085098981857 0.9936014413833618 -0.004312574863433838 -0.16132378578186035 0.09768117219209671 0.015414446592330933 0.995098352432251 0.018537083640694618 0.0 0.0 0.0 1.0
0.9881545901298523 0.11645343154668808 -0.09994561970233917 -0.04796969145536423 -0.11720982193946838 0.9931057095527649 -0.001709414878860116 -0.16117353737354279 0.09905749559402466 0.013403774239122868 0.9949914216995239 0.02148257941007614 0.0 0.0 0.0 1.0
0.9881247878074646 0.11732693761587143 -0.09921598434448242 -0.047949694097042084 -0.11822832375764847 0.9929811954498291 -0.0032343310303986073 -0.1606786847114563 0.09814012795686722 0.01492606196552515 0.9950606822967529 0.02479388192296028 0.0 0.0 0.0 1.0
0.9879341721534729 0.1189102977514267 -0.09922914206981659 -0.04797225072979927 -0.11923132836818695 0.9928628206253052 0.002709991065785289 -0.15983912348747253 0.09884316474199295 0.00915392953902483 0.995060920715332 0.027718711644411087 0.0 0.0 0.0 1.0
0.9874829649925232 0.12008831650018692 -0.10225539654493332 -0.04809035360813141 -0.1210004910826683 0.9926486611366272 -0.0027423277497291565 -0.15977968275547028 0.10117436200380325 0.015080954879522324 0.9947543740272522 0.03099323809146881 0.0 0.0 0.0 1.0
0.987666666507721 0.1221698671579361 -0.09792397916316986 -0.04833230748772621 -0.1221228763461113 0.992493748664856 0.006496223621070385 -0.15947534143924713 0.09798257797956467 0.0055426545441150665 0.9951726794242859 0.03346484154462814 0.0 0.0 0.0 1.0
0.9869259595870972 0.1257290095090866 -0.10084334015846252 -0.04854530468583107 -0.12530505657196045 0.9920621514320374 0.010552752763032913 -0.15932057797908783 0.10136964917182922 0.0022213945630937815 0.9948463439941406 0.03678307682275772 0.0 0.0 0.0 1.0
0.9871669411659241 0.12461184710264206 -0.09986643493175507 -0.04882757365703583 -0.1237613782286644 0.9922032356262207 0.014690961688756943 -0.15933826565742493 0.10091846436262131 -0.002142823999747634 0.994892418384552 0.039411768317222595 0.0 0.0 0.0 1.0
0.9870398044586182 0.12415716052055359 -0.10167287290096283 -0.049008920788764954 -0.12358264625072479 0.9922622442245483 0.011954800225794315 -0.1594875454902649 0.10237042605876923 0.000765138422138989 0.9947460293769836 0.041860200464725494 0.0 0.0 0.0 1.0
0.9871811866760254 0.12200679630041122 -0.10289626568555832 -0.049094051122665405 -0.12143208831548691 0.9925289750099182 0.011854734271764755 -0.15940096974372864 0.10357388108968735 0.0007921378128230572 0.9946214556694031 0.04468955844640732 0.0 0.0 0.0 1.0
0.9871841073036194 0.12357976287603378 -0.10097324103116989 -0.04903638735413551 -0.12233814597129822 0.9923174977302551 0.018421566113829613 -0.15924647450447083 0.10247404873371124 -0.005832599010318518 0.9947185516357422 0.04699451103806496 0.0 0.0 0.0 1.0
0.9867959022521973 0.12466299533843994 -0.10340698063373566 -0.04906091094017029 -0.12385240942239761 0.9921983480453491 0.014248211868107319 -0.15961351990699768 0.10437646508216858 -0.0012528722872957587 0.9945370554924011 0.04980069398880005 0.0 0.0 0.0 1.0
0.987133800983429 0.12317091226577759 -0.10195957869291306 -0.04892195016145706 -0.12197147309780121 0.9923714399337769 0.01793975941836834 -0.15935923159122467 0.10339143127202988 -0.005272783804684877 0.9946267604827881 0.052522093057632446 0.0 0.0 0.0 1.0
0.987460732460022 0.12010136991739273 -0.10245450586080551 -0.048659808933734894 -0.11842969059944153 0.9927127361297607 0.02226826548576355 -0.15880559384822845 0.10438233613967896 -0.009855383075773716 0.9944884181022644 0.05531579628586769 0.0 0.0 0.0 1.0
0.9871197938919067 0.12113917618989944 -0.104497991502285 -0.048351313918828964 -0.11965939402580261 0.9926066398620605 0.02033906802535057 -0.15938590466976166 0.10618925839662552 -0.007572930306196213 0.9943171143531799 0.05885247141122818 0.0 0.0 0.0 1.0
0.9873514771461487 0.12079080194234848 -0.1026967465877533 -0.04773721098899841 -0.11901624500751495 0.9926198720932007 0.023257706314325333 -0.15873272716999054 0.10474814474582672 -0.01074095070362091 0.9944407939910889 0.061049338430166245 0.0 0.0 0.0 1.0
0.987138032913208 0.12019522488117218 -0.1054118201136589 -0.047112852334976196 -0.1184687465429306 0.9927025437355042 0.02251272276043892 -0.1589956283569336 0.1073485016822815 -0.00973515771329403 0.9941737651824951 0.06480846554040909 0.0 0.0 0.0 1.0
0.9876968860626221 0.11652771383523941 -0.10428854823112488 -0.04695006087422371 -0.11468269675970078 0.9931232929229736 0.02353702299296856 -0.15843288600444794 0.10631410032510757 -0.011287352070212364 0.994268536567688 0.06759537011384964 0.0 0.0 0.0 1.0
0.9882803559303284 0.11516018211841583 -0.10020027309656143 -0.04622991755604744 -0.11332955956459045 0.9932725429534912 0.023793047294020653 -0.15836936235427856 0.10226619243621826 -0.012158548459410667 0.994682788848877 0.07039310783147812 0.0 0.0 0.0 1.0
0.9884466528892517 0.11572771519422531 -0.09787912666797638 -0.045350056141614914 -0.11368957161903381 0.9931716322898865 0.02616901323199272 -0.15831491351127625 0.10023925453424454 -0.014738837257027626 0.994854211807251 0.0737861692905426 0.0 0.0 0.0 1.0
0.9882832765579224 0.11678510904312134 -0.09827206283807755 -0.045075882226228714 -0.11406262218952179 0.992928683757782 0.03289945051074028 -0.15783390402793884 0.10141931474208832 -0.02130480669438839 0.9946156144142151 0.0763067752122879 0.0 0.0 0.0 1.0
0.9887170791625977 0.11490825563669205 -0.09609726816415787 -0.04449852928519249 -0.11245842278003693 0.9931867122650146 0.030550217255949974 -0.15783828496932983 0.0989530012011528 -0.01939857378602028 0.994903028011322 0.07962892204523087 0.0 0.0 0.0 1.0
0.9897738695144653 0.11116579920053482 -0.08938588201999664 -0.04297340288758278 -0.10799207538366318 0.9933624863624573 0.03960590437054634 -0.1565273255109787 0.09319540858268738 -0.02954792231321335 0.995209276676178 0.08557243645191193 0.0 0.0 0.0 1.0
0.9898161888122559 0.11227811127901077 -0.0875076875090599 -0.042339008301496506 -0.10881779342889786 0.9931150078773499 0.043372992426157 -0.15664981305599213 0.09177503734827042 -0.03340889513492584 0.9952191710472107 0.0879032164812088 0.0 0.0 0.0 1.0
0.9901458621025085 0.1111663281917572 -0.0851660817861557 -0.04183248430490494 -0.10782118886709213 0.9932428598403931 0.04293321445584297 -0.1567041277885437 0.08936332911252975 -0.033327434211969376 0.9954413771629333 0.09072288125753403 0.0 0.0 0.0 1.0
0.9902393817901611 0.11163868755102158 -0.08344292640686035 -0.04127674549818039 -0.10753516107797623 0.9928317666053772 0.05216594412922859 -0.1562640368938446 0.08866852521896362 -0.04268372431397438 0.9951462149620056 0.0934864804148674 0.0 0.0 0.0 1.0
0.9904521703720093 0.11074775457382202 -0.08209385722875595 -0.040977828204631805 -0.10686837881803513 0.9930028319358826 0.05024508759379387 -0.15647248923778534 0.08708396553993225 -0.040992122143507004 0.9953572154045105 0.09619151055812836 0.0 0.0 0.0 1.0
0.9909563660621643 0.10996806621551514 -0.0768929198384285 -0.03995811939239502 -0.1051236167550087 0.9923683404922485 0.06445210427045822 -0.15574200451374054 0.08339377492666245 -0.05578596144914627 0.994953989982605 0.10138829052448273 0.0 0.0 0.0 1.0
0.9908287525177002 0.11101343482732773 -0.07703523337841034 -0.03956430032849312 -0.10610175877809525 0.9922170639038086 0.06517471373081207 -0.15604577958583832 0.08367093652486801 -0.05640340596437454 0.994895875453949 0.10404961556196213 0.0 0.0 0.0 1.0
0.9908161759376526 0.11244717240333557 -0.07509305328130722 -0.03889874368906021 -0.10719188302755356 0.9917216897010803 0.07069684565067291 -0.15556491911411285 0.08242107182741165 -0.061998214572668076 0.9946672916412354 0.10673397779464722 0.0 0.0 0.0 1.0
0.9912024736404419 0.11134583503007889 -0.07155269384384155 -0.03837284445762634 -0.1061028316617012 0.9916480183601379 0.07332354784011841 -0.1553969830274582 0.07911936193704605 -0.06508653610944748 0.9947381019592285 0.10956862568855286 0.0 0.0 0.0 1.0
0.9913306832313538 0.10960917919874191 -0.07245191931724548 -0.03831229358911514 -0.10424914211034775 0.9917916655540466 0.07403658330440521 -0.15503379702568054 0.0799722969532013 -0.0658416897058487 0.9946202039718628 0.1121111512184143 0.0 0.0 0.0 1.0
0.991478443145752 0.11001617461442947 -0.06976386159658432 -0.03769819065928459 -0.10419613122940063 0.9911538362503052 0.08220216631889343 -0.15438060462474823 0.07819028943777084 -0.0742325484752655 0.9941709041595459 0.11430802196264267 0.0 0.0 0.0 1.0
0.9917129278182983 0.10927356779575348 -0.06756331771612167 -0.03739349916577339 -0.1035962849855423 0.9911926984786987 0.082491435110569 -0.15417169034481049 0.07598239928483963 -0.0748085156083107 0.9942989349365234 0.11748819798231125 0.0 0.0 0.0 1.0
0.9917810559272766 0.1087113693356514 -0.0674695149064064 -0.03724406659603119 -0.10288754850625992 0.9910967946052551 0.08450589329004288 -0.15386751294136047 0.07605557143688202 -0.07686957716941833 0.9941360950469971 0.12012355774641037 0.0 0.0 0.0 1.0
0.992095947265625 0.10745447874069214 -0.06480064988136292 -0.037045419216156006 -0.10153444111347198 0.9908774495124817 0.08861501514911652 -0.1530689150094986 0.07373158633708954 -0.08133509755134583 0.9939558506011963 0.12270285934209824 0.0 0.0 0.0 1.0
0.9918540716171265 0.108934685587883 -0.06602033227682114 -0.036781713366508484 -0.10244786739349365 0.9902154803276062 0.09475077688694 -0.152637779712677 0.07569600641727448 -0.08721529692411423 0.9933094382286072 0.12530949711799622 0.0 0.0 0.0 1.0
0.9918251633644104 0.10960941016674042 -0.06533472239971161 -0.0366576723754406 -0.10313860327005386 0.9900892376899719 0.09531895071268082 -0.15251955389976501 0.07513505965471268 -0.08780120313167572 0.9933003783226013 0.12806643545627594 0.0 0.0 0.0 1.0
0.9917192459106445 0.11233105510473251 -0.062246620655059814 -0.03633762523531914 -0.10585843771696091 0.989439845085144 0.09900885075330734 -0.15226511657238007 0.07271105796098709 -0.09159965068101883 0.993137776851654 0.13255338370800018 0.0 0.0 0.0 1.0
0.9915243983268738 0.11454673111438751 -0.06130602955818176 -0.03609906882047653 -0.1081482544541359 0.98918217420578 0.09910870343446732 -0.15247361361980438 0.07199540734291077 -0.09163855016231537 0.9931862950325012 0.13466989994049072 0.0 0.0 0.0 1.0
0.9911765456199646 0.11724811792373657 -0.061821892857551575 -0.036061666905879974 -0.11116603016853333 0.9893429279327393 0.09403534978628159 -0.15296313166618347 0.07218851894140244 -0.08633314073085785 0.9936475157737732 0.13787753880023956 0.0 0.0 0.0 1.0
0.9914677739143372 0.11713413149118423 -0.05719510093331337 -0.03590376302599907 -0.11094076186418533 0.9886260628700256 0.10154136270284653 -0.15239600837230682 0.06843852996826172 -0.09432971477508545 0.993185818195343 0.13927161693572998 0.0 0.0 0.0 1.0
0.9912241697311401 0.11904813349246979 -0.0574648380279541 -0.03593498095870018 -0.11270329356193542 0.9882469773292542 0.1032758504152298 -0.15218251943588257 0.06908424943685532 -0.09589304774999619 0.9929913878440857 0.14148373901844025 0.0 0.0 0.0 1.0
0.991183340549469 0.11966362595558167 -0.056887298822402954 -0.035887788981199265 -0.11316637694835663 0.9878783226013184 0.1062534973025322 -0.15207791328430176 0.06891240924596786 -0.09887897223234177 0.9927104711532593 0.14387471973896027 0.0 0.0 0.0 1.0
0.9911398887634277 0.12052977085113525 -0.05580602586269379 -0.03585708141326904 -0.11401461064815521 0.9875870943069458 0.10803882777690887 -0.15198686718940735 0.06813520193099976 -0.1007188931107521 0.9925791025161743 0.14648829400539398 0.0 0.0 0.0 1.0
0.9911030530929565 0.12066982686519623 -0.05615639686584473 -0.03579653054475784 -0.11402012407779694 0.9874292612075806 0.10946619510650635 -0.1516236811876297 0.06865973770618439 -0.10208932310342789 0.992402970790863 0.14903081953525543 0.0 0.0 0.0 1.0
0.9910032749176025 0.12176566570997238 -0.055548179894685745 -0.03587118908762932 -0.1149127259850502 0.9868978261947632 0.11325985193252563 -0.15148721635341644 0.06861153990030289 -0.10585769265890121 0.9920113682746887 0.15177413821220398 0.0 0.0 0.0 1.0
0.9909413456916809 0.12251399457454681 -0.05500519275665283 -0.0357157401740551 -0.11549747735261917 0.9864609837532043 0.11642622947692871 -0.15121933817863464 0.0685243159532547 -0.10901860147714615 0.9916750192642212 0.15427295863628387 0.0 0.0 0.0 1.0
0.9908072352409363 0.12344488501548767 -0.055338576436042786 -0.035584114491939545 -0.1161605641245842 0.9859932661056519 0.11968313157558441 -0.15125992894172668 0.06933773308992386 -0.1121547520160675 0.9912686944007874 0.15670627355575562 0.0 0.0 0.0 1.0
0.9906689524650574 0.12460611760616302 -0.05521130561828613 -0.03558926656842232 -0.11729166656732559 0.9857918620109558 0.12023764848709106 -0.1514047086238861 0.06940919905900955 -0.112639881670475 0.9912086725234985 0.15952745079994202 0.0 0.0 0.0 1.0
0.9906725287437439 0.12545789778232574 -0.053181231021881104 -0.03542780131101608 -0.11810296773910522 0.985212504863739 0.12412889301776886 -0.15117314457893372 0.06796776503324509 -0.11669022589921951 0.990839958190918 0.1618897169828415 0.0 0.0 0.0 1.0
0.9906886219978333 0.12552209198474884 -0.05272868275642395 -0.03499523550271988 -0.11798562854528427 0.9847890138626099 0.12755408883094788 -0.15103238821029663 0.06793748587369919 -0.12014515697956085 0.9904290437698364 0.16458101570606232 0.0 0.0 0.0 1.0
0.9905970692634583 0.12588410079479218 -0.05357826128602028 -0.03466491028666496 -0.11825881898403168 0.9847854971885681 0.12732765078544617 -0.15109120309352875 0.06879162043333054 -0.11979430168867111 0.9904125332832336 0.16702793538570404 0.0 0.0 0.0 1.0
0.9906981587409973 0.12594544887542725 -0.05152576044201851 -0.03396926820278168 -0.11802428960800171 0.9837481379508972 0.13531391322612762 -0.15079189836978912 0.06773054599761963 -0.12797395884990692 0.9894620776176453 0.16902954876422882 0.0 0.0 0.0 1.0
0.9908190965652466 0.1256859004497528 -0.04980570822954178 -0.033315498381853104 -0.11775921285152435 0.9833043813705444 0.13872745633125305 -0.15069212019443512 0.06641025096178055 -0.13158872723579407 0.9890773892402649 0.1713753193616867 0.0 0.0 0.0 1.0
0.9908722639083862 0.1254684180021286 -0.049292873591184616 -0.03277155011892319 -0.11764410138130188 0.9833879470825195 0.13823193311691284 -0.15063311159610748 0.06581775844097137 -0.13117116689682007 0.9891724586486816 0.17380031943321228 0.0 0.0 0.0 1.0
0.9908722043037415 0.12550979852676392 -0.04918935149908066 -0.03207145258784294 -0.11748950928449631 0.9829598665237427 0.14137226343154907 -0.15024760365486145 0.0660947635769844 -0.13430260121822357 0.98873370885849 0.1758524626493454 0.0 0.0 0.0 1.0
0.9911518096923828 0.12380770593881607 -0.04785170406103134 -0.03131989762187004 -0.11567226052284241 0.9824857711791992 0.1460876613855362 -0.15003444254398346 0.06510040163993835 -0.139259934425354 0.9881136417388916 0.17839209735393524 0.0 0.0 0.0 1.0
0.9910566806793213 0.12450148165225983 -0.04802121967077255 -0.03079375810921192 -0.11625591665506363 0.9822356700897217 0.14730137586593628 -0.15032018721103668 0.06550738960504532 -0.14040125906467438 0.9879252314567566 0.18061505258083344 0.0 0.0 0.0 1.0
0.9909960031509399 0.12437713146209717 -0.04957045987248421 -0.03014889545738697 -0.11585216224193573 0.9821450710296631 0.14822044968605042 -0.1503927856683731 0.06712061911821365 -0.1411430388689041 0.9877112507820129 0.18285979330539703 0.0 0.0 0.0 1.0
0.9911417365074158 0.12362878024578094 -0.04851825535297394 -0.02948465757071972 -0.1150052472949028 0.9816645383834839 0.1520148515701294 -0.1502431184053421 0.06642206013202667 -0.14508840441703796 0.9871866106987 0.18511952459812164 0.0 0.0 0.0 1.0
0.9910596609115601 0.12368011474609375 -0.05004001408815384 -0.029175270348787308 -0.1149493008852005 0.9819279909133911 0.15034668147563934 -0.15040169656276703 0.06773058325052261 -0.1432504653930664 0.9873661398887634 0.18773852288722992 0.0 0.0 0.0 1.0
0.990881621837616 0.12430332601070404 -0.051983416080474854 -0.028807520866394043 -0.11531787365674973 0.9819501638412476 0.1499190479516983 -0.15034718811511993 0.06968055665493011 -0.14255741238594055 0.9873307347297668 0.1897907853126526 0.0 0.0 0.0 1.0
0.9908370971679688 0.12496412545442581 -0.05124284327030182 -0.02815086394548416 -0.11586356163024902 0.9814126491546631 0.15298649668693542 -0.1500387191772461 0.06940820068120956 -0.14564751088619232 0.9868988394737244 0.192374125123024 0.0 0.0 0.0 1.0
0.9908918142318726 0.1235886961221695 -0.05347154289484024 -0.028037048876285553 -0.11420412361621857 0.9816688299179077 0.15259020030498505 -0.1504240483045578 0.07134976983070374 -0.14509370923042297 0.9868419170379639 0.19460539519786835 0.0 0.0 0.0 1.0
0.9906637072563171 0.12496869266033173 -0.05448152497410774 -0.027282364666461945 -0.11551829427480698 0.9817131161689758 0.15131047368049622 -0.15045589208602905 0.07239429652690887 -0.14360418915748596 0.9869837164878845 0.19677090644836426 0.0 0.0 0.0 1.0
0.9906682968139648 0.12446258217096329 -0.05554623529314995 -0.026804795488715172 -0.11463917791843414 0.9813481569290161 0.15431688725948334 -0.1503605991601944 0.07371687144041061 -0.1465090662240982 0.9864587783813477 0.19874393939971924 0.0 0.0 0.0 1.0
0.9904597401618958 0.12505917251110077 -0.05787651985883713 -0.026355503126978874 -0.11479614675045013 0.9811426401138306 0.15550212562084198 -0.1506599634885788 0.07623209059238434 -0.14737460017204285 0.986138641834259 0.20060095191001892 0.0 0.0 0.0 1.0
0.9905008673667908 0.12411326915025711 -0.05919404327869415 -0.025722429156303406 -0.11386051774024963 0.9816458821296692 0.1529940664768219 -0.1511136293411255 0.07709617912769318 -0.14480088651180267 0.9864526987075806 0.2025071084499359 0.0 0.0 0.0 1.0
0.990674614906311 0.12252940237522125 -0.05958440899848938 -0.0249496940523386 -0.11217720806598663 0.9817264676094055 0.1537187397480011 -0.15125440061092377 0.07733065634965897 -0.14560124278068542 0.9863165020942688 0.20426297187805176 0.0 0.0 0.0 1.0
0.9906323552131653 0.12201943248510361 -0.06130904331803322 -0.02427474595606327 -0.11137523502111435 0.9817308187484741 0.15427298843860626 -0.15150853991508484 0.07901328057050705 -0.1459995061159134 0.9861242771148682 0.20582497119903564 0.0 0.0 0.0 1.0
0.9907723069190979 0.11948131024837494 -0.06398773193359375 -0.023420467972755432 -0.10863196849822998 0.9823514819145203 0.1522650569677353 -0.1520031839609146 0.08105127513408661 -0.14390888810157776 0.9862661361694336 0.2073855996131897 0.0 0.0 0.0 1.0
0.9911998510360718 0.11603368818759918 -0.06371025741100311 -0.022447464987635612 -0.10533428937196732 0.9828631281852722 0.151277095079422 -0.1522846817970276 0.08017170429229736 -0.1432349681854248 0.986436128616333 0.20896799862384796 0.0 0.0 0.0 1.0
0.9912060499191284 0.11521261185407639 -0.06508897989988327 -0.021463993936777115 -0.10434719920158386 0.9830161333084106 0.1509668081998825 -0.15251630544662476 0.08137679845094681 -0.14284735918045044 0.9863936305046082 0.21046437323093414 0.0 0.0 0.0 1.0
0.991217315196991 0.11378990113735199 -0.06738043576478958 -0.020573856309056282 -0.1026952862739563 0.9833496809005737 0.14992362260818481 -0.1527751088142395 0.0833183228969574 -0.14168722927570343 0.9863988757133484 0.2118173986673355 0.0 0.0 0.0 1.0
0.9914345145225525 0.11146878451108932 -0.06806077063083649 -0.019456740468740463 -0.10005111247301102 0.9831794500350952 0.15280017256736755 -0.15265750885009766 0.08394840359687805 -0.14468181133270264 0.9859106540679932 0.21330004930496216 0.0 0.0 0.0 1.0
0.9917489290237427 0.1065811961889267 -0.07123519480228424 -0.01894751936197281 -0.09435448795557022 0.9830483198165894 0.15720456838607788 -0.15286627411842346 0.08678268641233444 -0.1491861194372177 0.9849935173988342 0.21440327167510986 0.0 0.0 0.0 1.0
0.9917141795158386 0.10676861554384232 -0.07143856585025787 -0.017839306965470314 -0.09468521177768707 0.9833325147628784 0.15521565079689026 -0.15292106568813324 0.08682002127170563 -0.14716538786888123 0.9852941632270813 0.21578489243984222 0.0 0.0 0.0 1.0
0.9918467402458191 0.10661417245864868 -0.06980985403060913 -0.01672820746898651 -0.09478651732206345 0.983346700668335 0.15506389737129211 -0.15276716649532318 0.08517929911613464 -0.14718258380889893 0.9854348301887512 0.2174040824174881 0.0 0.0 0.0 1.0
0.9918891787528992 0.10549920052289963 -0.07089267671108246 -0.015612656250596046 -0.09334814548492432 0.9831711649894714 0.15703673660755157 -0.1525270640850067 0.0862668827176094 -0.14914533495903015 0.9850450158119202 0.21907377243041992 0.0 0.0 0.0 1.0
0.9918470978736877 0.10409215092658997 -0.07351328432559967 -0.014808513224124908 -0.09155666828155518 0.9833335280418396 0.1570749133825302 -0.15251818299293518 0.08863834291696548 -0.14906366169452667 0.984846830368042 0.22057153284549713 0.0 0.0 0.0 1.0
0.9920920133590698 0.10234542191028595 -0.07265576720237732 -0.013802781701087952 -0.08983936160802841 0.9832856059074402 0.15836134552955627 -0.15231885015964508 0.08764892816543579 -0.15058168768882751 0.9847044348716736 0.22232046723365784 0.0 0.0 0.0 1.0
0.9923074245452881 0.10059445351362228 -0.07215764373540878 -0.012920469045639038 -0.08799107372760773 0.9831068515777588 0.16049446165561676 -0.1519651710987091 0.08708352595567703 -0.15291060507297516 0.9843956828117371 0.22460879385471344 0.0 0.0 0.0 1.0
0.9919759035110474 0.10118045657873154 -0.07580485194921494 -0.012259118258953094 -0.08805561810731888 0.983180046081543 0.1600101888179779 -0.15202419459819794 0.09071972221136093 -0.15205121040344238 0.9842003583908081 0.22663095593452454 0.0 0.0 0.0 1.0
0.9918984174728394 0.10079362243413925 -0.07731863111257553 -0.011564794927835464 -0.08731088787317276 0.9830204248428345 0.1613926887512207 -0.15205608308315277 0.09227315336465836 -0.15333439409732819 0.9838567972183228 0.22820794582366943 0.0 0.0 0.0 1.0
0.9919845461845398 0.10071999579668045 -0.07630319148302078 -0.010751748457551003 -0.08704202622175217 0.9824137091636658 0.16518785059452057 -0.15187481045722961 0.09159901738166809 -0.1572221964597702 0.9833060503005981 0.22980672121047974 0.0 0.0 0.0 1.0
0.9919613003730774 0.10067672282457352 -0.07666175812482834 -0.009979012422263622 -0.08709761500358582 0.9826866984367371 0.16352635622024536 -0.1520155817270279 0.09179779142141342 -0.1555347591638565 0.9835558533668518 0.23156258463859558 0.0 0.0 0.0 1.0
0.9918442368507385 0.10109560191631317 -0.07761869579553604 -0.009159272536635399 -0.08767324686050415 0.983178436756134 0.16022954881191254 -0.15241487324237823 0.09251152724027634 -0.15211768448352814 0.9840232729911804 0.2337554395198822 0.0 0.0 0.0 1.0
0.9917429089546204 0.10263093560934067 -0.07689519971609116 -0.007644320372492075 -0.08872786909341812 0.9820601344108582 0.16638897359371185 -0.15242430567741394 0.09259236603975296 -0.15819235146045685 0.9830573797225952 0.2366075962781906 0.0 0.0 0.0 1.0
0.9917868375778198 0.10285713523626328 -0.07602144777774811 -0.006600055377930403 -0.08927882462739944 0.9823492169380188 0.16437549889087677 -0.15274642407894135 0.09158679842948914 -0.1562383472919464 0.9834640026092529 0.2400348037481308 0.0 0.0 0.0 1.0
0.9914871454238892 0.1042746752500534 -0.0779743418097496 -0.005931123159825802 -0.09028016775846481 0.982089102268219 0.16538000106811523 -0.1529642641544342 0.09382269531488419 -0.15693260729312897 0.9831426739692688 0.2417333573102951 0.0 0.0 0.0 1.0
0.9914214015007019 0.10486090928316116 -0.07802443206310272 -0.005462214350700378 -0.0909116193652153 0.9821341037750244 0.16476567089557648 -0.15349504351615906 0.093907929956913 -0.15625888109207153 0.9832417964935303 0.24299366772174835 0.0 0.0 0.0 1.0
0.9915148615837097 0.10515160858631134 -0.0764293298125267 -0.004770778585225344 -0.09144636988639832 0.9820765852928162 0.1648123860359192 -0.15373560786247253 0.09238974750041962 -0.15642474591732025 0.9833592772483826 0.24433308839797974 0.0 0.0 0.0 1.0
0.9915461540222168 0.1043088436126709 -0.07717420905828476 -0.0043154689483344555 -0.09063685685396194 0.9824037551879883 0.16330289840698242 -0.15407128632068634 0.09285016357898712 -0.15492753684520721 0.983552873134613 0.2460535615682602 0.0 0.0 0.0 1.0
0.9913528561592102 0.10413723438978195 -0.07984332740306854 -0.004140160046517849 -0.08999709784984589 0.9823710322380066 0.1638524830341339 -0.15448851883411407 0.09549891203641891 -0.1552499681711197 0.9832484126091003 0.2473439872264862 0.0 0.0 0.0 1.0
0.9912957549095154 0.10452929139137268 -0.08003944158554077 -0.003908053506165743 -0.09024880826473236 0.9821656942367554 0.16494150459766388 -0.15457016229629517 0.09585320949554443 -0.15628236532211304 0.9830503463745117 0.24825473129749298 0.0 0.0 0.0 1.0
0.991442859172821 0.10348200798034668 -0.07957693189382553 -0.003858161624521017 -0.08942296355962753 0.9824811220169067 0.1635066717863083 -0.1546200066804886 0.09510283172130585 -0.1549915224313736 0.9833275675773621 0.24892929196357727 0.0 0.0 0.0 1.0
0.9910525679588318 0.10557374358177185 -0.08166396617889404 -0.004081577993929386 -0.09127318114042282 0.9824830293655396 0.16246937215328217 -0.15533195436000824 0.0973859652876854 -0.15356196463108063 0.9833284020423889 0.24976785480976105 0.0 0.0 0.0 1.0
0.991007387638092 0.10655254125595093 -0.08093778789043427 -0.004402133636176586 -0.09228675812482834 0.9822720289230347 0.16317129135131836 -0.15528185665607452 0.09688923507928848 -0.15423445403575897 0.9832721948623657 0.2501065731048584 0.0 0.0 0.0 1.0
0.9908292889595032 0.10911780595779419 -0.0796908587217331 -0.004720448981970549 -0.0952693447470665 0.9824033975601196 0.16064640879631042 -0.15589851140975952 0.09581796079874039 -0.1515810787677765 0.9837896823883057 0.2509888708591461 0.0 0.0 0.0 1.0
0.9905126690864563 0.11182785034179688 -0.07986999303102493 -0.005219657439738512 -0.09791143983602524 0.9821141958236694 0.16082628071308136 -0.1561521589756012 0.09642630815505981 -0.1514802724123001 0.9837457537651062 0.25205960869789124 0.0 0.0 0.0 1.0
0.9902597069740295 0.11256229132413864 -0.08194776624441147 -0.005713091231882572 -0.09820795804262161 0.9818964600563049 0.16197066009044647 -0.1559884250164032 0.09869600832462311 -0.15234509110450745 0.9833870530128479 0.253605455160141 0.0 0.0 0.0 1.0
0.9900455474853516 0.11315742880105972 -0.08369741588830948 -0.00630900589749217 -0.09833863377571106 0.9815738797187805 0.1638360172510147 -0.15557058155536652 0.1006944552063942 -0.15397442877292633 0.9829305410385132 0.2555186450481415 0.0 0.0 0.0 1.0
0.9899573922157288 0.11359784007072449 -0.08414209634065628 -0.006754545960575342 -0.09853295981884003 0.981272280216217 0.1655173897743225 -0.1552436351776123 0.10136871784925461 -0.15556438267230988 0.9826108813285828 0.2565838396549225 0.0 0.0 0.0 1.0
0.9898126125335693 0.11498978734016418 -0.08395427465438843 -0.0072965496219694614 -0.09955308586359024 0.9805272817611694 0.1692793071269989 -0.15469887852668762 0.101784847676754 -0.1591968983411789 0.981985867023468 0.25787976384162903 0.0 0.0 0.0 1.0
0.9895124435424805 0.11651214957237244 -0.08538195490837097 -0.007874412462115288 -0.10065671056509018 0.9801257848739624 0.1709434986114502 -0.15438994765281677 0.10360205173492432 -0.16055645048618317 0.9815743565559387 0.25938332080841064 0.0 0.0 0.0 1.0
0.989158034324646 0.11901944875717163 -0.08602769672870636 -0.008523106575012207 -0.10286416113376617 0.9796145558357239 0.17255227267742157 -0.1541309654712677 0.10481106489896774 -0.1618322879076004 0.981236457824707 0.26038438081741333 0.0 0.0 0.0 1.0
0.98945152759552 0.1173265352845192 -0.08497121185064316 -0.00918070413172245 -0.10151919722557068 0.9800190925598145 0.17104516923427582 -0.15404434502124786 0.10334154963493347 -0.16061469912528992 0.9815922975540161 0.26128441095352173 0.0 0.0 0.0 1.0
0.9895081520080566 0.11787617951631546 -0.08353950828313828 -0.009532910771667957 -0.10209410637617111 0.9796193242073059 0.17298206686973572 -0.15369020402431488 0.10222738236188889 -0.16263827681541443 0.9813757538795471 0.26249292492866516 0.0 0.0 0.0 1.0
0.9889004230499268 0.11961934715509415 -0.0881313607096672 -0.010022538714110851 -0.1037658229470253 0.9805557727813721 0.16656237840652466 -0.15431571006774902 0.10634180158376694 -0.15556858479976654 0.9820844531059265 0.2643952965736389 0.0 0.0 0.0 1.0
0.9890404939651489 0.12106934934854507 -0.08450491726398468 -0.009513750672340393 -0.10549155622720718 0.979912281036377 0.1692436933517456 -0.15443392097949982 0.1032976359128952 -0.15847431123256683 0.981944739818573 0.2641562223434448 0.0 0.0 0.0 1.0
0.9886322617530823 0.12231527268886566 -0.08743713796138763 -0.009661884978413582 -0.1062450185418129 0.9798104166984558 0.16936203837394714 -0.15500976145267487 0.10638738423585892 -0.15814700722694397 0.9816675782203674 0.2655477821826935 0.0 0.0 0.0 1.0
0.989270031452179 0.11815756559371948 -0.08592774718999863 -0.009547612629830837 -0.10190961509943008 0.9795199036598206 0.17365241050720215 -0.15488280355930328 0.10468629002571106 -0.16303226351737976 0.9810510873794556 0.26551908254623413 0.0 0.0 0.0 1.0
0.9890165328979492 0.11984819173812866 -0.08650290966033936 -0.009219042025506496 -0.10378246754407883 0.979803740978241 0.17092061042785645 -0.15518225729465485 0.10524040460586548 -0.16006581485271454 0.9814801812171936 0.2661990523338318 0.0 0.0 0.0 1.0
0.9891843795776367 0.11842834949493408 -0.0865386500954628 -0.009310378693044186 -0.1024329736828804 0.9800480604171753 0.1703328788280487 -0.15542249381542206 0.10498427599668503 -0.15962621569633484 0.9815792441368103 0.2672109603881836 0.0 0.0 0.0 1.0
0.9893394112586975 0.11810845136642456 -0.08519355952739716 -0.00920903030782938 -0.10249228030443192 0.9803034067153931 0.1688210368156433 -0.15564467012882233 0.10345473140478134 -0.15828962624073029 0.9819579720497131 0.2683730125427246 0.0 0.0 0.0 1.0
0.989737868309021 0.11592535674571991 -0.08354779332876205 -0.009061352349817753 -0.1007223054766655 0.9807024598121643 0.16756398975849152 -0.15558113157749176 0.10136044025421143 -0.1574293076992035 0.9823146462440491 0.26924142241477966 0.0 0.0 0.0 1.0
0.9891961216926575 0.11930710077285767 -0.08518689125776291 -0.008452780544757843 -0.10394304245710373 0.9805755615234375 0.16633515059947968 -0.155799001455307 0.10337714850902557 -0.1556835025548935 0.9823827147483826 0.27035146951675415 0.0 0.0 0.0 1.0
0.9889240860939026 0.11849526315927505 -0.08937569707632065 -0.00877579115331173 -0.10284870862960815 0.9812572598457336 0.1629611998796463 -0.15604814887046814 0.10701068490743637 -0.15196406841278076 0.9825760126113892 0.2717949151992798 0.0 0.0 0.0 1.0
0.9891181588172913 0.11948729306459427 -0.08583739399909973 -0.008346980437636375 -0.10386001318693161 0.9803279638290405 0.16783957183361053 -0.15593498945236206 0.10420349985361099 -0.15709809958934784 0.9820701479911804 0.2715640366077423 0.0 0.0 0.0 1.0
0.9890171885490417 0.12045751512050629 -0.08564434945583344 -0.008314897306263447 -0.10517065972089767 0.9806985259056091 0.16483181715011597 -0.15632957220077515 0.10384651273488998 -0.1540142297744751 0.9825963377952576 0.27203652262687683 0.0 0.0 0.0 1.0
0.9891849160194397 0.12038230150938034 -0.08379306644201279 -0.007882523350417614 -0.1055457815527916 0.9809192419052124 0.1632714718580246 -0.15655195713043213 0.10184922069311142 -0.15266168117523193 0.9830163717269897 0.2727738320827484 0.0 0.0 0.0 1.0
0.9892659187316895 0.11983315646648407 -0.0836242213845253 -0.007642834912985563 -0.10509458184242249 0.9810759425163269 0.16261965036392212 -0.15679241716861725 0.10152893513441086 -0.15208561718463898 0.9831387400627136 0.2733609676361084 0.0 0.0 0.0 1.0
0.9893574714660645 0.11888626962900162 -0.08389222621917725 -0.007498044520616531 -0.1044045239686966 0.9816113710403442 0.15980878472328186 -0.15693755447864532 0.1013486310839653 -0.14934928715229034 0.983576774597168 0.27399182319641113 0.0 0.0 0.0 1.0
0.9895218014717102 0.11745903640985489 -0.08396419137716293 -0.007329428568482399 -0.10295997560024261 0.9817359447479248 0.1599804013967514 -0.15677425265312195 0.10122180730104446 -0.1496591418981552 0.9835427403450012 0.27468815445899963 0.0 0.0 0.0 1.0
0.9896187782287598 0.11677869409322739 -0.08376964926719666 -0.007344592362642288 -0.10229817777872086 0.9817794561386108 0.16013817489147186 -0.15645663440227509 0.10094404220581055 -0.14990626275539398 0.9835336208343506 0.2753353714942932 0.0 0.0 0.0 1.0
0.9897457361221313 0.11656402796506882 -0.08256041258573532 -0.007380695082247257 -0.10237546265125275 0.9819435477256775 0.1590789258480072 -0.15623877942562103 0.09961254894733429 -0.1489955186843872 0.9838077425956726 0.27615466713905334 0.0 0.0 0.0 1.0
0.9899430274963379 0.11633317172527313 -0.08049455285072327 -0.007475836668163538 -0.10230278223752975 0.9816980361938477 0.16063347458839417 -0.1556897759437561 0.09770834445953369 -0.15078316628932953 0.9837263226509094 0.27681007981300354 0.0 0.0 0.0 1.0
0.9900212287902832 0.11594372242689133 -0.08009395003318787 -0.007644938305020332 -0.10172092169523239 0.9813310503959656 0.16322457790374756 -0.1549457162618637 0.09752354025840759 -0.15344856679439545 0.9833324551582336 0.27733710408210754 0.0 0.0 0.0 1.0
0.990040123462677 0.11528807133436203 -0.08080340921878815 -0.008041019551455975 -0.10101798921823502 0.9814980626106262 0.16265590488910675 -0.1545780599117279 0.09806067496538162 -0.15287327766418457 0.9833686351776123 0.27773451805114746 0.0 0.0 0.0 1.0
0.9900899529457092 0.11524809896945953 -0.08024817705154419 -0.008422179147601128 -0.10101961344480515 0.9814236760139465 0.1631028801202774 -0.1540743112564087 0.0975547581911087 -0.153379887342453 0.9833400845527649 0.27809643745422363 0.0 0.0 0.0 1.0
0.990224301815033 0.11437315493822098 -0.07984138280153275 -0.008914723061025143 -0.10011494159698486 0.9813469648361206 0.16411921381950378 -0.15348884463310242 0.0971229299902916 -0.15452151000499725 0.9832040667533875 0.2787246108055115 0.0 0.0 0.0 1.0
0.990287184715271 0.11354255676269531 -0.08024566620588303 -0.009429528377950191 -0.09935024380683899 0.9816290736198425 0.16289229691028595 -0.1533343344926834 0.09726668894290924 -0.1533377319574356 0.9833751916885376 0.279100239276886 0.0 0.0 0.0 1.0
0.9903037548065186 0.11284436285495758 -0.08102204650640488 -0.009948785416781902 -0.09865661710500717 0.9818958640098572 0.16170156002044678 -0.15326599776744843 0.09780232608318329 -0.1521403044462204 0.9835080504417419 0.27942535281181335 0.0 0.0 0.0 1.0
0.9903773665428162 0.11226873099803925 -0.08092210441827774 -0.010562941431999207 -0.09811551868915558 0.9819738268852234 0.1615573912858963 -0.1531023532152176 0.09760123491287231 -0.15206307172775269 0.9835399389266968 0.27979418635368347 0.0 0.0 0.0 1.0
0.9903169870376587 0.11250032484531403 -0.08133824914693832 -0.011211392469704151 -0.09849566221237183 0.9822874665260315 0.15940502285957336 -0.1532970517873764 0.09783066064119339 -0.1498500406742096 0.983856737613678 0.2801835536956787 0.0 0.0 0.0 1.0
0.9902485013008118 0.1125493049621582 -0.0821010023355484 -0.01174845825880766 -0.09872954338788986 0.9827467203140259 0.15640109777450562 -0.15357348322868347 0.09828732907772064 -0.1467701494693756 0.9842754006385803 0.2803066372871399 0.0 0.0 0.0 1.0
0.9902850389480591 0.11233039945363998 -0.08195960521697998 -0.012451495043933392 -0.09839705377817154 0.9825618863105774 0.15776599943637848 -0.1533508449792862 0.0982523038983345 -0.14816872775554657 0.9840693473815918 0.28058263659477234 0.0 0.0 0.0 1.0
0.9902879595756531 0.11201797425746918 -0.08235131949186325 -0.01316055003553629 -0.09785538166761398 0.982337236404419 0.15949250757694244 -0.1530918926000595 0.09876279532909393 -0.14988498389720917 0.9837583303451538 0.2809951603412628 0.0 0.0 0.0 1.0
0.9902427792549133 0.11253204196691513 -0.08219365775585175 -0.013884525746107101 -0.09854700416326523 0.9825225472450256 0.15791742503643036 -0.15296901762485504 0.09852789342403412 -0.1482766568660736 0.9840255379676819 0.2814432382583618 0.0 0.0 0.0 1.0
0.9903224110603333 0.11307895183563232 -0.08046510815620422 -0.014387539587914944 -0.09916532039642334 0.9821605086326599 0.1597716063261032 -0.15243342518806458 0.09709645807743073 -0.1502460539340973 0.9838690757751465 0.28215745091438293 0.0 0.0 0.0 1.0
0.9901958107948303 0.11423295736312866 -0.08039329200983047 -0.014884536154568195 -0.10010267049074173 0.9817043542861938 0.16197547316551208 -0.15193414688110352 0.09742537885904312 -0.1523398458957672 0.9835145473480225 0.282735139131546 0.0 0.0 0.0 1.0
0.9901427030563354 0.11529453098773956 -0.07952720671892166 -0.01524343527853489 -0.10109706223011017 0.9812803268432617 0.16391542553901672 -0.15099947154521942 0.09693703800439835 -0.15425969660282135 0.9832635521888733 0.2833496034145355 0.0 0.0 0.0 1.0
0.9901596903800964 0.11566857993602753 -0.07876911759376526 -0.015305603854358196 -0.10148182511329651 0.9810630083084106 0.16497519612312317 -0.1504233181476593 0.09635990858078003 -0.15535815060138702 0.9831473231315613 0.2835598289966583 0.0 0.0 0.0 1.0
0.9901981353759766 0.11537376046180725 -0.0787183940410614 -0.0152788907289505 -0.10125984996557236 0.9811925888061523 0.16433978080749512 -0.149906188249588 0.09619840234518051 -0.15475791692733765 0.9832577705383301 0.2838628888130188 0.0 0.0 0.0 1.0
0.9903059005737305 0.11561977863311768 -0.0769822895526886 -0.014919831417500973 -0.10147609561681747 0.9806463122367859 0.16743765771389008 -0.14905807375907898 0.09485150128602982 -0.15800264477729797 0.982872486114502 0.2841658294200897 0.0 0.0 0.0 1.0
0.9902623891830444 0.1158355325460434 -0.07721757143735886 -0.014685512520372868 -0.10152853280305862 0.9804219007492065 0.1687154769897461 -0.14838679134845734 0.09524904191493988 -0.15923279523849487 0.982635498046875 0.28458353877067566 0.0 0.0 0.0 1.0
0.9903600215911865 0.11575457453727722 -0.07607819139957428 -0.01426139660179615 -0.1016295775771141 0.9804084300994873 0.16873283684253693 -0.1479061245918274 0.09411929547786713 -0.15937446057796478 0.9827213883399963 0.2849138081073761 0.0 0.0 0.0 1.0
0.9904059171676636 0.11574096977710724 -0.07549925148487091 -0.01384775061160326 -0.10153529793024063 0.9801025986671448 0.1705562323331833 -0.14747533202171326 0.09373735636472702 -0.16125406324863434 0.9824512600898743 0.2853301465511322 0.0 0.0 0.0 1.0
0.9903435707092285 0.11543722450733185 -0.07677123695611954 -0.013453477062284946 -0.10113774985074997 0.9803406000137329 0.16942112147808075 -0.14726680517196655 0.09481945633888245 -0.160020649433136 0.9825490713119507 0.2857314646244049 0.0 0.0 0.0 1.0
0.9904276132583618 0.11448590457439423 -0.07711091637611389 -0.013074125163257122 -0.10025455802679062 0.9806331992149353 0.16824844479560852 -0.14719435572624207 0.09487960487604141 -0.1589071899652481 0.9827239513397217 0.28616830706596375 0.0 0.0 0.0 1.0
0.9905766248703003 0.11245743930339813 -0.07817430794239044 -0.01247068215161562 -0.09795825183391571 0.9806574583053589 0.16945545375347137 -0.14695419371128082 0.09571874141693115 -0.1602007895708084 0.98243248462677 0.28649723529815674 0.0 0.0 0.0 1.0
0.9906849265098572 0.11117765307426453 -0.07863183319568634 -0.011767887510359287 -0.09648669511079788 0.9805713891983032 0.17079229652881622 -0.14672313630580902 0.09609241783618927 -0.16161443293094635 0.9821644425392151 0.28683292865753174 0.0 0.0 0.0 1.0
0.9907689094543457 0.10985645651817322 -0.07942614704370499 -0.01129363663494587 -0.09516724199056625 0.9809079766273499 0.1695956587791443 -0.14674599468708038 0.0965409204363823 -0.1604713350534439 0.9823079109191895 0.2872260808944702 0.0 0.0 0.0 1.0
0.9908495545387268 0.107818104326725 -0.08119381964206696 -0.01087999064475298 -0.09268702566623688 0.9808390140533447 0.17135915160179138 -0.14631521701812744 0.09811367839574814 -0.16226552426815033 0.9818572402000427 0.28764238953590393 0.0 0.0 0.0 1.0
0.9908550977706909 0.10795284062623978 -0.08094658702611923 -0.010381914675235748 -0.09275070577859879 0.9806394577026367 0.17246319353580475 -0.14602962136268616 0.09799730777740479 -0.16337819397449493 0.9816843271255493 0.28810104727745056 0.0 0.0 0.0 1.0
0.9907546639442444 0.10876767337322235 -0.08108508586883545 -0.010095896199345589 -0.09380735456943512 0.9810155034065247 0.16973160207271576 -0.14598435163497925 0.09800703823566437 -0.16055600345134735 0.9821488857269287 0.2883945405483246 0.0 0.0 0.0 1.0
0.9906711578369141 0.10927397012710571 -0.0814237892627716 -0.009688266552984715 -0.09398612380027771 0.9805330634117126 0.17239920794963837 -0.1455172598361969 0.09867746382951736 -0.16313821077346802 0.9816560745239258 0.2889474034309387 0.0 0.0 0.0 1.0
0.990558385848999 0.10931485891342163 -0.08273030817508698 -0.009473321959376335 -0.0936083272099495 0.9802163243293762 0.17439433932304382 -0.1450682431459427 0.1001574918627739 -0.16500353813171387 0.9811943173408508 0.28935012221336365 0.0 0.0 0.0 1.0
0.9904242157936096 0.10966884344816208 -0.08386064320802689 -0.009286654181778431 -0.09401743859052658 0.9805999994277954 0.17200101912021637 -0.14501385390758514 0.10109689831733704 -0.16246961057186127 0.9815207719802856 0.2896368205547333 0.0 0.0 0.0 1.0
0.990398645401001 0.11115406453609467 -0.08219055086374283 -0.008853633888065815 -0.0952901542186737 0.9796538949012756 0.17662951350212097 -0.14436081051826477 0.10015138238668442 -0.1671016812324524 0.9808397889137268 0.290068119764328 0.0 0.0 0.0 1.0
0.9902166128158569 0.11123393476009369 -0.08425018936395645 -0.008868555538356304 -0.0952434241771698 0.9800392985343933 0.1745040863752365 -0.144496887922287 0.10197927057743073 -0.16477257013320923 0.9810454845428467 0.29010364413261414 0.0 0.0 0.0 1.0
0.9902060627937317 0.11201436817646027 -0.08333493024110794 -0.008858086541295052 -0.0959169790148735 0.9795379042625427 0.17693349719047546 -0.14444699883460999 0.10144881904125214 -0.16720739006996155 0.9806884527206421 0.29001760482788086 0.0 0.0 0.0 1.0
0.9900841116905212 0.11265940964221954 -0.08391277492046356 -0.008975245989859104 -0.09654159843921661 0.9796218276023865 0.17612716555595398 -0.1447826474905014 0.10204517096281052 -0.1662796288728714 0.9807842969894409 0.2898087799549103 0.0 0.0 0.0 1.0
0.9899344444274902 0.11356914788484573 -0.08445056527853012 -0.009105761535465717 -0.09777668118476868 0.9802221059799194 0.17205914855003357 -0.14537686109542847 0.10232092440128326 -0.16206997632980347 0.9814600348472595 0.2894483804702759 0.0 0.0 0.0 1.0
0.9899091124534607 0.11316888779401779 -0.08528045564889908 -0.009320706129074097 -0.09730296581983566 0.980366587638855 0.17150355875492096 -0.14582587778568268 0.1030149757862091 -0.16147489845752716 0.9814854860305786 0.28904566168785095 0.0 0.0 0.0 1.0
0.9897862672805786 0.1134864017367363 -0.0862785056233406 -0.00972231850028038 -0.0973844826221466 0.980242133140564 0.17216730117797852 -0.14632928371429443 0.10411247611045837 -0.16200664639472961 0.9812820553779602 0.2883562445640564 0.0 0.0 0.0 1.0
0.9895865321159363 0.11417379230260849 -0.08765165507793427 -0.010027467273175716 -0.09815565496683121 0.9806753993034363 0.16923712193965912 -0.14705049991607666 0.10528027266263962 -0.15887126326560974 0.9816700220108032 0.2874360680580139 0.0 0.0 0.0 1.0
0.989509642124176 0.11431878805160522 -0.08832818269729614 -0.010313242673873901 -0.09817739576101303 0.9806516766548157 0.1693619042634964 -0.14754943549633026 0.10598043352365494 -0.15891340374946594 0.981587827205658 0.28653088212013245 0.0 0.0 0.0 1.0
0.9894147515296936 0.11506281048059464 -0.08842526376247406 -0.010698368772864342 -0.09882175177335739 0.9804630875587463 0.17007744312286377 -0.14803926646709442 0.1062673032283783 -0.15953879058361053 0.981455385684967 0.2856188714504242 0.0 0.0 0.0 1.0
0.9892570972442627 0.11558657139539719 -0.08949954807758331 -0.010999064892530441 -0.09943681210279465 0.9808247089385986 0.1676163673400879 -0.14867429435253143 0.10715756565332413 -0.15691612660884857 0.9817813038825989 0.28474920988082886 0.0 0.0 0.0 1.0
0.9892999529838562 0.11579062789678574 -0.08875913918018341 -0.011269676499068737 -0.09971585869789124 0.9807323217391968 0.1679907888174057 -0.1494908630847931 0.10650071501731873 -0.1573425829410553 0.9817845821380615 0.2831967771053314 0.0 0.0 0.0 1.0
0.9892904162406921 0.11597602814435959 -0.08862309902906418 -0.01145766582340002 -0.10010545700788498 0.9809825420379639 0.16628950834274292 -0.1498764306306839 0.10622330754995346 -0.1556369513273239 0.9820864200592041 0.2824854552745819 0.0 0.0 0.0 1.0
0.9893408417701721 0.11575957387685776 -0.08834294229745865 -0.011653237044811249 -0.10015414655208588 0.9813205003738403 0.16425368189811707 -0.15010318160057068 0.10570667684078217 -0.15365494787693024 0.9824541807174683 0.282097727060318 0.0 0.0 0.0 1.0
0.9893478751182556 0.11596224457025528 -0.08799716085195541 -0.011925899423658848 -0.1001964882016182 0.9809831976890564 0.16623064875602722 -0.14988988637924194 0.10560021549463272 -0.15564292669296265 0.9821527004241943 0.281955748796463 0.0 0.0 0.0 1.0
0.9892497658729553 0.1165793165564537 -0.08828422427177429 -0.012135069817304611 -0.1008741483092308 0.9810874462127686 0.1652025282382965 -0.14992152154445648 0.10587374120950699 -0.15452097356319427 0.982300341129303 0.2820281982421875 0.0 0.0 0.0 1.0
0.9892749190330505 0.11693903058767319 -0.08752399682998657 -0.012345805764198303 -0.10135646164417267 0.9810487031936646 0.16513733565807343 -0.1498306691646576 0.10517629981040955 -0.15449510514736176 0.9823793768882751 0.28228768706321716 0.0 0.0 0.0 1.0
0.9893311262130737 0.1170508936047554 -0.0867353230714798 -0.012538732960820198 -0.10131798684597015 0.980618417263031 0.1676967442035675 -0.14939504861831665 0.10468330979347229 -0.1571197509765625 0.9820156693458557 0.282749205827713 0.0 0.0 0.0 1.0
0.9892610311508179 0.11685103923082352 -0.08779788762331009 -0.012860853224992752 -0.10099475830793381 0.980720579624176 0.16729383170604706 -0.1492224633693695 0.10565365850925446 -0.15663014352321625 0.9819899797439575 0.2832750082015991 0.0 0.0 0.0 1.0
0.9893235564231873 0.11680570244789124 -0.08715144544839859 -0.013193443417549133 -0.10128635168075562 0.9810622334480286 0.1650998592376709 -0.14909975230693817 0.10478559881448746 -0.15450993180274963 0.9824187755584717 0.2838868200778961 0.0 0.0 0.0 1.0
0.9894483089447021 0.11667831242084503 -0.0858965516090393 -0.013284132815897465 -0.10105770081281662 0.9806063175201416 0.16792435944080353 -0.14846456050872803 0.10382383316755295 -0.15747195482254028 0.9820504784584045 0.28459274768829346 0.0 0.0 0.0 1.0
0.9893295764923096 0.11740157008171082 -0.08627764880657196 -0.013521824032068253 -0.10185522586107254 0.9807507991790771 0.1665934920310974 -0.14843715727329254 0.10417520999908447 -0.15602804720401764 0.9822437167167664 0.2851608395576477 0.0 0.0 0.0 1.0
0.9893365502357483 0.11703890562057495 -0.08668927848339081 -0.013845509849488735 -0.10151385515928268 0.9809183478355408 0.1658133715391159 -0.14814206957817078 0.10444172471761703 -0.15524506568908691 0.9823395013809204 0.285873681306839 0.0 0.0 0.0 1.0
0.9894883632659912 0.11686283349990845 -0.08518146723508835 -0.01404445432126522 -0.10134140402078629 0.9805561304092407 0.16804635524749756 -0.14767014980316162 0.10316358506679535 -0.157647505402565 0.9820919036865234 0.28647178411483765 0.0 0.0 0.0 1.0
0.9894431829452515 0.1178564801812172 -0.08433305472135544 -0.01437391433864832 -0.10263711959123611 0.9807094931602478 0.16635669767856598 -0.14779242873191833 0.10231243818998337 -0.1559447944164276 0.9824527502059937 0.2867094874382019 0.0 0.0 0.0 1.0
0.9894760251045227 0.11746489256620407 -0.08449361473321915 -0.014787803404033184 -0.10224920511245728 0.980791449546814 0.16611221432685852 -0.1477695256471634 0.10238297283649445 -0.1557246446609497 0.9824802875518799 0.28690484166145325 0.0 0.0 0.0 1.0
0.9895228147506714 0.11781246215105057 -0.08345568180084229 -0.01509187277406454 -0.10268248617649078 0.9806240200996399 0.1668318808078766 -0.14770586788654327 0.10149352252483368 -0.156514510512352 0.98244708776474 0.2870210111141205 0.0 0.0 0.0 1.0
0.9894413352012634 0.1186978816986084 -0.08316647261381149 -0.015633391216397285 -0.10376842319965363 0.9807772040367126 0.16525180637836456 -0.14806848764419556 0.10118281841278076 -0.15487690269947052 0.9827386140823364 0.28709354996681213 0.0 0.0 0.0 1.0
0.9893896579742432 0.11873763799667358 -0.08372240513563156 -0.01615397073328495 -0.10376715660095215 0.9808524250984192 0.1648057997226715 -0.14833134412765503 0.1016879752278328 -0.1543695330619812 0.982766330242157 0.2869940400123596 0.0 0.0 0.0 1.0
0.9893878698348999 0.11921895295381546 -0.08305681496858597 -0.016486316919326782 -0.10427005589008331 0.9806715846061707 0.16556261479854584 -0.14866231381893158 0.10118965804576874 -0.1551453024148941 0.9826955795288086 0.28699415922164917 0.0 0.0 0.0 1.0
0.9892580509185791 0.12011707574129105 -0.08330874890089035 -0.017056113108992577 -0.10555011034011841 0.9812284708023071 0.16139957308769226 -0.14941957592964172 0.10113175958395004 -0.1508725881576538 0.9833666086196899 0.2869507372379303 0.0 0.0 0.0 1.0
0.9891283512115479 0.12128306925296783 -0.08315929025411606 -0.017832191661000252 -0.10667069256305695 0.981013298034668 0.1619698703289032 -0.14999979734420776 0.10122457146644592 -0.1513383388519287 0.9832854866981506 0.28721728920936584 0.0 0.0 0.0 1.0
0.9890002608299255 0.12188617140054703 -0.08379904180765152 -0.018092144280672073 -0.10730688273906708 0.9811592102050781 0.16066056489944458 -0.15040335059165955 0.10180250555276871 -0.1499011218547821 0.983445942401886 0.28753283619880676 0.0 0.0 0.0 1.0
0.9889003038406372 0.12277410179376602 -0.08368207514286041 -0.018420282751321793 -0.1078210175037384 0.9804890155792236 0.16436520218849182 -0.150194451212883 0.10222914069890976 -0.15351811051368713 0.9828435182571411 0.2881951630115509 0.0 0.0 0.0 1.0
0.9887838363647461 0.12363648414611816 -0.08378864824771881 -0.018527215346693993 -0.10877450555562973 0.980567991733551 0.1632620245218277 -0.15002651512622833 0.10234560817480087 -0.15231679379940033 0.9830182790756226 0.2885119616985321 0.0 0.0 0.0 1.0
0.9885912537574768 0.12442095577716827 -0.08489253371953964 -0.018596965819597244 -0.1088932454586029 0.9797717928886414 0.1678973287343979 -0.14929157495498657 0.10406525433063507 -0.15673761069774628 0.982142448425293 0.2890458106994629 0.0 0.0 0.0 1.0
0.9885711669921875 0.12444628775119781 -0.08508890867233276 -0.018715932965278625 -0.10913113504648209 0.9801366925239563 0.16559717059135437 -0.1490510255098343 0.10400671511888504 -0.15441875159740448 0.9825158715248108 0.28963571786880493 0.0 0.0 0.0 1.0
0.9883587956428528 0.1252652257680893 -0.08634542673826218 -0.01888190396130085 -0.10957812517881393 0.9798189997673035 0.1671745330095291 -0.14855195581912994 0.10554404556751251 -0.15576684474945068 0.9821390509605408 0.2897886335849762 0.0 0.0 0.0 1.0
0.9883325099945068 0.12633384764194489 -0.08508005738258362 -0.018960559740662575 -0.11080098152160645 0.9796246290206909 0.1675073802471161 -0.1479893922805786 0.10450837761163712 -0.15612603724002838 0.9821927547454834 0.2902214527130127 0.0 0.0 0.0 1.0
0.9881052374839783 0.12682828307151794 -0.08696307986974716 -0.019139887765049934 -0.11104781925678253 0.9796804785728455 0.1670164167881012 -0.1477488875389099 0.10637843608856201 -0.1553727388381958 0.9821114540100098 0.29022282361984253 0.0 0.0 0.0 1.0
0.9879775047302246 0.12699683010578156 -0.08816024661064148 -0.01924080401659012 -0.11126773059368134 0.9800277948379517 0.16481807827949524 -0.14761726558208466 0.10733086615800858 -0.15302716195583344 0.9823760986328125 0.2904030978679657 0.0 0.0 0.0 1.0
0.9879796504974365 0.1269582360982895 -0.08819164335727692 -0.01920362189412117 -0.11137507855892181 0.980246365070343 0.16344000399112701 -0.14705024659633636 0.10719959437847137 -0.15165305137634277 0.9826034903526306 0.2906201183795929 0.0 0.0 0.0 1.0
0.9879559278488159 0.1246800571680069 -0.0916404202580452 -0.019179794937372208 -0.10869354754686356 0.9807062745094299 0.16248373687267303 -0.14674179255962372 0.11013081669807434 -0.15056605637073517 0.9824464917182922 0.29068562388420105 0.0 0.0 0.0 1.0
0.9877177476882935 0.12182603776454926 -0.09783723950386047 -0.019372479990124702 -0.10518597066402435 0.9814637303352356 0.16020266711711884 -0.14675986766815186 0.11554055660963058 -0.147943913936615 0.9822235107421875 0.29053547978401184 0.0 0.0 0.0 1.0
0.9875494837760925 0.12359689921140671 -0.0973133072257042 -0.019160421565175056 -0.10717227309942245 0.9814544320106506 0.15893816947937012 -0.14651954174041748 0.11515283584594727 -0.14653001725673676 0.9824809432029724 0.29070061445236206 0.0 0.0 0.0 1.0
0.9876262545585632 0.12299183011054993 -0.09730073064565659 -0.018838543444871902 -0.10654488950967789 0.981484055519104 0.15917660295963287 -0.14623844623565674 0.11507654190063477 -0.14684009552001953 0.9824435710906982 0.2907865047454834 0.0 0.0 0.0 1.0
0.9874708652496338 0.12326814234256744 -0.09852031618356705 -0.01865476369857788 -0.10699445009231567 0.9819188714027405 0.15616489946842194 -0.14639274775981903 0.11598911881446838 -0.14366716146469116 0.9828053116798401 0.2908356487751007 0.0 0.0 0.0 1.0
0.9873521327972412 0.12333982437849045 -0.0996147021651268 -0.01839100755751133 -0.1069987416267395 0.9820410013198853 0.15539205074310303 -0.1467784345149994 0.11699175089597702 -0.1427680253982544 0.9828174710273743 0.2908765971660614 0.0 0.0 0.0 1.0
0.9872461557388306 0.12369880080223083 -0.10021771490573883 -0.018115457147359848 -0.10711044818162918 0.9818189144134521 0.15671318769454956 -0.14678305387496948 0.11778087913990021 -0.14398013055324554 0.9825463891029358 0.2912561297416687 0.0 0.0 0.0 1.0
0.9867536425590515 0.12578432261943817 -0.10244809091091156 -0.017651433125138283 -0.10932585597038269 0.9821754693984985 0.15290264785289764 -0.14730948209762573 0.11985475569963455 -0.1396770179271698 0.9829166531562805 0.291123628616333 0.0 0.0 0.0 1.0
0.9868608117103577 0.1262621432542801 -0.10081449151039124 -0.017377207055687904 -0.11005042493343353 0.9821176528930664 0.15275409817695618 -0.14764529466629028 0.11829875409603119 -0.13965235650539398 0.983108639717102 0.2910785377025604 0.0 0.0 0.0 1.0
0.9870092272758484 0.12481421232223511 -0.10116444528102875 -0.0172381903976202 -0.10877139121294022 0.982531726360321 0.15099728107452393 -0.14820781350135803 0.11824388056993484 -0.13803189992904663 0.9833440780639648 0.29123422503471375 0.0 0.0 0.0 1.0
0.9864076375961304 0.12907558679580688 -0.10168334096670151 -0.01665412075817585 -0.1128237247467041 0.9819252490997314 0.1519659161567688 -0.14818990230560303 0.11946053057909012 -0.13842804729938507 0.983141303062439 0.29154813289642334 0.0 0.0 0.0 1.0
0.9864231944084167 0.12980908155441284 -0.10059282928705215 -0.016163384541869164 -0.11343735456466675 0.9815064668655396 0.1541980504989624 -0.1481991857290268 0.11874882131814957 -0.1406935453414917 0.982905924320221 0.2917187213897705 0.0 0.0 0.0 1.0
0.9862732887268066 0.12965510785579681 -0.10224737972021103 -0.015668194741010666 -0.11292090266942978 0.9814017415046692 0.15523993968963623 -0.14812228083610535 0.12047340720891953 -0.14156313240528107 0.9825711250305176 0.29193979501724243 0.0 0.0 0.0 1.0
0.9857915043830872 0.12983915209770203 -0.106568843126297 -0.015485980547964573 -0.11272498220205307 0.9817211031913757 0.15335164964199066 -0.1481540948152542 0.12453193217515945 -0.13915978372097015 0.9824084639549255 0.2921759784221649 0.0 0.0 0.0 1.0
0.9856200814247131 0.13131652772426605 -0.10634388774633408 -0.015032021328806877 -0.1135873794555664 0.9808210730552673 0.1583918333053589 -0.14740128815174103 0.12510378658771515 -0.14403484761714935 0.9816328287124634 0.2924351990222931 0.0 0.0 0.0 1.0
0.985206127166748 0.13269053399562836 -0.10845339298248291 -0.014902828261256218 -0.1150541678071022 0.9811521768569946 0.15525132417678833 -0.14713826775550842 0.12700966000556946 -0.1404765397310257 0.9819037318229675 0.2923709452152252 0.0 0.0 0.0 1.0
0.9853915572166443 0.13120676577091217 -0.10857394337654114 -0.014527038671076298 -0.11296163499355316 0.9806544780731201 0.15986396372318268 -0.14673025906085968 0.12744875252246857 -0.1452638953924179 0.9811499714851379 0.2918396294116974 0.0 0.0 0.0 1.0
0.9853692650794983 0.13101637363433838 -0.1090051531791687 -0.014067063108086586 -0.11262207478284836 0.9805850386619568 0.16052792966365814 -0.1460137665271759 0.12792061269283295 -0.14590290188789368 0.9809936881065369 0.29196229577064514 0.0 0.0 0.0 1.0
0.9855755567550659 0.1310366541147232 -0.10709891468286514 -0.013728699646890163 -0.11277133226394653 0.9803720712661743 0.16171976923942566 -0.14571909606456757 0.1261879950761795 -0.14730937778949738 0.9810079336166382 0.29182562232017517 0.0 0.0 0.0 1.0
0.9852743744850159 0.13356341421604156 -0.10674848407506943 -0.01340525597333908 -0.11508280038833618 0.9797756671905518 0.16369369626045227 -0.14556050300598145 0.12645305693149567 -0.14899827539920807 0.9807186722755432 0.29172447323799133 0.0 0.0 0.0 1.0
0.985362708568573 0.13478951156139374 -0.10436554998159409 -0.013304340653121471 -0.11704490333795547 0.9800443053245544 0.16066619753837585 -0.1456921100616455 0.12393897771835327 -0.1460990160703659 0.9814755320549011 0.29154422879219055 0.0 0.0 0.0 1.0
0.9851384162902832 0.13543617725372314 -0.10563767701387405 -0.013095170259475708 -0.11738502234220505 0.9798557758331299 0.1615656465291977 -0.14566047489643097 0.12539151310920715 -0.14676424860954285 0.9811917543411255 0.29147177934646606 0.0 0.0 0.0 1.0
0.98542320728302 0.1326243132352829 -0.10654503852128983 -0.01318537350744009 -0.114764504134655 0.980563759803772 0.15913453698158264 -0.1459326595067978 0.12557931244373322 -0.14458727836608887 0.9814909100532532 0.2909543216228485 0.0 0.0 0.0 1.0
0.9854416251182556 0.1324743628501892 -0.10656128078699112 -0.013183808885514736 -0.11455690860748291 0.9805169105529785 0.1595720797777176 -0.1460551619529724 0.12562434375286102 -0.14504164457321167 0.9814180731773376 0.29076725244522095 0.0 0.0 0.0 1.0
0.9852478504180908 0.13259580731391907 -0.10818976908922195 -0.013087345287203789 -0.1145630031824112 0.9806721806526184 0.15861083567142487 -0.14627297222614288 0.12712983787059784 -0.14387643337249756 0.9813957214355469 0.290536493062973 0.0 0.0 0.0 1.0
0.9854738712310791 0.13155651092529297 -0.10739719867706299 -0.012980411760509014 -0.11379528045654297 0.9809508323669434 0.15743613243103027 -0.14644089341163635 0.12606312334537506 -0.14292789995670319 0.9816718697547913 0.2902196943759918 0.0 0.0 0.0 1.0
0.9860643148422241 0.12901702523231506 -0.10503209382295609 -0.012966380454599857 -0.11222351342439651 0.9819034337997437 0.1525501310825348 -0.1467265635728836 0.12281293421983719 -0.13863717019557953 0.9826986789703369 0.2911018431186676 0.0 0.0 0.0 1.0
0.9854762554168701 0.13055147230625153 -0.10859512537717819 -0.01248678844422102 -0.11245471984148026 0.9808984398841858 0.15872059762477875 -0.14624148607254028 0.12724199891090393 -0.1442033350467682 0.9813331961631775 0.2906278073787689 0.0 0.0 0.0 1.0
0.9854087233543396 0.12919095158576965 -0.1108124777674675 -0.012482335790991783 -0.1106865182518959 0.980989396572113 0.1593998670578003 -0.14615529775619507 0.1292988806962967 -0.1448085755109787 0.9809751510620117 0.29067832231521606 0.0 0.0 0.0 1.0
0.9853380918502808 0.13191652297973633 -0.10819840431213379 -0.012857235968112946 -0.11416387557983398 0.9810643792152405 0.156458780169487 -0.14614155888557434 0.12678909301757812 -0.14181244373321533 0.9817401766777039 0.29029199481010437 0.0 0.0 0.0 1.0
0.985200822353363 0.1328476369380951 -0.10830923914909363 -0.013340633362531662 -0.11479377746582031 0.9806421399116516 0.15862977504730225 -0.14583739638328552 0.12728619575500488 -0.1438489556312561 0.981379508972168 0.29040950536727905 0.0 0.0 0.0 1.0
0.9852126836776733 0.13181667029857635 -0.10945450514554977 -0.01353488303720951 -0.11366327852010727 0.9808515310287476 0.15814855694770813 -0.14573296904563904 0.12820523977279663 -0.14336900413036346 0.9813300967216492 0.290446400642395 0.0 0.0 0.0 1.0
0.9854533076286316 0.13220232725143433 -0.10679090768098831 -0.013199647888541222 -0.11429063230752945 0.9805964231491089 0.15927422046661377 -0.14519330859184265 0.12577520310878754 -0.14475210011005402 0.9814414978027344 0.2906838655471802 0.0 0.0 0.0 1.0
0.9854654669761658 0.13239595293998718 -0.10643812268972397 -0.012697120197117329 -0.114426389336586 0.9804421663284302 0.16012415289878845 -0.14482152462005615 0.12555621564388275 -0.1456174999475479 0.981341540813446 0.29119300842285156 0.0 0.0 0.0 1.0
0.9859158992767334 0.13046787679195404 -0.10463279485702515 -0.011408690363168716 -0.11283613741397858 0.9807053804397583 0.15964026749134064 -0.14469505846500397 0.12344186753034592 -0.14558552205562592 0.9816144704818726 0.291655570268631 0.0 0.0 0.0 1.0
0.986555814743042 0.12647423148155212 -0.10349808633327484 -0.010199319571256638 -0.1092994287610054 0.9814550280570984 0.15747912228107452 -0.1453351527452469 0.12149576842784882 -0.14404965937137604 0.9820837378501892 0.2922452390193939 0.0 0.0 0.0 1.0
0.9864271879196167 0.12798911333084106 -0.1028599739074707 -0.009269059635698795 -0.11105704307556152 0.9814620614051819 0.1562003493309021 -0.14563508331775665 0.12094511091709137 -0.14265695214271545 0.9823549389839172 0.2914871573448181 0.0 0.0 0.0 1.0
0.986760139465332 0.12803949415683746 -0.09955064952373505 -0.008154344744980335 -0.1115647703409195 0.981376588344574 0.15637554228305817 -0.1466335505247116 0.11771892011165619 -0.14319881796836853 0.9826679825782776 0.29150885343551636 0.0 0.0 0.0 1.0
0.9868108034133911 0.1268848478794098 -0.10052186250686646 -0.00790394376963377 -0.11061523854732513 0.9819293022155762 0.15355496108531952 -0.1472778022289276 0.11818915605545044 -0.1404104381799698 0.9830138683319092 0.2913982570171356 0.0 0.0 0.0 1.0
0.987002432346344 0.12528195977210999 -0.10065111517906189 -0.0075408355332911015 -0.10897454619407654 0.9820771217346191 0.1537826657295227 -0.1476726084947586 0.11811335384845734 -0.14081545174121857 0.9829650521278381 0.2914460003376007 0.0 0.0 0.0 1.0
0.9870548248291016 0.12579433619976044 -0.0994914248585701 -0.007394236978143454 -0.10990071296691895 0.982302188873291 0.15167158842086792 -0.14839394390583038 0.11681007593870163 -0.13877399265766144 0.9834110140800476 0.29127809405326843 0.0 0.0 0.0 1.0
0.9871312379837036 0.12586162984371185 -0.09864440560340881 -0.007381960283964872 -0.11025917530059814 0.9824869632720947 0.15020751953125 -0.14892025291919708 0.1158222034573555 -0.13739807903766632 0.9837210178375244 0.29039332270622253 0.0 0.0 0.0 1.0
0.9872620105743408 0.12426783889532089 -0.09935399144887924 -0.007610504515469074 -0.10862947255373001 0.9827399253845215 0.14973947405815125 -0.14917415380477905 0.11624693125486374 -0.13703931868076324 0.9837209582328796 0.2904507517814636 0.0 0.0 0.0 1.0
0.9871551990509033 0.12430573254823685 -0.10036256909370422 -0.007989856414496899 -0.10819338262081146 0.9823576807975769 0.15253721177577972 -0.14924660325050354 0.11755318939685822 -0.13971933722496033 0.9831885695457458 0.2900139093399048 0.0 0.0 0.0 1.0
0.9870904684066772 0.12458416819572449 -0.10065370798110962 -0.008403502404689789 -0.108673095703125 0.9826186299324036 0.15050162374973297 -0.14967739582061768 0.11765433102846146 -0.13762037456035614 0.983472466468811 0.2895975708961487 0.0 0.0 0.0 1.0
0.987197756767273 0.1246972382068634 -0.09945428371429443 -0.008611108176410198 -0.10895911604166031 0.9825952053070068 0.1504480540752411 -0.14983153343200684 0.11648375540971756 -0.13768553733825684 0.9836027026176453 0.2894829511642456 0.0 0.0 0.0 1.0
0.987326443195343 0.12354589998722076 -0.09961363673210144 -0.009327501989901066 -0.10774006694555283 0.9826637506484985 0.1508774757385254 -0.1498674601316452 0.1165270060300827 -0.13823294639587402 0.9835207462310791 0.2896074056625366 0.0 0.0 0.0 1.0
0.9872998595237732 0.12387488782405853 -0.09946876019239426 -0.009957901202142239 -0.10834116488695145 0.9829243421554565 0.14873439073562622 -0.15017108619213104 0.1161947250366211 -0.13606888055801392 0.9838618040084839 0.289587140083313 0.0 0.0 0.0 1.0
0.987331211566925 0.1238468810915947 -0.09919169545173645 -0.010456220246851444 -0.10839168727397919 0.9829704165458679 0.1483927220106125 -0.15000298619270325 0.11588047444820404 -0.13576120138168335 0.983941376209259 0.2897401750087738 0.0 0.0 0.0 1.0
0.9871861934661865 0.12499033659696579 -0.09920096397399902 -0.011446841061115265 -0.10922124981880188 0.9824818968772888 0.15099681913852692 -0.14970311522483826 0.11633629351854324 -0.13822712004184723 0.9835441708564758 0.2899097204208374 0.0 0.0 0.0 1.0
0.9870580434799194 0.12695464491844177 -0.09797387570142746 -0.01285868976265192 -0.1114819198846817 0.9824033379554749 0.14985162019729614 -0.14967522025108337 0.11527422070503235 -0.13698993623256683 0.9838422536849976 0.2899865508079529 0.0 0.0 0.0 1.0
0.9870567321777344 0.1274440586566925 -0.09734982252120972 -0.013649043627083302 -0.11187823116779327 0.9821253418922424 0.15137046575546265 -0.14951607584953308 0.11490099877119064 -0.13851991295814514 0.9836716651916504 0.2899826467037201 0.0 0.0 0.0 1.0
0.986939549446106 0.12793013453483582 -0.0978991687297821 -0.014344499446451664 -0.11240267753601074 0.9822195768356323 0.1503673940896988 -0.14945223927497864 0.11539500206708908 -0.13739939033985138 0.983771026134491 0.28993502259254456 0.0 0.0 0.0 1.0
0.9871472716331482 0.12917612493038177 -0.09409478306770325 -0.015380559489130974 -0.11405473202466965 0.9818711876869202 0.15139524638652802 -0.1490163505077362 0.11194560676813126 -0.1387174427509308 0.9839845895767212 0.2894805371761322 0.0 0.0 0.0 1.0
0.9870223999023438 0.13009990751743317 -0.09413159638643265 -0.015934787690639496 -0.11489425599575043 0.9816727638244629 0.15204587578773499 -0.14876210689544678 0.11218757927417755 -0.1392575055360794 0.9838807582855225 0.28909558057785034 0.0 0.0 0.0 1.0
0.9871758818626404 0.13021963834762573 -0.0923399031162262 -0.01666076108813286 -0.1150672659277916 0.9813773036003113 0.15381179749965668 -0.14842619001865387 0.11064960062503815 -0.14121399819850922 0.9837760329246521 0.28838837146759033 0.0 0.0 0.0 1.0
0.9873008131980896 0.13029733300209045 -0.09088277816772461 -0.01692872680723667 -0.11541036516427994 0.9814186096191406 0.15329062938690186 -0.1485803723335266 0.10916741192340851 -0.14085514843463898 0.9839930534362793 0.28768521547317505 0.0 0.0 0.0 1.0
0.9874168634414673 0.12983177602291107 -0.09028653800487518 -0.01678749918937683 -0.11488079279661179 0.9812650680541992 0.15466487407684326 -0.14838996529579163 0.10867544263601303 -0.14234651625156403 0.9838328957557678 0.2873478829860687 0.0 0.0 0.0 1.0
0.987520694732666 0.13010813295841217 -0.0887398049235344 -0.016557389870285988 -0.11541484296321869 0.981255829334259 0.1543254852294922 -0.14825856685638428 0.1071554571390152 -0.14215771853923798 0.9840268492698669 0.2871033847332001 0.0 0.0 0.0 1.0
0.9876421689987183 0.12976163625717163 -0.08789124339818954 -0.016328847035765648 -0.1150464117527008 0.9810857176780701 0.15567649900913239 -0.1480046510696411 0.10642967373132706 -0.14364109933376312 0.9838902354240417 0.2870459258556366 0.0 0.0 0.0 1.0
0.9878712892532349 0.12722115218639374 -0.08902294188737869 -0.015897147357463837 -0.11224827170372009 0.9812489151954651 0.15668731927871704 -0.1476828008890152 0.10728760808706284 -0.14479422569274902 0.98362797498703 0.28705260157585144 0.0 0.0 0.0 1.0
0.9880430102348328 0.1281381994485855 -0.08574120700359344 -0.01550576277077198 -0.113898366689682 0.9814471006393433 0.15423595905303955 -0.14768296480178833 0.10391397774219513 -0.14262597262859344 0.9843066930770874 0.2872163653373718 0.0 0.0 0.0 1.0
0.9880613088607788 0.12850193679332733 -0.08498324453830719 -0.015307060442864895 -0.11437621712684631 0.9814026951789856 0.15416501462459564 -0.1477012038230896 0.10321328788995743 -0.14260442554950714 0.9843835830688477 0.287229984998703 0.0 0.0 0.0 1.0
0.9880013465881348 0.12800434231758118 -0.08641888201236725 -0.015191223472356796 -0.11341351270675659 0.9811245799064636 0.1566266417503357 -0.14769674837589264 0.10483657568693161 -0.14494626224040985 0.9838698506355286 0.2870141863822937 0.0 0.0 0.0 1.0
0.9882177710533142 0.12666167318820953 -0.08592110127210617 -0.01511281169950962 -0.11237327754497528 0.9815744161605835 0.15454405546188354 -0.14780563116073608 0.10391276329755783 -0.14306794106960297 0.9842426776885986 0.28719305992126465 0.0 0.0 0.0 1.0
0.9882757067680359 0.1261841356754303 -0.08595724403858185 -0.01524200476706028 -0.11186102032661438 0.9815841317176819 0.15485385060310364 -0.1480686515569687 0.10391435772180557 -0.14342303574085236 0.9841908812522888 0.2872573137283325 0.0 0.0 0.0 1.0
0.9884233474731445 0.12463458627462387 -0.08651898801326752 -0.01529122143983841 -0.11050305515527725 0.9821261763572693 0.15237222611904144 -0.14856305718421936 0.10396341234445572 -0.1410476565361023 0.9845288991928101 0.2873133718967438 0.0 0.0 0.0 1.0
0.9884998798370361 0.12390061467885971 -0.08669869601726532 -0.015507730655372143 -0.10990693420171738 0.9824251532554626 0.15086835622787476 -0.14888957142829895 0.10386766493320465 -0.1396045684814453 0.984744668006897 0.2870977222919464 0.0 0.0 0.0 1.0
0.9884369969367981 0.12338332831859589 -0.08814132958650589 -0.01600448414683342 -0.10904742777347565 0.9823158979415894 0.15219756960868835 -0.14884398877620697 0.10536127537488937 -0.14082612097263336 0.9844120144844055 0.28706371784210205 0.0 0.0 0.0 1.0
0.9882717728614807 0.12299805879592896 -0.09050077944993973 -0.0165117084980011 -0.1084623858332634 0.9825686812400818 0.15097907185554504 -0.1488482654094696 0.10749336332082748 -0.1393924206495285 0.9843855500221252 0.2871157228946686 0.0 0.0 0.0 1.0
0.9881070852279663 0.12383803725242615 -0.09115125983953476 -0.016879267990589142 -0.1088026762008667 0.981961727142334 0.15463873744010925 -0.14853966236114502 0.10865721106529236 -0.14288212358951569 0.9837572574615479 0.28701746463775635 0.0 0.0 0.0 1.0
0.987913191318512 0.12599064409732819 -0.09029917418956757 -0.01726488023996353 -0.11082779616117477 0.9813936352729797 0.15679191052913666 -0.14812211692333221 0.10837334394454956 -0.14488913118839264 0.9834949970245361 0.2873288691043854 0.0 0.0 0.0 1.0
0.9876992106437683 0.1276782900094986 -0.0902693048119545 -0.01768322102725506 -0.11269261687994003 0.9814462661743164 0.15512444078922272 -0.14818540215492249 0.10840050131082535 -0.1430436074733734 0.9837620854377747 0.2874737083911896 0.0 0.0 0.0 1.0
0.9877024292945862 0.1282159388065338 -0.08946806937456131 -0.01788661815226078 -0.11337082833051682 0.9814088940620422 0.154866561293602 -0.14779967069625854 0.10766111314296722 -0.14281900227069855 0.9838759303092957 0.2880212962627411 0.0 0.0 0.0 1.0
0.987577497959137 0.12824581563472748 -0.0907946527004242 -0.01817287877202034 -0.11290175467729568 0.9810216426849365 0.15763789415359497 -0.14739124476909637 0.10928791761398315 -0.14542877674102783 0.9833140969276428 0.2883394956588745 0.0 0.0 0.0 1.0
0.9874537587165833 0.1294585019350052 -0.09041876345872879 -0.01861215941607952 -0.11449011415243149 0.981309711933136 0.1546713262796402 -0.14755429327487946 0.10875233262777328 -0.14237873256206512 0.9838197231292725 0.28865641355514526 0.0 0.0 0.0 1.0
0.9873128533363342 0.1307365894317627 -0.09011785686016083 -0.018912019208073616 -0.11547770351171494 0.9807252287864685 0.15761637687683105 -0.14695075154304504 0.10898708552122116 -0.14521007239818573 0.9833797812461853 0.2894347608089447 0.0 0.0 0.0 1.0
0.9869185090065002 0.13261504471302032 -0.09167934954166412 -0.01937091536819935 -0.11712843924760818 0.9805485606193542 0.15749743580818176 -0.14688237011432648 0.11078258603811264 -0.1446988880634308 0.9832544922828674 0.2903484106063843 0.0 0.0 0.0 1.0
0.986499547958374 0.1353360414505005 -0.09221073985099792 -0.019903771579265594 -0.119520403444767 0.979927122592926 0.15955454111099243 -0.14661891758441925 0.11195328831672668 -0.14637941122055054 0.9828730821609497 0.29113367199897766 0.0 0.0 0.0 1.0
0.986082911491394 0.1378725916147232 -0.09290658682584763 -0.020400768145918846 -0.1213148906826973 0.9788126945495605 0.16494959592819214 -0.1461196392774582 0.11368017643690109 -0.15138302743434906 0.9819164872169495 0.29171136021614075 0.0 0.0 0.0 1.0
0.9857766032218933 0.14057695865631104 -0.09210115671157837 -0.02156245894730091 -0.12407505512237549 0.9783973693847656 0.16536004841327667 -0.14628231525421143 0.11335734277963638 -0.1515806019306183 0.9819233417510986 0.29228928685188293 0.0 0.0 0.0 1.0
0.985357403755188 0.14230458438396454 -0.09391587972640991 -0.022244557738304138 -0.12461120635271072 0.9770092964172363 0.17298810184001923 -0.14595991373062134 0.1163736879825592 -0.15875212848186493 0.9804360866546631 0.29239320755004883 0.0 0.0 0.0 1.0
0.9852157831192017 0.14304037392139435 -0.09428321570158005 -0.022792093455791473 -0.12540940940380096 0.9770962595939636 0.17191694676876068 -0.1462862193584442 0.11671484261751175 -0.15755128860473633 0.9805892109870911 0.2926023304462433 0.0 0.0 0.0 1.0
0.9854116439819336 0.14250141382217407 -0.0930444672703743 -0.023181481286883354 -0.12539152801036835 0.9775725603103638 0.16920076310634613 -0.14649911224842072 0.11506906151771545 -0.1550654023885727 0.9811798334121704 0.2935938239097595 0.0 0.0 0.0 1.0
0.9852661490440369 0.1427236944437027 -0.09423663467168808 -0.023525862023234367 -0.12529820203781128 0.9773985147476196 0.1702718287706375 -0.14675746858119965 0.116408571600914 -0.15595538914203644 0.9808806777000427 0.2938670516014099 0.0 0.0 0.0 1.0
0.9852951765060425 0.14242027699947357 -0.09439194947481155 -0.023809639737010002 -0.1255432516336441 0.9781941771507263 0.16545400023460388 -0.14746946096420288 0.11589766293764114 -0.1511707603931427 0.9816899299621582 0.2941170930862427 0.0 0.0 0.0 1.0
0.9856175780296326 0.1409984529018402 -0.0931524783372879 -0.02386643923819065 -0.12437678128480911 0.9784233570098877 0.16497938334941864 -0.14780506491661072 0.11440439522266388 -0.1510205864906311 0.9818881750106812 0.2944967746734619 0.0 0.0 0.0 1.0
0.9857982397079468 0.13929040729999542 -0.09380823373794556 -0.023903863504529 -0.12262850999832153 0.9787124395370483 0.16457276046276093 -0.14791840314865112 0.1147346943616867 -0.15073198080062866 0.9818940162658691 0.2948914170265198 0.0 0.0 0.0 1.0
0.9862531423568726 0.1363973766565323 -0.09327619522809982 -0.023753056302666664 -0.12024281919002533 0.9795911312103271 0.1610679179430008 -0.1480998545885086 0.11334177106618881 -0.14763794839382172 0.982525646686554 0.2953857183456421 0.0 0.0 0.0 1.0
0.9867570400238037 0.13333818316459656 -0.0923658087849617 -0.023258110508322716 -0.11694991588592529 0.9794213771820068 0.16448858380317688 -0.14756925404071808 0.11239765584468842 -0.15150809288024902 0.9820448160171509 0.29621848464012146 0.0 0.0 0.0 1.0
0.9870043992996216 0.13086555898189545 -0.09325511008501053 -0.02318727970123291 -0.11462120711803436 0.9800769090652466 0.16220740973949432 -0.1475193351507187 0.11262454092502594 -0.1494104117155075 0.9823401570320129 0.2967209815979004 0.0 0.0 0.0 1.0
0.987063467502594 0.1311199963092804 -0.09226729720830917 -0.022960299625992775 -0.11443302035331726 0.9792286157608032 0.16738109290599823 -0.1471429318189621 0.11229778826236725 -0.15465733408927917 0.9815652370452881 0.2968505918979645 0.0 0.0 0.0 1.0
0.9869261980056763 0.1323365569114685 -0.0919986143708229 -0.023052312433719635 -0.11563187092542648 0.9790129065513611 0.16781845688819885 -0.1468389332294464 0.1122763454914093 -0.1549864560365677 0.9815157651901245 0.29713186621665955 0.0 0.0 0.0 1.0
0.9868667125701904 0.13219626247882843 -0.09283428639173508 -0.023171035572886467 -0.11568447947502136 0.9794833660125732 0.16501328349113464 -0.14705206453800201 0.11274378001689911 -0.1521066278219223 0.9819126129150391 0.29711008071899414 0.0 0.0 0.0 1.0
0.9870877265930176 0.13049176335334778 -0.09289605170488358 -0.02327929064631462 -0.11382132768630981 0.9794628620147705 0.16642476618289948 -0.147215336561203 0.112705297768116 -0.1537022888660431 0.9816685318946838 0.29700225591659546 0.0 0.0 0.0 1.0
0.9869244694709778 0.13176235556602478 -0.09283734112977982 -0.023676693439483643 -0.11505978554487228 0.979271650314331 0.16669826209545135 -0.14717885851860046 0.11287753283977509 -0.15383674204349518 0.9816277027130127 0.2969750463962555 0.0 0.0 0.0 1.0
0.9865992665290833 0.13276606798171997 -0.09484228491783142 -0.024307094514369965 -0.1160629391670227 0.9796130061149597 0.16397497057914734 -0.1474824845790863 0.11467904597520828 -0.150769904255867 0.9818946719169617 0.29695478081703186 0.0 0.0 0.0 1.0
0.9866308569908142 0.13241314888000488 -0.09500718116760254 -0.0249920804053545 -0.11546622961759567 0.9793654084205627 0.16586436331272125 -0.14736875891685486 0.1150093674659729 -0.1526767611503601 0.9815613031387329 0.29682111740112305 0.0 0.0 0.0 1.0
0.9862651824951172 0.1351030021905899 -0.09501651674509048 -0.025809146463871002 -0.11870133131742477 0.9797847270965576 0.1610337197780609 -0.14772677421569824 0.11485186964273453 -0.14754337072372437 0.9823644757270813 0.2965141236782074 0.0 0.0 0.0 1.0
0.9863898754119873 0.13470923900604248 -0.09427863359451294 -0.02607579156756401 -0.118247851729393 0.9795945286750793 0.1625176966190338 -0.14754976332187653 0.11424747109413147 -0.1491575688123703 0.9821912050247192 0.2962356209754944 0.0 0.0 0.0 1.0
0.9866031408309937 0.13265344500541687 -0.09495971351861954 -0.02629988268017769 -0.1162978932261467 0.9801031947135925 0.1608492136001587 -0.14771747589111328 0.11440752446651459 -0.14765071868896484 0.9824002385139465 0.2963435649871826 0.0 0.0 0.0 1.0
0.9865934252738953 0.1324184089899063 -0.09538756310939789 -0.02645670808851719 -0.11617209017276764 0.9803581833839417 0.159379780292511 -0.14749972522258759 0.11461879312992096 -0.14616167545318604 0.9825982451438904 0.2959858179092407 0.0 0.0 0.0 1.0
0.9864625334739685 0.13396091759204865 -0.09458421915769577 -0.02637006714940071 -0.1173689067363739 0.9795722961425781 0.16328702867031097 -0.1468919813632965 0.1145261600613594 -0.14997528493404388 0.9820342063903809 0.2955350875854492 0.0 0.0 0.0 1.0
0.9864338040351868 0.1340831071138382 -0.09471039474010468 -0.02632818929851055 -0.11728610098361969 0.9793170690536499 0.16486987471580505 -0.1466924548149109 0.11485777050256729 -0.15152500569820404 0.9817575216293335 0.2951909601688385 0.0 0.0 0.0 1.0
0.9864640831947327 0.13387112319469452 -0.0946948379278183 -0.026215240359306335 -0.11749596893787384 0.9798881411552429 0.1612882912158966 -0.14689669013023376 0.11438219249248505 -0.14797884225845337 0.9823538064956665 0.2947376072406769 0.0 0.0 0.0 1.0
0.986727237701416 0.13140255212783813 -0.09540807455778122 -0.025489699095487595 -0.11471475660800934 0.9799029231071472 0.16318926215171814 -0.14714206755161285 0.11493413895368576 -0.15007857978343964 0.9819707274436951 0.2941024899482727 0.0 0.0 0.0 1.0
0.9865423440933228 0.13269053399562836 -0.09553787112236023 -0.025370731949806213 -0.11619769781827927 0.980043888092041 0.16128256916999817 -0.14738261699676514 0.11503197997808456 -0.14801080524921417 0.9822731018066406 0.29351258277893066 0.0 0.0 0.0 1.0
0.98649662733078 0.13296370208263397 -0.09562996029853821 -0.025069549679756165 -0.11642380058765411 0.9799728393554688 0.16155113279819489 -0.1476549655199051 0.11519519984722137 -0.14823605120182037 0.9822199940681458 0.2931588590145111 0.0 0.0 0.0 1.0
0.9865909218788147 0.13246221840381622 -0.09535247832536697 -0.024397918954491615 -0.11605989933013916 0.9801463484764099 0.1607583612203598 -0.14802725613117218 0.11475379019975662 -0.14753612875938416 0.9823770523071289 0.2931409776210785 0.0 0.0 0.0 1.0
0.9859657883644104 0.13477881252765656 -0.09851955622434616 -0.02410920523107052 -0.11716277152299881 0.9790083169937134 0.1667799949645996 -0.1481364369392395 0.11892987787723541 -0.15289655327796936 0.9810597896575928 0.291718065738678 0.0 0.0 0.0 1.0
0.9864267110824585 0.13290174305438995 -0.09643351286649704 -0.023070015013217926 -0.11615825444459915 0.9798874855041504 0.16225841641426086 -0.14881733059883118 0.11605841666460037 -0.14885449409484863 0.9820248484611511 0.2917984426021576 0.0 0.0 0.0 1.0
0.9863325953483582 0.13326454162597656 -0.09689463675022125 -0.02237744629383087 -0.11666582524776459 0.9801278710365295 0.1604318916797638 -0.14908985793590546 0.11634901911020279 -0.14693491160869598 0.9822795391082764 0.2916084825992584 0.0 0.0 0.0 1.0
0.9863511919975281 0.13341392576694489 -0.0964992493391037 -0.021784229204058647 -0.11711427569389343 0.9804070591926575 0.1583862602710724 -0.1493532508611679 0.11573947966098785 -0.14492303133010864 0.9826503396034241 0.29141172766685486 0.0 0.0 0.0 1.0
0.9864133596420288 0.1330542117357254 -0.09635987132787704 -0.020943094044923782 -0.11656531691551208 0.9801800847053528 0.16018591821193695 -0.14914049208164215 0.11576344072818756 -0.14677731692790985 0.9823722839355469 0.29117250442504883 0.0 0.0 0.0 1.0
0.9858267903327942 0.1343006193637848 -0.10054280608892441 -0.019855119287967682 -0.11715158075094223 0.9800665378570557 0.16045281291007996 -0.14923644065856934 0.12008754909038544 -0.14639994502067566 0.9819093942642212 0.2898545265197754 0.0 0.0 0.0 1.0
0.9862940907478333 0.13259132206439972 -0.09820131957530975 -0.0193853210657835 -0.1160883978009224 0.9805849194526672 0.1580401510000229 -0.1493454873561859 0.1172494888305664 -0.14447402954101562 0.9825374484062195 0.2901971638202667 0.0 0.0 0.0 1.0
0.9863511323928833 0.13150915503501892 -0.09907989948987961 -0.0188705176115036 -0.11511723697185516 0.9810108542442322 0.15609519183635712 -0.14949999749660492 0.1177264004945755 -0.14255885779857635 0.9827601313591003 0.2898215055465698 0.0 0.0 0.0 1.0
0.9863438010215759 0.1305529773235321 -0.10040801763534546 -0.01843123696744442 -0.11402171105146408 0.9812007546424866 0.15570537745952606 -0.14933694899082184 0.11884821951389313 -0.14213034510612488 0.9826871752738953 0.2895045876502991 0.0 0.0 0.0 1.0
0.9863904118537903 0.12998303771018982 -0.10068950057029724 -0.01809575967490673 -0.11323763430118561 0.9810593128204346 0.15716193616390228 -0.14925096929073334 0.11921075731515884 -0.14362117648124695 0.9824264645576477 0.2891303300857544 0.0 0.0 0.0 1.0
0.9862360954284668 0.13130545616149902 -0.10048499703407288 -0.01776316948235035 -0.11465736478567123 0.9809929132461548 0.15654562413692474 -0.14937368035316467 0.11913037300109863 -0.14286960661411285 0.982545793056488 0.2885185182094574 0.0 0.0 0.0 1.0
0.9860796928405762 0.13223405182361603 -0.10080190002918243 -0.017540398985147476 -0.1155514344573021 0.9809092879295349 0.1564125418663025 -0.14953716099262238 0.11956057697534561 -0.14258742332458496 0.9825345277786255 0.2879859209060669 0.0 0.0 0.0 1.0
0.9859369397163391 0.1325736939907074 -0.1017477959394455 -0.017414093017578125 -0.1156245693564415 0.9807334542274475 0.15745733678340912 -0.1494828164577484 0.12066216766834259 -0.14347845315933228 0.9822701215744019 0.2876841127872467 0.0 0.0 0.0 1.0
0.9857054948806763 0.1325056403875351 -0.10405247658491135 -0.017207810655236244 -0.1154521033167839 0.9810472130775452 0.15561869740486145 -0.1496598720550537 0.12270074337720871 -0.1413811296224594 0.9823216795921326 0.2873741090297699 0.0 0.0 0.0 1.0
0.9857189655303955 0.13255499303340912 -0.10386183857917786 -0.016991056501865387 -0.11573445051908493 0.9812746644020081 0.15396621823310852 -0.149787038564682 0.12232598662376404 -0.1397470384836197 0.9826022386550903 0.2869780659675598 0.0 0.0 0.0 1.0
0.9856610298156738 0.13234175741672516 -0.10468033701181412 -0.0168707687407732 -0.11526277661323547 0.9811498522758484 0.15511097013950348 -0.14969639480113983 0.12323475629091263 -0.14082109928131104 0.9823352694511414 0.28681278228759766 0.0 0.0 0.0 1.0
0.9854520559310913 0.1326332837343216 -0.10626697540283203 -0.016775868833065033 -0.11547259986400604 0.9813060760498047 0.15396258234977722 -0.14979170262813568 0.12470099329948425 -0.13945181667804718 0.9823455810546875 0.2867690920829773 0.0 0.0 0.0 1.0
0.9853841662406921 0.13295605778694153 -0.10649276524782181 -0.016670500859618187 -0.11594150215387344 0.9814711809158325 0.15255139768123627 -0.14983712136745453 0.12480220943689346 -0.1379747986793518 0.9825412631034851 0.28663933277130127 0.0 0.0 0.0 1.0
0.9852138161659241 0.13394296169281006 -0.10683157294988632 -0.016607685014605522 -0.11650875955820084 0.9809512495994568 0.1554359644651413 -0.1495378464460373 0.12561611831188202 -0.1406908482313156 0.9820522665977478 0.286123126745224 0.0 0.0 0.0 1.0
0.9848374724388123 0.1344299018383026 -0.10965302586555481 -0.01675180159509182 -0.1174120306968689 0.9818198680877686 0.14914487302303314 -0.14993692934513092 0.1277090460062027 -0.13400886952877045 0.9827166795730591 0.286222904920578 0.0 0.0 0.0 1.0
0.984923243522644 0.13430443406105042 -0.1090347096323967 -0.016718827188014984 -0.11717646569013596 0.9816184639930725 0.15064825117588043 -0.14990979433059692 0.12726321816444397 -0.13560067117214203 0.9825561046600342 0.2857777178287506 0.0 0.0 0.0 1.0
0.9849234223365784 0.1318211704492569 -0.1120225116610527 -0.01706741936504841 -0.11477342993021011 0.9824573397636414 0.14698512852191925 -0.15070801973342896 0.12943309545516968 -0.13191187381744385 0.9827747941017151 0.2853887379169464 0.0 0.0 0.0 1.0
0.9850277304649353 0.1312054693698883 -0.11182819306850433 -0.01695759780704975 -0.11388447135686874 0.9822160601615906 0.14927144348621368 -0.15066726505756378 0.12942467629909515 -0.13430100679397583 0.9824522733688354 0.28530949354171753 0.0 0.0 0.0 1.0
0.9848712682723999 0.1331600844860077 -0.1108916699886322 -0.016769366338849068 -0.11621250957250595 0.9822334051132202 0.14735038578510284 -0.15073537826538086 0.1285426914691925 -0.13223417103290558 0.9828483462333679 0.285409152507782 0.0 0.0 0.0 1.0
0.9850770235061646 0.13309167325496674 -0.10913234949111938 -0.01657511666417122 -0.11638738960027695 0.9822207093238831 0.1472969949245453 -0.15083980560302734 0.12679606676101685 -0.13239724934101105 0.9830532670021057 0.285372257232666 0.0 0.0 0.0 1.0
0.9852432012557983 0.13160964846611023 -0.1094292551279068 -0.016368834301829338 -0.1145549938082695 0.9820679426193237 0.14973223209381104 -0.15101686120033264 0.12717317044734955 -0.1349869966506958 0.9826523065567017 0.2850622534751892 0.0 0.0 0.0 1.0
0.9852095246315002 0.13269227743148804 -0.10842041671276093 -0.01597299613058567 -0.11592643707990646 0.9820893406867981 0.14853143692016602 -0.15093083679676056 0.1261875033378601 -0.1337657868862152 0.9829462766647339 0.28527650237083435 0.0 0.0 0.0 1.0
0.9854161143302917 0.13172130286693573 -0.10772466659545898 -0.015658456832170486 -0.11462418735027313 0.981728732585907 0.151887908577919 -0.15094462037086487 0.12576328217983246 -0.13732494413852692 0.9825097918510437 0.2850743234157562 0.0 0.0 0.0 1.0
0.9859007596969604 0.13122205436229706 -0.10382914543151855 -0.015289573930203915 -0.11502350121736526 0.9821195006370544 0.14903311431407928 -0.1509220451116562 0.12152905762195587 -0.13498906791210175 0.9833659529685974 0.2855972349643707 0.0 0.0 0.0 1.0
0.9857894778251648 0.13059940934181213 -0.10565464198589325 -0.014952532015740871 -0.11358808726072311 0.9815931916236877 0.1535337269306183 -0.1509585678577423 0.12376128882169724 -0.13935083150863647 0.9824787378311157 0.2850359082221985 0.0 0.0 0.0 1.0
0.986343502998352 0.12979687750339508 -0.10138671845197678 -0.014413468539714813 -0.11381304264068604 0.982102632522583 0.1500699669122696 -0.15089517831802368 0.1190507709980011 -0.1364814043045044 0.9834631085395813 0.2860680818557739 0.0 0.0 0.0 1.0
0.9863146543502808 0.12948034703731537 -0.1020699068903923 -0.014410581439733505 -0.11331962794065475 0.9820542335510254 0.15075863897800446 -0.15068648755550385 0.11975846439599991 -0.13712893426418304 0.9832870960235596 0.28630566596984863 0.0 0.0 0.0 1.0
0.986458957195282 0.12894462049007416 -0.10135102272033691 -0.014407694339752197 -0.11265292018651962 0.9818334579467773 0.15268388390541077 -0.1504778116941452 0.11919759213924408 -0.139198899269104 0.9830644130706787 0.28654325008392334 0.0 0.0 0.0 1.0
0.9863781929016113 0.12956970930099487 -0.1013396605849266 -0.014525096863508224 -0.11327499151229858 0.9817597270011902 0.15269777178764343 -0.15035976469516754 0.11927620321512222 -0.13913850486278534 0.9830633997917175 0.2869460880756378 0.0 0.0 0.0 1.0
0.986300528049469 0.12985022366046906 -0.101735919713974 -0.01474473625421524 -0.11345451325178146 0.9816828966140747 0.1530579775571823 -0.15044128894805908 0.11974702030420303 -0.13941876590251923 0.9829664826393127 0.2871045470237732 0.0 0.0 0.0 1.0
0.9860351085662842 0.13064445555210114 -0.10327993333339691 -0.015298288315534592 -0.11406771838665009 0.9816628098487854 0.1527308076620102 -0.15073128044605255 0.12133949995040894 -0.13881702721118927 0.9828563332557678 0.2874501943588257 0.0 0.0 0.0 1.0
0.9859797954559326 0.13114091753959656 -0.10317911207675934 -0.015632200986146927 -0.11467643827199936 0.9817180037498474 0.15191791951656342 -0.15093976259231567 0.12121544778347015 -0.13795578479766846 0.9829928874969482 0.2876373827457428 0.0 0.0 0.0 1.0
0.9859049916267395 0.1311269849538803 -0.10390899330377579 -0.015960095450282097 -0.11439568549394608 0.9815443158149719 0.15324629843235016 -0.151184543967247 0.12208600342273712 -0.13919955492019653 0.9827097654342651 0.2876880466938019 0.0 0.0 0.0 1.0
0.9857466220855713 0.13198243081569672 -0.10432753711938858 -0.016307363286614418 -0.11531361937522888 0.981593132019043 0.15224212408065796 -0.15165159106254578 0.12250048667192459 -0.13804177939891815 0.982821524143219 0.28772369027137756 0.0 0.0 0.0 1.0
0.9856541752815247 0.13206318020820618 -0.10509607195854187 -0.0164260882884264 -0.11536294966936111 0.9816816449165344 0.1516329050064087 -0.15186473727226257 0.12319600582122803 -0.13733340799808502 0.9828338027000427 0.28770190477371216 0.0 0.0 0.0 1.0
0.9855279922485352 0.13212765753269196 -0.10619281232357025 -0.016550829634070396 -0.11537176370620728 0.9817990064620972 0.1508643627166748 -0.15204156935214996 0.12419335544109344 -0.13642939925193787 0.9828341603279114 0.2878166735172272 0.0 0.0 0.0 1.0
0.9855194687843323 0.13210710883140564 -0.10629744827747345 -0.01664729416370392 -0.11517666280269623 0.9816266298294067 0.15212979912757874 -0.1518237590789795 0.12444183975458145 -0.1376838982105255 0.982627809047699 0.2880474328994751 0.0 0.0 0.0 1.0
0.9856101870536804 0.13197050988674164 -0.10562340170145035 -0.0167662613093853 -0.11515138298273087 0.9816501140594482 0.15199746191501617 -0.1515832245349884 0.1237444058060646 -0.1376475691795349 0.9827209711074829 0.28863734006881714 0.0 0.0 0.0 1.0
0.9856975674629211 0.1318623423576355 -0.10494127124547958 -0.016668474301695824 -0.1150139719247818 0.9815113544464111 0.1529940813779831 -0.15146984159946442 0.12317521125078201 -0.13873617351055145 0.9826393723487854 0.2888312041759491 0.0 0.0 0.0 1.0
0.9859055876731873 0.13021628558635712 -0.10504259169101715 -0.016406282782554626 -0.11358503997325897 0.9819556474685669 0.15120044350624084 -0.15173302590847015 0.1228359267115593 -0.13713808357715607 0.9829061627388 0.28905919194221497 0.0 0.0 0.0 1.0
0.9860392808914185 0.13064467906951904 -0.10324028134346008 -0.01612916775047779 -0.11416704952716827 0.9817689061164856 0.15197263658046722 -0.15186014771461487 0.12121251970529556 -0.13806433975696564 0.9829779863357544 0.2892516851425171 0.0 0.0 0.0 1.0
