1.0 0.0 0.0 0.0 0.0 1.0 0.0 0.0 0.0 0.0 1.0 0.0 0.0 0.0 0.0 1.0
1.0 -2.2960091553713485e-18 -4.161008407946429e-18 0.0 -2.1484736349066968e-18 1.0 4.126898374616886e-18 -1.3877787807814457e-16 6.1071137535581e-19 3.500365308889621e-17 1.0 4.440892098500626e-16 0.0 0.0 0.0 1.0
1.0 -2.2960091553713485e-18 -4.161008407946429e-18 0.0 -2.1484736349066968e-18 1.0 4.126898374616886e-18 -1.3877787807814457e-16 6.1071137535581e-19 3.500365308889621e-17 1.0 4.440892098500626e-16 0.0 0.0 0.0 1.0
0.9999992847442627 0.0005720892804674804 0.001055620494298637 -0.0010968613205477595 -0.0005688644596375525 0.9999951720237732 -0.003052691463381052 0.0004019594634883106 -0.0010573618346825242 0.003052088897675276 0.9999947547912598 -0.00036786391865462065 0.0 0.0 0.0 1.0
0.9999960064888 0.001732691889628768 0.002227010205388069 -0.0020903502590954304 -0.0017264834605157375 0.9999946355819702 -0.0027866759337484837 0.0005819637444801629 -0.002231826540082693 0.002782820025458932 0.999993622303009 -0.0007428015233017504 0.0 0.0 0.0 1.0
0.9999940395355225 0.0022126990370452404 0.0026422820519655943 -0.003480256535112858 -0.002205780241638422 0.999994158744812 -0.002618532394990325 0.0005329168634489179 -0.0026480606757104397 0.0026126885786652565 0.999993085861206 -0.001137459883466363 0.0 0.0 0.0 1.0
0.9999948143959045 0.002512522740289569 0.0019998124334961176 -0.00466872425749898 -0.002504924777895212 0.9999896883964539 -0.0037927809171378613 0.0005352573934942484 -0.0020093212369829416 0.0037877520080655813 0.9999908208847046 -0.0016144702676683664 0.0 0.0 0.0 1.0
0.9999908804893494 0.0027787969447672367 0.003236246295273304 -0.005666204262524843 -0.002766528632491827 0.9999889731407166 -0.0037892796099185944 0.0007541252998635173 -0.003246740438044071 0.0037802918814122677 0.9999876022338867 -0.0018534900154918432 0.0 0.0 0.0 1.0
0.9999870657920837 0.0033727441914379597 0.003814056981354952 -0.007255449425429106 -0.0033637795131653547 0.9999915957450867 -0.002354415599256754 0.0008867507567629218 -0.0038219657726585865 0.002341555431485176 0.999989926815033 -0.0023795219603925943 0.0 0.0 0.0 1.0
0.9999868273735046 0.003537560813128948 0.0037168418057262897 -0.008247415535151958 -0.003526130225509405 0.9999890327453613 -0.0030774008482694626 0.0011153040686622262 -0.003727687755599618 0.003064254065975547 0.9999883770942688 -0.0028418705333024263 0.0 0.0 0.0 1.0
0.9999828934669495 0.0036239149048924446 0.004596302285790443 -0.009543247520923615 -0.0036205437500029802 0.9999931454658508 -0.0007415526197291911 0.0013784634647890925 -0.004598958417773247 0.000724898767657578 0.9999891519546509 -0.003175889141857624 0.0 0.0 0.0 1.0
0.999967634677887 0.0033392440527677536 0.007319097872823477 -0.011434834450483322 -0.0033149514347314835 0.9999889731407166 -0.0033287028782069683 0.0015942440368235111 -0.007330132182687521 0.0033043327275663614 0.9999676942825317 -0.003661002265289426 0.0 0.0 0.0 1.0
0.999954104423523 0.003180964384227991 0.00903940200805664 -0.012924699112772942 -0.0031405400950461626 0.9999850392341614 -0.004482689779251814 0.0015437779948115349 -0.009053525514900684 0.004454095382243395 0.9999490976333618 -0.004058190155774355 0.0 0.0 0.0 1.0
0.9999620318412781 0.00020298780873417854 0.008709825575351715 -0.01491529867053032 -0.00016825883358251303 0.9999920129776001 -0.003987879492342472 0.0016221776604652405 -0.008710565976798534 0.00398626271635294 0.999954104423523 -0.004506928380578756 0.0 0.0 0.0 1.0
0.9999683499336243 -0.0017358786426484585 0.007761908695101738 -0.016507219523191452 0.001757629681378603 0.9999945163726807 -0.0027963498141616583 0.0013372325338423252 -0.007757012266665697 0.0028099040500819683 0.9999659657478333 -0.00469292001798749 0.0 0.0 0.0 1.0
0.9999527335166931 -0.00483532901853323 0.00843351986259222 -0.018284983932971954 0.004866092465817928 0.9999815821647644 -0.0036310397554188967 0.0011659179581329226 -0.008415807969868183 0.0036719064228236675 0.9999578595161438 -0.00550544960424304 0.0 0.0 0.0 1.0
0.9999268054962158 -0.009871908463537693 0.006998884491622448 -0.021264713257551193 0.009900134056806564 0.99994295835495 -0.004009746015071869 0.0010649857576936483 -0.006958900950849056 0.004078742116689682 0.9999674558639526 -0.006299824919551611 0.0 0.0 0.0 1.0
0.9999097585678101 -0.0102901142090559 0.008637228980660439 -0.023548725992441177 0.010320980101823807 0.9999404549598694 -0.0035366688389331102 0.001012851600535214 -0.008600322529673576 0.003625494195148349 0.9999564290046692 -0.006940576713532209 0.0 0.0 0.0 1.0
0.9998883605003357 -0.010044757276773453 0.01106312870979309 -0.02613261342048645 0.010104939341545105 0.9999343752861023 -0.005397524684667587 0.0009564597276039422 -0.011008186265826225 0.005508714355528355 0.9999242424964905 -0.0075889164581894875 0.0 0.0 0.0 1.0
0.9998528957366943 -0.010773686692118645 0.013346487656235695 -0.030309531837701797 0.010836399160325527 0.9999305605888367 -0.004635409452021122 0.0015765402931720018 -0.013295620679855347 0.004779355134814978 0.9999001622200012 -0.008918903768062592 0.0 0.0 0.0 1.0
0.9998158812522888 -0.012776334770023823 0.014315214939415455 -0.03348802030086517 0.01286364533007145 0.9998990893363953 -0.006023738067597151 0.0018417913233861327 -0.014236808754503727 0.0062067750841379166 0.9998793601989746 -0.009970967657864094 0.0 0.0 0.0 1.0
0.9998140335083008 -0.014319452457129955 0.012917815707623959 -0.03835933655500412 0.014413021504878998 0.9998703598976135 -0.00717961136251688 0.001956639811396599 -0.012813333421945572 0.0073644607327878475 0.9998908042907715 -0.011250455863773823 0.0 0.0 0.0 1.0
0.9997629523277283 -0.016759026795625687 0.013900079764425755 -0.04273008182644844 0.016859153285622597 0.9998325109481812 -0.007117723114788532 0.0027680781204253435 -0.013778465799987316 0.007350379601120949 0.9998780488967896 -0.012935145758092403 0.0 0.0 0.0 1.0
0.999770998954773 -0.015628306195139885 0.014619644731283188 -0.04691707715392113 0.015727326273918152 0.9998539686203003 -0.006682896986603737 0.0032328262459486723 -0.014513067901134491 0.0069112940691411495 0.999870777130127 -0.01377957221120596 0.0 0.0 0.0 1.0
0.9997379779815674 -0.014997655525803566 0.017291875556111336 -0.05338483676314354 0.01515001617372036 0.9998472332954407 -0.008714006282389164 0.004247521515935659 -0.017158543691039085 0.00897369533777237 0.9998124837875366 -0.01573110558092594 0.0 0.0 0.0 1.0
0.9996997714042664 -0.014830974861979485 0.019503416493535042 -0.05846363678574562 0.01497669704258442 0.9998608231544495 -0.007346918806433678 0.00544722517952323 -0.01939173974096775 0.007636810187250376 0.9997828006744385 -0.01732688397169113 0.0 0.0 0.0 1.0
0.9996697306632996 -0.013403317891061306 0.02192620374262333 -0.06364412605762482 0.013592691160738468 0.9998713731765747 -0.008510705083608627 0.006091977469623089 -0.02180931158363819 0.008805930614471436 0.9997233748435974 -0.018546245992183685 0.0 0.0 0.0 1.0
0.9996207356452942 -0.013995267450809479 0.023716319352388382 -0.07072245329618454 0.014267555437982082 0.9998337626457214 -0.011350971646606922 0.007583769969642162 -0.02355351857841015 0.011685040779411793 0.9996542930603027 -0.020357832312583923 0.0 0.0 0.0 1.0
0.9995983839035034 -0.012799126096069813 0.025282951071858406 -0.07611005008220673 0.012997283600270748 0.9998859763145447 -0.007688895333558321 0.008992904797196388 -0.025181656703352928 0.008014417253434658 0.999650776386261 -0.021728266030550003 0.0 0.0 0.0 1.0
0.9995490312576294 -0.012564645148813725 0.027274547144770622 -0.08130723983049393 0.012853601947426796 0.9998628497123718 -0.010445057414472103 0.010434056632220745 -0.027139566838741302 0.010790922679007053 0.9995734095573425 -0.022734396159648895 0.0 0.0 0.0 1.0
0.9994858503341675 -0.014252692461013794 0.028720593079924583 -0.0881124809384346 0.014505011029541492 0.9998578429222107 -0.008596166037023067 0.012571173720061779 -0.028593990951776505 0.009008338674902916 0.9995505213737488 -0.023839596658945084 0.0 0.0 0.0 1.0
0.9995027184486389 -0.013740558177232742 0.028380921110510826 -0.0931146889925003 0.013929066248238087 0.999882161617279 -0.006455084774643183 0.014189989306032658 -0.02828887850046158 0.006847194395959377 0.9995763301849365 -0.02474365197122097 0.0 0.0 0.0 1.0
0.9994874596595764 -0.013609450310468674 0.02897665649652481 -0.09832611680030823 0.01375525537878275 0.9998936653137207 -0.004838448483496904 0.01634012721478939 -0.02890772745013237 0.005234549753367901 0.9995684027671814 -0.025585055351257324 0.0 0.0 0.0 1.0
0.9994482398033142 -0.012227307073771954 0.03088192455470562 -0.10473987460136414 0.012242073193192482 0.9999250173568726 -0.0002891085750889033 0.018881121650338173 -0.030876073986291885 0.0006670078146271408 0.9995229840278625 -0.02657352015376091 0.0 0.0 0.0 1.0
0.9994563460350037 -0.010951275937259197 0.03109772503376007 -0.10973961651325226 0.011058303527534008 0.9999334812164307 -0.00327177532017231 0.020412523299455643 -0.031059827655553818 0.0036138847935944796 0.9995110034942627 -0.02752608433365822 0.0 0.0 0.0 1.0
0.9994930028915405 -0.01186782494187355 0.029543880373239517 -0.11424718052148819 0.01196139957755804 0.9999240040779114 -0.0029926046263426542 0.021708277985453606 -0.029506118968129158 0.003344473661854863 0.9995589852333069 -0.0280289463698864 0.0 0.0 0.0 1.0
0.9994989037513733 -0.0129047567024827 0.028903331607580185 -0.12044432014226913 0.01280962210148573 0.999911904335022 0.0034742008429020643 0.023455709218978882 -0.028945621103048325 -0.0031022189650684595 0.9995761513710022 -0.029225587844848633 0.0 0.0 0.0 1.0
0.9995257258415222 -0.012693434022367 0.028056282550096512 -0.12434305250644684 0.012548309750854969 0.9999070167541504 0.005342660006135702 0.023720834404230118 -0.02812149003148079 -0.00498806731775403 0.9995920658111572 -0.02948945201933384 0.0 0.0 0.0 1.0
0.9995334148406982 -0.0119736073538661 0.02809857949614525 -0.12843124568462372 0.011828522197902203 0.9999158382415771 0.0053239744156599045 0.02381797879934311 -0.028159962967038155 -0.004989125765860081 0.9995909929275513 -0.030078718438744545 0.0 0.0 0.0 1.0
0.9995757937431335 -0.008401310071349144 0.027886616066098213 -0.13401785492897034 0.008311337791383266 0.9999598860740662 0.0033406862057745457 0.023757874965667725 -0.027913562953472137 -0.0031074939761310816 0.9996055364608765 -0.030667021870613098 0.0 0.0 0.0 1.0
0.9996113777160645 -0.006025221664458513 0.027217596769332886 -0.13790729641914368 0.006018720101565123 0.9999818205833435 0.0003207833506166935 0.023488838225603104 -0.027219034731388092 -0.00015684358368162066 0.9996294975280762 -0.030998600646853447 0.0 0.0 0.0 1.0
0.9996355175971985 -0.0042707957327365875 0.02665654756128788 -0.14169372618198395 0.004288911819458008 0.9999905824661255 -0.000622479768935591 0.023318318650126457 -0.02665363810956478 0.0007365804631263018 0.9996444582939148 -0.03150247037410736 0.0 0.0 0.0 1.0
0.9996820688247681 -0.002679945668205619 0.025071533396840096 -0.14605006575584412 0.00283272797241807 0.9999776482582092 -0.006060323677957058 0.02259531430900097 -0.025054732337594032 0.006129418034106493 0.9996672868728638 -0.03289513662457466 0.0 0.0 0.0 1.0
0.9997601509094238 -0.004658749792724848 0.021398618817329407 -0.14881984889507294 0.004886592738330364 0.999931812286377 -0.010607631877064705 0.021322112530469894 -0.021347740665078163 0.010709653608500957 0.999714732170105 -0.033421728760004044 0.0 0.0 0.0 1.0
0.9997501373291016 -0.0073595172725617886 0.021107682958245277 -0.15139804780483246 0.0075004249811172485 0.9999500513076782 -0.006604267284274101 0.02044995129108429 -0.02105802483856678 0.0067609334364533424 0.9997553825378418 -0.033836644142866135 0.0 0.0 0.0 1.0
0.9996060729026794 -0.007835892029106617 0.02695080079138279 -0.15498042106628418 0.007961909286677837 0.9999578595161438 -0.004571710247546434 0.01941795088350773 -0.02691384218633175 0.0047844890505075455 0.9996262788772583 -0.03401462361216545 0.0 0.0 0.0 1.0
0.9995166659355164 -0.005966695491224527 0.03050900436937809 -0.15756015479564667 0.006153218913823366 0.9999629259109497 -0.0060234833508729935 0.01849723793566227 -0.030471932142972946 0.006208300590515137 0.9995163679122925 -0.03434212878346443 0.0 0.0 0.0 1.0
0.9993853569030762 -0.00386174232698977 0.03484233468770981 -0.16043975949287415 0.004084195476025343 0.9999716877937317 -0.006315655540674925 0.017572270706295967 -0.034816961735486984 0.0064540766179561615 0.9993728399276733 -0.03467722237110138 0.0 0.0 0.0 1.0
0.9992093443870544 -0.008194155059754848 0.038904763758182526 -0.1646919846534729 0.008686901070177555 0.9998839497566223 -0.01251334510743618 0.01598636619746685 -0.038797713816165924 0.012841412797570229 0.9991645812988281 -0.03574652224779129 0.0 0.0 0.0 1.0
0.9992209672927856 -0.014074700884521008 0.036868929862976074 -0.16804686188697815 0.014630823396146297 0.9997825622558594 -0.014857657253742218 0.015005630441009998 -0.036651793867349625 0.015385505743324757 0.9992096424102783 -0.03703608736395836 0.0 0.0 0.0 1.0
0.999309778213501 -0.018173858523368835 0.03239905834197998 -0.1727985292673111 0.018779071047902107 0.9996529817581177 -0.018474573269486427 0.013092157430946827 -0.03205205872654915 0.019070245325565338 0.9993042349815369 -0.037952814251184464 0.0 0.0 0.0 1.0
0.9991239905357361 -0.02251683920621872 0.03527412191033363 -0.17647968232631683 0.023228799924254417 0.9995319843292236 -0.01990550383925438 0.012427758425474167 -0.034809406846761703 0.020707441493868828 0.9991794228553772 -0.03838595002889633 0.0 0.0 0.0 1.0
0.9988910555839539 -0.023697800934314728 0.040682729333639145 -0.17957690358161926 0.024561332538723946 0.999480664730072 -0.0208590030670166 0.011101873591542244 -0.04016729071736336 0.021835092455148697 0.9989543557167053 -0.03780348598957062 0.0 0.0 0.0 1.0
0.9985578656196594 -0.022919876500964165 0.0485474094748497 -0.18458908796310425 0.023820608854293823 0.9995531439781189 -0.018057003617286682 0.010409461334347725 -0.04811185225844383 0.01918739080429077 0.9986576437950134 -0.03701694309711456 0.0 0.0 0.0 1.0
0.9983765482902527 -0.023475296795368195 0.05189577490091324 -0.18891048431396484 0.02439611218869686 0.9995546936988831 -0.017181800678372383 0.009940672665834427 -0.05146931856870651 0.018419962376356125 0.9985046982765198 -0.03597976267337799 0.0 0.0 0.0 1.0
0.9980065226554871 -0.028205523267388344 0.05645744502544403 -0.19494125247001648 0.0289460439234972 0.999504804611206 -0.01234176941215992 0.009292425587773323 -0.0560813806951046 0.013951386325061321 0.9983287453651428 -0.03450001776218414 0.0 0.0 0.0 1.0
0.9975892901420593 -0.02991025522351265 0.06261774897575378 -0.19946350157260895 0.03033192828297615 0.9995231032371521 -0.005794140510261059 0.008956760168075562 -0.06241458281874657 0.007679489441215992 0.9980207681655884 -0.03350679948925972 0.0 0.0 0.0 1.0
0.9972841739654541 -0.0299085546284914 0.06730367988348007 -0.2048909068107605 0.03043314814567566 0.9995138049125671 -0.006782445125281811 0.008598636835813522 -0.06706809997558594 0.00881228782236576 0.9977095127105713 -0.032313015311956406 0.0 0.0 0.0 1.0
0.9967483282089233 -0.03114348091185093 0.07431608438491821 -0.212224543094635 0.03128000348806381 0.9995104074478149 -0.0006735748611390591 0.00815531425178051 -0.0742587298154831 0.0029959920793771744 0.9972345232963562 -0.030856551602482796 0.0 0.0 0.0 1.0
0.9961448311805725 -0.03217972069978714 0.08160841464996338 -0.2184629887342453 0.03224572911858559 0.9994798302650452 0.000509364646859467 0.00808693841099739 -0.08158235996961594 0.002124121878296137 0.9966643452644348 -0.029401564970612526 0.0 0.0 0.0 1.0
0.9956644773483276 -0.03060244768857956 0.08783911168575287 -0.22488409280776978 0.030610764399170876 0.9995306134223938 0.0012526481878012419 0.007403836119920015 -0.08783621340990067 0.001441605039872229 0.9961338639259338 -0.028291186317801476 0.0 0.0 0.0 1.0
0.9949997067451477 -0.033296626061201096 0.09416412562131882 -0.2344103306531906 0.0335531085729599 0.9994362592697144 -0.0011413858737796545 0.006803015246987343 -0.09407304227352142 0.004295177757740021 0.9955560564994812 -0.027074793353676796 0.0 0.0 0.0 1.0
0.9943972826004028 -0.03725845366716385 0.09892342239618301 -0.24211564660072327 0.03726470470428467 0.9993038177490234 0.0017851482843980193 0.006586953531950712 -0.09892106801271439 0.00191120570525527 0.9950934648513794 -0.02687140554189682 0.0 0.0 0.0 1.0
0.9941394925117493 -0.037653882056474686 0.10133533924818039 -0.2503209710121155 0.03784212842583656 0.9992837309837341 6.473044777521864e-05 0.0058588129468262196 -0.10126519203186035 0.0037703937850892544 0.9948523044586182 -0.02638913132250309 0.0 0.0 0.0 1.0
0.9938898682594299 -0.0388992577791214 0.10329484194517136 -0.25911957025527954 0.03971818834543228 0.9991936087608337 -0.0058823321014642715 0.004995880648493767 -0.10298272222280502 0.009949074126780033 0.9946333765983582 -0.02610645815730095 0.0 0.0 0.0 1.0
0.9939174056053162 -0.040808092802762985 0.10228826105594635 -0.27162954211235046 0.041991639882326126 0.999073326587677 -0.00944337248802185 0.004332991316914558 -0.1018081083893776 0.013681183569133282 0.9947099685668945 -0.025548521429300308 0.0 0.0 0.0 1.0
0.994060218334198 -0.04483174532651901 0.09916869550943375 -0.28194573521614075 0.04564729332923889 0.9989398121833801 -0.0059690335765480995 0.004196621477603912 -0.09879595786333084 0.010460360907018185 0.9950527548789978 -0.02500314451754093 0.0 0.0 0.0 1.0
0.9939996004104614 -0.04727885499596596 0.09863824397325516 -0.2954900562763214 0.04785774648189545 0.998848021030426 -0.0035096833016723394 0.004238334018737078 -0.09835867583751678 0.008209227584302425 0.9951171875 -0.023499870672822 0.0 0.0 0.0 1.0
0.9937021732330322 -0.04460589587688446 0.10279273241758347 -0.30532336235046387 0.0450826995074749 0.9989805817604065 -0.0023187720216810703 0.004400476813316345 -0.10258451104164124 0.006938342470675707 0.9947000741958618 -0.0224370788782835 0.0 0.0 0.0 1.0
0.993371844291687 -0.04379444569349289 0.10627546906471252 -0.3151591718196869 0.0438590869307518 0.9990362524986267 0.0017300192266702652 0.004650031682103872 -0.10624881088733673 0.0029425928369164467 0.9943352341651917 -0.02132578007876873 0.0 0.0 0.0 1.0
0.9932557344436646 -0.0470268577337265 0.1059790626168251 -0.3280976414680481 0.0468687005341053 0.998893141746521 0.003983807284384966 0.004894455894827843 -0.10604909807443619 0.0010101614752784371 0.9943603873252869 -0.020156973972916603 0.0 0.0 0.0 1.0
0.9931266903877258 -0.04892513155937195 0.10632836073637009 -0.3375166952610016 0.04863933101296425 0.9988024234771729 0.005281028337776661 0.004858271684497595 -0.10645940154790878 -7.298963464563712e-05 0.9943170547485352 -0.019540324807167053 0.0 0.0 0.0 1.0
0.9930148124694824 -0.05089334025979042 0.10644932836294174 -0.3468264639377594 0.05083486810326576 0.9987017512321472 0.0032643908634781837 0.004289344884455204 -0.10647726058959961 0.0021697490010410547 0.9943127632141113 -0.01898885890841484 0.0 0.0 0.0 1.0
0.9931910634040833 -0.052855703979730606 0.10381600260734558 -0.359231561422348 0.053076233714818954 0.9985902309417725 0.0006391110946424305 0.0034530493430793285 -0.10370343178510666 0.004875402897596359 0.9945963025093079 -0.01852540858089924 0.0 0.0 0.0 1.0
0.9932414889335632 -0.05497210845351219 0.10222239047288895 -0.3685348927974701 0.05508602038025856 0.9984801411628723 0.0017103888094425201 0.002757846610620618 -0.10216104984283447 0.003932195249944925 0.9947600960731506 -0.01815836690366268 0.0 0.0 0.0 1.0
0.9932004809379578 -0.05706747993826866 0.10146979242563248 -0.37774717807769775 0.05695892497897148 0.9983686208724976 0.003969163168221712 0.0022777519188821316 -0.1015307679772377 0.0018374352948740125 0.9948307275772095 -0.01755586639046669 0.0 0.0 0.0 1.0
0.9928469657897949 -0.05664398521184921 0.10510154813528061 -0.3896769881248474 0.05601182207465172 0.9983898997306824 0.008959082886576653 0.0014972229255363345 -0.10543979704380035 -0.0030080692376941442 0.994421124458313 -0.016137946397066116 0.0 0.0 0.0 1.0
0.9925023913383484 -0.05544860661029816 0.10892408341169357 -0.39839160442352295 0.05417545884847641 0.9984244704246521 0.01461545005440712 0.0007911645225249231 -0.10956287384033203 -0.008604857139289379 0.9939426183700562 -0.01530907116830349 0.0 0.0 0.0 1.0
0.9919388294219971 -0.054653625935316086 0.11432569473981857 -0.40699636936187744 0.05306887626647949 0.9984484910964966 0.01686190254986286 -0.00026312543195672333 -0.11506987363100052 -0.010658839717507362 0.993300199508667 -0.014671695418655872 0.0 0.0 0.0 1.0
0.9913218021392822 -0.05208291858434677 0.12069994956254959 -0.4183996021747589 0.05046655982732773 0.998590886592865 0.01641201786696911 -0.001677625346928835 -0.12138465791940689 -0.010178279131650925 0.9925533533096313 -0.013939924538135529 0.0 0.0 0.0 1.0
0.9912056922912598 -0.054638057947158813 0.12052355706691742 -0.4271957576274872 0.05339042469859123 0.9984816312789917 0.013559210114181042 -0.0026279701851308346 -0.1210814118385315 -0.007005162537097931 0.9926178455352783 -0.01370575837790966 0.0 0.0 0.0 1.0
0.9911214709281921 -0.060923077166080475 0.11818034201860428 -0.43639513850212097 0.05929560214281082 0.9980915784835815 0.017241980880498886 -0.003360617207363248 -0.1190052330493927 -0.010081322863698006 0.992842435836792 -0.01347210630774498 0.0 0.0 0.0 1.0
0.9910402297973633 -0.06071386858820915 0.11896689236164093 -0.4491920471191406 0.05903375893831253 0.9981008172035217 0.017599312588572502 -0.004280317109078169 -0.11980947852134705 -0.010418564081192017 0.9927422404289246 -0.01329060923308134 0.0 0.0 0.0 1.0
0.9905299544334412 -0.05604379251599312 0.12533751130104065 -0.45877909660339355 0.05444904416799545 0.9983865022659302 0.016116144135594368 -0.00463024852797389 -0.12603849172592163 -0.009139015339314938 0.9919832348823547 -0.013766362331807613 0.0 0.0 0.0 1.0
0.9895644783973694 -0.05312122404575348 0.1339411437511444 -0.46876442432403564 0.051297761499881744 0.9985381960868835 0.01703082025051117 -0.00493730790913105 -0.13465005159378052 -0.00998221430927515 0.9908429384231567 -0.014339644461870193 0.0 0.0 0.0 1.0
0.9888108372688293 -0.05263161659240723 0.1395815908908844 -0.48262912034988403 0.05060528591275215 0.9985559582710266 0.01802930235862732 -0.005358071997761726 -0.14032894372940063 -0.010764003731310368 0.9900464415550232 -0.01573006622493267 0.0 0.0 0.0 1.0
0.98875492811203 -0.053036898374557495 0.13982392847537994 -0.4932911694049835 0.051522914320230484 0.9985675811767578 0.014428092166781425 -0.005772285629063845 -0.1403888612985611 -0.007061711512506008 0.9900712370872498 -0.01717546582221985 0.0 0.0 0.0 1.0
0.9881739616394043 -0.05373026803135872 0.14361488819122314 -0.5081238746643066 0.052511148154735565 0.9985449910163879 0.012268485501408577 -0.00619767839089036 -0.14406512677669525 -0.004582015331834555 0.9895576238632202 -0.01984374411404133 0.0 0.0 0.0 1.0
0.9877382516860962 -0.053151726722717285 0.14679260551929474 -0.5192716121673584 0.0530407689511776 0.9985814094543457 0.00467277318239212 -0.006502518896013498 -0.14683273434638977 0.0031705163419246674 0.9891562461853027 -0.02192327007651329 0.0 0.0 0.0 1.0
0.9873974323272705 -0.05635403096675873 0.14788688719272614 -0.5312080383300781 0.0565296970307827 0.9983963370323181 0.0030183896888047457 -0.006799342576414347 -0.14781983196735382 0.005379650741815567 0.9889996647834778 -0.024469688534736633 0.0 0.0 0.0 1.0
0.9872453808784485 -0.06024705618619919 0.1473664492368698 -0.5475353598594666 0.060825418680906296 0.9981482625007629 0.0005827807472087443 -0.006595392245799303 -0.14712867140769958 0.00838827807456255 0.9890817999839783 -0.02772967331111431 0.0 0.0 0.0 1.0
0.9870361685752869 -0.06246274337172508 0.14784465730190277 -0.5602942109107971 0.06322590261697769 0.9979991316795349 -0.0004632354830391705 -0.0063013662584125996 -0.14751990139484406 0.009804841130971909 0.9890105128288269 -0.02973344922065735 0.0 0.0 0.0 1.0
0.9864466190338135 -0.061556365340948105 0.15209825336933136 -0.5777484178543091 0.06314655393362045 0.9979883432388306 -0.005642230156809092 -0.005656471010297537 -0.1514449566602707 0.015170239843428135 0.9883492588996887 -0.03219614550471306 0.0 0.0 0.0 1.0
0.9862844944000244 -0.06056835129857063 0.15353935956954956 -0.5909258723258972 0.063465416431427 0.9978853464126587 -0.014033451676368713 -0.004804781638085842 -0.15236470103263855 0.02358541637659073 0.9880428910255432 -0.03378308191895485 0.0 0.0 0.0 1.0
0.986145555973053 -0.0660400539636612 0.15216976404190063 -0.6042236685752869 0.06890131533145905 0.9975307583808899 -0.013601545244455338 -0.0034397211857140064 -0.15089577436447144 0.023897800594568253 0.988260805606842 -0.03485817089676857 0.0 0.0 0.0 1.0
0.9865564107894897 -0.07213598489761353 0.14663854241371155 -0.6222355961799622 0.07506631314754486 0.9970725178718567 -0.01454151514917612 -0.001160452258773148 -0.14516028761863708 0.02535363845527172 0.9890832304954529 -0.03596522659063339 0.0 0.0 0.0 1.0
0.9861289858818054 -0.07520315051078796 0.1479666531085968 -0.6354721784591675 0.07848475873470306 0.9967794418334961 -0.01645735837519169 0.0009636854520067573 -0.14625248312950134 0.0278422050178051 0.9888554215431213 -0.035931237041950226 0.0 0.0 0.0 1.0
0.9857218861579895 -0.07238779962062836 0.15202763676643372 -0.6484313011169434 0.07524891197681427 0.9970781803131104 -0.01314365491271019 0.003373811487108469 -0.15063199400901794 0.024395901709794998 0.9882888197898865 -0.035161565989255905 0.0 0.0 0.0 1.0
0.984974205493927 -0.07091664522886276 0.15746968984603882 -0.6656277775764465 0.0739956796169281 0.9971634745597839 -0.013769922778010368 0.006802461575716734 -0.15604649484157562 0.025215094909071922 0.987427830696106 -0.03355679661035538 0.0 0.0 0.0 1.0
0.9841042160987854 -0.07145383954048157 0.16258308291435242 -0.6786972880363464 0.07403769344091415 0.9972065091133118 -0.009881541132926941 0.009376308880746365 -0.16142283380031586 0.021761741489171982 0.9866454005241394 -0.032469309866428375 0.0 0.0 0.0 1.0
0.9831943511962891 -0.06927437335252762 0.16890810430049896 -0.6916902661323547 0.07102515548467636 0.9974650740623474 -0.004338229540735483 0.012369266711175442 -0.16817940771579742 0.016262046992778778 0.985622227191925 -0.03069010190665722 0.0 0.0 0.0 1.0
0.9822831153869629 -0.06790443509817123 0.17466804385185242 -0.7088175415992737 0.06805448234081268 0.9976683855056763 0.005137413274496794 0.016479266807436943 -0.17460963129997253 0.006840549409389496 0.9846139550209045 -0.02824809029698372 0.0 0.0 0.0 1.0
0.982075035572052 -0.06548313796520233 0.17675001919269562 -0.7216181755065918 0.06573489308357239 0.9978272318840027 0.004437149036675692 0.019232317805290222 -0.1766565442085266 0.007261029910296202 0.984245777130127 -0.0260267686098814 0.0 0.0 0.0 1.0
0.9815414547920227 -0.0637773871421814 0.18030214309692383 -0.7339270114898682 0.06343701481819153 0.9979564547538757 0.0076593440026044846 0.02207019366323948 -0.18042217195034027 0.003919865936040878 0.9835814237594604 -0.02352096326649189 0.0 0.0 0.0 1.0
0.9814670085906982 -0.05982320010662079 0.18205413222312927 -0.7494839429855347 0.057764895260334015 0.998192310333252 0.01659242808818817 0.02528046816587448 -0.18271765112876892 -0.0057685826905071735 0.9831485152244568 -0.01937767304480076 0.0 0.0 0.0 1.0
0.9819650053977966 -0.062462832778692245 0.17844656109809875 -0.7606978416442871 0.06024690717458725 0.9980245232582092 0.01781534031033516 0.026657868176698685 -0.17920683324337006 -0.006743188016116619 0.9837883114814758 -0.015833526849746704 0.0 0.0 0.0 1.0
0.9819445013999939 -0.06430980563163757 0.1779024600982666 -0.771323025226593 0.06159834563732147 0.9978857636451721 0.020728692412376404 0.02802441269159317 -0.1788593828678131 -0.009395928122103214 0.9838297963142395 -0.011827545240521431 0.0 0.0 0.0 1.0
0.9820559620857239 -0.06472449749708176 0.17713502049446106 -0.784614622592926 0.061350058764219284 0.9978163838386536 0.02446705847978592 0.029694266617298126 -0.17833183705806732 -0.01316077820956707 0.9838823676109314 -0.00541150476783514 0.0 0.0 0.0 1.0
0.9821630716323853 -0.06471965461969376 0.1765419840812683 -0.794668436050415 0.06103857234120369 0.9977912902832031 0.026208356022834778 0.030331404879689217 -0.17784824967384338 -0.01496500801295042 0.9839441180229187 0.00014414513134397566 0.0 0.0 0.0 1.0
0.9823911786079407 -0.06808919459581375 0.17398688197135925 -0.8047292232513428 0.06421556323766708 0.9975486397743225 0.027803728356957436 0.0309103075414896 -0.17545351386070251 -0.01614147238433361 0.9843553900718689 0.006010534707456827 0.0 0.0 0.0 1.0
0.9826892614364624 -0.07384560257196426 0.1699075996875763 -0.8173601031303406 0.06856878101825714 0.9969701766967773 0.03672614321112633 0.03151233121752739 -0.1721048653125763 -0.024440031498670578 0.9847754240036011 0.014590650796890259 0.0 0.0 0.0 1.0
0.9827588796615601 -0.07425989210605621 0.16932357847690582 -0.8264467120170593 0.06872298568487167 0.996898889541626 0.038337718695402145 0.031464602798223495 -0.17164544761180878 -0.02604030817747116 0.9848145842552185 0.021842004731297493 0.0 0.0 0.0 1.0
0.9825438261032104 -0.07341935485601425 0.17093050479888916 -0.835633397102356 0.06836080551147461 0.9970358610153198 0.03530234098434448 0.030910473316907883 -0.17301571369171143 -0.023001153022050858 0.9846504330635071 0.029382364824414253 0.0 0.0 0.0 1.0
0.9822481274604797 -0.07270292937755585 0.17292459309101105 -0.8472925424575806 0.06687881797552109 0.9969876408576965 0.039279140532016754 0.02964284084737301 -0.17525939643383026 -0.027016866952180862 0.9841515421867371 0.040144238620996475 0.0 0.0 0.0 1.0
0.9812058210372925 -0.07565785944461823 0.1775134652853012 -0.8555901646614075 0.07009124755859375 0.9968380331993103 0.03743204101920128 0.027936182916164398 -0.17978419363498688 -0.02428639866411686 0.9834062457084656 0.048775989562273026 0.0 0.0 0.0 1.0
0.9807151556015015 -0.07354855537414551 0.18107561767101288 -0.8633930683135986 0.06731515377759933 0.996915876865387 0.040340788662433624 0.025906464084982872 -0.18348416686058044 -0.02737369015812874 0.9826414585113525 0.05780893564224243 0.0 0.0 0.0 1.0
0.9801982641220093 -0.0735054761171341 0.18387027084827423 -0.8746387958526611 0.06734447926282883 0.9969460368156433 0.03953901305794716 0.022420572116971016 -0.18621507287025452 -0.026373425498604774 0.9821549654006958 0.06929080188274384 0.0 0.0 0.0 1.0
0.980423629283905 -0.07672752439975739 0.1813349425792694 -0.882631242275238 0.0715823546051979 0.9968288540840149 0.03475986048579216 0.018892435356974602 -0.18342693150043488 -0.02109900675714016 0.982806921005249 0.07874663174152374 0.0 0.0 0.0 1.0
0.9805874824523926 -0.07731786370277405 0.1801948845386505 -0.890329897403717 0.07244980335235596 0.9968109130859375 0.03345220535993576 0.015174360945820808 -0.1822066754102707 -0.01974773034453392 0.9830619096755981 0.08855969458818436 0.0 0.0 0.0 1.0
0.9804675579071045 -0.07724355161190033 0.18087786436080933 -0.9010080099105835 0.07288466393947601 0.9968698620796204 0.030632391571998596 0.010172469541430473 -0.18267785012722015 -0.016850844025611877 0.9830284118652344 0.10218390077352524 0.0 0.0 0.0 1.0
0.981018602848053 -0.07450219243764877 0.17903059720993042 -0.9084281325340271 0.0714917853474617 0.9971709251403809 0.02321755886077881 0.005778965540230274 -0.18025386333465576 -0.009977638721466064 0.9835695028305054 0.11322830617427826 0.0 0.0 0.0 1.0
0.9801872968673706 -0.07777294516563416 0.18216554820537567 -0.9183353185653687 0.0744878277182579 0.9969130754470825 0.024817245081067085 0.00037097869790159166 -0.18353332579135895 -0.010756433010101318 0.9829546213150024 0.12824201583862305 0.0 0.0 0.0 1.0
0.9793912172317505 -0.08236772567033768 0.18441376090049744 -0.925560474395752 0.07919907569885254 0.9965578317642212 0.024495575577020645 -0.0038448611740022898 -0.1857966184616089 -0.009385351091623306 0.982543408870697 0.13938850164413452 0.0 0.0 0.0 1.0
0.9791749715805054 -0.08384576439857483 0.18489526212215424 -0.9323799014091492 0.08175405114889145 0.9964728951454163 0.018921568989753723 -0.0083658117800951 -0.18582962453365326 -0.0034115901216864586 0.9825760722160339 0.15048697590827942 0.0 0.0 0.0 1.0
0.9789988994598389 -0.08609358221292496 0.18479451537132263 -0.9411873817443848 0.08526892960071564 0.9962805509567261 0.012420117855072021 -0.014583642594516277 -0.18517647683620453 0.003597948933020234 0.9826986789703369 0.16598527133464813 0.0 0.0 0.0 1.0
0.978029191493988 -0.09382983297109604 0.1861582100391388 -0.9476088881492615 0.09188946336507797 0.9955871105194092 0.019043978303670883 -0.01882699318230152 -0.1871235966682434 -0.001519588055089116 0.9823352098464966 0.17701606452465057 0.0 0.0 0.0 1.0
0.9779813885688782 -0.09999466687440872 0.18317613005638123 -0.9531223773956299 0.09785832464694977 0.9949852824211121 0.02068829908967018 -0.023455770686268806 -0.18432627618312836 -0.00230746204033494 0.9828624129295349 0.18796300888061523 0.0 0.0 0.0 1.0
0.9785059094429016 -0.10612243413925171 0.17681682109832764 -0.9596118330955505 0.10360012203454971 0.9943422675132751 0.023463213816285133 -0.02969931624829769 -0.17830640077590942 -0.004640650935471058 0.9839640855789185 0.20280097424983978 0.0 0.0 0.0 1.0
0.9773429036140442 -0.11023101210594177 0.18069300055503845 -0.964116632938385 0.10672443360090256 0.9938642978668213 0.02904542163014412 -0.034022606909275055 -0.1827860176563263 -0.009102978743612766 0.9831105470657349 0.21324874460697174 0.0 0.0 0.0 1.0
0.9759123921394348 -0.11120522022247314 0.18769235908985138 -0.969293475151062 0.10644735395908356 0.9936925172805786 0.03527316078543663 -0.03999527171254158 -0.19043104350566864 -0.014444159343838692 0.9815943241119385 0.22745922207832336 0.0 0.0 0.0 1.0
0.9747791886329651 -0.1111271008849144 0.1935361921787262 -0.9729838371276855 0.10574410110712051 0.9936686158180237 0.037958577275276184 -0.04483168572187424 -0.1965290755033493 -0.016535921022295952 0.9803585410118103 0.23763617873191833 0.0 0.0 0.0 1.0
0.9736260175704956 -0.11413320153951645 0.19755008816719055 -0.976269006729126 0.10828910022974014 0.9933074116706848 0.040173448622226715 -0.05015772208571434 -0.20081308484077454 -0.01772139221429825 0.9794692993164062 0.24789147078990936 0.0 0.0 0.0 1.0
0.9717904925346375 -0.11824740469455719 0.20406074821949005 -0.9805945158004761 0.11158318817615509 0.992784857749939 0.04390239715576172 -0.05712924525141716 -0.20777976512908936 -0.019894184544682503 0.9779732823371887 0.2606467604637146 0.0 0.0 0.0 1.0
0.9706211686134338 -0.11929697543382645 0.20895631611347198 -0.9838597774505615 0.11245253682136536 0.9926655888557434 0.044378574937582016 -0.06264960020780563 -0.21271798014640808 -0.019577115774154663 0.9769175052642822 0.2702224552631378 0.0 0.0 0.0 1.0
0.969738245010376 -0.11971766501665115 0.21278032660484314 -0.9874064326286316 0.1139351949095726 0.9927114248275757 0.03927888721227646 -0.06841707229614258 -0.21593183279037476 -0.013847068883478642 0.9763102531433105 0.27919840812683105 0.0 0.0 0.0 1.0
0.9674621224403381 -0.12277019768953323 0.22123411297798157 -0.9921044111251831 0.11579835414886475 0.992285966873169 0.04426363483071327 -0.07585082948207855 -0.2249617576599121 -0.01720484159886837 0.9742156863212585 0.29111847281455994 0.0 0.0 0.0 1.0
0.9664839506149292 -0.12027313560247421 0.22681082785129547 -0.9954586029052734 0.11386319249868393 0.9926424026489258 0.04118530824780464 -0.08135323226451874 -0.2300955355167389 -0.013979535549879074 0.9730676412582397 0.3002449870109558 0.0 0.0 0.0 1.0
0.9647011160850525 -0.12144804000854492 0.23367097973823547 -0.9994938373565674 0.11501345783472061 0.9925165772438049 0.04102170094847679 -0.08660344779491425 -0.2369043231010437 -0.012698372825980186 0.9714499711990356 0.30847007036209106 0.0 0.0 0.0 1.0
0.9640825390815735 -0.12042608857154846 0.2367328554391861 -1.0047134160995483 0.11438588052988052 0.9926651120185852 0.03913840651512146 -0.09357806295156479 -0.239709734916687 -0.010653756558895111 0.9707861542701721 0.3209792673587799 0.0 0.0 0.0 1.0
0.9633523225784302 -0.12163501977920532 0.23907585442066193 -1.008592128753662 0.11524858325719833 0.9925079345703125 0.04056759923696518 -0.09821342676877975 -0.24221912026405334 -0.01152773853391409 0.9701530933380127 0.3305782079696655 0.0 0.0 0.0 1.0
0.9618520140647888 -0.12292182445526123 0.24439911544322968 -1.012266755104065 0.11610125005245209 0.9923414587974548 0.042177729308605194 -0.10288482159376144 -0.2477119415998459 -0.012193690985441208 0.9687569737434387 0.3400462865829468 0.0 0.0 0.0 1.0
0.9602463245391846 -0.12241761386394501 0.2508802115917206 -1.0175037384033203 0.11583348363637924 0.9924260973930359 0.040902987122535706 -0.10924755036830902 -0.25398731231689453 -0.010216615162789822 0.9671536087989807 0.352895051240921 0.0 0.0 0.0 1.0
0.9596328139305115 -0.1239226907491684 0.2524837851524353 -1.0213948488235474 0.11745458841323853 0.9922482967376709 0.04059194400906563 -0.11395083367824554 -0.2555568516254425 -0.009297981858253479 0.9667493104934692 0.36302804946899414 0.0 0.0 0.0 1.0
0.9585326910018921 -0.12578880786895752 0.2557190954685211 -1.0253915786743164 0.11869364976882935 0.9919969439506531 0.043056514114141464 -0.11866523325443268 -0.25908857583999634 -0.010918843559920788 0.9657918214797974 0.3733818531036377 0.0 0.0 0.0 1.0
0.956026017665863 -0.12838493287563324 0.26368844509124756 -1.0305590629577637 0.12101772427558899 0.9916718006134033 0.04406574368476868 -0.12517206370830536 -0.26714977622032166 -0.01021701842546463 0.9636008739471436 0.3875246047973633 0.0 0.0 0.0 1.0
0.9543541669845581 -0.1296592801809311 0.26906609535217285 -1.034665822982788 0.12246167659759521 0.9915221333503723 0.04343997687101364 -0.13004320859909058 -0.2724173665046692 -0.00850683730095625 0.9621415734291077 0.3983614444732666 0.0 0.0 0.0 1.0
0.9533602595329285 -0.1308346390724182 0.2720046639442444 -1.0388764142990112 0.12447979301214218 0.9913924932479858 0.04056691378355026 -0.13487690687179565 -0.2749709486961365 -0.004815797787159681 0.9614405035972595 0.40933164954185486 0.0 0.0 0.0 1.0
0.9521768689155579 -0.13456332683563232 0.2743207812309265 -1.0448271036148071 0.1277180165052414 0.990888774394989 0.04274974390864372 -0.14136603474617004 -0.27757391333580017 -0.005669611040502787 0.9606875777244568 0.4227841794490814 0.0 0.0 0.0 1.0
0.9497269988059998 -0.13766604661941528 0.281188040971756 -1.0495322942733765 0.13234198093414307 0.990477979183197 0.03793349117040634 -0.1467021256685257 -0.28373274207115173 0.0011865224223583937 0.9589026570320129 0.43380996584892273 0.0 0.0 0.0 1.0
0.947772741317749 -0.14292410016059875 0.28513070940971375 -1.0550199747085571 0.13936614990234375 0.989696204662323 0.0328410379588604 -0.15183600783348083 -0.2868865430355072 0.00861173216253519 0.9579258561134338 0.4440191984176636 0.0 0.0 0.0 1.0
0.9451954364776611 -0.14897069334983826 0.29053977131843567 -1.062861680984497 0.14824286103248596 0.9886438250541687 0.02464544028043747 -0.1592552810907364 -0.29091179370880127 0.019775686785578728 0.9565454721450806 0.4576086103916168 0.0 0.0 0.0 1.0
0.9433886408805847 -0.15030428767204285 0.29567962884902954 -1.068727731704712 0.15139302611351013 0.9882842898368835 0.01934826374053955 -0.1645406037569046 -0.2951236665248871 0.026510903611779213 0.9550911784172058 0.4670407176017761 0.0 0.0 0.0 1.0
0.9411364197731018 -0.1538020372390747 0.30101022124290466 -1.074470043182373 0.15891094505786896 0.9872636795043945 0.00759535888209939 -0.17056268453598022 -0.2983446419239044 0.04068554937839508 0.9535906910896301 0.4759514033794403 0.0 0.0 0.0 1.0
0.9391505718231201 -0.15786553919315338 0.3050815165042877 -1.0819613933563232 0.16769975423812866 0.9858191013336182 -0.006124426145106554 -0.1780264973640442 -0.29978832602500916 0.05691385269165039 0.9523065686225891 0.48757731914520264 0.0 0.0 0.0 1.0
0.9376357793807983 -0.16479068994522095 0.30607709288597107 -1.0873147249221802 0.17359937727451324 0.9848150610923767 -0.0015833791112527251 -0.18355727195739746 -0.30116841197013855 0.054619427770376205 0.9520053863525391 0.4966532588005066 0.0 0.0 0.0 1.0
0.9345179796218872 -0.1723923236131668 0.31137916445732117 -1.0920747518539429 0.17959094047546387 0.9837251901626587 0.005638504400849342 -0.18895326554775238 -0.30728358030319214 0.05065159499645233 0.9502690434455872 0.5059287548065186 0.0 0.0 0.0 1.0
0.9311485886573792 -0.1704505831003189 0.32234901189804077 -1.0980862379074097 0.17810890078544617 0.9839935898780823 0.0058210743591189384 -0.19652193784713745 -0.318181574344635 0.05199294164776802 0.946603000164032 0.5184374451637268 0.0 0.0 0.0 1.0
0.9280078411102295 -0.17005205154418945 0.33148717880249023 -1.1025398969650269 0.17815954983234406 0.9839832186698914 0.0060180495493113995 -0.2020399570465088 -0.3272011876106262 0.05347280576825142 0.9434405565261841 0.527536153793335 0.0 0.0 0.0 1.0
0.9251546263694763 -0.17435231804847717 0.33717969059944153 -1.1083389520645142 0.1826360821723938 0.983153760433197 0.007261734455823898 -0.20953787863254547 -0.3327655792236328 0.05486294999718666 0.9414123296737671 0.5395157933235168 0.0 0.0 0.0 1.0
0.9232503175735474 -0.17994281649589539 0.33945465087890625 -1.1123913526535034 0.187326580286026 0.982234001159668 0.011184489354491234 -0.2150016576051712 -0.33543646335601807 0.05326279625296593 0.9405559301376343 0.5485371947288513 0.0 0.0 0.0 1.0
0.9184045791625977 -0.18411068618297577 0.3501946032047272 -1.1205449104309082 0.19051839411258698 0.9815467596054077 0.01639167033135891 -0.22798778116703033 -0.34675025939941406 0.0516643263399601 0.936533510684967 0.5696686506271362 0.0 0.0 0.0 1.0
0.9151284694671631 -0.18782863020896912 0.35673561692237854 -1.1232984066009521 0.19057558476924896 0.9812793135643005 0.027783023193478584 -0.2336176335811615 -0.3552757203578949 0.04256006330251694 0.9337921738624573 0.5788492560386658 0.0 0.0 0.0 1.0
0.9127911925315857 -0.185888409614563 0.36367252469062805 -1.125951886177063 0.1911957561969757 0.9813119769096375 0.021702809259295464 -0.23924605548381805 -0.3609105050563812 0.04972250759601593 0.9312739968299866 0.5880323648452759 0.0 0.0 0.0 1.0
0.9102389216423035 -0.18604743480682373 0.3699343502521515 -1.1294376850128174 0.19418729841709137 0.9808423519134521 0.015479386784136295 -0.2474203258752823 -0.36572715640068054 0.057746611535549164 0.9289289116859436 0.5999054908752441 0.0 0.0 0.0 1.0
0.9073435068130493 -0.19008277356624603 0.3749617338180542 -1.132079839706421 0.1979997307062149 0.9800423383712769 0.017696194350719452 -0.25334984064102173 -0.3708420991897583 0.058185793459415436 0.9268713593482971 0.6088071465492249 0.0 0.0 0.0 1.0
0.9043476581573486 -0.1919141262769699 0.38121429085731506 -1.1348779201507568 0.20136331021785736 0.9793961048126221 0.015365388244390488 -0.2613976001739502 -0.3763086199760437 0.06286691874265671 0.9243590235710144 0.6211057305335999 0.0 0.0 0.0 1.0
0.9010084271430969 -0.19317084550857544 0.3884183466434479 -1.136531114578247 0.2048710137605667 0.9787213206291199 0.011508013121783733 -0.2676527798175812 -0.3823763430118561 0.0692068412899971 0.9214112758636475 0.6306445598602295 0.0 0.0 0.0 1.0
0.897113561630249 -0.19695748388767242 0.395468145608902 -1.138956904411316 0.21082821488380432 0.9774855971336365 0.008562655188143253 -0.2757432460784912 -0.3882509171962738 0.07569417357444763 0.9184397459030151 0.6440699100494385 0.0 0.0 0.0 1.0
0.8943380117416382 -0.19919170439243317 0.4006023108959198 -1.1405463218688965 0.21254071593284607 0.9770863652229309 0.011343575082719326 -0.2813267707824707 -0.393682599067688 0.07499931752681732 0.9161818027496338 0.6546693444252014 0.0 0.0 0.0 1.0
0.8903442621231079 -0.2021857500076294 0.4079313278198242 -1.143013596534729 0.21588636934757233 0.9763356447219849 0.01271773874759674 -0.28907716274261475 -0.40084925293922424 0.07674364745616913 0.91292405128479 0.6695412397384644 0.0 0.0 0.0 1.0
0.8851029276847839 -0.20774243772029877 0.41645631194114685 -1.1451168060302734 0.21937879920005798 0.9754279851913452 0.020326172932982445 -0.2942792773246765 -0.41044577956199646 0.07337093353271484 0.9089284539222717 0.6804580092430115 0.0 0.0 0.0 1.0
0.8832465410232544 -0.20917531847953796 0.4196680188179016 -1.1469273567199707 0.22038865089416504 0.975159227848053 0.022212153300642967 -0.3000403344631195 -0.4138893783092499 0.07287126034498215 0.9074058532714844 0.6919845342636108 0.0 0.0 0.0 1.0
0.8809585571289062 -0.2104492336511612 0.4238196909427643 -1.1490087509155273 0.22244708240032196 0.9747052192687988 0.021611317992210388 -0.307901531457901 -0.4176473319530487 0.07523877918720245 0.9054887294769287 0.7074880599975586 0.0 0.0 0.0 1.0
0.8790011405944824 -0.21182146668434143 0.42718690633773804 -1.1508417129516602 0.2230340540409088 0.9745081067085266 0.024285733699798584 -0.3133808374404907 -0.42144134640693665 0.0739300474524498 0.9038371443748474 0.7197427749633789 0.0 0.0 0.0 1.0
0.8754320740699768 -0.2129277139902115 0.433912992477417 -1.1524673700332642 0.22380608320236206 0.9742718935012817 0.026554754003882408 -0.31911957263946533 -0.42840346693992615 0.07386548817157745 0.9005633592605591 0.7318570017814636 0.0 0.0 0.0 1.0
0.8726341724395752 -0.21311739087104797 0.4394207298755646 -1.1541290283203125 0.2232397198677063 0.9743255972862244 0.029218243435025215 -0.32716941833496094 -0.43436574935913086 0.07259932160377502 0.8978060483932495 0.7466910481452942 0.0 0.0 0.0 1.0
0.8707332611083984 -0.21579045057296753 0.44188016653060913 -1.1553313732147217 0.22647102177143097 0.9735807180404663 0.02917889878153801 -0.33281517028808594 -0.4365025460720062 0.07466601580381393 0.8965994119644165 0.7578346133232117 0.0 0.0 0.0 1.0
0.8675558567047119 -0.22415652871131897 0.44396018981933594 -1.156731367111206 0.23524846136569977 0.971447765827179 0.030780160799622536 -0.338230699300766 -0.4381836950778961 0.07773744314908981 0.8955177068710327 0.7687594890594482 0.0 0.0 0.0 1.0
0.8644113540649414 -0.23507559299468994 0.44444623589515686 -1.1586980819702148 0.24653080105781555 0.9685791730880737 0.032816771417856216 -0.34528452157974243 -0.43819576501846313 0.08120249211788177 0.8952042460441589 0.7832261919975281 0.0 0.0 0.0 1.0
0.8622350096702576 -0.24084971845149994 0.44558078050613403 -1.1600098609924316 0.2516404390335083 0.967157244682312 0.03583268076181412 -0.3500770628452301 -0.4395769536495209 0.08122994750738144 0.894524335861206 0.7942697405815125 0.0 0.0 0.0 1.0
0.8543300032615662 -0.2508358061313629 0.45519405603408813 -1.1632959842681885 0.258148193359375 0.9649500250816345 0.04723316803574562 -0.3608357310295105 -0.45108726620674133 0.07715481519699097 0.8891385793685913 0.8194687962532043 0.0 0.0 0.0 1.0
0.8520955443382263 -0.2552367150783539 0.4569326341152191 -1.1649025678634644 0.26055777072906494 0.9640243649482727 0.0525992289185524 -0.36530235409736633 -0.4539194405078888 0.07423777878284454 0.887944757938385 0.8301162719726562 0.0 0.0 0.0 1.0
0.8477342128753662 -0.26955607533454895 0.45682188868522644 -1.1679080724716187 0.2706651985645294 0.9605111479759216 0.06448785960674286 -0.37348508834838867 -0.456165611743927 0.0689772292971611 0.8872175812721252 0.8506876230239868 0.0 0.0 0.0 1.0
0.8460566401481628 -0.27370670437812805 0.45746341347694397 -1.1690137386322021 0.2730735242366791 0.9595116376876831 0.06905273348093033 -0.3775756061077118 -0.4578416645526886 0.06649862229824066 0.8865432739257812 0.8610950708389282 0.0 0.0 0.0 1.0
0.8417678475379944 -0.2775162160396576 0.46304601430892944 -1.1706721782684326 0.27478113770484924 0.9585788249969482 0.07498012483119965 -0.3828674852848053 -0.46467429399490356 0.06412044912576675 0.8831570744514465 0.8742577433586121 0.0 0.0 0.0 1.0
0.8385049700737 -0.2815438210964203 0.4665217101573944 -1.1719563007354736 0.27845287322998047 0.9573366045951843 0.07726991176605225 -0.38710659742355347 -0.46837317943573 0.06511309742927551 0.881128191947937 0.8838931322097778 0.0 0.0 0.0 1.0
0.8383082747459412 -0.2817929983139038 0.466724693775177 -1.1728501319885254 0.2788315415382385 0.9572380781173706 0.07712509483098984 -0.3913109004497528 -0.46849995851516724 0.065482959151268 0.8810333609580994 0.8938978910446167 0.0 0.0 0.0 1.0
0.8347369432449341 -0.2890826463699341 0.4686634838581085 -1.1750072240829468 0.2841719686985016 0.9551711082458496 0.0830330178141594 -0.39624083042144775 -0.4716572165489197 0.06387029588222504 0.8794657588005066 0.9067952632904053 0.0 0.0 0.0 1.0
0.831459641456604 -0.2893514335155487 0.47428956627845764 -1.1765024662017822 0.28352391719818115 0.9551312923431396 0.08566475659608841 -0.39967671036720276 -0.4777960181236267 0.06324564665555954 0.8761911392211914 0.9164155125617981 0.0 0.0 0.0 1.0
0.8273727297782898 -0.2870405912399292 0.4827650487422943 -1.1780000925064087 0.2798878848552704 0.9559268951416016 0.08869366347789764 -0.40302518010139465 -0.4869467616081238 0.06173737347126007 0.8712469935417175 0.9260842204093933 0.0 0.0 0.0 1.0
0.8234484195709229 -0.2829660177230835 0.4917955994606018 -1.1795706748962402 0.27415862679481506 0.9572968482971191 0.09175963699817657 -0.4068686068058014 -0.49675923585891724 0.05927067995071411 0.8658621311187744 0.9389088749885559 0.0 0.0 0.0 1.0
0.8194554448127747 -0.28588342666625977 0.49675291776657104 -1.1814703941345215 0.27555418014526367 0.9564896821975708 0.09590315073728561 -0.40963035821914673 -0.5025561451911926 0.05829398334026337 0.8625770211219788 0.9483245015144348 0.0 0.0 0.0 1.0
0.8124830722808838 -0.29321593046188354 0.5038806796073914 -1.1846345663070679 0.2811824679374695 0.9542301893234253 0.10188822448253632 -0.4129818081855774 -0.510693371295929 0.058899953961372375 0.8577430248260498 0.9605938196182251 0.0 0.0 0.0 1.0
0.8081715106964111 -0.29207074642181396 0.5114229917526245 -1.1871224641799927 0.27947017550468445 0.9545583128929138 0.10351262986660004 -0.415548175573349 -0.5184161067008972 0.05927151069045067 0.8530718684196472 0.9694212675094604 0.0 0.0 0.0 1.0
0.8027629852294922 -0.2882687747478485 0.5219891667366028 -1.1897112131118774 0.27518516778945923 0.9556869268417358 0.10457348823547363 -0.41798004508018494 -0.5290035009384155 0.05969594791531563 0.8465173840522766 0.9782072901725769 0.0 0.0 0.0 1.0
0.7965431213378906 -0.28169959783554077 0.5349434018135071 -1.194164752960205 0.2707449197769165 0.9573394656181335 0.10098667442798615 -0.42119458317756653 -0.5405703186988831 0.06439296901226044 0.8388308882713318 0.9899581670761108 0.0 0.0 0.0 1.0
0.7906738519668579 -0.27620983123779297 0.5463908910751343 -1.1976611614227295 0.27011245489120483 0.9582734704017639 0.09354785084724426 -0.4235614836215973 -0.549430787563324 0.07362116128206253 0.832289457321167 0.9989932775497437 0.0 0.0 0.0 1.0
0.7837387919425964 -0.2719504237174988 0.5583873987197876 -1.2015635967254639 0.2687062919139862 0.959015965461731 0.08991833031177521 -0.42530280351638794 -0.5599557757377625 0.0795697271823883 0.8246927857398987 1.0079110860824585 0.0 0.0 0.0 1.0
0.7756998538970947 -0.26811692118644714 0.5713169574737549 -1.206549882888794 0.26910972595214844 0.9593650102615356 0.08484538644552231 -0.4272521436214447 -0.5708500146865845 0.08793240785598755 0.8163321614265442 1.0202410221099854 0.0 0.0 0.0 1.0
0.7738457918167114 -0.26393643021583557 0.575760543346405 -1.2106690406799316 0.27055054903030396 0.9596775770187378 0.07629814743995667 -0.4281998872756958 -0.5726823210716248 0.0967293307185173 0.8140506148338318 1.0293670892715454 0.0 0.0 0.0 1.0
0.767410933971405 -0.27105623483657837 0.5810413360595703 -1.216392993927002 0.2764759659767151 0.9575549960136414 0.08154424279928207 -0.42871201038360596 -0.5784820914268494 0.09806601703166962 0.8097786903381348 1.0423680543899536 0.0 0.0 0.0 1.0
0.7608532309532166 -0.2766328752040863 0.5870064496994019 -1.2204408645629883 0.2814616560935974 0.9557479619979858 0.0855872705578804 -0.4287453293800354 -0.5847064852714539 0.10010046511888504 0.805045485496521 1.0521175861358643 0.0 0.0 0.0 1.0
0.7548440098762512 -0.27624380588531494 0.5948948860168457 -1.2249820232391357 0.28581371903419495 0.9548774361610413 0.08074399828910828 -0.42891204357147217 -0.590356707572937 0.1090800017118454 0.7997377514839172 1.0616700649261475 0.0 0.0 0.0 1.0
0.7483250498771667 -0.28303471207618713 0.5999174118041992 -1.2309131622314453 0.2937885820865631 0.9522767663002014 0.08280808478593826 -0.4286597669124603 -0.5947250127792358 0.1142815351486206 0.7957649827003479 1.0745198726654053 0.0 0.0 0.0 1.0
0.743848979473114 -0.28659531474113464 0.6037812829017639 -1.2349624633789062 0.29753753542900085 0.9509351253509521 0.08481644093990326 -0.4287416636943817 -0.5984647870063782 0.11655695736408234 0.7926250100135803 1.0843569040298462 0.0 0.0 0.0 1.0
0.7405281662940979 -0.2894356846809387 0.6065022945404053 -1.2389029264450073 0.3001859784126282 0.949923038482666 0.08680175989866257 -0.42903581261634827 -0.6012540459632874 0.11778434365987778 0.7903292775154114 1.093963384628296 0.0 0.0 0.0 1.0
0.7380424737930298 -0.2945496737957001 0.6070698499679565 -1.243914246559143 0.30596527457237244 0.9479689598083496 0.08797765523195267 -0.42979055643081665 -0.6013972163200378 0.12081105262041092 0.789763331413269 1.1066131591796875 0.0 0.0 0.0 1.0
0.7346214056015015 -0.3004037141799927 0.6083494424819946 -1.247646450996399 0.3133058249950409 0.9455140233039856 0.08855890482664108 -0.43048009276390076 -0.6018063426017761 0.12554216384887695 0.7887130379676819 1.1161181926727295 0.0 0.0 0.0 1.0
0.7323446869850159 -0.30580779910087585 0.608401894569397 -1.2514811754226685 0.3180859386920929 0.9436430931091309 0.09142787754535675 -0.431083619594574 -0.602073609828949 0.12656737864017487 0.7883451581001282 1.125669240951538 0.0 0.0 0.0 1.0
0.7293662428855896 -0.31196925044059753 0.608851432800293 -1.2570878267288208 0.3267633318901062 0.9407544732093811 0.09059077501296997 -0.4322061836719513 -0.6010412573814392 0.1328764706850052 0.788094699382782 1.1383330821990967 0.0 0.0 0.0 1.0
0.7281438112258911 -0.31625521183013916 0.6081029772758484 -1.2632849216461182 0.330687552690506 0.9391980171203613 0.0924813374876976 -0.43336647748947144 -0.6003768444061279 0.13375237584114075 0.7884529232978821 1.1506226062774658 0.0 0.0 0.0 1.0
0.726859986782074 -0.3178485929965973 0.6088077425956726 -1.2678978443145752 0.3351946175098419 0.93789142370224 0.08946653455495834 -0.4346320927143097 -0.5994323492050171 0.13903944194316864 0.7882568836212158 1.1596778631210327 0.0 0.0 0.0 1.0
0.7285677790641785 -0.31719619035720825 0.6071042418479919 -1.2730002403259277 0.3353201448917389 0.9380151629447937 0.08768082410097122 -0.43606996536254883 -0.5972850322723389 0.13969285786151886 0.7897698879241943 1.1684001684188843 0.0 0.0 0.0 1.0
0.7285098433494568 -0.3101671040058136 0.6107943654060364 -1.2797534465789795 0.33244335651397705 0.939667820930481 0.08065858483314514 -0.43867623805999756 -0.5989614725112915 0.14429396390914917 0.7876702547073364 1.179762363433838 0.0 0.0 0.0 1.0
0.7282620072364807 -0.30662745237350464 0.6128736138343811 -1.2844412326812744 0.329643189907074 0.9407958984375 0.07898402214050293 -0.4406328797340393 -0.6008076071739197 0.14450854063034058 0.7862235903739929 1.1882038116455078 0.0 0.0 0.0 1.0
0.7284683585166931 -0.2989541292190552 0.616409182548523 -1.2888259887695312 0.3250678479671478 0.9428598880767822 0.07311733067035675 -0.4424881935119629 -0.603046178817749 0.14711114764213562 0.7840240001678467 1.1964778900146484 0.0 0.0 0.0 1.0
0.7301557064056396 -0.28924840688705444 0.6190379858016968 -1.2948660850524902 0.3196418881416321 0.9453275203704834 0.06469092518091202 -0.4451525807380676 -0.6039053797721863 0.15063601732254028 0.7826921939849854 1.2073627710342407 0.0 0.0 0.0 1.0
0.7302086353302002 -0.2801447808742523 0.6231486201286316 -1.298453688621521 0.3133374750614166 0.9478115439414978 0.058930907398462296 -0.4469091296195984 -0.6071366667747498 0.15222397446632385 0.7798800468444824 1.2157056331634521 0.0 0.0 0.0 1.0
0.7291025519371033 -0.27471911907196045 0.6268483996391296 -1.3020431995391846 0.30889400839805603 0.9493991136550903 0.05679631605744362 -0.44839373230934143 -0.6107323169708252 0.15221937000751495 0.7770683765411377 1.223970651626587 0.0 0.0 0.0 1.0
0.7275955677032471 -0.273867130279541 0.6289685368537903 -1.3062912225723267 0.30974191427230835 0.9492284059524536 0.05500371381640434 -0.4502653479576111 -0.6120985150337219 0.15479746460914612 0.7754825353622437 1.234755039215088 0.0 0.0 0.0 1.0
0.7278689742088318 -0.2810164988040924 0.6254889369010925 -1.3090863227844238 0.3157365620136261 0.9470677971839905 0.05807749554514885 -0.4512433111667633 -0.6087011694908142 0.15521693229675293 0.778068482875824 1.2429721355438232 0.0 0.0 0.0 1.0
0.726474404335022 -0.28592485189437866 0.6248855590820312 -1.3109757900238037 0.31866657733917236 0.9458173513412476 0.062298767268657684 -0.452014297246933 -0.6088403463363647 0.15387167036533356 0.7782267928123474 1.2508623600006104 0.0 0.0 0.0 1.0
0.7229806780815125 -0.28521838784217834 0.6292451620101929 -1.313620924949646 0.31929904222488403 0.94563889503479 0.06176697462797165 -0.4527561366558075 -0.612655758857727 0.15626104176044464 0.7747486233711243 1.2609292268753052 0.0 0.0 0.0 1.0
0.7198922634124756 -0.2874239385128021 0.6317774057388306 -1.3157014846801758 0.32087305188179016 0.9449390769004822 0.06426959484815598 -0.4529182016849518 -0.6154637932777405 0.15645316243171692 0.7724809050559998 1.2681246995925903 0.0 0.0 0.0 1.0
0.7183113694190979 -0.2959426939487457 0.6296401619911194 -1.3176836967468262 0.32599544525146484 0.9426881074905396 0.07117627561092377 -0.4531274139881134 -0.6146184206008911 0.15413309633731842 0.773619532585144 1.2754101753234863 0.0 0.0 0.0 1.0
0.7146155834197998 -0.30048036575317383 0.6316930651664734 -1.320119023323059 0.33122703433036804 0.9407400488853455 0.07277889549732208 -0.45288562774658203 -0.616127610206604 0.1572248786687851 0.7717947363853455 1.284539818763733 0.0 0.0 0.0 1.0
0.7127777934074402 -0.3055771589279175 0.6313243508338928 -1.3224836587905884 0.3369689881801605 0.9386135339736938 0.07386831194162369 -0.4523819386959076 -0.6151420474052429 0.1600850224494934 0.7719929218292236 1.2907272577285767 0.0 0.0 0.0 1.0
0.709416925907135 -0.3078380227088928 0.6340057849884033 -1.325019359588623 0.3411676585674286 0.937142014503479 0.07327666133642197 -0.4522891342639923 -0.6167108416557312 0.16431857645511627 0.7698488235473633 1.295997142791748 0.0 0.0 0.0 1.0
0.7073298692703247 -0.30768564343452454 0.6364070773124695 -1.328729510307312 0.3436598479747772 0.9364232420921326 0.07077721506357193 -0.45160946249961853 -0.6177235245704651 0.1686447262763977 0.7680993676185608 1.3038605451583862 0.0 0.0 0.0 1.0
0.7021864056587219 -0.3054063022136688 0.6431650519371033 -1.331446647644043 0.34501975774765015 0.936140239238739 0.06784409284591675 -0.4517623484134674 -0.6228126883506775 0.17426544427871704 0.7627161741256714 1.3085331916809082 0.0 0.0 0.0 1.0
0.701050341129303 -0.31673192977905273 0.638912558555603 -1.3359174728393555 0.35095614194869995 0.9331775307655334 0.07752109318971634 -0.4513466954231262 -0.6207722425460815 0.1698841005563736 0.7653634548187256 1.3149782419204712 0.0 0.0 0.0 1.0
0.7012154459953308 -0.32017338275909424 0.6370132565498352 -1.3396286964416504 0.35215502977371216 0.9324294328689575 0.08100700378417969 -0.45150408148765564 -0.6199061870574951 0.167524054646492 0.7665846347808838 1.3194023370742798 0.0 0.0 0.0 1.0
0.698562741279602 -0.3164452910423279 0.6417729258537292 -1.34323251247406 0.3505926728248596 0.9332289099693298 0.07854010909795761 -0.45192229747772217 -0.6237747073173523 0.17013567686080933 0.7628623843193054 1.3236833810806274 0.0 0.0 0.0 1.0
0.6968621611595154 -0.3172945976257324 0.6432008147239685 -1.3484646081924438 0.3439429998397827 0.9348098039627075 0.08850926905870438 -0.4519551992416382 -0.629353940486908 0.1595456600189209 0.7605648040771484 1.328836441040039 0.0 0.0 0.0 1.0
0.6958341002464294 -0.3165585398674011 0.6446748375892639 -1.352540373802185 0.3407849073410034 0.935666561126709 0.09161746501922607 -0.45265254378318787 -0.6322029232978821 0.15594489872455597 0.7589470744132996 1.3321534395217896 0.0 0.0 0.0 1.0
0.6921253800392151 -0.32022443413734436 0.646852970123291 -1.3584221601486206 0.3421325981616974 0.9346699714660645 0.09663013368844986 -0.45425912737846375 -0.635537326335907 0.15442930161952972 0.7564679980278015 1.3361923694610596 0.0 0.0 0.0 1.0
0.6878499984741211 -0.323706716299057 0.6496740579605103 -1.3626776933670044 0.34747079014778137 0.9326781034469604 0.09682765603065491 -0.4559791088104248 -0.6372805237770081 0.15913984179496765 0.7540212273597717 1.339281439781189 0.0 0.0 0.0 1.0
0.6858353614807129 -0.32969045639038086 0.6487943530082703 -1.3677083253860474 0.35310858488082886 0.9302804470062256 0.09946174174547195 -0.4577590823173523 -0.6363522410392761 0.16088047623634338 0.7544357180595398 1.341408371925354 0.0 0.0 0.0 1.0
0.6824798583984375 -0.3342331349849701 0.6500072479248047 -1.3751509189605713 0.35904961824417114 0.9279292225837708 0.10015358775854111 -0.4606510102748871 -0.6366353631019592 0.1650320589542389 0.7532992959022522 1.3445918560028076 0.0 0.0 0.0 1.0
0.6792808175086975 -0.3367600440979004 0.652050793170929 -1.3806874752044678 0.359095960855484 0.9273900389671326 0.10487055033445358 -0.46263229846954346 -0.6400216221809387 0.1629122495651245 0.750887393951416 1.3470557928085327 0.0 0.0 0.0 1.0
0.6745776534080505 -0.3373272716999054 0.6566241979598999 -1.3869212865829468 0.3576755225658417 0.9274616837501526 0.10900939255952835 -0.46471092104911804 -0.6457656025886536 0.16132310032844543 0.746298611164093 1.3494536876678467 0.0 0.0 0.0 1.0
0.6661489605903625 -0.3445691466331482 0.6614511609077454 -1.4021762609481812 0.3620932698249817 0.9247611165046692 0.11706996709108353 -0.4705394208431244 -0.6520230174064636 0.16152097284793854 0.740794837474823 1.3546452522277832 0.0 0.0 0.0 1.0
0.660807192325592 -0.35292619466781616 0.6624024510383606 -1.4167218208312988 0.3670251667499542 0.9217769503593445 0.12497898936271667 -0.47588223218917847 -0.6546956896781921 0.16053134202957153 0.7386496067047119 1.359203815460205 0.0 0.0 0.0 1.0
0.6591459512710571 -0.35895803570747375 0.6608144640922546 -1.4248402118682861 0.3684499263763428 0.9201814532279968 0.13232800364494324 -0.4790172576904297 -0.6555694341659546 0.15625359117984772 0.7387919425964355 1.3615540266036987 0.0 0.0 0.0 1.0
0.6560717821121216 -0.3611093759536743 0.6626989245414734 -1.435559630393982 0.3668026328086853 0.9199809432029724 0.13816969096660614 -0.48375269770622253 -0.659564733505249 0.1524304747581482 0.7360293865203857 1.3648004531860352 0.0 0.0 0.0 1.0
0.657000720500946 -0.3544773459434509 0.6653539538383484 -1.4439523220062256 0.364122211933136 0.9219985008239746 0.13165776431560516 -0.48790210485458374 -0.6601250171661377 0.1557709127664566 0.7348267436027527 1.3666969537734985 0.0 0.0 0.0 1.0
0.6571645140647888 -0.3539285659790039 0.6654843091964722 -1.45243501663208 0.3677141070365906 0.9212485551834106 0.12683622539043427 -0.4924025535583496 -0.6579674482345581 0.16135570406913757 0.735556423664093 1.3683968782424927 0.0 0.0 0.0 1.0
0.6578527092933655 -0.3535522520542145 0.6650041937828064 -1.4641064405441284 0.37118014693260193 0.9204859733581543 0.12219175696372986 -0.49862852692604065 -0.6553282141685486 0.16645218431949615 0.736775815486908 1.3705700635910034 0.0 0.0 0.0 1.0
0.6601512432098389 -0.3517375588417053 0.6636874675750732 -1.473393440246582 0.37249433994293213 0.9205818772315979 0.117375448346138 -0.5032860040664673 -0.6522639989852905 0.16973426938056946 0.7387434840202332 1.3725119829177856 0.0 0.0 0.0 1.0
0.6627984642982483 -0.35193783044815063 0.6609371900558472 -1.482879638671875 0.37515029311180115 0.9199692010879517 0.1136612519621849 -0.5077617764472961 -0.6480435729026794 0.17261627316474915 0.7417837381362915 1.374322533607483 0.0 0.0 0.0 1.0
0.6668603420257568 -0.3470008671283722 0.659460186958313 -1.495373249053955 0.37193307280540466 0.9218428134918213 0.10895705968141556 -0.5137173533439636 -0.6457267999649048 0.1726158857345581 0.743801474571228 1.3772035837173462 0.0 0.0 0.0 1.0
0.6716153025627136 -0.34100890159606934 0.6577581763267517 -1.5046706199645996 0.3649730384349823 0.9248688817024231 0.10682808607816696 -0.51820969581604 -0.6447694301605225 0.16831663250923157 0.7456151247024536 1.379465937614441 0.0 0.0 0.0 1.0
0.6754903197288513 -0.3363926112651825 0.6561652421951294 -1.513874888420105 0.35827845335006714 0.927501380443573 0.106666699051857 -0.5222538709640503 -0.644476056098938 0.16303755342960358 0.7470403909683228 1.3817498683929443 0.0 0.0 0.0 1.0
0.6811712980270386 -0.32901495695114136 0.6540296673774719 -1.5257658958435059 0.3445914685726166 0.932274341583252 0.11009655892848969 -0.5272783637046814 -0.6459585428237915 0.15037842094898224 0.7484142780303955 1.38401460647583 0.0 0.0 0.0 1.0
0.681607723236084 -0.32227054238319397 0.6569266319274902 -1.5341459512710571 0.3357388377189636 0.935445249080658 0.11055153608322144 -0.531359851360321 -0.6501463651657104 0.14520300924777985 0.7458054423332214 1.3853769302368164 0.0 0.0 0.0 1.0
0.6837902665138245 -0.31506094336509705 0.6581546068191528 -1.5424995422363281 0.32881584763526917 0.9382532835006714 0.10752171277999878 -0.5357618927955627 -0.6513916254043579 0.1428893506526947 0.7451654672622681 1.3858753442764282 0.0 0.0 0.0 1.0
0.6858755946159363 -0.3122187852859497 0.6573386788368225 -1.5529478788375854 0.3239070773124695 0.9398539662361145 0.10843741148710251 -0.5413785576820374 -0.6516585350036621 0.1385420709848404 0.7457528114318848 1.3868067264556885 0.0 0.0 0.0 1.0
0.6829482913017273 -0.3156570494174957 0.6587429046630859 -1.560021162033081 0.32415571808815 0.9391169548034668 0.11394018679857254 -0.544878363609314 -0.6546026468276978 0.13572002947330475 0.7436904311180115 1.3875997066497803 0.0 0.0 0.0 1.0
0.6834792494773865 -0.31651899218559265 0.6577779650688171 -1.567383050918579 0.3252474069595337 0.9387600421905518 0.11377019435167313 -0.5486835241317749 -0.6535061001777649 0.13618099689483643 0.7445700168609619 1.388103723526001 0.0 0.0 0.0 1.0
0.6830196380615234 -0.31929337978363037 0.6569139361381531 -1.5770477056503296 0.3278648853302002 0.9377135634422302 0.1148819625377655 -0.5533079504966736 -0.6526781320571899 0.13691237568855286 0.7451618909835815 1.3891421556472778 0.0 0.0 0.0 1.0
0.6800640225410461 -0.3189762532711029 0.6601265072822571 -1.5840225219726562 0.3254857659339905 0.9381545782089233 0.11800441890954971 -0.5563499331474304 -0.656941294670105 0.13461123406887054 0.7418274283409119 1.3897335529327393 0.0 0.0 0.0 1.0
0.6774629950523376 -0.31195294857025146 0.666130006313324 -1.5912976264953613 0.32069921493530273 0.9402737617492676 0.11418087035417557 -0.5595806241035461 -0.6619636416435242 0.1362740695476532 0.7370437383651733 1.3904436826705933 0.0 0.0 0.0 1.0
0.6735026836395264 -0.30880865454673767 0.671588659286499 -1.6007825136184692 0.3167676627635956 0.9414767622947693 0.11523764580488205 -0.5631824135780334 -0.6678715348243713 0.13512469828128815 0.7319077253341675 1.3917100429534912 0.0 0.0 0.0 1.0
0.6722864508628845 -0.30994313955307007 0.6722843050956726 -1.6082829236984253 0.3162909746170044 0.941333532333374 0.11769089847803116 -0.5657263398170471 -0.6693212389945984 0.13351546227931976 0.7308779954910278 1.39302659034729 0.0 0.0 0.0 1.0
0.6680199503898621 -0.30793702602386475 0.6774393916130066 -1.6185837984085083 0.3141822814941406 0.9419553875923157 0.11836173385381699 -0.568863570690155 -0.6745656132698059 0.13377144932746887 0.7259933948516846 1.394651174545288 0.0 0.0 0.0 1.0
0.6653745174407959 -0.307953417301178 0.6800304651260376 -1.6263982057571411 0.31176096200942993 0.9423348903656006 0.12169668823480606 -0.5707027912139893 -0.6782933473587036 0.1310330629348755 0.7230134606361389 1.3961247205734253 0.0 0.0 0.0 1.0
0.6628233790397644 -0.30988264083862305 0.681643545627594 -1.635103464126587 0.31195011734962463 0.941860556602478 0.12484297156333923 -0.5727684497833252 -0.68069988489151 0.12988995015621185 0.7209551334381104 1.3973426818847656 0.0 0.0 0.0 1.0
0.6601632237434387 -0.31179484724998474 0.6833509206771851 -1.647301435470581 0.31336382031440735 0.941144585609436 0.12668856978416443 -0.5756995677947998 -0.6826328635215759 0.13050232827663422 0.7190142869949341 1.3987054824829102 0.0 0.0 0.0 1.0
0.6572710871696472 -0.3074367642402649 0.6880969405174255 -1.6568957567214966 0.30999869108200073 0.9424858689308167 0.1249847561120987 -0.5779431462287903 -0.6869465112686157 0.13116027414798737 0.7147737145423889 1.3995802402496338 0.0 0.0 0.0 1.0
0.6536248922348022 -0.3060731589794159 0.6921659708023071 -1.6668800115585327 0.3105683922767639 0.9424950480461121 0.12349233031272888 -0.5805420875549316 -0.6901606917381287 0.13424721360206604 0.711094856262207 1.4002509117126465 0.0 0.0 0.0 1.0
0.6532772183418274 -0.3125801682472229 0.6895813941955566 -1.6815637350082397 0.31728896498680115 0.9399877190589905 0.12550202012062073 -0.5840817093849182 -0.6874275207519531 0.13680897653102875 0.7132508158683777 1.4013469219207764 0.0 0.0 0.0 1.0
0.6532586216926575 -0.31341585516929626 0.68921959400177 -1.6927490234375 0.3217521607875824 0.9389303922653198 0.12200506031513214 -0.5867462158203125 -0.6853675842285156 0.14205704629421234 0.7142066359519958 1.4020745754241943 0.0 0.0 0.0 1.0
0.650151252746582 -0.3129647970199585 0.6923556923866272 -1.7075363397598267 0.32066699862480164 0.9391206502914429 0.1233898177742958 -0.5897433757781982 -0.6888222098350525 0.14179357886314392 0.7109279632568359 1.4030123949050903 0.0 0.0 0.0 1.0
0.6482667326927185 -0.3107720613479614 0.6951050162315369 -1.718634009361267 0.3182966113090515 0.9399279356002808 0.12338030338287354 -0.5919694304466248 -0.6916917562484741 0.14126621186733246 0.7082417011260986 1.4039851427078247 0.0 0.0 0.0 1.0
0.6490617990493774 -0.30906227231025696 0.6951253414154053 -1.7299273014068604 0.3171282708644867 0.940497100353241 0.1220446527004242 -0.5945575833320618 -0.6914827823638916 0.14122937619686127 0.7084531188011169 1.4049822092056274 0.0 0.0 0.0 1.0
0.6472599506378174 -0.3105335831642151 0.6961490511894226 -1.7441076040267944 0.319391667842865 0.939708411693573 0.12221750617027283 -0.5978084802627563 -0.6921297311782837 0.14323769509792328 0.7074174284934998 1.4057897329330444 0.0 0.0 0.0 1.0
0.6463039517402649 -0.30937817692756653 0.6975502371788025 -1.7546894550323486 0.31924721598625183 0.9399054050445557 0.12107441574335098 -0.6001828908920288 -0.6930890679359436 0.14444009959697723 0.7062327265739441 1.40623140335083 0.0 0.0 0.0 1.0
0.6473342776298523 -0.3088153004646301 0.6968439221382141 -1.7658742666244507 0.3221244812011719 0.9394294023513794 0.11708211898803711 -0.6026628613471985 -0.690792441368103 0.1486792266368866 0.7076018452644348 1.4068328142166138 0.0 0.0 0.0 1.0
0.6498944759368896 -0.3110395073890686 0.6934635043144226 -1.7807542085647583 0.3283134698867798 0.9377922415733337 0.11294228583574295 -0.6059237122535706 -0.6854541897773743 0.15427283942699432 0.7115844488143921 1.4076225757598877 0.0 0.0 0.0 1.0
0.6482365727424622 -0.31486159563064575 0.6932903528213501 -1.7915483713150024 0.33072277903556824 0.9365577697753906 0.11611218750476837 -0.6078638434410095 -0.6858657002449036 0.15401872992515564 0.7112429141998291 1.408301830291748 0.0 0.0 0.0 1.0
0.6493821740150452 -0.3130802512168884 0.6930249333381653 -1.802551031112671 0.33168959617614746 0.9366747736930847 0.11234955489635468 -0.6099136471748352 -0.6843134164810181 0.15691137313842773 0.7121053338050842 1.4093741178512573 0.0 0.0 0.0 1.0
0.6503759622573853 -0.31288596987724304 0.6921802163124084 -1.8166645765304565 0.3317890167236328 0.9367202520370483 0.1116747036576271 -0.6123957633972168 -0.6833207011222839 0.1570272594690323 0.7130324840545654 1.4110673666000366 0.0 0.0 0.0 1.0
0.6500948667526245 -0.31434065103530884 0.6917850375175476 -1.8268868923187256 0.3313426375389099 0.9365742206573486 0.11419616639614105 -0.6140553951263428 -0.6838045716285706 0.15497954189777374 0.7130165696144104 1.4127131700515747 0.0 0.0 0.0 1.0
0.6506429314613342 -0.31298089027404785 0.6918863654136658 -1.8368128538131714 0.3303852677345276 0.937035083770752 0.1131850928068161 -0.6154873371124268 -0.6837465167045593 0.154945969581604 0.7130795121192932 1.4143762588500977 0.0 0.0 0.0 1.0
0.6520076990127563 -0.31504026055336 0.6896634101867676 -1.8492578268051147 0.3318684697151184 0.9364110827445984 0.11400692909955978 -0.6172654032707214 -0.681725263595581 0.1545441597700119 0.7150991559028625 1.4169471263885498 0.0 0.0 0.0 1.0
0.6499122977256775 -0.32111117243766785 0.6888408064842224 -1.8578016757965088 0.33449867367744446 0.9347081780433655 0.1201300397515297 -0.618065595626831 -0.6824402213096619 0.15234233438968658 0.7148895859718323 1.41898512840271 0.0 0.0 0.0 1.0
0.6516340970993042 -0.3192749619483948 0.6880672574043274 -1.866441011428833 0.33362212777137756 0.9352884292602539 0.11803299933671951 -0.6192265748977661 -0.6812263131141663 0.15264013409614563 0.7159830331802368 1.4210498332977295 0.0 0.0 0.0 1.0
0.6499046683311462 -0.3212796151638031 0.6887694597244263 -1.8771915435791016 0.3343307077884674 0.9347159266471863 0.12053683400154114 -0.6203007102012634 -0.6825298070907593 0.1519393026828766 0.7148898839950562 1.4234693050384521 0.0 0.0 0.0 1.0
0.645139217376709 -0.32810136675834656 0.6900325417518616 -1.8848347663879395 0.3399538993835449 0.9320518970489502 0.12534181773662567 -0.6212241053581238 -0.684270977973938 0.1537163257598877 0.712842583656311 1.42556893825531 0.0 0.0 0.0 1.0
0.6442903280258179 -0.33157041668891907 0.6891669034957886 -1.89266836643219 0.3436070382595062 0.9305579662322998 0.12647561728954315 -0.6221795082092285 -0.6832453608512878 0.1553155928850174 0.7134793996810913 1.4273042678833008 0.0 0.0 0.0 1.0
0.643349826335907 -0.3330507278442383 0.6893317103385925 -1.9028122425079346 0.34597280621528625 0.9297058582305908 0.1262928694486618 -0.6236919164657593 -0.6829376220703125 0.15723952651023865 0.7133525609970093 1.4297196865081787 0.0 0.0 0.0 1.0
0.6383790969848633 -0.33554136753082275 0.6927366852760315 -1.9103481769561768 0.34673330187797546 0.9288572072982788 0.13038533926010132 -0.6248761415481567 -0.6872031688690186 0.15695960819721222 0.7093063592910767 1.4316762685775757 0.0 0.0 0.0 1.0
0.6350885033607483 -0.3380582332611084 0.6945352554321289 -1.9176840782165527 0.3483217656612396 0.9278737306594849 0.13312529027462006 -0.626057505607605 -0.6894451379776001 0.15737541019916534 0.7070349454879761 1.433638095855713 0.0 0.0 0.0 1.0
0.6319434642791748 -0.3443082273006439 0.6943337321281433 -1.927825689315796 0.3573856055736542 0.9244195818901062 0.13313159346580505 -0.6281622648239136 -0.6876939535140991 0.16401322185993195 0.7072317004203796 1.4362964630126953 0.0 0.0 0.0 1.0
0.6285861730575562 -0.3523050546646118 0.6933690309524536 -1.935165286064148 0.36415934562683105 0.9210755228996277 0.1378689408302307 -0.6296252608299255 -0.6872171759605408 0.16583430767059326 0.7072705030441284 1.4385592937469482 0.0 0.0 0.0 1.0
0.6253637671470642 -0.3577139675617218 0.6935133934020996 -1.9424983263015747 0.3678356409072876 0.9189385175704956 0.14229871332645416 -0.6312144994735718 -0.688198447227478 0.16611048579216003 0.7062508463859558 1.4406377077102661 0.0 0.0 0.0 1.0
0.6208271384239197 -0.3547939956188202 0.6990671753883362 -1.951546549797058 0.36986953020095825 0.9188016057014465 0.13784119486808777 -0.6334978938102722 -0.6912092566490173 0.17298807203769684 0.7016444206237793 1.4436736106872559 0.0 0.0 0.0 1.0
0.616968035697937 -0.3582655191421509 0.7007112503051758 -1.9582890272140503 0.37311282753944397 0.9171038269996643 0.1403830647468567 -0.6353698968887329 -0.6929193735122681 0.17483249306678772 0.6994972229003906 1.4462916851043701 0.0 0.0 0.0 1.0
0.6143903136253357 -0.3606574833393097 0.7017483711242676 -1.9647406339645386 0.3739844560623169 0.9162691235542297 0.14348004758358002 -0.6370239853858948 -0.6947374939918518 0.1742902398109436 0.697827160358429 1.4491503238677979 0.0 0.0 0.0 1.0
0.6100975871086121 -0.361132949590683 0.7052403092384338 -1.9728978872299194 0.3731067180633545 0.9161695241928101 0.14637205004692078 -0.6399063467979431 -0.6989794373512268 0.17382867634296417 0.6936939358711243 1.452898621559143 0.0 0.0 0.0 1.0
0.6064367294311523 -0.3611346483230591 0.708389937877655 -1.978442668914795 0.3722755014896393 0.9161860346794128 0.1483716368675232 -0.6423149108886719 -0.702599048614502 0.17373819649219513 0.6900504231452942 1.4559259414672852 0.0 0.0 0.0 1.0
0.6019202470779419 -0.3599604368209839 0.7128257155418396 -1.985606074333191 0.36960312724113464 0.9168559908866882 0.15089277923107147 -0.6456977725028992 -0.7078739404678345 0.1726371943950653 0.6849166750907898 1.460214376449585 0.0 0.0 0.0 1.0
0.5994389653205872 -0.35929420590400696 0.7152486443519592 -1.9912476539611816 0.3698213994503021 0.9168150424957275 0.15060633420944214 -0.648836076259613 -0.7098627090454102 0.17423494160175323 0.6824493408203125 1.4635212421417236 0.0 0.0 0.0 1.0
0.5953308939933777 -0.36216261982917786 0.7172303199768066 -1.996293306350708 0.37244293093681335 0.9153467416763306 0.15305766463279724 -0.6519269943237305 -0.7119461894035339 0.17600741982460022 0.6798191070556641 1.4669790267944336 0.0 0.0 0.0 1.0
0.5894238948822021 -0.3643271327018738 0.7210028767585754 -2.003154754638672 0.37508663535118103 0.9139105677604675 0.15516912937164307 -0.6564029455184937 -0.7154645323753357 0.17897814512252808 0.6753349900245667 1.4718096256256104 0.0 0.0 0.0 1.0
0.5857930183410645 -0.3668029308319092 0.7227047681808472 -2.0086240768432617 0.3800388276576996 0.9119255542755127 0.1547974944114685 -0.6595868468284607 -0.7158331274986267 0.18397659063339233 0.6735989451408386 1.4762381315231323 0.0 0.0 0.0 1.0
0.5834041833877563 -0.36684107780456543 0.724615216255188 -2.0140976905822754 0.3803965151309967 0.9116935729980469 0.1552848070859909 -0.6629164218902588 -0.7175918221473694 0.18504729866981506 0.6714308857917786 1.480928897857666 0.0 0.0 0.0 1.0
0.5772227048873901 -0.3683072626590729 0.7288098335266113 -2.021812915802002 0.38210397958755493 0.9105915427207947 0.15754231810569763 -0.6671315431594849 -0.7216720581054688 0.18754412233829498 0.6663457751274109 1.4877198934555054 0.0 0.0 0.0 1.0
0.5761280655860901 -0.3668254613876343 0.7304214835166931 -2.0282068252563477 0.38135242462158203 0.9110448360443115 0.15674050152301788 -0.6704640984535217 -0.7229431867599487 0.18824541568756104 0.6647682785987854 1.4931937456130981 0.0 0.0 0.0 1.0
0.5713865160942078 -0.36718252301216125 0.7339580655097961 -2.036952495574951 0.38168495893478394 0.9106153249740601 0.15841828286647797 -0.6745184659957886 -0.7265218496322632 0.1896226853132248 0.6604613661766052 1.5010857582092285 0.0 0.0 0.0 1.0
0.567168116569519 -0.36634689569473267 0.7376382946968079 -2.0434601306915283 0.3828975558280945 0.9102379083633423 0.15765927731990814 -0.6774638891220093 -0.7291843295097351 0.19302058219909668 0.6565312743186951 1.5068869590759277 0.0 0.0 0.0 1.0
0.5619834661483765 -0.367574542760849 0.7409881949424744 -2.050368309020996 0.38633209466934204 0.9087616801261902 0.15779660642147064 -0.6805995106697083 -0.7313836812973022 0.19758844375610352 0.6527148485183716 1.5128045082092285 0.0 0.0 0.0 1.0
0.5622929930686951 -0.37543022632598877 0.7368030548095703 -2.0589206218719482 0.399654358625412 0.9034103155136108 0.15532605350017548 -0.6845247745513916 -0.7239495515823364 0.20712779462337494 0.6580235958099365 1.520885944366455 0.0 0.0 0.0 1.0
0.5581494569778442 -0.3879792392253876 0.7334448099136353 -2.0652341842651367 0.4102097749710083 0.8973907828330994 0.16253525018692017 -0.6871565580368042 -0.7212468981742859 0.21014727652072906 0.6600310802459717 1.5267504453659058 0.0 0.0 0.0 1.0
0.5542775392532349 -0.3942200541496277 0.7330531477928162 -2.0713555812835693 0.41379424929618835 0.8946852684020996 0.16826340556144714 -0.6900282502174377 -0.7221847176551819 0.21006856858730316 0.6590299606323242 1.5330569744110107 0.0 0.0 0.0 1.0
0.547205924987793 -0.396292120218277 0.7372368574142456 -2.0788087844848633 0.4118225574493408 0.8942937850952148 0.17504526674747467 -0.6941224336624146 -0.7286754250526428 0.2078249603509903 0.6525648832321167 1.5412925481796265 0.0 0.0 0.0 1.0
0.5422949194908142 -0.39825236797332764 0.7398048639297485 -2.0839061737060547 0.411507248878479 0.8935782313346863 0.17938697338104248 -0.697028636932373 -0.7325148582458496 0.20715442299842834 0.6484667062759399 1.546682596206665 0.0 0.0 0.0 1.0
0.5357586741447449 -0.4002748727798462 0.7434666752815247 -2.088895082473755 0.41323885321617126 0.8921413421630859 0.18253065645694733 -0.7003315687179565 -0.736339807510376 0.20943692326545715 0.6433815956115723 1.5519685745239258 0.0 0.0 0.0 1.0
0.5295343995094299 -0.4054267108440399 0.745132565498352 -2.0947699546813965 0.42074596881866455 0.8882610201835632 0.18429642915725708 -0.7045407891273499 -0.7365908622741699 0.21592020988464355 0.6409464478492737 1.5571932792663574 0.0 0.0 0.0 1.0
0.5231904983520508 -0.41085317730903625 0.7466400861740112 -2.0993218421936035 0.42807313799858093 0.8842655420303345 0.18662206828594208 -0.7073138356208801 -0.7369023561477661 0.22197768092155457 0.6385145783424377 1.5607218742370605 0.0 0.0 0.0 1.0
0.5145378112792969 -0.4185549020767212 0.7483733296394348 -2.103949546813965 0.4358656406402588 0.8792738914489746 0.1920900195837021 -0.7103214859962463 -0.7384253740310669 0.22735264897346497 0.6348533630371094 1.5634324550628662 0.0 0.0 0.0 1.0
0.5020956993103027 -0.42085298895835876 0.7555016279220581 -2.108771800994873 0.44514158368110657 0.8747550845146179 0.19144845008850098 -0.7146527767181396 -0.7414504885673523 0.24017974734306335 0.6265499591827393 1.5666630268096924 0.0 0.0 0.0 1.0
0.48985812067985535 -0.42106765508651733 0.7633748054504395 -2.1127796173095703 0.44588032364845276 0.8734460473060608 0.1956598311662674 -0.7194970846176147 -0.7491527199745178 0.24452824890613556 0.6156104207038879 1.5696226358413696 0.0 0.0 0.0 1.0
0.476017564535141 -0.4247989058494568 0.7700344920158386 -2.118406057357788 0.4521661102771759 0.8692218065261841 0.199998140335083 -0.7274717092514038 -0.7542898058891296 0.25298088788986206 0.6058445572853088 1.5750484466552734 0.0 0.0 0.0 1.0
0.46838271617889404 -0.4285511374473572 0.772632896900177 -2.121124029159546 0.45459049940109253 0.8667476773262024 0.20517294108867645 -0.7314429879188538 -0.7576048374176025 0.25513210892677307 0.6007848978042603 1.5779435634613037 0.0 0.0 0.0 1.0
0.4629620611667633 -0.4275946319103241 0.7764205932617188 -2.124042510986328 0.45356589555740356 0.8668615818023682 0.20695167779922485 -0.7356016039848328 -0.7615406513214111 0.2563471496105194 0.5952663421630859 1.5809597969055176 0.0 0.0 0.0 1.0
0.4542275369167328 -0.4222276210784912 0.7844750881195068 -2.127959966659546 0.44910353422164917 0.8690069317817688 0.20768477022647858 -0.7417457699775696 -0.7694045305252075 0.25797441601753235 0.5843507647514343 1.5850296020507812 0.0 0.0 0.0 1.0
0.4475034177303314 -0.4235033690929413 0.7876455783843994 -2.131096363067627 0.44942620396614075 0.867957592010498 0.21134276688098907 -0.7459848523139954 -0.7731473445892334 0.2594119608402252 0.5787475109100342 1.5887982845306396 0.0 0.0 0.0 1.0
0.4447071850299835 -0.42361000180244446 0.789170503616333 -2.1353366374969482 0.4505046308040619 0.8673134446144104 0.21169063448905945 -0.7520360946655273 -0.774132490158081 0.26138463616371155 0.5765388011932373 1.5937148332595825 0.0 0.0 0.0 1.0
0.4399406313896179 -0.42311176657676697 0.7921039462089539 -2.139385461807251 0.4502199590206146 0.8671107292175293 0.2131219208240509 -0.7568608522415161 -0.7770162224769592 0.2628600001335144 0.5719706416130066 1.5982862710952759 0.0 0.0 0.0 1.0
0.4354759752750397 -0.4235065281391144 0.7943568825721741 -2.1430439949035645 0.4469914436340332 0.867680549621582 0.2175525277853012 -0.7611457705497742 -0.7813829779624939 0.2603318393230438 0.5671578049659729 1.6029356718063354 0.0 0.0 0.0 1.0
0.42945414781570435 -0.4215426445007324 0.7986682057380676 -2.1470134258270264 0.44257038831710815 0.8691354990005493 0.22075997292995453 -0.7651338577270508 -0.7872106432914734 0.25866061449050903 0.5598161220550537 1.6078587770462036 0.0 0.0 0.0 1.0
0.42407891154289246 -0.421718567609787 0.8014428019523621 -2.1525192260742188 0.44118842482566833 0.8690500259399414 0.2238411009311676 -0.7708133459091187 -0.7908918261528015 0.2586609721183777 0.5546031594276428 1.6151334047317505 0.0 0.0 0.0 1.0
0.4225809574127197 -0.4196701645851135 0.8033071160316467 -2.157005786895752 0.43925970792770386 0.8701144456863403 0.22349894046783447 -0.7750220894813538 -0.7927649617195129 0.25841405987739563 0.5520379543304443 1.6208401918411255 0.0 0.0 0.0 1.0
0.4188832938671112 -0.4197339713573456 0.805208146572113 -2.1619043350219727 0.43825098872184753 0.8700889348983765 0.22556883096694946 -0.7787994146347046 -0.7952816486358643 0.2583962678909302 0.5484145283699036 1.6267794370651245 0.0 0.0 0.0 1.0
0.410869300365448 -0.4192722737789154 0.8095660209655762 -2.169130325317383 0.4376757740974426 0.8696730732917786 0.22827322781085968 -0.784172773361206 -0.7997664213180542 0.26053696870803833 0.5408272743225098 1.634651780128479 0.0 0.0 0.0 1.0
0.4080410301685333 -0.41966190934181213 0.8107936978340149 -2.1749331951141357 0.4390471279621124 0.8688540458679199 0.22875820100307465 -0.7881085276603699 -0.8004624843597412 0.26263391971588135 0.5387794375419617 1.6408305168151855 0.0 0.0 0.0 1.0
0.4015393853187561 -0.4206578731536865 0.8135189414024353 -2.1828691959381104 0.44051334261894226 0.8674826622009277 0.2311316430568695 -0.7933266758918762 -0.8029409050941467 0.2655574679374695 0.533633828163147 1.6490055322647095 0.0 0.0 0.0 1.0
0.39649084210395813 -0.41954776644706726 0.8165627121925354 -2.1889760494232178 0.4398506283760071 0.8675425052642822 0.2321668118238449 -0.7972278594970703 -0.8058079481124878 0.267113596200943 0.5285109877586365 1.6553125381469727 0.0 0.0 0.0 1.0
0.389476478099823 -0.4189397096633911 0.8202424049377441 -2.195378065109253 0.43710798025131226 0.8679598569869995 0.23575904965400696 -0.8009876012802124 -0.8107063174247742 0.26671189069747925 0.5211718082427979 1.6613497734069824 0.0 0.0 0.0 1.0
0.38119515776634216 -0.41838589310646057 0.8244049549102783 -2.2042136192321777 0.44036784768104553 0.8662451505661011 0.23599891364574432 -0.8062185645103455 -0.8128753900527954 0.2730797827243805 0.5144521594047546 1.6695019006729126 0.0 0.0 0.0 1.0
0.37572577595710754 -0.41943544149398804 0.8263800740242004 -2.2109057903289795 0.4415956139564514 0.8650004267692566 0.23825959861278534 -0.8103322386741638 -0.8147536516189575 0.27540555596351624 0.5102238059043884 1.675337553024292 0.0 0.0 0.0 1.0
0.3697162866592407 -0.42256131768226624 0.8274973034858704 -2.217702627182007 0.444784551858902 0.8624169826507568 0.24166841804981232 -0.8142724633216858 -0.8157674670219421 0.2787092626094818 0.5067983269691467 1.6812676191329956 0.0 0.0 0.0 1.0
0.36014485359191895 -0.42442095279693604 0.8307602405548096 -2.2272162437438965 0.45109081268310547 0.8587170839309692 0.24315017461776733 -0.8199796080589294 -0.8165860176086426 0.28717902302742004 0.5007149577140808 1.68880033493042 0.0 0.0 0.0 1.0
0.353487491607666 -0.42558687925338745 0.833020031452179 -2.2343056201934814 0.45402011275291443 0.8566460609436035 0.24499636888504028 -0.824186384677887 -0.8178706169128418 0.2916047275066376 0.49603867530822754 1.6945773363113403 0.0 0.0 0.0 1.0
0.34402960538864136 -0.430914968252182 0.8342397212982178 -2.2444324493408203 0.46018335223197937 0.8518316149711609 0.2502281963825226 -0.8298339247703552 -0.8184588551521301 0.29781731963157654 0.49135518074035645 1.702589988708496 0.0 0.0 0.0 1.0
0.34022393822669983 -0.43066084384918213 0.8359299302101135 -2.2520291805267334 0.46158406138420105 0.8509790897369385 0.25054898858070374 -0.8342905640602112 -0.8192605376243591 0.30060917139053345 0.4883096516132355 1.7087913751602173 0.0 0.0 0.0 1.0
0.33607515692710876 -0.4307985305786133 0.8375357389450073 -2.2597362995147705 0.4625904858112335 0.8501091003417969 0.25164368748664856 -0.8385834097862244 -0.8204044699668884 0.3028648793697357 0.4849838614463806 1.7153105735778809 0.0 0.0 0.0 1.0
0.33205121755599976 -0.4329465627670288 0.8380329608917236 -2.269899368286133 0.46176961064338684 0.8493121266365051 0.2558080554008484 -0.8435607552528381 -0.8225027918815613 0.3020367920398712 0.4819366931915283 1.7243813276290894 0.0 0.0 0.0 1.0
0.32724541425704956 -0.4347062408924103 0.8390118479728699 -2.2775166034698486 0.4630460739135742 0.8477599024772644 0.2586337924003601 -0.847502589225769 -0.8237103819847107 0.303864449262619 0.47871455550193787 1.7310971021652222 0.0 0.0 0.0 1.0
0.3242684602737427 -0.4400859773159027 0.8373615145683289 -2.2850396633148193 0.4639134705066681 0.8454194068908691 0.2646702826023102 -0.8511321544647217 -0.8243993520736694 0.30263903737068176 0.4783046543598175 1.7378734350204468 0.0 0.0 0.0 1.0
0.32110610604286194 -0.44028568267822266 0.838474452495575 -2.295301675796509 0.4643682837486267 0.8448208570480347 0.2657815217971802 -0.8562468886375427 -0.8253805041313171 0.3040168881416321 0.47573181986808777 1.7469805479049683 0.0 0.0 0.0 1.0
0.31457245349884033 -0.437901109457016 0.8421916365623474 -2.30299973487854 0.4622231125831604 0.8456040024757385 0.26702743768692017 -0.8602485060691833 -0.829092264175415 0.3052809536457062 0.46841174364089966 1.752975344657898 0.0 0.0 0.0 1.0
0.3136972188949585 -0.4376757740974426 0.8426351547241211 -2.3095197677612305 0.46497440338134766 0.8445536494255066 0.26557105779647827 -0.8635823130607605 -0.8278845548629761 0.3084948658943176 0.4684421420097351 1.759475827217102 0.0 0.0 0.0 1.0
0.31380152702331543 -0.4397076666355133 0.8415377736091614 -2.3182613849639893 0.46520617604255676 0.8438366055488586 0.26743781566619873 -0.8685010075569153 -0.8277148008346558 0.30756616592407227 0.4693519175052643 1.7676886320114136 0.0 0.0 0.0 1.0
0.31040114164352417 -0.43899187445640564 0.8431709408760071 -2.3240745067596436 0.4647083878517151 0.8438472747802734 0.268268346786499 -0.8717666268348694 -0.8292751312255859 0.3085578382015228 0.4659343659877777 1.7738962173461914 0.0 0.0 0.0 1.0
0.3057396113872528 -0.4416622221469879 0.843479573726654 -2.329585552215576 0.4625987112522125 0.84321528673172 0.2738437354564667 -0.8747949600219727 -0.8321813344955444 0.3064676523208618 0.46211668848991394 1.7798975706100464 0.0 0.0 0.0 1.0
0.3018597960472107 -0.4452179968357086 0.8430074453353882 -2.335731029510498 0.46065306663513184 0.8422937393188477 0.27989277243614197 -0.8792688846588135 -0.8346732258796692 0.30384561419487 0.45934566855430603 1.7880594730377197 0.0 0.0 0.0 1.0
0.3000872731208801 -0.4449378252029419 0.8437878489494324 -2.3400447368621826 0.46175259351730347 0.8417705297470093 0.27965497970581055 -0.8825132846832275 -0.8347048163414001 0.3057003319263458 0.4580558240413666 1.7943049669265747 0.0 0.0 0.0 1.0
0.29687371850013733 -0.44707155227661133 0.8437967896461487 -2.3439557552337646 0.4612175226211548 0.8408625721931458 0.28324636816978455 -0.8856548070907593 -0.8361485600471497 0.3050854802131653 0.4558272361755371 1.8003857135772705 0.0 0.0 0.0 1.0
0.29134228825569153 -0.4470224678516388 0.8457485437393188 -2.3492062091827393 0.4614366292953491 0.8401184678077698 0.2850916087627411 -0.8902616500854492 -0.8379712700843811 0.3072001338005066 0.4510345757007599 1.8088325262069702 0.0 0.0 0.0 1.0
0.2882726490497589 -0.44798293709754944 0.8462920188903809 -2.352928638458252 0.46186864376068115 0.8392543792724609 0.2869311571121216 -0.8936042785644531 -0.8387945294380188 0.30816131830215454 0.4488433599472046 1.8154913187026978 0.0 0.0 0.0 1.0
0.2848224639892578 -0.44936633110046387 0.846726655960083 -2.3565666675567627 0.46328192949295044 0.8378310203552246 0.2888062596321106 -0.8966054916381836 -0.8391937017440796 0.31001466512680054 0.4468163847923279 1.8225700855255127 0.0 0.0 0.0 1.0
0.28213098645210266 -0.4500117003917694 0.8472848534584045 -2.3614518642425537 0.46132636070251465 0.8379905223846436 0.29146167635917664 -0.9008083343505859 -0.8411778211593628 0.30864444375038147 0.44402533769607544 1.832162857055664 0.0 0.0 0.0 1.0
0.2790587246417999 -0.4509958326816559 0.847778856754303 -2.364795446395874 0.45839259028434753 0.8383325934410095 0.2950841188430786 -0.903814971446991 -0.8438023924827576 0.3062697649002075 0.4406771957874298 1.8394725322723389 0.0 0.0 0.0 1.0
0.27593833208084106 -0.4543047249317169 0.8470332026481628 -2.36832594871521 0.4553799033164978 0.8378587365150452 0.30103471875190735 -0.9070770144462585 -0.8464556336402893 0.302654892206192 0.4380785822868347 1.8464081287384033 0.0 0.0 0.0 1.0
0.2690228521823883 -0.4514826536178589 0.8507585525512695 -2.372180223464966 0.4533325731754303 0.8387146592140198 0.30174046754837036 -0.9122660756111145 -0.8497742414474487 0.304501473903656 0.43030521273612976 1.8553568124771118 0.0 0.0 0.0 1.0
0.2621716856956482 -0.4487587511539459 0.8543310761451721 -2.3750925064086914 0.4567300081253052 0.8375682234764099 0.2997952699661255 -0.9165878891944885 -0.8500962853431702 0.31160080432891846 0.4245482385158539 1.862172245979309 0.0 0.0 0.0 1.0
0.2584328353404999 -0.45034927129745483 0.8546332716941833 -2.3791441917419434 0.46322503685951233 0.8341134786605835 0.29946160316467285 -0.9226926565170288 -0.8477234244346619 0.31849679350852966 0.4241753816604614 1.8715240955352783 0.0 0.0 0.0 1.0
0.2486298531293869 -0.4469831585884094 0.8592957854270935 -2.384201765060425 0.4691154360771179 0.831730306148529 0.29690977931022644 -0.9317035675048828 -0.8474160432815552 0.3292882740497589 0.4164796769618988 1.8866803646087646 0.0 0.0 0.0 1.0
0.24355453252792358 -0.4476197063922882 0.8604171872138977 -2.3866474628448486 0.46886134147644043 0.8309237360954285 0.299557626247406 -0.9360764622688293 -0.849029004573822 0.33045774698257446 0.41224682331085205 1.8948484659194946 0.0 0.0 0.0 1.0
0.23570916056632996 -0.44691917300224304 0.8629626035690308 -2.38916015625 0.46917739510536194 0.8299753069877625 0.30168455839157104 -0.9417600631713867 -0.8510662317276001 0.3337727189064026 0.40531715750694275 1.9064058065414429 0.0 0.0 0.0 1.0
0.22956235706806183 -0.4473452568054199 0.8643977046012878 -2.3910324573516846 0.4674088656902313 0.8296723961830139 0.30524206161499023 -0.9458038210868835 -0.8537154793739319 0.3339550495147705 0.39955466985702515 1.9154530763626099 0.0 0.0 0.0 1.0
0.22148647904396057 -0.44615212082862854 0.8671171069145203 -2.39335560798645 0.468325674533844 0.8286110758781433 0.30671608448028564 -0.9513193964958191 -0.855344831943512 0.3381597399711609 0.3924706280231476 1.9273358583450317 0.0 0.0 0.0 1.0
0.2162717878818512 -0.44679272174835205 0.8681029677391052 -2.3952243328094482 0.4711962938308716 0.8265068531036377 0.3079943060874939 -0.9555865526199341 -0.8551026582717896 0.34243643283843994 0.3892771899700165 1.9363734722137451 0.0 0.0 0.0 1.0
0.2104887068271637 -0.4487052857875824 0.8685379028320312 -2.396996259689331 0.4774816632270813 0.8224479556083679 0.30917736887931824 -0.9599493741989136 -0.8530567288398743 0.3496325612068176 0.38736453652381897 1.94558846950531 0.0 0.0 0.0 1.0
0.20334215462207794 -0.4561767280101776 0.8663456439971924 -2.3997409343719482 0.4833745062351227 0.8162556290626526 0.3163476586341858 -0.965324878692627 -0.8514699339866638 0.3544425964355469 0.386483371257782 1.9582281112670898 0.0 0.0 0.0 1.0
0.20179668068885803 -0.45968353748321533 0.8648520708084106 -2.4019360542297363 0.4858863353729248 0.8136833310127258 0.31911420822143555 -0.969275712966919 -0.8504073023796082 0.3558236062526703 0.38755252957344055 1.9681222438812256 0.0 0.0 0.0 1.0
0.19774051010608673 -0.4644375443458557 0.8632476329803467 -2.404686689376831 0.48692071437835693 0.8108468651771545 0.3247084319591522 -0.9748454093933105 -0.8507684469223022 0.356125146150589 0.38648152351379395 1.9811115264892578 0.0 0.0 0.0 1.0
0.19477371871471405 -0.471012145280838 0.860355019569397 -2.4066717624664307 0.48533186316490173 0.808529257774353 0.3327663540840149 -0.9786380529403687 -0.8523591756820679 0.352743536233902 0.3860774338245392 1.9905251264572144 0.0 0.0 0.0 1.0
0.19284825026988983 -0.47765159606933594 0.8571222424507141 -2.408151865005493 0.4849421977996826 0.8057785034179688 0.3399295210838318 -0.9829188585281372 -0.8530185222625732 0.35009992122650146 0.3870263993740082 2.0000195503234863 0.0 0.0 0.0 1.0
0.18816304206848145 -0.4789769649505615 0.8574239015579224 -2.4096624851226807 0.4795370101928711 0.8066869378089905 0.3453989326953888 -0.9886757135391235 -0.8571107983589172 0.3461751937866211 0.38147586584091187 2.0115537643432617 0.0 0.0 0.0 1.0
0.18094438314437866 -0.4777713716030121 0.8596473932266235 -2.4106156826019287 0.4736538231372833 0.8083637356758118 0.3495713174343109 -0.993085503578186 -0.8619229793548584 0.34392231702804565 0.3725671172142029 2.0200703144073486 0.0 0.0 0.0 1.0
0.17753079533576965 -0.4781455099582672 0.8601509928703308 -2.4116594791412354 0.47116097807884216 0.8086485862731934 0.35227084159851074 -0.9975259304046631 -0.8639966249465942 0.34273067116737366 0.36884355545043945 2.0282254219055176 0.0 0.0 0.0 1.0
0.1763053983449936 -0.48032528162002563 0.8591880202293396 -2.4135403633117676 0.4727608561515808 0.8069171905517578 0.35409295558929443 -1.0043373107910156 -0.8633733987808228 0.34376195073127747 0.3693428635597229 2.0391674041748047 0.0 0.0 0.0 1.0
0.17428317666053772 -0.481764554977417 0.8587946891784668 -2.414968967437744 0.4716491103172302 0.8064310550689697 0.35667362809181213 -1.0093079805374146 -0.8643913865089417 0.3428875207901001 0.3677712082862854 2.0470211505889893 0.0 0.0 0.0 1.0
0.16972985863685608 -0.48359227180480957 0.8586793541908264 -2.416818380355835 0.46706974506378174 0.8067198395729065 0.3620068430900574 -1.016109824180603 -0.867777407169342 0.33961978554725647 0.36279577016830444 2.0567104816436768 0.0 0.0 0.0 1.0
0.16761061549186707 -0.4817145764827728 0.8601498603820801 -2.4182019233703613 0.4665742516517639 0.8073546290397644 0.3612297475337982 -1.0219643115997314 -0.8684555888175964 0.34077781438827515 0.36007681488990784 2.0632734298706055 0.0 0.0 0.0 1.0
0.16460977494716644 -0.48495063185691833 0.858910083770752 -2.4198055267333984 0.4633149802684784 0.8067599534988403 0.36671191453933716 -1.0294628143310547 -0.8707714080810547 0.3375815451145172 0.35748544335365295 2.0715506076812744 0.0 0.0 0.0 1.0
0.15697434544563293 -0.4831429123878479 0.8613547086715698 -2.4207615852355957 0.4581418037414551 0.8082691431045532 0.36987432837486267 -1.035263180732727 -0.8749086260795593 0.3365618586540222 0.34822550415992737 2.0770068168640137 0.0 0.0 0.0 1.0
0.1535145789384842 -0.4784639775753021 0.8645840287208557 -2.4221184253692627 0.45704084634780884 0.8101220726966858 0.36717286705970764 -1.0409332513809204 -0.876097559928894 0.3387838304042816 0.34304311871528625 2.082414150238037 0.0 0.0 0.0 1.0
0.1476387083530426 -0.4780890643596649 0.8658138513565063 -2.4238104820251465 0.4590947926044464 0.8085101842880249 0.3681619465351105 -1.0482292175292969 -0.8760335445404053 0.34313568472862244 0.3388555943965912 2.090115785598755 0.0 0.0 0.0 1.0
0.14212243258953094 -0.4778859317302704 0.8668484687805176 -2.4254918098449707 0.45865604281425476 0.8078463673591614 0.3701605498790741 -1.0530295372009277 -0.8771749138832092 0.34497717022895813 0.3339983820915222 2.0960004329681396 0.0 0.0 0.0 1.0
0.13834436237812042 -0.47249025106430054 0.870410144329071 -2.427367925643921 0.45785000920295715 0.8098209500312805 0.3668288290500641 -1.0583279132843018 -0.8781993985176086 0.3477685749530792 0.328363835811615 2.1019484996795654 0.0 0.0 0.0 1.0
0.13143081963062286 -0.4690677523612976 0.8733277916908264 -2.4302785396575928 0.460721492767334 0.8089489936828613 0.3651537299156189 -1.0647571086883545 -0.8777594566345215 0.3543684184551239 0.32243043184280396 2.1098814010620117 0.0 0.0 0.0 1.0
0.12477267533540726 -0.46972396969795227 0.8739514946937561 -2.432863712310791 0.4648565649986267 0.8058526515960693 0.3667559325695038 -1.0700362920761108 -0.8765501379966736 0.3605009615421295 0.3189026713371277 2.116170883178711 0.0 0.0 0.0 1.0
0.12008611112833023 -0.46334123611450195 0.8780058026313782 -2.435739040374756 0.4695989489555359 0.8057175278663635 0.3609655201435089 -1.075669288635254 -0.8746748566627502 0.36896368861198425 0.3143400549888611 2.1222589015960693 0.0 0.0 0.0 1.0
0.11335427314043045 -0.4596734941005707 0.880824089050293 -2.4400579929351807 0.4712287187576294 0.8053559064865112 0.35964614152908325 -1.0832351446151733 -0.874696671962738 0.3743021786212921 0.30790188908576965 2.1311376094818115 0.0 0.0 0.0 1.0
0.10775573551654816 -0.4613819718360901 0.880633533000946 -2.4435601234436035 0.4700421690940857 0.8041781187057495 0.36381030082702637 -1.088740587234497 -0.8760417103767395 0.37473222613334656 0.3035237789154053 2.1382007598876953 0.0 0.0 0.0 1.0
0.10124804079532623 -0.4543639123439789 0.8850436210632324 -2.446963310241699 0.47066405415534973 0.8056374788284302 0.35975489020347595 -1.0946136713027954 -0.8764839768409729 0.3801337480545044 0.2954219877719879 2.1455187797546387 0.0 0.0 0.0 1.0
0.09550274163484573 -0.45211535692214966 0.8868319392204285 -2.4520182609558105 0.47036486864089966 0.8056658506393433 0.36008259654045105 -1.1028497219085693 -0.8772890567779541 0.3827457129955292 0.28960245847702026 2.15618634223938 0.0 0.0 0.0 1.0
0.09004509449005127 -0.45036211609840393 0.8882938027381897 -2.4558510780334473 0.47267013788223267 0.8043925166130066 0.3599105477333069 -1.109009861946106 -0.8766269683837891 0.38746178150177 0.28530433773994446 2.1648247241973877 0.0 0.0 0.0 1.0
0.08568185567855835 -0.44963088631629944 0.8890954256057739 -2.459885597229004 0.4765588045120239 0.802169144153595 0.3597449064254761 -1.1154060363769531 -0.8749573230743408 0.39288264513015747 0.2830069065093994 2.1736717224121094 0.0 0.0 0.0 1.0
0.0815497487783432 -0.4453529715538025 0.8916335105895996 -2.465597629547119 0.4801849126815796 0.8014941811561584 0.35641196370124817 -1.123475432395935 -0.8733682632446289 0.3990836441516876 0.27921342849731445 2.1864795684814453 0.0 0.0 0.0 1.0
0.0769588053226471 -0.4459880292415619 0.891724169254303 -2.470069408416748 0.4827958643436432 0.7991951704025269 0.3580435514450073 -1.1290711164474487 -0.8723447918891907 0.40296614170074463 0.27682629227638245 2.196335554122925 0.0 0.0 0.0 1.0
0.07059700042009354 -0.44434335827827454 0.8930705785751343 -2.475698471069336 0.48545488715171814 0.7974303960800171 0.3583829402923584 -1.136527180671692 -0.8714066743850708 0.40824469923973083 0.2720048427581787 2.2094855308532715 0.0 0.0 0.0 1.0
0.06392090022563934 -0.4457283020019531 0.8928831815719604 -2.4794702529907227 0.48820754885673523 0.7943059802055359 0.36156800389289856 -1.1416078805923462 -0.8703835606575012 0.41280055046081543 0.26838067173957825 2.2190678119659424 0.0 0.0 0.0 1.0
0.058116279542446136 -0.4514216184616089 0.8904162049293518 -2.4826478958129883 0.48894593119621277 0.7904942631721497 0.3688505291938782 -1.146689772605896 -0.8703759908676147 0.41392913460731506 0.2666613459587097 2.228888511657715 0.0 0.0 0.0 1.0
0.05183538794517517 -0.45418113470077515 0.8894001245498657 -2.4875869750976562 0.48912951350212097 0.7880063056945801 0.3738962411880493 -1.1532812118530273 -0.8706695437431335 0.41565078496932983 0.2630000114440918 2.2419586181640625 0.0 0.0 0.0 1.0
0.04562826082110405 -0.45773816108703613 0.8879154324531555 -2.491773843765259 0.4886758029460907 0.7854570746421814 0.3798067271709442 -1.1583482027053833 -0.8712714910507202 0.4165728688240051 0.2595245838165283 2.2521133422851562 0.0 0.0 0.0 1.0
0.04490192234516144 -0.45452815294265747 0.8895999193191528 -2.494152069091797 0.49045872688293457 0.7858191132545471 0.3767473101615906 -1.1630982160568237 -0.8703068494796753 0.4193953573703766 0.2582120895385742 2.261789083480835 0.0 0.0 0.0 1.0
0.030765891075134277 -0.4504234194755554 0.8922848105430603 -2.5020482540130615 0.48755624890327454 0.7860629558563232 0.37999197840690613 -1.1742736101150513 -0.8725493550300598 0.42334824800491333 0.24379068613052368 2.2835874557495117 0.0 0.0 0.0 1.0
0.014754476957023144 -0.4662758708000183 0.8845162987709045 -2.5088086128234863 0.48430198431015015 0.777255117893219 0.4016541838645935 -1.1817917823791504 -0.8747764825820923 0.4224467873573303 0.23728631436824799 2.301945686340332 0.0 0.0 0.0 1.0
0.010981881991028786 -0.46998244524002075 0.8826074600219727 -2.512648105621338 0.48725324869155884 0.7732935547828674 0.4057108759880066 -1.1870372295379639 -0.8731916546821594 0.4255978763103485 0.23749269545078278 2.3142952919006348 0.0 0.0 0.0 1.0
0.00681352848187089 -0.4731539785861969 0.8809533715248108 -2.515422821044922 0.4883788824081421 0.7703346610069275 0.4099641740322113 -1.1906858682632446 -0.8726050853729248 0.42744573950767517 0.23632711172103882 2.3232030868530273 0.0 0.0 0.0 1.0
0.0035296804271638393 -0.47739607095718384 0.8786811232566833 -2.517892599105835 0.48317062854766846 0.7701258659362793 0.4164760112762451 -1.1940001249313354 -0.8755190968513489 0.4230828881263733 0.23338206112384796 2.3317298889160156 0.0 0.0 0.0 1.0
-0.00639443751424551 -0.4776672422885895 0.8785175681114197 -2.5204923152923584 0.480745792388916 0.7688794732093811 0.4215540587902069 -1.198607325553894 -0.8768367171287537 0.42503923177719116 0.22471995651721954 2.342167615890503 0.0 0.0 0.0 1.0
-0.014733180403709412 -0.47975265979766846 0.877280056476593 -2.522127389907837 0.4818912446498871 0.7653513550758362 0.42663586139678955 -1.202123999595642 -0.8761071562767029 0.4290392994880676 0.2199125438928604 2.349452495574951 0.0 0.0 0.0 1.0
-0.023954857140779495 -0.48078760504722595 0.8765097856521606 -2.5235564708709717 0.48215121030807495 0.7624971270561218 0.43142589926719666 -1.2054436206817627 -0.8757604360580444 0.43294501304626465 0.21354682743549347 2.3563928604125977 0.0 0.0 0.0 1.0
-0.034377630800008774 -0.47732675075531006 0.8780531883239746 -2.525313138961792 0.485336035490036 0.7600467205047607 0.4321780800819397 -1.2106513977050781 -0.8736516237258911 0.4410080909729004 0.20553526282310486 2.3654818534851074 0.0 0.0 0.0 1.0
-0.043065257370471954 -0.472119003534317 0.8804822564125061 -2.526517868041992 0.4859994649887085 0.7600991129875183 0.43133965134620667 -1.214521884918213 -0.8728973865509033 0.4464896619319916 0.19671571254730225 2.371777057647705 0.0 0.0 0.0 1.0
-0.05381152778863907 -0.4692806005477905 0.8814079761505127 -2.5279672145843506 0.4844380021095276 0.7595843076705933 0.433994859457016 -1.219482660293579 -0.8731690049171448 0.45034146308898926 0.18646296858787537 2.380436658859253 0.0 0.0 0.0 1.0
-0.05950735881924629 -0.4649043679237366 0.8833588361740112 -2.529165506362915 0.48448359966278076 0.7602614760398865 0.4327564239501953 -1.2234793901443481 -0.8727740049362183 0.45372506976127625 0.17999739944934845 2.386547327041626 0.0 0.0 0.0 1.0
-0.06530093401670456 -0.461952805519104 0.8844972252845764 -2.5305633544921875 0.484814316034317 0.7600533366203308 0.4327515959739685 -1.2277995347976685 -0.872175931930542 0.4570760130882263 0.17432914674282074 2.3928182125091553 0.0 0.0 0.0 1.0
-0.07068628817796707 -0.46068671345710754 0.8847435712814331 -2.531564950942993 0.4830150306224823 0.7602332234382629 0.4344443678855896 -1.2318904399871826 -0.8727542161941528 0.45805370807647705 0.16878053545951843 2.399108648300171 0.0 0.0 0.0 1.0
-0.0768049955368042 -0.4592137932777405 0.8849992752075195 -2.5327870845794678 0.48471760749816895 0.7584710717201233 0.43562647700309753 -1.2378100156784058 -0.8712920546531677 0.46243301033973694 0.16433463990688324 2.4072399139404297 0.0 0.0 0.0 1.0
-0.08159437030553818 -0.4502626061439514 0.8891602754592896 -2.5331759452819824 0.4865695536136627 0.7606000304222107 0.4298112392425537 -1.24214506149292 -0.8698232173919678 0.4677084982395172 0.15702340006828308 2.4131767749786377 0.0 0.0 0.0 1.0
-0.08682270348072052 -0.45231449604034424 0.8876223564147949 -2.533686399459839 0.4858114421367645 0.75864177942276 0.4341081976890564 -1.246015191078186 -0.8697407841682434 0.46890753507614136 0.15387223660945892 2.419712781906128 0.0 0.0 0.0 1.0
-0.09211193770170212 -0.4515829086303711 0.8874617218971252 -2.533946990966797 0.4836297631263733 0.7587783932685852 0.4362998604774475 -1.2512987852096558 -0.8704123497009277 0.4693913161754608 0.14850637316703796 2.4290146827697754 0.0 0.0 0.0 1.0
-0.09368517249822617 -0.44895079731941223 0.8886317014694214 -2.5337789058685303 0.4823606014251709 0.760337769985199 0.4349881708621979 -1.2553337812423706 -0.8709485530853271 0.469392865896225 0.14532379806041718 2.4365007877349854 0.0 0.0 0.0 1.0
-0.09778831899166107 -0.45125311613082886 0.8870220184326172 -2.5339126586914062 0.48058921098709106 0.7590705156326294 0.4391423463821411 -1.259101152420044 -0.8714765906333923 0.46923619508743286 0.14263916015625 2.443901300430298 0.0 0.0 0.0 1.0
-0.10447762906551361 -0.45081594586372375 0.8864814639091492 -2.5340094566345215 0.47887757420539856 0.7584183216094971 0.44212886691093445 -1.26371169090271 -0.871642529964447 0.4707086682319641 0.13664789497852325 2.454266309738159 0.0 0.0 0.0 1.0
-0.10462703555822372 -0.4484412372112274 0.8876675367355347 -2.5337514877319336 0.4787977933883667 0.7596022486686707 0.4401785135269165 -1.2673956155776978 -0.8716684579849243 0.4710678160190582 0.13523773849010468 2.461949110031128 0.0 0.0 0.0 1.0
-0.10436659306287766 -0.447968453168869 0.8879368901252747 -2.5333948135375977 0.483298659324646 0.7574605941772461 0.4389486312866211 -1.271126627922058 -0.8692123293876648 0.47495025396347046 0.1374489665031433 2.469721555709839 0.0 0.0 0.0 1.0
-0.11044196784496307 -0.4462098479270935 0.8880874514579773 -2.5316977500915527 0.4945167005062103 0.750423789024353 0.4385400116443634 -1.2752163410186768 -0.8621228337287903 0.48760730028152466 0.13777993619441986 2.4800639152526855 0.0 0.0 0.0 1.0
-0.11295972764492035 -0.4594953656196594 0.8809676766395569 -2.5305428504943848 0.5012862086296082 0.7391743659973145 0.4498148560523987 -1.2784795761108398 -0.8578765988349915 0.49242791533470154 0.14684174954891205 2.487652540206909 0.0 0.0 0.0 1.0
-0.11605926603078842 -0.46427562832832336 0.8780537247657776 -2.528496265411377 0.504016637802124 0.7342233061790466 0.4548443555831909 -1.2811473608016968 -0.8558606505393982 0.49534258246421814 0.1487892121076584 2.495244264602661 0.0 0.0 0.0 1.0
-0.12080425024032593 -0.4702543616294861 0.8742237687110901 -2.525578260421753 0.5034187436103821 0.7300021052360535 0.46224069595336914 -1.2845402956008911 -0.8555558919906616 0.49594128131866455 0.14854750037193298 2.5043931007385254 0.0 0.0 0.0 1.0
-0.12827813625335693 -0.4744097888469696 0.8709076046943665 -2.5232083797454834 0.5029682517051697 0.7257262468338013 0.4694085121154785 -1.2867960929870605 -0.8547325134277344 0.4982537031173706 0.1455182433128357 2.5108466148376465 0.0 0.0 0.0 1.0
-0.13119107484817505 -0.47786015272140503 0.8685842156410217 -2.52142596244812 0.5040721893310547 0.7222882509231567 0.4735091030597687 -1.2894973754882812 -0.8536393642425537 0.4999493360519409 0.14611823856830597 2.5170421600341797 0.0 0.0 0.0 1.0
-0.13481295108795166 -0.47781631350517273 0.8680536150932312 -2.5193769931793213 0.50518399477005 0.720496416091919 0.4750516414642334 -1.2927576303482056 -0.8524169325828552 0.5025699138641357 0.14425291121006012 2.524876832962036 0.0 0.0 0.0 1.0
-0.13918288052082062 -0.4783960282802582 0.8670440316200256 -2.5184881687164307 0.5055698752403259 0.7185314297676086 0.47761040925979614 -1.29527747631073 -0.8514853119850159 0.504826545715332 0.1418553590774536 2.530700206756592 0.0 0.0 0.0 1.0
-0.14151298999786377 -0.47683051228523254 0.8675290942192078 -2.517820358276367 0.5051413774490356 0.7188863158226013 0.4775297939777374 -1.2988004684448242 -0.8513555526733398 0.5058014988899231 0.13913506269454956 2.537907361984253 0.0 0.0 0.0 1.0
-0.1424107551574707 -0.471327006816864 0.8703849911689758 -2.517212390899658 0.5050080418586731 0.7216848134994507 0.4734320044517517 -1.3013830184936523 -0.851284921169281 0.5069732069969177 0.13524822890758514 2.543004274368286 0.0 0.0 0.0 1.0
-0.1448599100112915 -0.4737807512283325 0.8686468601226807 -2.5167934894561768 0.501502513885498 0.7216297388076782 0.47722718119621277 -1.3036284446716309 -0.8529424667358398 0.504759669303894 0.1330670267343521 2.5474846363067627 0.0 0.0 0.0 1.0
-0.15223029255867004 -0.47462496161460876 0.8669239282608032 -2.5165727138519287 0.5000210404396057 0.7196263670921326 0.48178502917289734 -1.3069742918014526 -0.8525285124778748 0.5068225264549255 0.12777353823184967 2.5524942874908447 0.0 0.0 0.0 1.0
-0.1584404557943344 -0.47095492482185364 0.8678122162818909 -2.5163111686706543 0.5010967254638672 0.7189604043960571 0.48166173696517944 -1.3100191354751587 -0.8507636189460754 0.5111725926399231 0.12208154797554016 2.555727005004883 0.0 0.0 0.0 1.0
-0.16347718238830566 -0.47426459193229675 0.8650712966918945 -2.516143798828125 0.4972664415836334 0.717717170715332 0.48745065927505493 -1.3125507831573486 -0.8520570993423462 0.5098579525947571 0.11850547790527344 2.5584423542022705 0.0 0.0 0.0 1.0
-0.16979925334453583 -0.4719809293746948 0.8651024103164673 -2.5161828994750977 0.4948885142803192 0.7182930111885071 0.4890199303627014 -1.3162894248962402 -0.8522050976753235 0.5111644864082336 0.11161233484745026 2.5620851516723633 0.0 0.0 0.0 1.0
-0.173972025513649 -0.46848180890083313 0.8661746382713318 -2.516404628753662 0.49649807810783386 0.717878520488739 0.48799601197242737 -1.319312334060669 -0.8504254221916199 0.5149517059326172 0.10770954191684723 2.5646352767944336 0.0 0.0 0.0 1.0
-0.1778242588043213 -0.46650710701942444 0.8664581179618835 -2.5169479846954346 0.4939214587211609 0.7192368507385254 0.48861026763916016 -1.322698712348938 -0.8511287569999695 0.5148490071296692 0.10252011567354202 2.5682363510131836 0.0 0.0 0.0 1.0
-0.1852658987045288 -0.4632576107978821 0.8666423559188843 -2.517282247543335 0.4931948482990265 0.7189614176750183 0.4897482097148895 -1.3249655961990356 -0.8499619960784912 0.5181571841239929 0.09527722001075745 2.5708611011505127 0.0 0.0 0.0 1.0
-0.19161809980869293 -0.4578317403793335 0.8681432008743286 -2.5177130699157715 0.49295103549957275 0.7199777960777283 0.4884989559650421 -1.3274571895599365 -0.8486941456794739 0.5215573310852051 0.0877278596162796 2.5734736919403076 0.0 0.0 0.0 1.0
-0.1956728994846344 -0.4563157558441162 0.8680368661880493 -2.518282651901245 0.4869031310081482 0.7231343388557434 0.4899000823497772 -1.3300180435180664 -0.8512563705444336 0.5185100436210632 0.08068379014730453 2.5776472091674805 0.0 0.0 0.0 1.0
-0.20230251550674438 -0.45552298426628113 0.8669328093528748 -2.518645763397217 0.48529040813446045 0.7222756743431091 0.4927586615085602 -1.331371784210205 -0.8506273627281189 0.5204004645347595 0.07494275271892548 2.580893039703369 0.0 0.0 0.0 1.0
-0.20724542438983917 -0.45508405566215515 0.8659952878952026 -2.519202709197998 0.4870118796825409 0.7197354435920715 0.4947730004787445 -1.3330392837524414 -0.848450779914856 0.5242894291877747 0.07246946543455124 2.584075689315796 0.0 0.0 0.0 1.0
-0.21200239658355713 -0.4540228247642517 0.8654006123542786 -2.5200846195220947 0.48814645409584045 0.7179490327835083 0.49624815583229065 -1.3356722593307495 -0.8466215133666992 0.5276480317115784 0.06942269951105118 2.588775634765625 0.0 0.0 0.0 1.0
-0.2168031930923462 -0.45422855019569397 0.864102303981781 -2.520754098892212 0.4866393506526947 0.7170471549034119 0.49902454018592834 -1.3374090194702148 -0.8462733030319214 0.5286962985992432 0.06558737903833389 2.5924899578094482 0.0 0.0 0.0 1.0
-0.22371147572994232 -0.45424437522888184 0.8623312711715698 -2.521813154220581 0.48510438203811646 0.7154887914657593 0.5027419924736023 -1.339316725730896 -0.8453561067581177 0.530789852142334 0.06029288470745087 2.5958735942840576 0.0 0.0 0.0 1.0
-0.2317984700202942 -0.4509323835372925 0.8619335889816284 -2.5232949256896973 0.48649486899375916 0.7135583162307739 0.5041401386260986 -1.3424631357192993 -0.8423729538917542 0.5361851453781128 0.05397455394268036 2.6008498668670654 0.0 0.0 0.0 1.0
-0.23863406479358673 -0.44913697242736816 0.8610050678253174 -2.524359703063965 0.4863681197166443 0.7121297717094421 0.506277859210968 -1.3448854684829712 -0.8405354619026184 0.5395805835723877 0.04850749298930168 2.604748487472534 0.0 0.0 0.0 1.0
-0.24337364733219147 -0.4501446783542633 0.8591501712799072 -2.5255353450775146 0.485758900642395 0.7101255059242249 0.5096666216850281 -1.347328543663025 -0.8395281434059143 0.5413792729377747 0.045835960656404495 2.609091281890869 0.0 0.0 0.0 1.0
-0.24957546591758728 -0.4417746663093567 0.8617118000984192 -2.527040481567383 0.4901352524757385 0.7098343968391418 0.505868136882782 -1.3513877391815186 -0.8351523876190186 0.5486076474189758 0.03937208652496338 2.6155049800872803 0.0 0.0 0.0 1.0
-0.25333574414253235 -0.4394092857837677 0.8618239164352417 -2.5281460285186768 0.4897623062133789 0.7100153565406799 0.5059753060340881 -1.354110836982727 -0.8342384696006775 0.5502704977989197 0.03533383458852768 2.621180772781372 0.0 0.0 0.0 1.0
-0.2569594979286194 -0.4429166913032532 0.8589508533477783 -2.529470920562744 0.4875432848930359 0.7079938054084778 0.5109269618988037 -1.3561375141143799 -0.8344299793243408 0.5500632524490356 0.03401533141732216 2.627239227294922 0.0 0.0 0.0 1.0
-0.26148146390914917 -0.4405732750892639 0.8587914109230042 -2.53115177154541 0.48894956707954407 0.7066749930381775 0.5114086270332336 -1.3589547872543335 -0.8321993350982666 0.5536295175552368 0.030635708943009377 2.635941505432129 0.0 0.0 0.0 1.0
-0.2647908926010132 -0.4437381625175476 0.8561438322067261 -2.532609701156616 0.48746228218078613 0.7044495940208435 0.5158791542053223 -1.3605360984802246 -0.832025408744812 0.5539379119873047 0.029773782938718796 2.6430459022521973 0.0 0.0 0.0 1.0
-0.2670404016971588 -0.4509947896003723 0.8516414165496826 -2.533675193786621 0.48527076840400696 0.7005817890167236 0.5231610536575317 -1.361849308013916 -0.8325873613357544 0.5529817938804626 0.031770944595336914 2.650306224822998 0.0 0.0 0.0 1.0
-0.2781199812889099 -0.4493127465248108 0.848980188369751 -2.534374952316284 0.483143150806427 0.698470413684845 0.5279315710067749 -1.3635841608047485 -0.8301939368247986 0.5570073127746582 0.022823790088295937 2.6591689586639404 0.0 0.0 0.0 1.0
-0.2865886986255646 -0.45491814613342285 0.8431586027145386 -2.535032033920288 0.4723740518093109 0.6985663771629333 0.5374642014503479 -1.3647849559783936 -0.8335044384002686 0.5523173809051514 0.014690320938825607 2.666041135787964 0.0 0.0 0.0 1.0
-0.2921496629714966 -0.45898956060409546 0.8390334844589233 -2.535979747772217 0.4662891626358032 0.6976073384284973 0.5439838767051697 -1.3665242195129395 -0.8349987864494324 0.5501568913459778 0.0102161206305027 2.672837972640991 0.0 0.0 0.0 1.0
-0.30194342136383057 -0.4575175642967224 0.8363658785820007 -2.5381617546081543 0.4676533341407776 0.6934185028076172 0.5481524467468262 -1.370222568511963 -0.8307409286499023 0.5566403269767761 0.004586448892951012 2.6820716857910156 0.0 0.0 0.0 1.0
-0.30776116251945496 -0.45657551288604736 0.8347585797309875 -2.5399041175842285 0.4665181636810303 0.692230224609375 0.5506161451339722 -1.3734784126281738 -0.8292429447174072 0.55888831615448 -4.080647704540752e-05 2.689499616622925 0.0 0.0 0.0 1.0
-0.30952906608581543 -0.4580252766609192 0.8333094120025635 -2.542149543762207 0.46779507398605347 0.6896180510520935 0.5528062582015991 -1.3773435354232788 -0.827864408493042 0.5609276294708252 0.0008051470504142344 2.6973812580108643 0.0 0.0 0.0 1.0
-0.31345969438552856 -0.45361587405204773 0.8342515826225281 -2.545441150665283 0.47180235385894775 0.6880268454551697 0.551381528377533 -1.383368730545044 -0.8241028785705566 0.5664377212524414 -0.0016516530886292458 2.708277702331543 0.0 0.0 0.0 1.0
-0.3151695430278778 -0.4520643353462219 0.8344495296478271 -2.547889232635498 0.4750428795814514 0.6860338449478149 0.55108243227005 -1.388159155845642 -0.8215852975845337 0.5700836777687073 -0.0014670323580503464 2.7167856693267822 0.0 0.0 0.0 1.0
-0.316616415977478 -0.44818684458732605 0.8359919786453247 -2.550337076187134 0.47791001200675964 0.685925304889679 0.5487335324287415 -1.3932701349258423 -0.8193632364273071 0.5732669830322266 -0.0029822406359016895 2.725459098815918 0.0 0.0 0.0 1.0
-0.31900832056999207 -0.44390493631362915 0.8373661637306213 -2.5535476207733154 0.47871634364128113 0.6870642900466919 0.5466016530990601 -1.400061011314392 -0.8179635405540466 0.5752313137054443 -0.006674676667898893 2.7375333309173584 0.0 0.0 0.0 1.0
-0.3213655948638916 -0.44471654295921326 0.8360331058502197 -2.55570912361145 0.4779357612133026 0.6859965920448303 0.5486220121383667 -1.405099630355835 -0.8174971342086792 0.575878381729126 -0.007909747771918774 2.7467093467712402 0.0 0.0 0.0 1.0
-0.3213958740234375 -0.4403942823410034 0.8383063673973083 -2.558232307434082 0.4796580374240875 0.6875905990600586 0.5451122522354126 -1.4119484424591064 -0.8164758682250977 0.5772972106933594 -0.009750114753842354 2.7593352794647217 0.0 0.0 0.0 1.0
-0.32111039757728577 -0.4396534264087677 0.8388044834136963 -2.560014009475708 0.47819745540618896 0.6892335414886475 0.5443200469017029 -1.4167871475219727 -0.817444384098053 0.5759009718894958 -0.011078908108174801 2.7692010402679443 0.0 0.0 0.0 1.0
-0.32039281725883484 -0.4398999810218811 0.8389496207237244 -2.5615925788879395 0.47562888264656067 0.6912041306495667 0.5440717339515686 -1.4215258359909058 -0.8192225694656372 0.5733453631401062 -0.01222769170999527 2.7788970470428467 0.0 0.0 0.0 1.0
-0.31798073649406433 -0.4374312460422516 0.8411552309989929 -2.5633339881896973 0.47420981526374817 0.6948741674423218 0.5406246185302734 -1.4279359579086304 -0.8209831714630127 0.5707922577857971 -0.01352240052074194 2.7920093536376953 0.0 0.0 0.0 1.0
-0.31763938069343567 -0.43812498450279236 0.8409231305122375 -2.5645079612731934 0.4723469316959381 0.6958725452423096 0.5409711003303528 -1.4320183992385864 -0.8221883177757263 0.5690411925315857 -0.01408953033387661 2.801161527633667 0.0 0.0 0.0 1.0
-0.31836560368537903 -0.4395953416824341 0.8398805260658264 -2.565277338027954 0.47068536281585693 0.6957495808601379 0.5425751805305481 -1.4362698793411255 -0.8228600025177002 0.5680567622184753 -0.014591644518077374 2.810227155685425 0.0 0.0 0.0 1.0
-0.3194620907306671 -0.4424093961715698 0.8379844427108765 -2.565770387649536 0.46958959102630615 0.6941901445388794 0.5455141067504883 -1.4419348239898682 -0.8230611085891724 0.5677798390388489 -0.01401659194380045 2.8210291862487793 0.0 0.0 0.0 1.0
-0.3210779130458832 -0.44377610087394714 0.8366431593894958 -2.5656020641326904 0.4687686562538147 0.6931367516517639 0.5475558042526245 -1.446290373802185 -0.8229002952575684 0.5680001378059387 -0.014522570185363293 2.8286802768707275 0.0 0.0 0.0 1.0
-0.32545655965805054 -0.4423711895942688 0.8356947898864746 -2.565218448638916 0.46724164485931396 0.6931290030479431 0.548869252204895 -1.450982928276062 -0.8220481872558594 0.5691044926643372 -0.01888912543654442 2.8359193801879883 0.0 0.0 0.0 1.0
-0.3317442238330841 -0.4405985176563263 0.8341574668884277 -2.564448118209839 0.46349388360977173 0.6940240263938904 0.5509120225906372 -1.4577577114105225 -0.821656346321106 0.569388747215271 -0.0260237418115139 2.8448686599731445 0.0 0.0 0.0 1.0
-0.33582764863967896 -0.43945133686065674 0.833128035068512 -2.563537359237671 0.4616822898387909 0.6941655874252319 0.552253246307373 -1.4628998041152954 -0.8210172057151794 0.570102334022522 -0.030233100056648254 2.851294994354248 0.0 0.0 0.0 1.0
-0.3410663902759552 -0.43215101957321167 0.8348168730735779 -2.561943292617798 0.4609047770500183 0.6971188187599182 0.5491740107536316 -1.4702168703079224 -0.8192926645278931 0.5720759034156799 -0.03858333081007004 2.859614372253418 0.0 0.0 0.0 1.0
-0.34868669509887695 -0.4279501736164093 0.8338322639465332 -2.5600314140319824 0.45785704255104065 0.6985061168670654 0.5499601364135742 -1.475296139717102 -0.8177924752235413 0.5735397338867188 -0.047619789838790894 2.865978717803955 0.0 0.0 0.0 1.0
-0.3541015684604645 -0.4292929172515869 0.8308547735214233 -2.557920217514038 0.4544694125652313 0.6974728107452393 0.5540660619735718 -1.4805572032928467 -0.8173552751541138 0.5737937688827515 -0.051875725388526917 2.872474431991577 0.0 0.0 0.0 1.0
-0.35925713181495667 -0.4256590008735657 0.8305111527442932 -2.5543477535247803 0.4515124261379242 0.6995582580566406 0.5538544654846191 -1.4875155687332153 -0.8167440891265869 0.5739622712135315 -0.059130966663360596 2.8814849853515625 0.0 0.0 0.0 1.0
-0.36421632766723633 -0.423115074634552 0.8296505808830261 -2.5512495040893555 0.44843119382858276 0.7010952234268188 0.5544140338897705 -1.4928302764892578 -0.8162450194358826 0.5739678740501404 -0.06561233103275299 2.888540029525757 0.0 0.0 0.0 1.0
-0.369232714176178 -0.4225834012031555 0.8277019262313843 -2.5479583740234375 0.4430464804172516 0.7028708457946777 0.5564911961555481 -1.4982004165649414 -0.816931426525116 0.5721851587295532 -0.0722988173365593 2.8959109783172607 0.0 0.0 0.0 1.0
-0.3758763074874878 -0.4200191795825958 0.826015055179596 -2.543006420135498 0.43825656175613403 0.704818069934845 0.5578195452690125 -1.5057700872421265 -0.8164852857589722 0.5716776847839355 -0.08084824681282043 2.906093120574951 0.0 0.0 0.0 1.0
-0.37555253505706787 -0.41475409269332886 0.8288180232048035 -2.5392327308654785 0.4396248161792755 0.7075467109680176 0.5532699823379517 -1.5118516683578491 -0.8158984780311584 0.5721508860588074 -0.08338477462530136 2.914564609527588 0.0 0.0 0.0 1.0
-0.3783130943775177 -0.411175936460495 0.8293452262878418 -2.5351667404174805 0.44004809856414795 0.7083408236503601 0.55191570520401 -1.5176666975021362 -0.8143935799598694 0.573748767375946 -0.08703742921352386 2.9231889247894287 0.0 0.0 0.0 1.0
-0.38520005345344543 -0.4064338803291321 0.8285121917724609 -2.5292563438415527 0.4364631772041321 0.7107925415039062 0.5516102313995361 -1.5252026319503784 -0.813093364238739 0.5740953683853149 -0.09640390425920486 2.9350082874298096 0.0 0.0 0.0 1.0
-0.38871148228645325 -0.40171000361442566 0.8291757702827454 -2.524808645248413 0.4340645670890808 0.7139769196510315 0.5493859648704529 -1.5307691097259521 -0.8127061724662781 0.5734684467315674 -0.10316295921802521 2.94423508644104 0.0 0.0 0.0 1.0
-0.3911547064781189 -0.3984987139701843 0.8295762538909912 -2.5201613903045654 0.4335382878780365 0.7153314352035522 0.5480378866195679 -1.5363328456878662 -0.8118143677711487 0.5740206241607666 -0.10704080015420914 2.9534668922424316 0.0 0.0 0.0 1.0
-0.39616477489471436 -0.3938232958316803 0.8294315338134766 -2.5135576725006104 0.4382757246494293 0.7126801609992981 0.5477238297462463 -1.5437325239181519 -0.8068258166313171 0.5805085897445679 -0.10973557084798813 2.9654884338378906 0.0 0.0 0.0 1.0
-0.401672899723053 -0.3930179476737976 0.8271612524986267 -2.5084996223449707 0.44005829095840454 0.7092790007591248 0.550701379776001 -1.5489506721496582 -0.8031236529350281 0.5852010250091553 -0.11194734275341034 2.97411847114563 0.0 0.0 0.0 1.0
-0.40592315793037415 -0.39377668499946594 0.8247219324111938 -2.5035388469696045 0.4420532286167145 0.7052258253097534 0.5542972683906555 -1.5540730953216553 -0.799884557723999 0.589573085308075 -0.11219723522663116 2.9825713634490967 0.0 0.0 0.0 1.0
-0.4112294316291809 -0.3925122022628784 0.8226934671401978 -2.496509075164795 0.4470348358154297 0.6997068524360657 0.5572882294654846 -1.5614672899246216 -0.7943866848945618 0.5969459414482117 -0.11227342486381531 2.9935736656188965 0.0 0.0 0.0 1.0
-0.41395607590675354 -0.3920440971851349 0.8215484023094177 -2.4915428161621094 0.4491899013519287 0.6970005035400391 0.5589442849159241 -1.5670850276947021 -0.7917504906654358 0.6004096269607544 -0.11242532730102539 3.0020945072174072 0.0 0.0 0.0 1.0
-0.41646745800971985 -0.3858056366443634 0.8232307434082031 -2.4865689277648926 0.4508329927921295 0.6986830234527588 0.5555102825164795 -1.5724600553512573 -0.7894963622093201 0.6024914979934692 -0.1170448288321495 3.010178327560425 0.0 0.0 0.0 1.0
-0.41930198669433594 -0.38308268785476685 0.8230634927749634 -2.480156898498535 0.45231565833091736 0.6979197859764099 0.5552643537521362 -1.5794353485107422 -0.7871444821357727 0.6051079630851746 -0.11936483532190323 3.0216314792633057 0.0 0.0 0.0 1.0
-0.41634926199913025 -0.383211225271225 0.8245013356208801 -2.4757027626037598 0.4565785825252533 0.6960806250572205 0.5540828704833984 -1.5846232175827026 -0.7862501740455627 0.6071416139602661 -0.1148466095328331 3.0303823947906494 0.0 0.0 0.0 1.0
-0.41530659794807434 -0.38821232318878174 0.8226855993270874 -2.4696919918060303 0.46227189898490906 0.6888272762298584 0.5584099292755127 -1.5911476612091064 -0.7834699153900146 0.6122157573699951 -0.1066148653626442 3.041621208190918 0.0 0.0 0.0 1.0
-0.415898859500885 -0.39163172245025635 0.8207635283470154 -2.4654314517974854 0.46151986718177795 0.6867693662643433 0.5615578889846802 -1.5956391096115112 -0.7835990786552429 0.6123499274253845 -0.10488076508045197 3.0497257709503174 0.0 0.0 0.0 1.0
-0.4114793539047241 -0.390178382396698 0.8236780762672424 -2.4594063758850098 0.45938003063201904 0.6917552351951599 0.5571756362915039 -1.6020472049713135 -0.7871814966201782 0.6076475381851196 -0.10540283471345901 3.060343027114868 0.0 0.0 0.0 1.0
-0.41057097911834717 -0.39544206857681274 0.8216185569763184 -2.450349807739258 0.4550536870956421 0.6919769644737244 0.5604408979415894 -1.6118777990341187 -0.7901630401611328 0.6039813160896301 -0.10415828973054886 3.0756330490112305 0.0 0.0 0.0 1.0
-0.404220849275589 -0.39486920833587646 0.8250356316566467 -2.439941644668579 0.45524027943611145 0.6954975724220276 0.5559131503105164 -1.623378038406372 -0.793323278427124 0.6003011465072632 -0.10137425363063812 3.093794822692871 0.0 0.0 0.0 1.0
-0.4026389718055725 -0.4054713547229767 0.820655107498169 -2.4359889030456543 0.45268163084983826 0.6910278797149658 0.5635244846343994 -1.6277960538864136 -0.7955885529518127 0.5983924269676208 -0.09468531608581543 3.102163553237915 0.0 0.0 0.0 1.0
-0.39853984117507935 -0.4061245322227478 0.8223313689231873 -2.4317474365234375 0.4534638524055481 0.6920998096466064 0.5615767240524292 -1.632229208946228 -0.7972054481506348 0.5967082381248474 -0.09166654944419861 3.1109867095947266 0.0 0.0 0.0 1.0
-0.39498206973075867 -0.4108084440231323 0.8217211365699768 -2.4265799522399902 0.4486928880214691 0.6942479610443115 0.5627561211585999 -1.637832522392273 -0.8016631603240967 0.5909789800643921 -0.08988867700099945 3.123408794403076 0.0 0.0 0.0 1.0
-0.3923356533050537 -0.4155450761318207 0.820606529712677 -2.422666311264038 0.44277989864349365 0.6966491341590881 0.5644696354866028 -1.6419979333877563 -0.8062373995780945 0.5848096013069153 -0.08932528644800186 3.1331756114959717 0.0 0.0 0.0 1.0
-0.3885611891746521 -0.4177415072917938 0.8212869763374329 -2.4188475608825684 0.4426354765892029 0.6971200108528137 0.5640013217926025 -1.6463394165039062 -0.808142364025116 0.5826797485351562 -0.0859665721654892 3.142843008041382 0.0 0.0 0.0 1.0
-0.3845137059688568 -0.42384034395217896 0.8200662136077881 -2.413897752761841 0.4402702748775482 0.6966152787208557 0.5664708614349365 -1.65234375 -0.8113638758659363 0.5788666009902954 -0.08125383406877518 3.1561827659606934 0.0 0.0 0.0 1.0
-0.38171693682670593 -0.4261366128921509 0.820182740688324 -2.4100916385650635 0.43630269169807434 0.699211597442627 0.5663418173789978 -1.6567533016204834 -0.8148202896118164 0.5740302205085754 -0.08097636699676514 3.166384220123291 0.0 0.0 0.0 1.0
-0.3814016580581665 -0.42707157135009766 0.819843053817749 -2.405255079269409 0.4336896240711212 0.7005540728569031 0.5666897892951965 -1.6626908779144287 -0.8163614869117737 0.5716938376426697 -0.08197598159313202 3.1802165508270264 0.0 0.0 0.0 1.0
-0.3790658414363861 -0.428519606590271 0.8201707601547241 -2.4021620750427246 0.4323198199272156 0.7016363143920898 0.5663974285125732 -1.6670422554016113 -0.8181740045547485 0.5692780017852783 -0.0807088166475296 3.1908955574035645 0.0 0.0 0.0 1.0
-0.38117849826812744 -0.43179672956466675 0.8174683451652527 -2.399383544921875 0.429282546043396 0.7004536390304565 0.5701588988304138 -1.6711939573287964 -0.8187914490699768 0.568257212638855 -0.08163508772850037 3.2020230293273926 0.0 0.0 0.0 1.0
-0.38376474380493164 -0.43773096799850464 0.8130905628204346 -2.3964693546295166 0.4245859980583191 0.6982738375663757 0.5763161778450012 -1.6770613193511963 -0.8200312852859497 0.5663967132568359 -0.0821184515953064 3.2166616916656494 0.0 0.0 0.0 1.0
-0.3842492699623108 -0.43344593048095703 0.8151546716690063 -2.3940846920013428 0.4268171191215515 0.6995173096656799 0.5731515288352966 -1.6815294027328491 -0.8186450004577637 0.56815505027771 -0.08378687500953674 3.2277209758758545 0.0 0.0 0.0 1.0
-0.3843095302581787 -0.4338116943836212 0.8149316310882568 -2.392009735107422 0.42757466435432434 0.6987043619155884 0.5735783576965332 -1.6856521368026733 -0.8182212710380554 0.568875789642334 -0.08303185552358627 3.238966941833496 0.0 0.0 0.0 1.0
-0.38764941692352295 -0.43528488278388977 0.8125607967376709 -2.3894083499908447 0.42887765169143677 0.6951045393943787 0.57696932554245 -1.6912713050842285 -0.815960705280304 0.5721510052680969 -0.08277289569377899 3.253966808319092 0.0 0.0 0.0 1.0
-0.3925294578075409 -0.43235236406326294 0.8117832541465759 -2.3872230052948 0.4270174503326416 0.6960591673851013 0.5771981477737427 -1.695557713508606 -0.8146021962165833 0.5732129216194153 -0.0886017307639122 3.264894723892212 0.0 0.0 0.0 1.0
-0.3952365219593048 -0.4362928867340088 0.8083542585372925 -2.3852362632751465 0.42177361249923706 0.6955612301826477 0.5816370248794556 -1.6994779109954834 -0.8160239458084106 0.5708267092704773 -0.09089437127113342 3.2755651473999023 0.0 0.0 0.0 1.0
-0.3971991240978241 -0.43638986349105835 0.8073393106460571 -2.382134437561035 0.42201170325279236 0.694333016872406 0.582930326461792 -1.7044004201889038 -0.814947247505188 0.5722460150718689 -0.0916268602013588 3.2901597023010254 0.0 0.0 0.0 1.0
-0.39876389503479004 -0.4370197057723999 0.8062264919281006 -2.379657745361328 0.4274602234363556 0.6892226934432983 0.5850212574005127 -1.7079639434814453 -0.8113353848457336 0.5779150724411011 -0.08802858740091324 3.301036834716797 0.0 0.0 0.0 1.0
-0.4015478789806366 -0.44155746698379517 0.8023629784584045 -2.3773810863494873 0.42963680624961853 0.6828904747962952 0.5908238291740417 -1.711025357246399 -0.8088086843490601 0.5819687247276306 -0.08450388163328171 3.311617136001587 0.0 0.0 0.0 1.0
-0.3988123834133148 -0.4416193664073944 0.803692102432251 -2.373879909515381 0.4302789866924286 0.6838276386260986 0.5892705321311951 -1.715301275253296 -0.8098201751708984 0.5808202028274536 -0.08269938081502914 3.3258914947509766 0.0 0.0 0.0 1.0
-0.4026647210121155 -0.4422943890094757 0.8013967871665955 -2.3715968132019043 0.4312319755554199 0.6806015372276306 0.592301070690155 -1.7184889316558838 -0.8074033260345459 0.5840866565704346 -0.08332274109125137 3.336287498474121 0.0 0.0 0.0 1.0
-0.40603935718536377 -0.44408684968948364 0.7986982464790344 -2.369309902191162 0.4300898611545563 0.6782824397087097 0.5957815647125244 -1.7213948965072632 -0.8063217401504517 0.5854228138923645 -0.0844121053814888 3.3463823795318604 0.0 0.0 0.0 1.0
-0.40409979224205017 -0.45175227522850037 0.795376181602478 -2.366184949874878 0.428749144077301 0.6745534539222717 0.600959062576294 -1.7255891561508179 -0.8080083727836609 0.5838642716407776 -0.07889851182699203 3.359665870666504 0.0 0.0 0.0 1.0
-0.4058811366558075 -0.45095136761665344 0.7949234843254089 -2.363783836364746 0.4299066960811615 0.6733445525169373 0.6014876365661621 -1.7286977767944336 -0.8064990639686584 0.585875391960144 -0.07943081110715866 3.369307041168213 0.0 0.0 0.0 1.0
-0.41212087869644165 -0.45151206851005554 0.7913869023323059 -2.361272096633911 0.4279025197029114 0.6709179282188416 0.605614185333252 -1.731970191001892 -0.8043977618217468 0.5882226824760437 -0.08329613506793976 3.3786301612854004 0.0 0.0 0.0 1.0
-0.42064177989959717 -0.4490978419780731 0.7882713079452515 -2.3577048778533936 0.42467591166496277 0.6703345775604248 0.6085243225097656 -1.7361297607421875 -0.8016924858093262 0.590730607509613 -0.09124968945980072 3.3902246952056885 0.0 0.0 0.0 1.0
-0.4264844059944153 -0.44459283351898193 0.7876853942871094 -2.354963779449463 0.42143192887306213 0.6728780269622803 0.6079723238945007 -1.7396228313446045 -0.800316333770752 0.591246485710144 -0.09960635751485825 3.3985142707824707 0.0 0.0 0.0 1.0
-0.4338955283164978 -0.4374345541000366 0.7876456379890442 -2.3519997596740723 0.4192838668823242 0.6757529973983765 0.6062663793563843 -1.7432101964950562 -0.7974557876586914 0.593303382396698 -0.10979694873094559 3.405954360961914 0.0 0.0 0.0 1.0
-0.44799894094467163 -0.4265572726726532 0.7857135534286499 -2.348064422607422 0.41964292526245117 0.6756835579872131 0.6060953140258789 -1.7483466863632202 -0.7894281148910522 0.6012492179870605 -0.12370377033948898 3.4154109954833984 0.0 0.0 0.0 1.0
-0.45196104049682617 -0.4225972592830658 0.7855843901634216 -2.345163106918335 0.4248626232147217 0.6723808646202087 0.6061317920684814 -1.7527416944503784 -0.7843615412712097 0.6077133417129517 -0.12434417754411697 3.4218294620513916 0.0 0.0 0.0 1.0
-0.45747220516204834 -0.4154745638370514 0.7861934304237366 -2.342259407043457 0.43179699778556824 0.6691065430641174 0.6048535108566284 -1.757224202156067 -0.7773483991622925 0.6161796450614929 -0.12669697403907776 3.428199529647827 0.0 0.0 0.0 1.0
-0.46515727043151855 -0.41062644124031067 0.7842286825180054 -2.3379743099212646 0.4345209300518036 0.6659239530563354 0.6064131259918213 -1.7625898122787476 -0.7712458968162537 0.6228412389755249 -0.13133357465267181 3.435818910598755 0.0 0.0 0.0 1.0
-0.47342556715011597 -0.4053013324737549 0.7820479869842529 -2.3343679904937744 0.4315917193889618 0.667231023311615 0.6070678234100342 -1.7661397457122803 -0.7678520679473877 0.6249268651008606 -0.14095953106880188 3.441575050354004 0.0 0.0 0.0 1.0
-0.4937560260295868 -0.39156922698020935 0.7764525413513184 -2.3249564170837402 0.4266836643218994 0.6689218282699585 0.6086744666099548 -1.7737133502960205 -0.7577242851257324 0.6318362951278687 -0.1632079929113388 3.453434467315674 0.0 0.0 0.0 1.0
-0.5088329911231995 -0.3876056671142578 0.7686682343482971 -2.3204402923583984 0.4284133315086365 0.6604672074317932 0.6166401505470276 -1.77659010887146 -0.7466933727264404 0.6430745720863342 -0.17001208662986755 3.4584362506866455 0.0 0.0 0.0 1.0
-0.5197081565856934 -0.37630170583724976 0.7670074701309204 -2.3136420249938965 0.43453067541122437 0.6565524935722351 0.616540253162384 -1.7804733514785767 -0.7355858087539673 0.6537092924118042 -0.17770105600357056 3.4647490978240967 0.0 0.0 0.0 1.0
-0.5271953344345093 -0.3708207309246063 0.7645633220672607 -2.308021068572998 0.4351959228515625 0.6549713611602783 0.6177515983581543 -1.7830044031143188 -0.7298421859741211 0.6584106087684631 -0.18391816318035126 3.4693901538848877 0.0 0.0 0.0 1.0
-0.5359289646148682 -0.36978256702423096 0.7589736580848694 -2.302105665206909 0.4313194453716278 0.6528849601745605 0.6226593852043152 -1.7850359678268433 -0.7257710695266724 0.6610612869262695 -0.19040556252002716 3.473970651626587 0.0 0.0 0.0 1.0
-0.5468592047691345 -0.36104661226272583 0.7553743124008179 -2.293311834335327 0.42880675196647644 0.6541268229484558 0.6230913400650024 -1.7878419160842896 -0.719075620174408 0.6646528244018555 -0.20289605855941772 3.479887008666992 0.0 0.0 0.0 1.0
-0.5528533458709717 -0.3557056486606598 0.7535427212715149 -2.2860066890716553 0.4295513927936554 0.6532403230667114 0.6235083341598511 -1.7895039319992065 -0.7140299677848816 0.6683940291404724 -0.2083522528409958 3.484696865081787 0.0 0.0 0.0 1.0
-0.558270275592804 -0.3551795482635498 0.7497878074645996 -2.2782013416290283 0.42678070068359375 0.6520500183105469 0.626649022102356 -1.7909743785858154 -0.7114720940589905 0.6698344945907593 -0.21243636310100555 3.4893929958343506 0.0 0.0 0.0 1.0
-0.5678938627243042 -0.34736543893814087 0.7462129592895508 -2.2675132751464844 0.42564108967781067 0.6520260572433472 0.627448558807373 -1.7927531003952026 -0.7045042514801025 0.6739431023597717 -0.2224285900592804 3.49499773979187 0.0 0.0 0.0 1.0
-0.5743499398231506 -0.34062492847442627 0.7443767786026001 -2.2590880393981934 0.42509934306144714 0.6529941558837891 0.626808762550354 -1.7939043045043945 -0.6995803713798523 0.6764416694641113 -0.23024773597717285 3.4987380504608154 0.0 0.0 0.0 1.0
-0.5829960107803345 -0.33492371439933777 0.7402308583259583 -2.2478959560394287 0.42413729429244995 0.6516275405883789 0.6288792490959167 -1.7947049140930176 -0.6929814219474792 0.6805936098098755 -0.2378426045179367 3.503636598587036 0.0 0.0 0.0 1.0
-0.5961162447929382 -0.3325735330581665 0.7307806015014648 -2.239572763442993 0.4227466881275177 0.6437860727310181 0.6378281116485596 -1.7947601079940796 -0.6825911402702332 0.6891548037528992 -0.24317699670791626 3.5068397521972656 0.0 0.0 0.0 1.0
-0.6081589460372925 -0.32741671800613403 0.7231466174125671 -2.228377342224121 0.4245505928993225 0.6355865001678467 0.6448151469230652 -1.794133186340332 -0.6707454919815063 0.6991624236106873 -0.2475326508283615 3.510814905166626 0.0 0.0 0.0 1.0
-0.6246140599250793 -0.3241695761680603 0.7104726433753967 -2.2115328311920166 0.4247022569179535 0.6224653720855713 0.6573924422264099 -1.7926384210586548 -0.6553512811660767 0.71235591173172 -0.2511250972747803 3.5164003372192383 0.0 0.0 0.0 1.0
-0.6327490210533142 -0.32451945543289185 0.7030759453773499 -2.2031912803649902 0.4233859181404114 0.6152304410934448 0.6650081872940063 -1.7921110391616821 -0.64836186170578 0.7184557318687439 -0.2518894672393799 3.518554449081421 0.0 0.0 0.0 1.0
-0.6417334079742432 -0.3209742307662964 0.6965298056602478 -2.192068338394165 0.42349714040756226 0.6088751554489136 0.6707617044448853 -1.7914371490478516 -0.6393969058990479 0.725428581237793 -0.254803866147995 3.5214107036590576 0.0 0.0 0.0 1.0
-0.6483713388442993 -0.32312455773353577 0.6893512010574341 -2.1844170093536377 0.4201170802116394 0.6032671928405762 0.6779161691665649 -1.7909488677978516 -0.6349143385887146 0.7291496396064758 -0.255391001701355 3.5231878757476807 0.0 0.0 0.0 1.0
-0.6567027568817139 -0.3238771855831146 0.6810616850852966 -2.1765806674957275 0.4174017906188965 0.596055269241333 0.6859255433082581 -1.7899333238601685 -0.6281060576438904 0.7347255945205688 -0.2562442123889923 3.525261163711548 0.0 0.0 0.0 1.0
-0.6674830913543701 -0.3234676420688629 0.6706973910331726 -2.166642904281616 0.41170644760131836 0.5902003645896912 0.6943783760070801 -1.7886549234390259 -0.6204547882080078 0.7396162748336792 -0.26077502965927124 3.5271739959716797 0.0 0.0 0.0 1.0
-0.6743217706680298 -0.3295305073261261 0.6608326435089111 -2.159386396408081 0.40398722887039185 0.5844787955284119 0.703689455986023 -1.7878422737121582 -0.6181297898292542 0.7414810657501221 -0.2610006630420685 3.528552532196045 0.0 0.0 0.0 1.0
-0.6804394721984863 -0.3306455612182617 0.6539691090583801 -2.1521241664886475 0.39946499466896057 0.5808071494102478 0.7092889547348022 -1.7870198488235474 -0.6143531799316406 0.743865966796875 -0.2631227970123291 3.529707908630371 0.0 0.0 0.0 1.0
-0.6870787143707275 -0.32945913076400757 0.6475951671600342 -2.14266300201416 0.39888209104537964 0.57393479347229 0.7151866555213928 -1.7861661911010742 -0.6073021292686462 0.7497036457061768 -0.2629230320453644 3.530918836593628 0.0 0.0 0.0 1.0
-0.6943084597587585 -0.3289436399936676 0.6401030421257019 -2.132899761199951 0.3946092426776886 0.5697997808456421 0.7208410501480103 -1.785075306892395 -0.6018466353416443 0.7530765533447266 -0.26581257581710815 3.531923532485962 0.0 0.0 0.0 1.0
-0.7038611173629761 -0.32968321442604065 0.6291967034339905 -2.119279623031616 0.38884127140045166 0.5624501705169678 0.7296932935714722 -1.7827634811401367 -0.5944594144821167 0.7582603693008423 -0.26769235730171204 3.5340168476104736 0.0 0.0 0.0 1.0
-0.706153929233551 -0.3309668302536011 0.6259453296661377 -2.112236976623535 0.38900354504585266 0.5573208928108215 0.7335323095321655 -1.7815650701522827 -0.591627299785614 0.7614817023277283 -0.2648070752620697 3.5357203483581543 0.0 0.0 0.0 1.0
-0.7111173272132874 -0.3279998302459717 0.6218748092651367 -2.1053738594055176 0.38773947954177856 0.5548809170722961 0.7360470294952393 -1.7805638313293457 -0.5864897966384888 0.7645412087440491 -0.26740697026252747 3.5367391109466553 0.0 0.0 0.0 1.0
-0.7150676846504211 -0.3266070485115051 0.6180663108825684 -2.0961267948150635 0.38603803515434265 0.5526126623153687 0.7386432886123657 -1.7790040969848633 -0.5827974081039429 0.7667770385742188 -0.2690727412700653 3.53810977935791 0.0 0.0 0.0 1.0
-0.717571496963501 -0.32815757393836975 0.6143319606781006 -2.089060068130493 0.38386842608451843 0.5496440529823303 0.7419814467430115 -1.7780388593673706 -0.5811507105827332 0.7682473659515381 -0.26843956112861633 3.5389978885650635 0.0 0.0 0.0 1.0
-0.7226259708404541 -0.32492271065711975 0.6101122498512268 -2.0815885066986084 0.38004112243652344 0.5505110025405884 0.7433077096939087 -1.7772427797317505 -0.5773910880088806 0.7690011858940125 -0.2743295729160309 3.5397989749908447 0.0 0.0 0.0 1.0
-0.7265297174453735 -0.32513806223869324 0.6053427457809448 -2.071805953979492 0.375137597322464 0.5504081845283508 0.7458704113960266 -1.7765307426452637 -0.5756964087486267 0.7689838409423828 -0.2779163718223572 3.540250301361084 0.0 0.0 0.0 1.0
-0.7280375957489014 -0.3220595419406891 0.6051768064498901 -2.0641112327575684 0.3763187527656555 0.5501282811164856 0.7454817891120911 -1.7766544818878174 -0.5730143785476685 0.7704781293869019 -0.2793170213699341 3.540658950805664 0.0 0.0 0.0 1.0
-0.7323810458183289 -0.31783437728881836 0.6021621823310852 -2.056513547897339 0.3745667338371277 0.5504652261734009 0.7461151480674744 -1.7766826152801514 -0.568610429763794 0.7719904780387878 -0.28410011529922485 3.5408899784088135 0.0 0.0 0.0 1.0
-0.7381640076637268 -0.31341639161109924 0.5973977446556091 -2.0460026264190674 0.3711318075656891 0.5508246421813965 0.747564971446991 -1.7773785591125488 -0.5633605122566223 0.7735388278961182 -0.29028016328811646 3.541029691696167 0.0 0.0 0.0 1.0
-0.7423585057258606 -0.30706867575645447 0.5954936146736145 -2.037790298461914 0.36993861198425293 0.5531730651855469 0.7464214563369751 -1.7779226303100586 -0.5586137175559998 0.7744084000587463 -0.2970561981201172 3.540985107421875 0.0 0.0 0.0 1.0
-0.7505947947502136 -0.2999056577682495 0.5887818336486816 -2.0266716480255127 0.36513465642929077 0.554399311542511 0.7478757500648499 -1.779008150100708 -0.5507124066352844 0.7763362526893616 -0.30662328004837036 3.5410332679748535 0.0 0.0 0.0 1.0
-0.7543872594833374 -0.29835185408592224 0.5847101807594299 -2.0183732509613037 0.3623153865337372 0.5535222887992859 0.7498937249183655 -1.7796672582626343 -0.5473822951316833 0.777559757232666 -0.3094727396965027 3.5416126251220703 0.0 0.0 0.0 1.0
-0.7597944140434265 -0.29210928082466125 0.5808481574058533 -2.009474992752075 0.36153796315193176 0.5527013540267944 0.750873863697052 -1.780638337135315 -0.5403727889060974 0.7805083990097046 -0.3143308162689209 3.542372226715088 0.0 0.0 0.0 1.0
-0.7656502723693848 -0.2827390134334564 0.5777873992919922 -1.9975793361663818 0.3627256751060486 0.5520277619361877 0.7507965564727783 -1.7824409008026123 -0.5312342047691345 0.7844259142875671 -0.3201034963130951 3.5437519550323486 0.0 0.0 0.0 1.0
-0.7690513134002686 -0.2781442403793335 0.5754961967468262 -1.9887882471084595 0.3635276257991791 0.5502325296401978 0.7517259120941162 -1.7839765548706055 -0.5257449746131897 0.7873245477676392 -0.32204389572143555 3.5451114177703857 0.0 0.0 0.0 1.0
-0.7742406725883484 -0.2685273289680481 0.573100745677948 -1.979695200920105 0.3617866337299347 0.5552050471305847 0.7489044070243835 -1.7852749824523926 -0.5192897319793701 0.7871724367141724 -0.33271270990371704 3.5462646484375 0.0 0.0 0.0 1.0
-0.7802112698554993 -0.263482928276062 0.5673156976699829 -1.9679179191589355 0.3591866195201874 0.5538075566291809 0.7511871457099915 -1.78683602809906 -0.5121086835861206 0.7898569107055664 -0.3374473750591278 3.548234224319458 0.0 0.0 0.0 1.0
-0.7822967767715454 -0.25797024369239807 0.5669772028923035 -1.9586429595947266 0.3617267608642578 0.5528769493103027 0.7506536245346069 -1.7882091999053955 -0.5071149468421936 0.7923247218132019 -0.33919909596443176 3.550149917602539 0.0 0.0 0.0 1.0
-0.7857054471969604 -0.25486838817596436 0.5636568665504456 -1.9492589235305786 0.3611370623111725 0.55080246925354 0.7524604201316833 -1.7892895936965942 -0.5022419691085815 0.7947695851325989 -0.3407261073589325 3.551543712615967 0.0 0.0 0.0 1.0
-0.7887319326400757 -0.2533670663833618 0.5600956082344055 -1.9365884065628052 0.35805565118789673 0.5512680411338806 0.7535911798477173 -1.7907116413116455 -0.4996980130672455 0.7949268221855164 -0.34408318996429443 3.553720235824585 0.0 0.0 0.0 1.0
-0.7921590805053711 -0.24719497561454773 0.5580130815505981 -1.9269089698791504 0.35800889134407043 0.55226731300354 0.7528814077377319 -1.7914284467697144 -0.4942809045314789 0.7961755394935608 -0.34898558259010315 3.5550923347473145 0.0 0.0 0.0 1.0
-0.7944862246513367 -0.2426844984292984 0.5566828846931458 -1.9137494564056396 0.3607690930366516 0.5487726330757141 0.7541182041168213 -1.7923578023910522 -0.48850512504577637 0.7999705076217651 -0.3484392464160919 3.55743670463562 0.0 0.0 0.0 1.0
-0.7981109619140625 -0.23842377960681915 0.5533290505409241 -1.9040708541870117 0.36046743392944336 0.5469316840171814 0.7555983662605286 -1.7929387092590332 -0.48278582096099854 0.8025084733963013 -0.35056817531585693 3.558769941329956 0.0 0.0 0.0 1.0
-0.8007662892341614 -0.23440895974636078 0.5512039661407471 -1.8945070505142212 0.3612339198589325 0.5450621247291565 0.7565826773643494 -1.7929965257644653 -0.4777901768684387 0.8049594759941101 -0.3517909049987793 3.560391426086426 0.0 0.0 0.0 1.0
-0.8099944591522217 -0.2299686223268509 0.5394658446311951 -1.8683573007583618 0.34996747970581055 0.5485879778862 0.7593247294425964 -1.7910785675048828 -0.4705653190612793 0.8038443326950073 -0.363871693611145 3.565687656402588 0.0 0.0 0.0 1.0
-0.8165731430053711 -0.23520664870738983 0.5271490216255188 -1.8498866558074951 0.3334473967552185 0.5532423257827759 0.7633712887763977 -1.7880462408065796 -0.4711911678314209 0.7991250157356262 -0.37333378195762634 3.5694093704223633 0.0 0.0 0.0 1.0
-0.8213669061660767 -0.23322080075740814 0.5205424427986145 -1.8408443927764893 0.3280099630355835 0.5534842014312744 0.7655486464500427 -1.7863144874572754 -0.46665385365486145 0.7995394468307495 -0.37811487913131714 3.5708720684051514 0.0 0.0 0.0 1.0
-0.8273712992668152 -0.2300843745470047 0.5123649835586548 -1.8321888446807861 0.3221309781074524 0.5528953671455383 0.7684649229049683 -1.784335970878601 -0.46009597182273865 0.800854504108429 -0.3833324611186981 3.5716640949249268 0.0 0.0 0.0 1.0
-0.8341690897941589 -0.23081225156784058 0.500886857509613 -1.8203349113464355 0.31003114581108093 0.554871141910553 0.772009551525116 -1.7814866304397583 -0.4561169147491455 0.7992770075798035 -0.3912973403930664 3.572080373764038 0.0 0.0 0.0 1.0
-0.8396962881088257 -0.2298702895641327 0.4920059144496918 -1.8117557764053345 0.30288317799568176 0.5537509918212891 0.7756426930427551 -1.7794222831726074 -0.45074597001075745 0.8003246188163757 -0.3953588008880615 3.5718891620635986 0.0 0.0 0.0 1.0
-0.8464797139167786 -0.22300280630588531 0.48346856236457825 -1.8032634258270264 0.2981563210487366 0.5537720322608948 0.7774569988250732 -1.7771068811416626 -0.4411064684391022 0.8022507429122925 -0.40226709842681885 3.5710349082946777 0.0 0.0 0.0 1.0
-0.8547317981719971 -0.21974237263202667 0.4702625274658203 -1.7926770448684692 0.28828415274620056 0.5524377822875977 0.7821155190467834 -1.7737613916397095 -0.4316547214984894 0.8040682673454285 -0.4088378846645355 3.5698742866516113 0.0 0.0 0.0 1.0
-0.8605919480323792 -0.22177733480930328 0.45847174525260925 -1.7850801944732666 0.27766576409339905 0.5503385663032532 0.787419319152832 -1.770992636680603 -0.4269464313983917 0.804948627948761 -0.4120369553565979 3.5685698986053467 0.0 0.0 0.0 1.0
-0.8664764165878296 -0.21580302715301514 0.4501640796661377 -1.7773728370666504 0.27179914712905884 0.5524418950080872 0.7879931330680847 -1.7683876752853394 -0.41874080896377563 0.8051316738128662 -0.42002278566360474 3.5669476985931396 0.0 0.0 0.0 1.0
-0.8762972354888916 -0.2048684060573578 0.43604138493537903 -1.7674458026885986 0.26219022274017334 0.5565122365951538 0.7883846759796143 -1.7652562856674194 -0.4041774868965149 0.805185079574585 -0.43395566940307617 3.564283847808838 0.0 0.0 0.0 1.0
-0.8836596012115479 -0.20352207124233246 0.4215738773345947 -1.7602386474609375 0.2507024109363556 0.5547806024551392 0.7933264374732971 -1.7623378038406372 -0.3953404128551483 0.8067200779914856 -0.43921369314193726 3.562483787536621 0.0 0.0 0.0 1.0
-0.8895149827003479 -0.1996651142835617 0.4109707474708557 -1.7526103258132935 0.24370929598808289 0.5534937381744385 0.796398401260376 -1.7600644826889038 -0.38648271560668945 0.8085657358169556 -0.4436807334423065 3.560218334197998 0.0 0.0 0.0 1.0
-0.8950697779655457 -0.19260284304618835 0.402186781167984 -1.7425605058670044 0.2379067987203598 0.5565786361694336 0.7960028648376465 -1.7575339078903198 -0.3771609961986542 0.8081610798835754 -0.4523552358150482 3.5569941997528076 0.0 0.0 0.0 1.0
-0.8991517424583435 -0.18881835043430328 0.3948085904121399 -1.7348233461380005 0.23293620347976685 0.5572488307952881 0.797003448009491 -1.7554728984832764 -0.3704954981803894 0.8085922002792358 -0.45706862211227417 3.5544984340667725 0.0 0.0 0.0 1.0
-0.9031552672386169 -0.1884886622428894 0.38572341203689575 -1.7270818948745728 0.2259405255317688 0.5552878975868225 0.8003787994384766 -1.753771185874939 -0.3650498688220978 0.810016930103302 -0.45892396569252014 3.552031993865967 0.0 0.0 0.0 1.0
-0.9076113700866699 -0.18036431074142456 0.3790915012359619 -1.716509461402893 0.22255532443523407 0.5589523911476135 0.7987748980522156 -1.751835584640503 -0.3559645712375641 0.8093460202217102 -0.46717047691345215 3.548257350921631 0.0 0.0 0.0 1.0
-0.9117344617843628 -0.17274847626686096 0.3726905286312103 -1.7085564136505127 0.22105002403259277 0.5583856105804443 0.7995888590812683 -1.7499271631240845 -0.3462328016757965 0.8113960027694702 -0.4709133803844452 3.5452229976654053 0.0 0.0 0.0 1.0
-0.9168803095817566 -0.16948841512203217 0.3613920509815216 -1.7005105018615723 0.21496033668518066 0.5532182455062866 0.8048239946365356 -1.7480756044387817 -0.33633702993392944 0.8156121969223022 -0.47080162167549133 3.542501926422119 0.0 0.0 0.0 1.0
-0.920906662940979 -0.16405139863491058 0.35357895493507385 -1.6894372701644897 0.210608571767807 0.5538774728775024 0.8055208325386047 -1.74626886844635 -0.3279862403869629 0.8162762522697449 -0.4755188226699829 3.538778781890869 0.0 0.0 0.0 1.0
-0.9239404797554016 -0.1610824465751648 0.3469674289226532 -1.6810781955718994 0.2055557519197464 0.5558798909187317 0.8054466843605042 -1.7449860572814941 -0.3226155638694763 0.8155059814453125 -0.48048850893974304 3.5358617305755615 0.0 0.0 0.0 1.0
-0.9285038709640503 -0.16126663982868195 0.3344750702381134 -1.6731209754943848 0.1976359635591507 0.547947883605957 0.8128303289413452 -1.7439419031143188 -0.31435734033584595 0.8208204507827759 -0.476899653673172 3.5331482887268066 0.0 0.0 0.0 1.0
-0.9311212301254272 -0.1506289541721344 0.3321508467197418 -1.6621246337890625 0.20144666731357574 0.5467816591262817 0.812680184841156 -1.7430593967437744 -0.30402714014053345 0.8236144185066223 -0.47877630591392517 3.529025077819824 0.0 0.0 0.0 1.0
-0.9345847964286804 -0.14159296452999115 0.3263475000858307 -1.6541481018066406 0.20131000876426697 0.5458547472953796 0.8133368492126465 -1.7423940896987915 -0.29330113530158997 0.825829267501831 -0.4816434681415558 3.5257582664489746 0.0 0.0 0.0 1.0
-0.9382048845291138 -0.13656550645828247 0.31799593567848206 -1.6436562538146973 0.19926033914089203 0.5381069779396057 0.818984866142273 -1.740838885307312 -0.2829609215259552 0.831739604473114 -0.4776425063610077 3.521427869796753 0.0 0.0 0.0 1.0
-0.9410268068313599 -0.1271456629037857 0.3135323226451874 -1.6355783939361572 0.19935575127601624 0.5403655767440796 0.8174731135368347 -1.7392981052398682 -0.2733602523803711 0.8317686319351196 -0.48315128684043884 3.5176193714141846 0.0 0.0 0.0 1.0
-0.9430087804794312 -0.12497059255838394 0.30841004848480225 -1.62741219997406 0.19590230286121368 0.5406906604766846 0.8180928230285645 -1.737959861755371 -0.26899197697639465 0.8318869471549988 -0.48539403080940247 3.5143864154815674 0.0 0.0 0.0 1.0
-0.9447319507598877 -0.12006766349077225 0.3050660789012909 -1.6166316270828247 0.1958204209804535 0.5396361351013184 0.818808376789093 -1.7355942726135254 -0.26293709874153137 0.8332926034927368 -0.4862998127937317 3.5100536346435547 0.0 0.0 0.0 1.0
-0.9483856558799744 -0.11605644971132278 0.2951195538043976 -1.6088749170303345 0.18985101580619812 0.537636399269104 0.8215252161026001 -1.7334070205688477 -0.25401031970977783 0.8351514935493469 -0.4878532290458679 3.5067131519317627 0.0 0.0 0.0 1.0
-0.952565610408783 -0.10761303454637527 0.2846721112728119 -1.5898051261901855 0.1853863149881363 0.5366348028182983 0.8231980204582214 -1.728000521659851 -0.24135179817676544 0.8369244337081909 -0.4912298619747162 3.501239061355591 0.0 0.0 0.0 1.0
-0.9546930193901062 -0.10875991731882095 0.27700644731521606 -1.5818021297454834 0.1785988062620163 0.5351626873016357 0.8256533145904541 -1.7245268821716309 -0.238041490316391 0.8377184271812439 -0.4914916753768921 3.4993038177490234 0.0 0.0 0.0 1.0
-0.9575487375259399 -0.11002049595117569 0.2664504647254944 -1.5717905759811401 0.1692776381969452 0.5335590243339539 0.8286494016647339 -1.720228672027588 -0.2333354651927948 0.8385763168334961 -0.49228477478027344 3.496603012084961 0.0 0.0 0.0 1.0
-0.9604377150535583 -0.10655707120895386 0.2573034167289734 -1.5646822452545166 0.1642521172761917 0.529376208782196 0.8323352932929993 -1.7169426679611206 -0.22490151226520538 0.8416688442230225 -0.4909306466579437 3.4945476055145264 0.0 0.0 0.0 1.0
-0.9635378122329712 -0.10576678067445755 0.2457808256149292 -1.5576852560043335 0.15620818734169006 0.5234254002571106 0.8376305103302002 -1.7133569717407227 -0.21724140644073486 0.8454816937446594 -0.48781850934028625 3.4927713871002197 0.0 0.0 0.0 1.0
-0.9652279615402222 -0.10233910381793976 0.24054460227489471 -1.548265814781189 0.15367092192173004 0.522260308265686 0.8388262391090393 -1.7088245153427124 -0.21147161722183228 0.8466232419013977 -0.48837366700172424 3.4896183013916016 0.0 0.0 0.0 1.0
-0.966997504234314 -0.09878067672252655 0.23485779762268066 -1.5415552854537964 0.1503547579050064 0.522929847240448 0.8390100002288818 -1.7053111791610718 -0.2056921422481537 0.8466325998306274 -0.4908197522163391 3.487339496612549 0.0 0.0 0.0 1.0
-0.9683548212051392 -0.1020202785730362 0.227773517370224 -1.5348609685897827 0.14378514885902405 0.5179139375686646 0.8432621359825134 -1.7013218402862549 -0.2039969116449356 0.8493273854255676 -0.4868554472923279 3.485438823699951 0.0 0.0 0.0 1.0
-0.9695425629615784 -0.09866433590650558 0.22417086362838745 -1.5262655019760132 0.1429527997970581 0.5152342915534973 0.8450432419776917 -1.6962471008300781 -0.19887615740299225 0.851351261138916 -0.4854372441768646 3.4829158782958984 0.0 0.0 0.0 1.0
-0.9714365601539612 -0.09510442614555359 0.217407688498497 -1.5198726654052734 0.13892678916454315 0.5148175954818726 0.8459681868553162 -1.6923105716705322 -0.1923806220293045 0.8520082235336304 -0.48690009117126465 3.4810950756073 0.0 0.0 0.0 1.0
-0.9725311994552612 -0.09842189401388168 0.21094132959842682 -1.5133976936340332 0.13297460973262787 0.5088790655136108 0.8505056500434875 -1.6879452466964722 -0.19105198979377747 0.8551930785179138 -0.48181313276290894 3.4797427654266357 0.0 0.0 0.0 1.0
-0.9733915328979492 -0.10031760483980179 0.20602256059646606 -1.5040309429168701 0.12827277183532715 0.5064715147018433 0.8526621460914612 -1.6822665929794312 -0.1898815780878067 0.8564012050628662 -0.4801270663738251 3.4780261516571045 0.0 0.0 0.0 1.0
-0.9745578765869141 -0.10095389187335968 0.2001132220029831 -1.4969667196273804 0.12270747870206833 0.506821870803833 0.8532727956771851 -1.6777276992797852 -0.1875629723072052 0.8561190962791443 -0.48153942823410034 3.4770092964172363 0.0 0.0 0.0 1.0
-0.975032389163971 -0.10599047690629959 0.19513556361198425 -1.4899134635925293 0.11704391986131668 0.501477837562561 0.8572168350219727 -1.6732081174850464 -0.1887129843235016 0.8586536049842834 -0.4765515923500061 3.4764392375946045 0.0 0.0 0.0 1.0
-0.9752548336982727 -0.10636550188064575 0.1938152313232422 -1.4803632497787476 0.11667536199092865 0.4970192313194275 0.8598597049713135 -1.6675556898117065 -0.18778930604457855 0.8611958622932434 -0.4723101854324341 3.4753975868225098 0.0 0.0 0.0 1.0
-0.9763976335525513 -0.11011222004890442 0.18580348789691925 -1.4663584232330322 0.10979003459215164 0.48779433965682983 0.8660270571708679 -1.659071445465088 -0.18599405884742737 0.8659861087799072 -0.4641920328140259 3.4746336936950684 0.0 0.0 0.0 1.0
-0.9771338701248169 -0.10638834536075592 0.18409478664398193 -1.4567033052444458 0.11028056591749191 0.4866752624511719 0.866594135761261 -1.654417872428894 -0.18178988993167877 0.867080569267273 -0.46381431818008423 3.473954439163208 0.0 0.0 0.0 1.0
-0.9764185547828674 -0.1062624379992485 0.1879231333732605 -1.4488301277160645 0.11291076987981796 0.4905639886856079 0.8640590906143188 -1.6517322063446045 -0.18400534987449646 0.8649019002914429 -0.46699759364128113 3.4736385345458984 0.0 0.0 0.0 1.0
-0.9761008620262146 -0.10351146757602692 0.1910824477672577 -1.438565731048584 0.11678296327590942 0.49168169498443604 0.8629083633422852 -1.6484296321868896 -0.18327265977859497 0.8646007776260376 -0.46784254908561707 3.4733633995056152 0.0 0.0 0.0 1.0
-0.9760337471961975 -0.10340798646211624 0.19148071110248566 -1.4332813024520874 0.11683429032564163 0.4933311939239502 0.8619594573974609 -1.646955966949463 -0.1835968941450119 0.8636730313301086 -0.46942630410194397 3.4732444286346436 0.0 0.0 0.0 1.0
-0.9731080532073975 -0.10902253538370132 0.2029157429933548 -1.4225130081176758 0.12303704023361206 0.4987149238586426 0.8579891324043274 -1.6445107460021973 -0.1947372555732727 0.8598822355270386 -0.4718897044658661 3.4733028411865234 0.0 0.0 0.0 1.0
-0.9711459875106812 -0.11254362761974335 0.21026045083999634 -1.414726734161377 0.1277485191822052 0.49899882078170776 0.8571350574493408 -1.6429044008255005 -0.20138481259346008 0.8592637181282043 -0.47022342681884766 3.4730722904205322 0.0 0.0 0.0 1.0
-0.9708758592605591 -0.11413583904504776 0.2106492668390274 -1.4042376279830933 0.1266448199748993 0.5018625855445862 0.8556255102157593 -1.6404732465744019 -0.20337451994419098 0.8573837876319885 -0.47279152274131775 3.4723172187805176 0.0 0.0 0.0 1.0
-0.9700860381126404 -0.11402949690818787 0.21431377530097961 -1.3963474035263062 0.12831012904644012 0.5085877776145935 0.8513959050178528 -1.6389044523239136 -0.20608161389827728 0.853425920009613 -0.4787427484989166 3.4719531536102295 0.0 0.0 0.0 1.0
-0.968946099281311 -0.11825362592935562 0.21716240048408508 -1.388466715812683 0.12860403954982758 0.5091069936752319 0.8510411381721497 -1.6373064517974854 -0.2111975997686386 0.8525409698486328 -0.4780893623828888 3.4719483852386475 0.0 0.0 0.0 1.0
-0.9685086011886597 -0.11932014673948288 0.21852634847164154 -1.377895712852478 0.12944550812244415 0.5084317326545715 0.8513172268867493 -1.6349514722824097 -0.2126850187778473 0.8527953624725342 -0.47697505354881287 3.4719533920288086 0.0 0.0 0.0 1.0
-0.9683024883270264 -0.12251520156860352 0.2176702320575714 -1.3703093528747559 0.1262832134962082 0.5117469429969788 0.8498044610023499 -1.633347988128662 -0.21550603210926056 0.850355863571167 -0.48005422949790955 3.471717596054077 0.0 0.0 0.0 1.0
-0.9675007462501526 -0.13122029602527618 0.2161562591791153 -1.360228419303894 0.12030000239610672 0.5130325555801392 0.8498973250389099 -1.6313496828079224 -0.22241899371147156 0.8482798933982849 -0.4805735945701599 3.4715158939361572 0.0 0.0 0.0 1.0
-0.9683378338813782 -0.13230127096176147 0.2117031216621399 -1.352943778038025 0.11531962454319 0.5150638222694397 0.8493589758872986 -1.6294785737991333 -0.22141188383102417 0.8468799591064453 -0.48349884152412415 3.4711947441101074 0.0 0.0 0.0 1.0
-0.9684894680976868 -0.1362544745206833 0.2084774523973465 -1.345259666442871 0.10981892794370651 0.5176716446876526 0.8485020995140076 -1.6272814273834229 -0.22353507578372955 0.8446601629257202 -0.48639625310897827 3.4707183837890625 0.0 0.0 0.0 1.0
-0.9668319225311279 -0.143593892455101 0.21122705936431885 -1.3352926969528198 0.10887745022773743 0.5163916945457458 0.849402904510498 -1.6240705251693726 -0.2310449630022049 0.84422767162323 -0.48362982273101807 3.4703874588012695 0.0 0.0 0.0 1.0
-0.9665727615356445 -0.14830297231674194 0.20914891362190247 -1.327420949935913 0.10426399856805801 0.5178848505020142 0.8490726351737976 -1.6214333772659302 -0.23423504829406738 0.8424971699714661 -0.4851107597351074 3.470158815383911 0.0 0.0 0.0 1.0
-0.9653379917144775 -0.15473347902297974 0.21019066870212555 -1.3194453716278076 0.10096150636672974 0.521253764629364 0.8474085927009583 -1.6188336610794067 -0.24068515002727509 0.8392568826675415 -0.48756393790245056 3.469796657562256 0.0 0.0 0.0 1.0
-0.9627088308334351 -0.16501058638095856 0.21439044177532196 -1.3084886074066162 0.09755416214466095 0.5274074673652649 0.8439931869506836 -1.615259051322937 -0.2523389458656311 0.8334343433380127 -0.4916423559188843 3.4696850776672363 0.0 0.0 0.0 1.0
-0.9599142670631409 -0.1740192174911499 0.2197313904762268 -1.3000421524047852 0.09717508405447006 0.5286997556686401 0.8432280421257019 -1.6122442483901978 -0.26290982961654663 0.8307790756225586 -0.49059614539146423 3.470248222351074 0.0 0.0 0.0 1.0
-0.9575384259223938 -0.17740429937839508 0.2272617667913437 -1.2916805744171143 0.10163718461990356 0.5299451351165771 0.8419192433357239 -1.6092503070831299 -0.26979637145996094 0.8292682766914368 -0.48941195011138916 3.470226287841797 0.0 0.0 0.0 1.0
-0.9527413845062256 -0.18426525592803955 0.24151650071144104 -1.2802330255508423 0.10932750999927521 0.5337799787521362 0.8385263085365295 -1.605454921722412 -0.2834279537200928 0.8253031373023987 -0.48840901255607605 3.470360040664673 0.0 0.0 0.0 1.0
-0.9474082589149475 -0.19510003924369812 0.253680020570755 -1.2719690799713135 0.11467567831277847 0.5330814123153687 0.8382563591003418 -1.6030548810958862 -0.29877597093582153 0.8232619166374207 -0.4826725125312805 3.47057843208313 0.0 0.0 0.0 1.0
-0.9445930123329163 -0.19985844194889069 0.26038554310798645 -1.2612003087997437 0.11805761605501175 0.5333284735679626 0.837629497051239 -1.5995995998382568 -0.3062783479690552 0.8219594359397888 -0.48018354177474976 3.4700539112091064 0.0 0.0 0.0 1.0
-0.9414740800857544 -0.20297390222549438 0.2691248655319214 -1.2535048723220825 0.12321793287992477 0.5359108448028564 0.8352346420288086 -1.597703456878662 -0.3137577772140503 0.8195127248764038 -0.47953614592552185 3.4692962169647217 0.0 0.0 0.0 1.0
-0.9364005327224731 -0.208623006939888 0.2821887135505676 -1.2432136535644531 0.13081277906894684 0.5386532545089722 0.8323104381561279 -1.5950419902801514 -0.3256409764289856 0.8162898421287537 -0.47710463404655457 3.468322515487671 0.0 0.0 0.0 1.0
-0.9329140186309814 -0.2131647765636444 0.2902279198169708 -1.2359164953231812 0.1355544924736023 0.5387949347496033 0.8314595818519592 -1.593103051185608 -0.33361122012138367 0.8150219917297363 -0.4737538695335388 3.4674673080444336 0.0 0.0 0.0 1.0
-0.9281115531921387 -0.22134853899478912 0.2993556261062622 -1.2264988422393799 0.13761170208454132 0.543165385723114 0.8282719254493713 -1.5904544591903687 -0.3459363877773285 0.8099235892295837 -0.47365787625312805 3.4654414653778076 0.0 0.0 0.0 1.0
-0.9239850640296936 -0.23113054037094116 0.30468058586120605 -1.2195903062820435 0.13666164875030518 0.5445355176925659 0.82752925157547 -1.5879968404769897 -0.35717669129371643 0.8062628507614136 -0.4715559780597687 3.4638381004333496 0.0 0.0 0.0 1.0
-0.9197788238525391 -0.23996947705745697 0.31051814556121826 -1.2127699851989746 0.13821406662464142 0.5424726605415344 0.8286255598068237 -1.585336685180664 -0.36729246377944946 0.8050702214241028 -0.46578773856163025 3.4616589546203613 0.0 0.0 0.0 1.0
-0.9158739447593689 -0.24152728915214539 0.3206859529018402 -1.2058452367782593 0.14513009786605835 0.5455794930458069 0.8253970146179199 -1.5825294256210327 -0.3743155896663666 0.80250084400177 -0.4646291732788086 3.4592204093933105 0.0 0.0 0.0 1.0
-0.9119465947151184 -0.24579058587551117 0.32854291796684265 -1.199010968208313 0.14979949593544006 0.5460039973258972 0.8242813348770142 -1.579752802848816 -0.3819863498210907 0.8009160757064819 -0.46110716462135315 3.4564199447631836 0.0 0.0 0.0 1.0
-0.9080959558486938 -0.2533818185329437 0.3334057927131653 -1.190468192100525 0.15120796859264374 0.5440526604652405 0.8253138065338135 -1.5753302574157715 -0.39050981402397156 0.7998777031898499 -0.4557386636734009 3.452389717102051 0.0 0.0 0.0 1.0
-0.9046018123626709 -0.25987181067466736 0.33787891268730164 -1.1822131872177124 0.15064196288585663 0.5466102361679077 0.8237258195877075 -1.5705236196517944 -0.3987511992454529 0.7960426807403564 -0.45531702041625977 3.447652578353882 0.0 0.0 0.0 1.0
-0.8991299867630005 -0.26509296894073486 0.3482685387134552 -1.1756683588027954 0.1569100320339203 0.5475863218307495 0.8219053745269775 -1.5670909881591797 -0.4085884094238281 0.7936466336250305 -0.4507555365562439 3.4440674781799316 0.0 0.0 0.0 1.0
-0.8972364068031311 -0.2674556374549866 0.3513321280479431 -1.1693243980407715 0.15982475876808167 0.5450083613395691 0.8230564594268799 -1.5630202293395996 -0.41161003708839417 0.7946277856826782 -0.4462553560733795 3.4401466846466064 0.0 0.0 0.0 1.0
-0.8945214748382568 -0.2701030671596527 0.3561961054801941 -1.1605466604232788 0.16358332335948944 0.5437610745429993 0.8231430053710938 -1.5574781894683838 -0.4160190224647522 0.7945868372917175 -0.44222158193588257 3.4341111183166504 0.0 0.0 0.0 1.0
-0.8904760479927063 -0.269729882478714 0.3664671778678894 -1.1536732912063599 0.17088553309440613 0.5481853485107422 0.8187130093574524 -1.5536237955093384 -0.42172330617904663 0.7916682362556458 -0.442052960395813 3.429164409637451 0.0 0.0 0.0 1.0
-0.8891323804855347 -0.272041916847229 0.3680173456668854 -1.1471160650253296 0.17204442620277405 0.5464701652526855 0.819616436958313 -1.5487927198410034 -0.4240805208683014 0.7920628786087036 -0.43908101320266724 3.4242968559265137 0.0 0.0 0.0 1.0
-0.8856905102729797 -0.2746848464012146 0.3743000626564026 -1.1382331848144531 0.17717282474040985 0.545222282409668 0.8193548917770386 -1.5429192781448364 -0.4291411340236664 0.7920106649398804 -0.4342315196990967 3.417875289916992 0.0 0.0 0.0 1.0
-0.8818238973617554 -0.27755123376846313 0.38125041127204895 -1.1313731670379639 0.18072743713855743 0.5478264689445496 0.8168376684188843 -1.5384918451309204 -0.43557336926460266 0.7892093658447266 -0.43292537331581116 3.4131319522857666 0.0 0.0 0.0 1.0
-0.8785930871963501 -0.2794627547264099 0.387265682220459 -1.124618649482727 0.18608760833740234 0.5464805364608765 0.8165356516838074 -1.5340754985809326 -0.4398244619369507 0.7894679307937622 -0.4281294643878937 3.408609628677368 0.0 0.0 0.0 1.0
-0.874625027179718 -0.28019410371780396 0.395628958940506 -1.115558385848999 0.1941787749528885 0.5452784299850464 0.8154544830322266 -1.5279173851013184 -0.44421347975730896 0.7900396585464478 -0.4225064218044281 3.402921199798584 0.0 0.0 0.0 1.0
-0.8703436851501465 -0.2874218225479126 0.39986321330070496 -1.1085273027420044 0.1950536072254181 0.5443735122680664 0.8158501982688904 -1.5230791568756104 -0.4521681070327759 0.7880648374557495 -0.41772937774658203 3.3990955352783203 0.0 0.0 0.0 1.0
-0.8645787835121155 -0.2954719364643097 0.40644779801368713 -1.099197506904602 0.19648423790931702 0.5456740856170654 0.8146371841430664 -1.5165573358535767 -0.4624904692173004 0.784178614616394 -0.4137226939201355 3.3944146633148193 0.0 0.0 0.0 1.0
-0.8588591814041138 -0.30132222175598145 0.41420507431030273 -1.092178463935852 0.20041106641292572 0.5465056300163269 0.8131217956542969 -1.5116024017333984 -0.47137704491615295 0.7813683748245239 -0.408983051776886 3.3909966945648193 0.0 0.0 0.0 1.0
-0.8511970639228821 -0.3095649480819702 0.42383140325546265 -1.0848735570907593 0.20556217432022095 0.546384871006012 0.8119161128997803 -1.506759762763977 -0.48291584849357605 0.7782242894172668 -0.4014463722705841 3.3882079124450684 0.0 0.0 0.0 1.0
-0.8432260751724243 -0.3172473907470703 0.43396303057670593 -1.0751816034317017 0.21103791892528534 0.5471053719520569 0.8100239038467407 -1.5004360675811768 -0.4944014847278595 0.7746158838272095 -0.3943822681903839 3.385139226913452 0.0 0.0 0.0 1.0
-0.8363531827926636 -0.3283066153526306 0.43900811672210693 -1.0680947303771973 0.21080505847930908 0.5466377139091492 0.8104001879692078 -1.4956738948822021 -0.5060381293296814 0.7703258991241455 -0.38797348737716675 3.3831028938293457 0.0 0.0 0.0 1.0
-0.8301346898078918 -0.33612164855003357 0.44485798478126526 -1.0609139204025269 0.21220867335796356 0.547346830368042 0.8095547556877136 -1.4911044836044312 -0.5156005024909973 0.7664422392845154 -0.38304364681243896 3.381418466567993 0.0 0.0 0.0 1.0
-0.8208847045898438 -0.34906911849975586 0.45199450850486755 -1.0515471696853638 0.21418586373329163 0.5455048084259033 0.8102770447731018 -1.4854258298873901 -0.5294078588485718 0.7619549036026001 -0.3730308711528778 3.379701852798462 0.0 0.0 0.0 1.0
-0.8148272037506104 -0.3567468225955963 0.4569336473941803 -1.0445713996887207 0.21625852584838867 0.5442560911178589 0.8105661869049072 -1.4811893701553345 -0.537855863571167 0.7592871785163879 -0.36632511019706726 3.378401279449463 0.0 0.0 0.0 1.0
-0.8084383010864258 -0.3638191819190979 0.4626695513725281 -1.036007046699524 0.2210351824760437 0.5408765077590942 0.8115392923355103 -1.4759396314620972 -0.545500636100769 0.7583457231521606 -0.35684844851493835 3.377004384994507 0.0 0.0 0.0 1.0
-0.8036871552467346 -0.36904463171958923 0.4667900800704956 -1.029741644859314 0.22537730634212494 0.5372248888015747 0.8127696514129639 -1.4720529317855835 -0.5507194995880127 0.7584164142608643 -0.34858644008636475 3.37629771232605 0.0 0.0 0.0 1.0
-0.8007075786590576 -0.3773013949394226 0.4653075039386749 -1.0234806537628174 0.2237209677696228 0.5322000980377197 0.8165243268013 -1.4678069353103638 -0.5557124614715576 0.7578962445259094 -0.3417263925075531 3.3755619525909424 0.0 0.0 0.0 1.0
-0.794360876083374 -0.3824463188648224 0.4719381630420685 -1.015432596206665 0.22615119814872742 0.5348747372627258 0.8141035437583923 -1.46259343624115 -0.5637786984443665 0.753421425819397 -0.33839288353919983 3.3748223781585693 0.0 0.0 0.0 1.0
-0.7914107441902161 -0.3891819715499878 0.4713877737522125 -1.0101823806762695 0.22672241926193237 0.5292611718177795 0.8176059722900391 -1.458885908126831 -0.5676847696304321 0.7539363503456116 -0.3306266963481903 3.3747994899749756 0.0 0.0 0.0 1.0
-0.7863274216651917 -0.39742356538772583 0.47301551699638367 -1.0053306818008423 0.22999268770217896 0.5222974419593811 0.8211630582809448 -1.4556406736373901 -0.5734043121337891 0.7544931173324585 -0.319292277097702 3.3749704360961914 0.0 0.0 0.0 1.0
-0.778921902179718 -0.4036048948764801 0.47998306155204773 -0.998695969581604 0.23427337408065796 0.5226929783821106 0.8196999430656433 -1.4513888359069824 -0.5817186832427979 0.7509295344352722 -0.3125831186771393 3.3752739429473877 0.0 0.0 0.0 1.0
-0.7742644548416138 -0.40942296385765076 0.48258402943611145 -0.9942412972450256 0.2349424809217453 0.5220953822135925 0.8198893070220947 -1.4485570192337036 -0.587636411190033 0.7481906414031982 -0.3080490827560425 3.375551462173462 0.0 0.0 0.0 1.0
-0.771447479724884 -0.41585177183151245 0.4815974831581116 -0.989982545375824 0.23430590331554413 0.5180377960205078 0.822640597820282 -1.4457670450210571 -0.5915822386741638 0.7474651336669922 -0.302202433347702 3.375688076019287 0.0 0.0 0.0 1.0
-0.7656551003456116 -0.41933563351631165 0.4877806007862091 -0.9847278594970703 0.24035003781318665 0.51688152551651 0.8216236233711243 -1.4432443380355835 -0.596660852432251 0.7463183999061584 -0.29496562480926514 3.3761510848999023 0.0 0.0 0.0 1.0
-0.7610235214233398 -0.4249681532382965 0.49014824628829956 -0.9809706211090088 0.24290667474269867 0.513922393321991 0.8227272629737854 -1.4410148859024048 -0.6015310287475586 0.7451750636100769 -0.28787940740585327 3.3766539096832275 0.0 0.0 0.0 1.0
-0.7583804726600647 -0.42741674184799194 0.49211177229881287 -0.9775058627128601 0.24354180693626404 0.5145004987716675 0.8221780061721802 -1.4390519857406616 -0.6046043634414673 0.7433735132217407 -0.28609326481819153 3.3770036697387695 0.0 0.0 0.0 1.0
-0.7525018453598022 -0.43338146805763245 0.49590474367141724 -0.9735597372055054 0.24642659723758698 0.5129992961883545 0.8222564458847046 -1.4368391036987305 -0.6107494831085205 0.7409535646438599 -0.27923616766929626 3.377958297729492 0.0 0.0 0.0 1.0
-0.7474609017372131 -0.43606123328208923 0.501151442527771 -0.9705974459648132 0.25068408250808716 0.5134714841842651 0.8206732273101807 -1.4353008270263672 -0.6151907444000244 0.7390518188476562 -0.274486243724823 3.3786354064941406 0.0 0.0 0.0 1.0
-0.744572103023529 -0.4379970133304596 0.5037568211555481 -0.967838704586029 0.2537490427494049 0.5122916102409363 0.8204686045646667 -1.434046983718872 -0.6174331903457642 0.7387259006500244 -0.27029672265052795 3.379608631134033 0.0 0.0 0.0 1.0
-0.7379010915756226 -0.44484832882881165 0.5075548887252808 -0.964695930480957 0.25364968180656433 0.5141118168830872 0.8193600177764893 -1.4321269989013672 -0.6254308819770813 0.7333478331565857 -0.26652804017066956 3.3808441162109375 0.0 0.0 0.0 1.0
-0.7322969436645508 -0.44743290543556213 0.5133663415908813 -0.9623274803161621 0.2551507353782654 0.5186676979064941 0.8160158395767212 -1.4309080839157104 -0.6313788890838623 0.7285516858100891 -0.2656559646129608 3.3814480304718018 0.0 0.0 0.0 1.0
-0.7292717099189758 -0.45012181997299194 0.5153184533119202 -0.9600675702095032 0.25653254985809326 0.518332302570343 0.8157957196235657 -1.4297972917556763 -0.634313702583313 0.7271326780319214 -0.26253417134284973 3.3824474811553955 0.0 0.0 0.0 1.0
-0.7236900329589844 -0.4539659023284912 0.5197957754135132 -0.9572159051895142 0.26213976740837097 0.5159167051315308 0.8155444264411926 -1.4286001920700073 -0.638400673866272 0.7264605164527893 -0.25436127185821533 3.3837342262268066 0.0 0.0 0.0 1.0
-0.7188904285430908 -0.4549803137779236 0.5255373120307922 -0.9550472497940063 0.2690921723842621 0.5149364471435547 0.8138979077339172 -1.4282095432281494 -0.6409258842468262 0.7265214323997498 -0.24775125086307526 3.3847897052764893 0.0 0.0 0.0 1.0
-0.7146881818771362 -0.45699045062065125 0.5295096635818481 -0.9525840282440186 0.2715924382209778 0.5163260102272034 0.8121852874755859 -1.4273192882537842 -0.6445605754852295 0.7242701053619385 -0.24489697813987732 3.38578462600708 0.0 0.0 0.0 1.0
-0.7101802229881287 -0.4618792235851288 0.5313300490379333 -0.9494303464889526 0.26991623640060425 0.5184073448181152 0.8114179372787476 -1.4258849620819092 -0.6502224802970886 0.7196675539016724 -0.2434939295053482 3.3868651390075684 0.0 0.0 0.0 1.0
-0.7039875388145447 -0.4663538336753845 0.535645067691803 -0.9467613101005554 0.2715422213077545 0.5201584696769714 0.8097530603408813 -1.4253027439117432 -0.6562517285346985 0.7155063152313232 -0.23955030739307404 3.3878068923950195 0.0 0.0 0.0 1.0
-0.6976955533027649 -0.4696636497974396 0.5409592986106873 -0.9441971778869629 0.2731708586215973 0.523647129535675 0.8069518804550171 -1.4245470762252808 -0.6622677445411682 0.7107810974121094 -0.23704785108566284 3.388843297958374 0.0 0.0 0.0 1.0
-0.6938483119010925 -0.47173669934272766 0.5440946817398071 -0.9397732019424438 0.27706751227378845 0.522517740726471 0.8063552379608154 -1.4231911897659302 -0.6646865010261536 0.7102391719818115 -0.23184511065483093 3.391160726547241 0.0 0.0 0.0 1.0
-0.687075138092041 -0.4728686511516571 0.5516548156738281 -0.9369118213653564 0.2825278341770172 0.5256199240684509 0.8024348616600037 -1.4228488206863403 -0.669407069683075 0.7071908712387085 -0.22754181921482086 3.392544746398926 0.0 0.0 0.0 1.0
-0.6809600591659546 -0.4743824005126953 0.5579020977020264 -0.9339441061019897 0.2878095805644989 0.527164876461029 0.7995391488075256 -1.4226312637329102 -0.6733936667442322 0.7050238251686096 -0.22244642674922943 3.393746852874756 0.0 0.0 0.0 1.0
-0.6775424480438232 -0.47661030292510986 0.5601596832275391 -0.9296046495437622 0.29076215624809265 0.5260002017021179 0.799237847328186 -1.4216169118881226 -0.6755691170692444 0.704390823841095 -0.21780721843242645 3.395644187927246 0.0 0.0 0.0 1.0
-0.6721524000167847 -0.48022815585136414 0.5635530948638916 -0.9265415072441101 0.2926807701587677 0.5268124938011169 0.7980016469955444 -1.4215435981750488 -0.6801096200942993 0.7013198733329773 -0.21354471147060394 3.397111177444458 0.0 0.0 0.0 1.0
-0.6674694418907166 -0.4820502996444702 0.5675491690635681 -0.9233843088150024 0.29588302969932556 0.52773517370224 0.7962090373039246 -1.4211580753326416 -0.6833284497261047 0.6993733644485474 -0.20961658656597137 3.3986387252807617 0.0 0.0 0.0 1.0
-0.6611994504928589 -0.4879955053329468 0.5698031783103943 -0.9191409945487976 0.2989380359649658 0.5252398252487183 0.7967177629470825 -1.4206889867782593 -0.688077986240387 0.6971251964569092 -0.20140784978866577 3.400689125061035 0.0 0.0 0.0 1.0
-0.6552276611328125 -0.4904959797859192 0.5745349526405334 -0.9158684611320496 0.30055952072143555 0.5284864902496338 0.79395592212677 -1.4206420183181763 -0.6930661201477051 0.6929038166999817 -0.19885574281215668 3.401801824569702 0.0 0.0 0.0 1.0
-0.6507626175880432 -0.4935426712036133 0.5769953727722168 -0.9126020073890686 0.30274927616119385 0.5282359719276428 0.793290376663208 -1.4207892417907715 -0.6963123679161072 0.6909286379814148 -0.19433651864528656 3.403264284133911 0.0 0.0 0.0 1.0
-0.6438543796539307 -0.4979599714279175 0.5809366703033447 -0.9083429574966431 0.3043100833892822 0.529965877532959 0.7915374636650085 -1.420980453491211 -0.702030599117279 0.6864197254180908 -0.1896866112947464 3.405062675476074 0.0 0.0 0.0 1.0
-0.6386939883232117 -0.5012692213058472 0.58378005027771 -0.9054704308509827 0.3054339289665222 0.5311938524246216 0.7902804613113403 -1.4214441776275635 -0.706243634223938 0.6830536127090454 -0.1861657202243805 3.406456708908081 0.0 0.0 0.0 1.0
-0.6328898668289185 -0.5020620822906494 0.5893929600715637 -0.9022961258888245 0.30939972400665283 0.5338230133056641 0.7869592308998108 -1.4221755266189575 -0.7097339034080505 0.6804165244102478 -0.1825132668018341 3.4079363346099854 0.0 0.0 0.0 1.0
-0.6260318160057068 -0.5045219659805298 0.5945937633514404 -0.8982258439064026 0.3113934099674225 0.5373229384422302 0.7837845087051392 -1.4231758117675781 -0.7149254083633423 0.6758266091346741 -0.17927642166614532 3.4097397327423096 0.0 0.0 0.0 1.0
-0.621915876865387 -0.5057585835456848 0.5978535413742065 -0.8950451016426086 0.3107142448425293 0.5414150953292847 0.7812338471412659 -1.4240334033966064 -0.7188026905059814 0.6716233491897583 -0.17956823110580444 3.4110348224639893 0.0 0.0 0.0 1.0
-0.6140519380569458 -0.503024697303772 0.6081992983818054 -0.8909651637077332 0.3178115785121918 0.5477696657180786 0.7739148736000061 -1.4258882999420166 -0.722451388835907 0.6685166954994202 -0.17649196088314056 3.412935733795166 0.0 0.0 0.0 1.0
-0.6095981597900391 -0.5055766105651855 0.6105591058731079 -0.8878944516181946 0.32110077142715454 0.54671311378479 0.7733039855957031 -1.4269026517868042 -0.7247650623321533 0.6674556732177734 -0.17093423008918762 3.4147138595581055 0.0 0.0 0.0 1.0
-0.6050110459327698 -0.5078533887863159 0.6132263541221619 -0.885028600692749 0.3216012716293335 0.5486866235733032 0.7716965675354004 -1.4277451038360596 -0.7283778190612793 0.6640993356704712 -0.16863517463207245 3.416583776473999 0.0 0.0 0.0 1.0
-0.5977241396903992 -0.5068963766098022 0.6211134195327759 -0.881070077419281 0.3261968195438385 0.5539430975914001 0.7659913301467896 -1.4294556379318237 -0.7323397397994995 0.6604567170143127 -0.1657571792602539 3.4192492961883545 0.0 0.0 0.0 1.0
-0.591701865196228 -0.5085299015045166 0.6255287528038025 -0.8783087134361267 0.3298579752445221 0.5552869439125061 0.7634462118148804 -1.4304450750350952 -0.7355831861495972 0.6580682396888733 -0.16082167625427246 3.4213790893554688 0.0 0.0 0.0 1.0
-0.5865102410316467 -0.5112230777740479 0.6282171010971069 -0.8747673034667969 0.33037135004997253 0.5571733713150024 0.7618481516838074 -1.431549310684204 -0.7395001649856567 0.6543766856193542 -0.15789441764354706 3.4243738651275635 0.0 0.0 0.0 1.0
-0.579497754573822 -0.5095308423042297 0.636050820350647 -0.872006893157959 0.33389803767204285 0.5635067224502563 0.7556270360946655 -1.4324028491973877 -0.7434342503547668 0.650260329246521 -0.1564195454120636 3.426464796066284 0.0 0.0 0.0 1.0
-0.5722960829734802 -0.5072445273399353 0.6443447470664978 -0.8692336082458496 0.3377514183521271 0.5702013373374939 0.7488620281219482 -1.4335088729858398 -0.7472624778747559 0.6461991667747498 -0.1550014317035675 3.4281868934631348 0.0 0.0 0.0 1.0
-0.5657968521118164 -0.5093018412590027 0.6484485864639282 -0.8657805323600769 0.33958736062049866 0.572705864906311 0.7461155652999878 -1.4344106912612915 -0.7513682842254639 0.6423547863960266 -0.15108270943164825 3.4306061267852783 0.0 0.0 0.0 1.0
-0.5602274537086487 -0.5060218572616577 0.6558102369308472 -0.8631970882415771 0.34122729301452637 0.5804396867752075 0.7393603324890137 -1.4353643655776978 -0.7547907829284668 0.6379903554916382 -0.15250979363918304 3.431837558746338 0.0 0.0 0.0 1.0
-0.5550650954246521 -0.5014286637306213 0.6636806726455688 -0.8606172204017639 0.34459343552589417 0.5875752568244934 0.7321274876594543 -1.4365994930267334 -0.7570720314979553 0.6350784301757812 -0.1533534824848175 3.4333701133728027 0.0 0.0 0.0 1.0
-0.5508331060409546 -0.49850398302078247 0.6693852543830872 -0.8575461506843567 0.35271766781806946 0.5878462195396423 0.7280295491218567 -1.437934398651123 -0.7564212679862976 0.6371268033981323 -0.14797401428222656 3.4353134632110596 0.0 0.0 0.0 1.0
-0.5455382466316223 -0.495704710483551 0.6757698059082031 -0.8548737168312073 0.3573514521121979 0.5917693376541138 0.722571074962616 -1.438905954360962 -0.7580817937850952 0.6356775164604187 -0.14569203555583954 3.4369940757751465 0.0 0.0 0.0 1.0
-0.5372672080993652 -0.4909089207649231 0.6858224272727966 -0.8518978357315063 0.3627939522266388 0.5995638370513916 0.7133749127388 -1.4395915269851685 -0.7613964080810547 0.6320852041244507 -0.14402718842029572 3.4383809566497803 0.0 0.0 0.0 1.0
-0.532143235206604 -0.48912540078163147 0.6910715699195862 -0.8479364514350891 0.3653351068496704 0.6036809682846069 0.7085898518562317 -1.4403795003890991 -0.7637760639190674 0.6295440196990967 -0.14255006611347198 3.4404149055480957 0.0 0.0 0.0 1.0
-0.5265842080116272 -0.48749324679374695 0.6964620351791382 -0.8446781635284424 0.3693946599960327 0.6066576242446899 0.7039276361465454 -1.4409539699554443 -0.7656739950180054 0.6279465556144714 -0.13937892019748688 3.4424405097961426 0.0 0.0 0.0 1.0
-0.5185651183128357 -0.48575398325920105 0.7036570906639099 -0.8413130640983582 0.3774219751358032 0.6084017157554626 0.6981403827667236 -1.4419738054275513 -0.7672306299209595 0.6276068687438965 -0.1321616768836975 3.4444496631622314 0.0 0.0 0.0 1.0
-0.5132012367248535 -0.4887213706970215 0.7055323719978333 -0.8367709517478943 0.37698110938072205 0.6101417541503906 0.6968588829040527 -1.442694902420044 -0.7710445523262024 0.6236011981964111 -0.12888678908348083 3.4472172260284424 0.0 0.0 0.0 1.0
-0.5102667808532715 -0.4884982407093048 0.7078115940093994 -0.8331128358840942 0.37665700912475586 0.6129510998725891 0.694564938545227 -1.4432636499404907 -0.7731476426124573 0.6210156083106995 -0.1287723183631897 3.4492528438568115 0.0 0.0 0.0 1.0
-0.5060205459594727 -0.4874114990234375 0.7115990519523621 -0.8294499516487122 0.3801368176937103 0.6145463585853577 0.6912516355514526 -1.4445123672485352 -0.7742345929145813 0.6202925443649292 -0.1256900280714035 3.4514832496643066 0.0 0.0 0.0 1.0
-0.5037068724632263 -0.4921623468399048 0.7099687457084656 -0.824907660484314 0.3821105360984802 0.6101418137550354 0.694059431552887 -1.4460588693618774 -0.774771511554718 0.6208890676498413 -0.11927218735218048 3.454707622528076 0.0 0.0 0.0 1.0
-0.500830352306366 -0.49293002486228943 0.7114695310592651 -0.8214576840400696 0.38325873017311096 0.6107195019721985 0.6929173469543457 -1.4470577239990234 -0.7760680913925171 0.6197109818458557 -0.11694715917110443 3.457301616668701 0.0 0.0 0.0 1.0
-0.4977389872074127 -0.4918869435787201 0.7143550515174866 -0.8178014755249023 0.3846617341041565 0.6130028963088989 0.6901179552078247 -1.4486850500106812 -0.7773617506027222 0.6182836890220642 -0.11590535193681717 3.460007905960083 0.0 0.0 0.0 1.0
-0.49686112999916077 -0.4929834008216858 0.7142103314399719 -0.813260555267334 0.38438892364501953 0.612834095954895 0.6904198527336121 -1.4511055946350098 -0.7780579328536987 0.617577314376831 -0.11499607563018799 3.4637763500213623 0.0 0.0 0.0 1.0
-0.49622708559036255 -0.49341368675231934 0.7143539786338806 -0.8097088932991028 0.3853456676006317 0.6121451258659363 0.6904976963996887 -1.4528800249099731 -0.7779893279075623 0.6179168820381165 -0.11362816393375397 3.466742515563965 0.0 0.0 0.0 1.0
-0.4931849539279938 -0.49032992124557495 0.7185716032981873 -0.8049678802490234 0.3870547115802765 0.616069495677948 0.6860371828079224 -1.4561232328414917 -0.7790746092796326 0.6164698004722595 -0.1140516996383667 3.4709725379943848 0.0 0.0 0.0 1.0
-0.4933944642543793 -0.4925907552242279 0.7168794870376587 -0.8014237880706787 0.38590821623802185 0.6146535277366638 0.6879504919052124 -1.4581403732299805 -0.7795105576515198 0.616080641746521 -0.11317183077335358 3.4743757247924805 0.0 0.0 0.0 1.0
-0.49472126364707947 -0.49195417761802673 0.7164021134376526 -0.7975740432739258 0.3853326439857483 0.6147124171257019 0.6882205009460449 -1.4604640007019043 -0.7789542078971863 0.6165304183959961 -0.1145452931523323 3.4777283668518066 0.0 0.0 0.0 1.0
-0.4942398965358734 -0.4879808723926544 0.7194453477859497 -0.7924367785453796 0.3879382014274597 0.6168115735054016 0.6848703622817993 -1.4639830589294434 -0.7779658436775208 0.617590606212616 -0.11554647237062454 3.482269763946533 0.0 0.0 0.0 1.0
-0.4956691265106201 -0.48535141348838806 0.7202402949333191 -0.7886782288551331 0.39141783118247986 0.6154534816741943 0.6841118931770325 -1.4670268297195435 -0.7753090858459473 0.621008038520813 -0.11508611589670181 3.4856784343719482 0.0 0.0 0.0 1.0
-0.4968908131122589 -0.4816489517688751 0.7218821048736572 -0.7850236296653748 0.3930913209915161 0.616688072681427 0.6820374131202698 -1.4700331687927246 -0.773678719997406 0.6226637363433838 -0.11709459125995636 3.489220380783081 0.0 0.0 0.0 1.0
-0.5001434683799744 -0.47863277792930603 0.721642017364502 -0.7803810834884644 0.39441853761672974 0.61598140001297 0.6819097399711609 -1.4745596647262573 -0.7709023952484131 0.6256816983222961 -0.11929742246866226 3.4941089153289795 0.0 0.0 0.0 1.0
-0.5018963813781738 -0.47574755549430847 0.7223325371742249 -0.7771221399307251 0.39631980657577515 0.6158092617988586 0.6809622645378113 -1.47843599319458 -0.7687851786613464 0.6280471682548523 -0.12052423506975174 3.4979617595672607 0.0 0.0 0.0 1.0
-0.5110836029052734 -0.46582862734794617 0.7223553657531738 -0.7700116038322449 0.3942893147468567 0.6197060346603394 0.6786017417907715 -1.487568736076355 -0.7637600898742676 0.6316392421722412 -0.133050337433815 3.5067412853240967 0.0 0.0 0.0 1.0
-0.5157505869865417 -0.46258819103240967 0.7211196422576904 -0.7671515345573425 0.39365437626838684 0.6196370124816895 0.6790332794189453 -1.491586685180664 -0.760945200920105 0.6340836882591248 -0.13747824728488922 3.51062273979187 0.0 0.0 0.0 1.0
-0.5236547589302063 -0.4562947750091553 0.7194308638572693 -0.7637085318565369 0.39795926213264465 0.6156585812568665 0.6801418662071228 -1.4974606037139893 -0.7532689571380615 0.6424636840820312 -0.14080579578876495 3.5162293910980225 0.0 0.0 0.0 1.0
-0.5310958027839661 -0.4512648582458496 0.7171452045440674 -0.761149525642395 0.39905449748039246 0.6134188771247864 0.6815224289894104 -1.5018517971038818 -0.7474575042724609 0.6481336951255798 -0.14570489525794983 3.5203559398651123 0.0 0.0 0.0 1.0
-0.5389089584350586 -0.4504605233669281 0.7118022441864014 -0.7591081857681274 0.39711734652519226 0.6093525290489197 0.6862851977348328 -1.505822777748108 -0.7428828477859497 0.6525142788887024 -0.14949984848499298 3.524935722351074 0.0 0.0 0.0 1.0
-0.5479809045791626 -0.4480769634246826 0.7063596248626709 -0.7561919689178467 0.39425545930862427 0.6064087152481079 0.6905295848846436 -1.5115677118301392 -0.7377530336380005 0.656883180141449 -0.15564359724521637 3.531519889831543 0.0 0.0 0.0 1.0
-0.5541592836380005 -0.443945974111557 0.7041445374488831 -0.7542572021484375 0.3936241865158081 0.6056011319160461 0.6915976405143738 -1.5159188508987427 -0.7334626913070679 0.6604235172271729 -0.1608516126871109 3.5365729331970215 0.0 0.0 0.0 1.0
-0.5608381032943726 -0.44188547134399414 0.7001413106918335 -0.7520269155502319 0.39144954085350037 0.6036368012428284 0.6945428848266602 -1.5199062824249268 -0.7295395135879517 0.6635960936546326 -0.16556665301322937 3.541604518890381 0.0 0.0 0.0 1.0
-0.5693169236183167 -0.4378340542316437 0.6958301067352295 -0.7496224641799927 0.39031311869621277 0.6009668707847595 0.6974915862083435 -1.5255417823791504 -0.723556399345398 0.6686853766441345 -0.17124825716018677 3.548583745956421 0.0 0.0 0.0 1.0
-0.5739580392837524 -0.43439146876335144 0.6941730380058289 -0.7480970621109009 0.3933180868625641 0.5972838401794434 0.6989656090736389 -1.5298693180084229 -0.7182430028915405 0.6742077469825745 -0.17196182906627655 3.553986072540283 0.0 0.0 0.0 1.0
-0.5782391428947449 -0.43432605266571045 0.6906521320343018 -0.746579647064209 0.39515313506126404 0.5915195941925049 0.7028218507766724 -1.5341192483901978 -0.7137881517410278 0.6793124675750732 -0.1704144924879074 3.5596601963043213 0.0 0.0 0.0 1.0
-0.5859957933425903 -0.42701229453086853 0.6886722445487976 -0.7432226538658142 0.39554935693740845 0.591006875038147 0.7030302882194519 -1.5434013605117798 -0.7072126269340515 0.6843766570091248 -0.17742308974266052 3.5705795288085938 0.0 0.0 0.0 1.0
-0.5868993997573853 -0.4278631806373596 0.6873733997344971 -0.7408119440078735 0.3871336281299591 0.5973367691040039 0.7023648023605347 -1.5496680736541748 -0.711109459400177 0.6783228516578674 -0.18493634462356567 3.5776660442352295 0.0 0.0 0.0 1.0
-0.5893198847770691 -0.4249127507209778 0.6871325969696045 -0.7386860847473145 0.3862011432647705 0.5988794565200806 0.7015640139579773 -1.5546280145645142 -0.7096131443977356 0.6788170337677002 -0.18882976472377777 3.583414077758789 0.0 0.0 0.0 1.0
-0.588725209236145 -0.4199535846710205 0.6906819939613342 -0.7359539866447449 0.3892010450363159 0.6016202569007874 0.6975497007369995 -1.5597058534622192 -0.7084668278694153 0.6794792413711548 -0.1907426416873932 3.5889925956726074 0.0 0.0 0.0 1.0
-0.5930599570274353 -0.4172751307487488 0.6885937452316284 -0.7325429320335388 0.3872225284576416 0.6020147204399109 0.6983100771903992 -1.5665992498397827 -0.7059310078620911 0.6807787418365479 -0.195452481508255 3.5964348316192627 0.0 0.0 0.0 1.0
-0.5986152291297913 -0.41807234287261963 0.683282732963562 -0.7298051118850708 0.3849545121192932 0.5978993773460388 0.7030834555625916 -1.5711623430252075 -0.702474057674408 0.6839092373847961 -0.1969728320837021 3.601498603820801 0.0 0.0 0.0 1.0
-0.5998069643974304 -0.4144740104675293 0.684428870677948 -0.7258804440498352 0.3878447115421295 0.5975751280784607 0.7017695307731628 -1.5784372091293335 -0.6998628973960876 0.6863783597946167 -0.19767817854881287 3.608623504638672 0.0 0.0 0.0 1.0
-0.6023072004318237 -0.41277965903282166 0.6832561492919922 -0.7226399779319763 0.38861241936683655 0.5960325002670288 0.7026561498641968 -1.5834012031555176 -0.6972850561141968 0.6887366771697998 -0.19858333468437195 3.613816738128662 0.0 0.0 0.0 1.0
-0.6090065836906433 -0.41388067603111267 0.6766193509101868 -0.7190865278244019 0.3815078139305115 0.5950472950935364 0.7073687314987183 -1.5881083011627197 -0.6953867673873901 0.6889277696609497 -0.20448900759220123 3.618356943130493 0.0 0.0 0.0 1.0
-0.6142006516456604 -0.41075313091278076 0.6738244891166687 -0.715222179889679 0.3772371709346771 0.5971612930297852 0.7078774571418762 -1.5927919149398804 -0.6931447982788086 0.6889704465866089 -0.21182550489902496 3.6224584579467773 0.0 0.0 0.0 1.0
-0.6266701221466064 -0.4033137559890747 0.6668002605438232 -0.7101543545722961 0.3831771910190582 0.5856001377105713 0.7143163084983826 -1.5988277196884155 -0.678571879863739 0.703143298625946 -0.2124374657869339 3.6272025108337402 0.0 0.0 0.0 1.0
-0.6352337002754211 -0.401019424200058 0.6600466370582581 -0.7061894536018372 0.38674497604370117 0.5745866298675537 0.7213033437728882 -1.603325366973877 -0.6685106158256531 0.7134659290313721 -0.2099045366048813 3.6311800479888916 0.0 0.0 0.0 1.0
-0.6410506963729858 -0.39511632919311523 0.6579795479774475 -0.7023140788078308 0.3859759569168091 0.5750381946563721 0.7213554382324219 -1.6079896688461304 -0.6633827090263367 0.7163896560668945 -0.21612323820590973 3.6348345279693604 0.0 0.0 0.0 1.0
-0.6491261124610901 -0.38629022240638733 0.6552977561950684 -0.697054922580719 0.3813992738723755 0.5800755023956299 0.7197548151016235 -1.6141294240951538 -0.6581563949584961 0.7171417474746704 -0.22921134531497955 3.639981985092163 0.0 0.0 0.0 1.0
-0.6550451517105103 -0.388214647769928 0.6482324004173279 -0.6928053498268127 0.3773570954799652 0.5751807689666748 0.7257883548736572 -1.6177778244018555 -0.6546124815940857 0.7200392484664917 -0.2302737981081009 3.6440927982330322 0.0 0.0 0.0 1.0
-0.6626256704330444 -0.3838947117328644 0.6430801749229431 -0.6883543133735657 0.37698933482170105 0.5709705352783203 0.7292953729629517 -1.6213749647140503 -0.6471524238586426 0.7256841659545898 -0.23361550271511078 3.6481213569641113 0.0 0.0 0.0 1.0
-0.6723065376281738 -0.37752726674079895 0.6367707848548889 -0.6820265650749207 0.3759908676147461 0.5668275952339172 0.7330330014228821 -1.6259937286376953 -0.6376792192459106 0.7322428822517395 -0.23913510143756866 3.653674364089966 0.0 0.0 0.0 1.0
-0.6835755109786987 -0.3781018555164337 0.6243104338645935 -0.6776781678199768 0.3660498261451721 0.5624156594276428 0.7414149641990662 -1.6286792755126953 -0.6314523220062256 0.7353418469429016 -0.24604946374893188 3.657292366027832 0.0 0.0 0.0 1.0
-0.6950439810752869 -0.37001362442970276 0.61644446849823 -0.6715370416641235 0.3640555739402771 0.5582323670387268 0.7455468773841858 -1.6338739395141602 -0.6199817657470703 0.7426079511642456 -0.2532905638217926 3.6626365184783936 0.0 0.0 0.0 1.0
-0.6970934271812439 -0.36272546648979187 0.6184585690498352 -0.6671857833862305 0.37091168761253357 0.5557512640953064 0.7440195083618164 -1.6382979154586792 -0.6135839819908142 0.7480446100234985 -0.25287142395973206 3.6671195030212402 0.0 0.0 0.0 1.0
-0.7045305967330933 -0.35608312487602234 0.6138741374015808 -0.6627368927001953 0.3720255494117737 0.5513132810592651 0.7467601299285889 -1.6421279907226562 -0.6043456196784973 0.7544922232627869 -0.25594502687454224 3.6713616847991943 0.0 0.0 0.0 1.0
-0.7128620147705078 -0.3552144169807434 0.6046903729438782 -0.6580019593238831 0.3672432601451874 0.5454882383346558 0.7533757090568542 -1.645565390586853 -0.5974614024162292 0.7591213583946228 -0.2584077715873718 3.6759417057037354 0.0 0.0 0.0 1.0
-0.7185037732124329 -0.3502492904663086 0.600897490978241 -0.6511932015419006 0.36521175503730774 0.5452737808227539 0.754517674446106 -1.6496137380599976 -0.5919229388237 0.7615786194801331 -0.2638660967350006 3.681934356689453 0.0 0.0 0.0 1.0
-0.7244906425476074 -0.34729424118995667 0.5953990817070007 -0.645666778087616 0.3630598485469818 0.5419875383377075 0.7579162120819092 -1.6521365642547607 -0.5859188437461853 0.7652686834335327 -0.26657629013061523 3.686349391937256 0.0 0.0 0.0 1.0
-0.7324072122573853 -0.34524157643318176 0.5868457555770874 -0.6382685303688049 0.35584625601768494 0.540730893611908 0.7622227668762207 -1.6555062532424927 -0.5804766416549683 0.7670843005180359 -0.27318230271339417 3.6923861503601074 0.0 0.0 0.0 1.0
-0.7376843094825745 -0.34211236238479614 0.5820489525794983 -0.6324455738067627 0.3529148995876312 0.5395539402961731 0.764416515827179 -1.6578013896942139 -0.5755631327629089 0.7693118453025818 -0.2772839367389679 3.6968185901641846 0.0 0.0 0.0 1.0
-0.7432623505592346 -0.33742406964302063 0.5776729583740234 -0.6267222762107849 0.3535621464252472 0.5349249839782715 0.767365038394928 -1.6604185104370117 -0.5679391026496887 0.7745968103408813 -0.27828922867774963 3.701413631439209 0.0 0.0 0.0 1.0
-0.7516440749168396 -0.3323860466480255 0.5696935057640076 -0.6186330318450928 0.3516918420791626 0.5287287831306458 0.7725015878677368 -1.6630595922470093 -0.5579820871353149 0.7810028195381165 -0.28051838278770447 3.707409381866455 0.0 0.0 0.0 1.0
-0.7578271627426147 -0.3308012783527374 0.5623775124549866 -0.6127111315727234 0.34893059730529785 0.5228407382965088 0.7777435183525085 -1.665217399597168 -0.5513124465942383 0.7856259346008301 -0.28079622983932495 3.7118053436279297 0.0 0.0 0.0 1.0
-0.7639193534851074 -0.3272121250629425 0.5562008619308472 -0.6065914034843445 0.3465195596218109 0.519102156162262 0.7813175916671753 -1.6676054000854492 -0.5443816781044006 0.7895981073379517 -0.2831667959690094 3.7164199352264404 0.0 0.0 0.0 1.0
-0.7697217464447021 -0.32366612553596497 0.550244152545929 -0.5984911918640137 0.34496286511421204 0.514372706413269 0.7851250171661377 -1.6715575456619263 -0.5371489524841309 0.7941416501998901 -0.28427109122276306 3.722717523574829 0.0 0.0 0.0 1.0
-0.7750205397605896 -0.3219948410987854 0.5437485575675964 -0.5924620628356934 0.3416178524494171 0.5104044079780579 0.7891669869422913 -1.6744811534881592 -0.5316393971443176 0.7973748445510864 -0.285574734210968 3.727262020111084 0.0 0.0 0.0 1.0
-0.7821061611175537 -0.3181174099445343 0.53582763671875 -0.5846408605575562 0.33698898553848267 0.5073740482330322 0.7931014895439148 -1.6787679195404053 -0.5241644382476807 0.8008576035499573 -0.2896183431148529 3.7329111099243164 0.0 0.0 0.0 1.0
-0.7867269515991211 -0.313004732131958 0.5320608019828796 -0.5790887475013733 0.33594444394111633 0.5060054659843445 0.7944179177284241 -1.6823008060455322 -0.517882227897644 0.8037328720092773 -0.29293593764305115 3.73688006401062 0.0 0.0 0.0 1.0
-0.7912305593490601 -0.30871257185935974 0.5278737545013428 -0.5736381411552429 0.3359447419643402 0.5018566846847534 0.7970451712608337 -1.685883641242981 -0.5109748244285583 0.8079829216003418 -0.2933740019798279 3.740933895111084 0.0 0.0 0.0 1.0
-0.798750102519989 -0.303162544965744 0.5197026133537292 -0.5666956305503845 0.3324747383594513 0.497514009475708 0.8012117743492126 -1.6905133724212646 -0.5014567375183105 0.8127560019493103 -0.2965954840183258 3.745919704437256 0.0 0.0 0.0 1.0
-0.8028794527053833 -0.29718437790870667 0.5167843103408813 -0.5616260766983032 0.3317367434501648 0.49753624200820923 0.8015038371086121 -1.6946653127670288 -0.4953133463859558 0.8149473071098328 -0.30087465047836304 3.7495365142822266 0.0 0.0 0.0 1.0
-0.8061178922653198 -0.2914750576019287 0.5149915218353271 -0.5565500259399414 0.3340817391872406 0.494154691696167 0.802621066570282 -1.6989433765411377 -0.4884294867515564 0.8190564513206482 -0.3009704351425171 3.7529687881469727 0.0 0.0 0.0 1.0
-0.8133843541145325 -0.28540167212486267 0.506904125213623 -0.549977719783783 0.3334601819515228 0.4852573871612549 0.808288037776947 -1.7046278715133667 -0.476665735244751 0.8264811635017395 -0.29953065514564514 3.757362127304077 0.0 0.0 0.0 1.0
-0.8173062801361084 -0.27898988127708435 0.5041578412055969 -0.5448876023292542 0.3330383896827698 0.4852851629257202 0.8084452748298645 -1.7087894678115845 -0.47020837664604187 0.8286513090133667 -0.30371224880218506 3.7601730823516846 0.0 0.0 0.0 1.0
-0.8205646872520447 -0.27401891350746155 0.5015846490859985 -0.5395044684410095 0.3330394923686981 0.4839724004268646 0.8092313408851624 -1.7125002145767212 -0.464497834444046 0.8310742378234863 -0.30587154626846313 3.7630107402801514 0.0 0.0 0.0 1.0
-0.8268514275550842 -0.268741250038147 0.4940595328807831 -0.5329218506813049 0.3278643488883972 0.48342686891555786 0.8116670846939087 -1.7175242900848389 -0.45697006583213806 0.8331125974655151 -0.31161150336265564 3.766627311706543 0.0 0.0 0.0 1.0
-0.83030766248703 -0.26536357402801514 0.4900727868080139 -0.5278404951095581 0.3242398500442505 0.4851958751678467 0.8120673894882202 -1.7209672927856445 -0.4532743990421295 0.8331669569015503 -0.3168204128742218 3.7693796157836914 0.0 0.0 0.0 1.0
-0.8336315751075745 -0.2654780447483063 0.48433443903923035 -0.5210722088813782 0.31916847825050354 0.4841236472129822 0.8147121071815491 -1.7252795696258545 -0.4507659375667572 0.8337540030479431 -0.31884852051734924 3.773165702819824 0.0 0.0 0.0 1.0
-0.8367025852203369 -0.263323575258255 0.48019731044769287 -0.5160936117172241 0.31465592980384827 0.48650968074798584 0.8150460124015808 -1.728316068649292 -0.4482414424419403 0.8330480456352234 -0.3242075741291046 3.775798797607422 0.0 0.0 0.0 1.0
-0.8398758769035339 -0.26392292976379395 0.4742923080921173 -0.5115137100219727 0.30872946977615356 0.48641452193260193 0.8173658847808838 -1.7309893369674683 -0.446424275636673 0.8329139351844788 -0.3270470201969147 3.7781689167022705 0.0 0.0 0.0 1.0
-0.842717707157135 -0.2625800371170044 0.4699772000312805 -0.5068435668945312 0.30753976106643677 0.4817172884941101 0.8205899000167847 -1.734136939048767 -0.4418666660785675 0.8360623121261597 -0.32519790530204773 3.7811925411224365 0.0 0.0 0.0 1.0
-0.8471100330352783 -0.25717392563819885 0.4650442898273468 -0.5001729130744934 0.30565178394317627 0.4800788462162018 0.8222538232803345 -1.7377125024795532 -0.43472015857696533 0.8386810421943665 -0.3280739188194275 3.784471035003662 0.0 0.0 0.0 1.0
-0.8523349165916443 -0.2549389898777008 0.45665231347084045 -0.49520400166511536 0.2985207140445709 0.47978711128234863 0.8250392079353333 -1.7398943901062012 -0.4294305443763733 0.8395298719406128 -0.33283475041389465 3.7870066165924072 0.0 0.0 0.0 1.0
-0.8562310934066772 -0.25398269295692444 0.4498456120491028 -0.49014025926589966 0.29084664583206177 0.4826599359512329 0.8261038661003113 -1.7424050569534302 -0.42693856358528137 0.8381718993186951 -0.33939844369888306 3.789933204650879 0.0 0.0 0.0 1.0
-0.8583365082740784 -0.25010576844215393 0.4480016827583313 -0.48290449380874634 0.2930225431919098 0.47780686616897583 0.8281536102294922 -1.7460788488388062 -0.4211842715740204 0.8421090841293335 -0.3368324637413025 3.794654130935669 0.0 0.0 0.0 1.0
-0.8619948625564575 -0.24847696721553802 0.441841721534729 -0.47746410965919495 0.28847965598106384 0.4762638807296753 0.8306336402893066 -1.7476611137390137 -0.4168265759944916 0.8434642553329468 -0.33885645866394043 3.7979884147644043 0.0 0.0 0.0 1.0
-0.865626871585846 -0.24926863610744476 0.4342295527458191 -0.47233060002326965 0.2820577323436737 0.47378304600715637 0.8342499732971191 -1.7493059635162354 -0.4136829674243927 0.8446270227432251 -0.33981117606163025 3.801626205444336 0.0 0.0 0.0 1.0
-0.8694918751716614 -0.24412932991981506 0.42940041422843933 -0.46480289101600647 0.27830469608306885 0.47607648372650146 0.8342047929763794 -1.7515673637390137 -0.4080813229084015 0.8448384404182434 -0.3460023105144501 3.805878162384033 0.0 0.0 0.0 1.0
-0.8744669556617737 -0.24468539655208588 0.4188515543937683 -0.459553062915802 0.2676008939743042 0.4768524765968323 0.8372583389282227 -1.7523561716079712 -0.404595285654068 0.8442397713661194 -0.35151368379592896 3.808391571044922 0.0 0.0 0.0 1.0
-0.8803122639656067 -0.24116861820220947 0.4085192382335663 -0.4547959864139557 0.2590698003768921 0.47699272632598877 0.8398575782775879 -1.7530938386917114 -0.39740800857543945 0.8451719880104065 -0.3574230372905731 3.8105814456939697 0.0 0.0 0.0 1.0
-0.8884410262107849 -0.2315191775560379 0.3963223099708557 -0.44826722145080566 0.25501736998558044 0.46893739700317383 0.845614492893219 -1.753854513168335 -0.38162630796432495 0.8523476719856262 -0.35758182406425476 3.8139336109161377 0.0 0.0 0.0 1.0
-0.8949115872383118 -0.22132427990436554 0.3874903619289398 -0.44332846999168396 0.25407353043556213 0.46113893389701843 0.8501749634742737 -1.753841519355774 -0.366851270198822 0.8592824935913086 -0.35644593834877014 3.816429376602173 0.0 0.0 0.0 1.0
-0.9012721180915833 -0.2132072150707245 0.37716206908226013 -0.438281387090683 0.2503598928451538 0.4541803300380707 0.8550088405609131 -1.7542253732681274 -0.3535936772823334 0.8650218844413757 -0.35596156120300293 3.8188209533691406 0.0 0.0 0.0 1.0
-0.9104187488555908 -0.20661337673664093 0.35839733481407166 -0.4317721724510193 0.23579342663288116 0.452671617269516 0.8599359393119812 -1.7537816762924194 -0.3399105966091156 0.8674095273017883 -0.36340266466140747 3.8222694396972656 0.0 0.0 0.0 1.0
-0.9140629172325134 -0.20423521101474762 0.3503953516483307 -0.4267460107803345 0.23131006956100464 0.4471430480480194 0.8640363216400146 -1.7538352012634277 -0.3331435024738312 0.8708335757255554 -0.36147522926330566 3.8253018856048584 0.0 0.0 0.0 1.0
-0.9196081161499023 -0.19473007321357727 0.34117600321769714 -0.4200515151023865 0.22745326161384583 0.44416606426239014 0.8665919303894043 -1.7536896467208862 -0.32029029726982117 0.8745265603065491 -0.3641667366027832 3.829503297805786 0.0 0.0 0.0 1.0
-0.9227094054222107 -0.194070503115654 0.33308249711990356 -0.4148466885089874 0.22219888865947723 0.43831586837768555 0.8709229826927185 -1.7530895471572876 -0.3150157928466797 0.8776193857192993 -0.36131593585014343 3.8330161571502686 0.0 0.0 0.0 1.0
-0.9260318875312805 -0.18936462700366974 0.32650575041770935 -0.40933287143707275 0.21746809780597687 0.4393536448478699 0.8715939521789551 -1.7521939277648926 -0.3085005581378937 0.8781283497810364 -0.3656747043132782 3.836012125015259 0.0 0.0 0.0 1.0
-0.9300023913383484 -0.18412809073925018 0.3181075155735016 -0.40174350142478943 0.21207119524478912 0.4380720853805542 0.8735666275024414 -1.7513558864593506 -0.3002021908760071 0.8798804879188538 -0.36835983395576477 3.8400418758392334 0.0 0.0 0.0 1.0
-0.9309980273246765 -0.1862649768590927 0.31392353773117065 -0.39583325386047363 0.20848089456558228 0.4346046447753906 0.8761589527130127 -1.750231146812439 -0.29963037371635437 0.8811493515968323 -0.3657833933830261 3.84305739402771 0.0 0.0 0.0 1.0
-0.9321279525756836 -0.18299204111099243 0.3124922215938568 -0.3896016478538513 0.20685164630413055 0.4392426311969757 0.874230146408081 -1.7492480278015137 -0.2972370684146881 0.8795338869094849 -0.3715781271457672 3.845313787460327 0.0 0.0 0.0 1.0
-0.9337446093559265 -0.18382129073143005 0.3071330785751343 -0.3810045123100281 0.20148223638534546 0.4392862915992737 0.8754612803459167 -1.7479684352874756 -0.2958477735519409 0.8793390989303589 -0.3731445074081421 3.8488054275512695 0.0 0.0 0.0 1.0
-0.934557318687439 -0.18528367578983307 0.3037640452384949 -0.3741725981235504 0.19811956584453583 0.4381597936153412 0.8767922520637512 -1.7467923164367676 -0.29555249214172363 0.8795942068099976 -0.37277713418006897 3.8509504795074463 0.0 0.0 0.0 1.0
-0.9338278770446777 -0.1862717717885971 0.3053986132144928 -0.36455076932907104 0.19691798090934753 0.4450629651546478 0.8735801577568054 -1.745362639427185 -0.29864493012428284 0.8759119510650635 -0.3789319396018982 3.8533992767333984 0.0 0.0 0.0 1.0
-0.933467447757721 -0.1907469779253006 0.30373361706733704 -0.3573080003261566 0.19311268627643585 0.4463208317756653 0.8737878799438477 -1.7441614866256714 -0.30223503708839417 0.8743073344230652 -0.3797903060913086 3.8551077842712402 0.0 0.0 0.0 1.0
-0.9332350492477417 -0.1943342238664627 0.30216968059539795 -0.3495621681213379 0.189937561750412 0.44703951478004456 0.8741163611412048 -1.7423510551452637 -0.3049525022506714 0.8731493949890137 -0.38028159737586975 3.856362819671631 0.0 0.0 0.0 1.0
-0.932382345199585 -0.19319364428520203 0.30551496148109436 -0.3389086425304413 0.19058841466903687 0.45542460680007935 0.8696346879005432 -1.7407132387161255 -0.30714693665504456 0.8690596222877502 -0.3878093957901001 3.8574578762054443 0.0 0.0 0.0 1.0
-0.9315105080604553 -0.19385799765586853 0.30774539709091187 -0.3310324251651764 0.19132839143276215 0.4584154784679413 0.8678990006446838 -1.7392607927322388 -0.3093244135379791 0.8673374652862549 -0.38992831110954285 3.857715368270874 0.0 0.0 0.0 1.0
-0.9324093461036682 -0.19419391453266144 0.30479755997657776 -0.3235570192337036 0.18936313688755035 0.45581868290901184 0.8696959018707275 -1.7376781702041626 -0.307822048664093 0.8686299920082092 -0.3882364332675934 3.857923746109009 0.0 0.0 0.0 1.0
-0.9327380657196045 -0.18925172090530396 0.3068931996822357 -0.3133814036846161 0.1951872855424881 0.45062124729156494 0.8711156249046326 -1.7351832389831543 -0.30315274000167847 0.8724243640899658 -0.38337206840515137 3.857656478881836 0.0 0.0 0.0 1.0
-0.9320747256278992 -0.18842265009880066 0.30940842628479004 -0.3057917356491089 0.197325199842453 0.45220431685447693 0.8698126077651978 -1.7329776287078857 -0.3038082420825958 0.8717844486236572 -0.3843076825141907 3.856954336166382 0.0 0.0 0.0 1.0
-0.9320071339607239 -0.1921321451663971 0.3073239028453827 -0.29849985241889954 0.19455751776695251 0.45019423961639404 0.8714771866798401 -1.7305433750152588 -0.30579423904418945 0.872015118598938 -0.38220348954200745 3.8560309410095215 0.0 0.0 0.0 1.0
-0.9324716925621033 -0.1937224417924881 0.3049067556858063 -0.28849637508392334 0.1912347376346588 0.4513603448867798 0.8716095089912415 -1.7274978160858154 -0.30647313594818115 0.8710599541664124 -0.3838343024253845 3.8543503284454346 0.0 0.0 0.0 1.0
-0.9303872585296631 -0.1945982426404953 0.31066232919692993 -0.2810695469379425 0.1948254555463791 0.45537692308425903 0.868720293045044 -1.7252758741378784 -0.31051990389823914 0.8687711954116821 -0.3857641816139221 3.8521673679351807 0.0 0.0 0.0 1.0
-0.9312714338302612 -0.19289317727088928 0.309072345495224 -0.2737400233745575 0.1942717283964157 0.4547480344772339 0.8691735863685608 -1.7226377725601196 -0.3082076907157898 0.869480550289154 -0.38602015376091003 3.8496415615081787 0.0 0.0 0.0 1.0
-0.9323980808258057 -0.19147415459156036 0.30654773116111755 -0.26428720355033875 0.1941651552915573 0.4500124752521515 0.8716585636138916 -1.7183676958084106 -0.30485039949417114 0.8722536563873291 -0.3824131488800049 3.845313787460327 0.0 0.0 0.0 1.0
-0.9327578544616699 -0.19198337197303772 0.3051314651966095 -0.2571282684803009 0.19255083799362183 0.4502456486225128 0.8718962073326111 -1.7151304483413696 -0.3047736883163452 0.8720213770866394 -0.3830035924911499 3.841287612915039 0.0 0.0 0.0 1.0
-0.9346413612365723 -0.18902993202209473 0.3011862635612488 -0.25006455183029175 0.19074101746082306 0.4483233392238617 0.8732835054397583 -1.7112441062927246 -0.3001055419445038 0.8736554384231567 -0.3829657733440399 3.836705207824707 0.0 0.0 0.0 1.0
-0.9362669587135315 -0.1895146518945694 0.2957843244075775 -0.24086953699588776 0.1884753257036209 0.4395492672920227 0.8782217502593994 -1.705803394317627 -0.2964476943016052 0.8779980540275574 -0.3758166432380676 3.8300485610961914 0.0 0.0 0.0 1.0
-0.9373407363891602 -0.18656130135059357 0.2942570149898529 -0.23416610062122345 0.18880663812160492 0.43781888484954834 0.8790146112442017 -1.7019907236099243 -0.29282140731811523 0.8794938921928406 -0.37516146898269653 3.8239314556121826 0.0 0.0 0.0 1.0
-0.9386067390441895 -0.18501970171928406 0.29117876291275024 -0.2279474288225174 0.1861971765756607 0.43885278701782227 0.8790556788444519 -1.698204755783081 -0.29042723774909973 0.8793042302131653 -0.3774600625038147 3.8172192573547363 0.0 0.0 0.0 1.0
-0.9414867162704468 -0.18059319257736206 0.28458550572395325 -0.2200765162706375 0.18251734972000122 0.43666261434555054 0.8809161186218262 -1.6923763751983643 -0.2833552956581116 0.8813125491142273 -0.3781506419181824 3.8073227405548096 0.0 0.0 0.0 1.0
-0.9428971409797668 -0.1769069880247116 0.2822212874889374 -0.21444258093833923 0.18281978368759155 0.4333941340446472 0.8824661374092102 -1.6886184215545654 -0.27842748165130615 0.883670449256897 -0.3763040006160736 3.8000128269195557 0.0 0.0 0.0 1.0
-0.944205641746521 -0.17344585061073303 0.279986172914505 -0.20900189876556396 0.1834399402141571 0.4290953576564789 0.8844359517097473 -1.684484601020813 -0.27354252338409424 0.8864500522613525 -0.37333735823631287 3.792221784591675 0.0 0.0 0.0 1.0
-0.9456392526626587 -0.17139072716236115 0.2763902544975281 -0.20200249552726746 0.18097318708896637 0.4288058280944824 0.885084331035614 -1.6797665357589722 -0.2702130079269409 0.8869897127151489 -0.3744785189628601 3.7818078994750977 0.0 0.0 0.0 1.0
-0.9473385214805603 -0.1670362949371338 0.27321895956993103 -0.1971593052148819 0.18015709519386292 0.4273729920387268 0.8859434127807617 -1.6762335300445557 -0.2647511065006256 0.8885106444358826 -0.37477412819862366 3.774244785308838 0.0 0.0 0.0 1.0
-0.9483463168144226 -0.1647014319896698 0.27113234996795654 -0.192511647939682 0.1807490587234497 0.4218498170375824 0.8884663581848145 -1.673062801361084 -0.2607088088989258 0.8915807008743286 -0.3702901005744934 3.7667057514190674 0.0 0.0 0.0 1.0
-0.9504907727241516 -0.16156555712223053 0.2654503583908081 -0.1869090497493744 0.17757323384284973 0.41862788796424866 0.8906280994415283 -1.6692774295806885 -0.25501975417137146 0.8936706781387329 -0.36921221017837524 3.756664752960205 0.0 0.0 0.0 1.0
-0.9525839686393738 -0.1573796421289444 0.2604140639305115 -0.18285278975963593 0.17459045350551605 0.4182346761226654 0.8914022445678711 -1.6665133237838745 -0.24920275807380676 0.8946012854576111 -0.3709266483783722 3.7490041255950928 0.0 0.0 0.0 1.0
-0.95497065782547 -0.15399906039237976 0.2536047101020813 -0.1793193370103836 0.17137257754802704 0.4114580452442169 0.8951724767684937 -1.6636592149734497 -0.24220339953899384 0.8983243107795715 -0.3665391504764557 3.742185115814209 0.0 0.0 0.0 1.0
-0.9566180109977722 -0.1508958637714386 0.2492237240076065 -0.1745356023311615 0.1690002828836441 0.4094001054763794 0.8965659141540527 -1.6603318452835083 -0.23732030391693115 0.8997899889945984 -0.3661380410194397 3.7331337928771973 0.0 0.0 0.0 1.0
-0.9583787322044373 -0.14650148153305054 0.2450459748506546 -0.17150214314460754 0.16636458039283752 0.41095712780952454 0.8963465094566345 -1.657989740371704 -0.23201948404312134 0.8998063802719116 -0.3694799244403839 3.7265937328338623 0.0 0.0 0.0 1.0
-0.9604851007461548 -0.14775365591049194 0.23587533831596375 -0.16785123944282532 0.1598009318113327 0.4011250436306 0.9019768834114075 -1.6552410125732422 -0.2278858870267868 0.9040285348892212 -0.36166349053382874 3.719146251678467 0.0 0.0 0.0 1.0
-0.9619434475898743 -0.142215758562088 0.2333226054906845 -0.16542723774909973 0.1587686389684677 0.4040525555610657 0.900851845741272 -1.6533832550048828 -0.22238992154598236 0.9036128520965576 -0.3660963177680969 3.7132418155670166 0.0 0.0 0.0 1.0
-0.9630743265151978 -0.13939012587070465 0.23034361004829407 -0.16310985386371613 0.15728415548801422 0.40309667587280273 0.901540219783783 -1.6519056558609009 -0.218516543507576 0.9044796824455261 -0.3662882149219513 3.707810640335083 0.0 0.0 0.0 1.0
-0.9652389287948608 -0.13755962252616882 0.2222413271665573 -0.16086770594120026 0.15125156939029694 0.39947834610939026 0.9041792154312134 -1.6499730348587036 -0.21315915882587433 0.906363308429718 -0.36478590965270996 3.701143741607666 0.0 0.0 0.0 1.0
-0.966509222984314 -0.1351669877767563 0.21815074980258942 -0.15945015847682953 0.14822827279567719 0.39989417791366577 0.9044960141181946 -1.6490131616592407 -0.20949521660804749 0.9065398573875427 -0.36646586656570435 3.695981502532959 0.0 0.0 0.0 1.0
-0.9684506058692932 -0.1296272724866867 0.21283838152885437 -0.1584269404411316 0.14520098268985748 0.4006037712097168 0.9046730399131775 -1.6480493545532227 -0.20253415405750275 0.9070355296134949 -0.36914294958114624 3.6905858516693115 0.0 0.0 0.0 1.0
-0.9705445766448975 -0.12271194159984589 0.20732837915420532 -0.15697115659713745 0.142130509018898 0.40322259068489075 0.9039969444274902 -1.6467010974884033 -0.19453071057796478 0.906836986541748 -0.37390437722206116 3.683695077896118 0.0 0.0 0.0 1.0
-0.9723105430603027 -0.11848041415214539 0.20143143832683563 -0.15606841444969177 0.13856500387191772 0.4017937183380127 0.9051859378814697 -1.6457288265228271 -0.18818068504333496 0.9080331325531006 -0.37425100803375244 3.679102659225464 0.0 0.0 0.0 1.0
-0.9734706282615662 -0.11148787289857864 0.19981329143047333 -0.15463469922542572 0.13949497044086456 0.40304267406463623 0.9044875502586365 -1.6444194316864014 -0.18137268722057343 0.9083650708198547 -0.37679821252822876 3.673105239868164 0.0 0.0 0.0 1.0
-0.97508305311203 -0.10841961205005646 0.19354142248630524 -0.15364739298820496 0.13484841585159302 0.4030735492706299 0.9051782488822937 -1.6431057453155518 -0.17615050077438354 0.9087226986885071 -0.3784099519252777 3.6689326763153076 0.0 0.0 0.0 1.0
-0.9763800501823425 -0.10629305988550186 0.1881057620048523 -0.15247024595737457 0.13069811463356018 0.40269848704338074 0.905953586101532 -1.6419446468353271 -0.1720464825630188 0.9091401100158691 -0.3792944550514221 3.665250778198242 0.0 0.0 0.0 1.0
-0.9774909615516663 -0.10288660228252411 0.18418939411640167 -0.15058216452598572 0.12821196019649506 0.40364065766334534 0.9058895707130432 -1.6402491331100464 -0.1675502210855484 0.9091141819953918 -0.38136380910873413 3.660848379135132 0.0 0.0 0.0 1.0
-0.977910041809082 -0.10191464424133301 0.18249759078025818 -0.14882616698741913 0.1275477111339569 0.4007572829723358 0.9072624444961548 -1.6387492418289185 -0.16560056805610657 0.9104982018470764 -0.37890559434890747 3.657822608947754 0.0 0.0 0.0 1.0
-0.9792107939720154 -0.09712663292884827 0.17808033525943756 -0.14737766981124878 0.12554962933063507 0.39934197068214417 0.9081647992134094 -1.6374962329864502 -0.15932193398475647 0.9116426706314087 -0.378845751285553 3.655225992202759 0.0 0.0 0.0 1.0
-0.9801924824714661 -0.0937817171216011 0.17443525791168213 -0.14550916850566864 0.12325282394886017 0.4005633294582367 0.9079415202140808 -1.6359269618988037 -0.15502068400382996 0.9114570617675781 -0.3810703158378601 3.6516685485839844 0.0 0.0 0.0 1.0
-0.9810755252838135 -0.09098972380161285 0.17091421782970428 -0.1442742794752121 0.12138230353593826 0.3987026512622833 0.9090118408203125 -1.6351137161254883 -0.15085469186306 0.9125552177429199 -0.380112886428833 3.649853467941284 0.0 0.0 0.0 1.0
-0.9814894199371338 -0.08852888643741608 0.16982682049274445 -0.14274808764457703 0.122184157371521 0.39339086413383484 0.9112160205841064 -1.634403109550476 -0.14747725427150726 0.915099024772644 -0.3752921521663666 3.648444414138794 0.0 0.0 0.0 1.0
-0.9827517867088318 -0.08387620002031326 0.16481415927410126 -0.1401149034500122 0.1192166730761528 0.3939683139324188 0.9113596081733704 -1.6326085329055786 -0.1413729339838028 0.9152888655662537 -0.37717363238334656 3.646169424057007 0.0 0.0 0.0 1.0
-0.9837712645530701 -0.08577913045883179 0.15759442746639252 -0.13808318972587585 0.11212515830993652 0.3918018639087677 0.9131917953491211 -1.6313761472702026 -0.1400785893201828 0.916042149066925 -0.375825434923172 3.6442580223083496 0.0 0.0 0.0 1.0
-0.9850529432296753 -0.08514478802680969 0.149736687541008 -0.13604103028774261 0.1048751100897789 0.3931387960910797 0.9134785532951355 -1.6303088665008545 -0.13664524257183075 0.915528416633606 -0.3783329725265503 3.64202618598938 0.0 0.0 0.0 1.0
-0.986495316028595 -0.08194971829652786 0.14181388914585114 -0.13297608494758606 0.09876473993062973 0.3930823504924774 0.9141836762428284 -1.6288195848464966 -0.13066163659095764 0.9158441424369812 -0.37968015670776367 3.638673782348633 0.0 0.0 0.0 1.0
-0.988061249256134 -0.07596592605113983 0.134030282497406 -0.1310228556394577 0.09364273399114609 0.3946896195411682 0.9140301942825317 -1.6277344226837158 -0.12233550101518631 0.915668785572052 -0.382863849401474 3.635993003845215 0.0 0.0 0.0 1.0
-0.98890221118927 -0.07132495939731598 0.1303272396326065 -0.12896224856376648 0.0919061228632927 0.39554041624069214 0.9138386249542236 -1.6269099712371826 -0.11672919243574142 0.9156749248504639 -0.3845955729484558 3.633169174194336 0.0 0.0 0.0 1.0
-0.9904432892799377 -0.0631338432431221 0.1226222813129425 -0.1263946294784546 0.08796042203903198 0.3956504762172699 0.9141792058944702 -1.6255152225494385 -0.1062312126159668 0.9162285923957825 -0.38631609082221985 3.629755735397339 0.0 0.0 0.0 1.0
-0.9914516806602478 -0.05866147205233574 0.11654364317655563 -0.12445925176143646 0.08431430906057358 0.3936198949813843 0.9153985381126404 -1.6240026950836182 -0.09957252442836761 0.9173997044563293 -0.385309100151062 3.6275405883789062 0.0 0.0 0.0 1.0
-0.9924248456954956 -0.05170252546668053 0.11144412308931351 -0.12240947782993317 0.08194982260465622 0.39721983671188354 0.9140572547912598 -1.622692584991455 -0.09152688831090927 0.9162659049034119 -0.38997381925582886 3.6248719692230225 0.0 0.0 0.0 1.0
-0.993778645992279 -0.04690397530794144 0.10101521760225296 -0.12026180326938629 0.07438556849956512 0.3955104649066925 0.9154443144798279 -1.620283842086792 -0.08289055526256561 0.9172630310058594 -0.38956087827682495 3.621670961380005 0.0 0.0 0.0 1.0
-0.9946334958076477 -0.04167841374874115 0.09469493478536606 -0.11883362382650375 0.07090973854064941 0.3918750584125519 0.9172816872596741 -1.618515968322754 -0.0753394290804863 0.9190738797187805 -0.3868166506290436 3.619588851928711 0.0 0.0 0.0 1.0
-0.9952832460403442 -0.03563274070620537 0.09023042023181915 -0.1171034723520279 0.06911786645650864 0.39219334721565247 0.9172824621200562 -1.6165109872817993 -0.06807305663824081 0.9191924333572388 -0.3878806233406067 3.6173007488250732 0.0 0.0 0.0 1.0
-0.9959133267402649 -0.03418845310807228 0.08359302580356598 -0.11517109721899033 0.06349214911460876 0.3932114839553833 0.9172531962394714 -1.613765001296997 -0.06422920525074005 0.9188122153282166 -0.3894338607788086 3.6145122051239014 0.0 0.0 0.0 1.0
-0.996627926826477 -0.030567573383450508 0.0761471763253212 -0.11405456066131592 0.05821651220321655 0.3905662000179291 0.918732225894928 -1.6113799810409546 -0.05782392621040344 0.9200671911239624 -0.38746964931488037 3.6125385761260986 0.0 0.0 0.0 1.0
-0.9970529675483704 -0.024753734469413757 0.0726129561662674 -0.11262292414903641 0.05726509541273117 0.3897007703781128 0.9191594123840332 -1.608505129814148 -0.05104995146393776 0.9206088185310364 -0.3871347904205322 3.609698534011841 0.0 0.0 0.0 1.0
-0.997402548789978 -0.022149167954921722 0.06853888928890228 -0.11200255155563354 0.05469026789069176 0.38635456562042236 0.9207274913787842 -1.60584557056427 -0.04687366262078285 0.922084391117096 -0.38413965702056885 3.6074113845825195 0.0 0.0 0.0 1.0
-0.9980082511901855 -0.020503943786025047 0.05965837091207504 -0.11167937517166138 0.047227226197719574 0.3841271996498108 0.9220715165138245 -1.60277259349823 -0.04182250797748566 0.9230524897575378 -0.3823937773704529 3.604776382446289 0.0 0.0 0.0 1.0
-0.998414158821106 -0.020493706688284874 0.05243257060647011 -0.11135011166334152 0.04068668559193611 0.38101473450660706 0.9236732721328735 -1.5995055437088013 -0.03890707343816757 0.9243417978286743 -0.3795766830444336 3.6017918586730957 0.0 0.0 0.0 1.0
-0.9988773465156555 -0.013732281513512135 0.04533693194389343 -0.11129216104745865 0.03676452860236168 0.3788059949874878 0.9247455596923828 -1.5949997901916504 -0.029872767627239227 0.9253742098808289 -0.3778758943080902 3.5969736576080322 0.0 0.0 0.0 1.0
-0.9991934895515442 -0.007040742319077253 0.039531782269477844 -0.11154553294181824 0.034050650894641876 0.37320613861083984 0.9271233677864075 -1.5915275812149048 -0.02128113992512226 0.9277217388153076 -0.3726654052734375 3.593177556991577 0.0 0.0 0.0 1.0
-0.9994387030601501 0.003074839012697339 0.033359456807374954 -0.11207157373428345 0.032109785825014114 0.37189170718193054 0.9277206063270569 -1.587690830230713 -0.009553514420986176 0.9282710552215576 -0.37178170680999756 3.588092088699341 0.0 0.0 0.0 1.0
-0.9995180368423462 0.006496278103441 0.03035631589591503 -0.11262501776218414 0.030608421191573143 0.3693958818912506 0.9287679195404053 -1.5847278833389282 -0.005179963074624538 0.9292494058609009 -0.3694166839122772 3.5845799446105957 0.0 0.0 0.0 1.0
-0.9995895028114319 0.010482863523066044 0.026662707328796387 -0.11338084936141968 0.028649408370256424 0.3671551048755646 0.9297184348106384 -1.581680417060852 -4.323769826442003e-05 0.930100679397583 -0.3673047125339508 3.581111192703247 0.0 0.0 0.0 1.0
-0.9995824694633484 0.015925249084830284 0.024110451340675354 -0.11430824548006058 0.02828545682132244 0.36878687143325806 0.929083526134491 -1.5778979063034058 0.0059042684733867645 0.929377555847168 -0.36908331513404846 3.5761029720306396 0.0 0.0 0.0 1.0
-0.999693751335144 0.014282983727753162 0.020207758992910385 -0.11506292223930359 0.0240341667085886 0.36597898602485657 0.9303126931190491 -1.5744813680648804 0.005892026238143444 0.9305135011672974 -0.3662101924419403 3.5723817348480225 0.0 0.0 0.0 1.0
-0.999782383441925 0.012096617370843887 0.016996759921312332 -0.11590747535228729 0.020225847139954567 0.36239907145500183 0.9318035244941711 -1.570910930633545 0.005112060811370611 0.9319444894790649 -0.3625648617744446 3.5681724548339844 0.0 0.0 0.0 1.0
-0.9998413324356079 0.011734296567738056 0.013401881791651249 -0.11672952026128769 0.016739027574658394 0.3616371154785156 0.9321686625480652 -1.5649614334106445 0.006091725546866655 0.9322450757026672 -0.3617761433124542 3.5617382526397705 0.0 0.0 0.0 1.0
-0.9999058246612549 0.009758190251886845 0.00965128093957901 -0.11776159703731537 0.012508759275078773 0.3585529923439026 0.9334255456924438 -1.5605005025863647 0.0056480481289327145 0.9334583878517151 -0.35864129662513733 3.556533098220825 0.0 0.0 0.0 1.0
-0.9999439120292664 0.008595624007284641 0.006191767752170563 -0.11876281350851059 0.008846058510243893 0.3559454083442688 0.9344648718833923 -1.55405855178833 0.005828377325087786 0.9344671964645386 -0.35600146651268005 3.5489964485168457 0.0 0.0 0.0 1.0
-0.9999368786811829 0.0072733513079583645 0.0085668433457613 -0.1191897988319397 0.010593706741929054 0.35566210746765137 0.9345545768737793 -1.5487539768218994 0.0037504422944039106 0.9345862865447998 -0.3557167053222656 3.543126344680786 0.0 0.0 0.0 1.0
-0.9999020099639893 0.005524969194084406 0.012863099575042725 -0.11951740086078644 0.01398502103984356 0.3525046408176422 0.9357055425643921 -1.5436323881149292 0.0006354423821903765 0.9357937574386597 -0.35254737734794617 3.5373849868774414 0.0 0.0 0.0 1.0
-0.9998913407325745 0.002755875699222088 0.014482781291007996 -0.11982154101133347 0.014541413635015488 0.34612104296684265 0.9380771517753601 -1.5362677574157715 -0.0024275712203234434 0.9381858110427856 -0.34612351655960083 3.5294580459594727 0.0 0.0 0.0 1.0
-0.999860942363739 -0.0029589144978672266 0.016410576179623604 -0.119648776948452 0.014387354254722595 0.344446063041687 0.9386958479881287 -1.5309545993804932 -0.00843007955700159 0.9388014674186707 -0.34435558319091797 3.5236029624938965 0.0 0.0 0.0 1.0
-0.9997536540031433 -0.011424590833485126 0.0190296471118927 -0.11956048756837845 0.01404549740254879 0.3382263779640198 0.9409599304199219 -1.5233219861984253 -0.01718641072511673 0.9409953951835632 -0.3379825949668884 3.515831470489502 0.0 0.0 0.0 1.0
-0.9996019005775452 -0.020905593410134315 0.01894642785191536 -0.11938846111297607 0.010752275586128235 0.3385811150074005 0.940875768661499 -1.517367959022522 -0.026084469631314278 0.9407049417495728 -0.33822154998779297 3.50964617729187 0.0 0.0 0.0 1.0
-0.9994212985038757 -0.028597453609108925 0.018417388200759888 -0.11920960992574692 0.0077227018773555756 0.33654239773750305 0.9416366815567017 -1.5118606090545654 -0.03312664106488228 0.9412339925765991 -0.33612677454948425 3.503441572189331 0.0 0.0 0.0 1.0
-0.9991352558135986 -0.03622465580701828 0.02040938474237919 -0.11883367598056793 0.0071959481574594975 0.3328033983707428 0.9429687857627869 -1.5059425830841064 -0.04095103219151497 0.9423002004623413 -0.33225491642951965 3.4971251487731934 0.0 0.0 0.0 1.0
-0.998849630355835 -0.04368172958493233 0.019781064242124557 -0.11842650920152664 0.0044356114231050014 0.32658329606056213 0.9451580047607422 -1.4983640909194946 -0.04774630069732666 0.9441584944725037 -0.32601386308670044 3.488642930984497 0.0 0.0 0.0 1.0
-0.9986180663108826 -0.04786790534853935 0.0216925498098135 -0.1181207001209259 0.004821258597075939 0.32758358120918274 0.9448099136352539 -1.492991328239441 -0.05233219265937805 0.943608820438385 -0.3269001245498657 3.4814505577087402 0.0 0.0 0.0 1.0
-0.9983417391777039 -0.053340669721364975 0.02164633944630623 -0.11761461198329926 0.003094852203503251 0.32575175166130066 0.9454502463340759 -1.4879363775253296 -0.0574822835624218 0.9439494609832764 -0.32504650950431824 3.474428415298462 0.0 0.0 0.0 1.0
-0.9978354573249817 -0.06143837422132492 0.023446008563041687 -0.11659251153469086 0.0025337093975394964 0.32035431265830994 0.9472944140434265 -1.481194257736206 -0.06571125984191895 0.9453033804893494 -0.3195052146911621 3.4658353328704834 0.0 0.0 0.0 1.0
-0.9973837733268738 -0.06698079407215118 0.027188366279006004 -0.11530046164989471 0.0043351901695132256 0.3200100362300873 0.9474042654037476 -1.476564884185791 -0.07215844094753265 0.9450434446334839 -0.31888243556022644 3.4596199989318848 0.0 0.0 0.0 1.0
-0.996635377407074 -0.07670442014932632 0.028885338455438614 -0.11401450634002686 0.0028086211532354355 0.3202517628669739 0.9473283290863037 -1.4721295833587646 -0.08191484957933426 0.9442220330238342 -0.3189588189125061 3.453754425048828 0.0 0.0 0.0 1.0
-0.9956190586090088 -0.08831041306257248 0.030724139884114265 -0.1120251715183258 0.0008671304676681757 0.31985723972320557 0.9474653601646423 -1.4660724401474 -0.09349840134382248 0.9433411955833435 -0.31837937235832214 3.446857213973999 0.0 0.0 0.0 1.0
-0.994900107383728 -0.09411133080720901 0.03628775104880333 -0.11026168614625931 0.004374946001917124 0.31916338205337524 0.9476895928382874 -1.4621738195419312 -0.10077005624771118 0.9430152773857117 -0.3171239495277405 3.4421892166137695 0.0 0.0 0.0 1.0
-0.9937061071395874 -0.1045689582824707 0.04016854614019394 -0.10769392549991608 0.004850064869970083 0.3180886209011078 0.9480485916137695 -1.4567877054214478 -0.11191360652446747 0.9422764778137207 -0.31557944416999817 3.436530828475952 0.0 0.0 0.0 1.0
-0.9923948645591736 -0.11547929048538208 0.04262601211667061 -0.10574989765882492 0.0033147295471280813 0.3210892081260681 0.9470431804656982 -1.452507495880127 -0.12305062264204025 0.9399820566177368 -0.3182644844055176 3.4324209690093994 0.0 0.0 0.0 1.0
-0.9910593032836914 -0.12499010562896729 0.04667903110384941 -0.10370670258998871 0.004020330961793661 0.32172518968582153 0.9468245506286621 -1.4489152431488037 -0.13336151838302612 0.9385469555854797 -0.318346232175827 3.428731679916382 0.0 0.0 0.0 1.0
-0.9895055294036865 -0.13267925381660461 0.0572279617190361 -0.10117264091968536 0.011644583195447922 0.3215450346469879 0.9468227028846741 -1.4451022148132324 -0.14402508735656738 0.9375526905059814 -0.31662556529045105 3.425287961959839 0.0 0.0 0.0 1.0
-0.9863153696060181 -0.15005816519260406 0.06829742342233658 -0.09823586791753769 0.017100630328059196 0.3189046382904053 0.9476325511932373 -1.4403610229492188 -0.1639803647994995 0.9358324408531189 -0.311974436044693 3.421222686767578 0.0 0.0 0.0 1.0
-0.9836159348487854 -0.16475403308868408 0.0731833279132843 -0.09640970081090927 0.0168374702334404 0.3202180862426758 0.9471942186355591 -1.4369852542877197 -0.17948868870735168 0.9329075217247009 -0.31219759583473206 3.4183244705200195 0.0 0.0 0.0 1.0
-0.9806653261184692 -0.1784449815750122 0.0803297832608223 -0.09477263689041138 0.018179746344685555 0.3256409764289856 0.9453186988830566 -1.4340978860855103 -0.194846048951149 0.9285016655921936 -0.31610074639320374 3.415266275405884 0.0 0.0 0.0 1.0
-0.9770413637161255 -0.19284692406654358 0.09055519849061966 -0.09264791011810303 0.023014644160866737 0.3270190954208374 0.944737434387207 -1.4302613735198975 -0.21180298924446106 0.9251316785812378 -0.3150728642940521 3.4121716022491455 0.0 0.0 0.0 1.0
-0.9746747612953186 -0.20295239984989166 0.09391165524721146 -0.09153515845537186 0.0222911536693573 0.3296826481819153 0.9438286423683167 -1.4273325204849243 -0.2225133180618286 0.922019362449646 -0.3168092966079712 3.4100425243377686 0.0 0.0 0.0 1.0
-0.9713272452354431 -0.2160041779279709 0.09932533651590347 -0.09042944014072418 0.02240818180143833 0.3327411413192749 0.942751944065094 -1.424461841583252 -0.23668797314167023 0.9179463386535645 -0.318360298871994 3.408224105834961 0.0 0.0 0.0 1.0
-0.967517077922821 -0.22822508215904236 0.10873822122812271 -0.08863767236471176 0.027612144127488136 0.33215242624282837 0.9428215026855469 -1.4206876754760742 -0.2512931823730469 0.9151983857154846 -0.3150613605976105 3.406461715698242 0.0 0.0 0.0 1.0
-0.9647716283798218 -0.23557180166244507 0.11713911592960358 -0.08754413574934006 0.03259178251028061 0.33479931950569153 0.9417256712913513 -1.4182053804397583 -0.2610621154308319 0.9123679995536804 -0.31532716751098633 3.4053425788879395 0.0 0.0 0.0 1.0
-0.9593780040740967 -0.2505266070365906 0.12973175942897797 -0.08595705777406693 0.038783133029937744 0.3383605480194092 0.9402170181274414 -1.415084719657898 -0.27944546937942505 0.9070549011230469 -0.3148994445800781 3.4041290283203125 0.0 0.0 0.0 1.0
-0.9561781883239746 -0.25839129090309143 0.13768526911735535 -0.08447623997926712 0.0442688912153244 0.33726367354393005 0.9403687715530396 -1.4126646518707275 -0.2894193232059479 0.9052553176879883 -0.31104546785354614 3.4035542011260986 0.0 0.0 0.0 1.0
-0.953299343585968 -0.26198598742485046 0.15027858316898346 -0.0823892131447792 0.05471004545688629 0.339545339345932 0.938997209072113 -1.4103623628616333 -0.297030508518219 0.9033672213554382 -0.30935508012771606 3.4028100967407227 0.0 0.0 0.0 1.0
-0.9496926069259644 -0.2652960419654846 0.1664389669895172 -0.08012469112873077 0.0703669935464859 0.3371015191078186 0.9388349652290344 -1.4077755212783813 -0.3051760196685791 0.9033164381980896 -0.30147475004196167 3.402798891067505 0.0 0.0 0.0 1.0
-0.9470334053039551 -0.2698342502117157 0.1741182953119278 -0.07845708727836609 0.07605283707380295 0.3383195400238037 0.937952995300293 -1.4056050777435303 -0.31199946999549866 0.9015150666236877 -0.2998782694339752 3.4028894901275635 0.0 0.0 0.0 1.0
-0.942980945110321 -0.2767064571380615 0.18498766422271729 -0.0764012485742569 0.08433221280574799 0.33901768922805786 0.9369925856590271 -1.4036328792572021 -0.32198598980903625 0.8991665840148926 -0.29635196924209595 3.4035630226135254 0.0 0.0 0.0 1.0
-0.9381650686264038 -0.28330332040786743 0.19896118342876434 -0.07336977869272232 0.0973995253443718 0.33549952507019043 0.9369916915893555 -1.4014132022857666 -0.33220425248146057 0.8984315991401672 -0.28716033697128296 3.4050774574279785 0.0 0.0 0.0 1.0
-0.9335904717445374 -0.29380977153778076 0.2051454782485962 -0.07123394310474396 0.09936188161373138 0.3377875089645386 0.9359630346298218 -1.399245262145996 -0.34429067373275757 0.8941897749900818 -0.28616172075271606 3.406433343887329 0.0 0.0 0.0 1.0
-0.926604151725769 -0.3079242706298828 0.21584105491638184 -0.06762798130512238 0.10307972878217697 0.34400829672813416 0.9332914352416992 -1.3963274955749512 -0.36163419485092163 0.8870405554771423 -0.2870187759399414 3.408574342727661 0.0 0.0 0.0 1.0
-0.9215601682662964 -0.3175603449344635 0.22334341704845428 -0.0649971291422844 0.10946303606033325 0.3394053280353546 0.9342493414878845 -1.3948030471801758 -0.3724845051765442 0.8854148387908936 -0.27802130579948425 3.410496473312378 0.0 0.0 0.0 1.0
-0.9160182476043701 -0.326028972864151 0.23370005190372467 -0.06187867000699043 0.12113017588853836 0.3305816948413849 0.9359717965126038 -1.3936598300933838 -0.3824108839035034 0.8856753706932068 -0.2633269131183624 3.413130521774292 0.0 0.0 0.0 1.0
-0.9088481068611145 -0.3372075855731964 0.2455323189496994 -0.05735811963677406 0.13024228811264038 0.329792857170105 0.9350259900093079 -1.39207923412323 -0.3962726593017578 0.8817753195762634 -0.2558129131793976 3.4154598712921143 0.0 0.0 0.0 1.0
-0.9021877646446228 -0.3504559397697449 0.2514713704586029 -0.05412068963050842 0.13018369674682617 0.33458125591278076 0.9333314299583435 -1.3909929990768433 -0.4112291634082794 0.8747776746749878 -0.25623148679733276 3.4173779487609863 0.0 0.0 0.0 1.0
-0.8945276737213135 -0.36445873975753784 0.2588244378566742 -0.050583019852638245 0.13187755644321442 0.338072270154953 0.9318344593048096 -1.3902230262756348 -0.4271165728569031 0.8676848411560059 -0.25435107946395874 3.419468879699707 0.0 0.0 0.0 1.0
-0.8844277858734131 -0.3786812126636505 0.27274179458618164 -0.045663051307201385 0.13907252252101898 0.3440120220184326 0.9286089539527893 -1.3896467685699463 -0.44547319412231445 0.859218418598175 -0.2515896260738373 3.422391653060913 0.0 0.0 0.0 1.0
-0.8776769042015076 -0.38697925209999084 0.2827194631099701 -0.042117029428482056 0.14675496518611908 0.3445656895637512 0.9272202849388123 -1.3892749547958374 -0.45623043179512024 0.8552902936935425 -0.24562622606754303 3.4243760108947754 0.0 0.0 0.0 1.0
-0.8723382949829102 -0.3928638696670532 0.2910049259662628 -0.03837697207927704 0.15183097124099731 0.34809812903404236 0.9250811338424683 -1.3885895013809204 -0.4647291898727417 0.8511672616004944 -0.24401043355464935 3.4264233112335205 0.0 0.0 0.0 1.0
-0.8630161285400391 -0.40265947580337524 0.30507132411003113 -0.03323088213801384 0.1590173989534378 0.3566638231277466 0.9205999970436096 -1.3888359069824219 -0.4794962406158447 0.8430042862892151 -0.24377676844596863 3.428778648376465 0.0 0.0 0.0 1.0
-0.8556458353996277 -0.41081562638282776 0.3148026168346405 -0.029765065759420395 0.16271467506885529 0.3638783395290375 0.9171240329742432 -1.3891648054122925 -0.4913187325000763 0.8359563946723938 -0.24450527131557465 3.4303722381591797 0.0 0.0 0.0 1.0
-0.8486135005950928 -0.41965699195861816 0.32209181785583496 -0.026198141276836395 0.1642291247844696 0.3697833716869354 0.9144884347915649 -1.3891233205795288 -0.5028756260871887 0.8289440870285034 -0.24488325417041779 3.431715965270996 0.0 0.0 0.0 1.0
-0.8401687741279602 -0.42452332377433777 0.33748531341552734 -0.02193360961973667 0.17101633548736572 0.38315409421920776 0.9077149033546448 -1.3893048763275146 -0.5146550536155701 0.8203492164611816 -0.24931371212005615 3.433290958404541 0.0 0.0 0.0 1.0
-0.8330682516098022 -0.4310237765312195 0.34672150015830994 -0.01886400394141674 0.17820525169372559 0.38425952196121216 0.9058628678321838 -1.3893579244613647 -0.5236794948577881 0.8164331912994385 -0.24330370128154755 3.4345734119415283 0.0 0.0 0.0 1.0
-0.82759028673172 -0.43487298488616943 0.3549363613128662 -0.01470815110951662 0.18543720245361328 0.38500702381134033 0.9040921330451965 -1.3888221979141235 -0.5298182368278503 0.8140363097190857 -0.23798644542694092 3.4360873699188232 0.0 0.0 0.0 1.0
-0.8189266324043274 -0.4435943067073822 0.36411985754966736 -0.010257360525429249 0.18879084289073944 0.39092570543289185 0.9008524417877197 -1.3881075382232666 -0.5419568419456482 0.806474506855011 -0.23639293015003204 3.4377059936523438 0.0 0.0 0.0 1.0
-0.812035858631134 -0.45005184412002563 0.3715522289276123 -0.006896025966852903 0.19041432440280914 0.3974948823451996 0.8976303339004517 -1.3872530460357666 -0.5516703128814697 0.7996569275856018 -0.2370837926864624 3.4388110637664795 0.0 0.0 0.0 1.0
-0.8031132817268372 -0.4600917398929596 0.3785823583602905 -0.0022542483638972044 0.1951998621225357 0.39715391397476196 0.8967528939247131 -1.386321783065796 -0.5629440546035767 0.7940934300422668 -0.2291497439146042 3.4406676292419434 0.0 0.0 0.0 1.0
-0.7972104549407959 -0.46362289786338806 0.3866642713546753 0.0015084403567016125 0.20116066932678223 0.3998834490776062 0.8942189812660217 -1.3854130506515503 -0.5692010521888733 0.790662407875061 -0.22552858293056488 3.44169545173645 0.0 0.0 0.0 1.0
-0.7915624380111694 -0.47041574120521545 0.39004868268966675 0.005276435520499945 0.2039320319890976 0.3983438014984131 0.8942784667015076 -1.3849996328353882 -0.5760561227798462 0.7874206304550171 -0.21938113868236542 3.44279146194458 0.0 0.0 0.0 1.0
-0.7821027636528015 -0.476039320230484 0.4021216034889221 0.009833849966526031 0.21233850717544556 0.4030987024307251 0.8901818990707397 -1.3839048147201538 -0.5858563184738159 0.7815996408462524 -0.21418313682079315 3.443936586380005 0.0 0.0 0.0 1.0
-0.7691616415977478 -0.48692357540130615 0.4138789474964142 0.016267303377389908 0.21903099119663239 0.40754780173301697 0.8865270614624023 -1.3818602561950684 -0.6003463864326477 0.7725349068641663 -0.20681880414485931 3.4455273151397705 0.0 0.0 0.0 1.0
-0.7592335343360901 -0.49999672174453735 0.4166146516799927 0.021315211430191994 0.21687647700309753 0.40917861461639404 0.8863055109977722 -1.3802242279052734 -0.6136196255683899 0.7632667422294617 -0.20222458243370056 3.4467527866363525 0.0 0.0 0.0 1.0
-0.7494417428970337 -0.5104158520698547 0.42167842388153076 0.026668505743145943 0.21741700172424316 0.4118524193763733 0.884933590888977 -1.3785741329193115 -0.6253533959388733 0.754886269569397 -0.1976863145828247 3.4477624893188477 0.0 0.0 0.0 1.0
-0.7355151176452637 -0.5226354598999023 0.43112611770629883 0.03447989001870155 0.2248484492301941 0.41197460889816284 0.8830175995826721 -1.37636399269104 -0.6391093134880066 0.7464108467102051 -0.18549977242946625 3.450155735015869 0.0 0.0 0.0 1.0
-0.7262788414955139 -0.5315753221511841 0.4358287751674652 0.0407162681221962 0.22782577574253082 0.4120442271232605 0.8822216391563416 -1.3747302293777466 -0.6485479474067688 0.740031898021698 -0.17815245687961578 3.4518582820892334 0.0 0.0 0.0 1.0
-0.7152220010757446 -0.5380999445915222 0.4459887146949768 0.04725288599729538 0.2312830239534378 0.41994720697402954 0.8775833249092102 -1.3734126091003418 -0.6595192551612854 0.7308165431022644 -0.1759020984172821 3.453733444213867 0.0 0.0 0.0 1.0
-0.6988470554351807 -0.5514681339263916 0.45551690459251404 0.05604804679751396 0.23692819476127625 0.42241719365119934 0.8748878240585327 -1.3718583583831787 -0.67489093542099 0.7193375825881958 -0.1645466685295105 3.4571523666381836 0.0 0.0 0.0 1.0
-0.6913757920265198 -0.5548532009124756 0.4627498388290405 0.06287387758493423 0.24321810901165009 0.42436760663986206 0.8722139000892639 -1.3708763122558594 -0.6803267002105713 0.715576708316803 -0.15844716131687164 3.4596471786499023 0.0 0.0 0.0 1.0
-0.6752392649650574 -0.563603401184082 0.47581836581230164 0.07215476036071777 0.25119712948799133 0.4308154582977295 0.8667744994163513 -1.3694313764572144 -0.6935069561004639 0.7048044204711914 -0.14932797849178314 3.463700294494629 0.0 0.0 0.0 1.0
-0.6605539917945862 -0.5715625286102295 0.48681071400642395 0.07915845513343811 0.25740453600883484 0.4366971254348755 0.8619968295097351 -1.3684853315353394 -0.7052739262580872 0.6947027444839478 -0.1413392573595047 3.4670932292938232 0.0 0.0 0.0 1.0
-0.6489293575286865 -0.5774791836738586 0.49538716673851013 0.0863654837012291 0.26199042797088623 0.4416815936565399 0.8580666780471802 -1.3677597045898438 -0.7143190503120422 0.6866113543510437 -0.13532611727714539 3.4704818725585938 0.0 0.0 0.0 1.0
-0.6303939819335938 -0.5859086513519287 0.5092293620109558 0.09583903104066849 0.26648661494255066 0.4527885615825653 0.8508627414703369 -1.366875171661377 -0.7291010618209839 0.6720815300941467 -0.1292983591556549 3.475142240524292 0.0 0.0 0.0 1.0
-0.613688051700592 -0.5906909108161926 0.5239000916481018 0.10314732789993286 0.2734546661376953 0.46346163749694824 0.8428676128387451 -1.3666046857833862 -0.7406818270683289 0.6605206727981567 -0.12289367616176605 3.4787375926971436 0.0 0.0 0.0 1.0
-0.5923993587493896 -0.6007668972015381 0.5367887616157532 0.1122240498661995 0.27734676003456116 0.47348451614379883 0.8359971046447754 -1.3669590950012207 -0.7564005851745605 0.6441207528114319 -0.11387116461992264 3.483961343765259 0.0 0.0 0.0 1.0
-0.5775370001792908 -0.6048755645751953 0.5482487082481384 0.1186387687921524 0.28173235058784485 0.4826368987560272 0.8292698860168457 -1.3678375482559204 -0.7662100791931152 0.633393406867981 -0.10832764953374863 3.4879324436187744 0.0 0.0 0.0 1.0
-0.565854012966156 -0.6044735312461853 0.5607325434684753 0.1253649741411209 0.2831765115261078 0.49623531103134155 0.8207079768180847 -1.3685078620910645 -0.7743515372276306 0.6231871843338013 -0.10962405800819397 3.491338014602661 0.0 0.0 0.0 1.0
-0.5463554859161377 -0.6143108010292053 0.5693135261535645 0.13335980474948883 0.28775790333747864 0.500678300857544 0.8164047002792358 -1.3698103427886963 -0.7865691781044006 0.6098716259002686 -0.09677555412054062 3.4963595867156982 0.0 0.0 0.0 1.0
-0.5380430221557617 -0.6109793782234192 0.5807011723518372 0.14029920101165771 0.29679808020591736 0.5074792504310608 0.8089349269866943 -1.3710508346557617 -0.7889363765716553 0.6075928211212158 -0.09170815348625183 3.4995667934417725 0.0 0.0 0.0 1.0
-0.5276034474372864 -0.6117684245109558 0.5893844366073608 0.14694729447364807 0.30201372504234314 0.513396680355072 0.8032506108283997 -1.372188925743103 -0.7939913868904114 0.6017999649047852 -0.08610741794109344 3.502368211746216 0.0 0.0 0.0 1.0
-0.512156069278717 -0.6110349297523499 0.6035996079444885 0.15598466992378235 0.30585944652557373 0.5269432663917542 0.7929570078849792 -1.37376868724823 -0.8025872111320496 0.5907343626022339 -0.08298636227846146 3.5058810710906982 0.0 0.0 0.0 1.0
-0.5029101967811584 -0.6135273575782776 0.6088230609893799 0.1622486710548401 0.3095962107181549 0.5297789573669434 0.7896103262901306 -1.3755728006362915 -0.8069891929626465 0.5855923891067505 -0.07648547738790512 3.50842022895813 0.0 0.0 0.0 1.0
-0.49529123306274414 -0.609014630317688 0.6195060610771179 0.169104665517807 0.31659969687461853 0.5375344157218933 0.7815506458282471 -1.3767856359481812 -0.8089815974235535 0.5832306146621704 -0.07342223078012466 3.5109548568725586 0.0 0.0 0.0 1.0
-0.48503434658050537 -0.6068464517593384 0.6296657919883728 0.17853976786136627 0.3288141191005707 0.5406386852264404 0.7743327021598816 -1.378592848777771 -0.8103227615356445 0.5826209187507629 -0.06268864125013351 3.5146915912628174 0.0 0.0 0.0 1.0
-0.4768758714199066 -0.6064168810844421 0.6362766623497009 0.1851920485496521 0.3346593976020813 0.5441012978553772 0.7693873047828674 -1.3792647123336792 -0.8127683997154236 0.579838216304779 -0.05652569234371185 3.5170655250549316 0.0 0.0 0.0 1.0
-0.4645731747150421 -0.6060135960578918 0.6456928849220276 0.1918344646692276 0.3401086628437042 0.5511243939399719 0.7619632482528687 -1.379586935043335 -0.8176171779632568 0.5735934376716614 -0.04992713779211044 3.5196335315704346 0.0 0.0 0.0 1.0
-0.4515587091445923 -0.606884777545929 0.6540532112121582 0.20056496560573578 0.34825074672698975 0.5550222992897034 0.75542813539505 -1.3798987865447998 -0.8214719295501709 0.5688946843147278 -0.03927706927061081 3.5227012634277344 0.0 0.0 0.0 1.0
-0.44564002752304077 -0.6082463264465332 0.6568419337272644 0.2069968581199646 0.35361650586128235 0.5544553995132446 0.7533488869667053 -1.3792332410812378 -0.822411298751831 0.5679925680160522 -0.03200157731771469 3.525127649307251 0.0 0.0 0.0 1.0
-0.4342312216758728 -0.6106521487236023 0.6622289419174194 0.21283334493637085 0.3656018078327179 0.552411675453186 0.7491172552108765 -1.3789355754852295 -0.8232730627059937 0.567402184009552 -0.016618860885500908 3.5275683403015137 0.0 0.0 0.0 1.0
-0.4219065010547638 -0.6193093061447144 0.6621562242507935 0.219925656914711 0.3701753318309784 0.549023449420929 0.749362051486969 -1.3763564825057983 -0.8276261687278748 0.5612746477127075 -0.0023835350293666124 3.5304970741271973 0.0 0.0 0.0 1.0
-0.4131090044975281 -0.6328378915786743 0.6548718810081482 0.22482837736606598 0.3676873743534088 0.5419782996177673 0.7556887865066528 -1.3738378286361694 -0.8331547975540161 0.5529699921607971 0.00879037193953991 3.5330111980438232 0.0 0.0 0.0 1.0
-0.39556655287742615 -0.6476683020591736 0.6511934399604797 0.23010988533496857 0.3605457842350006 0.5426012277603149 0.7586769461631775 -1.3701578378677368 -0.8447093367576599 0.5348922610282898 0.018879186362028122 3.535719156265259 0.0 0.0 0.0 1.0
-0.3852018415927887 -0.6539653539657593 0.6511135697364807 0.23384924232959747 0.3556131422519684 0.5458798408508301 0.7586531043052673 -1.3675010204315186 -0.8515625596046448 0.5237790942192078 0.02228475734591484 3.5366878509521484 0.0 0.0 0.0 1.0
-0.37152233719825745 -0.6671619415283203 0.6456516981124878 0.23788979649543762 0.35775187611579895 0.5388512015342712 0.7626617550849915 -1.3652963638305664 -0.8567290902137756 0.5143289566040039 0.03848317638039589 3.5378682613372803 0.0 0.0 0.0 1.0
-0.3617247939109802 -0.6722362041473389 0.6459517478942871 0.24194557964801788 0.3612722158432007 0.537658154964447 0.7618438601493835 -1.3626062870025635 -0.859440267086029 0.5089422464370728 0.04837595671415329 3.538174629211426 0.0 0.0 0.0 1.0
-0.346923291683197 -0.6779670715332031 0.6480778455734253 0.24699069559574127 0.36670050024986267 0.5379387736320496 0.7590472102165222 -1.3592318296432495 -0.8632351756095886 0.5009816288948059 0.06198737025260925 3.5385351181030273 0.0 0.0 0.0 1.0
-0.33474937081336975 -0.683311939239502 0.6488664150238037 0.25074848532676697 0.36654335260391235 0.5399392247200012 0.7577015161514282 -1.3568178415298462 -0.8680949211120605 0.4914777874946594 0.06971912831068039 3.5389115810394287 0.0 0.0 0.0 1.0
-0.3201415240764618 -0.6871366500854492 0.652190625667572 0.25450724363327026 0.3697187304496765 0.5432157516479492 0.7538068294525146 -1.3545398712158203 -0.8722485303878784 0.4824519753456116 0.08014136552810669 3.5393271446228027 0.0 0.0 0.0 1.0
-0.2978992164134979 -0.6883888244628906 0.6613447070121765 0.25935906171798706 0.38067951798439026 0.549659252166748 0.7436113357543945 -1.352120041847229 -0.8754079937934875 0.4732816219329834 0.09831248223781586 3.539954900741577 0.0 0.0 0.0 1.0
-0.2839573621749878 -0.6891778111457825 0.6666349768638611 0.26344045996665955 0.3862602710723877 0.5541248917579651 0.7373930811882019 -1.3504399061203003 -0.877593994140625 0.4668827950954437 0.10885415971279144 3.5398149490356445 0.0 0.0 0.0 1.0
-0.2683582901954651 -0.6931664943695068 0.6689574122428894 0.2669225037097931 0.39354464411735535 0.5549500584602356 0.7329072952270508 -1.3490889072418213 -0.8792647123336792 0.45994633436203003 0.12386652827262878 3.539825201034546 0.0 0.0 0.0 1.0
-0.24762369692325592 -0.6941851377487183 0.6758620738983154 0.2715010344982147 0.4080467224121094 0.557977557182312 0.7226056456565857 -1.3478193283081055 -0.8787379264831543 0.45471757650375366 0.14509151875972748 3.5400381088256836 0.0 0.0 0.0 1.0
-0.23260970413684845 -0.697952151298523 0.6773149371147156 0.27459216117858887 0.41442471742630005 0.5588973760604858 0.7182520031929016 -1.3466876745224 -0.8798550367355347 0.4477684199810028 0.1592436581850052 3.5398054122924805 0.0 0.0 0.0 1.0
-0.2121896594762802 -0.7008178234100342 0.6810505986213684 0.27759718894958496 0.418230265378952 0.5647441744804382 0.71144038438797 -1.3459458351135254 -0.8832094669342041 0.43579626083374023 0.1732703447341919 3.5392401218414307 0.0 0.0 0.0 1.0
-0.18462425470352173 -0.7022789120674133 0.6875450611114502 0.2807932198047638 0.42300865054130554 0.5746753811836243 0.7005796432495117 -1.3449876308441162 -0.8871175646781921 0.4201815128326416 0.19097104668617249 3.538912773132324 0.0 0.0 0.0 1.0
-0.1659383624792099 -0.7071535587310791 0.6873123645782471 0.282881498336792 0.4302047789096832 0.5752437114715576 0.6957144141197205 -1.3444721698760986 -0.887349009513855 0.41113078594207764 0.20876584947109222 3.53912091255188 0.0 0.0 0.0 1.0
-0.13869111239910126 -0.7118441462516785 0.6885075569152832 0.285547137260437 0.43928149342536926 0.5788708925247192 0.6869791150093079 -1.3436665534973145 -0.8875790238380432 0.39772653579711914 0.23241572082042694 3.540072441101074 0.0 0.0 0.0 1.0
-0.10903622210025787 -0.7150545120239258 0.6905129551887512 0.2878267765045166 0.4389325678348541 0.5886304378509521 0.678861141204834 -1.3432550430297852 -0.8918796181678772 0.3771090805530548 0.24967868626117706 3.5406839847564697 0.0 0.0 0.0 1.0
-0.09059489518404007 -0.7143661975860596 0.693882942199707 0.29000362753868103 0.44035959243774414 0.5961974263191223 0.6712913513183594 -1.3424371480941772 -0.8932390809059143 0.36637356877326965 0.26056554913520813 3.5411760807037354 0.0 0.0 0.0 1.0
-0.06431378424167633 -0.7125129103660583 0.69870525598526 0.29207083582878113 0.4425191283226013 0.6071901321411133 0.6599219441413879 -1.3420964479446411 -0.8944498896598816 0.3516325056552887 0.2762499153614044 3.5423166751861572 0.0 0.0 0.0 1.0
-0.046544939279556274 -0.7078960537910461 0.7047813534736633 0.2937784492969513 0.44391143321990967 0.6173924207687378 0.6494376063346863 -1.3424705266952515 -0.8948609828948975 0.3430885076522827 0.2855066657066345 3.542253017425537 0.0 0.0 0.0 1.0
-0.029875367879867554 -0.7055994272232056 0.7079808712005615 0.2952810525894165 0.4497440457344055 0.6230600476264954 0.6399425268173218 -1.3431775569915771 -0.8926576972007751 0.33752870559692383 0.2987250089645386 3.5425727367401123 0.0 0.0 0.0 1.0
-0.008991536684334278 -0.6994005441665649 0.7146733999252319 0.29688793420791626 0.4544648826122284 0.6337665915489197 0.6259405612945557 -1.3442425727844238 -0.8907192945480347 0.3304221034049988 0.3121544420719147 3.542924642562866 0.0 0.0 0.0 1.0
0.005846624728292227 -0.6951804757118225 0.7188115119934082 0.2976997196674347 0.45412492752075195 0.6422704458236694 0.6174619793891907 -1.3451732397079468 -0.8909188508987427 0.32282012701034546 0.3194538652896881 3.5429937839508057 0.0 0.0 0.0 1.0
0.022348733618855476 -0.6929832100868225 0.7206072211265564 0.29811662435531616 0.45708832144737244 0.6481238603591919 0.6091024279594421 -1.3462843894958496 -0.8891404867172241 0.3157684803009033 0.3312392830848694 3.5429558753967285 0.0 0.0 0.0 1.0
0.040597282350063324 -0.6867031455039978 0.7258034944534302 0.29863500595092773 0.4568024277687073 0.6587995886802673 0.5977579951286316 -1.3473455905914307 -0.8886412978172302 0.3072814345359802 0.34043312072753906 3.542833089828491 0.0 0.0 0.0 1.0
0.05592119321227074 -0.6831148266792297 0.7281668782234192 0.29854413866996765 0.4497147798538208 0.6683719158172607 0.5924825668334961 -1.3483861684799194 -0.8914198875427246 0.2943350672721863 0.3445829749107361 3.5430543422698975 0.0 0.0 0.0 1.0
0.07160702347755432 -0.6757006645202637 0.7336900234222412 0.29816290736198425 0.4456789195537567 0.6797389984130859 0.5825162529945374 -1.349460244178772 -0.8923243284225464 0.2852779030799866 0.3498196303844452 3.5429089069366455 0.0 0.0 0.0 1.0
0.08768689632415771 -0.6693453192710876 0.7377586364746094 0.2977795898914337 0.44677838683128357 0.6883693933486938 0.5714338421821594 -1.3507672548294067 -0.8903370499610901 0.2795073688030243 0.35941001772880554 3.5429770946502686 0.0 0.0 0.0 1.0
0.09847990423440933 -0.666016161441803 0.739408016204834 0.29748082160949707 0.44996848702430725 0.6925264000892639 0.5638577342033386 -1.3517329692840576 -0.887597918510437 0.2771816551685333 0.3678862154483795 3.5434651374816895 0.0 0.0 0.0 1.0
0.10975553095340729 -0.6594647169113159 0.7436800599098206 0.29709160327911377 0.4489497244358063 0.7004210352897644 0.5548464059829712 -1.3527292013168335 -0.8867907524108887 0.27297747135162354 0.3729415833950043 3.5435914993286133 0.0 0.0 0.0 1.0
0.12329500913619995 -0.6494306325912476 0.7503587007522583 0.29668813943862915 0.4481799602508545 0.7110633850097656 0.5417782068252563 -1.3530164957046509 -0.8853999376296997 0.26949718594551086 0.3787323534488678 3.543882369995117 0.0 0.0 0.0 1.0
0.13027286529541016 -0.6497287750244141 0.748920202255249 0.29648858308792114 0.44823700189590454 0.7123525738716125 0.5400346517562866 -1.3533397912979126 -0.884371280670166 0.2653418779373169 0.3840326964855194 3.5440425872802734 0.0 0.0 0.0 1.0
0.13724453747272491 -0.648524284362793 0.7487190365791321 0.296191543340683 0.44445857405662537 0.7158266305923462 0.5385617613792419 -1.3537518978118896 -0.8852234482765198 0.25885993242263794 0.3864854872226715 3.544151782989502 0.0 0.0 0.0 1.0
0.1429520845413208 -0.6487972736358643 0.7474134564399719 0.29559770226478577 0.44107699394226074 0.7177935242652893 0.5387240052223206 -1.3540712594985962 -0.8860111832618713 0.25265514850616455 0.3887796103954315 3.5440783500671387 0.0 0.0 0.0 1.0
0.14661304652690887 -0.6524559855461121 0.7435091137886047 0.29479724168777466 0.4408468008041382 0.7159582376480103 0.5413482189178467 -1.3547720909118652 -0.8855273723602295 0.24840490520000458 0.39260196685791016 3.54447603225708 0.0 0.0 0.0 1.0
0.149098739027977 -0.6489089727401733 0.7461144328117371 0.29420164227485657 0.4413183331489563 0.7188993096351624 0.5370492339134216 -1.355644941329956 -0.8848772048950195 0.24920059740543365 0.3935624063014984 3.5447816848754883 0.0 0.0 0.0 1.0
0.1440945267677307 -0.6511713266372681 0.745125949382782 0.2933071255683899 0.43802398443222046 0.7171705365180969 0.5420345664024353 -1.3566579818725586 -0.88733971118927 0.24827882647514343 0.3885689973831177 3.545118570327759 0.0 0.0 0.0 1.0
0.1357276737689972 -0.6567050814628601 0.7418331503868103 0.29250362515449524 0.4384126663208008 0.7112739086151123 0.549439549446106 -1.3574559688568115 -0.8884662985801697 0.2506548762321472 0.3844473659992218 3.5456910133361816 0.0 0.0 0.0 1.0
0.12998028099536896 -0.6512776017189026 0.7476246356964111 0.2916073799133301 0.44204050302505493 0.7130038142204285 0.5442662239074707 -1.3590224981307983 -0.8875276446342468 0.2597365081310272 0.3805675208568573 3.5464069843292236 0.0 0.0 0.0 1.0
0.11794573068618774 -0.6547970175743103 0.746545135974884 0.2895927429199219 0.44984230399131775 0.7054610848426819 0.547692060470581 -1.3613718748092651 -0.8852856755256653 0.27122965455055237 0.37776151299476624 3.5482702255249023 0.0 0.0 0.0 1.0
0.10853615403175354 -0.6541638374328613 0.7485249638557434 0.2879787087440491 0.4567999541759491 0.7015879154205322 0.5469077825546265 -1.3630259037017822 -0.8829233646392822 0.2825669050216675 0.3749696612358093 3.5497260093688965 0.0 0.0 0.0 1.0
0.10128577798604965 -0.6516735553741455 0.7517065405845642 0.2864551544189453 0.4604961574077606 0.7004843950271606 0.5452200174331665 -1.3646495342254639 -0.8818641901016235 0.2909349501132965 0.37104228138923645 3.5515432357788086 0.0 0.0 0.0 1.0
0.09526669234037399 -0.6493483185768127 0.7545005083084106 0.28382402658462524 0.4638065695762634 0.6996047496795654 0.543540894985199 -1.3675413131713867 -0.8807994723320007 0.29816094040870667 0.36782106757164 3.5543529987335205 0.0 0.0 0.0 1.0
0.08672399818897247 -0.6477656364440918 0.7568874359130859 0.2822949290275574 0.4640195667743683 0.6985700130462646 0.5446887016296387 -1.369174599647522 -0.881569504737854 0.3039730191230774 0.36115872859954834 3.556393623352051 0.0 0.0 0.0 1.0
0.08440357446670532 -0.6438647508621216 0.7604697346687317 0.280763179063797 0.4637494683265686 0.7008814811706543 0.5419423580169678 -1.371225357055664 -0.88193678855896 0.30692556500434875 0.3577488362789154 3.558774471282959 0.0 0.0 0.0 1.0
0.08209767192602158 -0.6391934752464294 0.764651358127594 0.27871468663215637 0.4698777198791504 0.7014414668083191 0.5359055995941162 -1.3743221759796143 -0.8789055347442627 0.3152960240840912 0.3579294681549072 3.5623955726623535 0.0 0.0 0.0 1.0
0.0765794962644577 -0.6380925178527832 0.7661420106887817 0.27777165174484253 0.47468990087509155 0.6990602612495422 0.5347750186920166 -1.376383900642395 -0.8768153190612793 0.3227270543575287 0.35642972588539124 3.5652382373809814 0.0 0.0 0.0 1.0
0.07199677079916 -0.6378185153007507 0.7668142318725586 0.2749226987361908 0.4830538034439087 0.6949261426925659 0.5326693654060364 -1.3801816701889038 -0.8726256489753723 0.3320620656013489 0.35813307762145996 3.5692570209503174 0.0 0.0 0.0 1.0
0.07055938988924026 -0.6377968788146973 0.7669658064842224 0.27307069301605225 0.4871947467327118 0.6929713487625122 0.5314432978630066 -1.3830523490905762 -0.8704382181167603 0.33616337180137634 0.3596269190311432 3.572892904281616 0.0 0.0 0.0 1.0
0.07022573053836823 -0.6333589553833008 0.770665168762207 0.2677384316921234 0.48136603832244873 0.6981850862503052 0.5299285650253296 -1.3897387981414795 -0.8737019300460815 0.3337574005126953 0.3539080321788788 3.581784725189209 0.0 0.0 0.0 1.0
0.06868449598550797 -0.6342317461967468 0.7700860500335693 0.2624036967754364 0.4820598363876343 0.6969125866889954 0.530971884727478 -1.3963379859924316 -0.8734418749809265 0.3347580134868622 0.3536047637462616 3.5907254219055176 0.0 0.0 0.0 1.0
0.06893127411603928 -0.632231593132019 0.7717069983482361 0.2593308687210083 0.48365750908851624 0.6977376341819763 0.528429388999939 -1.3999053239822388 -0.8725387454032898 0.33681657910346985 0.35387951135635376 3.5955545902252197 0.0 0.0 0.0 1.0
0.06743444502353668 -0.6308115720748901 0.7730002403259277 0.2561552822589874 0.48317673802375793 0.6984988451004028 0.5278632044792175 -1.4030662775039673 -0.8729220032691956 0.3378995656967163 0.35189634561538696 3.600264549255371 0.0 0.0 0.0 1.0
0.06479904800653458 -0.6345325112342834 0.7701749801635742 0.2512533366680145 0.48455825448036194 0.6947071552276611 0.5315874814987183 -1.4074456691741943 -0.8723556399345398 0.3387482762336731 0.3524843454360962 3.6066701412200928 0.0 0.0 0.0 1.0
0.06532862782478333 -0.6310282945632935 0.7730041742324829 0.24738143384456635 0.48545312881469727 0.6969060301780701 0.5278799533843994 -1.4108399152755737 -0.871818482875824 0.3407716155052185 0.3518625795841217 3.6113529205322266 0.0 0.0 0.0 1.0
0.06101371347904205 -0.6331537365913391 0.771617591381073 0.24207472801208496 0.48125410079956055 0.6959270238876343 0.5329915881156921 -1.4150502681732178 -0.8744551539421082 0.3388243317604065 0.3471689224243164 3.617845296859741 0.0 0.0 0.0 1.0
0.05800415202975273 -0.6326718330383301 0.7722446918487549 0.23790694773197174 0.4823986291885376 0.6950055956840515 0.5331591963768005 -1.4184876680374146 -0.8740292191505432 0.3416043221950531 0.345513254404068 3.622384548187256 0.0 0.0 0.0 1.0
0.052537158131599426 -0.6336753964424133 0.7718130350112915 0.23335625231266022 0.4833966791629791 0.6924325823783875 0.535597562789917 -1.4222220182418823 -0.8738234639167786 0.34495308995246887 0.342695027589798 3.626408815383911 0.0 0.0 0.0 1.0
0.04554249346256256 -0.632561206817627 0.7731702327728271 0.22778958082199097 0.48294249176979065 0.6914587616920471 0.5372627973556519 -1.4268252849578857 -0.8744669556617737 0.34892845153808594 0.3369814455509186 3.6315345764160156 0.0 0.0 0.0 1.0
0.03464418649673462 -0.6318404078483582 0.7743238806724548 0.2234598994255066 0.4819377362728119 0.6893130540847778 0.5409099459648132 -1.4303821325302124 -0.8755202889442444 0.3544365167617798 0.32838842272758484 3.634631633758545 0.0 0.0 0.0 1.0
0.024866783991456032 -0.6304545998573303 0.7758277058601379 0.21894018352031708 0.4812343418598175 0.6877804398536682 0.5434809923171997 -1.4342916011810303 -0.8762392401695251 0.3598403036594391 0.3204993009567261 3.6375296115875244 0.0 0.0 0.0 1.0
0.01106575783342123 -0.6283488869667053 0.7778529524803162 0.21251758933067322 0.4832477867603302 0.6843870282173157 0.545972466468811 -1.4398399591445923 -0.875413715839386 0.3698541224002838 0.3112214505672455 3.6414289474487305 0.0 0.0 0.0 1.0
0.0010840188479050994 -0.6261275410652161 0.779719889163971 0.20730803906917572 0.4826975166797638 0.6831965446472168 0.5479466915130615 -1.4441089630126953 -0.8757864832878113 0.37577489018440247 0.3029707968235016 3.644115447998047 0.0 0.0 0.0 1.0
-0.009840450249612331 -0.620966911315918 0.7837750315666199 0.20189951360225677 0.4815833866596222 0.6839808225631714 0.5479485988616943 -1.448516845703125 -0.8763450384140015 0.38284510374069214 0.2923166751861572 3.6468355655670166 0.0 0.0 0.0 1.0
-0.023131517693400383 -0.6182153820991516 0.7856683135032654 0.19399750232696533 0.4838394522666931 0.680787980556488 0.5499337315559387 -1.4542808532714844 -0.8748510479927063 0.3928581476211548 0.2833693325519562 3.650017261505127 0.0 0.0 0.0 1.0
-0.02997298166155815 -0.6084484457969666 0.7930271625518799 0.188109889626503 0.4872213900089264 0.6838544011116028 0.5431007742881775 -1.4595309495925903 -0.872763991355896 0.4026581346988678 0.27595195174217224 3.6523756980895996 0.0 0.0 0.0 1.0
-0.040078919380903244 -0.5958535671234131 0.8020923733711243 0.18241898715496063 0.48754215240478516 0.6890318989753723 0.5362253785133362 -1.4640499353408813 -0.8721790909767151 0.41254517436027527 0.262888103723526 3.6544570922851562 0.0 0.0 0.0 1.0
-0.05764373019337654 -0.593079149723053 0.8030779957771301 0.17462244629859924 0.4872790277004242 0.6853739619255066 0.541130006313324 -1.4698028564453125 -0.8713417053222656 0.4225158393383026 0.24948753416538239 3.6574182510375977 0.0 0.0 0.0 1.0
-0.0689421221613884 -0.5810262560844421 0.8109595775604248 0.16913260519504547 0.4935290217399597 0.6865898966789246 0.5338758230209351 -1.473949909210205 -0.8669925332069397 0.4370386302471161 0.23941835761070251 3.659252166748047 0.0 0.0 0.0 1.0
-0.07754378020763397 -0.5825067758560181 0.8091185688972473 0.16303713619709015 0.49519675970077515 0.6818732619285583 0.5383577346801758 -1.4777947664260864 -0.8653132915496826 0.442419171333313 0.2355804294347763 3.6611289978027344 0.0 0.0 0.0 1.0
-0.08736653625965118 -0.5788924694061279 0.8107098937034607 0.1554299145936966 0.4948360025882721 0.6810983419418335 0.5396687984466553 -1.482554316520691 -0.8645833730697632 0.4483174681663513 0.22695164382457733 3.663958787918091 0.0 0.0 0.0 1.0
-0.09283766895532608 -0.5765795707702637 0.8117494583129883 0.14983443915843964 0.49284419417381287 0.6817806363105774 0.5406290292739868 -1.485887050628662 -0.8651507496833801 0.45025673508644104 0.22086896002292633 3.6655566692352295 0.0 0.0 0.0 1.0
-0.10182899981737137 -0.5710386037826538 0.8145831823348999 0.14482882618904114 0.49075847864151 0.6834288239479065 0.5404453277587891 -1.4888616800308228 -0.8653247952461243 0.45479661226272583 0.21064916253089905 3.6673638820648193 0.0 0.0 0.0 1.0
-0.11107999086380005 -0.5692684054374695 0.8146132230758667 0.13843101263046265 0.4907102584838867 0.6813772320747375 0.5430732369422913 -1.4926233291625977 -0.8642133474349976 0.460063636302948 0.20365846157073975 3.669281482696533 0.0 0.0 0.0 1.0
-0.11834191530942917 -0.5627687573432922 0.818099319934845 0.13384084403514862 0.49091604351997375 0.6829982995986938 0.5408463478088379 -1.495427131652832 -0.8631318807601929 0.4656228721141815 0.19544488191604614 3.6703898906707764 0.0 0.0 0.0 1.0
-0.12684179842472076 -0.5633001923561096 0.8164582848548889 0.12964650988578796 0.4906473159790039 0.6797289848327637 0.5451914072036743 -1.4981865882873535 -0.8620767593383789 0.46974611282348633 0.19016367197036743 3.671644449234009 0.0 0.0 0.0 1.0
-0.13244003057479858 -0.5538358092308044 0.8220252394676208 0.12426766008138657 0.4915742576122284 0.6834529042243958 0.5396729707717896 -1.5023128986358643 -0.8607057332992554 0.4755607545375824 0.18173490464687347 3.673034191131592 0.0 0.0 0.0 1.0
-0.14093904197216034 -0.5485015511512756 0.8241857886314392 0.12078233063220978 0.49218252301216125 0.6835099458694458 0.5390459299087524 -1.505596399307251 -0.8590067028999329 0.48162245750427246 0.17362964153289795 3.674238681793213 0.0 0.0 0.0 1.0
-0.14698253571987152 -0.5466752052307129 0.8243436217308044 0.1172892227768898 0.49390146136283875 0.6815038323402405 0.5400128364562988 -1.508297324180603 -0.8570049405097961 0.4865169823169708 0.16983452439308167 3.6754233837127686 0.0 0.0 0.0 1.0
-0.1509900987148285 -0.5365843176841736 0.8302284479141235 0.11270184069871902 0.4983527958393097 0.6840047836303711 0.532711923122406 -1.512839436531067 -0.8537250757217407 0.4941808879375458 0.1641303449869156 3.677396774291992 0.0 0.0 0.0 1.0
-0.15833644568920135 -0.5329151749610901 0.8312225937843323 0.10978243499994278 0.4940243065357208 0.6861357688903809 0.5340015888214111 -1.5155317783355713 -0.8549091219902039 0.49519607424736023 0.15463273227214813 3.6796257495880127 0.0 0.0 0.0 1.0
-0.16104243695735931 -0.5318892002105713 0.83135986328125 0.10657171905040741 0.4933396279811859 0.6861836314201355 0.5345727205276489 -1.518121361732483 -0.8547989726066589 0.49623164534568787 0.1518973559141159 3.6814491748809814 0.0 0.0 0.0 1.0
-0.16618497669696808 -0.5284639000892639 0.8325313329696655 0.10215006023645401 0.49433422088623047 0.6858763098716736 0.5340481400489807 -1.5217574834823608 -0.8532387018203735 0.5002995133399963 0.14725546538829803 3.684272050857544 0.0 0.0 0.0 1.0
-0.1707417219877243 -0.528479814529419 0.8315986394882202 0.0993228405714035 0.49243974685668945 0.6852574944496155 0.5365867018699646 -1.5238655805587769 -0.8534344434738159 0.5011299848556519 0.14324243366718292 3.686483860015869 0.0 0.0 0.0 1.0
-0.173381045460701 -0.526656448841095 0.8322091102600098 0.09587912261486053 0.4890640377998352 0.6874144077301025 0.536915123462677 -1.5265161991119385 -0.8548423051834106 0.5000944137573242 0.13838410377502441 3.6896421909332275 0.0 0.0 0.0 1.0
-0.17749178409576416 -0.5262709259986877 0.8315861821174622 0.09305951744318008 0.4874427318572998 0.6870567202568054 0.5388438105583191 -1.528381586074829 -0.8549246788024902 0.5009909868240356 0.13458003103733063 3.6914172172546387 0.0 0.0 0.0 1.0
-0.18435178697109222 -0.5335270762443542 0.8254473209381104 0.09041871875524521 0.4883269965648651 0.6791289448738098 0.5480151176452637 -1.5304187536239624 -0.8529661297798157 0.5041157603263855 0.13533702492713928 3.694129228591919 0.0 0.0 0.0 1.0
-0.19211313128471375 -0.5302113890647888 0.8258137702941895 0.08807133138179779 0.4847119152545929 0.6804189682006836 0.5496219992637634 -1.5323255062103271 -0.8533152341842651 0.5058713555335999 0.12628236413002014 3.697033405303955 0.0 0.0 0.0 1.0
-0.19868342578411102 -0.5310215950012207 0.8237360119819641 0.0864362046122551 0.4811631143093109 0.679374635219574 0.5540145635604858 -1.5341542959213257 -0.8538190126419067 0.5064249038696289 0.12052752077579498 3.6994214057922363 0.0 0.0 0.0 1.0
-0.20850984752178192 -0.5321512222290039 0.8205721974372864 0.08499794453382492 0.48345160484313965 0.6732578873634338 0.5594625473022461 -1.5360773801803589 -0.8501753807067871 0.5133603811264038 0.11688846349716187 3.701988935470581 0.0 0.0 0.0 1.0
-0.21696837246418 -0.5287197232246399 0.8205974698066711 0.08344922959804535 0.4877936542034149 0.6694253087043762 0.5602919459342957 -1.5391671657562256 -0.8455661535263062 0.5218478441238403 0.11266199499368668 3.705622911453247 0.0 0.0 0.0 1.0
-0.22499237954616547 -0.5285992622375488 0.8185116052627563 0.08280091732740402 0.48420262336730957 0.6683236360549927 0.5647046566009521 -1.5415548086166382 -0.8455331325531006 0.5233796834945679 0.10558141767978668 3.7088615894317627 0.0 0.0 0.0 1.0
-0.23575381934642792 -0.5296556949615479 0.8147913813591003 0.08213071525096893 0.47912466526031494 0.666094958782196 0.5716266632080078 -1.5448064804077148 -0.845493733882904 0.5251498222351074 0.09673666954040527 3.7134504318237305 0.0 0.0 0.0 1.0
-0.24398474395275116 -0.5286861062049866 0.812995970249176 0.08166804164648056 0.4813174605369568 0.6617745161056519 0.5747938752174377 -1.5478127002716064 -0.8419055342674255 0.5315501093864441 0.09300296753644943 3.717607259750366 0.0 0.0 0.0 1.0
-0.2517507076263428 -0.5310729146003723 0.8090630769729614 0.0811992809176445 0.4822910726070404 0.655941367149353 0.580634355545044 -1.5510129928588867 -0.8390571475028992 0.5363790392875671 0.09099802374839783 3.722113609313965 0.0 0.0 0.0 1.0
-0.26101598143577576 -0.5258122086524963 0.8095629811286926 0.08120042830705643 0.48142009973526 0.6560001373291016 0.5812904238700867 -1.55499267578125 -0.8367229700088501 0.5414659380912781 0.08191005140542984 3.728254556655884 0.0 0.0 0.0 1.0
-0.2714836597442627 -0.5215049982070923 0.8089061379432678 0.08108828961849213 0.4731788635253906 0.6595567464828491 0.5840262770652771 -1.5597312450408936 -0.8380920886993408 0.5413109064102173 0.06770625710487366 3.735344886779785 0.0 0.0 0.0 1.0
-0.2903631329536438 -0.5178954005241394 0.8046574592590332 0.08079417794942856 0.48160460591316223 0.6475343108177185 0.5905559659004211 -1.5665879249572754 -0.8268895149230957 0.5590024590492249 0.061400704085826874 3.746861457824707 0.0 0.0 0.0 1.0
-0.3031459152698517 -0.5146287083625793 0.802034854888916 0.08023315668106079 0.4881492555141449 0.6389665007591248 0.5945015549659729 -1.5712348222732544 -0.818420946598053 0.5717334151268005 0.057515520602464676 3.7558252811431885 0.0 0.0 0.0 1.0
-0.311717689037323 -0.5116896033287048 0.8006284236907959 0.0797957181930542 0.48560547828674316 0.6384663581848145 0.5971164703369141 -1.5744625329971313 -0.8167125582695007 0.5749213099479675 0.04945800453424454 3.7630627155303955 0.0 0.0 0.0 1.0
-0.31949368119239807 -0.5095405578613281 0.798931896686554 0.07915227115154266 0.48454591631889343 0.63670814037323 0.5998483300209045 -1.5778872966766357 -0.8143334984779358 0.578766942024231 0.043471578508615494 3.7706449031829834 0.0 0.0 0.0 1.0
-0.3304992616176605 -0.5063778162002563 0.7964619994163513 0.07836776226758957 0.48443058133125305 0.6332269906997681 0.6036145687103271 -1.5826243162155151 -0.8099982738494873 0.585324764251709 0.03602384030818939 3.7805843353271484 0.0 0.0 0.0 1.0
-0.33671948313713074 -0.5024818778038025 0.7963240146636963 0.07793142646551132 0.4837968647480011 0.6332183480262756 0.6041316390037537 -1.5868135690689087 -0.8078122138977051 0.5886819958686829 0.029882198199629784 3.7883174419403076 0.0 0.0 0.0 1.0
-0.34916889667510986 -0.5029171109199524 0.790667712688446 0.07710098475217819 0.47653645277023315 0.6312204599380493 0.6119425892829895 -1.5904936790466309 -0.806842029094696 0.5904533267021179 0.01925576850771904 3.795525550842285 0.0 0.0 0.0 1.0
-0.357521116733551 -0.5019800662994385 0.787524402141571 0.07631375640630722 0.4766402542591095 0.6270851492881775 0.6160992383956909 -1.596978783607483 -0.8031144142150879 0.5956343412399292 0.015067746862769127 3.806553363800049 0.0 0.0 0.0 1.0
-0.3666822612285614 -0.5013916492462158 0.7836775779724121 0.075588159263134 0.4760119318962097 0.6226319670677185 0.6210814118385315 -1.6021627187728882 -0.7993476986885071 0.6007794141769409 0.010360310785472393 3.814415454864502 0.0 0.0 0.0 1.0
-0.37048497796058655 -0.5011569857597351 0.7820374369621277 0.07486598193645477 0.4704815745353699 0.6246986985206604 0.6232163310050964 -1.6075701713562012 -0.8008670210838318 0.5988264679908752 0.004343658220022917 3.822267770767212 0.0 0.0 0.0 1.0
-0.3784036934375763 -0.5008065104484558 0.7784622311592102 0.07401639223098755 0.4660811126232147 0.6235208511352539 0.6276863813400269 -1.6151832342147827 -0.7997368574142456 0.6003453731536865 -0.0025261351838707924 3.8324391841888428 0.0 0.0 0.0 1.0
-0.3813452124595642 -0.49915602803230286 0.7780868411064148 0.07380330562591553 0.46651896834373474 0.6227362751960754 0.6281397938728333 -1.6211177110671997 -0.7980826497077942 0.6025303602218628 -0.004611736163496971 3.8402364253997803 0.0 0.0 0.0 1.0
-0.38571664690971375 -0.4988315999507904 0.7761377096176147 0.0735001266002655 0.46355921030044556 0.6225605607032776 0.6305007338523865 -1.6274032592773438 -0.7977064251899719 0.6029804348945618 -0.008893992751836777 3.847836971282959 0.0 0.0 0.0 1.0
-0.38979390263557434 -0.4914650321006775 0.7787957787513733 0.07308077812194824 0.4605308473110199 0.6283146739006042 0.6270023584365845 -1.635370135307312 -0.7974785566329956 0.6030611991882324 -0.01857841946184635 3.8570187091827393 0.0 0.0 0.0 1.0
-0.39595869183540344 -0.49055561423301697 0.7762550711631775 0.07269345223903656 0.4618243873119354 0.624272346496582 0.6300811767578125 -1.6409870386123657 -0.7936844229698181 0.6079795956611633 -0.020635511726140976 3.863616466522217 0.0 0.0 0.0 1.0
-0.3970559537410736 -0.48697319626808167 0.7779483795166016 0.07251475751399994 0.4701980650424957 0.6200109124183655 0.6280925869941711 -1.6473199129104614 -0.7882007360458374 0.6151776909828186 -0.017205169424414635 3.8702778816223145 0.0 0.0 0.0 1.0
-0.4021102786064148 -0.48492565751075745 0.776630163192749 0.07172277569770813 0.46762681007385254 0.6204809546470642 0.6295463442802429 -1.6549235582351685 -0.7871673703193665 0.6163201332092285 -0.022737521678209305 3.8781673908233643 0.0 0.0 0.0 1.0
-0.4074740707874298 -0.4860139489173889 0.773146390914917 0.0711514949798584 0.46487531065940857 0.6183227896690369 0.6336938738822937 -1.6606987714767456 -0.7860380411148071 0.6176304817199707 -0.026014624163508415 3.884216547012329 0.0 0.0 0.0 1.0
-0.41405826807022095 -0.47894227504730225 0.7740607261657715 0.0704292505979538 0.46089157462120056 0.6230042576789856 0.6320163607597351 -1.6735838651657104 -0.7849425077438354 0.6184496879577637 -0.03721960261464119 3.8962669372558594 0.0 0.0 0.0 1.0
-0.42618417739868164 -0.476410448551178 0.769025444984436 0.0695892795920372 0.4534575045108795 0.6230795383453369 0.6372975707054138 -1.6833820343017578 -0.7827792167663574 0.6203264594078064 -0.04951475188136101 3.9072842597961426 0.0 0.0 0.0 1.0
-0.43401649594306946 -0.47357574105262756 0.7663913369178772 0.06900397688150406 0.4523788094520569 0.6211046576499939 0.6399862766265869 -1.6879433393478394 -0.7790911793708801 0.6244637966156006 -0.05533404275774956 3.9132063388824463 0.0 0.0 0.0 1.0
-0.44560903310775757 -0.47314730286598206 0.7599764466285706 0.06859248876571655 0.4496961534023285 0.6157376170158386 0.647024393081665 -1.6938320398330688 -0.7740839123725891 0.6300783753395081 -0.06160571798682213 3.9209110736846924 0.0 0.0 0.0 1.0
-0.454488068819046 -0.4727783501148224 0.7549312710762024 0.06748323887586594 0.4435897469520569 0.6148243546485901 0.6520882844924927 -1.6986721754074097 -0.7724433541297913 0.6312460899353027 -0.06971070170402527 3.9279277324676514 0.0 0.0 0.0 1.0
-0.4614968001842499 -0.4687803089618683 0.7531704306602478 0.06656098365783691 0.4396139979362488 0.6165726780891418 0.6531291604042053 -1.7032569646835327 -0.7705584168434143 0.6325212717056274 -0.07846392691135406 3.9353182315826416 0.0 0.0 0.0 1.0
-0.47427839040756226 -0.46983394026756287 0.7445240616798401 0.06538152694702148 0.4347885549068451 0.6103556752204895 0.6621365547180176 -1.7095049619674683 -0.7655187249183655 0.6377476453781128 -0.08520008623600006 3.94589900970459 0.0 0.0 0.0 1.0
-0.48161813616752625 -0.4696340262889862 0.7399241924285889 0.06355088949203491 0.43078601360321045 0.6083894371986389 0.6665475964546204 -1.7147142887115479 -0.7631955146789551 0.6397704482078552 -0.09069960564374924 3.953956365585327 0.0 0.0 0.0 1.0
-0.4894472360610962 -0.46521079540252686 0.7375773191452026 0.06200830638408661 0.4270843267440796 0.609549880027771 0.6678681969642639 -1.7206281423568726 -0.7602896690368652 0.6418939828872681 -0.09965825825929642 3.962885856628418 0.0 0.0 0.0 1.0
-0.5005868673324585 -0.4699127674102783 0.7270452380180359 0.059197552502155304 0.4184335470199585 0.6038824319839478 0.6784094572067261 -1.7279183864593506 -0.7578430771827698 0.643822968006134 -0.1056683287024498 3.975261688232422 0.0 0.0 0.0 1.0
-0.5074533224105835 -0.4648415446281433 0.7255435585975647 0.057346537709236145 0.4163868725299835 0.6048927307128906 0.6787685751914978 -1.7339433431625366 -0.7543958425521851 0.646550178527832 -0.1134009063243866 3.984581708908081 0.0 0.0 0.0 1.0
-0.5188788175582886 -0.4589763879776001 0.7211833596229553 0.05572441220283508 0.40842169523239136 0.6080211400985718 0.6808097958564758 -1.7420613765716553 -0.7509703636169434 0.6478046774864197 -0.1280333697795868 3.997891426086426 0.0 0.0 0.0 1.0
-0.527850866317749 -0.45489582419395447 0.7172470092773438 0.05417327210307121 0.4042176604270935 0.6081603169441223 0.6831903457641602 -1.7480820417404175 -0.7469816207885742 0.6505465507507324 -0.13714104890823364 4.007218837738037 0.0 0.0 0.0 1.0
-0.5337329506874084 -0.4462553560733795 0.7183211445808411 0.0533001534640789 0.4083460867404938 0.6078301072120667 0.6810257434844971 -1.7544519901275635 -0.7405286431312561 0.6568095088005066 -0.14219233393669128 4.017622947692871 0.0 0.0 0.0 1.0
-0.5432220697402954 -0.44477561116218567 0.7120986580848694 0.05177000164985657 0.40943852066993713 0.600124716758728 0.6871756911277771 -1.7624908685684204 -0.7329869866371155 0.664849579334259 -0.14389272034168243 4.031207084655762 0.0 0.0 0.0 1.0
-0.5483850836753845 -0.4390454590320587 0.7116971611976624 0.05147536098957062 0.40768516063690186 0.6027159094810486 0.6859492659568787 -1.7682015895843506 -0.7301141023635864 0.6663126945495605 -0.15152809023857117 4.0421013832092285 0.0 0.0 0.0 1.0
-0.5536728501319885 -0.4366329312324524 0.7090825438499451 0.05128277465701103 0.4042559266090393 0.6035098433494568 0.6872794032096863 -1.7736778259277344 -0.7280271053314209 0.6671788096427917 -0.15763558447360992 4.0527849197387695 0.0 0.0 0.0 1.0
-0.5586916208267212 -0.43534791469573975 0.7059291005134583 0.05143178999423981 0.4041011929512024 0.6004025340080261 0.6900862455368042 -1.7806727886199951 -0.7242692112922668 0.67081218957901 -0.15951527655124664 4.066634654998779 0.0 0.0 0.0 1.0
-0.5636183619499207 -0.43294546008110046 0.7034860253334045 0.05175023153424263 0.40487363934516907 0.5975369811058044 0.6921176910400391 -1.7856175899505615 -0.720008134841919 0.6749131679534912 -0.16149458289146423 4.076592445373535 0.0 0.0 0.0 1.0
-0.5688644051551819 -0.4333084523677826 0.6990258097648621 0.051986198872327805 0.39929813146591187 0.5975396633148193 0.6953469514846802 -1.79067063331604 -0.7189953327178955 0.6746777892112732 -0.16689978539943695 4.085916519165039 0.0 0.0 0.0 1.0
-0.57757967710495 -0.43063846230506897 0.693507194519043 0.052587345242500305 0.3919468820095062 0.5989221334457397 0.6983336806297302 -1.7971551418304443 -0.7160861492156982 0.6751613020896912 -0.1771378368139267 4.097426891326904 0.0 0.0 0.0 1.0
-0.5816946625709534 -0.4282074272632599 0.6915704607963562 0.052851829677820206 0.39373844861984253 0.5957351326942444 0.7000497579574585 -1.8022958040237427 -0.7117593884468079 0.6795130968093872 -0.1779342144727707 4.105673313140869 0.0 0.0 0.0 1.0
-0.589020848274231 -0.4239540696144104 0.6879806518554688 0.05313647538423538 0.3933376371860504 0.5932799577713013 0.7023562788963318 -1.8071258068084717 -0.7059319615364075 0.6843112111091614 -0.18269719183444977 4.112948417663574 0.0 0.0 0.0 1.0
-0.5986005067825317 -0.4198213219642639 0.6822224855422974 0.05370251461863518 0.3869670033454895 0.5941464900970459 0.7051570415496826 -1.8130390644073486 -0.7013800740242004 0.686104953289032 -0.19319938123226166 4.121572017669678 0.0 0.0 0.0 1.0
-0.6060827374458313 -0.4120648205280304 0.6803427934646606 0.05460727959871292 0.38813722133636475 0.5933756828308105 0.7051629424095154 -1.817044973373413 -0.6942716836929321 0.6914534568786621 -0.19969706237316132 4.127599716186523 0.0 0.0 0.0 1.0
-0.6153267025947571 -0.4066075384616852 0.6753098368644714 0.05551261827349663 0.3894397020339966 0.5880359411239624 0.708907961845398 -1.8208662271499634 -0.6853537559509277 0.6992024183273315 -0.20348510146141052 4.133501052856445 0.0 0.0 0.0 1.0
-0.6266149282455444 -0.3986786901950836 0.6696335077285767 0.05699145421385765 0.3906397521495819 0.5828261971473694 0.7125406861305237 -1.8251838684082031 -0.6743547320365906 0.7080740928649902 -0.20946785807609558 4.140738487243652 0.0 0.0 0.0 1.0
-0.636026918888092 -0.39574697613716125 0.6624606251716614 0.058297984302043915 0.38360685110092163 0.5827391743659973 0.7164222598075867 -1.8281254768371582 -0.6695637106895447 0.7097882628440857 -0.2188265323638916 4.146106243133545 0.0 0.0 0.0 1.0
-0.6451305150985718 -0.3909035325050354 0.6565067172050476 0.059701431542634964 0.37771284580230713 0.5837340354919434 0.7187402248382568 -1.8311628103256226 -0.6641834378242493 0.7116522789001465 -0.2289353609085083 4.151650905609131 0.0 0.0 0.0 1.0
-0.6549450159072876 -0.38480138778686523 0.6503652334213257 0.0618729330599308 0.37722131609916687 0.5792596340179443 0.7226080298423767 -1.8355287313461304 -0.6547908782958984 0.7186001539230347 -0.23422792553901672 4.15921688079834 0.0 0.0 0.0 1.0
-0.6610943078994751 -0.37960395216941833 0.6471902132034302 0.06338012218475342 0.3780922591686249 0.5765009522438049 0.7243568897247314 -1.8391084671020508 -0.6480745077133179 0.7235658168792725 -0.23759618401527405 4.164919853210449 0.0 0.0 0.0 1.0
-0.6685500741004944 -0.37891891598701477 0.6398916244506836 0.06497739255428314 0.3708336651325226 0.5759777426719666 0.7285135984420776 -1.8423371315002441 -0.6446108818054199 0.7243411540985107 -0.2445540577173233 4.170819282531738 0.0 0.0 0.0 1.0
-0.6778305172920227 -0.3770175874233246 0.631192147731781 0.06756468862295151 0.36016911268234253 0.5781627297401428 0.7321243286132812 -1.8468528985977173 -0.6409555673599243 0.7235921025276184 -0.25610625743865967 4.177851676940918 0.0 0.0 0.0 1.0
-0.6840547919273376 -0.37377145886421204 0.6263896226882935 0.07027840614318848 0.3575383424758911 0.5766919851303101 0.7345697283744812 -1.8503572940826416 -0.6357950568199158 0.7264442443847656 -0.26085129380226135 4.183274269104004 0.0 0.0 0.0 1.0
-0.6948956847190857 -0.37061986327171326 0.6162474155426025 0.07396923750638962 0.3512916564941406 0.5727919936180115 0.7406102418899536 -1.8548963069915771 -0.6274664402008057 0.7311294674873352 -0.26783502101898193 4.1901984214782715 0.0 0.0 0.0 1.0
-0.7016646862030029 -0.3645796775817871 0.6121668815612793 0.07729221135377884 0.3466998338699341 0.575897216796875 0.7403658628463745 -1.8584214448928833 -0.622467577457428 0.7317267656326294 -0.2776870131492615 4.195277214050293 0.0 0.0 0.0 1.0
-0.708249032497406 -0.3602791726589203 0.6071097254753113 0.08071456104516983 0.34339743852615356 0.5755628943443298 0.7421627640724182 -1.8621296882629395 -0.6168156266212463 0.7341160178184509 -0.2839229106903076 4.200484275817871 0.0 0.0 0.0 1.0
-0.71644526720047 -0.3543832302093506 0.6009315252304077 0.08442938327789307 0.3401559591293335 0.5746008157730103 0.7443976402282715 -1.86557137966156 -0.6090977787971497 0.7377306222915649 -0.29112446308135986 4.205844879150391 0.0 0.0 0.0 1.0
-0.7277315855026245 -0.3456363081932068 0.5924038290977478 0.08991241455078125 0.33597448468208313 0.5733590722084045 0.747248649597168 -1.8701430559158325 -0.5979363322257996 0.7428290247917175 -0.30112650990486145 4.213125228881836 0.0 0.0 0.0 1.0
-0.7347813248634338 -0.33969902992248535 0.5871124267578125 0.09442138671875 0.33277416229248047 0.5737050175666809 0.7484142184257507 -1.8735830783843994 -0.5910649299621582 0.7452966570854187 -0.3085046708583832 4.218729496002197 0.0 0.0 0.0 1.0
-0.744835376739502 -0.3327365219593048 0.5783655047416687 0.10070182383060455 0.3241143226623535 0.577242374420166 0.7494939565658569 -1.8775510787963867 -0.5832410454750061 0.7457061409950256 -0.32210585474967957 4.225787162780762 0.0 0.0 0.0 1.0
-0.7525258660316467 -0.32541266083717346 0.5725482106208801 0.10522639006376266 0.317850261926651 0.5819606781005859 0.7485272288322449 -1.8808261156082153 -0.5767807960510254 0.7452706694602966 -0.33450794219970703 4.230682373046875 0.0 0.0 0.0 1.0
-0.7622668743133545 -0.31331759691238403 0.5663755536079407 0.11064469069242477 0.3136363625526428 0.5866464376449585 0.7466446161270142 -1.8837776184082031 -0.5661991238594055 0.7467784285545349 -0.34891337156295776 4.235658168792725 0.0 0.0 0.0 1.0
-0.7737440466880798 -0.3026176393032074 0.5565453171730042 0.11702392995357513 0.3126535713672638 0.5816612243652344 0.7509447336196899 -1.8881131410598755 -0.5509699583053589 0.7550448775291443 -0.35544243454933167 4.242971420288086 0.0 0.0 0.0 1.0
-0.7810583710670471 -0.2915516793727875 0.5522186756134033 0.12212792038917542 0.3120478391647339 0.5837613940238953 0.7495657205581665 -1.8908648490905762 -0.5409010648727417 0.757773220539093 -0.36497366428375244 4.248395919799805 0.0 0.0 0.0 1.0
-0.7861318588256836 -0.28853538632392883 0.5465748310089111 0.1265190690755844 0.31142160296440125 0.5789556503295898 0.753542959690094 -1.8938789367675781 -0.5338664054870605 0.7625992894172668 -0.36527928709983826 4.254463195800781 0.0 0.0 0.0 1.0
-0.797536313533783 -0.28183043003082275 0.5333923697471619 0.13307297229766846 0.30899861454963684 0.5685381293296814 0.7624199986457825 -1.89752197265625 -0.5181270837783813 0.7728751301765442 -0.3663446307182312 4.262392520904541 0.0 0.0 0.0 1.0
-0.8001037240028381 -0.2763363718986511 0.5324211716651917 0.1379726380109787 0.3111017048358917 0.5677236318588257 0.7621716260910034 -1.9012476205825806 -0.5128837823867798 0.775453507900238 -0.36826905608177185 4.268531322479248 0.0 0.0 0.0 1.0
-0.8074198961257935 -0.27697035670280457 0.5209227204322815 0.14485418796539307 0.30098390579223633 0.5660322904586792 0.7674738764762878 -1.9043331146240234 -0.5074266195297241 0.7764630317687988 -0.37366214394569397 4.275060176849365 0.0 0.0 0.0 1.0
-0.8117959499359131 -0.27734220027923584 0.5138760805130005 0.149672731757164 0.2984371781349182 0.5593533515930176 0.7733427882194519 -1.9072930812835693 -0.5019189119338989 0.7811563014984131 -0.3713115453720093 4.280020713806152 0.0 0.0 0.0 1.0
-0.8145605325698853 -0.2712976932525635 0.5127267837524414 0.15479931235313416 0.30334073305130005 0.5541906356811523 0.7751497626304626 -1.9111520051956177 -0.49444469809532166 0.7869372963905334 -0.36912617087364197 4.285174369812012 0.0 0.0 0.0 1.0
-0.8198281526565552 -0.26757946610450745 0.5062440037727356 0.16171978414058685 0.30183377861976624 0.5493583083152771 0.7791673541069031 -1.9158204793930054 -0.48659855127334595 0.7915849089622498 -0.36961492896080017 4.291053295135498 0.0 0.0 0.0 1.0
-0.82375168800354 -0.266714483499527 0.500296413898468 0.16696038842201233 0.2969602644443512 0.5487228035926819 0.7814843654632568 -1.919561505317688 -0.48295727372169495 0.792317271232605 -0.37280774116516113 4.295587539672852 0.0 0.0 0.0 1.0
-0.8253779411315918 -0.2649092674255371 0.49857231974601746 0.17191745340824127 0.29521822929382324 0.5502292513847351 0.7810851335525513 -1.9237827062606812 -0.481245756149292 0.7918780446052551 -0.37594103813171387 4.299736022949219 0.0 0.0 0.0 1.0
-0.8310408592224121 -0.2583518326282501 0.49257028102874756 0.17905662953853607 0.29504120349884033 0.5459664463996887 0.7841373085975647 -1.9290117025375366 -0.4715101420879364 0.7969786524772644 -0.37749597430229187 4.305192947387695 0.0 0.0 0.0 1.0
-0.8334850668907166 -0.2564906179904938 0.4894028902053833 0.18451426923274994 0.2942146956920624 0.5437052845954895 0.7860167026519775 -1.9325363636016846 -0.4676968455314636 0.79912269115448 -0.37770694494247437 4.30893611907959 0.0 0.0 0.0 1.0
-0.8366304636001587 -0.2539934813976288 0.4853213429450989 0.19195106625556946 0.2894733250141144 0.5471671223640442 0.785374641418457 -1.9371687173843384 -0.4650319218635559 0.7975559234619141 -0.3842523396015167 4.314157962799072 0.0 0.0 0.0 1.0
-0.8404941558837891 -0.25147539377212524 0.479926735162735 0.19760483503341675 0.28550997376441956 0.5472515225410461 0.7867653965950012 -1.9401466846466064 -0.4604927897453308 0.7982956171035767 -0.3881629705429077 4.317750453948975 0.0 0.0 0.0 1.0
-0.8446140289306641 -0.24720646440982819 0.47488540410995483 0.20355013012886047 0.28500232100486755 0.5432731509208679 0.7897011637687683 -1.942722201347351 -0.4532117247581482 0.8023360967636108 -0.38840168714523315 4.321457386016846 0.0 0.0 0.0 1.0
-0.8484615683555603 -0.24181731045246124 0.4707837402820587 0.2094963639974594 0.28457894921302795 0.5415439009666443 0.7910404801368713 -1.9454336166381836 -0.44623735547065735 0.8051425814628601 -0.3906630873680115 4.325202941894531 0.0 0.0 0.0 1.0
-0.8534841537475586 -0.2412950098514557 0.4618890583515167 0.21760743856430054 0.2774471640586853 0.5398753881454468 0.7947059869766235 -1.9485409259796143 -0.4411211311817169 0.8064188361167908 -0.39382845163345337 4.330596923828125 0.0 0.0 0.0 1.0
-0.8571969866752625 -0.24099373817443848 0.4551212787628174 0.2239377498626709 0.2710581421852112 0.5402992367744446 0.7966204881668091 -1.9505863189697266 -0.4378822445869446 0.8062250018119812 -0.3978195786476135 4.334604740142822 0.0 0.0 0.0 1.0
-0.8626959323883057 -0.23458397388458252 0.4480246305465698 0.2329377979040146 0.2683836817741394 0.5384978652000427 0.7987428903579712 -1.9540207386016846 -0.42863258719444275 0.8093147873878479 -0.4016014039516449 4.340633392333984 0.0 0.0 0.0 1.0
-0.8664010763168335 -0.2305496782064438 0.44294023513793945 0.2400536984205246 0.2663523256778717 0.5369418859481812 0.8004685044288635 -1.9561711549758911 -0.4223809242248535 0.8115049004554749 -0.40379956364631653 4.345283031463623 0.0 0.0 0.0 1.0
-0.8716502785682678 -0.22713713347911835 0.4343208074569702 0.24707800149917603 0.25835537910461426 0.540106475353241 0.80096036195755 -1.9587212800979614 -0.4165073037147522 0.8103664517402649 -0.4121018350124359 4.349823474884033 0.0 0.0 0.0 1.0
-0.87723308801651 -0.22333039343357086 0.4249536693096161 0.2543031573295593 0.25003567337989807 0.543104887008667 0.8015729784965515 -1.9614044427871704 -0.40981003642082214 0.8094199299812317 -0.42058902978897095 4.354408264160156 0.0 0.0 0.0 1.0
-0.8842983841896057 -0.21173052489757538 0.4161568284034729 0.2644129693508148 0.24686004221439362 0.5445214509963989 0.8015962243080139 -1.9654933214187622 -0.39632871747016907 0.8115828037261963 -0.42925161123275757 4.360435485839844 0.0 0.0 0.0 1.0
-0.8896113038063049 -0.20310676097869873 0.40907129645347595 0.2721521556377411 0.24230974912643433 0.5493316650390625 0.7997003793716431 -1.9688783884048462 -0.3871403932571411 0.810544490814209 -0.43947693705558777 4.3648681640625 0.0 0.0 0.0 1.0
-0.8998380303382874 -0.18747857213020325 0.3938823938369751 0.28517910838127136 0.23055659234523773 0.5621198415756226 0.7942700982093811 -1.9758299589157104 -0.3703177273273468 0.8055265545845032 -0.46259236335754395 4.371873378753662 0.0 0.0 0.0 1.0
-0.9123106598854065 -0.16132214665412903 0.3763834238052368 0.3031693994998932 0.22809478640556335 0.563152551651001 0.7942493557929993 -1.9863035678863525 -0.3400912880897522 0.8104531764984131 -0.476973295211792 4.382386207580566 0.0 0.0 0.0 1.0
-0.9172778725624084 -0.15193933248519897 0.3681246042251587 0.311126172542572 0.22441911697387695 0.5664110779762268 0.7929782867431641 -1.990618109703064 -0.3289944529533386 0.8099956512451172 -0.48545828461647034 4.386649131774902 0.0 0.0 0.0 1.0
-0.9242725372314453 -0.13678503036499023 0.3563847541809082 0.3278047740459442 0.22337843477725983 0.5632611513137817 0.795511782169342 -1.9980121850967407 -0.30955177545547485 0.8148783445358276 -0.4900520145893097 4.395874977111816 0.0 0.0 0.0 1.0
-0.9297506213188171 -0.14353086054325104 0.3390613794326782 0.34822458028793335 0.20251211524009705 0.5697285532951355 0.7964912056922913 -2.004351854324341 -0.30749401450157166 0.809202253818512 -0.5006387829780579 4.406895160675049 0.0 0.0 0.0 1.0
-0.935204029083252 -0.1448846310377121 0.32311275601387024 0.36547109484672546 0.18675455451011658 0.5734493136405945 0.7976707220077515 -2.008765697479248 -0.3008590340614319 0.8063277006149292 -0.5092342495918274 4.415726661682129 0.0 0.0 0.0 1.0
-0.9371868968009949 -0.14130279421806335 0.31892669200897217 0.37370458245277405 0.18567626178264618 0.5719236135482788 0.7990167140960693 -2.0108227729797363 -0.2953050136566162 0.8080450892448425 -0.5097627639770508 4.419646739959717 0.0 0.0 0.0 1.0
-0.9404416084289551 -0.13566243648529053 0.3117135465145111 0.3821486532688141 0.18358515202999115 0.5690596103668213 0.8015407919883728 -2.0125374794006348 -0.28612256050109863 0.8110283017158508 -0.5102617144584656 4.42296028137207 0.0 0.0 0.0 1.0
-0.944092869758606 -0.12946614623069763 0.3031950294971466 0.39327695965766907 0.18008573353290558 0.567816436290741 0.8032145500183105 -2.014514684677124 -0.2761482000350952 0.8129101991653442 -0.5127564072608948 4.427089691162109 0.0 0.0 0.0 1.0
-0.9466429352760315 -0.12922392785549164 0.2952428162097931 0.4016319513320923 0.17414584755897522 0.5657403469085693 0.8059844970703125 -2.015385627746582 -0.2711832821369171 0.8143948912620544 -0.5130503177642822 4.429496765136719 0.0 0.0 0.0 1.0
-0.950138509273529 -0.12879249453544617 0.2839881479740143 0.4101923704147339 0.16513106226921082 0.5647255778312683 0.8085893392562866 -2.016244411468506 -0.26451560854911804 0.8151671886444092 -0.515299916267395 4.431685924530029 0.0 0.0 0.0 1.0
-0.953162431716919 -0.12824182212352753 0.27392590045928955 0.42196109890937805 0.1558069884777069 0.5680668354034424 0.8080991506576538 -2.0179121494293213 -0.2592403292655945 0.8129293322563171 -0.5214790105819702 4.434053421020508 0.0 0.0 0.0 1.0
-0.9546182155609131 -0.12657789885997772 0.2695961892604828 0.43124037981033325 0.15372124314308167 0.5659059882164001 0.8100124597549438 -2.0196447372436523 -0.25509577989578247 0.8146952986717224 -0.5207664370536804 4.435998439788818 0.0 0.0 0.0 1.0
-0.9574475884437561 -0.12459329515695572 0.2603279948234558 0.4439290761947632 0.14648564159870148 0.5673977732658386 0.810309648513794 -2.0218145847320557 -0.24866867065429688 0.8139633536338806 -0.5250024795532227 4.4378743171691895 0.0 0.0 0.0 1.0
-0.9592374563217163 -0.1234634667634964 0.25420522689819336 0.45382827520370483 0.14085200428962708 0.5709574222564697 0.8088067173957825 -2.0232279300689697 -0.24499844014644623 0.8116430044174194 -0.5302936434745789 4.438863754272461 0.0 0.0 0.0 1.0
-0.9610472321510315 -0.12175824493169785 0.24811913073062897 0.46363362669944763 0.13603249192237854 0.5730856657028198 0.8081262111663818 -2.0244483947753906 -0.24058954417705536 0.8103997111320496 -0.5341993570327759 4.439500331878662 0.0 0.0 0.0 1.0
-0.9636937379837036 -0.11619431525468826 0.24040237069129944 0.47694966197013855 0.13198870420455933 0.5753523111343384 0.8071856498718262 -2.025230884552002 -0.23210644721984863 0.80961012840271 -0.5391270518302917 4.439526557922363 0.0 0.0 0.0 1.0
-0.9655715227127075 -0.11390607804059982 0.23387391865253448 0.4870697259902954 0.1272883266210556 0.5771825909614563 0.806633710861206 -2.0256412029266357 -0.2268684357404709 0.808631956577301 -0.542812168598175 4.439131736755371 0.0 0.0 0.0 1.0
-0.9679726958274841 -0.11122613400220871 0.22507236897945404 0.4972924292087555 0.12116362154483795 0.5782191753387451 0.8068345189094543 -2.025632381439209 -0.21988223493099213 0.808264434337616 -0.5462238192558289 4.438399314880371 0.0 0.0 0.0 1.0
-0.9704701900482178 -0.10902222245931625 0.21517837047576904 0.5109336376190186 0.11387217044830322 0.5793337821960449 0.8070969581604004 -2.0257699489593506 -0.2126515954732895 0.8077663779258728 -0.549811601638794 4.437073707580566 0.0 0.0 0.0 1.0
-0.9725318551063538 -0.1056382805109024 0.20741824805736542 0.5211793780326843 0.1088709905743599 0.5811762809753418 0.8064621686935425 -2.0258584022521973 -0.2057398557662964 0.8068919777870178 -0.5537115335464478 4.435486793518066 0.0 0.0 0.0 1.0
-0.9746772646903992 -0.10191072523593903 0.19904378056526184 0.531335175037384 0.10346178710460663 0.583590030670166 0.80543053150177 -2.0257930755615234 -0.1982419639825821 0.80562824010849 -0.5582680702209473 4.433412075042725 0.0 0.0 0.0 1.0
-0.978090226650238 -0.0933404266834259 0.18608346581459045 0.5443373322486877 0.09625980257987976 0.5897879600524902 0.8018006086349487 -2.02583384513855 -0.1845901906490326 0.8021457195281982 -0.5678809285163879 4.429611682891846 0.0 0.0 0.0 1.0
-0.980400800704956 -0.08281538635492325 0.17876192927360535 0.55391925573349 0.09648303687572479 0.5892794728279114 0.8021475672721863 -2.0262820720672607 -0.17177090048789978 0.8036736249923706 -0.5697397589683533 4.426784038543701 0.0 0.0 0.0 1.0
-0.9831042885780334 -0.06463436782360077 0.17125515639781952 0.5663287043571472 0.101096972823143 0.5882182717323303 0.8023582100868225 -2.0276036262512207 -0.15259532630443573 0.8061152100563049 -0.5717455744743347 4.42340612411499 0.0 0.0 0.0 1.0
-0.9851171970367432 -0.05850832909345627 0.16161967813968658 0.5752270221710205 0.09603516012430191 0.592474639415741 0.7998443841934204 -2.0290427207946777 -0.14255312085151672 0.8034616112709045 -0.5780380964279175 4.420473575592041 0.0 0.0 0.0 1.0
-0.987714409828186 -0.049868736416101456 0.1480991542339325 0.5869671106338501 0.08989150077104568 0.5939081311225891 0.799495279788971 -2.030733585357666 -0.12782710790634155 0.8029858469963074 -0.5821288228034973 4.416078090667725 0.0 0.0 0.0 1.0
-0.9899865388870239 -0.03554053232073784 0.13661445677280426 0.6043117046356201 0.08808353543281555 0.600729763507843 0.7945848107337952 -2.034590244293213 -0.11030834168195724 0.7986617684364319 -0.5915838479995728 4.4088616371154785 0.0 0.0 0.0 1.0
-0.9919426441192627 -0.030784111469984055 0.12289094179868698 0.6152844429016113 0.07959200441837311 0.6032615900039673 0.7935619354248047 -2.036923885345459 -0.09856448322534561 0.796949028968811 -0.595950722694397 4.4035234451293945 0.0 0.0 0.0 1.0
-0.9927548170089722 -0.023597488179802895 0.11781761795282364 0.6238107085227966 0.07979214936494827 0.6036477088928223 0.793248176574707 -2.0391457080841064 -0.08983899652957916 0.7969018816947937 -0.5973913073539734 4.399921417236328 0.0 0.0 0.0 1.0
-0.9935830235481262 -0.016746671870350838 0.11185868084430695 0.6319431662559509 0.078651063144207 0.6084234714508057 0.7897055745124817 -2.0411789417266846 -0.08128239214420319 0.79343581199646 -0.6032021045684814 4.395959377288818 0.0 0.0 0.0 1.0
-0.9943850040435791 -0.01475079171359539 0.10478989779949188 0.6401674747467041 0.07431422919034958 0.6076420545578003 0.7907265424728394 -2.043637990951538 -0.07533859461545944 0.7940739989280701 -0.6031339764595032 4.3925628662109375 0.0 0.0 0.0 1.0
-0.9957350492477417 -0.011424491181969643 0.09154889732599258 0.6507394313812256 0.0656413733959198 0.6095588803291321 0.7900184392929077 -2.0458414554595947 -0.0648300051689148 0.7926584482192993 -0.6062092185020447 4.387176036834717 0.0 0.0 0.0 1.0
-0.9961481690406799 -0.0035189164336770773 0.08761552721261978 0.6587830185890198 0.0669851005077362 0.6142540574073792 0.7862600684165955 -2.0478568077087402 -0.056584976613521576 0.7891004681587219 -0.6116523146629333 4.38276481628418 0.0 0.0 0.0 1.0
-0.9971524477005005 0.005033193621784449 0.07524412125349045 0.6688447594642639 0.0624997541308403 0.6134921312332153 0.7872236967086792 -2.0485715866088867 -0.042199429124593735 0.7896847724914551 -0.6120597720146179 4.376937389373779 0.0 0.0 0.0 1.0
-0.9981798529624939 0.012072112411260605 0.059086330235004425 0.6768425703048706 0.05430245026946068 0.6061068177223206 0.7935274243354797 -2.0485570430755615 -0.026233075186610222 0.7952916622161865 -0.6056591272354126 4.373195171356201 0.0 0.0 0.0 1.0
-0.9983493089675903 0.016884319484233856 0.05489591881632805 0.6848430633544922 0.05377224087715149 0.6105993390083313 0.7901120185852051 -2.0481250286102295 -0.020178908482193947 0.7917596697807312 -0.6104993224143982 4.369112491607666 0.0 0.0 0.0 1.0
-0.9992868900299072 0.024988790974020958 0.028306368738412857 0.7012895345687866 0.037631768733263016 0.5977953672409058 0.8007649779319763 -2.04533052444458 0.0030887320172041655 0.8012591600418091 -0.5983094573020935 4.362027645111084 0.0 0.0 0.0 1.0
-0.9995312690734863 0.026647746562957764 0.015070260502398014 0.7129870057106018 0.027992423623800278 0.5962210893630981 0.8023321032524109 -2.0435640811920166 0.012395136058330536 0.8023779392242432 -0.5966875553131104 4.357378005981445 0.0 0.0 0.0 1.0
-0.9994709491729736 0.03235608711838722 0.0032951824832707644 0.721567690372467 0.021807502955198288 0.5915464758872986 0.8059759140014648 -2.041919231414795 0.024128973484039307 0.8056214451789856 -0.5919390916824341 4.353407382965088 0.0 0.0 0.0 1.0
-0.9989736676216125 0.03461684286594391 -0.029211604967713356 0.7325530052185059 -0.0042669628746807575 0.5701285004615784 0.8215444684028625 -2.037569761276245 0.04509364441037178 0.8208259344100952 -0.5693956017494202 4.347777843475342 0.0 0.0 0.0 1.0
-0.9986116886138916 0.02925555408000946 -0.0438041016459465 0.7414527535438538 -0.019190562888979912 0.5723767876625061 0.8197661638259888 -2.0354738235473633 0.04905516281723976 0.8194686770439148 -0.5710207223892212 4.342804431915283 0.0 0.0 0.0 1.0
-0.9977757334709167 0.025134555995464325 -0.061739884316921234 0.7503645420074463 -0.03540828078985214 0.584886908531189 0.8103415966033936 -2.033494710922241 0.05647842958569527 0.8107253313064575 -0.5826960206031799 4.337423801422119 0.0 0.0 0.0 1.0
-0.9952314496040344 0.028857920318841934 -0.09317471832036972 0.7620742321014404 -0.060009703040122986 0.571912944316864 0.8181163668632507 -2.0300092697143555 0.07689696550369263 0.8198065757751465 -0.5674539804458618 4.331326484680176 0.0 0.0 0.0 1.0
-0.9934179186820984 0.0432811975479126 -0.10605455189943314 0.7717687487602234 -0.06307961791753769 0.5661206841468811 0.8219053149223328 -2.0277273654937744 0.09561272710561752 0.8231853246688843 -0.559664249420166 4.326470851898193 0.0 0.0 0.0 1.0
-0.9919816851615906 0.05591299757361412 -0.11334063857793808 0.7817684412002563 -0.061462242156267166 0.5701854228973389 0.8192136287689209 -2.0259363651275635 0.11042986810207367 0.8196110725402832 -0.5621769428253174 4.321690559387207 0.0 0.0 0.0 1.0
-0.9886977076530457 0.06872089952230453 -0.13324519991874695 0.7949628233909607 -0.07146180421113968 0.5652797222137451 0.8217980861663818 -2.022730827331543 0.1317955106496811 0.8220317959785461 -0.5539798140525818 4.316379547119141 0.0 0.0 0.0 1.0
-0.9861364364624023 0.07553784549236298 -0.14774645864963531 0.8047282099723816 -0.07997008413076401 0.5638139247894287 0.8220210671424866 -2.0205445289611816 0.1453952044248581 0.8224402070045471 -0.5499566793441772 4.312730312347412 0.0 0.0 0.0 1.0
-0.9829134345054626 0.08471953868865967 -0.16341286897659302 0.8176993131637573 -0.08716310560703278 0.567710280418396 0.8186010122299194 -2.0169239044189453 0.1621226668357849 0.8188574910163879 -0.5506256818771362 4.308102607727051 0.0 0.0 0.0 1.0
-0.9795683026313782 0.09911464154720306 -0.1749921292066574 0.8272348046302795 -0.0909988060593605 0.5575141906738281 0.8251649141311646 -2.013370990753174 0.17934651672840118 0.8242294788360596 -0.5371038913726807 4.30486536026001 0.0 0.0 0.0 1.0
-0.976431131362915 0.10937833040952682 -0.18606092035770416 0.8366562724113464 -0.0963231548666954 0.550616443157196 0.8291823863983154 -2.0099358558654785 0.19314278662204742 0.8275614380836487 -0.5271033644676208 4.302247047424316 0.0 0.0 0.0 1.0
-0.9738763570785522 0.10905112326145172 -0.19917994737625122 0.8491652607917786 -0.10945528000593185 0.543084979057312 0.8325132131576538 -2.0043201446533203 0.1989581286907196 0.8325662612915039 -0.516961395740509 4.298948287963867 0.0 0.0 0.0 1.0
-0.9711565375328064 0.10445811599493027 -0.21434436738491058 0.8574820756912231 -0.1256914585828781 0.5396290421485901 0.8324674963951111 -1.999900460243225 0.20262444019317627 0.835397481918335 -0.5109347701072693 4.295942306518555 0.0 0.0 0.0 1.0
-0.9671733379364014 0.1059306263923645 -0.23098570108413696 0.8686811327934265 -0.1416611671447754 0.5298759937286377 0.8361600041389465 -1.9941381216049194 0.2109687328338623 0.8414333462715149 -0.4974757134914398 4.29293155670166 0.0 0.0 0.0 1.0
-0.9655693173408508 0.10703805834054947 -0.23710498213768005 0.8767908215522766 -0.1471608728170395 0.5268449783325195 0.8371248841285706 -1.9902844429016113 0.21452179551124573 0.8431946635246277 -0.49295350909233093 4.290522575378418 0.0 0.0 0.0 1.0
-0.9626933336257935 0.11586731672286987 -0.24453292787075043 0.8842978477478027 -0.15000373125076294 0.5236111879348755 0.8386478424072266 -1.9860312938690186 0.22521205246448517 0.8440415263175964 -0.4866964519023895 4.287981986999512 0.0 0.0 0.0 1.0
-0.9598582983016968 0.12381446361541748 -0.2516785264015198 0.8910222053527832 -0.1534617692232132 0.5192563533782959 0.8407272696495056 -1.9820809364318848 0.23477986454963684 0.8456020355224609 -0.4794117212295532 4.284915924072266 0.0 0.0 0.0 1.0
-0.9570144414901733 0.13272656500339508 -0.2578895092010498 0.8999689817428589 -0.15674443542957306 0.5114508271217346 0.8448959589004517 -1.977186679840088 0.2440379559993744 0.8490003943443298 -0.46866169571876526 4.280468463897705 0.0 0.0 0.0 1.0
-0.9539723992347717 0.13673904538154602 -0.2669065296649933 0.9063236713409424 -0.16369295120239258 0.5083034038543701 0.8454775214195251 -1.9741065502166748 0.2512792944908142 0.8502529263496399 -0.4625242054462433 4.276684284210205 0.0 0.0 0.0 1.0
-0.9497504830360413 0.1359575390815735 -0.2819388806819916 0.9146066904067993 -0.17615021765232086 0.5124077796936035 0.8404816389083862 -1.9695719480514526 0.2587375044822693 0.8479114174842834 -0.4627106189727783 4.270995616912842 0.0 0.0 0.0 1.0
-0.9479745626449585 0.13902010023593903 -0.28638723492622375 0.9207819700241089 -0.1774330884218216 0.516187310218811 0.8378950953483582 -1.9665043354034424 0.2643136978149414 0.8451178073883057 -0.4646656811237335 4.2664008140563965 0.0 0.0 0.0 1.0
-0.9454929828643799 0.1450648307800293 -0.2915463149547577 0.9266826510429382 -0.1774219423532486 0.5212628245353699 0.8347494006156921 -1.9641306400299072 0.2730650305747986 0.840976357460022 -0.46711266040802 4.261186599731445 0.0 0.0 0.0 1.0
-0.9422038793563843 0.14916615188121796 -0.30000224709510803 0.9323769807815552 -0.18230266869068146 0.5230125188827515 0.8326005339622498 -1.961633563041687 0.2811007499694824 0.8391706347465515 -0.4655909836292267 4.2561516761779785 0.0 0.0 0.0 1.0
-0.9370821714401245 0.1532783806324005 -0.31366023421287537 0.9394145011901855 -0.19103656709194183 0.5268650054931641 0.8282018303871155 -1.9573895931243896 0.29220205545425415 0.8360137343406677 -0.46443405747413635 4.248449802398682 0.0 0.0 0.0 1.0
-0.9339114427566528 0.15976378321647644 -0.3198201358318329 0.9443323612213135 -0.19146868586540222 0.5319522619247437 0.8248433470726013 -1.9544960260391235 0.3019091486930847 0.8315661549568176 -0.4662065804004669 4.24224853515625 0.0 0.0 0.0 1.0
-0.9320721626281738 0.16515326499938965 -0.32243743538856506 0.9495470523834229 -0.1921011060476303 0.5292863249778748 0.8264098167419434 -1.9516953229904175 0.30714601278305054 0.8322141170501709 -0.4616069197654724 4.23622989654541 0.0 0.0 0.0 1.0
-0.9270579218864441 0.16539396345615387 -0.3364645540714264 0.9552074074745178 -0.2032729834318161 0.5323463082313538 0.8217588067054749 -1.946927547454834 0.3150296211242676 0.8302121758460999 -0.4598957598209381 4.2273077964782715 0.0 0.0 0.0 1.0
-0.9228754043579102 0.16769327223300934 -0.3466697335243225 0.9594387412071228 -0.20897167921066284 0.5380696058273315 0.8165855407714844 -1.9424611330032349 0.3234683573246002 0.826050877571106 -0.46152809262275696 4.219680309295654 0.0 0.0 0.0 1.0
-0.9188099503517151 0.1739736944437027 -0.35429003834724426 0.9652154445648193 -0.2144402414560318 0.5335561037063599 0.8181278705596924 -1.9381678104400635 0.3313663601875305 0.8276780843734741 -0.45292970538139343 4.210381984710693 0.0 0.0 0.0 1.0
-0.9152575731277466 0.17637556791305542 -0.3622088134288788 0.9687677621841431 -0.21957693994045258 0.5354021787643433 0.8155553340911865 -1.9345464706420898 0.3377714157104492 0.8259758949279785 -0.4513028860092163 4.202387809753418 0.0 0.0 0.0 1.0
-0.9122356176376343 0.17665736377239227 -0.3696191608905792 0.9725300669670105 -0.22276122868061066 0.5432953238487244 0.8094489574432373 -1.9307670593261719 0.34380748867988586 0.8207449913024902 -0.45626094937324524 4.193912982940674 0.0 0.0 0.0 1.0
-0.9079654216766357 0.1806810051202774 -0.3780914843082428 0.9757123589515686 -0.22642405331134796 0.5476800203323364 0.8054680228233337 -1.927695393562317 0.3526059091091156 0.8169460892677307 -0.4563640058040619 4.185035228729248 0.0 0.0 0.0 1.0
-0.9009997844696045 0.19533875584602356 -0.3873528242111206 0.9799347519874573 -0.22772885859012604 0.5470063090324402 0.8055580258369446 -1.9234833717346191 0.3692411184310913 0.814018964767456 -0.44836825132369995 4.173948764801025 0.0 0.0 0.0 1.0
-0.8966792225837708 0.2090907245874405 -0.390188992023468 0.9833984971046448 -0.22490061819553375 0.5440280437469482 0.8083645105361938 -1.9201645851135254 0.38129526376724243 0.812597393989563 -0.4407939910888672 4.165670394897461 0.0 0.0 0.0 1.0
-0.8932548761367798 0.21715381741523743 -0.39362412691116333 0.9870665073394775 -0.22383183240890503 0.5445089936256409 0.8083373308181763 -1.917202353477478 0.3898653984069824 0.8101568818092346 -0.43777936697006226 4.157426834106445 0.0 0.0 0.0 1.0
-0.8874709606170654 0.22630228102207184 -0.4014754593372345 0.9912830591201782 -0.22318315505981445 0.5511358976364136 0.8040139675140381 -1.9126794338226318 0.40321773290634155 0.8031416535377502 -0.4386102855205536 4.146398544311523 0.0 0.0 0.0 1.0
-0.8832499384880066 0.23592185974121094 -0.4052288234233856 0.9943283200263977 -0.22379682958126068 0.547324001789093 0.8064436912536621 -1.9096283912658691 0.41204914450645447 0.8029803037643433 -0.430625319480896 4.138993740081787 0.0 0.0 0.0 1.0
-0.879082202911377 0.24458317458629608 -0.4091376066207886 0.9982293844223022 -0.22250896692276 0.5485148429870605 0.8059908151626587 -1.9052748680114746 0.42154985666275024 0.7995689511299133 -0.42776769399642944 4.128666877746582 0.0 0.0 0.0 1.0
-0.8770103454589844 0.24727670848369598 -0.41195523738861084 1.0004847049713135 -0.22047726809978485 0.5546805262565613 0.802321195602417 -1.901759386062622 0.42689889669418335 0.7944707274436951 -0.4319416284561157 4.120591163635254 0.0 0.0 0.0 1.0
-0.8710861802101135 0.2545200288295746 -0.42003384232521057 1.0028059482574463 -0.22806984186172485 0.5477997660636902 0.8049220442771912 -1.8981647491455078 0.43496325612068176 0.796953558921814 -0.4191324710845947 4.113819122314453 0.0 0.0 0.0 1.0
-0.8649888038635254 0.26091769337654114 -0.4286213517189026 1.0054749250411987 -0.23250074684619904 0.5485619902610779 0.8031333088874817 -1.8928762674331665 0.44467708468437195 0.794356107711792 -0.41383644938468933 4.104218482971191 0.0 0.0 0.0 1.0
-0.8629930019378662 0.2647811770439148 -0.43027204275131226 1.0076992511749268 -0.2323317974805832 0.5482706427574158 0.8033811450004578 -1.889185905456543 0.44862574338912964 0.793278157711029 -0.411636620759964 4.097269535064697 0.0 0.0 0.0 1.0
-0.8585208058357239 0.2716212570667267 -0.434929758310318 1.0102053880691528 -0.23658698797225952 0.5426891446113586 0.8059250116348267 -1.8855688571929932 0.45493802428245544 0.7948020696640015 -0.4016478657722473 4.091084957122803 0.0 0.0 0.0 1.0
-0.8532407283782959 0.27173539996147156 -0.4451293349266052 1.0129481554031372 -0.2467014491558075 0.5416838526725769 0.8035651445388794 -1.8802789449691772 0.4594764709472656 0.7954486012458801 -0.39514923095703125 4.082516193389893 0.0 0.0 0.0 1.0
-0.8492487072944641 0.27280792593955994 -0.45205366611480713 1.015164852142334 -0.2521527111530304 0.5426739454269409 0.801201581954956 -1.876831293106079 0.4638918936252594 0.7944059371948242 -0.39207586646080017 4.0760040283203125 0.0 0.0 0.0 1.0
-0.8439052104949951 0.2781597375869751 -0.45874956250190735 1.0182983875274658 -0.25829389691352844 0.5388080477714539 0.8018541932106018 -1.8718268871307373 0.47022151947021484 0.795181155204773 -0.38285595178604126 4.067969799041748 0.0 0.0 0.0 1.0
-0.8415215611457825 0.2811364531517029 -0.4613066017627716 1.0201609134674072 -0.2594543993473053 0.5386604070663452 0.80157870054245 -1.8691213130950928 0.473840594291687 0.7942337393760681 -0.380352258682251 4.064013481140137 0.0 0.0 0.0 1.0
-0.8355686664581299 0.28577446937561035 -0.4692099094390869 1.023973822593689 -0.26546013355255127 0.5377281904220581 0.8002370595932007 -1.863592267036438 0.48099470138549805 0.7932095527648926 -0.37344709038734436 4.056511402130127 0.0 0.0 0.0 1.0
-0.8318295478820801 0.2871650457382202 -0.4749693274497986 1.0270451307296753 -0.2713451683521271 0.53611159324646 0.7993473410606384 -1.8587429523468018 0.4841811954975128 0.7938013076782227 -0.36803263425827026 4.051021575927734 0.0 0.0 0.0 1.0
-0.827633261680603 0.2904239594936371 -0.4802885353565216 1.0322319269180298 -0.27650386095046997 0.5337004661560059 0.7991929650306702 -1.8530093431472778 0.4884350001811981 0.7942403554916382 -0.3614049255847931 4.044457912445068 0.0 0.0 0.0 1.0
-0.8224970102310181 0.293753445148468 -0.48703959584236145 1.0360008478164673 -0.2805873155593872 0.5352904796600342 0.79670250415802 -1.8483831882476807 0.4947417676448822 0.7919425368309021 -0.3578513264656067 4.039198875427246 0.0 0.0 0.0 1.0
-0.8180834054946899 0.29709333181381226 -0.492417573928833 1.0399577617645264 -0.2868569493293762 0.5313119888305664 0.7971327304840088 -1.8436375856399536 0.4984501898288727 0.7933744788169861 -0.3494342565536499 4.034353256225586 0.0 0.0 0.0 1.0
-0.812597393989563 0.30075716972351074 -0.4992299973964691 1.0457384586334229 -0.292902410030365 0.5298064947128296 0.7959354519844055 -1.8375846147537231 0.5038785934448242 0.7930007576942444 -0.3424268662929535 4.027863025665283 0.0 0.0 0.0 1.0
-0.8072963953018188 0.3054862916469574 -0.5049264430999756 1.050196647644043 -0.295747846364975 0.5309774279594421 0.7941008806228638 -1.8327834606170654 0.5106914639472961 0.7904056310653687 -0.33830925822257996 4.022942066192627 0.0 0.0 0.0 1.0
-0.8025526404380798 0.3124117851257324 -0.5082402229309082 1.0566672086715698 -0.2989778220653534 0.5265974402427673 0.7958061099052429 -1.8263709545135498 0.5162572264671326 0.7906288504600525 -0.3292180001735687 4.016663551330566 0.0 0.0 0.0 1.0
-0.7963667511940002 0.3168984055519104 -0.515146017074585 1.062225103378296 -0.30397310853004456 0.5266405940055847 0.7938829064369202 -1.822379469871521 0.522877037525177 0.7888124585151672 -0.3230704367160797 4.012227535247803 0.0 0.0 0.0 1.0
-0.7921698093414307 0.31796738505363464 -0.5209258198738098 1.0678879022598267 -0.308956503868103 0.5271674990653992 0.7916061282157898 -1.8185615539550781 0.5263200998306274 0.7880299091339111 -0.3193680942058563 4.007697105407715 0.0 0.0 0.0 1.0
-0.786911129951477 0.3208913505077362 -0.5270670056343079 1.0760729312896729 -0.3135732114315033 0.5276933312416077 0.7894375324249268 -1.8129698038101196 0.5314534306526184 0.7864912748336792 -0.3146247863769531 4.001335620880127 0.0 0.0 0.0 1.0
-0.7830156683921814 0.32705986499786377 -0.5290731191635132 1.0834362506866455 -0.3098228871822357 0.5324844717979431 0.7876992225646973 -1.809584140777588 0.5393480062484741 0.7806997895240784 -0.3156130611896515 3.997051954269409 0.0 0.0 0.0 1.0
-0.7775606513023376 0.33532842993736267 -0.5319344401359558 1.0910009145736694 -0.309655100107193 0.5320621728897095 0.7880504727363586 -1.8066520690917969 0.5472779273986816 0.7774732708930969 -0.30987444519996643 3.9929778575897217 0.0 0.0 0.0 1.0
-0.7696979641914368 0.3420967757701874 -0.5390128493309021 1.1010857820510864 -0.3093401789665222 0.5387176871299744 0.7836401462554932 -1.8016743659973145 0.558456540107727 0.7699045538902283 -0.30882561206817627 3.986994743347168 0.0 0.0 0.0 1.0
-0.76607346534729 0.3473111391067505 -0.5408386588096619 1.1092449426651 -0.3049929440021515 0.5442559719085693 0.7815143465995789 -1.7982383966445923 0.5657833218574524 0.7636494040489197 -0.3110126256942749 3.982867479324341 0.0 0.0 0.0 1.0
-0.763077437877655 0.35317152738571167 -0.5412787199020386 1.1169934272766113 -0.3051450848579407 0.5414013862609863 0.7834353446960449 -1.7951480150222778 0.569736123085022 0.762990415096283 -0.30536264181137085 3.979341983795166 0.0 0.0 0.0 1.0
-0.756171703338623 0.3631424307823181 -0.544363796710968 1.1280463933944702 -0.3073371946811676 0.5373367071151733 0.7853745222091675 -1.7901657819747925 0.577709436416626 0.7611812353134155 -0.2947116196155548 3.9746367931365967 0.0 0.0 0.0 1.0
-0.7537650465965271 0.361889511346817 -0.548520028591156 1.13618803024292 -0.31085845828056335 0.5390451550483704 0.7828137278556824 -1.7866228818893433 0.5789691209793091 0.7605697512626648 -0.2938169836997986 3.9711406230926514 0.0 0.0 0.0 1.0
-0.7467350959777832 0.3637221157550812 -0.5568599104881287 1.1440335512161255 -0.3173716366291046 0.5409193634986877 0.7788976430892944 -1.7822977304458618 0.584518551826477 0.7583616971969604 -0.28848838806152344 3.9670441150665283 0.0 0.0 0.0 1.0
-0.7433260083198547 0.3670511841773987 -0.5592315196990967 1.154388666152954 -0.32089370489120483 0.5378744602203369 0.7795628905296326 -1.7775973081588745 0.586935818195343 0.7589232325553894 -0.28203168511390686 3.9623992443084717 0.0 0.0 0.0 1.0
-0.7370595335960388 0.3748696744441986 -0.5623308420181274 1.1627376079559326 -0.31812089681625366 0.5416738390922546 0.7780671715736389 -1.7743139266967773 0.5962737202644348 0.7523710131645203 -0.279992014169693 3.9587624073028564 0.0 0.0 0.0 1.0
-0.7303789258003235 0.3819419741630554 -0.5662746429443359 1.1727008819580078 -0.3194471001625061 0.5417852401733398 0.7774460315704346 -1.769696831703186 0.6037384867668152 0.7487249970436096 -0.27369824051856995 3.9538354873657227 0.0 0.0 0.0 1.0
-0.726980447769165 0.3823951184749603 -0.5703274011611938 1.179359793663025 -0.3225439190864563 0.543077826499939 0.7752624750137329 -1.7669717073440552 0.6061887741088867 0.7475563287734985 -0.27146774530410767 3.9500880241394043 0.0 0.0 0.0 1.0
-0.7189393639564514 0.38923150300979614 -0.5758689045906067 1.1869057416915894 -0.32473623752593994 0.544430136680603 0.7733965516090393 -1.7643017768859863 0.6145507097244263 0.7430307269096375 -0.2650146782398224 3.946897506713867 0.0 0.0 0.0 1.0
-0.7173625230789185 0.3938888609409332 -0.5746673345565796 1.1939804553985596 -0.32331597805023193 0.542432427406311 0.7753927111625671 -1.7617263793945312 0.6171367764472961 0.7420368194580078 -0.2617701292037964 3.9426167011260986 0.0 0.0 0.0 1.0
-0.7138608694076538 0.39336398243904114 -0.5793681740760803 1.2023693323135376 -0.3275569975376129 0.5436843037605286 0.772731363773346 -1.7575011253356934 0.618958055973053 0.7413987517356873 -0.25926581025123596 3.936872720718384 0.0 0.0 0.0 1.0
-0.7112898826599121 0.39227455854415894 -0.5832558274269104 1.208636999130249 -0.328971803188324 0.5475116968154907 0.7694209218025208 -1.7546749114990234 0.6211636066436768 0.7391560077667236 -0.2603922486305237 3.9327170848846436 0.0 0.0 0.0 1.0
-0.7074264883995056 0.4000263512134552 -0.5826891660690308 1.2163441181182861 -0.3277248740196228 0.544783890247345 0.7718852758407593 -1.7517125606536865 0.6262141466140747 0.7370138764381409 -0.2542959749698639 3.9269461631774902 0.0 0.0 0.0 1.0
-0.7026863098144531 0.3988421857357025 -0.5892001986503601 1.221210241317749 -0.33456581830978394 0.5456223487854004 0.7683501243591309 -1.7491391897201538 0.6279312372207642 0.7370353937149048 -0.24996241927146912 3.922968864440918 0.0 0.0 0.0 1.0
-0.6999696493148804 0.4010995626449585 -0.5908990502357483 1.226696491241455 -0.3355037271976471 0.5457250475883484 0.7678681015968323 -1.7470722198486328 0.6304599642753601 0.735733151435852 -0.24742057919502258 3.918492317199707 0.0 0.0 0.0 1.0
-0.696253776550293 0.40000683069229126 -0.596007764339447 1.2332016229629517 -0.34158802032470703 0.545637845993042 0.7652431130409241 -1.7440392971038818 0.6313068270683289 0.7363924980163574 -0.24326485395431519 3.9127395153045654 0.0 0.0 0.0 1.0
-0.6927188634872437 0.4028456211090088 -0.5982106328010559 1.2378684282302856 -0.3433116376399994 0.5452625155448914 0.7647390961647034 -1.7412843704223633 0.6342536211013794 0.7351219058036804 -0.23941205441951752 3.908630847930908 0.0 0.0 0.0 1.0
-0.6870740652084351 0.4063044786453247 -0.6023669242858887 1.2439534664154053 -0.3460742235183716 0.5459574460983276 0.7629961371421814 -1.7377424240112305 0.638875424861908 0.7326985001564026 -0.2345017045736313 3.9033823013305664 0.0 0.0 0.0 1.0
-0.6849693655967712 0.4043627679347992 -0.606059193611145 1.2482198476791382 -0.350614994764328 0.5462401509284973 0.7607173323631287 -1.7351776361465454 0.6386595964431763 0.7335615158081055 -0.232382133603096 3.8993899822235107 0.0 0.0 0.0 1.0
-0.6809493899345398 0.4076545834541321 -0.6083795428276062 1.2525708675384521 -0.3523188531398773 0.5459288954734802 0.7601533532142639 -1.732271432876587 0.6420119404792786 0.7319695353507996 -0.22812555730342865 3.895817279815674 0.0 0.0 0.0 1.0
-0.6763184070587158 0.4091307818889618 -0.6125401258468628 1.2578387260437012 -0.35427895188331604 0.548401415348053 0.7574577927589417 -1.728633999824524 0.6458171606063843 0.7292926907539368 -0.2259475588798523 3.8911795616149902 0.0 0.0 0.0 1.0
-0.6712892651557922 0.41518813371658325 -0.6139947772026062 1.2618927955627441 -0.356808602809906 0.5450624227523804 0.7586795091629028 -1.7256349325180054 0.6496602296829224 0.7283719778060913 -0.21775184571743011 3.8874247074127197 0.0 0.0 0.0 1.0
-0.6684390306472778 0.41473373770713806 -0.6174019575119019 1.2656446695327759 -0.36251482367515564 0.5431551933288574 0.7573410272598267 -1.72255277633667 0.6494399309158325 0.7300536632537842 -0.21271899342536926 3.8837106227874756 0.0 0.0 0.0 1.0
-0.6649562120437622 0.4107973277568817 -0.623761773109436 1.270322322845459 -0.3659166693687439 0.5488738417625427 0.7515600323677063 -1.718953013420105 0.6511054039001465 0.7279993891716003 -0.21465948224067688 3.8786983489990234 0.0 0.0 0.0 1.0
-0.6600979566574097 0.414567768573761 -0.6264218091964722 1.273792028427124 -0.36613407731056213 0.5505887866020203 0.7501985430717468 -1.716302514076233 0.6559089422225952 0.7245588898658752 -0.2116551250219345 3.8745110034942627 0.0 0.0 0.0 1.0
-0.6549003720283508 0.4235263764858246 -0.6258841156959534 1.2775561809539795 -0.367766797542572 0.5449026226997375 0.7535440921783447 -1.7136573791503906 0.6601916551589966 0.7236757278442383 -0.2010980099439621 3.870554208755493 0.0 0.0 0.0 1.0
-0.6502322554588318 0.426713228225708 -0.6285808086395264 1.2826498746871948 -0.3632246255874634 0.5520803332328796 0.7505165934562683 -1.7097023725509644 0.6672824621200562 0.716326117515564 -0.20398768782615662 3.8647172451019287 0.0 0.0 0.0 1.0
-0.6462209224700928 0.43049752712249756 -0.6301352381706238 1.2861019372940063 -0.36279749870300293 0.5531317591667175 0.7499488592147827 -1.7061195373535156 0.6713988780975342 0.7132441401481628 -0.20126187801361084 3.860703945159912 0.0 0.0 0.0 1.0
-0.6406380534172058 0.43612292408943176 -0.631964921951294 1.2911807298660278 -0.36387282609939575 0.5523200631141663 0.7500261068344116 -1.701640009880066 0.6761505007743835 0.7104501128196716 -0.1951439529657364 3.8551578521728516 0.0 0.0 0.0 1.0
-0.6370131373405457 0.43567955493927 -0.6359226107597351 1.2946460247039795 -0.3632234036922455 0.5579906105995178 0.74613356590271 -1.6978046894073486 0.6799139380455017 0.7062788605690002 -0.19719834625720978 3.8504841327667236 0.0 0.0 0.0 1.0
-0.630135178565979 0.44460055232048035 -0.6366003751754761 1.298999309539795 -0.3637305796146393 0.5553240180015564 0.747873842716217 -1.6941604614257812 0.6860246062278748 0.7028126120567322 -0.18821436166763306 3.8464064598083496 0.0 0.0 0.0 1.0
-0.6251872181892395 0.4482356607913971 -0.6389254331588745 1.303058385848999 -0.36452046036720276 0.5561689734458923 0.746860682964325 -1.6900057792663574 0.6901201009750366 0.6998291611671448 -0.1843186616897583 3.841806173324585 0.0 0.0 0.0 1.0
-0.6184061169624329 0.45168933272361755 -0.6430789828300476 1.3087457418441772 -0.36497920751571655 0.5596258044242859 0.7440491914749146 -1.6849061250686646 0.69596266746521 0.6948350071907043 -0.18121880292892456 3.835585355758667 0.0 0.0 0.0 1.0
-0.6127399206161499 0.4568132758140564 -0.6448809504508972 1.3129072189331055 -0.3646143078804016 0.560559868812561 0.7435247302055359 -1.6808373928070068 0.7011463642120361 0.6907200813293457 -0.17691673338413239 3.8309390544891357 0.0 0.0 0.0 1.0
-0.6097137928009033 0.4612770080566406 -0.6445716023445129 1.3174735307693481 -0.36351504921913147 0.5599134564399719 0.7445493340492249 -1.6769379377365112 0.7043478488922119 0.6882734894752502 -0.1737058460712433 3.8262059688568115 0.0 0.0 0.0 1.0
-0.5985562801361084 0.47173115611076355 -0.6474566459655762 1.3234716653823853 -0.35739871859550476 0.5660794377326965 0.7428460121154785 -1.6723195314407349 0.7169355154037476 0.6760353446006775 -0.1702342927455902 3.819837808609009 0.0 0.0 0.0 1.0
-0.5928730368614197 0.4779396057128906 -0.6481321454048157 1.3278183937072754 -0.35971882939338684 0.56290203332901 0.744139552116394 -1.6685490608215332 0.7204886674880981 0.6743255853652954 -0.16180557012557983 3.8159444332122803 0.0 0.0 0.0 1.0
-0.5857860445976257 0.4845985472202301 -0.6496298313140869 1.3335946798324585 -0.35934874415397644 0.5631565451622009 0.7441257834434509 -1.663467288017273 0.7264455556869507 0.6693422198295593 -0.1557493656873703 3.8101730346679688 0.0 0.0 0.0 1.0
-0.5786297917366028 0.49461162090301514 -0.6484958529472351 1.3380484580993652 -0.3543643355369568 0.5636854767799377 0.7461129426956177 -1.6596370935440063 0.734583854675293 0.6615270376205444 -0.1508924961090088 3.805971384048462 0.0 0.0 0.0 1.0
-0.5733896493911743 0.5022673606872559 -0.6472648978233337 1.3421880006790161 -0.3548629879951477 0.5598260164260864 0.7487770915031433 -1.6556072235107422 0.7384420037269592 0.6590313911437988 -0.14276233315467834 3.802218437194824 0.0 0.0 0.0 1.0
-0.5662400126457214 0.5037141442298889 -0.6524142026901245 1.3476577997207642 -0.35828715562820435 0.5624196529388428 0.7451941967010498 -1.650908350944519 0.7422954440116882 0.6557103991508484 -0.13799022138118744 3.796915292739868 0.0 0.0 0.0 1.0
-0.5631584525108337 0.5044804811477661 -0.6544861197471619 1.3516066074371338 -0.358602911233902 0.564359724521637 0.7435738444328308 -1.6474155187606812 0.7444840669631958 0.6534504890441895 -0.13691577315330505 3.7930896282196045 0.0 0.0 0.0 1.0
-0.5579314231872559 0.5084007978439331 -0.6559277176856995 1.3558639287948608 -0.3566741347312927 0.5667603611946106 0.7426750659942627 -1.643811583518982 0.7493304014205933 0.6483142375946045 -0.13488002121448517 3.7888731956481934 0.0 0.0 0.0 1.0
-0.5517810583114624 0.512559711933136 -0.6578907370567322 1.3595175743103027 -0.35552018880844116 0.5690196752548218 0.7414998412132263 -1.6410027742385864 0.7544156908988953 0.6430389881134033 -0.13174892961978912 3.7852344512939453 0.0 0.0 0.0 1.0
-0.545730471611023 0.5143927335739136 -0.6614970564842224 1.36470627784729 -0.35353976488113403 0.5743737816810608 0.7383118867874146 -1.6368714570999146 0.7597288489341736 0.6367847919464111 -0.13159498572349548 3.779496908187866 0.0 0.0 0.0 1.0
-0.5396304130554199 0.5168177485466003 -0.6646040081977844 1.3689723014831543 -0.3555886745452881 0.5756269693374634 0.7363492846488953 -1.633986234664917 0.7631223797798157 0.633682131767273 -0.12685129046440125 3.775339126586914 0.0 0.0 0.0 1.0
-0.5346159934997559 0.5167624354362488 -0.6686870455741882 1.3727364540100098 -0.3584855794906616 0.5778652429580688 0.7331847548484802 -1.6313410997390747 0.765293300151825 0.6316869258880615 -0.1236841008067131 3.7713825702667236 0.0 0.0 0.0 1.0
-0.5322111248970032 0.5126129984855652 -0.6737797856330872 1.3785432577133179 -0.3612198829650879 0.5822867751121521 0.7283284664154053 -1.6274442672729492 0.7656837105751038 0.631007194519043 -0.12473350018262863 3.7650678157806396 0.0 0.0 0.0 1.0
-0.5317897796630859 0.5101337432861328 -0.6759905219078064 1.382312536239624 -0.36358651518821716 0.5833803415298462 0.7262728214263916 -1.6244689226150513 0.7648558616638184 0.632005512714386 -0.12475792318582535 3.7607226371765137 0.0 0.0 0.0 1.0
-0.5244068503379822 0.5142805576324463 -0.6786110997200012 1.3883147239685059 -0.3664839267730713 0.5830593705177307 0.7250732779502869 -1.6207149028778076 0.7685616612434387 0.6289334297180176 -0.11728476732969284 3.7546753883361816 0.0 0.0 0.0 1.0
-0.5228220820426941 0.5099797248840332 -0.6830649971961975 1.3973667621612549 -0.3680175542831421 0.5877468585968018 0.7204975485801697 -1.6146266460418701 0.7689084410667419 0.6280719041824341 -0.11960551887750626 3.745401382446289 0.0 0.0 0.0 1.0
-0.5194361209869385 0.5105812549591064 -0.6851955652236938 1.4045690298080444 -0.37086692452430725 0.587695837020874 0.7190766930580139 -1.6106709241867065 0.7698336839675903 0.6276307702064514 -0.11591273546218872 3.739258289337158 0.0 0.0 0.0 1.0
-0.5206848382949829 0.5092903971672058 -0.6852084398269653 1.4101362228393555 -0.3709467947483063 0.5879155397415161 0.7188559174537659 -1.6072137355804443 0.7689511179924011 0.6284732222557068 -0.11719904839992523 3.7347543239593506 0.0 0.0 0.0 1.0
-0.5196129679679871 0.5134864449501038 -0.68288654088974 1.4192249774932861 -0.37167975306510925 0.5838204622268677 0.7218087315559387 -1.6024736166000366 0.7693220973014832 0.628876268863678 -0.11250816285610199 3.728736400604248 0.0 0.0 0.0 1.0
-0.5199325680732727 0.5112814903259277 -0.6842962503433228 1.4260916709899902 -0.37400779128074646 0.5839630961418152 0.7204896211624146 -1.598997950553894 0.7679767608642578 0.6305381655693054 -0.1123981699347496 3.7242655754089355 0.0 0.0 0.0 1.0
-0.5174230933189392 0.5128971338272095 -0.6849889755249023 1.4362775087356567 -0.378543883562088 0.5807042717933655 0.7207545042037964 -1.594154715538025 0.7674489617347717 0.6322334408760071 -0.10631570965051651 3.7183239459991455 0.0 0.0 0.0 1.0
-0.5208971500396729 0.510407030582428 -0.6842154860496521 1.4520000219345093 -0.38022398948669434 0.5789065957069397 0.7213160395622253 -1.5868253707885742 0.7642616629600525 0.6358866095542908 -0.10748180747032166 3.7096269130706787 0.0 0.0 0.0 1.0
-0.5207347273826599 0.5109033584594727 -0.6839686036109924 1.4610638618469238 -0.3813423812389374 0.5775943994522095 0.7217774391174316 -1.5830464363098145 0.7638149857521057 0.6366808414459229 -0.10594436526298523 3.7051339149475098 0.0 0.0 0.0 1.0
-0.5187323093414307 0.5122764706611633 -0.6844630241394043 1.4733332395553589 -0.38394105434417725 0.575740396976471 0.7218810319900513 -1.5783385038375854 0.7638757228851318 0.6372564435005188 -0.10197118669748306 3.6999542713165283 0.0 0.0 0.0 1.0
-0.5188792943954468 0.5106176733970642 -0.6855902075767517 1.4820908308029175 -0.381773442029953 0.5791623592376709 0.7202916145324707 -1.5752631425857544 0.7648616433143616 0.635484516620636 -0.1055750921368599 3.6960947513580322 0.0 0.0 0.0 1.0
-0.5158291459083557 0.5144627690315247 -0.6850170493125916 1.4923442602157593 -0.3812934160232544 0.5781724452972412 0.7213404178619385 -1.5724481344223022 0.7671607732772827 0.633280873298645 -0.1020769253373146 3.6925745010375977 0.0 0.0 0.0 1.0
-0.5124337077140808 0.5141592621803284 -0.6877877712249756 1.504411220550537 -0.38208112120628357 0.5807744264602661 0.7188289761543274 -1.5689860582351685 0.7690420746803284 0.6311429142951965 -0.10115784406661987 3.6881866455078125 0.0 0.0 0.0 1.0
-0.5084933638572693 0.5119790434837341 -0.692323625087738 1.5140855312347412 -0.3819277286529541 0.5865062475204468 0.7142419815063477 -1.5670146942138672 0.771729052066803 0.6276049017906189 -0.1026955246925354 3.6843018531799316 0.0 0.0 0.0 1.0
-0.5051813125610352 0.5119196772575378 -0.6947878003120422 1.5240453481674194 -0.3830222189426422 0.5884421467781067 0.712060272693634 -1.5648351907730103 0.7733600735664368 0.6258386969566345 -0.101193368434906 3.6808810234069824 0.0 0.0 0.0 1.0
-0.49801456928253174 0.5129693150520325 -0.6991738080978394 1.5367226600646973 -0.38296687602996826 0.5932823419570923 0.708062469959259 -1.5623551607131958 0.7780217528343201 0.6203858256340027 -0.09901299327611923 3.676644802093506 0.0 0.0 0.0 1.0
-0.4974423944950104 0.5100805759429932 -0.7016900181770325 1.5458656549453735 -0.3836851119995117 0.596084475517273 0.7053148150444031 -1.5604004859924316 0.7780339121818542 0.6200815439224243 -0.10080736875534058 3.6740000247955322 0.0 0.0 0.0 1.0
-0.49638262391090393 0.5096359848976135 -0.7027627229690552 1.5558137893676758 -0.3843235969543457 0.5968694090843201 0.7043026685714722 -1.5584248304367065 0.7783955931663513 0.6196919083595276 -0.10041048377752304 3.671152114868164 0.0 0.0 0.0 1.0
-0.4926546812057495 0.5099283456802368 -0.7051697969436646 1.568678855895996 -0.3833886682987213 0.6002686619758606 0.7019192576408386 -1.5563304424285889 0.7812198996543884 0.6161578893661499 -0.10022443532943726 3.6676201820373535 0.0 0.0 0.0 1.0
-0.49022775888442993 0.5091564655303955 -0.7074153423309326 1.578434944152832 -0.3820933997631073 0.6039440035820007 0.6994685530662537 -1.5549402236938477 0.7833781838417053 0.6131976246833801 -0.10152478516101837 3.6647870540618896 0.0 0.0 0.0 1.0
-0.4893220365047455 0.5094161629676819 -0.7078552842140198 1.5920170545578003 -0.37876513600349426 0.6069797873497009 0.6986504793167114 -1.5529427528381348 0.7855576872825623 0.6099759936332703 -0.10405952483415604 3.660641670227051 0.0 0.0 0.0 1.0
-0.48938900232315063 0.5077687501907349 -0.7089917659759521 1.601974606513977 -0.3780185580253601 0.6091307997703552 0.6971811652183533 -1.5515012741088867 0.7858755588531494 0.6092048287391663 -0.10615593194961548 3.6577260494232178 0.0 0.0 0.0 1.0
-0.49451974034309387 0.5006310343742371 -0.710506021976471 1.611135482788086 -0.3757120370864868 0.614011824131012 0.6941397190093994 -1.549973964691162 0.7837669849395752 0.6102114319801331 -0.11554785817861557 3.6546154022216797 0.0 0.0 0.0 1.0
-0.4952511489391327 0.49578940868377686 -0.7133857011795044 1.6236248016357422 -0.3754063844680786 0.618403971195221 0.6903959512710571 -1.547613501548767 0.7834515571594238 0.6097289323806763 -0.12014277279376984 3.649966239929199 0.0 0.0 0.0 1.0
-0.49832627177238464 0.49325671792030334 -0.7129998207092285 1.6330006122589111 -0.372467964887619 0.6208257675170898 0.6898137331008911 -1.5461028814315796 0.7829039096832275 0.6093218922615051 -0.12565144896507263 3.646278142929077 0.0 0.0 0.0 1.0
-0.5033280849456787 0.48940038681030273 -0.7121433019638062 1.6414728164672852 -0.36939746141433716 0.6231778264045715 0.6893438100814819 -1.5445661544799805 0.7811570763587952 0.6100300550460815 -0.13287965953350067 3.642703056335449 0.0 0.0 0.0 1.0
-0.5083188414573669 0.4833708703517914 -0.7127163410186768 1.6521629095077515 -0.36916935443878174 0.6254014372825623 0.6874496340751648 -1.5422310829162598 0.7780269384384155 0.6125566363334656 -0.13945762813091278 3.6380085945129395 0.0 0.0 0.0 1.0
-0.5097625255584717 0.4812288284301758 -0.7131346464157104 1.659743070602417 -0.36849576234817505 0.6269002556800842 0.6864451169967651 -1.5404644012451172 0.7774014472961426 0.6127110719680786 -0.14223948121070862 3.6339735984802246 0.0 0.0 0.0 1.0
-0.5120105743408203 0.47851815819740295 -0.7133481502532959 1.6666096448898315 -0.36814892292022705 0.6280743479728699 0.6855574250221252 -1.5383192300796509 0.7760873436927795 0.613631010055542 -0.14541476964950562 3.630251169204712 0.0 0.0 0.0 1.0
-0.5160375237464905 0.4783119261264801 -0.7105793356895447 1.6752097606658936 -0.36668235063552856 0.6263562440872192 0.6879112720489502 -1.5357227325439453 0.7741119265556335 0.6155449151992798 -0.14783479273319244 3.624979019165039 0.0 0.0 0.0 1.0
-0.5161038637161255 0.47809574007987976 -0.7106766104698181 1.6810868978500366 -0.3668753504753113 0.6263608932495117 0.687804102897644 -1.5334362983703613 0.7739762663841248 0.6157081127166748 -0.14786575734615326 3.6207454204559326 0.0 0.0 0.0 1.0
-0.5187005996704102 0.4769560694694519 -0.7095509767532349 1.6866672039031982 -0.3669111132621765 0.625429630279541 0.6886319518089294 -1.5310571193695068 0.7722214460372925 0.6175359487533569 -0.14941023290157318 3.6163296699523926 0.0 0.0 0.0 1.0
-0.5234957337379456 0.47192126512527466 -0.7093958854675293 1.6939724683761597 -0.3671504855155945 0.6263846158981323 0.6876356601715088 -1.5270029306411743 0.7688645720481873 0.6204293966293335 -0.15464356541633606 3.610013961791992 0.0 0.0 0.0 1.0
-0.5260272026062012 0.46987247467041016 -0.7088831067085266 1.6990487575531006 -0.36832189559936523 0.625434935092926 0.6878736019134521 -1.5237665176391602 0.7665731310844421 0.6229373812675476 -0.1559314727783203 3.605264663696289 0.0 0.0 0.0 1.0
-0.5281932353973389 0.469833105802536 -0.7072967886924744 1.7040247917175293 -0.36926090717315674 0.6229900121688843 0.6895866990089417 -1.5202109813690186 0.7646294832229614 0.625412106513977 -0.15556812286376953 3.6003475189208984 0.0 0.0 0.0 1.0
-0.5330843329429626 0.46720829606056213 -0.705363392829895 1.7104346752166748 -0.36880916357040405 0.6219995617866516 0.6907216310501099 -1.5157034397125244 0.7614465951919556 0.6283573508262634 -0.15926751494407654 3.5935819149017334 0.0 0.0 0.0 1.0
-0.5372661352157593 0.46552759408950806 -0.703298807144165 1.7152202129364014 -0.3699009120464325 0.6193373799324036 0.6925276517868042 -1.512179970741272 0.7579699158668518 0.6322224736213684 -0.16054990887641907 3.5883004665374756 0.0 0.0 0.0 1.0
-0.5392114520072937 0.46302908658981323 -0.7034593820571899 1.7194079160690308 -0.37367063760757446 0.6170300245285034 0.692563533782959 -1.508936882019043 0.754732608795166 0.636300265789032 -0.159689262509346 3.5830817222595215 0.0 0.0 0.0 1.0
-0.5440093874931335 0.4571816921234131 -0.7035898566246033 1.72535240650177 -0.37397944927215576 0.6185225248336792 0.6910638809204102 -1.5048348903656006 0.7511278986930847 0.639073371887207 -0.165505513548851 3.575167417526245 0.0 0.0 0.0 1.0
-0.5472161769866943 0.45423945784568787 -0.7030085325241089 1.7295604944229126 -0.3753061592578888 0.6175873279571533 0.6911810040473938 -1.5021065473556519 0.7481308579444885 0.6420688629150391 -0.1674748808145523 3.56943416595459 0.0 0.0 0.0 1.0
-0.5487560629844666 0.45299747586250305 -0.7026094794273376 1.7348099946975708 -0.3768596351146698 0.6161678433418274 0.6916025280952454 -1.4986941814422607 0.7462195158004761 0.6443062424659729 -0.16740936040878296 3.561696767807007 0.0 0.0 0.0 1.0
-0.5517805814743042 0.4507559537887573 -0.7016817927360535 1.7387325763702393 -0.37337154150009155 0.6188151240348816 0.6911306381225586 -1.4961742162704468 0.7457424998283386 0.6433404684066772 -0.1731507033109665 3.555499792098999 0.0 0.0 0.0 1.0
-0.5533534288406372 0.4501722753047943 -0.7008172869682312 1.7408175468444824 -0.3706461191177368 0.6204031705856323 0.6911739110946655 -1.4945729970932007 0.7459366321563721 0.6422186493873596 -0.17644764482975006 3.5512773990631104 0.0 0.0 0.0 1.0
-0.5508430600166321 0.44991812109947205 -0.702954888343811 1.7456341981887817 -0.36931872367858887 0.6239067316055298 0.6887264251708984 -1.4903620481491089 0.7484487891197205 0.638994574546814 -0.17751151323318481 3.5404293537139893 0.0 0.0 0.0 1.0
-0.552925169467926 0.44598886370658875 -0.7038236260414124 1.7496103048324585 -0.3670041263103485 0.6279856562614441 0.6862521171569824 -1.4869682788848877 0.7480519413948059 0.6377522349357605 -0.18354934453964233 3.531629800796509 0.0 0.0 0.0 1.0
-0.5497496724128723 0.4487537443637848 -0.7045533061027527 1.7544633150100708 -0.36545300483703613 0.6292339563369751 0.6859363913536072 -1.480766773223877 0.7511454224586487 0.6345744132995605 -0.1819227635860443 3.5182271003723145 0.0 0.0 0.0 1.0
-0.5459734797477722 0.44813963770866394 -0.707872748374939 1.759223461151123 -0.3654364347457886 0.6329202055931091 0.6825453639030457 -1.474508285522461 0.7539026141166687 0.6313341856002808 -0.18179111182689667 3.5045113563537598 0.0 0.0 0.0 1.0
-0.543455183506012 0.4482051730155945 -0.7097665667533875 1.762395977973938 -0.3647538721561432 0.6354475617408752 0.6805593371391296 -1.4697566032409668 0.756049633026123 0.628743588924408 -0.18185268342494965 3.495079278945923 0.0 0.0 0.0 1.0
-0.5380546450614929 0.44977831840515137 -0.7128791213035583 1.7680691480636597 -0.3630613386631012 0.639599084854126 0.677568793296814 -1.4635534286499023 0.7607125639915466 0.62338787317276 -0.18084214627742767 3.480890989303589 0.0 0.0 0.0 1.0
-0.5335810780525208 0.44964900612831116 -0.7163148522377014 1.7718597650527954 -0.3647966980934143 0.641761064529419 0.6745858788490295 -1.459036111831665 0.7630298733711243 0.6212555766105652 -0.17840109765529633 3.470881700515747 0.0 0.0 0.0 1.0
-0.5315733551979065 0.4495042562484741 -0.7178966999053955 1.7753100395202637 -0.36338183283805847 0.6445748805999756 0.6726639866828918 -1.4556493759155273 0.7651035189628601 0.6184408664703369 -0.17929717898368835 3.4630987644195557 0.0 0.0 0.0 1.0
-0.5299206376075745 0.4542091488838196 -0.7161551117897034 1.7790488004684448 -0.35973817110061646 0.6443357467651367 0.6748480200767517 -1.4519572257995605 0.7679665088653564 0.6152442693710327 -0.1780504584312439 3.4556047916412354 0.0 0.0 0.0 1.0
-0.5283248424530029 0.4578861594200134 -0.7149916887283325 1.7833927869796753 -0.3572799265384674 0.6440296173095703 0.6764443516731262 -1.4482468366622925 0.770210325717926 0.6128345131874084 -0.17666330933570862 3.4479026794433594 0.0 0.0 0.0 1.0
-0.5280673503875732 0.4537208676338196 -0.7178316712379456 1.7893836498260498 -0.35997575521469116 0.6459978222846985 0.6731301546096802 -1.4433292150497437 0.7691308856010437 0.6138600707054138 -0.17780184745788574 3.4376964569091797 0.0 0.0 0.0 1.0
-0.527925968170166 0.4558640718460083 -0.7165766954421997 1.7941360473632812 -0.359738290309906 0.6442793011665344 0.6749019026756287 -1.4395064115524292 0.7693390250205994 0.6140782833099365 -0.17613999545574188 3.4296061992645264 0.0 0.0 0.0 1.0
-0.5287504196166992 0.4575637876987457 -0.7148834466934204 1.8004344701766968 -0.3576944172382355 0.6436838507652283 0.6765543222427368 -1.4343417882919312 0.7697257399559021 0.6134381890296936 -0.17668010294437408 3.4189705848693848 0.0 0.0 0.0 1.0
-0.5272168517112732 0.4584272503852844 -0.7154626846313477 1.8099616765975952 -0.3578900396823883 0.6438659429550171 0.6762775778770447 -1.425647497177124 0.7706860899925232 0.6126019358634949 -0.17539043724536896 3.4013137817382812 0.0 0.0 0.0 1.0
-0.5273051261901855 0.45961374044418335 -0.714635968208313 1.8179398775100708 -0.3538857400417328 0.6458489894866943 0.6764938831329346 -1.4183920621871948 0.7724727988243103 0.6096181273460388 -0.1779087334871292 3.3863773345947266 0.0 0.0 0.0 1.0
-0.5275389552116394 0.45891863107681274 -0.7149100303649902 1.823217511177063 -0.35545113682746887 0.6450944542884827 0.6763930916786194 -1.4134163856506348 0.7715938687324524 0.6109393239021301 -0.17718930542469025 3.3766486644744873 0.0 0.0 0.0 1.0
-0.5289830565452576 0.45665761828422546 -0.7152906656265259 1.8270528316497803 -0.353253573179245 0.6478897333145142 0.6748709678649902 -1.4094994068145752 0.7716144323348999 0.6096742749214172 -0.18140675127506256 3.369166851043701 0.0 0.0 0.0 1.0
-0.5291124582290649 0.4597601592540741 -0.7132044434547424 1.8308813571929932 -0.352536141872406 0.6454223394393921 0.6776047945022583 -1.4059611558914185 0.7718538045883179 0.6099594831466675 -0.17941896617412567 3.3621609210968018 0.0 0.0 0.0 1.0
-0.5288539528846741 0.463324636220932 -0.7110863327980042 1.8346105813980103 -0.34940648078918457 0.6446859240531921 0.6799229383468628 -1.4022397994995117 0.7734524011611938 0.6080381274223328 -0.1790560632944107 3.3550260066986084 0.0 0.0 0.0 1.0
-0.5283516645431519 0.46645379066467285 -0.7094119787216187 1.839975118637085 -0.3492400646209717 0.6421945095062256 0.6823617815971375 -1.3975151777267456 0.7738707065582275 0.6082820892333984 -0.17640018463134766 3.3459601402282715 0.0 0.0 0.0 1.0
-0.5293722748756409 0.4677274525165558 -0.7078106999397278 1.843904972076416 -0.3487715423107147 0.6405608057975769 0.6841347217559814 -1.3944319486618042 0.7733843922615051 0.6090261936187744 -0.1759651154279709 3.339160919189453 0.0 0.0 0.0 1.0
-0.5290495753288269 0.465068519115448 -0.7098012566566467 1.8484715223312378 -0.35340991616249084 0.6397042274475098 0.6825540065765381 -1.3904954195022583 0.7714972496032715 0.6119557023048401 -0.1740754097700119 3.3304443359375 0.0 0.0 0.0 1.0
-0.5281139016151428 0.4624566435813904 -0.7122005224227905 1.851189374923706 -0.3571551442146301 0.6399434804916382 0.6803767681121826 -1.3874971866607666 0.770412802696228 0.6136825084686279 -0.17279425263404846 3.324148654937744 0.0 0.0 0.0 1.0
-0.5266894698143005 0.4624098539352417 -0.7132849097251892 1.8538967370986938 -0.35865533351898193 0.6398756504058838 0.6796510219573975 -1.384333848953247 0.7706909775733948 0.6137884855270386 -0.17117001116275787 3.31817364692688 0.0 0.0 0.0 1.0
-0.5260623693466187 0.4660217761993408 -0.7113944888114929 1.8578327894210815 -0.3574286103248596 0.6378757953643799 0.6821724772453308 -1.3797259330749512 0.7716885209083557 0.61313796043396 -0.16899292171001434 3.3102762699127197 0.0 0.0 0.0 1.0
-0.5243282318115234 0.46524661779403687 -0.713179886341095 1.8609251976013184 -0.3589382767677307 0.6387357711791992 0.6805732250213623 -1.3760323524475098 0.7721678614616394 0.6128312945365906 -0.1679123491048813 3.3046023845672607 0.0 0.0 0.0 1.0
-0.5222597718238831 0.4664345681667328 -0.7139212489128113 1.864305853843689 -0.36446094512939453 0.6347761154174805 0.6813424229621887 -1.372538447380066 0.7709817886352539 0.6160341501235962 -0.16152086853981018 3.299508810043335 0.0 0.0 0.0 1.0
-0.5209128260612488 0.46801725029945374 -0.7138695120811462 1.8696200847625732 -0.367489755153656 0.6318697929382324 0.6824162006378174 -1.3680853843688965 0.7704551219940186 0.61781907081604 -0.1571575552225113 3.292579412460327 0.0 0.0 0.0 1.0
-0.5201851725578308 0.46697866916656494 -0.7150792479515076 1.8736070394515991 -0.37067508697509766 0.6308596730232239 0.6816275119781494 -1.3647092580795288 0.7694201469421387 0.6196345686912537 -0.15506649017333984 3.2873165607452393 0.0 0.0 0.0 1.0
-0.5167490243911743 0.4645107388496399 -0.7191663384437561 1.8789262771606445 -0.37763458490371704 0.6302111744880676 0.6783996224403381 -1.3604310750961304 0.7683505415916443 0.6221444010734558 -0.15024568140506744 3.280290126800537 0.0 0.0 0.0 1.0
-0.5114349126815796 0.46592065691947937 -0.7220472693443298 1.883018970489502 -0.3820860981941223 0.6293264627456665 0.6767262816429138 -1.357364296913147 0.7697041630744934 0.621985673904419 -0.14383773505687714 3.2749717235565186 0.0 0.0 0.0 1.0
-0.5058825016021729 0.46793827414512634 -0.7246493101119995 1.8944318294525146 -0.38067197799682617 0.6327387094497681 0.6743371486663818 -1.350767731666565 0.7740618586540222 0.6169890761375427 -0.14196047186851501 3.2630467414855957 0.0 0.0 0.0 1.0
-0.5017294883728027 0.46922269463539124 -0.7267032265663147 1.8998113870620728 -0.3839949667453766 0.6319705843925476 0.6731724143028259 -1.3477504253387451 0.7751228213310242 0.616800844669342 -0.13689912855625153 3.2582955360412598 0.0 0.0 0.0 1.0
-0.4985046088695526 0.4691007435321808 -0.7289977073669434 1.9053014516830444 -0.3840494453907013 0.6344015598297119 0.6708507537841797 -1.3448967933654785 0.7771738171577454 0.6143933534622192 -0.13609419763088226 3.2532262802124023 0.0 0.0 0.0 1.0
-0.4930839240550995 0.4690403938293457 -0.7327136993408203 1.9133208990097046 -0.3858884572982788 0.6369171142578125 0.6674029231071472 -1.3410366773605347 0.7797168493270874 0.6118314266204834 -0.13305632770061493 3.246472120285034 0.0 0.0 0.0 1.0
-0.48737189173698425 0.46980056166648865 -0.7360408306121826 1.9196045398712158 -0.3897152543067932 0.6372882723808289 0.6648200154304504 -1.338365912437439 0.7814030051231384 0.6108609437942505 -0.12750795483589172 3.2417728900909424 0.0 0.0 0.0 1.0
-0.48217666149139404 0.46886101365089417 -0.7400506734848022 1.9265004396438599 -0.39006146788597107 0.6414912343025208 0.6605611443519592 -1.3356187343597412 0.7844473719596863 0.607172429561615 -0.12642747163772583 3.2365546226501465 0.0 0.0 0.0 1.0
-0.4771338105201721 0.471862256526947 -0.7414103746414185 1.9361339807510376 -0.3867588937282562 0.6448039412498474 0.6592764258384705 -1.3322603702545166 0.7891519665718079 0.601310133934021 -0.1251608431339264 3.2295498847961426 0.0 0.0 0.0 1.0
-0.4693605899810791 0.47525131702423096 -0.7442021369934082 1.9435256719589233 -0.3861245810985565 0.6474878787994385 0.6570138931274414 -1.3294672966003418 0.7941085696220398 0.5957311391830444 -0.12039907276630402 3.224480390548706 0.0 0.0 0.0 1.0
-0.46140581369400024 0.4764493405818939 -0.7483987808227539 1.9531463384628296 -0.38686615228652954 0.6510858535766602 0.6530097723007202 -1.3258564472198486 0.798397958278656 0.5908326506614685 -0.11609268188476562 3.2178444862365723 0.0 0.0 0.0 1.0
-0.45607566833496094 0.47880446910858154 -0.750160813331604 1.9605358839035034 -0.38596028089523315 0.6531163454055786 0.6515164375305176 -1.323296308517456 0.8018912672996521 0.5866730809211731 -0.11307096481323242 3.2129886150360107 0.0 0.0 0.0 1.0
-0.4484056830406189 0.48364022374153137 -0.7516810894012451 1.9679101705551147 -0.38867488503456116 0.6517916321754456 0.651229202747345 -1.3203961849212646 0.8049001097679138 0.5841744542121887 -0.10428827255964279 3.208549976348877 0.0 0.0 0.0 1.0
-0.44259113073349 0.4844840466976166 -0.7545782327651978 1.9750813245773315 -0.3906768560409546 0.65324467420578 0.6485699415206909 -1.3175960779190063 0.8071460127830505 0.5818475484848022 -0.09984360635280609 3.2042813301086426 0.0 0.0 0.0 1.0
-0.4358918368816376 0.4849472939968109 -0.758171796798706 1.9847838878631592 -0.3900993764400482 0.6573630571365356 0.6447451114654541 -1.3140614032745361 0.8110615015029907 0.5768014788627625 -0.09736155718564987 3.1984052658081055 0.0 0.0 0.0 1.0
-0.432012677192688 0.48713502287864685 -0.758989155292511 1.9920446872711182 -0.39101532101631165 0.6571927070617676 0.6443638205528259 -1.3110946416854858 0.8126943111419678 0.5751497149467468 -0.09343833476305008 3.1944594383239746 0.0 0.0 0.0 1.0
-0.42210274934768677 0.48891395330429077 -0.7634084224700928 2.0013344287872314 -0.392837256193161 0.6602868437767029 0.6400782465934753 -1.3073132038116455 0.8170117139816284 0.5700740814208984 -0.08664528280496597 3.1889421939849854 0.0 0.0 0.0 1.0
-0.4167553186416626 0.49256882071495056 -0.7639967203140259 2.0083961486816406 -0.3922194838523865 0.6607637405395508 0.6399649977684021 -1.3044852018356323 0.8200480937957764 0.5663632154464722 -0.08218169212341309 3.185030221939087 0.0 0.0 0.0 1.0
-0.41132262349128723 0.4955647885799408 -0.7650027871131897 2.0151448249816895 -0.39116713404655457 0.662101149559021 0.6392263174057007 -1.301088571548462 0.823287308216095 0.5621721744537354 -0.0784885436296463 3.18131422996521 0.0 0.0 0.0 1.0
-0.4055711328983307 0.49745139479637146 -0.7668468952178955 2.021789073944092 -0.39313817024230957 0.6624504923820496 0.6376532912254333 -1.2978389263153076 0.8251996636390686 0.5600905418395996 -0.07310367375612259 3.1778578758239746 0.0 0.0 0.0 1.0
-0.3997550308704376 0.49804213643074036 -0.7695127725601196 2.0309441089630127 -0.394361674785614 0.6643909811973572 0.6348728537559509 -1.2933400869369507 0.8274508118629456 0.5572599768638611 -0.06918489933013916 3.173308849334717 0.0 0.0 0.0 1.0
-0.3950360417366028 0.5021407604217529 -0.7692861557006836 2.037388324737549 -0.3951895534992218 0.663067102432251 0.6357414722442627 -1.2900933027267456 0.8293200731277466 0.5551546216011047 -0.06349463015794754 3.1698474884033203 0.0 0.0 0.0 1.0
-0.3875616192817688 0.5027703642845154 -0.7726693749427795 2.045457363128662 -0.3970041573047638 0.6654351949691772 0.6321263313293457 -1.2856780290603638 0.8319757580757141 0.551740825176239 -0.05829523503780365 3.1647753715515137 0.0 0.0 0.0 1.0
-0.38340696692466736 0.5043061375617981 -0.7737405300140381 2.051105260848999 -0.3988877832889557 0.6651806235313416 0.6312077641487122 -1.2826659679412842 0.8329991698265076 0.550645112991333 -0.053873322904109955 3.1612839698791504 0.0 0.0 0.0 1.0
-0.3787109851837158 0.5040767192840576 -0.7761988639831543 2.0565621852874756 -0.40149128437042236 0.6661679148674011 0.6285101771354675 -1.2798705101013184 0.8338961005210876 0.5496608018875122 -0.04990271106362343 3.157554864883423 0.0 0.0 0.0 1.0
-0.37175309658050537 0.5086438655853271 -0.7765829563140869 2.0629382133483887 -0.4033682346343994 0.6649367809295654 0.6286120414733887 -1.2761106491088867 0.836118221282959 0.5469373464584351 -0.04202151298522949 3.1525468826293945 0.0 0.0 0.0 1.0
-0.3658340275287628 0.5105080008506775 -0.7781690359115601 2.0674009323120117 -0.4046682119369507 0.6656996011734009 0.6269670724868774 -1.2733196020126343 0.8380985260009766 0.5442661643028259 -0.036949194967746735 3.148569107055664 0.0 0.0 0.0 1.0
-0.3590250313282013 0.5109716653823853 -0.7810307145118713 2.0714621543884277 -0.4071824252605438 0.6672356724739075 0.6236978769302368 -1.270262360572815 0.8398234844207764 0.5419451594352722 -0.03149564191699028 3.144503355026245 0.0 0.0 0.0 1.0
-0.3498353958129883 0.512919008731842 -0.7839191555976868 2.0765466690063477 -0.41260653734207153 0.6668993830680847 0.6204845905303955 -1.2665985822677612 0.8410535454750061 0.5405176281929016 -0.02167126163840294 3.139190673828125 0.0 0.0 0.0 1.0
-0.34542810916900635 0.5151853561401367 -0.7843873500823975 2.080207109451294 -0.41394710540771484 0.6664825677871704 0.6200393438339233 -1.2634111642837524 0.8422156572341919 0.5388739109039307 -0.01696232333779335 3.135075807571411 0.0 0.0 0.0 1.0
-0.34032729268074036 0.5172096490859985 -0.7852843403816223 2.083972930908203 -0.41484299302101135 0.6668812036514282 0.6190111041069031 -1.2602124214172363 0.8438498973846436 0.536436140537262 -0.012397075071930885 3.1307404041290283 0.0 0.0 0.0 1.0
-0.330466628074646 0.5237524509429932 -0.7851593494415283 2.0891427993774414 -0.4203648269176483 0.6631513237953186 0.6192929744720459 -1.255517840385437 0.8450356125831604 0.5347090363502502 0.0010177287040278316 3.125429630279541 0.0 0.0 0.0 1.0
-0.32421571016311646 0.5226276516914368 -0.7885077595710754 2.0925068855285645 -0.4219586253166199 0.6661202907562256 0.6150078773498535 -1.2520530223846436 0.8466611504554749 0.5321128964424133 0.004560588393360376 3.1210062503814697 0.0 0.0 0.0 1.0
-0.3180498778820038 0.5252543687820435 -0.7892731428146362 2.095954656600952 -0.42478322982788086 0.6653149127960205 0.6139342784881592 -1.2481107711791992 0.8475868701934814 0.5305317044258118 0.011515933088958263 3.1169636249542236 0.0 0.0 0.0 1.0
-0.31087201833724976 0.5255243182182312 -0.7919487357139587 2.100229024887085 -0.4266529977321625 0.6674056053161621 0.6103581190109253 -1.2429628372192383 0.8493090271949768 0.5276305675506592 0.016738800331950188 3.1112027168273926 0.0 0.0 0.0 1.0
-0.3066217601299286 0.5282745957374573 -0.7917758822441101 2.103288173675537 -0.4297546446323395 0.6653940081596375 0.6103783845901489 -1.2390068769454956 0.8492903113365173 0.5274246335029602 0.02300417050719261 3.106703519821167 0.0 0.0 0.0 1.0
-0.29928797483444214 0.5296236276626587 -0.7936784625053406 2.1067705154418945 -0.4311031699180603 0.6670074462890625 0.6076603531837463 -1.2336275577545166 0.8512207269668579 0.5240226984024048 0.028695132583379745 3.100485324859619 0.0 0.0 0.0 1.0
-0.2908713221549988 0.530718982219696 -0.7960723638534546 2.1105690002441406 -0.4321073889732361 0.6694857478141785 0.6042119264602661 -1.22871994972229 0.8536258339881897 0.5197367072105408 0.03459339588880539 3.0938963890075684 0.0 0.0 0.0 1.0
-0.2769298851490021 0.5346328020095825 -0.7984219193458557 2.1164350509643555 -0.43223315477371216 0.6727973818778992 0.6004316806793213 -1.2212786674499512 0.858186662197113 0.5113819241523743 0.0447683222591877 3.083259105682373 0.0 0.0 0.0 1.0
-0.2704945504665375 0.5348160862922668 -0.8005026578903198 2.119335412979126 -0.4294404089450836 0.677161693572998 0.5975223779678345 -1.217665672302246 0.8616343140602112 0.505394697189331 0.046503085643053055 3.077308177947998 0.0 0.0 0.0 1.0
-0.26522448658943176 0.535589337348938 -0.8017480969429016 2.1226413249969482 -0.4262213408946991 0.6807448267936707 0.5957531929016113 -1.214037299156189 0.8648649454116821 0.4997304677963257 0.047729406505823135 3.0711441040039062 0.0 0.0 0.0 1.0
-0.25601881742477417 0.5372015833854675 -0.8036596179008484 2.1268773078918457 -0.42616066336631775 0.6834955215454102 0.5926389694213867 -1.2089202404022217 0.8676643371582031 0.49421486258506775 0.05394647270441055 3.0629630088806152 0.0 0.0 0.0 1.0
-0.24709559977054596 0.5361465811729431 -0.8071497082710266 2.1302905082702637 -0.4260201156139374 0.6880462169647217 0.5874515175819397 -1.2055526971817017 0.8703163862228394 0.48901867866516113 0.058396030217409134 3.0566558837890625 0.0 0.0 0.0 1.0
-0.24026590585708618 0.5361359715461731 -0.8092160224914551 2.134005069732666 -0.4267730712890625 0.6904022693634033 0.5841314196586609 -1.2021323442459106 0.8718583583831787 0.4856984615325928 0.06292826682329178 3.0502688884735107 0.0 0.0 0.0 1.0
-0.23049470782279968 0.5343212485313416 -0.8132484555244446 2.1391701698303223 -0.4262765645980835 0.6958457827568054 0.5780025720596313 -1.1977310180664062 0.8747345209121704 0.4798952639102936 0.06737984716892242 3.04136323928833 0.0 0.0 0.0 1.0
-0.22187793254852295 0.5351805686950684 -0.8150778412818909 2.1429080963134766 -0.42115476727485657 0.7013206481933594 0.5751329660415649 -1.1947283744812012 0.8794309496879578 0.47088325023651123 0.06978628784418106 3.0342869758605957 0.0 0.0 0.0 1.0
-0.20520086586475372 0.5454152822494507 -0.8126590847969055 2.1490018367767334 -0.41439592838287354 0.7038100957870483 0.5769985914230347 -1.1910426616668701 0.8866615295410156 0.45516324043273926 0.08159543573856354 3.0246567726135254 0.0 0.0 0.0 1.0
-0.1994020789861679 0.5450592041015625 -0.8143397569656372 2.153352975845337 -0.40791213512420654 0.7094346284866333 0.5747262239456177 -1.1880995035171509 0.8909806609153748 0.4467806816101074 0.0808735340833664 3.0171005725860596 0.0 0.0 0.0 1.0
-0.19235363602638245 0.5418511033058167 -0.8181671500205994 2.1577095985412598 -0.40774381160736084 0.7142292261123657 0.5688775181770325 -1.1856516599655151 0.8926057815551758 0.4430282413959503 0.08355183899402618 3.009612798690796 0.0 0.0 0.0 1.0
-0.1832781434059143 0.5394425392150879 -0.8218338489532471 2.1617543697357178 -0.4085172414779663 0.7186003923416138 0.5627851486206055 -1.1825865507125854 0.8941603899002075 0.43887951970100403 0.08866783231496811 3.0022335052490234 0.0 0.0 0.0 1.0
-0.17846369743347168 0.5389658212661743 -0.8232050538063049 2.1673614978790283 -0.40388724207878113 0.7227779030799866 0.5607737898826599 -1.1786555051803589 0.8972322940826416 0.4325597882270813 0.0886918157339096 2.9919302463531494 0.0 0.0 0.0 1.0
-0.17147256433963776 0.538997232913971 -0.8246691226959229 2.171522378921509 -0.3963453769683838 0.7285987734794617 0.5586181282997131 -1.1757444143295288 0.901946485042572 0.42264145612716675 0.08869437128305435 2.9840097427368164 0.0 0.0 0.0 1.0
-0.16416019201278687 0.542799711227417 -0.8236624598503113 2.1773202419281006 -0.3917725086212158 0.7304354310035706 0.5594447255134583 -1.1712764501571655 0.9052987098693848 0.41452687978744507 0.09274560213088989 2.9737794399261475 0.0 0.0 0.0 1.0
-0.1627967655658722 0.5403657555580139 -0.8255313634872437 2.1815640926361084 -0.38850322365760803 0.7339938879013062 0.5570620894432068 -1.167567491531372 0.9069523215293884 0.41140949726104736 0.0904420018196106 2.9660747051239014 0.0 0.0 0.0 1.0
-0.16200360655784607 0.5406437516212463 -0.8255053758621216 2.1855201721191406 -0.38296282291412354 0.7365419864654541 0.5575350522994995 -1.1644843816757202 0.9094472527503967 0.40646058320999146 0.0877240002155304 2.9582462310791016 0.0 0.0 0.0 1.0
-0.15773028135299683 0.5419380068778992 -0.8254843354225159 2.1890528202056885 -0.38114306330680847 0.737758994102478 0.5571728348731995 -1.1609892845153809 0.9109616279602051 0.4025106430053711 0.09018896520137787 2.951096773147583 0.0 0.0 0.0 1.0
-0.1561933010816574 0.5435546636581421 -0.8247132301330566 2.193732976913452 -0.3795144855976105 0.7378408908843994 0.5581752061843872 -1.1566144227981567 0.9119059443473816 0.4001738429069519 0.09104107320308685 2.9415957927703857 0.0 0.0 0.0 1.0
-0.15456990897655487 0.5433255434036255 -0.8251699805259705 2.197066307067871 -0.3765498101711273 0.7397699356079102 0.5576295256614685 -1.153442621231079 0.9134103059768677 0.39691033959388733 0.09024295210838318 2.9346065521240234 0.0 0.0 0.0 1.0
-0.1532355546951294 0.5496898889541626 -0.8211941719055176 2.200092077255249 -0.36988452076911926 0.7386936545372009 0.5634865760803223 -1.1500128507614136 0.9163538217544556 0.3900931775569916 0.09012764692306519 2.927755355834961 0.0 0.0 0.0 1.0
-0.14920157194137573 0.5510534644126892 -0.8210231065750122 2.2047746181488037 -0.37266042828559875 0.7377545237541199 0.5628875494003296 -1.147560954093933 0.9158946871757507 0.3899465501308441 0.095281682908535 2.919245719909668 0.0 0.0 0.0 1.0
-0.1471921056509018 0.549024224281311 -0.8227435350418091 2.2079086303710938 -0.3736249804496765 0.73931485414505 0.5601944923400879 -1.1458582878112793 0.9158268570899963 0.38985374569892883 0.09630785137414932 2.913038492202759 0.0 0.0 0.0 1.0
-0.14406490325927734 0.5487330555915833 -0.8234909772872925 2.2110342979431152 -0.37565797567367554 0.7395519614219666 0.5585194826126099 -1.1442625522613525 0.9154924154281616 0.38981398940086365 0.09959246218204498 2.9072296619415283 0.0 0.0 0.0 1.0
-0.13946188986301422 0.5477218627929688 -0.8249552249908447 2.214886426925659 -0.378237783908844 0.7404614686965942 0.5555654764175415 -1.141967535018921 0.9151428937911987 0.3895094394683838 0.10390293598175049 2.899991273880005 0.0 0.0 0.0 1.0
-0.13572531938552856 0.5446897745132446 -0.8275818228721619 2.2187368869781494 -0.3799208998680115 0.7428408861160278 0.5512236952781677 -1.140225887298584 0.9150075316429138 0.3892306685447693 0.10611671954393387 2.893131971359253 0.0 0.0 0.0 1.0
-0.12394588440656662 0.5434963703155518 -0.830210268497467 2.22605562210083 -0.3884027302265167 0.7433333396911621 0.5446088910102844 -1.1367079019546509 0.913115918636322 0.3899579644203186 0.11896238476037979 2.882629156112671 0.0 0.0 0.0 1.0
-0.11198104172945023 0.5443955063819885 -0.8313205242156982 2.2330217361450195 -0.38983944058418274 0.7454500198364258 0.5406750440597534 -1.1338832378387451 0.9140489101409912 0.3846268951892853 0.12875057756900787 2.8745951652526855 0.0 0.0 0.0 1.0
-0.10743537545204163 0.5421682596206665 -0.8333734273910522 2.236605167388916 -0.3907436430454254 0.7477477192878723 0.5368359088897705 -1.1321247816085815 0.9142084121704102 0.3833105266094208 0.13151423633098602 2.8703715801239014 0.0 0.0 0.0 1.0
-0.10272549092769623 0.5407765507698059 -0.8348701596260071 2.2405900955200195 -0.39256876707077026 0.749142050743103 0.5335503220558167 -1.1306326389312744 0.9139678478240967 0.3825531601905823 0.1353359818458557 2.8662362098693848 0.0 0.0 0.0 1.0
-0.09536685049533844 0.5397496223449707 -0.8364062905311584 2.2458910942077637 -0.3940125107765198 0.7511458992958069 0.5296545624732971 -1.1282674074172974 0.9141440391540527 0.38006606698036194 0.14103367924690247 2.861006736755371 0.0 0.0 0.0 1.0
-0.0901862382888794 0.5347409844398499 -0.8401895761489868 2.2500815391540527 -0.39546990394592285 0.7550363540649414 0.522994875907898 -1.1267627477645874 0.9140404462814331 0.3794366419315338 0.1433800756931305 2.8566529750823975 0.0 0.0 0.0 1.0
-0.08187627792358398 0.5308159589767456 -0.8435227870941162 2.2560856342315674 -0.39744701981544495 0.7587633728981018 0.51605623960495 -1.1246110200881958 0.9139650464057922 0.37750837206840515 0.14884650707244873 2.8514318466186523 0.0 0.0 0.0 1.0
-0.0745985358953476 0.5315893888473511 -0.843710720539093 2.2607650756835938 -0.3973177671432495 0.7601693272590637 0.5140829086303711 -1.12311851978302 0.9146440029144287 0.37357109785079956 0.15450239181518555 2.8475372791290283 0.0 0.0 0.0 1.0
-0.06622478365898132 0.5296840071678162 -0.8456057906150818 2.265547037124634 -0.3948357105255127 0.7643831372261047 0.5097285509109497 -1.1220325231552124 0.9163618683815002 0.36763203144073486 0.15851706266403198 2.843762159347534 0.0 0.0 0.0 1.0
-0.0562976598739624 0.5276591181755066 -0.8475885987281799 2.272062301635742 -0.3951108455657959 0.767856240272522 0.504266083240509 -1.1201748847961426 0.9169067740440369 0.36328044533729553 0.1652553230524063 2.8382720947265625 0.0 0.0 0.0 1.0
-0.049391064792871475 0.5240432620048523 -0.8502582907676697 2.2766520977020264 -0.39787983894348145 0.7705089449882507 0.49800363183021545 -1.1188489198684692 0.9161070585250854 0.3628975749015808 0.17044998705387115 2.834054708480835 0.0 0.0 0.0 1.0
-0.03927382826805115 0.5259672999382019 -0.8495975136756897 2.282052516937256 -0.3911067247390747 0.7743262052536011 0.4974479377269745 -1.1166669130325317 0.9195069670677185 0.3518199920654297 0.17529860138893127 2.8289542198181152 0.0 0.0 0.0 1.0
-0.03209269791841507 0.5264721512794495 -0.8495864272117615 2.2885818481445312 -0.38908305764198303 0.7763919234275818 0.49581238627433777 -1.1141877174377441 0.9206435084342957 0.3464716374874115 0.1799248903989792 2.8225512504577637 0.0 0.0 0.0 1.0
-0.02312241680920124 0.5230906009674072 -0.8519634008407593 2.2938709259033203 -0.39111894369125366 0.7795347571372986 0.48923569917678833 -1.1117058992385864 0.9200496077537537 0.3445313274860382 0.18656590580940247 2.8177297115325928 0.0 0.0 0.0 1.0
-0.02053862065076828 0.5213062167167664 -0.8531224727630615 2.2993626594543457 -0.3964874744415283 0.7790881395339966 0.4856123626232147 -1.1096292734146118 0.9178103804588318 0.3482261896133423 0.19068999588489532 2.8130297660827637 0.0 0.0 0.0 1.0
-0.010863245464861393 0.5207996964454651 -0.8536098003387451 2.3067853450775146 -0.39275550842285156 0.7828317880630493 0.48261532187461853 -1.1056805849075317 0.9195787906646729 0.34050270915031433 0.19604286551475525 2.8060855865478516 0.0 0.0 0.0 1.0
-0.009604266844689846 0.5206333994865417 -0.853726327419281 2.3124778270721436 -0.3937411904335022 0.7828239798545837 0.4818241000175476 -1.1029114723205566 0.919171154499054 0.340774804353714 0.1974763721227646 2.8009729385375977 0.0 0.0 0.0 1.0
-0.005661903880536556 0.5189542174339294 -0.854783296585083 2.3196029663085938 -0.3944540023803711 0.7843250036239624 0.4787904918193817 -1.0990545749664307 0.9188982248306274 0.3398835361003876 0.20026278495788574 2.7939727306365967 0.0 0.0 0.0 1.0
-0.002451419597491622 0.5211353302001953 -0.853470504283905 2.325082302093506 -0.3959871232509613 0.7832005023956299 0.47936537861824036 -1.0957152843475342 0.9182527661323547 0.3391384482383728 0.20444293320178986 2.7890586853027344 0.0 0.0 0.0 1.0
-0.0011823547538369894 0.5194644331932068 -0.8544912934303284 2.3303656578063965 -0.3955554664134979 0.7845582365989685 0.4774978756904602 -1.0924177169799805 0.9184413552284241 0.3385632634162903 0.20454935729503632 2.784003734588623 0.0 0.0 0.0 1.0
0.00013632469926960766 0.5187235474586487 -0.8549420237541199 2.3353474140167236 -0.39121079444885254 0.7868317365646362 0.4773362874984741 -1.0891730785369873 0.920301079750061 0.33439746499061584 0.20303751528263092 2.7790286540985107 0.0 0.0 0.0 1.0
0.006178530398756266 0.5193591117858887 -0.8545337915420532 2.3419346809387207 -0.39373835921287537 0.786782443523407 0.47533509135246277 -1.0848859548568726 0.9192017912864685 0.3335258662700653 0.2093527615070343 2.773287534713745 0.0 0.0 0.0 1.0
0.007384092081338167 0.5183743238449097 -0.8551219701766968 2.346903085708618 -0.3965064585208893 0.7865644693374634 0.4733909070491791 -1.0823986530303955 0.9180022478103638 0.33556580543518066 0.2113468199968338 2.7692642211914062 0.0 0.0 0.0 1.0
0.010599694214761257 0.5166478753089905 -0.8561323285102844 2.3514723777770996 -0.395757794380188 0.7884368896484375 0.47089603543281555 -1.0797325372695923 0.9182937741279602 0.33382970094680786 0.21282461285591125 2.7651045322418213 0.0 0.0 0.0 1.0
0.016844021156430244 0.5195372700691223 -0.8542817831039429 2.357461452484131 -0.398393839597702 0.7871371507644653 0.47084760665893555 -1.0762308835983276 0.9170597791671753 0.3324096202850342 0.22023899853229523 2.7597174644470215 0.0 0.0 0.0 1.0
0.02085655741393566 0.5138435959815979 -0.8576303124427795 2.362041711807251 -0.3975997865200043 0.7913283705711365 0.46445003151893616 -1.0740503072738647 0.9173218607902527 0.3313067853450775 0.2208084762096405 2.7554025650024414 0.0 0.0 0.0 1.0
0.024345267564058304 0.5127827525138855 -0.858173131942749 2.366614818572998 -0.39745283126831055 0.7926334142684937 0.462345689535141 -1.0719280242919922 0.9172996282577515 0.3298274278640747 0.2231038361787796 2.7513985633850098 0.0 0.0 0.0 1.0
0.027556754648685455 0.5115268230438232 -0.8588253259658813 2.3727200031280518 -0.3989429771900177 0.7933923006057739 0.4597533643245697 -1.0689008235931396 0.9165615439414978 0.32995304465293884 0.22593334317207336 2.745635747909546 0.0 0.0 0.0 1.0
0.029533054679632187 0.5097178816795349 -0.8598345518112183 2.3772048950195312 -0.39776596426963806 0.7951594591140747 0.4577156901359558 -1.0665761232376099 0.9170114398002625 0.32849517464637756 0.22623193264007568 2.741055965423584 0.0 0.0 0.0 1.0
0.03514064475893974 0.507563591003418 -0.860897421836853 2.3829264640808105 -0.39606064558029175 0.7979674339294434 0.45429497957229614 -1.06371009349823 0.9175516963005066 0.32500338554382324 0.22906705737113953 2.734739303588867 0.0 0.0 0.0 1.0
0.03487671539187431 0.5064958333969116 -0.8615367412567139 2.3873326778411865 -0.3967475891113281 0.7982369065284729 0.4532208740711212 -1.0615324974060059 0.9172649383544922 0.3260057866573334 0.22879089415073395 2.7293903827667236 0.0 0.0 0.0 1.0
0.03399142995476723 0.5027627348899841 -0.8637558817863464 2.3915584087371826 -0.39536669850349426 0.8005180954933167 0.45039528608322144 -1.0597366094589233 0.917894184589386 0.3261907398700714 0.22598639130592346 2.723482847213745 0.0 0.0 0.0 1.0
0.03493564575910568 0.4962553381919861 -0.8674734234809875 2.397028684616089 -0.39339932799339294 0.8047536015510559 0.4445318877696991 -1.0574772357940674 0.9187036752700806 0.3257334530353546 0.22334109246730804 2.715566396713257 0.0 0.0 0.0 1.0
0.03638225048780441 0.4928983449935913 -0.8693259358406067 2.400761842727661 -0.3963262140750885 0.8056833744049072 0.44022703170776367 -1.0556302070617676 0.9173886179924011 0.32852017879486084 0.22466111183166504 2.7093355655670166 0.0 0.0 0.0 1.0
0.035498179495334625 0.48976969718933105 -0.8711288571357727 2.404503345489502 -0.39770373702049255 0.8066052794456482 0.4372866749763489 -1.0536763668060303 0.9168269038200378 0.33092832565307617 0.2234162539243698 2.7027065753936768 0.0 0.0 0.0 1.0
0.0384000688791275 0.4882657527923584 -0.871849775314331 2.409278392791748 -0.3938485085964203 0.809260904788971 0.4358670711517334 -1.0504556894302368 0.9183728694915771 0.32663941383361816 0.22337841987609863 2.6940536499023438 0.0 0.0 0.0 1.0
0.03763750195503235 0.48893773555755615 -0.8715063333511353 2.412611961364746 -0.3949286937713623 0.8084037899971008 0.4364798665046692 -1.0476044416427612 0.9179404973983765 0.3277548551559448 0.22352184355258942 2.6872293949127197 0.0 0.0 0.0 1.0
0.03761652112007141 0.4890131652355194 -0.8714649081230164 2.4160470962524414 -0.39615944027900696 0.8079219460487366 0.4362565875053406 -1.0447031259536743 0.9174108505249023 0.3288286030292511 0.22411838173866272 2.6803205013275146 0.0 0.0 0.0 1.0
0.03574692830443382 0.48606422543525696 -0.8731917142868042 2.4198238849639893 -0.3947681486606598 0.8095579743385315 0.43448126316070557 -1.0406227111816406 0.9180850982666016 0.3291768729686737 0.22082188725471497 2.671097993850708 0.0 0.0 0.0 1.0
0.038075245916843414 0.48772966861724854 -0.8721640110015869 2.4223415851593018 -0.39339518547058105 0.8096323013305664 0.43558675050735474 -1.037306785583496 0.9185807108879089 0.32652002573013306 0.222697451710701 2.6646323204040527 0.0 0.0 0.0 1.0
0.038946181535720825 0.48769280314445496 -0.8721461892127991 2.424459218978882 -0.39092206954956055 0.8106798529624939 0.43586477637290955 -1.03399658203125 0.9195994138717651 0.3239659368991852 0.22222277522087097 2.658156394958496 0.0 0.0 0.0 1.0
0.04153471440076828 0.48790183663368225 -0.8719097971916199 2.4265003204345703 -0.3905247151851654 0.8111695051193237 0.43530964851379395 -1.028949499130249 0.9196549654006958 0.3224218785762787 0.22422942519187927 2.6497836112976074 0.0 0.0 0.0 1.0
0.04379020631313324 0.489471971988678 -0.8709188103675842 2.427703619003296 -0.39435017108917236 0.8094353079795837 0.43508899211883545 -1.025127649307251 0.9179162979125977 0.3243943452835083 0.22846868634223938 2.64357590675354 0.0 0.0 0.0 1.0
0.04768827185034752 0.48872923851013184 -0.871131181716919 2.4286606311798096 -0.3926827311515808 0.8110755681991577 0.4335397481918335 -1.0207566022872925 0.9184367656707764 0.3214034140110016 0.23059432208538055 2.634923219680786 0.0 0.0 0.0 1.0
0.051496732980012894 0.4869578182697296 -0.871906042098999 2.4289801120758057 -0.39220476150512695 0.81277996301651 0.43077152967453003 -1.0176079273223877 0.9184353351593018 0.31978240609169006 0.23284269869327545 2.6284408569335938 0.0 0.0 0.0 1.0
0.05572707951068878 0.48330745100975037 -0.8736752271652222 2.429090738296509 -0.39346978068351746 0.8148534297943115 0.4256705641746521 -1.0142483711242676 0.9176470041275024 0.3200434148311615 0.23557627201080322 2.6221861839294434 0.0 0.0 0.0 1.0
0.06389019638299942 0.48138660192489624 -0.8741767406463623 2.4295454025268555 -0.3946687579154968 0.8167422413825989 0.42091408371925354 -1.0103020668029785 0.9165995121002197 0.31811797618865967 0.2421700805425644 2.613860845565796 0.0 0.0 0.0 1.0
0.06813355535268784 0.47703036665916443 -0.87624192237854 2.429455041885376 -0.3914116322994232 0.8206495046615601 0.4163307845592499 -1.0073143243789673 0.9176899194717407 0.314605176448822 0.24262899160385132 2.607853651046753 0.0 0.0 0.0 1.0
0.07332810759544373 0.47926488518714905 -0.8746017217636108 2.4294636249542236 -0.3874724805355072 0.8217600584030151 0.41782233119010925 -1.0041892528533936 0.9189603328704834 0.308245986700058 0.24596007168293 2.6018102169036865 0.0 0.0 0.0 1.0
0.08208800852298737 0.48125845193862915 -0.8727266788482666 2.430205821990967 -0.3820284605026245 0.8239874243736267 0.41844823956489563 -0.9998016357421875 0.9204975962638855 0.29905685782432556 0.2514939308166504 2.5937352180480957 0.0 0.0 0.0 1.0
0.08752988278865814 0.4779782295227051 -0.8739995956420898 2.430817127227783 -0.3817217946052551 0.8264898061752319 0.41376686096191406 -0.9965709447860718 0.9201233386993408 0.29740774631500244 0.2547972798347473 2.5875320434570312 0.0 0.0 0.0 1.0
0.09127301722764969 0.47818973660469055 -0.8735008835792542 2.4308218955993652 -0.3834780752658844 0.8263941407203674 0.41233155131340027 -0.993727445602417 0.9190287590026855 0.297333687543869 0.25880274176597595 2.58178973197937 0.0 0.0 0.0 1.0
0.09961804747581482 0.478768914937973 -0.872270941734314 2.4317679405212402 -0.3822164237499237 0.8277886509895325 0.4107024669647217 -0.9898808598518372 0.9186875820159912 0.2924829125404358 0.26545605063438416 2.5738751888275146 0.0 0.0 0.0 1.0
0.10517708957195282 0.4793093502521515 -0.8713210225105286 2.4321794509887695 -0.3806266486644745 0.8288643956184387 0.4100087583065033 -0.9866529703140259 0.9187279939651489 0.28852447867393494 0.2696154713630676 2.567667007446289 0.0 0.0 0.0 1.0
0.1092003807425499 0.48287874460220337 -0.8688517808914185 2.432713747024536 -0.38420259952545166 0.8266523480415344 0.41113775968551636 -0.9821904897689819 0.9167680144309998 0.28891873359680176 0.27579402923583984 2.559858560562134 0.0 0.0 0.0 1.0
0.11129260808229446 0.4807099997997284 -0.869788408279419 2.43291974067688 -0.38485831022262573 0.8277786374092102 0.40824824571609497 -0.9789751172065735 0.9162412285804749 0.2893102765083313 0.2771309018135071 2.5538687705993652 0.0 0.0 0.0 1.0
0.11589042097330093 0.4780917465686798 -0.8706306219100952 2.4332292079925537 -0.38213127851486206 0.8305320143699646 0.40520647168159485 -0.9759817719459534 0.9168124794960022 0.2857356369495392 0.2789445221424103 2.5478715896606445 0.0 0.0 0.0 1.0
0.11875071376562119 0.47990813851356506 -0.8692447543144226 2.433826208114624 -0.3815138638019562 0.8302905559539795 0.40628162026405334 -0.972867488861084 0.9167035818099976 0.28338268399238586 0.28168919682502747 2.542289972305298 0.0 0.0 0.0 1.0
0.12284963577985764 0.4799776077270508 -0.8686365485191345 2.434561014175415 -0.3817873001098633 0.8307639956474304 0.40505513548851013 -0.9687226414680481 0.9160493612289429 0.28187352418899536 0.2853084206581116 2.5346519947052 0.0 0.0 0.0 1.0
0.12457650899887085 0.478573739528656 -0.8691650629043579 2.4347636699676514 -0.3798336684703827 0.8322625756263733 0.40381360054016113 -0.9661093950271606 0.9166281223297119 0.2798324525356293 0.2854587733745575 2.529128313064575 0.0 0.0 0.0 1.0
0.1298293173313141 0.4784391522407532 -0.8684701323509216 2.435262680053711 -0.377249151468277 0.8338459134101868 0.40296903252601624 -0.9637734889984131 0.916966438293457 0.2753124237060547 0.2887484133243561 2.523913621902466 0.0 0.0 0.0 1.0
0.13756923377513885 0.4788396954536438 -0.867056667804718 2.4352967739105225 -0.37427058815956116 0.8356103897094727 0.40209054946899414 -0.9608330130577087 0.9170584678649902 0.26919853687286377 0.29416990280151367 2.5169670581817627 0.0 0.0 0.0 1.0
0.1385239213705063 0.47662022709846497 -0.8681268692016602 2.4354095458984375 -0.37144818902015686 0.837590754032135 0.40058454871177673 -0.9588912725448608 0.9180617332458496 0.266973614692688 0.2930660843849182 2.5114121437072754 0.0 0.0 0.0 1.0
0.1446060836315155 0.4796399772167206 -0.8654678463935852 2.4366588592529297 -0.371757447719574 0.8369177579879761 0.40170276165008545 -0.9565942287445068 0.9169980883598328 0.263655424118042 0.2993331253528595 2.504244089126587 0.0 0.0 0.0 1.0
0.14772765338420868 0.4784962832927704 -0.8655737042427063 2.436769723892212 -0.36955854296684265 0.8384897708892822 0.4004514515399933 -0.9548856019973755 0.9173892140388489 0.26072239875793457 0.3007005453109741 2.4989027976989746 0.0 0.0 0.0 1.0
0.14855119585990906 0.4767337739467621 -0.8664048910140991 2.437389373779297 -0.36624500155448914 0.8403475284576416 0.3996005952358246 -0.9533835053443909 0.9185842871665955 0.25795531272888184 0.2994360029697418 2.4933414459228516 0.0 0.0 0.0 1.0
0.15124498307704926 0.4766426384449005 -0.8659889101982117 2.439037561416626 -0.3674747943878174 0.8403925895690918 0.39837488532066345 -0.9509448409080505 0.9176531434059143 0.2579768896102905 0.30225932598114014 2.486144542694092 0.0 0.0 0.0 1.0
0.15812671184539795 0.4742756485939026 -0.8660591840744019 2.439629316329956 -0.36551734805107117 0.8429024815559387 0.39485758543014526 -0.9486657381057739 0.9172747731208801 0.25412213802337646 0.3066413700580597 2.4812428951263428 0.0 0.0 0.0 1.0
0.15965144336223602 0.4732430577278137 -0.8663442730903625 2.440422296524048 -0.36626341938972473 0.8433576226234436 0.393190860748291 -0.9473452568054199 0.9167128801345825 0.2545367479324341 0.3079748749732971 2.476841926574707 0.0 0.0 0.0 1.0
0.16644279658794403 0.4743165671825409 -0.8644770383834839 2.4424452781677246 -0.36129701137542725 0.8450708389282227 0.39410626888275146 -0.9445317387580872 0.9174754619598389 0.24673683941364288 0.31202512979507446 2.4704318046569824 0.0 0.0 0.0 1.0
0.17573444545269012 0.4724571108818054 -0.8636559844017029 2.444335460662842 -0.36058974266052246 0.8472294211387634 0.3900991976261139 -0.9431082010269165 0.916019856929779 0.24287164211273193 0.31925058364868164 2.466107130050659 0.0 0.0 0.0 1.0
0.18516044318675995 0.46801018714904785 -0.8641076683998108 2.446012496948242 -0.36331185698509216 0.8496137857437134 0.3823099136352539 -0.941434919834137 0.9130827784538269 0.24315188825130463 0.327348530292511 2.462146520614624 0.0 0.0 0.0 1.0
0.1943131536245346 0.46105721592903137 -0.8658340573310852 2.4485366344451904 -0.36604997515678406 0.8529810309410095 0.37206289172172546 -0.9404011964797974 0.9100822806358337 0.24464184045791626 0.33451542258262634 2.4567012786865234 0.0 0.0 0.0 1.0
0.20532837510108948 0.45348137617111206 -0.8672916889190674 2.450225353240967 -0.367095023393631 0.8571591377258301 0.3612748384475708 -0.9398545026779175 0.9072383642196655 0.2441984862089157 0.34246984124183655 2.452915906906128 0.0 0.0 0.0 1.0
0.21839521825313568 0.4493393301963806 -0.866254985332489 2.4525041580200195 -0.36677679419517517 0.8603947758674622 0.35382992029190063 -0.9392701387405396 0.904310941696167 0.24044746160507202 0.35271334648132324 2.449504852294922 0.0 0.0 0.0 1.0
0.22789067029953003 0.44684600830078125 -0.8650979399681091 2.4555208683013916 -0.36215224862098694 0.8636336922645569 0.35068875551223755 -0.9387925267219543 0.9038316011428833 0.23337846994400024 0.3586403429508209 2.444674491882324 0.0 0.0 0.0 1.0
0.2358447164297104 0.4393065571784973 -0.8668258190155029 2.4578096866607666 -0.35593971610069275 0.8690522909164429 0.3435913622379303 -0.9385577440261841 0.9042589068412781 0.22750352323055267 0.36132803559303284 2.4410696029663086 0.0 0.0 0.0 1.0
0.25149232149124146 0.4329177439212799 -0.8656406998634338 2.4603865146636963 -0.3548632860183716 0.8733463287353516 0.3336739242076874 -0.9382022023200989 0.900457501411438 0.22326765954494476 0.3732665181159973 2.437879800796509 0.0 0.0 0.0 1.0
0.2631976902484894 0.42631101608276367 -0.8654397130012512 2.4644885063171387 -0.35787615180015564 0.8762072920799255 0.3227776885032654 -0.9369999766349792 0.8959082961082458 0.22476589679718018 0.3831822872161865 2.433242082595825 0.0 0.0 0.0 1.0
0.26931992173194885 0.4243633449077606 -0.8645129203796387 2.467982530593872 -0.35336676239967346 0.8786134719848633 0.32120126485824585 -0.9362335205078125 0.8958787322044373 0.2189842164516449 0.38658401370048523 2.429152488708496 0.0 0.0 0.0 1.0
0.28327134251594543 0.4216005206108093 -0.8614002466201782 2.4729018211364746 -0.34651046991348267 0.8825069665908813 0.3179810345172882 -0.9346218705177307 0.8942526578903198 0.20840929448604584 0.3960779309272766 2.423612594604492 0.0 0.0 0.0 1.0
0.28959935903549194 0.41863539814949036 -0.860741913318634 2.4765968322753906 -0.3458099067211151 0.8842968344688416 0.31374287605285645 -0.9334836006164551 0.8924952149391174 0.20679333806037903 0.400860071182251 2.4192752838134766 0.0 0.0 0.0 1.0
0.2983538806438446 0.41145575046539307 -0.861213743686676 2.481228828430176 -0.34295907616615295 0.8882616758346558 0.3055655062198639 -0.9318082928657532 0.8907098174095154 0.20419442653656006 0.40612882375717163 2.413193702697754 0.0 0.0 0.0 1.0
0.30597826838493347 0.408057302236557 -0.8601549863815308 2.4848337173461914 -0.33799904584884644 0.8911914825439453 0.3025464415550232 -0.9301956295967102 0.8900190591812134 0.19815891981124878 0.4106082022190094 2.408203125 0.0 0.0 0.0 1.0
0.30986616015434265 0.4066152274608612 -0.8594457507133484 2.489776134490967 -0.3336161971092224 0.8929622769355774 0.30218973755836487 -0.9273507595062256 0.8903275728225708 0.1930866688489914 0.41235220432281494 2.4010603427886963 0.0 0.0 0.0 1.0
0.31598472595214844 0.4030933678150177 -0.8588768243789673 2.4934844970703125 -0.3311285376548767 0.8951892852783203 0.2983120083808899 -0.9246295690536499 0.8891049027442932 0.19013658165931702 0.4163418710231781 2.3953146934509277 0.0 0.0 0.0 1.0
0.3194628059864044 0.4045254588127136 -0.8569146394729614 2.4975926876068115 -0.3306741416454315 0.89504474401474 0.2992483377456665 -0.9213977456092834 0.888030469417572 0.18776078522205353 0.41969960927963257 2.3892874717712402 0.0 0.0 0.0 1.0
0.321571409702301 0.4017027020454407 -0.8574536442756653 2.5027542114257812 -0.33096733689308167 0.8961173295974731 0.2956930994987488 -0.9167729616165161 0.8871597647666931 0.18870270252227783 0.4211161732673645 2.3803913593292236 0.0 0.0 0.0 1.0
0.32248252630233765 0.40164899826049805 -0.8571365475654602 2.506572723388672 -0.3328796923160553 0.8957940340042114 0.29452353715896606 -0.9125646352767944 0.8861129283905029 0.1903446465730667 0.42257872223854065 2.3734142780303955 0.0 0.0 0.0 1.0
0.3240472078323364 0.40145933628082275 -0.8566351532936096 2.51037859916687 -0.33445098996162415 0.8956360220909119 0.2932211458683014 -0.9079192280769348 0.8849496841430664 0.1914849728345871 0.4244968295097351 2.3666796684265137 0.0 0.0 0.0 1.0
0.32401520013809204 0.402765691280365 -0.8560338616371155 2.5155253410339355 -0.3335641026496887 0.8953760862350464 0.2950197756290436 -0.9014395475387573 0.885296106338501 0.18995127081871033 0.4244636297225952 2.3573265075683594 0.0 0.0 0.0 1.0
0.32646340131759644 0.40883898735046387 -0.8522161245346069 2.523317813873291 -0.33368736505508423 0.8934131264686584 0.3007751405239105 -0.8909415602684021 0.8843497037887573 0.1861816644668579 0.4280911087989807 2.343958854675293 0.0 0.0 0.0 1.0
0.32882025837898254 0.41083595156669617 -0.850347638130188 2.532029628753662 -0.33385804295539856 0.892845094203949 0.3022688329219818 -0.8789742588996887 0.8834115862846375 0.18450327217578888 0.4307464361190796 2.3290209770202637 0.0 0.0 0.0 1.0
0.3295825123786926 0.41353821754455566 -0.8487411141395569 2.5357117652893066 -0.3331992030143738 0.8920721411705017 0.30526304244995117 -0.8735920786857605 0.8833763003349304 0.18219052255153656 0.43180200457572937 2.322807788848877 0.0 0.0 0.0 1.0
0.3325982689857483 0.41645920276641846 -0.8461324572563171 2.538984775543213 -0.33194395899772644 0.8914938569068909 0.30830496549606323 -0.8681864142417908 0.8827183246612549 0.17832684516906738 0.43475040793418884 2.316943883895874 0.0 0.0 0.0 1.0
0.3319501578807831 0.4157872200012207 -0.8467172384262085 2.5430805683135986 -0.33268460631370544 0.8915402293205261 0.30737099051475525 -0.8615361452102661 0.8826834559440613 0.1796579509973526 0.4342729151248932 2.309497356414795 0.0 0.0 0.0 1.0
0.3321183919906616 0.4176158308982849 -0.8457508087158203 2.545938491821289 -0.3340344727039337 0.8906121253967285 0.30859529972076416 -0.8566216826438904 0.8821101784706116 0.18001973628997803 0.4352867305278778 2.304497480392456 0.0 0.0 0.0 1.0
0.33601951599121094 0.41796037554740906 -0.8440378904342651 2.5483973026275635 -0.3329108655452728 0.8910027146339417 0.3086819648742676 -0.8523537516593933 0.8810569047927856 0.17726624011993408 0.4385378360748291 2.2998178005218506 0.0 0.0 0.0 1.0
0.3383483290672302 0.41966673731803894 -0.8422589898109436 2.5510683059692383 -0.33379194140434265 0.8903716206550598 0.3095501661300659 -0.8471896648406982 0.8798314332962036 0.1764034777879715 0.44133713841438293 2.29415225982666 0.0 0.0 0.0 1.0
0.3414440453052521 0.42055314779281616 -0.8405658602714539 2.5524165630340576 -0.33498483896255493 0.8900347352027893 0.30923017859458923 -0.8434617519378662 0.8781805634498596 0.17599202692508698 0.4447759985923767 2.2901830673217773 0.0 0.0 0.0 1.0
0.3462311327457428 0.4213598072528839 -0.8382003903388977 2.5536680221557617 -0.33632132411003113 0.8898230195045471 0.30838772654533386 -0.839958667755127 0.8757922053337097 0.17513124644756317 0.4497967064380646 2.2862014770507812 0.0 0.0 0.0 1.0
0.34997591376304626 0.42208167910575867 -0.8362798094749451 2.5548315048217773 -0.33524757623672485 0.8900439143180847 0.30891892313957214 -0.8352431058883667 0.874714732170105 0.17224659025669098 0.45299580693244934 2.2810616493225098 0.0 0.0 0.0 1.0
0.3524472117424011 0.42531514167785645 -0.8335993885993958 2.555582284927368 -0.33433350920677185 0.889198362827301 0.3123258054256439 -0.8316110968589783 0.8740721344947815 0.16862185299396515 0.4555925726890564 2.2770285606384277 0.0 0.0 0.0 1.0
0.3545006811618805 0.42421215772628784 -0.8332906365394592 2.5564451217651367 -0.3358924090862274 0.8894564509391785 0.3099088668823242 -0.8280943036079407 0.8726428747177124 0.17003309726715088 0.45780256390571594 2.272590398788452 0.0 0.0 0.0 1.0
0.35831472277641296 0.42480307817459106 -0.8313560485839844 2.55690336227417 -0.3370925784111023 0.8892791867256165 0.30911341309547424 -0.8225729465484619 0.8706200122833252 0.16948407888412476 0.46183979511260986 2.2671992778778076 0.0 0.0 0.0 1.0
0.3576467037200928 0.43066728115081787 -0.828622043132782 2.557868480682373 -0.33664602041244507 0.8871092796325684 0.3157635033130646 -0.8186371326446533 0.8710673451423645 0.16602054238319397 0.462254136800766 2.262423515319824 0.0 0.0 0.0 1.0
0.35900750756263733 0.42938902974128723 -0.8286969661712646 2.5585408210754395 -0.3362782597541809 0.8877638578414917 0.31431230902671814 -0.8151522874832153 0.870649516582489 0.1658322811126709 0.463108092546463 2.2576210498809814 0.0 0.0 0.0 1.0
0.36453720927238464 0.43041759729385376 -0.825744092464447 2.5588369369506836 -0.3377346396446228 0.8874955773353577 0.3135073781013489 -0.8102554678916931 0.8677833676338196 0.1645972579717636 0.46889209747314453 2.2510793209075928 0.0 0.0 0.0 1.0
0.3641264736652374 0.4304996430873871 -0.8258825540542603 2.5586206912994385 -0.3400786221027374 0.8869865536689758 0.31241217255592346 -0.8067640662193298 0.8670400381088257 0.1671074628829956 0.4693790078163147 2.245807409286499 0.0 0.0 0.0 1.0
0.36456814408302307 0.4267708957195282 -0.8276211023330688 2.558425188064575 -0.33622273802757263 0.8891610503196716 0.31039801239967346 -0.8041079640388489 0.868357241153717 0.16510380804538727 0.4676498770713806 2.2401862144470215 0.0 0.0 0.0 1.0
0.36878466606140137 0.42319539189338684 -0.8275889754295349 2.5577611923217773 -0.3333040475845337 0.8913430571556091 0.30727189779281616 -0.800623893737793 0.8677017092704773 0.1625216156244278 0.46976637840270996 2.2328431606292725 0.0 0.0 0.0 1.0
0.3759106695652008 0.41701412200927734 -0.8275206089019775 2.5559568405151367 -0.3232825696468353 0.8959283828735352 0.30463218688964844 -0.7918877005577087 0.8684351444244385 0.15300852060317993 0.4716024100780487 2.212266683578491 0.0 0.0 0.0 1.0
0.3801519274711609 0.4069061577320099 -0.8306093811988831 2.553950071334839 -0.3145757019519806 0.9013750553131104 0.2975989878177643 -0.7852597832679749 0.8697854280471802 0.14815668761730194 0.4706622362136841 2.1969223022460938 0.0 0.0 0.0 1.0
0.38428056240081787 0.4067007899284363 -0.8288081288337708 2.552978038787842 -0.30941683053970337 0.9025548100471497 0.29942619800567627 -0.7822072505950928 0.8698216080665588 0.14138352870941162 0.47267431020736694 2.1901350021362305 0.0 0.0 0.0 1.0
0.38920238614082336 0.40143418312072754 -0.8290790319442749 2.5520029067993164 -0.30259954929351807 0.9058142900466919 0.2965366840362549 -0.7792518138885498 0.8700315952301025 0.13546615839004517 0.4740189015865326 2.1835224628448486 0.0 0.0 0.0 1.0
0.3922038972377777 0.3952104151248932 -0.8306532502174377 2.5504655838012695 -0.2992079555988312 0.9087085723876953 0.2910727858543396 -0.7752756476402283 0.8698567152023315 0.13437816500663757 0.4746491312980652 2.1748359203338623 0.0 0.0 0.0 1.0
0.39892256259918213 0.39401447772979736 -0.8280177116394043 2.54927921295166 -0.2963305413722992 0.9099224805831909 0.2902228832244873 -0.7720219492912292 0.8677839636802673 0.1295904815196991 0.47974714636802673 2.1684999465942383 0.0 0.0 0.0 1.0
0.40708616375923157 0.39122313261032104 -0.8253637552261353 2.546921730041504 -0.28766682744026184 0.9125563502311707 0.29066938161849976 -0.7675423622131348 0.86690753698349 0.11910227686166763 0.48403099179267883 2.1603074073791504 0.0 0.0 0.0 1.0
0.4134148955345154 0.38789185881614685 -0.8237888216972351 2.545231580734253 -0.28174397349357605 0.9148170351982117 0.2893616557121277 -0.7642568945884705 0.8658570647239685 0.11247110366821289 0.4874851703643799 2.154094696044922 0.0 0.0 0.0 1.0
0.422625869512558 0.38978174328804016 -0.818203866481781 2.5437307357788086 -0.2787257730960846 0.9149369597434998 0.29189425706863403 -0.7608034610748291 0.8623800277709961 0.10469243675470352 0.4953182637691498 2.148207187652588 0.0 0.0 0.0 1.0
0.42720848321914673 0.3807808458805084 -0.8200603127479553 2.5410730838775635 -0.2753693759441376 0.9186998605728149 0.28312939405441284 -0.7565126419067383 0.8611994981765747 0.1048642247915268 0.49733173847198486 2.1401333808898926 0.0 0.0 0.0 1.0
0.4397844970226288 0.3859104514122009 -0.810964047908783 2.538294792175293 -0.2732803225517273 0.9176576137542725 0.2884828448295593 -0.7505255937576294 0.8555158972740173 0.09475025534629822 0.5090333223342896 2.1279661655426025 0.0 0.0 0.0 1.0
0.4460539221763611 0.3817794620990753 -0.809493899345398 2.5361621379852295 -0.2688290476799011 0.9198432564735413 0.28569087386131287 -0.7477427124977112 0.8536784052848816 0.09018193930387497 0.5129331350326538 2.1197502613067627 0.0 0.0 0.0 1.0
0.44879189133644104 0.376737117767334 -0.8103424906730652 2.534391164779663 -0.26363229751586914 0.9222507476806641 0.282757043838501 -0.745342493057251 0.8538640737533569 0.0867333859205246 0.5132187604904175 2.1132733821868896 0.0 0.0 0.0 1.0
0.45112913846969604 0.3739113509654999 -0.8103535175323486 2.5330114364624023 -0.2610461115837097 0.9235749840736389 0.2808276414871216 -0.7430433630943298 0.8534268736839294 0.08485008776187897 0.5142596960067749 2.1072044372558594 0.0 0.0 0.0 1.0
0.45340409874916077 0.37067219614982605 -0.8105719089508057 2.531642436981201 -0.2570270299911499 0.925163209438324 0.2793029844760895 -0.7404043674468994 0.8534411787986755 0.08170177042484283 0.5147455930709839 2.1005237102508545 0.0 0.0 0.0 1.0
0.45413079857826233 0.3644104599952698 -0.8130007386207581 2.5293006896972656 -0.24634063243865967 0.9283092617988586 0.27849265933036804 -0.7365851998329163 0.8562017679214478 0.07380302250385284 0.5113429427146912 2.0920791625976562 0.0 0.0 0.0 1.0
0.45715826749801636 0.36928391456604004 -0.8090956211090088 2.528108835220337 -0.24049732089042664 0.9271616339683533 0.28728437423706055 -0.7333412170410156 0.8562518954277039 0.06325089931488037 0.5126714110374451 2.0859663486480713 0.0 0.0 0.0 1.0
0.4601697325706482 0.36771148443222046 -0.8081039786338806 2.5258562564849854 -0.23663583397865295 0.928072452545166 0.2875499427318573 -0.7295399904251099 0.8557144999504089 0.05890458822250366 0.5140845775604248 2.0779709815979004 0.0 0.0 0.0 1.0
0.46265697479248047 0.3642224073410034 -0.808263897895813 2.5237538814544678 -0.23527655005455017 0.9294605255126953 0.28416213393211365 -0.7266486287117004 0.8547475934028625 0.0586959570646286 0.5157144069671631 2.0724475383758545 0.0 0.0 0.0 1.0
0.4656883478164673 0.36866965889930725 -0.804498016834259 2.5215559005737305 -0.23904891312122345 0.927700400352478 0.2867535948753357 -0.7237975001335144 0.8520504832267761 0.05877657234668732 0.5201493501663208 2.0667853355407715 0.0 0.0 0.0 1.0
0.4691982567310333 0.3693822920322418 -0.802128255367279 2.5193636417388916 -0.23869705200195312 0.9275544881820679 0.28751757740974426 -0.7212571501731873 0.850221574306488 0.056562889367341995 0.5233774185180664 2.061065196990967 0.0 0.0 0.0 1.0
0.47299861907958984 0.36866024136543274 -0.8002262115478516 2.5168111324310303 -0.2372017204761505 0.9279994368553162 0.28731927275657654 -0.7182856798171997 0.8485326766967773 0.053913410753011703 0.5263893008232117 2.0535190105438232 0.0 0.0 0.0 1.0
0.4751949906349182 0.37170061469078064 -0.7975139021873474 2.5151143074035645 -0.24005116522312164 0.9267717599868774 0.28891098499298096 -0.7153788805007935 0.8465017080307007 0.05415508896112442 0.5296244621276855 2.0477821826934814 0.0 0.0 0.0 1.0
0.4766651391983032 0.3707827925682068 -0.7970636487007141 2.5128231048583984 -0.24318893253803253 0.9269301891326904 0.28576144576072693 -0.7129759192466736 0.8447777628898621 0.057624537497758865 0.5320056080818176 2.0420982837677 0.0 0.0 0.0 1.0
0.48242253065109253 0.37090015411376953 -0.7935373783111572 2.51025390625 -0.2475307732820511 0.9267286658287048 0.28267019987106323 -0.709208071231842 0.8402363061904907 0.06005845218896866 0.5388839840888977 2.0347652435302734 0.0 0.0 0.0 1.0
0.4870246350765228 0.37137067317962646 -0.7905003428459167 2.508349657058716 -0.25176185369491577 0.9263715744018555 0.2800922393798828 -0.7060418725013733 0.8363150954246521 0.06260601431131363 0.5446627736091614 2.0291688442230225 0.0 0.0 0.0 1.0
0.4879404902458191 0.3695034682750702 -0.7908105254173279 2.5054969787597656 -0.2504526972770691 0.9271531105041504 0.27867648005485535 -0.7019287347793579 0.8361743092536926 0.062083084136247635 0.5449386835098267 2.0209929943084717 0.0 0.0 0.0 1.0
0.4914497435092926 0.3668784201145172 -0.7898590564727783 2.5040125846862793 -0.24629266560077667 0.928464949131012 0.27801576256752014 -0.698951244354248 0.8353544473648071 0.05790571868419647 0.5466533303260803 2.0147271156311035 0.0 0.0 0.0 1.0
0.49636363983154297 0.36692747473716736 -0.7867575287818909 2.5022130012512207 -0.2473863959312439 0.9284915924072266 0.2769537568092346 -0.6951330304145813 0.8321196436882019 0.05716333165764809 0.5516422986984253 2.0085794925689697 0.0 0.0 0.0 1.0
0.498983234167099 0.36767154932022095 -0.7847505211830139 2.499971866607666 -0.2517792880535126 0.927984356880188 0.2746857702732086 -0.6903024911880493 0.8292303085327148 0.06052032485604286 0.5556206703186035 1.9995545148849487 0.0 0.0 0.0 1.0
0.49834057688713074 0.3669799566268921 -0.7854822874069214 2.498497247695923 -0.2535710334777832 0.9280749559402466 0.2727243900299072 -0.6868491172790527 0.8290708065032959 0.06326591223478317 0.5555528998374939 1.9926378726959229 0.0 0.0 0.0 1.0
0.5017287135124207 0.3660798668861389 -0.7837434411048889 2.49682879447937 -0.25366437435150146 0.9284692406654358 0.2712918221950531 -0.6832044720649719 0.8269961476325989 0.06269290298223495 0.5587010979652405 1.9853664636611938 0.0 0.0 0.0 1.0
0.5048252940177917 0.35750865936279297 -0.7857092618942261 2.4940061569213867 -0.251638799905777 0.9316213130950928 0.26222050189971924 -0.6786252856254578 0.8257296085357666 0.06533937901258469 0.5602690577507019 1.975733995437622 0.0 0.0 0.0 1.0
0.5089463591575623 0.3562055230140686 -0.7836397290229797 2.4923481941223145 -0.2503104507923126 0.9322666525840759 0.26119646430015564 -0.6751457452774048 0.8236008286476135 0.06321823596954346 0.5636356472969055 1.9681423902511597 0.0 0.0 0.0 1.0
0.5156174302101135 0.35045504570007324 -0.7818694710731506 2.490053415298462 -0.2442067265510559 0.9347860217094421 0.25794997811317444 -0.670831561088562 0.8212805390357971 0.05793428421020508 0.5675754547119141 1.957571029663086 0.0 0.0 0.0 1.0
0.5182501077651978 0.34419888257980347 -0.7829073667526245 2.4884257316589355 -0.24167072772979736 0.9370657801628113 0.25199800729751587 -0.6677114367485046 0.8203731179237366 0.0586077980697155 0.5688171982765198 1.9489794969558716 0.0 0.0 0.0 1.0
0.5218334794044495 0.33894115686416626 -0.782820999622345 2.4869024753570557 -0.24135291576385498 0.9388428330421448 0.2456071823835373 -0.6644443273544312 0.8181923031806946 0.060770079493522644 0.5717240571975708 1.940128207206726 0.0 0.0 0.0 1.0
0.5284294486045837 0.33185914158821106 -0.7814293503761292 2.4849531650543213 -0.23593014478683472 0.9415830969810486 0.24032950401306152 -0.6599997878074646 0.8155362010002136 0.05736555531620979 0.5758557915687561 1.9276905059814453 0.0 0.0 0.0 1.0
0.5323503613471985 0.32546401023864746 -0.781457781791687 2.4837496280670166 -0.23071233928203583 0.9439728260040283 0.23598124086856842 -0.6566022634506226 0.8144782781600952 0.05466725304722786 0.5776128172874451 1.9180018901824951 0.0 0.0 0.0 1.0
0.5366334319114685 0.317553848028183 -0.7817826867103577 2.4826483726501465 -0.2280162125825882 0.9465901255607605 0.2279818207025528 -0.6532906889915466 0.8124242424964905 0.05591645464301109 0.58037930727005 1.9082673788070679 0.0 0.0 0.0 1.0
0.5437144041061401 0.3145051896572113 -0.778113842010498 2.4812045097351074 -0.22758401930332184 0.9476439952850342 0.224000945687294 -0.6483244299888611 0.8078243136405945 0.0552937313914299 0.5868240594863892 1.8953274488449097 0.0 0.0 0.0 1.0
0.548811674118042 0.3103693127632141 -0.7761936783790588 2.480306386947632 -0.2226569503545761 0.949251651763916 0.22213764488697052 -0.6449128985404968 0.8057478666305542 0.050913192331790924 0.5900662541389465 1.885423183441162 0.0 0.0 0.0 1.0
0.5544936656951904 0.30383071303367615 -0.7747410535812378 2.478872299194336 -0.2144421488046646 0.9516960978507996 0.2197478860616684 -0.6402962803840637 0.8040841817855835 0.04428832605481148 0.5928635597229004 1.8722891807556152 0.0 0.0 0.0 1.0
0.5579102635383606 0.30050545930862427 -0.773584246635437 2.477773904800415 -0.21502791345119476 0.9526508450508118 0.21498693525791168 -0.6365671753883362 0.8015604615211487 0.04639879986643791 0.5961107015609741 1.8622146844863892 0.0 0.0 0.0 1.0
0.5613314509391785 0.29616788029670715 -0.7727817296981812 2.4764630794525146 -0.21518290042877197 0.9538875222206116 0.20927242934703827 -0.6324037909507751 0.7991266250610352 0.04881821945309639 0.5991773009300232 1.8523776531219482 0.0 0.0 0.0 1.0
0.5680968761444092 0.2925556004047394 -0.7692055106163025 2.4750118255615234 -0.21399255096912384 0.955041229724884 0.20519116520881653 -0.6271752715110779 0.7946528196334839 0.04803578928112984 0.605160653591156 1.839583158493042 0.0 0.0 0.0 1.0
0.5682805776596069 0.2908402979373932 -0.7697201371192932 2.4740028381347656 -0.21681082248687744 0.9553182125091553 0.20089852809906006 -0.622774600982666 0.7937570214271545 0.052716925740242004 0.6059461236000061 1.8295400142669678 0.0 0.0 0.0 1.0
0.5696644186973572 0.28522825241088867 -0.770796537399292 2.472792148590088 -0.2173997014760971 0.9567381739616394 0.19336345791816711 -0.6186097860336304 0.7926031947135925 0.057418663054704666 0.6070281863212585 1.8197054862976074 0.0 0.0 0.0 1.0
0.5728882551193237 0.2786917984485626 -0.7707982063293457 2.471586227416992 -0.21685215830802917 0.9584441781044006 0.18536430597305298 -0.6146198511123657 0.7904265522956848 0.060956232249736786 0.6095163226127625 1.8097739219665527 0.0 0.0 0.0 1.0
0.5734795331954956 0.2749658524990082 -0.7716962099075317 2.470442771911621 -0.21485565602779388 0.959497332572937 0.18221379816532135 -0.6094648241996765 0.7905430197715759 0.06130741164088249 0.6093300580978394 1.796715259552002 0.0 0.0 0.0 1.0
0.5727206468582153 0.2663082778453827 -0.7752876877784729 2.4692492485046387 -0.21647761762142181 0.9613207578659058 0.17029352486133575 -0.605911910533905 0.7906506657600403 0.07030180841684341 0.6082180142402649 1.7865411043167114 0.0 0.0 0.0 1.0
0.567414402961731 0.26138901710510254 -0.7808435559272766 2.467435121536255 -0.22066712379455566 0.9618630409240723 0.16163383424282074 -0.6011748313903809 0.7933138608932495 0.08059313893318176 0.6034548878669739 1.772552251815796 0.0 0.0 0.0 1.0
0.5675333142280579 0.25480011105537415 -0.7829322218894958 2.4658451080322266 -0.21592174470424652 0.9636881351470947 0.15710818767547607 -0.5978509783744812 0.7945336699485779 0.07988796383142471 0.6019420027732849 1.7623584270477295 0.0 0.0 0.0 1.0
0.5630255341529846 0.2480992078781128 -0.7883204221725464 2.4640536308288574 -0.21682851016521454 0.9648054242134094 0.14878147840499878 -0.5945785045623779 0.7974883317947388 0.0871625617146492 0.5970050692558289 1.7522469758987427 0.0 0.0 0.0 1.0
0.556501030921936 0.2405364215373993 -0.7952665090560913 2.4612271785736084 -0.21945065259933472 0.96573805809021 0.13853301107883453 -0.5904285311698914 0.8013414144515991 0.09742799401283264 0.5902200937271118 1.7390583753585815 0.0 0.0 0.0 1.0
0.55485600233078 0.23832865059375763 -0.797078549861908 2.4583005905151367 -0.21763800084590912 0.9663060307502747 0.1374276876449585 -0.5871424078941345 0.8029747605323792 0.09722200781106949 0.5880300998687744 1.7303075790405273 0.0 0.0 0.0 1.0
0.5543674826622009 0.23698899149894714 -0.797817587852478 2.455578088760376 -0.2195645123720169 0.9662867784500122 0.13446670770645142 -0.583892285823822 0.802787721157074 0.10062845796346664 0.5877123475074768 1.7214258909225464 0.0 0.0 0.0 1.0
0.5522757172584534 0.23518767952919006 -0.7997989058494568 2.4518113136291504 -0.2257520854473114 0.9657266139984131 0.12809419631958008 -0.5795509219169617 0.8025132417678833 0.10981296002864838 0.5864414572715759 1.709700107574463 0.0 0.0 0.0 1.0
0.5536348223686218 0.23476926982402802 -0.798981785774231 2.4487810134887695 -0.2280675172805786 0.9655017256736755 0.12566496431827545 -0.5762273073196411 0.8009205460548401 0.11264929175376892 0.5880785584449768 1.7010825872421265 0.0 0.0 0.0 1.0
0.5542875528335571 0.23454445600509644 -0.798595130443573 2.445544958114624 -0.23019051551818848 0.9652490615844727 0.12371984124183655 -0.5729162693023682 0.7998610138893127 0.11525265872478485 0.5890154838562012 1.692683458328247 0.0 0.0 0.0 1.0
0.5515395998954773 0.23553405702114105 -0.8002048134803772 2.4406545162200928 -0.23294365406036377 0.9646323919296265 0.12337606400251389 -0.5680368542671204 0.8009627461433411 0.11835584789514542 0.5868991017341614 1.6815800666809082 0.0 0.0 0.0 1.0
0.5542980432510376 0.23628485202789307 -0.7980746626853943 2.4370005130767822 -0.23392069339752197 0.9644349217414856 0.12307064980268478 -0.5644885897636414 0.7987707853317261 0.11846835166215897 0.5898563265800476 1.6737630367279053 0.0 0.0 0.0 1.0
0.5558102130889893 0.2388625591993332 -0.7962535619735718 2.4331374168395996 -0.23752528429031372 0.963531494140625 0.12324292212724686 -0.5607295036315918 0.7966535091400146 0.12063068151473999 0.5922765135765076 1.6661738157272339 0.0 0.0 0.0 1.0
0.5556471347808838 0.2392635941505432 -0.7962469458580017 2.4276161193847656 -0.23883430659770966 0.9632663726806641 0.12278474122285843 -0.5556836724281311 0.7963758111000061 0.12194609642028809 0.5923805832862854 1.6561814546585083 0.0 0.0 0.0 1.0
0.5580524206161499 0.24055206775665283 -0.7941739559173584 2.4233367443084717 -0.23987968266010284 0.9629639387130737 0.12311854958534241 -0.5519592761993408 0.7943772673606873 0.12179958820343018 0.5950878858566284 1.64925217628479 0.0 0.0 0.0 1.0
0.5636213421821594 0.24194343388080597 -0.7898065447807312 2.4185431003570557 -0.2435499131679535 0.9623127579689026 0.12098574638366699 -0.5480380058288574 0.7893126606941223 0.12416716665029526 0.6013053059577942 1.6427663564682007 0.0 0.0 0.0 1.0
0.5671082139015198 0.2441190630197525 -0.7866346836090088 2.4125008583068848 -0.2478387951850891 0.9613812565803528 0.11967445909976959 -0.5436789989471436 0.7854706645011902 0.1270902305841446 0.6057093739509583 1.633985161781311 0.0 0.0 0.0 1.0
0.5720885992050171 0.24225549399852753 -0.7835987210273743 2.4076030254364014 -0.24612905085086823 0.9620597958564758 0.11773455142974854 -0.5402252078056335 0.7823906540870667 0.12551181018352509 0.6100095510482788 1.6279244422912598 0.0 0.0 0.0 1.0
0.5773059725761414 0.24389787018299103 -0.7792506814002991 2.4005348682403564 -0.24541312456130981 0.9620500206947327 0.11929857730865479 -0.5355597734451294 0.7787748575210571 0.12236656248569489 0.6152529120445251 1.6199818849563599 0.0 0.0 0.0 1.0
0.5878933668136597 0.23520757257938385 -0.7739889025688171 2.3872594833374023 -0.23837368190288544 0.964682400226593 0.1120976060628891 -0.5271093845367432 0.7730196714401245 0.11859714239835739 0.6231976747512817 1.6061397790908813 0.0 0.0 0.0 1.0
0.5994371175765991 0.23621967434883118 -0.7647714614868164 2.3753159046173096 -0.22645893692970276 0.9664733409881592 0.12101931869983673 -0.5188039541244507 0.7677183747291565 0.10064586251974106 0.6328340172767639 1.5951004028320312 0.0 0.0 0.0 1.0
0.606438159942627 0.23619282245635986 -0.7592402696609497 2.369492292404175 -0.22394469380378723 0.96694415807724 0.12193329632282257 -0.5145373940467834 0.7629426717758179 0.09608282893896103 0.6392859220504761 1.589589238166809 0.0 0.0 0.0 1.0
0.613655686378479 0.23861092329025269 -0.7526562809944153 2.3621015548706055 -0.22061964869499207 0.9670934081077576 0.12671726942062378 -0.5082640051841736 0.7581250667572021 0.08828999102115631 0.6461046934127808 1.5816190242767334 0.0 0.0 0.0 1.0
0.617072582244873 0.23976917564868927 -0.7494879364967346 2.35679030418396 -0.2191772311925888 0.9671275615692139 0.12894020974636078 -0.5039224624633789 0.7557663321495056 0.08470521122217178 0.6493398547172546 1.5755865573883057 0.0 0.0 0.0 1.0
0.6224368214607239 0.24057897925376892 -0.7447779178619385 2.3513665199279785 -0.21731874346733093 0.9672924876213074 0.13083504140377045 -0.499650239944458 0.7518942356109619 0.08041764795780182 0.6543607711791992 1.5700855255126953 0.0 0.0 0.0 1.0
0.6299958825111389 0.2385176122188568 -0.7390632629394531 2.344357967376709 -0.21495598554611206 0.9680423140525818 0.1291821151971817 -0.4942742586135864 0.7462567090988159 0.07748187333345413 0.6611334681510925 1.5633395910263062 0.0 0.0 0.0 1.0
0.6360596418380737 0.2402922809123993 -0.7332719564437866 2.339129686355591 -0.21158096194267273 0.9681674242019653 0.133736252784729 -0.49014484882354736 0.7420657873153687 0.0700821503996849 0.6666535139083862 1.5581058263778687 0.0 0.0 0.0 1.0
0.6415966153144836 0.24409861862659454 -0.7271655201911926 2.334411859512329 -0.21147753298282623 0.9675623178482056 0.13820424675941467 -0.48598894476890564 0.7373133897781372 0.0651077926158905 0.6724060773849487 1.5524381399154663 0.0 0.0 0.0 1.0
0.6475881934165955 0.24475979804992676 -0.7216108441352844 2.32730770111084 -0.21251429617404938 0.9674456119537354 0.13742870092391968 -0.4809737503528595 0.7317562699317932 0.06435541808605194 0.6785212755203247 1.5457189083099365 0.0 0.0 0.0 1.0
0.6533761620521545 0.24622008204460144 -0.7158737778663635 2.3224964141845703 -0.20969904959201813 0.9674919247627258 0.1413707137107849 -0.47745054960250854 0.7274103760719299 0.05774978920817375 0.6837682723999023 1.5401558876037598 0.0 0.0 0.0 1.0
0.6564266681671143 0.24307885766029358 -0.7141545414924622 2.315816640853882 -0.20639510452747345 0.9684141874313354 0.13991059362888336 -0.47330379486083984 0.7256067395210266 0.05555696412920952 0.685863196849823 1.5329616069793701 0.0 0.0 0.0 1.0
0.6601015329360962 0.24210236966609955 -0.7110924124717712 2.3107149600982666 -0.20725806057453156 0.9685927033424377 0.13737627863883972 -0.470319002866745 0.7220180630683899 0.05669734999537468 0.6895471811294556 1.5273232460021973 0.0 0.0 0.0 1.0
0.6648052930831909 0.245018869638443 -0.7056909203529358 2.3042566776275635 -0.20680423080921173 0.9681231379508972 0.141313835978508 -0.4663151800632477 0.7178202867507935 0.05199367552995682 0.6942843198776245 1.5193670988082886 0.0 0.0 0.0 1.0
0.6676870584487915 0.24130967259407043 -0.7042468190193176 2.2991650104522705 -0.2067350596189499 0.9689000248908997 0.13599014282226562 -0.46400049328804016 0.7151605486869812 0.05479365587234497 0.6968091726303101 1.5136998891830444 0.0 0.0 0.0 1.0
0.6712042093276978 0.24304260313510895 -0.7002965211868286 2.294182300567627 -0.21033301949501038 0.9683372974395752 0.13447275757789612 -0.4613931179046631 0.7108058333396912 0.05703679844737053 0.7010719180107117 1.507510781288147 0.0 0.0 0.0 1.0
0.6726627349853516 0.24550597369670868 -0.6980341672897339 2.2880585193634033 -0.2153274267911911 0.9674741625785828 0.13276994228363037 -0.45860880613327026 0.7079257965087891 0.06099650263786316 0.7036479711532593 1.4988831281661987 0.0 0.0 0.0 1.0
0.6759083271026611 0.23986375331878662 -0.69685959815979 2.2832911014556885 -0.2086971253156662 0.9691448211669922 0.13116353750228882 -0.4568435251712799 0.7068192362785339 0.05677807331085205 0.7051119208335876 1.4925731420516968 0.0 0.0 0.0 1.0
0.675067126750946 0.23848198354244232 -0.6981480717658997 2.278010845184326 -0.20990993082523346 0.9692885279655457 0.1281311959028244 -0.4548328220844269 0.7072638869285583 0.06005105748772621 0.704394519329071 1.486619472503662 0.0 0.0 0.0 1.0
0.6777247786521912 0.23788237571716309 -0.695773720741272 2.2716805934906006 -0.21320399641990662 0.9691483974456787 0.12367481738328934 -0.4519250690937042 0.7037280201911926 0.06452424824237823 0.7075333595275879 1.4781712293624878 0.0 0.0 0.0 1.0
0.6793416738510132 0.23015138506889343 -0.6967964172363281 2.2672181129455566 -0.21119968593120575 0.9706887006759644 0.11470869928598404 -0.44982537627220154 0.7027727961540222 0.06923679262399673 0.7080371975898743 1.471480369567871 0.0 0.0 0.0 1.0
0.6823644638061523 0.23034650087356567 -0.6937717795372009 2.258993625640869 -0.21694457530975342 0.9701108932495117 0.10871929675340652 -0.44410112500190735 0.6980786323547363 0.07632383704185486 0.7119415998458862 1.4572416543960571 0.0 0.0 0.0 1.0
0.6819986701011658 0.22649069130420685 -0.6953990459442139 2.2537899017333984 -0.21570627391338348 0.9708342552185059 0.10465003550052643 -0.43998339772224426 0.6988194584846497 0.07863075286149979 0.7109631299972534 1.4470826387405396 0.0 0.0 0.0 1.0
0.6830455660820007 0.2297142744064331 -0.6933109760284424 2.2501273155212402 -0.2177305370569229 0.9701340198516846 0.10692713409662247 -0.43654194474220276 0.6971672773361206 0.0779188722372055 0.7126615047454834 1.4396636486053467 0.0 0.0 0.0 1.0
0.6833556294441223 0.22977259755134583 -0.6929860711097717 2.2460737228393555 -0.21826520562171936 0.9700703620910645 0.10641315579414368 -0.4328148365020752 0.6966960430145264 0.07853671163320541 0.7130544185638428 1.431710124015808 0.0 0.0 0.0 1.0
0.6844437122344971 0.22622525691986084 -0.6930792927742004 2.2412667274475098 -0.2209286093711853 0.9702996015548706 0.09853571653366089 -0.4279630780220032 0.6947858333587646 0.08567889779806137 0.7140950560569763 1.4212793111801147 0.0 0.0 0.0 1.0
0.6866380572319031 0.22653144598007202 -0.6908050775527954 2.2380077838897705 -0.22158701717853546 0.9702132344245911 0.09790565073490143 -0.4237293303012848 0.692406952381134 0.08584769070148468 0.7163817286491394 1.4132777452468872 0.0 0.0 0.0 1.0
0.6871041655540466 0.22658118605613708 -0.6903252005577087 2.234961748123169 -0.21891184151172638 0.9705382585525513 0.10066340118646622 -0.4192403256893158 0.69279545545578 0.08195412158966064 0.7164621353149414 1.4046210050582886 0.0 0.0 0.0 1.0
0.6898529529571533 0.21922969818115234 -0.6899574398994446 2.2313601970672607 -0.2125604748725891 0.9723773002624512 0.09643857181072235 -0.4133518934249878 0.6920411586761475 0.0801292434334755 0.7173969149589539 1.39341402053833 0.0 0.0 0.0 1.0
0.6946730017662048 0.21805371344089508 -0.6854794025421143 2.22900128364563 -0.21341241896152496 0.9725173115730286 0.09308691322803497 -0.40892085433006287 0.6869385242462158 0.0816248431801796 0.7221169471740723 1.3853089809417725 0.0 0.0 0.0 1.0
0.6979482173919678 0.2162574678659439 -0.682715892791748 2.2267420291900635 -0.2104347050189972 0.9731619358062744 0.09312950819730759 -0.40416795015335083 0.6845330595970154 0.078667551279068 0.7247247099876404 1.3770413398742676 0.0 0.0 0.0 1.0
0.700753390789032 0.2077273279428482 -0.6824910640716553 2.2243454456329346 -0.19993481040000916 0.9755153059959412 0.09162931889295578 -0.39825278520584106 0.6848143935203552 0.07224416732788086 0.7251275777816772 1.3656413555145264 0.0 0.0 0.0 1.0
0.7072647213935852 0.20631524920463562 -0.6761735081672668 2.222780704498291 -0.19619111716747284 0.9761795997619629 0.0926414430141449 -0.3933151066303253 0.6791801452636719 0.0671372041106224 0.7308946251869202 1.3574883937835693 0.0 0.0 0.0 1.0
0.7120453715324402 0.20979931950569153 -0.6700564622879028 2.2211098670959473 -0.1978824883699417 0.9755935668945312 0.09518236666917801 -0.3882525563240051 0.6736719608306885 0.06481827795505524 0.7361825108528137 1.3495172262191772 0.0 0.0 0.0 1.0
0.7175267934799194 0.20290611684322357 -0.6663215756416321 2.2190990447998047 -0.19291195273399353 0.9770976901054382 0.08980590105056763 -0.3824482262134552 0.669283390045166 0.06410324573516846 0.740236759185791 1.3387489318847656 0.0 0.0 0.0 1.0
0.7213764190673828 0.20016463100910187 -0.6629858016967773 2.2173304557800293 -0.19014357030391693 0.977776050567627 0.08831425756216049 -0.37797948718070984 0.6659290194511414 0.06235465779900551 0.7434046268463135 1.331018328666687 0.0 0.0 0.0 1.0
0.7238879203796387 0.1986836940050125 -0.6606898307800293 2.2151126861572266 -0.1873256117105484 0.9782630801200867 0.08894065022468567 -0.3722362220287323 0.6639995574951172 0.059381064027547836 0.745371401309967 1.3205558061599731 0.0 0.0 0.0 1.0
0.7276557683944702 0.19236809015274048 -0.6584159731864929 2.213758707046509 -0.18177936971187592 0.9796308279037476 0.08532129973173141 -0.36828628182411194 0.6614177227020264 0.057601917535066605 0.7478025555610657 1.3125442266464233 0.0 0.0 0.0 1.0
0.7311930656433105 0.19147175550460815 -0.654748260974884 2.212496280670166 -0.17929895222187042 0.979997456073761 0.08635332435369492 -0.36393675208091736 0.6581858396530151 0.054254718124866486 0.750898003578186 1.304641842842102 0.0 0.0 0.0 1.0
0.7339109182357788 0.18859831988811493 -0.6525377035140991 2.2111833095550537 -0.17763034999370575 0.9805384874343872 0.0836166962981224 -0.3586759865283966 0.6556082367897034 0.05454329028725624 0.753128707408905 1.2942701578140259 0.0 0.0 0.0 1.0
0.7350200414657593 0.18390820920467377 -0.6526280045509338 2.210317611694336 -0.177043154835701 0.9811786413192749 0.07709834724664688 -0.3549228608608246 0.6545236706733704 0.05887449532747269 0.7537456750869751 1.286844253540039 0.0 0.0 0.0 1.0
0.738050639629364 0.1847323775291443 -0.6489647030830383 2.2093453407287598 -0.17612437903881073 0.9811925888061523 0.07900172472000122 -0.3510448634624481 0.6513535380363464 0.055991221219301224 0.7567057609558105 1.2796002626419067 0.0 0.0 0.0 1.0
0.739910900592804 0.18180593848228455 -0.6476715803146362 2.207902431488037 -0.17244423925876617 0.9818769693374634 0.07861653715372086 -0.34574654698371887 0.6502267718315125 0.05351800471544266 0.7578528523445129 1.2703912258148193 0.0 0.0 0.0 1.0
0.7410300374031067 0.1791965663433075 -0.6471191048622131 2.2067203521728516 -0.1691000908613205 0.9824740886688232 0.07842103391885757 -0.3420267105102539 0.6498305201530457 0.0513155534863472 0.7583449482917786 1.2636276483535767 0.0 0.0 0.0 1.0
0.7435566782951355 0.18126125633716583 -0.6436364054679871 2.204949378967285 -0.17147088050842285 0.982058584690094 0.07847732305526733 -0.3369655907154083 0.6463135480880737 0.05201256275177002 0.7612972259521484 1.2556540966033936 0.0 0.0 0.0 1.0
0.7466386556625366 0.18259817361831665 -0.6396784782409668 2.202735185623169 -0.17223353683948517 0.9818635582923889 0.07924336194992065 -0.3331335484981537 0.6425467133522034 0.05100792646408081 0.7645468711853027 1.2500789165496826 0.0 0.0 0.0 1.0
0.7479468584060669 0.1817290186882019 -0.6383964419364929 2.200221300125122 -0.17109304666519165 0.9820737838745117 0.0791088342666626 -0.32962626218795776 0.6413288116455078 0.050055988132953644 0.7656316161155701 1.2446613311767578 0.0 0.0 0.0 1.0
0.751090943813324 0.1846718043088913 -0.6338444352149963 2.196439504623413 -0.17251236736774445 0.981623649597168 0.08157482743263245 -0.3253023624420166 0.6372612714767456 0.048075880855321884 0.7691468000411987 1.237501621246338 0.0 0.0 0.0 1.0
0.7543472051620483 0.18339185416698456 -0.6303393840789795 2.193127393722534 -0.17314887046813965 0.9817683696746826 0.0784243643283844 -0.32226285338401794 0.633229672908783 0.04998335242271423 0.7723482847213745 1.23226797580719 0.0 0.0 0.0 1.0
0.7566077709197998 0.1830102801322937 -0.6277355551719666 2.1896286010742188 -0.17546617984771729 0.981647253036499 0.07470099627971649 -0.3192942142486572 0.6298859715461731 0.053627002984285355 0.7748340368270874 1.226534128189087 0.0 0.0 0.0 1.0
0.7564861178398132 0.1844935566186905 -0.6274479031562805 2.1844658851623535 -0.1763629913330078 0.981391966342926 0.0759335458278656 -0.3152330815792084 0.6297816038131714 0.05321592092514038 0.7749472260475159 1.2187467813491821 0.0 0.0 0.0 1.0
0.7586690783500671 0.18157880008220673 -0.6256600022315979 2.1805684566497803 -0.17441213130950928 0.9819269180297852 0.07348405569791794 -0.31240609288215637 0.6276955604553223 0.05337261036038399 0.7766271233558655 1.2130417823791504 0.0 0.0 0.0 1.0
0.762377142906189 0.18551115691661835 -0.6199731230735779 2.176565170288086 -0.17874932289123535 0.9811252355575562 0.07376977056264877 -0.3092697262763977 0.6219563484191895 0.05457938835024834 0.7811474800109863 1.2073922157287598 0.0 0.0 0.0 1.0
0.7627619504928589 0.18478289246559143 -0.6197172999382019 2.17059063911438 -0.18318693339824677 0.9807939529418945 0.06697557866573334 -0.3051033616065979 0.6201909184455872 0.06243768334388733 0.7819620966911316 1.1999924182891846 0.0 0.0 0.0 1.0
0.7644587755203247 0.19075997173786163 -0.615803062915802 2.1662938594818115 -0.1807669699192047 0.9803258180618286 0.07927539944648743 -0.30209752917289734 0.61881023645401 0.05071407929062843 0.7839017510414124 1.1941509246826172 0.0 0.0 0.0 1.0
0.7674040198326111 0.190832257270813 -0.6121062636375427 2.161471128463745 -0.1812317967414856 0.9803094267845154 0.07841227948665619 -0.2987781763076782 0.6150171160697937 0.050759218633174896 0.7868782877922058 1.1891608238220215 0.0 0.0 0.0 1.0
0.7707171440124512 0.1931353062391281 -0.6072016954421997 2.1546690464019775 -0.18703481554985046 0.9795494675636292 0.07416754215955734 -0.29435113072395325 0.6091084480285645 0.05640565976500511 0.7910785675048828 1.1826921701431274 0.0 0.0 0.0 1.0
0.7715049386024475 0.1919560581445694 -0.6065748333930969 2.149244785308838 -0.1886765956878662 0.9795408844947815 0.07000600546598434 -0.29108884930610657 0.6076028943061829 0.060436494648456573 0.7919381856918335 1.1777743101119995 0.0 0.0 0.0 1.0
0.7747213244438171 0.19112685322761536 -0.6027249693870544 2.14382004737854 -0.18707747757434845 0.9798303246498108 0.07024593651294708 -0.2880111038684845 0.6039941310882568 0.05833524838089943 0.7948510050773621 1.1729826927185059 0.0 0.0 0.0 1.0
0.7787488698959351 0.18967987596988678 -0.5979729890823364 2.136225700378418 -0.18679632246494293 0.9800690412521362 0.06761498749256134 -0.2838576138019562 0.5988800525665283 0.05904407054185867 0.7986592054367065 1.1663483381271362 0.0 0.0 0.0 1.0
0.7810541987419128 0.18408921360969543 -0.5967122316360474 2.1304078102111816 -0.18349510431289673 0.9810335040092468 0.062472425401210785 -0.2812322974205017 0.5968952178955078 0.06069942191243172 0.8000198006629944 1.161527395248413 0.0 0.0 0.0 1.0
0.7856258749961853 0.18002544343471527 -0.5919314622879028 2.1175613403320312 -0.17509043216705322 0.9823128581047058 0.0663687139749527 -0.2748721241950989 0.5934099555015564 0.051500555127859116 0.8032510876655579 1.1516798734664917 0.0 0.0 0.0 1.0
0.7885292172431946 0.17287710309028625 -0.5901992321014404 2.1085619926452637 -0.16905997693538666 0.9836379885673523 0.06224975362420082 -0.27074819803237915 0.5913039445877075 0.0506933219730854 0.8048539161682129 1.1452335119247437 0.0 0.0 0.0 1.0
0.7913309335708618 0.17199893295764923 -0.5866956114768982 2.1016199588775635 -0.165383979678154 0.9840568900108337 0.06542280316352844 -0.26726433634757996 0.5885944962501526 0.04525897279381752 0.807160496711731 1.1408697366714478 0.0 0.0 0.0 1.0
0.7958874702453613 0.1695900410413742 -0.5812076926231384 2.0925045013427734 -0.15823714435100555 0.9848675727844238 0.07068861275911331 -0.26266592741012573 0.5844006538391113 0.0357084646821022 0.8106791973114014 1.1347992420196533 0.0 0.0 0.0 1.0
0.8001564741134644 0.16783134639263153 -0.5758318305015564 2.085766077041626 -0.1531148999929428 0.9854006171226501 0.07444056868553162 -0.2588976323604584 0.5799185037612915 0.02860432304441929 0.8141721487045288 1.1301394701004028 0.0 0.0 0.0 1.0
0.8051913976669312 0.1666872799396515 -0.5691065192222595 2.079237461090088 -0.15163280069828033 0.9856513142585754 0.07415502518415451 -0.2554761469364166 0.5733012557029724 0.026586230844259262 0.8189132213592529 1.1252907514572144 0.0 0.0 0.0 1.0
0.8086131811141968 0.16635824739933014 -0.5643311738967896 2.070641279220581 -0.15091249346733093 0.9857472777366638 0.0743488073348999 -0.25074446201324463 0.5686564445495605 0.025045201182365417 0.8221937417984009 1.1183881759643555 0.0 0.0 0.0 1.0
0.811975359916687 0.16372403502464294 -0.5602593421936035 2.0642313957214355 -0.1438116431236267 0.9863803386688232 0.07982492446899414 -0.24788491427898407 0.5656980276107788 0.015755942091345787 0.8244619369506836 1.1131149530410767 0.0 0.0 0.0 1.0
0.8162465691566467 0.16388532519340515 -0.5539703965187073 2.058121681213379 -0.1407213807106018 0.9864383339881897 0.08448002487421036 -0.24534156918525696 0.5603026747703552 0.008998950012028217 0.8282390832901001 1.1080145835876465 0.0 0.0 0.0 1.0
0.8214170932769775 0.1635253131389618 -0.5463821887969971 2.0497541427612305 -0.1412421613931656 0.9864974021911621 0.08290639519691467 -0.24285048246383667 0.55256187915802 0.009071470238268375 0.8334224820137024 1.101244330406189 0.0 0.0 0.0 1.0
0.8247246146202087 0.15504010021686554 -0.5438675284385681 2.043562173843384 -0.13398194313049316 0.9878743290901184 0.07844177633523941 -0.24124091863632202 0.5494344234466553 0.008175565861165524 0.8354968428611755 1.0959670543670654 0.0 0.0 0.0 1.0
0.8284352421760559 0.15027235448360443 -0.5395491123199463 2.0358035564422607 -0.12486138939857483 0.9886427521705627 0.08363667875528336 -0.2392754703760147 0.5459896326065063 -0.0019187235739082098 0.83778977394104 1.089144229888916 0.0 0.0 0.0 1.0
0.8311846256256104 0.1483631283044815 -0.5358362793922424 2.030212640762329 -0.12005610764026642 0.9888967275619507 0.08757717907428741 -0.23811382055282593 0.5428799986839294 -0.008462384343147278 0.8397676348686218 1.084086298942566 0.0 0.0 0.0 1.0
0.8341277837753296 0.14097648859024048 -0.5332508087158203 2.024435043334961 -0.11665657162666321 0.9900052547454834 0.07925157248973846 -0.23752804100513458 0.5390937328338623 -0.0038987286388874054 0.8422367572784424 1.078819751739502 0.0 0.0 0.0 1.0
0.8367594480514526 0.13349957764148712 -0.5310475826263428 2.017098903656006 -0.10787541419267654 0.9910085201263428 0.0791519358754158 -0.23666411638259888 0.5368394255638123 -0.008944151923060417 0.8436370491981506 1.0717356204986572 0.0 0.0 0.0 1.0
0.8383452892303467 0.12692146003246307 -0.5301585793495178 2.0116360187530518 -0.1028275415301323 0.9918785691261292 0.07485625892877579 -0.23659855127334595 0.5353538393974304 -0.00824048649519682 0.8445876836776733 1.0661855936050415 0.0 0.0 0.0 1.0
0.8403121829032898 0.12352955341339111 -0.5278407335281372 2.0044093132019043 -0.1021801009774208 0.9923306107521057 0.06956448405981064 -0.23576237261295319 0.5323858261108398 -0.0045210630632936954 0.8464897871017456 1.0587447881698608 0.0 0.0 0.0 1.0
0.8435068130493164 0.11875541508197784 -0.5238257646560669 1.9931790828704834 -0.09875749796628952 0.9929154515266418 0.06607438623905182 -0.23495569825172424 0.5279614329338074 -0.0040024658665061 0.8492588996887207 1.0474425554275513 0.0 0.0 0.0 1.0
0.8454335927963257 0.1163066178560257 -0.5212627053260803 1.9860591888427734 -0.0966951996088028 0.9932037591934204 0.06477885693311691 -0.2345648556947708 0.5252543091773987 -0.0043626148253679276 0.8509340882301331 1.0399850606918335 0.0 0.0 0.0 1.0
0.8497323989868164 0.11562269926071167 -0.5143794417381287 1.9807847738265991 -0.09622885286808014 0.9932798743247986 0.06430452316999435 -0.23419535160064697 0.5183578133583069 -0.005143491551280022 0.8551483750343323 1.0347216129302979 0.0 0.0 0.0 1.0
0.8544365763664246 0.1139988824725151 -0.5068948864936829 1.975590467453003 -0.09573657065629959 0.9934707283973694 0.06205178424715996 -0.23363012075424194 0.5106590390205383 -0.004490935709327459 0.8597715497016907 1.0301401615142822 0.0 0.0 0.0 1.0
0.8646860122680664 0.10516368597745895 -0.4911808967590332 1.9682155847549438 -0.09254510700702667 0.9944524168968201 0.04999750852584839 -0.23333896696567535 0.49371394515037537 0.002224243013188243 0.8696215152740479 1.0249109268188477 0.0 0.0 0.0 1.0
0.8701160550117493 0.10215547680854797 -0.48214346170425415 1.962206482887268 -0.09373863786458969 0.9947276711463928 0.041592154651880264 -0.2327655851840973 0.48385030031204224 0.009005468338727951 0.8751044273376465 1.020891785621643 0.0 0.0 0.0 1.0
0.8754046559333801 0.09847693145275116 -0.47325366735458374 1.9565914869308472 -0.0924571081995964 0.9950644373893738 0.03603459894657135 -0.23187574744224548 0.474466472864151 0.012210813350975513 0.8801888823509216 1.016940951347351 0.0 0.0 0.0 1.0
0.8846474289894104 0.09620579332113266 -0.4562273621559143 1.9492905139923096 -0.09048722684383392 0.9953025579452515 0.03442269563674927 -0.23025260865688324 0.45739591121673584 0.010830800980329514 0.8891972303390503 1.0119951963424683 0.0 0.0 0.0 1.0
0.8878883719444275 0.09470364451408386 -0.4502059817314148 1.9434665441513062 -0.09036529809236526 0.9954205751419067 0.031176088377833366 -0.2291519194841385 0.4510968029499054 0.013002111576497555 0.8923802971839905 1.0082721710205078 0.0 0.0 0.0 1.0
0.8927165269851685 0.08690641820430756 -0.44215893745422363 1.9373213052749634 -0.08613837510347366 0.99604332447052 0.021859586238861084 -0.22790971398353577 0.4423092007637024 0.01857243850827217 0.8966702818870544 1.0053086280822754 0.0 0.0 0.0 1.0
0.8973566889762878 0.08473003655672073 -0.4330955743789673 1.9316754341125488 -0.08354499191045761 0.9962654113769531 0.021805692464113235 -0.2263399362564087 0.43332573771476746 0.016615482047200203 0.9010841846466064 1.002192497253418 0.0 0.0 0.0 1.0
0.9015886783599854 0.07719305902719498 -0.4256513714790344 1.9240432977676392 -0.07574310898780823 0.9969195127487183 0.020359698683023453 -0.22422564029693604 0.4259117841720581 0.013884085230529308 0.9046581387519836 0.9982001185417175 0.0 0.0 0.0 1.0
0.906673014163971 0.07200658321380615 -0.41564300656318665 1.918569564819336 -0.06995457410812378 0.9973459243774414 0.020184503868222237 -0.22187601029872894 0.41599327325820923 0.010775384493172169 0.9093038439750671 0.9957489371299744 0.0 0.0 0.0 1.0
0.9104107618331909 0.06550883501768112 -0.408486008644104 1.9113041162490845 -0.061916690319776535 0.9978382587432861 0.022026704624295235 -0.21848370134830475 0.40904590487480164 0.005238750949501991 0.9124987721443176 0.992358386516571 0.0 0.0 0.0 1.0
0.9140509366989136 0.04919160529971123 -0.4026053249835968 1.9043290615081787 -0.04453456774353981 0.9987886548042297 0.020926576107740402 -0.21505796909332275 0.40314704179763794 -0.0011981013230979443 0.9151344299316406 0.9893347024917603 0.0 0.0 0.0 1.0
0.9187256693840027 0.04735208675265312 -0.39204713702201843 1.8993271589279175 -0.039548110216856 0.9988263249397278 0.02796258218586445 -0.21160373091697693 0.39291107654571533 -0.010185218416154385 0.9195200800895691 0.9873908162117004 0.0 0.0 0.0 1.0
0.9285359382629395 0.026419982314109802 -0.37030115723609924 1.8824630975723267 -0.011114434339106083 0.9989956617355347 0.043406009674072266 -0.20128759741783142 0.3710760474205017 -0.03618835285305977 0.927897036075592 0.9798992872238159 0.0 0.0 0.0 1.0
0.9308556914329529 0.018704494461417198 -0.3649079203605652 1.8708876371383667 -0.0016190469032153487 0.998890221118927 0.04707115516066551 -0.19517886638641357 0.36538341641426086 -0.04322564974427223 0.9298529624938965 0.9753112196922302 0.0 0.0 0.0 1.0
0.933517575263977 0.01972360536456108 -0.35798874497413635 1.8653076887130737 0.00031183965620584786 0.9984406232833862 0.055822864174842834 -0.19219937920570374 0.35853153467178345 -0.05222325772047043 0.9320557117462158 0.9727503657341003 0.0 0.0 0.0 1.0
0.9350225925445557 0.01566828414797783 -0.3542417585849762 1.8573275804519653 0.005161806009709835 0.9983159899711609 0.05778060853481293 -0.18879753351211548 0.3545505106449127 -0.05585470050573349 0.933367133140564 0.9699246883392334 0.0 0.0 0.0 1.0
0.9376421570777893 0.011759455315768719 -0.3474031686782837 1.848833680152893 0.007099716924130917 0.9985712170600891 0.05296338349580765 -0.1863446980714798 0.3475296199321747 -0.0521271638572216 0.9362189769744873 0.9681646227836609 0.0 0.0 0.0 1.0
0.9435073137283325 0.007238201331347227 -0.331272691488266 1.8364545106887817 0.012370413169264793 0.9982949495315552 0.057044949382543564 -0.1828693151473999 0.3311207890510559 -0.05792030692100525 0.9418090581893921 0.96518874168396 0.0 0.0 0.0 1.0
0.9461034536361694 0.003547383937984705 -0.3238452076911926 1.8297505378723145 0.018045999109745026 0.9978090524673462 0.06365075707435608 -0.1811872124671936 0.32336148619651794 -0.06606430560350418 0.9439665675163269 0.964290201663971 0.0 0.0 0.0 1.0
0.9485270380973816 0.004689812194555998 -0.316661536693573 1.8227299451828003 0.017744023352861404 0.9975326657295227 0.06792403012514114 -0.18004341423511505 0.31619876623153687 -0.07004662603139877 0.9461035132408142 0.9643455743789673 0.0 0.0 0.0 1.0
0.9526564478874207 0.002389945089817047 -0.3040394186973572 1.8127144575119019 0.02340957708656788 0.9964243173599243 0.08118250966072083 -0.17815560102462769 0.3031463027000427 -0.08445648103952408 0.949194073677063 0.9637324213981628 0.0 0.0 0.0 1.0
0.9552403092384338 0.00573686882853508 -0.29577529430389404 1.804995059967041 0.019277021288871765 0.9964799284934998 0.0815851166844368 -0.1771576851606369 0.29520219564437866 -0.08363506197929382 0.9517672061920166 0.9638090133666992 0.0 0.0 0.0 1.0
0.9581811428070068 0.007886004634201527 -0.28605368733406067 1.7939672470092773 0.015894247218966484 0.9966104626655579 0.08071506768465042 -0.17585696280002594 0.2857206165790558 -0.08188626170158386 0.9548080563545227 0.963996171951294 0.0 0.0 0.0 1.0
0.959937572479248 0.004095993470400572 -0.28018391132354736 1.7852578163146973 0.0182762760668993 0.9968489408493042 0.07718919217586517 -0.17490242421627045 0.27961722016334534 -0.07921753078699112 0.9568378925323486 0.9636881947517395 0.0 0.0 0.0 1.0
0.9615212678909302 0.0016935464227572083 -0.2747252285480499 1.7761600017547607 0.020260773599147797 0.996820867061615 0.07705637067556381 -0.1742546558380127 0.27398231625556946 -0.07965748012065887 0.9584301710128784 0.9630886912345886 0.0 0.0 0.0 1.0
0.9626726508140564 -0.00046744162682443857 -0.2706679105758667 1.7639591693878174 0.020693093538284302 0.9971988797187805 0.07187605649232864 -0.17411701381206512 0.2698761522769928 -0.07479406893253326 0.9599857926368713 0.9628381729125977 0.0 0.0 0.0 1.0
0.964205801486969 -0.009289496578276157 -0.2649921774864197 1.7544519901275635 0.02787245623767376 0.9974002242088318 0.06645267456769943 -0.17344574630260468 0.263685941696167 -0.07146003842353821 0.9619579911231995 0.962587833404541 0.0 0.0 0.0 1.0
0.9647439122200012 -0.01377066783607006 -0.26282984018325806 1.7447576522827148 0.03214232996106148 0.997319757938385 0.06572829931974411 -0.17353487014770508 0.261220246553421 -0.07185894250869751 0.9626007676124573 0.96225506067276 0.0 0.0 0.0 1.0
0.9655293822288513 -0.02184891514480114 -0.25937551259994507 1.7313636541366577 0.03911219909787178 0.9973353147506714 0.06158362701535225 -0.17404551804065704 0.2573387920856476 -0.06960555166006088 0.9638110995292664 0.9620813131332397 0.0 0.0 0.0 1.0
0.9653221964836121 -0.02619011141359806 -0.2597442865371704 1.7210803031921387 0.04334147274494171 0.997225284576416 0.060525089502334595 -0.17462874948978424 0.25743839144706726 -0.06968391686677933 0.9637788534164429 0.9615782499313354 0.0 0.0 0.0 1.0
0.965490996837616 -0.03775336965918541 -0.2576853930950165 1.7073853015899658 0.05504017323255539 0.9966675639152527 0.0602022185921669 -0.1755126714706421 0.2545538544654846 -0.07230775058269501 0.9643515348434448 0.9616495966911316 0.0 0.0 0.0 1.0
0.9661279320716858 -0.04245780035853386 -0.2545469403266907 1.697095274925232 0.059340547770261765 0.9964919090270996 0.05901351571083069 -0.17647461593151093 0.25114837288856506 -0.0721195638179779 0.9652581214904785 0.9616224765777588 0.0 0.0 0.0 1.0
0.9664664268493652 -0.047204457223415375 -0.25241702795028687 1.6874202489852905 0.06278572976589203 0.9965634346008301 0.05402989313006401 -0.178273007273674 0.24899911880493164 -0.06806626915931702 0.9661089181900024 0.9614847302436829 0.0 0.0 0.0 1.0
0.9668061137199402 -0.053753562271595 -0.2497929483652115 1.677844524383545 0.06903021037578583 0.9962164163589478 0.0527983233332634 -0.1802544742822647 0.2460097372531891 -0.06828900426626205 0.9668587446212769 0.9614758491516113 0.0 0.0 0.0 1.0
0.9672001004219055 -0.06457403302192688 -0.2456708550453186 1.6619791984558105 0.0813620388507843 0.9949486255645752 0.0588003545999527 -0.1842385083436966 0.24063290655612946 -0.0768599882721901 0.9675682783126831 0.9620755314826965 0.0 0.0 0.0 1.0
0.9678516387939453 -0.07378562539815903 -0.2404555380344391 1.6465169191360474 0.08870112895965576 0.9947107434272766 0.051794085651636124 -0.1889452189207077 0.23536205291748047 -0.07145766913890839 0.9692773222923279 0.9629673361778259 0.0 0.0 0.0 1.0
0.9693131446838379 -0.0767904594540596 -0.23352788388729095 1.6345278024673462 0.09289824217557907 0.9939401745796204 0.058761149644851685 -0.19208718836307526 0.22760044038295746 -0.0786522850394249 0.9705729484558105 0.9641022682189941 0.0 0.0 0.0 1.0
0.9691026210784912 -0.08488383889198303 -0.231592059135437 1.6252297163009644 0.10100539773702621 0.9931558966636658 0.058644965291023254 -0.19460812211036682 0.22502902150154114 -0.08022503554821014 0.9710437059402466 0.9652857780456543 0.0 0.0 0.0 1.0
0.970331072807312 -0.08719615638256073 -0.22550933063030243 1.6133272647857666 0.10226988047361374 0.9931777119636536 0.056025899946689606 -0.19717565178871155 0.21908558905124664 -0.077426478266716 0.9726287126541138 0.9666268825531006 0.0 0.0 0.0 1.0
0.9725080728530884 -0.08560962975025177 -0.216561958193779 1.6046032905578613 0.10053151845932007 0.9931929111480713 0.05883227288722992 -0.19867798686027527 0.21005119383335114 -0.07898616045713425 0.9744945764541626 0.968271791934967 0.0 0.0 0.0 1.0
0.9730088114738464 -0.09102924168109894 -0.21205562353134155 1.5954797267913818 0.10599682480096817 0.992536723613739 0.06029542163014412 -0.19968101382255554 0.20498433709144592 -0.08114519715309143 0.9753957390785217 0.9696149826049805 0.0 0.0 0.0 1.0
0.9746225476264954 -0.09360380470752716 -0.20334498584270477 1.5838305950164795 0.10753735154867172 0.9924746155738831 0.05856515094637871 -0.20090390741825104 0.19633281230926514 -0.07894609868526459 0.9773540496826172 0.9720505475997925 0.0 0.0 0.0 1.0
0.977033793926239 -0.0881890133023262 -0.19397859275341034 1.5752019882202148 0.102230004966259 0.9927263855934143 0.0635874792933464 -0.20122003555297852 0.18695995211601257 -0.08195754885673523 0.9789427518844604 0.9732118844985962 0.0 0.0 0.0 1.0
0.9780070185661316 -0.08884759992361069 -0.18870165944099426 1.5665680170059204 0.10263979434967041 0.9926185011863708 0.06460286676883698 -0.201545849442482 0.1815689653158188 -0.08255035430192947 0.979907214641571 0.9745965600013733 0.0 0.0 0.0 1.0
0.9779461026191711 -0.09849433600902557 -0.18417474627494812 1.5546237230300903 0.11266414821147919 0.9912967085838318 0.06810027360916138 -0.20212237536907196 0.1758643239736557 -0.08734828233718872 0.9805315136909485 0.9764707088470459 0.0 0.0 0.0 1.0
0.979049801826477 -0.100767120718956 -0.17693926393985748 1.5457770824432373 0.11514914780855179 0.9906648397445679 0.07296458631753922 -0.20169349014759064 0.1679350733757019 -0.09181036800146103 0.9815134406089783 0.9779276847839355 0.0 0.0 0.0 1.0
0.9797913432121277 -0.10775397717952728 -0.16851703822612762 1.5340293645858765 0.12116225063800812 0.9900621175765991 0.07139091938734055 -0.2007133662700653 0.15914969146251678 -0.09036611020565033 0.9831100106239319 0.9790682196617126 0.0 0.0 0.0 1.0
0.9800500273704529 -0.1145598515868187 -0.16241294145584106 1.525282382965088 0.12754924595355988 0.9892218112945557 0.07191261649131775 -0.1999625861644745 0.15242412686347961 -0.09119360893964767 0.9840989112854004 0.9803624749183655 0.0 0.0 0.0 1.0
0.9813807010650635 -0.12348361313343048 -0.14711786806583405 1.5075856447219849 0.1365087479352951 0.9872419834136963 0.08196724206209183 -0.19755099713802338 0.13511931896209717 -0.1005239486694336 0.9857168197631836 0.9825376868247986 0.0 0.0 0.0 1.0
0.9820150136947632 -0.13115037977695465 -0.1358165442943573 1.4957314729690552 0.1427461802959442 0.9865654706954956 0.07944874465465546 -0.1964460164308548 0.12357218563556671 -0.09740714728832245 0.9875432848930359 0.9838601350784302 0.0 0.0 0.0 1.0
0.9825618267059326 -0.13544347882270813 -0.12738633155822754 1.4865878820419312 0.14674681425094604 0.9856053590774536 0.08394932746887207 -0.19509883224964142 0.11418226361274719 -0.10117894411087036 0.9882941246032715 0.9846779108047485 0.0 0.0 0.0 1.0
0.9823920130729675 -0.14312969148159027 -0.12008243799209595 1.4779667854309082 0.15345489978790283 0.9847785830497742 0.08162568509578705 -0.19434675574302673 0.10657154768705368 -0.09861566126346588 0.9894025921821594 0.9849454164505005 0.0 0.0 0.0 1.0
0.9821654558181763 -0.15185053646564484 -0.11087106913328171 1.4663527011871338 0.16064521670341492 0.9841433167457581 0.07519988715648651 -0.19312258064746857 0.09769388288259506 -0.09166964143514633 0.9909856915473938 0.9846222400665283 0.0 0.0 0.0 1.0
0.9820372462272644 -0.1600833535194397 -0.09988082945346832 1.4555453062057495 0.16820059716701508 0.9825879335403442 0.0789269283413887 -0.19182883203029633 0.08550681173801422 -0.09430919587612152 0.9918640851974487 0.9840085506439209 0.0 0.0 0.0 1.0
0.9804876446723938 -0.17254363000392914 -0.0941949188709259 1.4476380348205566 0.17997436225414276 0.9806488752365112 0.07705213129520416 -0.19095034897327423 0.07907728105783463 -0.09250133484601974 0.9925675392150879 0.9836723208427429 0.0 0.0 0.0 1.0
0.9792587161064148 -0.1826317459344864 -0.08773820847272873 1.4399257898330688 0.18959376215934753 0.9786880612373352 0.0788918286561966 -0.1898941993713379 0.07146018743515015 -0.09389013051986694 0.9930146336555481 0.9834381341934204 0.0 0.0 0.0 1.0
0.979229211807251 -0.18905729055404663 -0.07326296716928482 1.4297956228256226 0.19489258527755737 0.9773111939430237 0.08294376730918884 -0.18830877542495728 0.055919598788022995 -0.09549936652183533 0.9938575625419617 0.9835702180862427 0.0 0.0 0.0 1.0
0.9791325330734253 -0.19323092699050903 -0.06293889135122299 1.4225735664367676 0.1982409507036209 0.9763231873512268 0.08656536787748337 -0.1872163563966751 0.04472159221768379 -0.0972360372543335 0.9942560791969299 0.9837079644203186 0.0 0.0 0.0 1.0
0.9783627390861511 -0.1995481699705124 -0.05465250089764595 1.4151657819747925 0.203871488571167 0.9748223423957825 0.09032067656517029 -0.18601031601428986 0.03525315597653389 -0.09950846433639526 0.9944120049476624 0.9832191467285156 0.0 0.0 0.0 1.0
0.9782560467720032 -0.2026170939207077 -0.04428808391094208 1.4052616357803345 0.2059977501630783 0.9740235805511475 0.09403706341981888 -0.18442218005657196 0.024084124714136124 -0.10111556947231293 0.9945831298828125 0.9823271036148071 0.0 0.0 0.0 1.0
0.9774988293647766 -0.20770812034606934 -0.03678779676556587 1.3979589939117432 0.21026942133903503 0.9733583331108093 0.09143482148647308 -0.1837100088596344 0.016815951094031334 -0.09711278229951859 0.9951313138008118 0.9819090366363525 0.0 0.0 0.0 1.0
0.9765034914016724 -0.21393384039402008 -0.025946006178855896 1.3887652158737183 0.21541348099708557 0.972444474697113 0.08915583789348602 -0.1831025332212448 0.006157598923891783 -0.09265010803937912 0.9956796765327454 0.9811710715293884 0.0 0.0 0.0 1.0
0.975860595703125 -0.21734030544757843 -0.02143195830285549 1.3817638158798218 0.21839049458503723 0.9717235565185547 0.08977139741182327 -0.18284253776073456 0.0013149961596354842 -0.0922849029302597 0.995731770992279 0.980964720249176 0.0 0.0 0.0 1.0
0.9741209745407104 -0.2254246026277542 -0.016495348885655403 1.3746522665023804 0.22597236931324005 0.9696783423423767 0.09306153655052185 -0.18273930251598358 -0.004983178339898586 -0.094380684196949 0.9955236911773682 0.9812413454055786 0.0 0.0 0.0 1.0
0.9733800888061523 -0.22905172407627106 -0.008158106356859207 1.3652193546295166 0.22874866425991058 0.9686353802680969 0.09705451130867004 -0.18238696455955505 -0.014328273013234138 -0.09633708000183105 0.995245635509491 0.9821879863739014 0.0 0.0 0.0 1.0
0.9728357195854187 -0.2314731627702713 -0.003298368537798524 1.3571863174438477 0.23064039647579193 0.9679145812988281 0.0997314304113388 -0.1823352426290512 -0.019892610609531403 -0.09778303653001785 0.9950089454650879 0.9833351969718933 0.0 0.0 0.0 1.0
0.9718761444091797 -0.2354736626148224 0.002981516532599926 1.349658489227295 0.2339683175086975 0.9669464826583862 0.10135757178068161 -0.1822667270898819 -0.026750005781650543 -0.09780943393707275 0.9948455691337585 0.984271764755249 0.0 0.0 0.0 1.0
0.9718645215034485 -0.23532938957214355 0.009968943893909454 1.3391166925430298 0.23308724164962769 0.9669731259346008 0.10311787575483322 -0.18272629380226135 -0.03390636667609215 -0.09789297729730606 0.9946191906929016 0.986006498336792 0.0 0.0 0.0 1.0
0.972464919090271 -0.23261579871177673 0.01420812588185072 1.3312957286834717 0.22990798950195312 0.9675486087799072 0.10484294593334198 -0.18310879170894623 -0.03813517838716507 -0.09868952631950378 0.9943872690200806 0.9869162440299988 0.0 0.0 0.0 1.0
0.9710572361946106 -0.23783455789089203 0.021966299042105675 1.3235795497894287 0.23456959426403046 0.9669529795646667 0.09989511221647263 -0.1841696798801422 -0.0449988879263401 -0.09185124933719635 0.9947554469108582 0.988023042678833 0.0 0.0 0.0 1.0
0.9699251055717468 -0.241728276014328 0.02850792184472084 1.3130483627319336 0.2377997487783432 0.9660603404045105 0.10088961571455002 -0.18561983108520508 -0.05192824453115463 -0.09107619524002075 0.9944891333580017 0.9898942112922668 0.0 0.0 0.0 1.0
0.9690200686454773 -0.2447679340839386 0.03299635648727417 1.304924726486206 0.24026592075824738 0.9651628732681274 0.10359982401132584 -0.1869291365146637 -0.05720477178692818 -0.09246240556240082 0.9940716028213501 0.9914279580116272 0.0 0.0 0.0 1.0
0.9686440229415894 -0.2454376369714737 0.038588788360357285 1.2967935800552368 0.24062639474868774 0.9654231667518616 0.10028469562530518 -0.1884811967611313 -0.061868149787187576 -0.08785469084978104 0.9942101836204529 0.9933987855911255 0.0 0.0 0.0 1.0
0.9683436751365662 -0.24545101821422577 0.04543459415435791 1.2852463722229004 0.2400386929512024 0.9655641317367554 0.10033618658781052 -0.19080005586147308 -0.06849762797355652 -0.08625385165214539 0.9939156770706177 0.9963713884353638 0.0 0.0 0.0 1.0
0.9679999947547913 -0.24634279310703278 0.04786727949976921 1.2766056060791016 0.24089844524860382 0.9656102061271667 0.09780003130435944 -0.1928350180387497 -0.0703134685754776 -0.08313927054405212 0.9940542578697205 0.9989802837371826 0.0 0.0 0.0 1.0
0.9667892456054688 -0.25027430057525635 0.05178138241171837 1.268371820449829 0.24421162903308868 0.9643867611885071 0.10158155113458633 -0.1948060542345047 -0.07536052912473679 -0.0855623409152031 0.9934786558151245 1.001288652420044 0.0 0.0 0.0 1.0
0.9646720886230469 -0.25697061419487 0.058084581047296524 1.2571972608566284 0.2500378489494324 0.9624783396720886 0.10543468594551086 -0.19748814404010773 -0.08299876749515533 -0.08718656003475189 0.9927284121513367 1.0055532455444336 0.0 0.0 0.0 1.0
0.9639855027198792 -0.2589268386363983 0.060736145824193954 1.2485363483428955 0.2521449029445648 0.9624115228652954 0.10093092173337936 -0.19983376562595367 -0.08458688855171204 -0.08198162913322449 0.9930378198623657 1.009133219718933 0.0 0.0 0.0 1.0
0.9619901776313782 -0.26592615246772766 0.062113985419273376 1.236847162246704 0.25904080271720886 0.960602879524231 0.10069764405488968 -0.2033289074897766 -0.08644501119852066 -0.08078008890151978 0.9929762482643127 1.0144245624542236 0.0 0.0 0.0 1.0
0.9603045582771301 -0.2708602845668793 0.06670749932527542 1.2279618978500366 0.26334741711616516 0.9591407179832458 0.10342760384082794 -0.20562869310379028 -0.09199631214141846 -0.08175475150346756 0.9923975467681885 1.0189414024353027 0.0 0.0 0.0 1.0
0.9601166248321533 -0.27158188819885254 0.06647853553295135 1.2189606428146362 0.26398706436157227 0.9588479399681091 0.10450553148984909 -0.20777444541454315 -0.09212461858987808 -0.08278802782297134 0.9922999739646912 1.0239993333816528 0.0 0.0 0.0 1.0
0.9577469229698181 -0.27946969866752625 0.06795236468315125 1.2069257497787476 0.2711210250854492 0.9561241269111633 0.11099553853273392 -0.2105744183063507 -0.09599079191684723 -0.08788231760263443 0.9914950728416443 1.0307003259658813 0.0 0.0 0.0 1.0
0.957146167755127 -0.2802536189556122 0.07300087064504623 1.1982241868972778 0.27163058519363403 0.9561723470687866 0.10932188481092453 -0.21322089433670044 -0.10043926537036896 -0.08480775356292725 0.9913221597671509 1.0360573530197144 0.0 0.0 0.0 1.0
0.9569907784461975 -0.28004714846611023 0.07577776163816452 1.189819574356079 0.27098944783210754 0.9561347365379333 0.11122523248195648 -0.21545523405075073 -0.10360206663608551 -0.08590655028820038 0.9909019470214844 1.0413053035736084 0.0 0.0 0.0 1.0
0.9553652405738831 -0.28481167554855347 0.0784829780459404 1.1790963411331177 0.2746792733669281 0.9541516304016113 0.11893671005964279 -0.21917881071567535 -0.10875922441482544 -0.09207035601139069 0.9897951483726501 1.0480881929397583 0.0 0.0 0.0 1.0
0.9525838494300842 -0.29323410987854004 0.08122662454843521 1.1710859537124634 0.28236544132232666 0.9513757824897766 0.1231008991599083 -0.2219221293926239 -0.11337443441152573 -0.09432833641767502 0.9890643954277039 1.053861141204834 0.0 0.0 0.0 1.0
0.9515261054039001 -0.2957105040550232 0.08457745611667633 1.161147117614746 0.28463807702064514 0.9508250951766968 0.12211781740188599 -0.22611984610557556 -0.11652988940477371 -0.0921243280172348 0.9889054298400879 1.0615383386611938 0.0 0.0 0.0 1.0
0.9508835077285767 -0.29666322469711304 0.08838246762752533 1.1537487506866455 0.285921573638916 0.9511497616767883 0.11646019667387009 -0.22929172217845917 -0.11861442774534225 -0.08546962589025497 0.9892550706863403 1.0670839548110962 0.0 0.0 0.0 1.0
0.9511215686798096 -0.2945557236671448 0.09276121854782104 1.1463454961776733 0.28314974904060364 0.951693594455719 0.11876671016216278 -0.23228877782821655 -0.12326367199420929 -0.08669626712799072 0.9885796904563904 1.0727264881134033 0.0 0.0 0.0 1.0
0.950271725654602 -0.29737940430641174 0.09246169775724411 1.1365282535552979 0.2850160300731659 0.9501259922981262 0.12659554183483124 -0.23612584173679352 -0.12549717724323273 -0.09394709765911102 0.9876357913017273 1.0793477296829224 0.0 0.0 0.0 1.0
0.9499255418777466 -0.2983781397342682 0.09280069917440414 1.129329800605774 0.28680646419525146 0.9504328370094299 0.1200810894370079 -0.2392948865890503 -0.12403041124343872 -0.08745225518941879 0.9884172081947327 1.0848983526229858 0.0 0.0 0.0 1.0
0.9502668380737305 -0.2959926724433899 0.09685701876878738 1.1223397254943848 0.2831403315067291 0.950612485408783 0.127151221036911 -0.24152883887290955 -0.12970931828022003 -0.09340345859527588 0.9871429800987244 1.0895991325378418 0.0 0.0 0.0 1.0
0.949667751789093 -0.2956445813179016 0.1035635694861412 1.1126641035079956 0.2813242971897125 0.9503245949745178 0.13319070637226105 -0.24519960582256317 -0.13779611885547638 -0.09735197573900223 0.9856646656990051 1.0944846868515015 0.0 0.0 0.0 1.0
0.9498158097267151 -0.29581496119499207 0.101702481508255 1.1062837839126587 0.28347668051719666 0.9514454007148743 0.11996917426586151 -0.24860015511512756 -0.132253035902977 -0.08511834591627121 0.9875545501708984 1.0994634628295898 0.0 0.0 0.0 1.0
0.9492848515510559 -0.296004980802536 0.10601577162742615 1.099626064300537 0.2817826569080353 0.9505208134651184 0.13080044090747833 -0.250956267118454 -0.13948777318000793 -0.09429346770048141 0.9857240319252014 1.1029582023620605 0.0 0.0 0.0 1.0
0.9476268291473389 -0.301601380109787 0.10507126152515411 1.090433955192566 0.287214070558548 0.9486362338066101 0.13265502452850342 -0.25414398312568665 -0.139683336019516 -0.09552951902151108 0.9855773448944092 1.1082348823547363 0.0 0.0 0.0 1.0
0.9463531374931335 -0.30632859468460083 0.10285210609436035 1.0839558839797974 0.29267340898513794 0.9474737048149109 0.12898023426532745 -0.25680792331695557 -0.1369599997997284 -0.09195876866579056 0.9862989187240601 1.1127057075500488 0.0 0.0 0.0 1.0
0.9460972547531128 -0.30573445558547974 0.10689425468444824 1.0778859853744507 0.29067012667655945 0.9470859169960022 0.13615860044956207 -0.25903892517089844 -0.14286641776561737 -0.09774831682443619 0.9849032759666443 1.1166234016418457 0.0 0.0 0.0 1.0
0.9454529285430908 -0.30464252829551697 0.11537651717662811 1.0699942111968994 0.2885207533836365 0.9475340247154236 0.13760486245155334 -0.2623441815376282 -0.15124346315860748 -0.09681039303541183 0.9837444424629211 1.121971845626831 0.0 0.0 0.0 1.0
0.9445422887802124 -0.3077924847602844 0.11447097361087799 1.0633091926574707 0.292228639125824 0.9468319416046143 0.1345796436071396 -0.2642437219619751 -0.1498073786497116 -0.09366446733474731 0.9842686057090759 1.1262917518615723 0.0 0.0 0.0 1.0
0.9425117373466492 -0.31251201033592224 0.1183549016714096 1.057337760925293 0.29561710357666016 0.9448758959770203 0.1407838761806488 -0.2660168409347534 -0.1558273434638977 -0.09770271927118301 0.9829404950141907 1.1300077438354492 0.0 0.0 0.0 1.0
0.9417411684989929 -0.3121340870857239 0.12528307735919952 1.049647331237793 0.2938383221626282 0.944778561592102 0.1450948715209961 -0.2684452533721924 -0.16365382075309753 -0.09982883930206299 0.9814538359642029 1.134817123413086 0.0 0.0 0.0 1.0
0.9409601092338562 -0.3137056827545166 0.12721166014671326 1.0442562103271484 0.29633021354675293 0.9449942111968994 0.1384713351726532 -0.2703360319137573 -0.16365353763103485 -0.09259934723377228 0.982162356376648 1.1393932104110718 0.0 0.0 0.0 1.0
0.9379974007606506 -0.3212178647518158 0.1303071677684784 1.0386803150177002 0.30272892117500305 0.9422140717506409 0.1434844583272934 -0.27174416184425354 -0.16886702179908752 -0.09514030069112778 0.9810363054275513 1.1430901288986206 0.0 0.0 0.0 1.0
0.9344202876091003 -0.3286357820034027 0.13732165098190308 1.032467246055603 0.30950820446014404 0.9400038123130798 0.1435181051492691 -0.2741900384426117 -0.17624805867671967 -0.09160405397415161 0.9800741672515869 1.148830771446228 0.0 0.0 0.0 1.0
0.9310442209243774 -0.3361254930496216 0.1420435607433319 1.0276775360107422 0.3157481849193573 0.9372062087059021 0.1481473445892334 -0.2755187749862671 -0.1829201877117157 -0.09308172762393951 0.9787113666534424 1.1530430316925049 0.0 0.0 0.0 1.0
0.9275822639465332 -0.34283193945884705 0.14851753413677216 1.0234869718551636 0.3215351104736328 0.9349414110183716 0.14999918639659882 -0.2770234942436218 -0.19027969241142273 -0.09138298779726028 0.9774675369262695 1.1573967933654785 0.0 0.0 0.0 1.0
0.9215796589851379 -0.35401731729507446 0.15925665199756622 1.0175620317459106 0.3305973410606384 0.9307897686958313 0.1559992879629135 -0.2788435220718384 -0.2034609168767929 -0.09111594408750534 0.9748340845108032 1.1632611751556396 0.0 0.0 0.0 1.0
0.9186023473739624 -0.3583526909351349 0.166592538356781 1.0135653018951416 0.33443278074264526 0.9295216202735901 0.15538424253463745 -0.2805396020412445 -0.2105337381362915 -0.0870223194360733 0.9737056493759155 1.1679697036743164 0.0 0.0 0.0 1.0
0.9143134951591492 -0.3660672605037689 0.17327897250652313 1.008463740348816 0.34091031551361084 0.9266029596328735 0.15870429575443268 -0.2817560136318207 -0.2186572551727295 -0.08603288978338242 0.9720017313957214 1.1725821495056152 0.0 0.0 0.0 1.0
0.907355010509491 -0.37749287486076355 0.18494878709316254 1.002240777015686 0.3504437506198883 0.9222663640975952 0.16313770413398743 -0.283852219581604 -0.23215538263320923 -0.08320966362953186 0.9691129922866821 1.1785168647766113 0.0 0.0 0.0 1.0
0.9030267000198364 -0.3851189911365509 0.1903316229581833 0.9971392154693604 0.35662057995796204 0.9190771579742432 0.16768710315227509 -0.2850686311721802 -0.23950892686843872 -0.08354976773262024 0.9672925472259521 1.1831291913986206 0.0 0.0 0.0 1.0
0.8935966491699219 -0.4000110328197479 0.20365694165229797 0.9851263761520386 0.37148135900497437 0.913715660572052 0.16469766199588776 -0.28869226574897766 -0.2519654333591461 -0.07151852548122406 0.9650899171829224 1.1933772563934326 0.0 0.0 0.0 1.0
0.8862144351005554 -0.40951499342918396 0.2166135013103485 0.9735791683197021 0.380875825881958 0.9102240204811096 0.1625601351261139 -0.2918735444545746 -0.26373761892318726 -0.06156030669808388 0.9626280665397644 1.2007901668548584 0.0 0.0 0.0 1.0
0.8846696615219116 -0.4110307991504669 0.22003018856048584 0.9671122431755066 0.3817678391933441 0.9095630645751953 0.16415934264659882 -0.2931876480579376 -0.26760587096214294 -0.061226341873407364 0.9615812301635742 1.2040660381317139 0.0 0.0 0.0 1.0
0.8795405626296997 -0.41682302951812744 0.22949273884296417 0.959027111530304 0.38655734062194824 0.9071704745292664 0.16617818176746368 -0.29529157280921936 -0.2774559259414673 -0.057448361068964005 0.9590192437171936 1.2084767818450928 0.0 0.0 0.0 1.0
0.876154899597168 -0.42173418402671814 0.23343707621097565 0.9527758359909058 0.39267683029174805 0.905335545539856 0.16177892684936523 -0.2972632944583893 -0.27956658601760864 -0.050078071653842926 0.9588194489479065 1.211505651473999 0.0 0.0 0.0 1.0
0.8764401078224182 -0.42083293199539185 0.23399227857589722 0.9466297030448914 0.3907366991043091 0.9055715799331665 0.16512101888656616 -0.2989034354686737 -0.2813851237297058 -0.05328930541872978 0.9581141471862793 1.2141485214233398 0.0 0.0 0.0 1.0
0.8704102635383606 -0.4312039315700531 0.2375902533531189 0.9376274943351746 0.4024196267127991 0.9011451601982117 0.1612321138381958 -0.3009132146835327 -0.2836272418498993 -0.044727109372615814 0.9578909277915955 1.2191675901412964 0.0 0.0 0.0 1.0
0.8707637786865234 -0.4320530891418457 0.23473519086837769 0.93166583776474 0.4019886255264282 0.9004432559013367 0.16615381836891174 -0.30221056938171387 -0.2831529974937439 -0.0503198467195034 0.9577537775039673 1.2222329378128052 0.0 0.0 0.0 1.0
0.8690548539161682 -0.43600746989250183 0.2337544858455658 0.9252838492393494 0.4067215919494629 0.8986844420433044 0.1641456037759781 -0.30350378155708313 -0.2816402316093445 -0.047578535974025726 0.9583397507667542 1.2260938882827759 0.0 0.0 0.0 1.0
0.867400050163269 -0.44015857577323914 0.23211552202701569 0.9170655608177185 0.40785282850265503 0.8960935473442078 0.1751355677843094 -0.3048417568206787 -0.28508463501930237 -0.057243626564741135 0.9567914605140686 1.231385350227356 0.0 0.0 0.0 1.0
0.8657633066177368 -0.4433751702308655 0.2321041375398636 0.9109659790992737 0.4102388322353363 0.8943840265274048 0.17827311158180237 -0.30602380633354187 -0.28663209080696106 -0.059124190360307693 0.9562146067619324 1.2358851432800293 0.0 0.0 0.0 1.0
0.8657979965209961 -0.4399600028991699 0.23838846385478973 0.9061766266822815 0.4060554504394531 0.8961247801780701 0.17910714447498322 -0.30767300724983215 -0.2924257814884186 -0.05827167257666588 0.9545111656188965 1.2402626276016235 0.0 0.0 0.0 1.0
0.863153338432312 -0.44308972358703613 0.24215248227119446 0.8987189531326294 0.408001184463501 0.8945503234863281 0.18252331018447876 -0.310077428817749 -0.29749178886413574 -0.05874709412455559 0.9529151916503906 1.2477205991744995 0.0 0.0 0.0 1.0
0.8623103499412537 -0.4444299638271332 0.24269911646842957 0.8930157423019409 0.4098045527935028 0.8940178155899048 0.18108677864074707 -0.31236085295677185 -0.2974577248096466 -0.05669380724430084 0.9530501961708069 1.252988338470459 0.0 0.0 0.0 1.0
0.860491156578064 -0.4462200701236725 0.24585078656673431 0.8875158429145813 0.41172125935554504 0.8932976126670837 0.18029151856899261 -0.314864844083786 -0.30006760358810425 -0.053917258977890015 0.9523929357528687 1.2582515478134155 0.0 0.0 0.0 1.0
0.8606786131858826 -0.4430777430534363 0.25082749128341675 0.8801763653755188 0.40713393688201904 0.8947435021400452 0.18351039290428162 -0.3180156648159027 -0.30573561787605286 -0.055823102593421936 0.9504785537719727 1.2654114961624146 0.0 0.0 0.0 1.0
0.8605893850326538 -0.4433870017528534 0.2505870759487152 0.8746764659881592 0.40704527497291565 0.8945120573043823 0.18483057618141174 -0.3205196261405945 -0.3061046302318573 -0.057062938809394836 0.9502861499786377 1.2706745862960815 0.0 0.0 0.0 1.0
0.8595132827758789 -0.44457578659057617 0.25216910243034363 0.8674167394638062 0.4083807170391083 0.894028902053833 0.18422135710716248 -0.3239797353744507 -0.30734682083129883 -0.05535971373319626 0.949985921382904 1.2788082361221313 0.0 0.0 0.0 1.0
0.8586511015892029 -0.44435375928878784 0.25547611713409424 0.8622832298278809 0.40697991847991943 0.8940518498420715 0.18718604743480682 -0.3262156546115875 -0.3115857243537903 -0.05675385519862175 0.9485216736793518 1.285256266593933 0.0 0.0 0.0 1.0
0.859326183795929 -0.44194164872169495 0.25738325715065 0.8572525382041931 0.40492573380470276 0.8953481316566467 0.18543685972690582 -0.32885804772377014 -0.31239989399909973 -0.055129628628492355 0.94834965467453 1.2918236255645752 0.0 0.0 0.0 1.0
0.8610324263572693 -0.43963509798049927 0.2556249797344208 0.8503681421279907 0.402447909116745 0.8963485360145569 0.18599732220172882 -0.3322637975215912 -0.3109000027179718 -0.0572739876806736 0.9487153887748718 1.3009090423583984 0.0 0.0 0.0 1.0
0.8614674806594849 -0.4409371316432953 0.25188934803009033 0.8448155522346497 0.40297138690948486 0.8954244256019592 0.1892860382795334 -0.3349520266056061 -0.3090111017227173 -0.06155956909060478 0.9490640163421631 1.3083570003509521 0.0 0.0 0.0 1.0
0.8618547320365906 -0.4417342245578766 0.24915307760238647 0.8377286195755005 0.4035344421863556 0.8948747515678406 0.19068077206611633 -0.33877816796302795 -0.30719101428985596 -0.06379728019237518 0.9495069980621338 1.3177775144577026 0.0 0.0 0.0 1.0
0.8630592226982117 -0.43866053223609924 0.25041109323501587 0.8333884477615356 0.40007293224334717 0.8963085412979126 0.19123969972133636 -0.3417019248008728 -0.30833491683006287 -0.06486847996711731 0.9490635991096497 1.3248870372772217 0.0 0.0 0.0 1.0
0.8633823990821838 -0.43673181533813477 0.2526581287384033 0.8283529281616211 0.39877650141716003 0.8974480628967285 0.18858486413955688 -0.3449949622154236 -0.30910855531692505 -0.06206672266125679 0.948999285697937 1.3320081233978271 0.0 0.0 0.0 1.0
0.8651911616325378 -0.43450066447257996 0.25030672550201416 0.8215711712837219 0.3976615369319916 0.8986150026321411 0.18535484373569489 -0.3493121564388275 -0.3054661750793457 -0.0608300119638443 0.9502578973770142 1.3415043354034424 0.0 0.0 0.0 1.0
0.8666695356369019 -0.4345407783985138 0.24506770074367523 0.8103190660476685 0.39667272567749023 0.8981406092643738 0.1897212713956833 -0.3556900918483734 -0.302546888589859 -0.0672139823436737 0.950761616230011 1.3588160276412964 0.0 0.0 0.0 1.0
0.8723880052566528 -0.42590147256851196 0.23988984525203705 0.8007106184959412 0.38953396677970886 0.902202308177948 0.18518716096878052 -0.3614628314971924 -0.2953006625175476 -0.06810981035232544 0.9529735445976257 1.3740899562835693 0.0 0.0 0.0 1.0
0.8723533153533936 -0.42727264761924744 0.2375662922859192 0.7957433462142944 0.39052659273147583 0.9013727903366089 0.1871257871389389 -0.3639385402202606 -0.29408952593803406 -0.07046384364366531 0.9531769156455994 1.3820093870162964 0.0 0.0 0.0 1.0
0.8745893239974976 -0.4239758253097534 0.23524044454097748 0.7914813160896301 0.38614264130592346 0.9024683833122253 0.19090482592582703 -0.36639463901519775 -0.29323610663414 -0.07612695544958115 0.9530043601989746 1.3897231817245483 0.0 0.0 0.0 1.0
0.8777276277542114 -0.41999635100364685 0.2306452840566635 0.7851571440696716 0.38447460532188416 0.9045922160148621 0.18409836292266846 -0.36972370743751526 -0.2859605550765991 -0.07291095703840256 0.9554635286331177 1.40034818649292 0.0 0.0 0.0 1.0
0.8795078992843628 -0.41750237345695496 0.22838041186332703 0.7805942893028259 0.3828510642051697 0.9058023691177368 0.1815134435892105 -0.37204810976982117 -0.28264981508255005 -0.07220683246850967 0.9565015435218811 1.408015489578247 0.0 0.0 0.0 1.0
0.8824893832206726 -0.4130873680114746 0.22488072514533997 0.7744550704956055 0.37641608715057373 0.9069867730140686 0.188907191157341 -0.3740243911743164 -0.28199902176856995 -0.08205986768007278 0.9558989405632019 1.4184799194335938 0.0 0.0 0.0 1.0
0.8841680884361267 -0.4113883972167969 0.22137373685836792 0.7696854472160339 0.37563782930374146 0.9077748656272888 0.18665748834609985 -0.3759048581123352 -0.2777462303638458 -0.08188024908304214 0.957158625125885 1.4261614084243774 0.0 0.0 0.0 1.0
0.8886725306510925 -0.4058607816696167 0.21339677274227142 0.7645300626754761 0.3731152415275574 0.9105534553527832 0.17798158526420593 -0.37767454981803894 -0.266544908285141 -0.07854574918746948 0.9606166481971741 1.4332112073898315 0.0 0.0 0.0 1.0
0.8930758833885193 -0.3981650769710541 0.20947565138339996 0.757619321346283 0.36574700474739075 0.9136625528335571 0.17734123766422272 -0.37942925095558167 -0.2620011270046234 -0.0817640870809555 0.9615976214408875 1.4424124956130981 0.0 0.0 0.0 1.0
0.895669162273407 -0.3936290144920349 0.20696112513542175 0.7518765926361084 0.36066603660583496 0.9152002334594727 0.17980149388313293 -0.38031408190727234 -0.26018595695495605 -0.08639881014823914 0.9616852402687073 1.4484562873840332 0.0 0.0 0.0 1.0
0.8998349905014038 -0.3874981701374054 0.20035502314567566 0.74653559923172 0.3568287193775177 0.9180253744125366 0.17292387783527374 -0.3814651668071747 -0.25093868374824524 -0.08411052823066711 0.9643418192863464 1.4545880556106567 0.0 0.0 0.0 1.0
0.9042838215827942 -0.3817301094532013 0.19118806719779968 0.7387551069259644 0.3519895076751709 0.9200409054756165 0.172128364443779 -0.38244616985321045 -0.2416074275970459 -0.08835670351982117 0.966343104839325 1.4621446132659912 0.0 0.0 0.0 1.0
0.9069287776947021 -0.37660881876945496 0.18880154192447662 0.7336172461509705 0.34610259532928467 0.921583890914917 0.175773024559021 -0.38299232721328735 -0.24019412696361542 -0.09406889975070953 0.9661561846733093 1.4678151607513428 0.0 0.0 0.0 1.0
0.9105827808380127 -0.36850544810295105 0.18719704449176788 0.7279045581817627 0.3390333950519562 0.9249746799468994 0.17169208824634552 -0.38391613960266113 -0.23642200231552124 -0.09287380427122116 0.9672017097473145 1.4726938009262085 0.0 0.0 0.0 1.0
0.9157865047454834 -0.3569658696651459 0.18414780497550964 0.7207618355751038 0.32950499653816223 0.9298363327980042 0.16380108892917633 -0.3850053548812866 -0.22969873249530792 -0.08932920545339584 0.969153642654419 1.4788285493850708 0.0 0.0 0.0 1.0
0.9182143807411194 -0.3542209565639496 0.17722812294960022 0.7116154432296753 0.3254236876964569 0.9297472238540649 0.17224827408790588 -0.38493815064430237 -0.2257913053035736 -0.10048661381006241 0.9689792394638062 1.484426736831665 0.0 0.0 0.0 1.0
0.9240775108337402 -0.34300148487091064 0.1686142385005951 0.6989387273788452 0.316277414560318 0.9339380860328674 0.16651804745197296 -0.38543516397476196 -0.21459120512008667 -0.1005467027425766 0.9715147614479065 1.4914803504943848 0.0 0.0 0.0 1.0
0.9283453226089478 -0.3320464789867401 0.16709297895431519 0.6910350322723389 0.3038538098335266 0.9367995262145996 0.1734345406293869 -0.38513749837875366 -0.21412095427513123 -0.1102353110909462 0.9705670475959778 1.4952832460403442 0.0 0.0 0.0 1.0
0.9301455020904541 -0.32817405462265015 0.1647154539823532 0.6846515536308289 0.30081143975257874 0.9382786750793457 0.17072071135044098 -0.385148823261261 -0.21057511866092682 -0.10924680531024933 0.9714542031288147 1.4984835386276245 0.0 0.0 0.0 1.0
0.93229740858078 -0.3244267702102661 0.1599024385213852 0.6782811880111694 0.2979316711425781 0.9394940733909607 0.16907872259616852 -0.38490769267082214 -0.205081045627594 -0.109991654753685 0.9725449085235596 1.501023292541504 0.0 0.0 0.0 1.0
0.932932436466217 -0.3225362002849579 0.16002324223518372 0.6695846915245056 0.294191837310791 0.9390895366668701 0.17765703797340393 -0.3837376832962036 -0.20757697522640228 -0.11866449564695358 0.9709945917129517 1.5040384531021118 0.0 0.0 0.0 1.0
0.934669017791748 -0.3183189034461975 0.1583254039287567 0.6629171371459961 0.2904498279094696 0.9405136704444885 0.17627505958080292 -0.3830832540988922 -0.20501889288425446 -0.11877324432134628 0.9715246558189392 1.5062307119369507 0.0 0.0 0.0 1.0
0.9374650716781616 -0.312770813703537 0.15275365114212036 0.6532481908798218 0.2856059670448303 0.9420343637466431 0.176069438457489 -0.38155853748321533 -0.1989685744047165 -0.12143159657716751 0.9724535346031189 1.5079387426376343 0.0 0.0 0.0 1.0
0.9385420680046082 -0.3093179762363434 0.15317048132419586 0.646307647228241 0.28136172890663147 0.9426469206809998 0.17958953976631165 -0.3802190124988556 -0.1999359428882599 -0.12545602023601532 0.9717440009117126 1.5086761713027954 0.0 0.0 0.0 1.0
0.9406073689460754 -0.3040015399456024 0.15113170444965363 0.638876736164093 0.2770231068134308 0.9446133375167847 0.1759653240442276 -0.3789157271385193 -0.19625476002693176 -0.1236473098397255 0.9727257490158081 1.5090417861938477 0.0 0.0 0.0 1.0
0.9432377219200134 -0.29849690198898315 0.14560961723327637 0.6289716958999634 0.2736096680164337 0.9469195604324341 0.16876336932182312 -0.3771916329860687 -0.1882559359073639 -0.11934378743171692 0.9748418927192688 1.5081108808517456 0.0 0.0 0.0 1.0
0.9437270760536194 -0.2970365881919861 0.1454249769449234 0.6216769218444824 0.2716166079044342 0.9469818472862244 0.17160943150520325 -0.3757317364215851 -0.18868909776210785 -0.12245262414216995 0.9743725061416626 1.5069642066955566 0.0 0.0 0.0 1.0
0.945844292640686 -0.29249808192253113 0.14079590141773224 0.6141873598098755 0.2683136463165283 0.9485527276992798 0.16809386014938354 -0.3739445209503174 -0.18271946907043457 -0.1212131604552269 0.9756643772125244 1.505423903465271 0.0 0.0 0.0 1.0
0.946607232093811 -0.293301522731781 0.1338244378566742 0.6035217642784119 0.2713398039340973 0.9489940404891968 0.1605772078037262 -0.3719794452190399 -0.17409612238407135 -0.1156916469335556 0.9779089689254761 1.5027830600738525 0.0 0.0 0.0 1.0
0.9480045437812805 -0.2898063361644745 0.1315283179283142 0.5881842374801636 0.2689596116542816 0.9504811763763428 0.15571199357509613 -0.36875078082084656 -0.17014151811599731 -0.11223987489938736 0.9790066480636597 1.4982458353042603 0.0 0.0 0.0 1.0
0.9495177268981934 -0.2859438359737396 0.12904328107833862 0.580732524394989 0.2658047378063202 0.9517771601676941 0.15319281816482544 -0.36758527159690857 -0.1666249930858612 -0.11115898936986923 0.9797345399856567 1.4955601692199707 0.0 0.0 0.0 1.0
0.9497450590133667 -0.28575652837753296 0.12777942419052124 0.5703839063644409 0.26615095138549805 0.9520502686500549 0.15087737143039703 -0.3654024004936218 -0.16476662456989288 -0.10928641259670258 0.980259358882904 1.4921305179595947 0.0 0.0 0.0 1.0
0.9504124522209167 -0.2828914523124695 0.12918446958065033 0.5634291172027588 0.26288893818855286 0.9527376890182495 0.1522507220506668 -0.3638218939304352 -0.1661493331193924 -0.1107398122549057 0.9798628091812134 1.4893407821655273 0.0 0.0 0.0 1.0
0.9501274824142456 -0.2842837870121002 0.12822045385837555 0.5556709170341492 0.26491910219192505 0.9526690244674683 0.14912939071655273 -0.3617088794708252 -0.16454671323299408 -0.1077238917350769 0.9804692268371582 1.4863752126693726 0.0 0.0 0.0 1.0
0.9498332142829895 -0.2855331599712372 0.12762336432933807 0.5480220913887024 0.2652779817581177 0.9516587853431702 0.15483281016349792 -0.35962364077568054 -0.16566379368305206 -0.11320966482162476 0.9796627163887024 1.4830528497695923 0.0 0.0 0.0 1.0
0.9501321911811829 -0.28421854972839355 0.12833037972450256 0.5382750034332275 0.2647654116153717 0.9526406526565552 0.14958280324935913 -0.35687872767448425 -0.16476693749427795 -0.10814598202705383 0.9803857803344727 1.4792594909667969 0.0 0.0 0.0 1.0
0.9503130316734314 -0.284588485956192 0.12615300714969635 0.5304229259490967 0.2648595869541168 0.9521204829216003 0.1526956558227539 -0.35457295179367065 -0.16356828808784485 -0.11169582605361938 0.9801884889602661 1.4759416580200195 0.0 0.0 0.0 1.0
0.9503273367881775 -0.2845700681209564 0.12608645856380463 0.5206664800643921 0.2643754780292511 0.9517969489097595 0.15552549064159393 -0.3512938618659973 -0.16426660120487213 -0.11446595937013626 0.9797520041465759 1.4722161293029785 0.0 0.0 0.0 1.0
0.9509457945823669 -0.28229156136512756 0.12654484808444977 0.5128947496414185 0.2627430260181427 0.9529263377189636 0.15131935477256775 -0.3491128385066986 -0.16330409049987793 -0.11064772307872772 0.9803513884544373 1.4697456359863281 0.0 0.0 0.0 1.0
0.9515776634216309 -0.28075557947158813 0.12520506978034973 0.5024417042732239 0.26128819584846497 0.9532610177993774 0.15172985196113586 -0.34574657678604126 -0.16195210814476013 -0.11166812479496002 0.980459988117218 1.465827465057373 0.0 0.0 0.0 1.0
0.9527508020401001 -0.27812257409095764 0.12212200462818146 0.48690393567085266 0.25848501920700073 0.9535098671913147 0.15493373572826385 -0.34086981415748596 -0.15953509509563446 -0.11604652553796768 0.980347752571106 1.460371732711792 0.0 0.0 0.0 1.0
0.9533771276473999 -0.27597951889038086 0.12209547311067581 0.4786430895328522 0.25631365180015564 0.9540660381317139 0.1551171839237213 -0.33835604786872864 -0.15929631888866425 -0.11659044772386551 0.9803220629692078 1.457276701927185 0.0 0.0 0.0 1.0
0.9550625085830688 -0.27207985520362854 0.11759297549724579 0.46720677614212036 0.2525588870048523 0.9546586275100708 0.15761011838912964 -0.3354799151420593 -0.15514367818832397 -0.12082836031913757 0.9804748296737671 1.4529547691345215 0.0 0.0 0.0 1.0
0.9556663036346436 -0.2711547613143921 0.1147911474108696 0.45895063877105713 0.25233545899391174 0.9550927877426147 0.1553208976984024 -0.33364593982696533 -0.15175220370292664 -0.11946907639503479 0.9811719655990601 1.4500542879104614 0.0 0.0 0.0 1.0
0.9563753008842468 -0.2702368199825287 0.1109878197312355 0.45020079612731934 0.25193941593170166 0.9552580118179321 0.1549471765756607 -0.3316248655319214 -0.14789444208145142 -0.1202254444360733 0.9816685318946838 1.4467915296554565 0.0 0.0 0.0 1.0
0.9578012228012085 -0.2660517692565918 0.10878109186887741 0.43838441371917725 0.24760375916957855 0.9559195041656494 0.15782983601093292 -0.329453706741333 -0.14597687125205994 -0.12423498928546906 0.9814562797546387 1.442071557044983 0.0 0.0 0.0 1.0
0.9590026140213013 -0.26332715153694153 0.10475125908851624 0.4300442636013031 0.24567601084709167 0.9567341208457947 0.1558944284915924 -0.32777661085128784 -0.14127033948898315 -0.12376828491687775 0.9822037220001221 1.4386248588562012 0.0 0.0 0.0 1.0
0.9595949649810791 -0.2641024589538574 0.09709469228982925 0.4212265610694885 0.2476615458726883 0.9565125107765198 0.1541026085615158 -0.32689329981803894 -0.13357116281986237 -0.12382946163415909 0.9832726120948792 1.434728980064392 0.0 0.0 0.0 1.0
0.9615830779075623 -0.25830164551734924 0.09294243156909943 0.4098356366157532 0.24314652383327484 0.9585679769515991 0.1484156996011734 -0.32572656869888306 -0.12742766737937927 -0.12011539191007614 0.9845478534698486 1.4295728206634521 0.0 0.0 0.0 1.0
0.9629489779472351 -0.25411054491996765 0.09031684696674347 0.40111884474754333 0.23985517024993896 0.9600813388824463 0.1439211219549179 -0.3249778151512146 -0.12328339368104935 -0.11692573130130768 0.9854590892791748 1.4257184267044067 0.0 0.0 0.0 1.0
0.9634636640548706 -0.2534652054309845 0.08656299114227295 0.3930901288986206 0.2399977147579193 0.9604629874229431 0.14110954105854034 -0.32442301511764526 -0.1189069077372551 -0.11517898738384247 0.9862022995948792 1.4224547147750854 0.0 0.0 0.0 1.0
0.9652541875839233 -0.248533695936203 0.0807177796959877 0.3819868862628937 0.23587225377559662 0.9616162180900574 0.1402088850736618 -0.3236404061317444 -0.11246616393327713 -0.1162981241941452 0.9868263006210327 1.4180054664611816 0.0 0.0 0.0 1.0
0.96578449010849 -0.24742543697357178 0.07772400230169296 0.3739659786224365 0.23517753183841705 0.9618605375289917 0.13969898223876953 -0.32366830110549927 -0.10932473093271255 -0.11664017289876938 0.9871388673782349 1.4147613048553467 0.0 0.0 0.0 1.0
0.9668645262718201 -0.24425865709781647 0.074234239757061 0.3663387894630432 0.23275554180145264 0.9628788828849792 0.13670819997787476 -0.3238847255706787 -0.1048707440495491 -0.11489987373352051 0.9878259897232056 1.4118770360946655 0.0 0.0 0.0 1.0
0.9674032330513 -0.24168163537979126 0.0756373181939125 0.35612526535987854 0.22971628606319427 0.9631950855255127 0.1395910233259201 -0.32407012581825256 -0.10659008473157883 -0.11766567826271057 0.9873162508010864 1.4083929061889648 0.0 0.0 0.0 1.0
0.9686977863311768 -0.23749053478240967 0.07226905971765518 0.34828102588653564 0.2265799641609192 0.964806079864502 0.13345691561698914 -0.32450297474861145 -0.10142038017511368 -0.11290469020605087 0.9884161353111267 1.4062998294830322 0.0 0.0 0.0 1.0
0.9688233137130737 -0.23837678134441376 0.06751257181167603 0.3376554846763611 0.2281515896320343 0.964640736579895 0.13196620345115662 -0.3250824511051178 -0.0965830534696579 -0.11244883388280869 0.9889524579048157 1.4035048484802246 0.0 0.0 0.0 1.0
0.9694567918777466 -0.23588809370994568 0.06715888530015945 0.32223159074783325 0.22559088468551636 0.9650689959526062 0.13323132693767548 -0.32540956139564514 -0.09624063968658447 -0.11401158571243286 0.9888069033622742 1.400423288345337 0.0 0.0 0.0 1.0
0.9701635241508484 -0.23332341015338898 0.06590060144662857 0.31207236647605896 0.22340409457683563 0.9658945202827454 0.13091379404067993 -0.32571959495544434 -0.09419827908277512 -0.1122853234410286 0.989201009273529 1.398815631866455 0.0 0.0 0.0 1.0
0.9702984094619751 -0.23303812742233276 0.06491674482822418 0.30421125888824463 0.2229650914669037 0.965610146522522 0.13372984528541565 -0.32586100697517395 -0.09384842216968536 -0.11528369039297104 0.9888893365859985 1.39722740650177 0.0 0.0 0.0 1.0
0.9706906080245972 -0.2301579862833023 0.06918872892856598 0.2968284487724304 0.21936661005020142 0.9660993814468384 0.13612598180770874 -0.3258495628833771 -0.09817367047071457 -0.11695852130651474 0.9882725477218628 1.3964186906814575 0.0 0.0 0.0 1.0
0.9710781574249268 -0.22814512252807617 0.07040566205978394 0.28656601905822754 0.2175631821155548 0.9669849872589111 0.13268880546092987 -0.3267630934715271 -0.09835352003574371 -0.11353353410959244 0.9886540174484253 1.3952749967575073 0.0 0.0 0.0 1.0
0.970906674861908 -0.2288520336151123 0.07047713547945023 0.27900150418281555 0.21853771805763245 0.9671463370323181 0.12988148629665375 -0.3275023102760315 -0.09788534045219421 -0.11070089042186737 0.9890215992927551 1.3941606283187866 0.0 0.0 0.0 1.0
0.9708890914916992 -0.22884564101696014 0.07073961943387985 0.26844072341918945 0.21819759905338287 0.9668076634407043 0.13293901085853577 -0.3283715546131134 -0.09881412237882614 -0.11363381892442703 0.9885965585708618 1.392921805381775 0.0 0.0 0.0 1.0
0.970730185508728 -0.22794905304908752 0.07564473897218704 0.2609657347202301 0.21687911450862885 0.9672793745994568 0.13165895640850067 -0.32894423604011536 -0.1031811311841011 -0.1113995611667633 0.9884046912193298 1.3921303749084473 0.0 0.0 0.0 1.0
0.9713363647460938 -0.22597669064998627 0.07375737279653549 0.2527974843978882 0.21551215648651123 0.9680925011634827 0.12787266075611115 -0.3296531140804291 -0.10030020028352737 -0.10831175744533539 0.989044189453125 1.3911367654800415 0.0 0.0 0.0 1.0
0.9708309173583984 -0.2280813455581665 0.07393369823694229 0.24482516944408417 0.21756863594055176 0.9676039218902588 0.12808822095394135 -0.3303202986717224 -0.1007530689239502 -0.10826635360717773 0.9890031218528748 1.3902840614318848 0.0 0.0 0.0 1.0
0.9705825448036194 -0.22754637897014618 0.07869041711091995 0.23445235192775726 0.21620792150497437 0.9675198197364807 0.13099437952041626 -0.33107009530067444 -0.10594183206558228 -0.11012736707925797 0.9882552027702332 1.389458179473877 0.0 0.0 0.0 1.0
0.9705578088760376 -0.22718188166618347 0.08003731071949005 0.22667747735977173 0.21601822972297668 0.9679620862007141 0.12800610065460205 -0.33164703845977783 -0.10655374825000763 -0.10694780200719833 0.9885385632514954 1.388659119606018 0.0 0.0 0.0 1.0
0.9693310260772705 -0.23160576820373535 0.0821959376335144 0.21651841700077057 0.22023440897464752 0.9670538902282715 0.12768536806106567 -0.3327825367450714 -0.10906057059764862 -0.10566700994968414 0.9884029030799866 1.3875082731246948 0.0 0.0 0.0 1.0
0.969135046005249 -0.23021289706230164 0.08820042759180069 0.20924770832061768 0.21778523921966553 0.9671239256858826 0.13130447268486023 -0.333711713552475 -0.11552872508764267 -0.10804301500320435 0.9874106645584106 1.3867511749267578 0.0 0.0 0.0 1.0
0.9687022566795349 -0.2311861664056778 0.09038223326206207 0.20158492028713226 0.2189699113368988 0.9673642516136169 0.12750937044620514 -0.3352292776107788 -0.11691094189882278 -0.10372761636972427 0.98771071434021 1.3860036134719849 0.0 0.0 0.0 1.0
0.9667415022850037 -0.23757287859916687 0.09471031278371811 0.19204021990299225 0.2258719652891159 0.9667919874191284 0.11956216394901276 -0.3373856842517853 -0.11996989697217941 -0.09419330209493637 0.9882989525794983 1.3848685026168823 0.0 0.0 0.0 1.0
0.966544508934021 -0.23572030663490295 0.10113171488046646 0.1847759634256363 0.2229432910680771 0.9670140147209167 0.12320787459611893 -0.3384411334991455 -0.12683838605880737 -0.09653925895690918 0.9872143864631653 1.3839268684387207 0.0 0.0 0.0 1.0
0.9659627676010132 -0.23697832226753235 0.10371678322553635 0.1773173063993454 0.22363163530826569 0.9665433168411255 0.1256302297115326 -0.33948975801467896 -0.13001839816570282 -0.09815976768732071 0.9866406917572021 1.3827569484710693 0.0 0.0 0.0 1.0
0.9646714925765991 -0.23994280397891998 0.10879498720169067 0.1674930900335312 0.22658690810203552 0.9663140177726746 0.12204751372337341 -0.34083476662635803 -0.13441453874111176 -0.09308423846960068 0.9865434765815735 1.3803515434265137 0.0 0.0 0.0 1.0
0.9655093550682068 -0.23540905117988586 0.11123987287282944 0.16273197531700134 0.22191697359085083 0.9674912691116333 0.12129908800125122 -0.34138864278793335 -0.13617850840091705 -0.09242938458919525 0.9863631129264832 1.379045844078064 0.0 0.0 0.0 1.0
0.9654356837272644 -0.23214219510555267 0.11850730329751968 0.15290436148643494 0.2183433473110199 0.9686296582221985 0.11867085099220276 -0.34251028299331665 -0.14233820140361786 -0.08869379013776779 0.9858363270759583 1.3766499757766724 0.0 0.0 0.0 1.0
0.9652488231658936 -0.23090195655822754 0.12238878756761551 0.1436808556318283 0.21786604821681976 0.9696359634399414 0.11108774691820145 -0.3439827561378479 -0.1443229466676712 -0.08056295663118362 0.9862456321716309 1.3742986917495728 0.0 0.0 0.0 1.0
0.9649305939674377 -0.2313748300075531 0.12399467825889587 0.13672864437103271 0.21796755492687225 0.9694245457649231 0.11272163689136505 -0.34464555978775024 -0.14628443121910095 -0.08174174278974533 0.9858595728874207 1.3726654052734375 0.0 0.0 0.0 1.0
0.9645004868507385 -0.2324938178062439 0.12524157762527466 0.12998376786708832 0.2193930745124817 0.969414234161377 0.11001220345497131 -0.3455677628517151 -0.1469881236553192 -0.07862968742847443 0.9860080480575562 1.3708916902542114 0.0 0.0 0.0 1.0
0.9637057781219482 -0.23385433852672577 0.12877602875232697 0.12106411904096603 0.2218751460313797 0.9698503613471985 0.10080551356077194 -0.34707486629486084 -0.1484672874212265 -0.06857465952634811 0.9865368604660034 1.3684120178222656 0.0 0.0 0.0 1.0
0.963901162147522 -0.23232527077198029 0.13007494807243347 0.11452503502368927 0.22078023850917816 0.9704611301422119 0.09726934880018234 -0.34830501675605774 -0.1488308161497116 -0.06504006683826447 0.9867214560508728 1.3665852546691895 0.0 0.0 0.0 1.0
0.9630305171012878 -0.23582787811756134 0.13022080063819885 0.10849030315876007 0.22476430237293243 0.9698517918586731 0.09417253732681274 -0.3493824303150177 -0.1485033929347992 -0.061422042548656464 0.9870025515556335 1.3645089864730835 0.0 0.0 0.0 1.0
0.9623907804489136 -0.23701275885105133 0.13277404010295868 0.10078060626983643 0.22717659175395966 0.9701276421546936 0.08510679751634598 -0.3510376214981079 -0.14897915720939636 -0.05174284428358078 0.9874856472015381 1.3617392778396606 0.0 0.0 0.0 1.0
0.9624797701835632 -0.2364303469657898 0.13316670060157776 0.09514171630144119 0.22725480794906616 0.9704980254173279 0.08055337518453598 -0.35207048058509827 -0.14828328788280487 -0.04726821929216385 0.9878146648406982 1.3598090410232544 0.0 0.0 0.0 1.0
0.961709201335907 -0.23929616808891296 0.13361403346061707 0.08961077034473419 0.23030929267406464 0.9698795676231384 0.07931722700595856 -0.3531796634197235 -0.14856983721256256 -0.04550755396485329 0.9878543019294739 1.3576093912124634 0.0 0.0 0.0 1.0
0.9608873128890991 -0.24024125933647156 0.13776689767837524 0.08238395303487778 0.23231548070907593 0.970029354095459 0.0712222009897232 -0.3545363247394562 -0.15074844658374786 -0.03643112629652023 0.9879006147384644 1.3553571701049805 0.0 0.0 0.0 1.0
0.9609273672103882 -0.2394195795059204 0.13891319930553436 0.07683645933866501 0.2318844199180603 0.9703393578529358 0.06834600120782852 -0.3556745648384094 -0.15115632116794586 -0.0334637351334095 0.9879432916641235 1.3538274765014648 0.0 0.0 0.0 1.0
0.9608540534973145 -0.23942887783050537 0.13940317928791046 0.07109304517507553 0.23276793956756592 0.9705210328102112 0.06251450628042221 -0.35685449838638306 -0.15026149153709412 -0.027618728578090668 0.9882604479789734 1.3521568775177002 0.0 0.0 0.0 1.0
0.9619938731193542 -0.23502251505851746 0.13904039561748505 0.06317907571792603 0.2288752794265747 0.9716727137565613 0.05889183282852173 -0.35815319418907166 -0.14894266426563263 -0.024830671027302742 0.9885340332984924 1.3493529558181763 0.0 0.0 0.0 1.0
0.962543249130249 -0.23113708198070526 0.14172568917274475 0.057043809443712234 0.22607944905757904 0.9727712869644165 0.051030147820711136 -0.35941654443740845 -0.14966164529323578 -0.017077455297112465 0.9885897636413574 1.3474003076553345 0.0 0.0 0.0 1.0
0.9645988941192627 -0.22321714460849762 0.14043888449668884 0.048354487866163254 0.2193358987569809 0.9747130870819092 0.042733922600746155 -0.361280232667923 -0.14642657339572906 -0.010417805053293705 0.9891666769981384 1.3439258337020874 0.0 0.0 0.0 1.0
0.965256929397583 -0.22051726281642914 0.14018259942531586 0.04163885489106178 0.21767136454582214 0.9753758311271667 0.035513658076524734 -0.36293092370033264 -0.14456209540367126 -0.003766064066439867 0.9894885420799255 1.3414047956466675 0.0 0.0 0.0 1.0
0.9659461379051208 -0.2188788801431656 0.1379856914281845 0.034927789121866226 0.21641293168067932 0.9757503271102905 0.032814186066389084 -0.36443597078323364 -0.14182192087173462 -0.0018348480807617307 0.9898905158042908 1.3386216163635254 0.0 0.0 0.0 1.0
0.9675628542900085 -0.21081310510635376 0.13921184837818146 0.02645566314458847 0.20960424840450287 0.9775049090385437 0.023457441478967667 -0.3669087290763855 -0.14102540910243988 0.006482847034931183 0.9899847507476807 1.3348125219345093 0.0 0.0 0.0 1.0
0.9685352444648743 -0.20507124066352844 0.14101533591747284 0.019747436046600342 0.2050829827785492 0.9786355495452881 0.014607807621359825 -0.3688216507434845 -0.1409982591867447 0.014771667309105396 0.9898996353149414 1.3321460485458374 0.0 0.0 0.0 1.0
0.9688864350318909 -0.20400506258010864 0.14014622569084167 0.01313176192343235 0.20423270761966705 0.9788371920585632 0.012911184690892696 -0.37047091126441956 -0.13981428742408752 0.01611297018826008 0.9900466203689575 1.329627513885498 0.0 0.0 0.0 1.0
0.969296395778656 -0.20513509213924408 0.13558784127235413 0.00383376469835639 0.20586630702018738 0.9785408973693848 0.008758902549743652 -0.3721294403076172 -0.1344750076532364 0.019422994926571846 0.9907265901565552 1.3263707160949707 0.0 0.0 0.0 1.0
0.9697325229644775 -0.2016402781009674 0.13769543170928955 -0.0031953991856426 0.20285335183143616 0.979194700717926 0.00531324977055192 -0.3728908598423004 -0.13590200245380402 0.022779548540711403 0.9904603958129883 1.3238805532455444 0.0 0.0 0.0 1.0
0.9710333943367004 -0.19400495290756226 0.1394856572151184 -0.012500017881393433 0.19578728079795837 0.9806458950042725 0.0009619517368264496 -0.3735976815223694 -0.13697266578674316 0.026375431567430496 0.9902236461639404 1.320351481437683 0.0 0.0 0.0 1.0
0.9712039828300476 -0.19420543313026428 0.1380109339952469 -0.019739340990781784 0.1959933042526245 0.9806050062179565 0.0006473027169704437 -0.3736918270587921 -0.13545992970466614 0.026420557871460915 0.990430474281311 1.3178850412368774 0.0 0.0 0.0 1.0
0.9717043042182922 -0.19308532774448395 0.13604703545570374 -0.027180472388863564 0.19494377076625824 0.9808143377304077 -0.0003443020395934582 -0.37351691722869873 -0.13337039947509766 0.026856081560254097 0.9907023310661316 1.315335750579834 0.0 0.0 0.0 1.0
0.9720072746276855 -0.18860413134098053 0.14010852575302124 -0.03690294176340103 0.19125136733055115 0.9815253615379333 -0.005552695132791996 -0.37297654151916504 -0.13647282123565674 0.03219320625066757 0.9901205897331238 1.3118056058883667 0.0 0.0 0.0 1.0
0.9719369411468506 -0.18720275163650513 0.14245592057704926 -0.044038109481334686 0.19007255136966705 0.9817472696304321 -0.006688022520393133 -0.3726031482219696 -0.13860368728637695 0.03357729688286781 0.9897785782814026 1.308914303779602 0.0 0.0 0.0 1.0
0.9715472459793091 -0.1906231790781021 0.14056573808193207 -0.05146154388785362 0.19298122823238373 0.9811971783638 -0.003211650997400284 -0.3720301687717438 -0.13731050491333008 0.03024682030081749 0.9900661110877991 1.3054423332214355 0.0 0.0 0.0 1.0
0.9705987572669983 -0.1955578774213791 0.14033955335617065 -0.06114998459815979 0.19819121062755585 0.9801511168479919 -0.004901502747088671 -0.37156763672828674 -0.1365954428911209 0.0325714573264122 0.9900913238525391 1.300611138343811 0.0 0.0 0.0 1.0
0.970335066318512 -0.1946718394756317 0.14336223900318146 -0.0682670846581459 0.19813022017478943 0.9801235198974609 -0.010116096585988998 -0.37111666798591614 -0.13854338228702545 0.038220398128032684 0.9896185994148254 1.2969623804092407 0.0 0.0 0.0 1.0
0.9691793918609619 -0.1978345811367035 0.14680875837802887 -0.07538760453462601 0.20128394663333893 0.979492723941803 -0.008873570710420609 -0.37044230103492737 -0.1420426070690155 0.038150329142808914 0.9891250729560852 1.293323278427124 0.0 0.0 0.0 1.0
0.9678300023078918 -0.20379097759723663 0.14756140112876892 -0.08279906958341599 0.20763906836509705 0.9781436920166016 -0.010995090939104557 -0.3699858784675598 -0.14209555089473724 0.04128089174628258 0.9889917969703674 1.2894436120986938 0.0 0.0 0.0 1.0
0.9670451283454895 -0.2058994174003601 0.14976347982883453 -0.09278412908315659 0.2102472335100174 0.9775532484054565 -0.013627615757286549 -0.368925541639328 -0.1435958594083786 0.044665876775979996 0.9886279106140137 1.2841384410858154 0.0 0.0 0.0 1.0
0.9656578898429871 -0.2078859806060791 0.15584680438041687 -0.1006166934967041 0.21264080703258514 0.9770258069038391 -0.014298081398010254 -0.36782407760620117 -0.14929398894309998 0.0469464473426342 0.9876777529716492 1.2807241678237915 0.0 0.0 0.0 1.0
0.965490460395813 -0.21082398295402527 0.15290990471839905 -0.10903987288475037 0.2151796817779541 0.9764966368675232 -0.012327663600444794 -0.3664397895336151 -0.14671705663204193 0.04480534791946411 0.9881632328033447 1.2767701148986816 0.0 0.0 0.0 1.0
0.9647720456123352 -0.21530455350875854 0.15119153261184692 -0.12073997408151627 0.22023171186447144 0.9753091335296631 -0.01643543317914009 -0.3647431433200836 -0.14391987025737762 0.04915361851453781 0.9883678555488586 1.2716741561889648 0.0 0.0 0.0 1.0
0.9651552438735962 -0.21147646009922028 0.15412014722824097 -0.12957170605659485 0.21620194613933563 0.9762427806854248 -0.014378862455487251 -0.3626458942890167 -0.14741788804531097 0.047198910266160965 0.9879474639892578 1.2676514387130737 0.0 0.0 0.0 1.0
0.9653796553611755 -0.21103088557720184 0.15332351624965668 -0.14198707044124603 0.21567726135253906 0.9763623476028442 -0.014138908125460148 -0.3597937524318695 -0.14671556651592255 0.0467178113758564 0.9880748987197876 1.262498378753662 0.0 0.0 0.0 1.0
0.9659773707389832 -0.21311987936496735 0.14651843905448914 -0.151715949177742 0.21738824248313904 0.9759908318519592 -0.013575596734881401 -0.35779666900634766 -0.1401074081659317 0.04496510326862335 0.9891147613525391 1.2584044933319092 0.0 0.0 0.0 1.0
0.967736542224884 -0.2078721672296524 0.14239071309566498 -0.16135171055793762 0.2120232731103897 0.9771576523780823 -0.014458700083196163 -0.35535141825675964 -0.13613261282444 0.04418235644698143 0.9897049069404602 1.254332184791565 0.0 0.0 0.0 1.0
0.9677983522415161 -0.206320121884346 0.14421644806861877 -0.17080256342887878 0.21072737872600555 0.9774169325828552 -0.01581539958715439 -0.35288384556770325 -0.13769656419754028 0.045696474611759186 0.9894197583198547 1.2508476972579956 0.0 0.0 0.0 1.0
0.9692792892456055 -0.204414501786232 0.13679327070713043 -0.18341268599033356 0.20840196311473846 0.9779229760169983 -0.015337404794991016 -0.349704384803772 -0.13063810765743256 0.04337421432137489 0.990480899810791 1.2453010082244873 0.0 0.0 0.0 1.0
0.9703710079193115 -0.20411407947540283 0.12929648160934448 -0.19553500413894653 0.20717549324035645 0.9782469868659973 -0.010542510077357292 -0.34640124440193176 -0.1243320181965828 0.037017207592725754 0.9915499091148376 1.240174651145935 0.0 0.0 0.0 1.0
0.9725464582443237 -0.19533956050872803 0.12647470831871033 -0.21271730959415436 0.19870354235172272 0.9799534678459167 -0.01442775595933199 -0.3424617648124695 -0.12112101167440414 0.039162635803222656 0.9918649196624756 1.2330256700515747 0.0 0.0 0.0 1.0
0.9735879898071289 -0.19315846264362335 0.12172191590070724 -0.2209559679031372 0.19624829292297363 0.9804569482803345 -0.01381368562579155 -0.34073469042778015 -0.11667487025260925 0.0373365581035614 0.9924681186676025 1.2294940948486328 0.0 0.0 0.0 1.0
0.9742851257324219 -0.1930668205022812 0.11616230756044388 -0.231991708278656 0.19588279724121094 0.9805381298065186 -0.013225588016211987 -0.33849382400512695 -0.11134815216064453 0.0356396920979023 0.9931421875953674 1.2255127429962158 0.0 0.0 0.0 1.0
0.9756665229797363 -0.1899803727865219 0.10946369916200638 -0.23985257744789124 0.1924922615289688 0.9812155365943909 -0.012758164666593075 -0.3367998003959656 -0.10498368740081787 0.033518631011247635 0.9939089417457581 1.2228846549987793 0.0 0.0 0.0 1.0
0.9768401980400085 -0.18697522580623627 0.10403605550527573 -0.24752114713191986 0.1900073140859604 0.9815799593925476 -0.019951406866312027 -0.33534571528434753 -0.09838928282260895 0.039256948977708817 0.9943733811378479 1.220698595046997 0.0 0.0 0.0 1.0
0.977700412273407 -0.18324609100818634 0.10258042812347412 -0.257392942905426 0.18615125119686127 0.9823291301727295 -0.019420724362134933 -0.33305850625038147 -0.09720896929502487 0.03808312490582466 0.9945350885391235 1.218136191368103 0.0 0.0 0.0 1.0
0.9794273376464844 -0.1788809597492218 0.09340044111013412 -0.26517438888549805 0.18135802447795868 0.9832398295402527 -0.01867353729903698 -0.3313532769680023 -0.0884946957230568 0.035228293389081955 0.9954534769058228 1.2163164615631104 0.0 0.0 0.0 1.0
0.9804764986038208 -0.17396019399166107 0.09167160838842392 -0.2754760682582855 0.17647315561771393 0.9841023087501526 -0.019996965304017067 -0.3290327787399292 -0.0867355614900589 0.03578413277864456 0.995588481426239 1.2149090766906738 0.0 0.0 0.0 1.0
0.9820500612258911 -0.16673150658607483 0.08819469064474106 -0.2828856110572815 0.1687978208065033 0.9855132102966309 -0.016461241990327835 -0.3270498216152191 -0.08417242765426636 0.031052835285663605 0.9959672093391418 1.2140508890151978 0.0 0.0 0.0 1.0
0.9833794832229614 -0.1618383675813675 0.08229927718639374 -0.2905832827091217 0.16401512920856476 0.9862474799156189 -0.02036978490650654 -0.32569271326065063 -0.07787084579467773 0.033529553562402725 0.996399462223053 1.213068962097168 0.0 0.0 0.0 1.0
0.9844779968261719 -0.15815022587776184 0.07610224187374115 -0.3006797134876251 0.16000787913799286 0.986934244632721 -0.01892665959894657 -0.3238646388053894 -0.07211465388536453 0.030809838324785233 0.9969203472137451 1.2117347717285156 0.0 0.0 0.0 1.0
0.9860327243804932 -0.14923417568206787 0.07395035028457642 -0.308187335729599 0.15087519586086273 0.9884050488471985 -0.017093347385525703 -0.32215502858161926 -0.07054198533296585 0.028011871501803398 0.997115433216095 1.210951805114746 0.0 0.0 0.0 1.0
0.9874585270881653 -0.142593652009964 0.06776992231607437 -0.3154807984828949 0.14422163367271423 0.9893484115600586 -0.019744429737329483 -0.32115158438682556 -0.06423263996839523 0.02927069365978241 0.9975056052207947 1.2100093364715576 0.0 0.0 0.0 1.0
0.9883452653884888 -0.14007669687271118 0.059599656611680984 -0.3253665268421173 0.14143553376197815 0.9897611141204834 -0.01920609176158905 -0.319806307554245 -0.05629909783601761 0.02741176076233387 0.998037576675415 1.2085250616073608 0.0 0.0 0.0 1.0
0.9894698262214661 -0.1341150403022766 0.0544297993183136 -0.3325575590133667 0.13526108860969543 0.9906477332115173 -0.01793142408132553 -0.3188888430595398 -0.05151588097214699 0.025104837492108345 0.9983565807342529 1.2075365781784058 0.0 0.0 0.0 1.0
0.9901710152626038 -0.13076172769069672 0.049625467509031296 -0.33954527974128723 0.13181950151920319 0.9910980463027954 -0.018662918359041214 -0.31819191575050354 -0.04674331098794937 0.025021085515618324 0.9985935091972351 1.2065434455871582 0.0 0.0 0.0 1.0
0.9913683533668518 -0.12414559721946716 0.04215036705136299 -0.3485226333141327 0.12505847215652466 0.9919527769088745 -0.019749479368329048 -0.3175525367259979 -0.03935936093330383 0.02485026977956295 0.9989160895347595 1.2051405906677246 0.0 0.0 0.0 1.0
0.9925934672355652 -0.11573412269353867 0.03692955523729324 -0.35530757904052734 0.11658767610788345 0.9929398894309998 -0.02185622975230217 -0.31726065278053284 -0.03413931652903557 0.0259998831897974 0.9990788102149963 1.204269289970398 0.0 0.0 0.0 1.0
0.9935086965560913 -0.10881467163562775 0.03316382318735123 -0.36418768763542175 0.10967506468296051 0.9936447143554688 -0.025329144671559334 -0.317037433385849 -0.03019687533378601 0.028801970183849335 0.9991289377212524 1.2032090425491333 0.0 0.0 0.0 1.0
0.9941021800041199 -0.10516586154699326 0.026476329192519188 -0.3711630403995514 0.10583686083555222 0.9940600395202637 -0.02536110207438469 -0.3167775571346283 -0.023651938885450363 0.028013698756694794 0.9993276596069336 1.2019734382629395 0.0 0.0 0.0 1.0
0.9947096705436707 -0.10129286348819733 0.01710081659257412 -0.3783493638038635 0.10171300917863846 0.9944790601730347 -0.02580506168305874 -0.3165398836135864 -0.014392536133527756 0.027407919988036156 0.9995207190513611 1.2011793851852417 0.0 0.0 0.0 1.0
0.9954392910003662 -0.09474505484104156 0.01113391574472189 -0.38752076029777527 0.09502894431352615 0.995064377784729 -0.02857162430882454 -0.3162141442298889 -0.008371942676603794 0.029499361291527748 0.9995297193527222 1.1997133493423462 0.0 0.0 0.0 1.0
0.9959974884986877 -0.08913923054933548 0.006571637000888586 -0.3946981430053711 0.0892951637506485 0.9955704808235168 -0.029425056651234627 -0.3161901831626892 -0.0039196009747684 0.02989409677684307 0.9995453953742981 1.1986864805221558 0.0 0.0 0.0 1.0
0.9963337779045105 -0.0855482891201973 0.0007347149075940251 -0.40187764167785645 0.08552791178226471 0.9958215355873108 -0.03200627863407135 -0.3163992464542389 0.002006437396630645 0.031951773911714554 0.9994874000549316 1.1978732347488403 0.0 0.0 0.0 1.0
0.9963383674621582 -0.08508117496967316 -0.008427167311310768 -0.41154903173446655 0.08476169407367706 0.9958574175834656 -0.03291625156998634 -0.31658560037612915 0.011192809790372849 0.032081421464681625 0.9994226098060608 1.196686029434204 0.0 0.0 0.0 1.0
0.9964898824691772 -0.08196742087602615 -0.017005935311317444 -0.41912320256233215 0.08143335580825806 0.99622642993927 -0.030024372041225433 -0.316470205783844 0.01940278336405754 0.02853413298726082 0.9994044899940491 1.1954741477966309 0.0 0.0 0.0 1.0
0.9966379404067993 -0.07855696231126785 -0.023273512721061707 -0.4265020191669464 0.07782511413097382 0.9964898824691772 -0.030840210616588593 -0.3164976239204407 0.025614533573389053 0.028925258666276932 0.9992533326148987 1.19452965259552 0.0 0.0 0.0 1.0
0.9969216585159302 -0.07219576835632324 -0.03057674691081047 -0.43638625741004944 0.07113774120807648 0.9968737363815308 -0.03438262641429901 -0.31643423438072205 0.03296343609690666 0.03210162743926048 0.9989408850669861 1.1937062740325928 0.0 0.0 0.0 1.0
0.9970616102218628 -0.06744115799665451 -0.036329157650470734 -0.44377797842025757 0.06624587625265121 0.9972522258758545 -0.03315858915448189 -0.3162091076374054 0.03846558555960655 0.03065449930727482 0.9987896084785461 1.1931304931640625 0.0 0.0 0.0 1.0
0.9970027804374695 -0.06242399662733078 -0.045702360570430756 -0.4513668119907379 0.06090415269136429 0.9975668787956238 -0.0339260995388031 -0.3163946866989136 0.047708962112665176 0.03104095347225666 0.9983788132667542 1.1926664113998413 0.0 0.0 0.0 1.0
0.9971762895584106 -0.05505833029747009 -0.05106859281659126 -0.4611562192440033 0.05304233357310295 0.997789740562439 -0.040026165544986725 -0.3166600465774536 0.05315949395298958 0.03720434755086899 0.9978927373886108 1.1922341585159302 0.0 0.0 0.0 1.0
0.9972863793373108 -0.04862445220351219 -0.05527712032198906 -0.46854549646377563 0.04655198007822037 0.9981858730316162 -0.03818191960453987 -0.3165223002433777 0.057033415883779526 0.03550504893064499 0.9977407455444336 1.1916098594665527 0.0 0.0 0.0 1.0
0.996968150138855 -0.04789841175079346 -0.061320845037698746 -0.4755334258079529 0.04534400627017021 0.998071551322937 -0.042392000555992126 -0.3163303732872009 0.06323309987783432 0.03948293998837471 0.9972174763679504 1.190908432006836 0.0 0.0 0.0 1.0
0.996619462966919 -0.0451529324054718 -0.06863591074943542 -0.48501455783843994 0.04227518290281296 0.9981880784034729 -0.042817965149879456 -0.31565922498703003 0.07044490426778793 0.03977162018418312 0.9967225193977356 1.1896287202835083 0.0 0.0 0.0 1.0
0.9964307546615601 -0.040773842483758926 -0.07391393929719925 -0.49159350991249084 0.037552401423454285 0.9983050227165222 -0.04446202516555786 -0.3151702880859375 0.07560154795646667 0.041527681052684784 0.9962729811668396 1.1884129047393799 0.0 0.0 0.0 1.0
0.99620121717453 -0.03893168270587921 -0.07789427042007446 -0.49797162413597107 0.035076554864645004 0.9981198906898499 -0.05026274174451828 -0.3148145079612732 0.0797046348452568 0.0473395399749279 0.9956938028335571 1.1872409582138062 0.0 0.0 0.0 1.0
0.9958047270774841 -0.035171620547771454 -0.08447425812482834 -0.5056381225585938 0.030818985775113106 0.9981563091278076 -0.05228910967707634 -0.3144577741622925 0.08615760505199432 0.0494663305580616 0.9950527548789978 1.1855895519256592 0.0 0.0 0.0 1.0
0.9955042600631714 -0.03537268564105034 -0.08786356449127197 -0.5110157132148743 0.030884796753525734 0.9981734156608582 -0.051922839134931564 -0.3142237663269043 0.08953972160816193 0.048975761979818344 0.9947783946990967 1.1844818592071533 0.0 0.0 0.0 1.0
0.9948920011520386 -0.036975450813770294 -0.09392926096916199 -0.5158881545066833 0.031958650797605515 0.9980095624923706 -0.05436483025550842 -0.31447792053222656 0.09575246274471283 0.05108528211712837 0.9940934181213379 1.183454990386963 0.0 0.0 0.0 1.0
0.9941247701644897 -0.03520835191011429 -0.10235383361577988 -0.5221366882324219 0.029398873448371887 0.9978996515274048 -0.057723816484212875 -0.31516966223716736 0.10417121648788452 0.05437558889389038 0.9930718541145325 1.1817035675048828 0.0 0.0 0.0 1.0
0.9939345121383667 -0.030448762699961662 -0.10567420721054077 -0.5265009999275208 0.023830892518162727 0.9977079033851624 -0.06333262473344803 -0.31581494212150574 0.10736039280891418 0.060430169105529785 0.9923819303512573 1.1805826425552368 0.0 0.0 0.0 1.0
0.9937996864318848 -0.027909252792596817 -0.10762564837932587 -0.5304639935493469 0.020520178601145744 0.9973943829536438 -0.06916182488203049 -0.3164059817790985 0.10927547514438629 0.06652449816465378 0.9917829036712646 1.1793845891952515 0.0 0.0 0.0 1.0
0.993116021156311 -0.02316184900701046 -0.11482205986976624 -0.5353071689605713 0.0144282765686512 0.9969791769981384 -0.07631746679544449 -0.317388653755188 0.11624285578727722 0.07413541525602341 0.9904501438140869 1.1776103973388672 0.0 0.0 0.0 1.0
0.9920527935028076 -0.020252106711268425 -0.12418195605278015 -0.5384649634361267 0.00999794527888298 0.996528685092926 -0.0826474130153656 -0.31795865297317505 0.12542466819286346 0.0807490348815918 0.9888115525245667 1.1762092113494873 0.0 0.0 0.0 1.0
0.9918693900108337 -0.017593733966350555 -0.12603779137134552 -0.5419304370880127 0.006582286674529314 0.9961642026901245 -0.08725541830062866 -0.31795021891593933 0.1270894855260849 0.0857163593173027 0.9881806373596191 1.1747807264328003 0.0 0.0 0.0 1.0
0.9910818338394165 -0.01311428751796484 -0.1326078623533249 -0.5444027781486511 0.0011056174989789724 0.9959204792976379 -0.09022866189479828 -0.317801296710968 0.1332501620054245 0.08927737176418304 0.9870531558990479 1.173561930656433 0.0 0.0 0.0 1.0
0.9888805150985718 0.0026624053716659546 -0.14868836104869843 -0.5492719411849976 -0.016654295846819878 0.995532751083374 -0.09293664991855621 -0.31612294912338257 0.14777669310569763 0.09437953680753708 0.9845072627067566 1.1713204383850098 0.0 0.0 0.0 1.0
0.9872563481330872 0.011184181086719036 -0.1587446630001068 -0.5511574149131775 -0.027476653456687927 0.9945259094238281 -0.10081309825181961 -0.31571298837661743 0.15674816071987152 0.10389014333486557 0.9821592569351196 1.1704856157302856 0.0 0.0 0.0 1.0
0.9853442311286926 0.02516365796327591 -0.16871142387390137 -0.5524467825889587 -0.044398244470357895 0.9928029775619507 -0.1112254187464714 -0.31557610630989075 0.16469836235046387 0.11708581447601318 0.9793698787689209 1.1699671745300293 0.0 0.0 0.0 1.0
0.9827865958213806 0.04541552811861038 -0.17907536029815674 -0.5552352666854858 -0.0653219223022461 0.9921237826347351 -0.10688059031963348 -0.3136250674724579 0.1728108823299408 0.11673835664987564 0.9780125617980957 1.1683709621429443 0.0 0.0 0.0 1.0
0.9798896312713623 0.05390074849128723 -0.19212232530117035 -0.557314395904541 -0.07690094411373138 0.9904604554176331 -0.11434318870306015 -0.31251874566078186 0.1841263771057129 0.12681809067726135 0.9746869206428528 1.166890025138855 0.0 0.0 0.0 1.0
0.9778856039047241 0.06057436764240265 -0.2001761794090271 -0.559485673904419 -0.08601773530244827 0.9889242649078369 -0.12095368653535843 -0.31066614389419556 0.1906323879957199 0.1354975700378418 0.9722652435302734 1.1646778583526611 0.0 0.0 0.0 1.0
0.9745299220085144 0.07001273334026337 -0.21304859220981598 -0.5613604784011841 -0.09638191759586334 0.9885609745979309 -0.11600734293460846 -0.30858588218688965 0.20248953998088837 0.13358666002750397 0.970130205154419 1.1624829769134521 0.0 0.0 0.0 1.0
0.9715575575828552 0.07255741953849792 -0.22541359066963196 -0.562918484210968 -0.10230875760316849 0.9870900511741638 -0.12323188781738281 -0.3067927658557892 0.21356213092803955 0.14278866350650787 0.9664381146430969 1.1597908735275269 0.0 0.0 0.0 1.0
0.9682680368423462 0.08256400376558304 -0.2358817607164383 -0.5644719004631042 -0.11308994889259338 0.9864394068717957 -0.1189451739192009 -0.30485403537750244 0.22286246716976166 0.1418466717004776 0.9644749164581299 1.1568365097045898 0.0 0.0 0.0 1.0
0.9652898907661438 0.09835699200630188 -0.24195319414138794 -0.5653471350669861 -0.129606693983078 0.9846625924110413 -0.11679773032665253 -0.30275958776474 0.22675438225269318 0.14410242438316345 0.9632325768470764 1.1546669006347656 0.0 0.0 0.0 1.0
0.9630540609359741 0.10839125514030457 -0.24653246998786926 -0.566019594669342 -0.14257694780826569 0.9818217158317566 -0.12529151141643524 -0.3010701835155487 0.22847041487693787 0.1558123528957367 0.961001455783844 1.1526190042495728 0.0 0.0 0.0 1.0
0.9613232612609863 0.1204596608877182 -0.24768327176570892 -0.5656975507736206 -0.1552734673023224 0.9797847270965576 -0.12614281475543976 -0.2983662784099579 0.2274811714887619 0.15972267091274261 0.9605940580368042 1.15023672580719 0.0 0.0 0.0 1.0
0.9571033716201782 0.13627970218658447 -0.25569698214530945 -0.5650004148483276 -0.17090409994125366 0.9781495332717896 -0.11838605999946594 -0.2961130440235138 0.23397627472877502 0.1570073664188385 0.9594810009002686 1.1490979194641113 0.0 0.0 0.0 1.0
0.9545382857322693 0.13965438306331635 -0.2633502185344696 -0.5640767812728882 -0.17596201598644257 0.9771000742912292 -0.11963604390621185 -0.2936725914478302 0.24061180651187897 0.16053682565689087 0.9572532773017883 1.1468086242675781 0.0 0.0 0.0 1.0
0.9538496732711792 0.14592713117599487 -0.26244258880615234 -0.560972273349762 -0.18040251731872559 0.9771562218666077 -0.11234182119369507 -0.2904530465602875 0.2400536984205246 0.1545025110244751 0.958385705947876 1.1448756456375122 0.0 0.0 0.0 1.0
0.9525725245475769 0.15461035072803497 -0.2621092200279236 -0.5586630702018738 -0.18793798983097076 0.9763228893280029 -0.10711158812046051 -0.2876041829586029 0.23934267461299896 0.1512918323278427 0.9590755105018616 1.1429516077041626 0.0 0.0 0.0 1.0
0.9522659778594971 0.15581248700618744 -0.2625109851360321 -0.5554301142692566 -0.18963158130645752 0.9758198261260986 -0.10869941860437393 -0.2858012020587921 0.23922668397426605 0.15329113602638245 0.9587869644165039 1.1406916379928589 0.0 0.0 0.0 1.0
0.9528602361679077 0.1615889072418213 -0.25680020451545715 -0.5502052307128906 -0.19477564096450806 0.9747301340103149 -0.1093783974647522 -0.2832026183605194 0.23263657093048096 0.15424075722694397 0.9602552056312561 1.1383363008499146 0.0 0.0 0.0 1.0
0.9526798129081726 0.17228740453720093 -0.2504361867904663 -0.5458816885948181 -0.2035335749387741 0.973468542098999 -0.10456133633852005 -0.2811703085899353 0.22577713429927826 0.15058563649654388 0.9624700546264648 1.136337161064148 0.0 0.0 0.0 1.0
0.9507242441177368 0.18066592514514923 -0.25195884704589844 -0.5415434837341309 -0.21261365711688995 0.9713999629020691 -0.10572394728660583 -0.27883705496788025 0.22565211355686188 0.1540842205286026 0.9619455337524414 1.1335901021957397 0.0 0.0 0.0 1.0
0.9507940411567688 0.18757422268390656 -0.2465900480747223 -0.5354025959968567 -0.2183951884508133 0.970302939414978 -0.1039985716342926 -0.27537116408348083 0.21975959837436676 0.15273530781269073 0.9635235667228699 1.1301307678222656 0.0 0.0 0.0 1.0
0.950481116771698 0.19431307911872864 -0.24254488945007324 -0.530563473701477 -0.22394835948944092 0.9693517684936523 -0.10101623088121414 -0.27266180515289307 0.21548254787921906 0.1503315567970276 0.9648666977882385 1.1271438598632812 0.0 0.0 0.0 1.0
0.9499831199645996 0.19866667687892914 -0.24096398055553436 -0.525709331035614 -0.22892068326473236 0.967811644077301 -0.10457522422075272 -0.26997190713882446 0.2124321311712265 0.15450634062290192 0.9648836255073547 1.1235742568969727 0.0 0.0 0.0 1.0
0.9497299790382385 0.2073071300983429 -0.23459915816783905 -0.5188555717468262 -0.23577098548412323 0.9666181206703186 -0.10030702501535416 -0.26624366641044617 0.20597343146800995 0.15057626366615295 0.9669031500816345 1.1194722652435303 0.0 0.0 0.0 1.0
0.9490174651145935 0.21344882249832153 -0.23195990920066833 -0.5135080814361572 -0.24035604298114777 0.96608567237854 -0.09437945485115051 -0.2634204030036926 0.20394796133041382 0.14532071352005005 0.9681358933448792 1.1160997152328491 0.0 0.0 0.0 1.0
0.9488760232925415 0.21575678884983063 -0.23039811849594116 -0.508745551109314 -0.24295659363269806 0.9652020931243896 -0.09673158079385757 -0.26113012433052063 0.2015102505683899 0.14776301383972168 0.9682766795158386 1.1124210357666016 0.0 0.0 0.0 1.0
0.9500092267990112 0.21971097588539124 -0.22183237969875336 -0.5014697909355164 -0.24598246812820435 0.9642679691314697 -0.09838668256998062 -0.25818291306495667 0.19228921830654144 0.14803512394428253 0.9701084494590759 1.107892632484436 0.0 0.0 0.0 1.0
0.9498604536056519 0.223994642496109 -0.2181548923254013 -0.49650540947914124 -0.24841119349002838 0.9643275141716003 -0.09145689010620117 -0.25616171956062317 0.1898869127035141 0.141063392162323 0.9716193079948425 1.1042968034744263 0.0 0.0 0.0 1.0
0.9487226605415344 0.22528047859668732 -0.2217521369457245 -0.49182990193367004 -0.25100427865982056 0.9632875323295593 -0.09525763988494873 -0.2541254162788391 0.19215138256549835 0.14603382349014282 0.970439076423645 1.1002466678619385 0.0 0.0 0.0 1.0
0.9508251547813416 0.22525934875011444 -0.21257875859737396 -0.48493456840515137 -0.25064119696617126 0.962815523147583 -0.10082267224788666 -0.2515627145767212 0.18196287751197815 0.1491457223892212 0.9719285368919373 1.095154881477356 0.0 0.0 0.0 1.0
0.9492688775062561 0.23399940133094788 -0.2100783735513687 -0.4739699363708496 -0.2598542273044586 0.959926962852478 -0.10495699197053909 -0.24684596061706543 0.1771000325679779 0.15422216057777405 0.9720345139503479 1.0861821174621582 0.0 0.0 0.0 1.0
0.9491611123085022 0.239714115858078 -0.20403510332107544 -0.4663912057876587 -0.2639390826225281 0.9592540860176086 -0.10083550959825516 -0.24246695637702942 0.17154981195926666 0.14956198632717133 0.9737565517425537 1.0807381868362427 0.0 0.0 0.0 1.0
0.9464603066444397 0.25308334827423096 -0.2004038691520691 -0.45860913395881653 -0.2769230306148529 0.9555588364601135 -0.10109893232584 -0.23830850422382355 0.1659112125635147 0.15118256211280823 0.974483072757721 1.0752896070480347 0.0 0.0 0.0 1.0
0.9427319169044495 0.26914817094802856 -0.19701726734638214 -0.4460689127445221 -0.29340389370918274 0.9500928521156311 -0.10600823909044266 -0.23283086717128754 0.15865278244018555 0.15774297714233398 0.9746519923210144 1.0668814182281494 0.0 0.0 0.0 1.0
0.9425582885742188 0.2717720866203308 -0.1942262500524521 -0.4397984445095062 -0.2957748472690582 0.9492294788360596 -0.10714785754680634 -0.2304125279188156 0.15524548292160034 0.15844033658504486 0.9750874042510986 1.0628424882888794 0.0 0.0 0.0 1.0
0.9435731768608093 0.2669007182121277 -0.19604510068893433 -0.4311671257019043 -0.2905394434928894 0.9512714147567749 -0.1032935082912445 -0.22748596966266632 0.1589229851961136 0.1544238179922104 0.9751393795013428 1.0561524629592896 0.0 0.0 0.0 1.0
0.9459050297737122 0.26079651713371277 -0.192999467253685 -0.4245750904083252 -0.28284189105033875 0.9542761445045471 -0.09673431515693665 -0.22470416128635406 0.15894681215286255 0.1460898220539093 0.9764187932014465 1.0510627031326294 0.0 0.0 0.0 1.0
0.9459421038627625 0.2648893892765045 -0.18715544044971466 -0.41747891902923584 -0.2852061092853546 0.9541267156600952 -0.09110289067029953 -0.22227458655834198 0.1544378101825714 0.1395559310913086 0.9780966639518738 1.0460147857666016 0.0 0.0 0.0 1.0
0.9456948041915894 0.2695021629333496 -0.18174149096012115 -0.4083324074745178 -0.2907899022102356 0.951282262802124 -0.10248556733131409 -0.21968090534210205 0.14526736736297607 0.14976866543293 0.9779911637306213 1.0389200448989868 0.0 0.0 0.0 1.0
0.9467652440071106 0.27178096771240234 -0.17254169285297394 -0.40133583545684814 -0.2921762466430664 0.9504620432853699 -0.10608915239572525 -0.21757322549819946 0.13516132533550262 0.15085411071777344 0.9792724251747131 1.0340348482131958 0.0 0.0 0.0 1.0
0.9480947256088257 0.2717013359069824 -0.16521112620830536 -0.3947479724884033 -0.29057130217552185 0.9512897729873657 -0.10303431749343872 -0.21525752544403076 0.12916909158229828 0.1456919014453888 0.980861485004425 1.0293724536895752 0.0 0.0 0.0 1.0
0.9497200846672058 0.26884981989860535 -0.16047298908233643 -0.3857094347476959 -0.28733059763908386 0.9519970417022705 -0.10555921494960785 -0.21258753538131714 0.12439023703336716 0.14636050164699554 0.9813794493675232 1.0225471258163452 0.0 0.0 0.0 1.0
0.9512834548950195 0.26776933670043945 -0.152837872505188 -0.3787078857421875 -0.28498566150665283 0.9528228044509888 -0.10445968061685562 -0.21065467596054077 0.11765631288290024 0.1429273635149002 0.9827150106430054 1.0175648927688599 0.0 0.0 0.0 1.0
0.9535619020462036 0.26685672998428345 -0.13966815173625946 -0.3691796362400055 -0.2821899950504303 0.953647792339325 -0.10452128201723099 -0.20813292264938354 0.10530201345682144 0.1390804648399353 0.9846664667129517 1.0112377405166626 0.0 0.0 0.0 1.0
0.9553648233413696 0.261930376291275 -0.13664022088050842 -0.36226969957351685 -0.27737975120544434 0.9544739127159119 -0.10972699522972107 -0.20659968256950378 0.10167869180440903 0.14273053407669067 0.9845249652862549 1.0061463117599487 0.0 0.0 0.0 1.0
0.9571400284767151 0.2591545581817627 -0.12931323051452637 -0.3552742600440979 -0.2734523415565491 0.9557288289070129 -0.10865630954504013 -0.20486102998256683 0.09542960673570633 0.13936030864715576 0.9856327176094055 1.0015137195587158 0.0 0.0 0.0 1.0
0.9603741765022278 0.25497499108314514 -0.11255734413862228 -0.3453577756881714 -0.2669339179992676 0.9576104879379272 -0.10829785466194153 -0.20253747701644897 0.08017285168170929 0.1340518295764923 0.9877258539199829 0.9957696795463562 0.0 0.0 0.0 1.0
0.96240234375 0.25059133768081665 -0.10481297224760056 -0.3381611108779907 -0.2618448734283447 0.9585164189338684 -0.11262143403291702 -0.20125241577625275 0.07224299758672714 0.13583186268806458 0.9880944490432739 0.9913462400436401 0.0 0.0 0.0 1.0
0.9642415046691895 0.2455933690071106 -0.09961060434579849 -0.3312671482563019 -0.255964994430542 0.9604307413101196 -0.10979414731264114 -0.19956371188163757 0.06870437413454056 0.13136489689350128 0.9889504313468933 0.9867985844612122 0.0 0.0 0.0 1.0
0.9669153094291687 0.23939086496829987 -0.08812965452671051 -0.32184115052223206 -0.24826842546463013 0.9624921083450317 -0.10941512882709503 -0.19778142869472504 0.05863111466169357 0.12767496705055237 0.9900815486907959 0.9809741377830505 0.0 0.0 0.0 1.0
0.9678038358688354 0.237695574760437 -0.08280409872531891 -0.3153373599052429 -0.24633416533470154 0.9620314836502075 -0.11753691732883453 -0.19695304334163666 0.05172214284539223 0.1341501623392105 0.9896103143692017 0.9765138030052185 0.0 0.0 0.0 1.0
0.9698495864868164 0.23203440010547638 -0.0745103731751442 -0.3068961203098297 -0.23977479338645935 0.9632012844085693 -0.12145507335662842 -0.19570942223072052 0.04358673095703125 0.135658860206604 0.9897964000701904 0.9703730344772339 0.0 0.0 0.0 1.0
0.9723686575889587 0.223660409450531 -0.06689685583114624 -0.30079159140586853 -0.2304220050573349 0.9655131697654724 -0.12120253592729568 -0.19470220804214478 0.037481579929590225 0.1332680583000183 0.99037104845047 0.9657763242721558 0.0 0.0 0.0 1.0
0.9742288589477539 0.21760208904743195 -0.05939286947250366 -0.2947845160961151 -0.2234468311071396 0.9670109152793884 -0.12231671065092087 -0.19378381967544556 0.0308171808719635 0.1324356198310852 0.9907124042510986 0.9611285328865051 0.0 0.0 0.0 1.0
0.9762027263641357 0.210804745554924 -0.05088777095079422 -0.28755512833595276 -0.2156500518321991 0.9684036374092102 -0.12525758147239685 -0.19212017953395844 0.02287500910460949 0.13325074315071106 0.9908183217048645 0.9551998972892761 0.0 0.0 0.0 1.0
0.9784979820251465 0.20227648317813873 -0.040322478860616684 -0.282365620136261 -0.20582297444343567 0.9702671766281128 -0.1273517906665802 -0.19078576564788818 0.01336330734193325 0.1329127699136734 0.9910376667976379 0.9509977698326111 0.0 0.0 0.0 1.0
0.9803358912467957 0.19504258036613464 -0.029999375343322754 -0.2772853374481201 -0.19727064669132233 0.9725372791290283 -0.1235131025314331 -0.1889186054468155 0.005085196811705828 0.12700232863426208 0.9918893575668335 0.9468607902526855 0.0 0.0 0.0 1.0
0.9821323156356812 0.18664555251598358 -0.024072768166661263 -0.27136942744255066 -0.18818503618240356 0.9750950336456299 -0.11737152189016342 -0.18605943024158478 0.0015663641970604658 0.1198045015335083 0.9927962422370911 0.940772533416748 0.0 0.0 0.0 1.0
0.9836516976356506 0.1792437583208084 -0.017350314185023308 -0.266996830701828 -0.1800333559513092 0.9765851497650146 -0.11776874959468842 -0.18412448465824127 -0.00416525499895215 0.11896706372499466 0.9928894639015198 0.9368897080421448 0.0 0.0 0.0 1.0
0.9846746325492859 0.17432831227779388 -0.005054639186710119 -0.26232531666755676 -0.17378553748130798 0.9783504009246826 -0.11237932741641998 -0.18204933404922485 -0.014645690098404884 0.11153549700975418 0.9936525225639343 0.9329755306243896 0.0 0.0 0.0 1.0
0.9864982962608337 0.16356556117534637 0.008212048560380936 -0.2566273808479309 -0.16177351772785187 0.981045663356781 -0.10667117685079575 -0.17927059531211853 -0.02550412528216839 0.10390244424343109 0.9942604303359985 0.9276396036148071 0.0 0.0 0.0 1.0
0.9885751008987427 0.14993977546691895 0.015406111255288124 -0.25256606936454773 -0.147688627243042 0.983986496925354 -0.09979317337274551 -0.17703880369663239 -0.03012237139046192 0.09637773782014847 0.9948889017105103 0.924030601978302 0.0 0.0 0.0 1.0
0.9900605082511902 0.13754694163799286 0.02934364601969719 -0.24821190536022186 -0.134341761469841 0.986643373966217 -0.09212597459554672 -0.17486099898815155 -0.04162336140871048 0.08726821094751358 0.99531489610672 0.9207399487495422 0.0 0.0 0.0 1.0
0.9908497929573059 0.12749546766281128 0.04429009556770325 -0.24283401668071747 -0.12331324815750122 0.9885514378547668 -0.08694780617952347 -0.1723971962928772 -0.054868489503860474 0.0806906595826149 0.9952278733253479 0.9163675308227539 0.0 0.0 0.0 1.0
0.9917475581169128 0.11611410230398178 0.05435310676693916 -0.23916321992874146 -0.11123430728912354 0.9901065826416016 -0.08553300052881241 -0.17070524394512177 -0.06374695152044296 0.07878120988607407 0.9948516488075256 0.9126806855201721 0.0 0.0 0.0 1.0
0.9920324683189392 0.103022500872612 0.07251137495040894 -0.23437368869781494 -0.09722784161567688 0.9920928478240967 -0.0793629139661789 -0.16855104267597198 -0.08011418581008911 0.0716804638504982 0.9942049980163574 0.9080116748809814 0.0 0.0 0.0 1.0
0.9921112656593323 0.0927131175994873 0.08437717705965042 -0.23139047622680664 -0.08626570552587509 0.9932845234870911 -0.07709817588329315 -0.1678110808134079 -0.09095855057239532 0.06921111047267914 0.9934467077255249 0.9043561816215515 0.0 0.0 0.0 1.0
0.9920771718025208 0.08062709867954254 0.0963439866900444 -0.22860150039196014 -0.07303513586521149 0.9941245317459106 -0.07988956570625305 -0.16788971424102783 -0.10221918672323227 0.07222012430429459 0.9921368360519409 0.9009289741516113 0.0 0.0 0.0 1.0
0.991668701171875 0.06798979640007019 0.10941024124622345 -0.22535660862922668 -0.05972079187631607 0.9952284693717957 -0.07716041058301926 -0.16800178587436676 -0.11413431167602539 0.06998349726200104 0.990997314453125 0.895317554473877 0.0 0.0 0.0 1.0
0.9915180802345276 0.05458315461874008 0.11795160174369812 -0.22423230111598969 -0.04603176191449165 0.9961917996406555 -0.0740470364689827 -0.16799788177013397 -0.12154414504766464 0.06798946112394333 0.9902547597885132 0.8904200196266174 0.0 0.0 0.0 1.0
0.9911624193191528 0.0397866927087307 0.12654682993888855 -0.2234213501214981 -0.029967963695526123 0.9964581727981567 -0.0785689726471901 -0.16839823126792908 -0.12922462821006775 0.07408225536346436 0.9888441562652588 0.8823180794715881 0.0 0.0 0.0 1.0
0.9895979762077332 0.02097279764711857 0.14232340455055237 -0.2238178551197052 -0.010092546232044697 0.9969998598098755 -0.07674290984869003 -0.169205904006958 -0.14350591599941254 0.07450822740793228 0.9868407249450684 0.8707655668258667 0.0 0.0 0.0 1.0
0.9896453022956848 0.002598472638055682 0.14351120591163635 -0.22495420277118683 0.008492625318467617 0.997024416923523 -0.07661720365285873 -0.16967183351516724 -0.14328326284885406 0.07704264670610428 0.986678421497345 0.8645380735397339 0.0 0.0 0.0 1.0
0.9893980026245117 -0.01470566913485527 0.1444830596446991 -0.22620190680027008 0.025375930592417717 0.9970608949661255 -0.0722883865237236 -0.169838085770607 -0.14299535751342773 0.07518837600946426 0.9868632555007935 0.8585894703865051 0.0 0.0 0.0 1.0
0.9885280728340149 -0.0287382323294878 0.14827796816825867 -0.22832413017749786 0.03920731693506241 0.9969029426574707 -0.06817133724689484 -0.16988126933574677 -0.14585961401462555 0.07320286333560944 0.9865933060646057 0.8515499830245972 0.0 0.0 0.0 1.0
0.9881373047828674 -0.042882565408945084 0.147464320063591 -0.23098227381706238 0.05350643768906593 0.9961913228034973 -0.06884694844484329 -0.17008675634860992 -0.14395034313201904 0.07592052966356277 0.9866683483123779 0.8460126519203186 0.0 0.0 0.0 1.0
0.9875612258911133 -0.05582009255886078 0.14699295163154602 -0.23384925723075867 0.0659717544913292 0.995694637298584 -0.0651145726442337 -0.17008139193058014 -0.1427253782749176 0.07400201261043549 0.9869920015335083 0.8407031893730164 0.0 0.0 0.0 1.0
0.9870273470878601 -0.060580819845199585 0.14868399500846863 -0.2388736754655838 0.07012990862131119 0.9957413673400879 -0.05984041094779968 -0.16994234919548035 -0.144425630569458 0.06949131935834885 0.9870725274085999 0.8335999846458435 0.0 0.0 0.0 1.0
0.9865226745605469 -0.06379501521587372 0.1506756991147995 -0.24292361736297607 0.07340926676988602 0.9955476522445679 -0.05912652984261513 -0.16992495954036713 -0.14623285830020905 0.06939065456390381 0.986813485622406 0.8275901675224304 0.0 0.0 0.0 1.0
0.9860478639602661 -0.06183532625436783 0.15455104410648346 -0.2470586895942688 0.07245345413684845 0.9953138828277588 -0.06403715908527374 -0.17043346166610718 -0.14986704289913177 0.07434146106243134 0.9859073162078857 0.8212867975234985 0.0 0.0 0.0 1.0
0.9849613308906555 -0.06005707010626793 0.162000834941864 -0.25245538353919983 0.07140077650547028 0.9953190684318542 -0.06512966006994247 -0.17025168240070343 -0.15733103454113007 0.07571718841791153 0.9846389293670654 0.8130568265914917 0.0 0.0 0.0 1.0
0.9842727184295654 -0.06383884698152542 0.16471730172634125 -0.25651898980140686 0.07329303026199341 0.9959556460380554 -0.051965851336717606 -0.16934078931808472 -0.1607336848974228 0.06322120130062103 0.9849709272384644 0.807085394859314 0.0 0.0 0.0 1.0
0.9837867617607117 -0.0678393542766571 0.16601629555225372 -0.26201388239860535 0.07687386125326157 0.9958553910255432 -0.04860546812415123 -0.16860689222812653 -0.16203086078166962 0.060579728335142136 0.9849244356155396 0.7984739542007446 0.0 0.0 0.0 1.0
0.9834810495376587 -0.06773384660482407 0.16786064207553864 -0.2655828297138214 0.07647371292114258 0.9960028529167175 -0.04615345969796181 -0.16801907122135162 -0.16406351327896118 0.05822797864675522 0.9847297668457031 0.7929037809371948 0.0 0.0 0.0 1.0
0.9824879765510559 -0.06966321915388107 0.17281335592269897 -0.26895377039909363 0.07734690606594086 0.996275007724762 -0.038125988095998764 -0.16715647280216217 -0.16951364278793335 0.05082490295171738 0.9842163920402527 0.7872608304023743 0.0 0.0 0.0 1.0
0.9826781749725342 -0.07359202206134796 0.17008180916309357 -0.2732672393321991 0.08069063723087311 0.9961175322532654 -0.03519853949546814 -0.16648314893245697 -0.1668311357498169 0.048312846571207047 0.9848011136054993 0.7794371247291565 0.0 0.0 0.0 1.0
0.9830321073532104 -0.07793600857257843 0.16605369746685028 -0.2763265371322632 0.08498561382293701 0.9957399368286133 -0.035769134759902954 -0.16623787581920624 -0.16255858540534973 0.04927438497543335 0.985467791557312 0.7736855149269104 0.0 0.0 0.0 1.0
0.9823275208473206 -0.0816667303442955 0.16841356456279755 -0.27829426527023315 0.08852600306272507 0.9955064058303833 -0.03361831232905388 -0.16589927673339844 -0.16491128504276276 0.047933172434568405 0.9851429462432861 0.768233597278595 0.0 0.0 0.0 1.0
0.980764627456665 -0.08569947630167007 0.17537471652030945 -0.28048452734947205 0.09379378706216812 0.9948514699935913 -0.03838280960917473 -0.16625477373600006 -0.17118240892887115 0.05409356206655502 0.9837532639503479 0.760104238986969 0.0 0.0 0.0 1.0
0.9805163145065308 -0.0891057625412941 0.17506544291973114 -0.281633198261261 0.0974401980638504 0.9944537878036499 -0.039586007595062256 -0.16628365218639374 -0.17056715488433838 0.05587313696742058 0.9837606549263 0.7541192770004272 0.0 0.0 0.0 1.0
0.9802286624908447 -0.09055450558662415 0.1759309023618698 -0.2827911972999573 0.09846450388431549 0.9944618940353394 -0.03674580901861191 -0.16577835381031036 -0.17162908613681793 0.053342241793870926 0.9837164282798767 0.7482020854949951 0.0 0.0 0.0 1.0
0.9788804650306702 -0.09815569221973419 0.17932787537574768 -0.28360119462013245 0.10642129927873611 0.9936308264732361 -0.03704504296183586 -0.1652301847934723 -0.17454952001571655 0.05534697324037552 0.9830916523933411 0.7403698563575745 0.0 0.0 0.0 1.0
0.977063775062561 -0.10277731716632843 0.1865026205778122 -0.28376150131225586 0.11120450496673584 0.9931713938713074 -0.035272445529699326 -0.16443876922130585 -0.18160386383533478 0.05520336329936981 0.9818210601806641 0.7344000935554504 0.0 0.0 0.0 1.0
0.9764316082000732 -0.09844918549060822 0.1920652836561203 -0.28391820192337036 0.10766774415969849 0.9934551119804382 -0.03813987597823143 -0.16336575150489807 -0.1870533972978592 0.057920217514038086 0.9806407690048218 0.7281292080879211 0.0 0.0 0.0 1.0
0.975045382976532 -0.10130535066127777 0.1975441873073578 -0.2838183045387268 0.11158236116170883 0.9928850531578064 -0.041577037423849106 -0.1621444821357727 -0.19192670285701752 0.06258194893598557 0.9794119000434875 0.7195426821708679 0.0 0.0 0.0 1.0
0.9736719727516174 -0.10614337772130966 0.20173369348049164 -0.2838725447654724 0.11827010661363602 0.991771399974823 -0.04900678992271423 -0.16115745902061462 -0.1948719620704651 0.0715756043791771 0.9782136082649231 0.7132258415222168 0.0 0.0 0.0 1.0
0.971622109413147 -0.11357378214597702 0.20748840272426605 -0.2833213210105896 0.125545471906662 0.9910472631454468 -0.04542797431349754 -0.15964725613594055 -0.20047137141227722 0.07018805295228958 0.9771820902824402 0.7064092755317688 0.0 0.0 0.0 1.0
0.9690832495689392 -0.12683700025081635 0.21163666248321533 -0.28324270248413086 0.13956302404403687 0.9891321659088135 -0.04625673219561577 -0.15777523815631866 -0.20346957445144653 0.07436327636241913 0.9762531518936157 0.6982982158660889 0.0 0.0 0.0 1.0
0.9683935642242432 -0.12962238490581512 0.21310076117515564 -0.2831912636756897 0.14344944059848785 0.9883586168289185 -0.050690118223428726 -0.15627212822437286 -0.20404940843582153 0.0796571671962738 0.975714385509491 0.6914690136909485 0.0 0.0 0.0 1.0
0.9652988910675049 -0.13883206248283386 0.2211870402097702 -0.28365275263786316 0.15420307219028473 0.9865773916244507 -0.05372592434287071 -0.1550285369157791 -0.2107592523097992 0.08596929162740707 0.9737504124641418 0.6852875351905823 0.0 0.0 0.0 1.0
0.9624599814414978 -0.1478065699338913 0.22764889895915985 -0.2849702835083008 0.1641043722629547 0.984947144985199 -0.05430390685796738 -0.1525743156671524 -0.21619565784931183 0.08962351828813553 0.9722278714179993 0.6766746640205383 0.0 0.0 0.0 1.0
0.9618989825248718 -0.1504126340150833 0.22831201553344727 -0.2867160141468048 0.16771139204502106 0.9841139912605286 -0.05824589729309082 -0.1508636772632599 -0.21592412889003754 0.09431719779968262 0.9718441367149353 0.6695862412452698 0.0 0.0 0.0 1.0
0.9604312777519226 -0.1511816531419754 0.23391419649124146 -0.2885577082633972 0.17092463374137878 0.9830407500267029 -0.06645019352436066 -0.14919334650039673 -0.21990114450454712 0.10380253940820694 0.9699837565422058 0.662359356880188 0.0 0.0 0.0 1.0
0.9574416279792786 -0.15551750361919403 0.24314559996128082 -0.29124629497528076 0.17624162137508392 0.982144832611084 -0.06580561399459839 -0.1460210531949997 -0.22857026755809784 0.10585740953683853 0.9677550792694092 0.6521766185760498 0.0 0.0 0.0 1.0
0.9567861557006836 -0.15769314765930176 0.24432168900966644 -0.29386842250823975 0.17988859117031097 0.9811051487922668 -0.07122307270765305 -0.14391544461250305 -0.22847387194633484 0.11209593713283539 0.9670750498771667 0.6439194083213806 0.0 0.0 0.0 1.0
0.9545652866363525 -0.16773150861263275 0.2463153451681137 -0.29833266139030457 0.19135750830173492 0.9786379337310791 -0.07516713440418243 -0.1406814157962799 -0.2284456342458725 0.11888622492551804 0.9662705063819885 0.6327104568481445 0.0 0.0 0.0 1.0
0.9522269368171692 -0.17075945436954498 0.25318989157676697 -0.30125483870506287 0.19534440338611603 0.9778487682342529 -0.07518181949853897 -0.13775460422039032 -0.23474343121051788 0.12104938924312592 0.9644908308982849 0.623988926410675 0.0 0.0 0.0 1.0
0.9504666328430176 -0.17101812362670898 0.25954967737197876 -0.30516403913497925 0.1967121809720993 0.9774889945983887 -0.07628607004880905 -0.13477405905723572 -0.2406606525182724 0.12356394529342651 0.9627119898796082 0.6147080659866333 0.0 0.0 0.0 1.0
0.9492467641830444 -0.1748429387807846 0.2614583671092987 -0.3114001154899597 0.20285020768642426 0.9755947589874268 -0.08406326174736023 -0.13069169223308563 -0.24037955701351166 0.13283365964889526 0.9615471363067627 0.6018801331520081 0.0 0.0 0.0 1.0
0.9488071799278259 -0.17798492312431335 0.260933518409729 -0.3165089786052704 0.20494957268238068 0.9755112528800964 -0.07983380556106567 -0.1269027292728424 -0.2403343915939331 0.12922510504722595 0.9620500206947327 0.5921121835708618 0.0 0.0 0.0 1.0
0.9476308226585388 -0.18257305026054382 0.26203611493110657 -0.32395175099372864 0.2096266895532608 0.9745799899101257 -0.07906040549278259 -0.12207017093896866 -0.2409408539533615 0.12984983623027802 0.9618141651153564 0.5791078805923462 0.0 0.0 0.0 1.0
0.9469913840293884 -0.1860954761505127 0.26186978816986084 -0.329965740442276 0.21357302367687225 0.9736089110374451 -0.08045066893100739 -0.11830365657806396 -0.23998725414276123 0.13211441040039062 0.9617441892623901 0.5695404410362244 0.0 0.0 0.0 1.0
0.9469566941261292 -0.1825062334537506 0.2645079791545868 -0.3358847200870514 0.21100719273090363 0.9739173054695129 -0.08343300968408585 -0.11436090618371964 -0.24238185584545135 0.13482053577899933 0.9607676267623901 0.5600726008415222 0.0 0.0 0.0 1.0
0.9452280402183533 -0.18079987168312073 0.27176347374916077 -0.34395840764045715 0.20932666957378387 0.9745936989784241 -0.0796833261847496 -0.10853645950555801 -0.2504522502422333 0.1322062611579895 0.9590595364570618 0.5477226376533508 0.0 0.0 0.0 1.0
0.9444773197174072 -0.17912469804286957 0.2754577398300171 -0.350098192691803 0.2085176557302475 0.9746449589729309 -0.08116389065980911 -0.10426626354455948 -0.2539350390434265 0.13409525156021118 0.9578807353973389 0.5388904213905334 0.0 0.0 0.0 1.0
0.9434970617294312 -0.18037381768226624 0.27799028158187866 -0.3564329445362091 0.21015921235084534 0.974297046661377 -0.08110681921243668 -0.10017373412847519 -0.25621557235717773 0.13494625687599182 0.9571536183357239 0.5299561023712158 0.0 0.0 0.0 1.0
0.9414528012275696 -0.1829552948474884 0.28318551182746887 -0.3623808026313782 0.2129582017660141 0.9738788604736328 -0.0787956640124321 -0.09582296758890152 -0.26137229800224304 0.13448907434940338 0.955822765827179 0.5214007496833801 0.0 0.0 0.0 1.0
0.9398013949394226 -0.1831044852733612 0.28852391242980957 -0.3703801929950714 0.21346917748451233 0.9738889932632446 -0.07727330178022385 -0.09031745791435242 -0.26684117317199707 0.13421252369880676 0.9543493986129761 0.5102477669715881 0.0 0.0 0.0 1.0
0.937844455242157 -0.1847999542951584 0.293763130903244 -0.37634021043777466 0.21695969998836517 0.9728429913520813 -0.08065376430749893 -0.08635509014129639 -0.2708806097507477 0.1393754482269287 0.952469527721405 0.5023916959762573 0.0 0.0 0.0 1.0
0.9356274604797363 -0.18382661044597626 0.3013453185558319 -0.3838713765144348 0.2165709286928177 0.9730799794197083 -0.07881895452737808 -0.08085204660892487 -0.27874407172203064 0.1390078067779541 0.9502518177032471 0.49250391125679016 0.0 0.0 0.0 1.0
0.9335032105445862 -0.18686459958553314 0.30602842569351196 -0.389848917722702 0.21927936375141144 0.9727835059165955 -0.07489236444234848 -0.07678277045488358 -0.2837046682834625 0.13701798021793365 0.9490720629692078 0.4852789640426636 0.0 0.0 0.0 1.0
0.9330058693885803 -0.18914726376533508 0.306142657995224 -0.3960351049900055 0.22228693962097168 0.9719405770301819 -0.07694165408611298 -0.07332810014486313 -0.282999187707901 0.13983853161334991 0.9488712549209595 0.47873860597610474 0.0 0.0 0.0 1.0
0.9304100275039673 -0.1914445012807846 0.3125479519367218 -0.4013271927833557 0.22531168162822723 0.9713376760482788 -0.07574834674596786 -0.06987033784389496 -0.2890879809856415 0.1408977210521698 0.9468769431114197 0.4724443554878235 0.0 0.0 0.0 1.0
0.923910915851593 -0.1953248232603073 0.3289935886859894 -0.4083065390586853 0.2285323143005371 0.9713581800460815 -0.06508680433034897 -0.0652228593826294 -0.30685755610466003 0.13532008230686188 0.9420864582061768 0.4649510383605957 0.0 0.0 0.0 1.0
0.922063410282135 -0.20030249655246735 0.33117660880088806 -0.4134996831417084 0.23357897996902466 0.970262348651886 -0.06349686533212662 -0.06295815855264664 -0.30860963463783264 0.13590402901172638 0.941429853439331 0.4593687057495117 0.0 0.0 0.0 1.0
0.9190863370895386 -0.2087833285331726 0.33420029282569885 -0.420157790184021 0.24319696426391602 0.9678515791893005 -0.0641762912273407 -0.06111306697130203 -0.3100573420524597 0.14026004076004028 0.9403145909309387 0.45261257886886597 0.0 0.0 0.0 1.0
0.9149357676506042 -0.2134406566619873 0.342542827129364 -0.42476317286491394 0.24940866231918335 0.9662758111953735 -0.06408065557479858 -0.06005369871854782 -0.31731343269348145 0.1440628319978714 0.9373142719268799 0.448201447725296 0.0 0.0 0.0 1.0
0.9114273190498352 -0.21816828846931458 0.3488593101501465 -0.4299609065055847 0.2548835277557373 0.9649531841278076 -0.06244818866252899 -0.05926508456468582 -0.32300865650177 0.14583547413349152 0.9350922107696533 0.4436296224594116 0.0 0.0 0.0 1.0
0.9082783460617065 -0.22179381549358368 0.3547365367412567 -0.43735620379447937 0.2612496614456177 0.9629544019699097 -0.06683853268623352 -0.05845914036035538 -0.32677072286605835 0.1533827781677246 0.9325742125511169 0.4389147162437439 0.0 0.0 0.0 1.0
0.9062892198562622 -0.22098366916179657 0.36028608679771423 -0.4434986114501953 0.26154306530952454 0.9628398418426514 -0.06734029203653336 -0.05762482061982155 -0.3320167064666748 0.1552601009607315 0.9304080605506897 0.4360678791999817 0.0 0.0 0.0 1.0
0.9047082662582397 -0.22323960065841675 0.3628595769405365 -0.45055264234542847 0.2643517255783081 0.9620818495750427 -0.06720618158578873 -0.05668668448925018 -0.3340975344181061 0.15672454237937927 0.9294171333312988 0.43360599875450134 0.0 0.0 0.0 1.0
0.9022979736328125 -0.23061467707157135 0.36424610018730164 -0.460712730884552 0.27226024866104126 0.959909975528717 -0.06668715924024582 -0.055530302226543427 -0.3342644274234772 0.15934142470359802 0.9289120435714722 0.4312112331390381 0.0 0.0 0.0 1.0
0.9008068442344666 -0.23372873663902283 0.3659479320049286 -0.46899324655532837 0.27379706501960754 0.9598564505577087 -0.06091638654470444 -0.05447310954332352 -0.33701956272125244 0.15506936609745026 0.9286394715309143 0.4297093451023102 0.0 0.0 0.0 1.0
0.8997297883033752 -0.23595929145812988 0.36716413497924805 -0.4777728021144867 0.276502788066864 0.9590610265731812 -0.061221785843372345 -0.054063960909843445 -0.3376869559288025 0.15660497546195984 0.9281392097473145 0.4285252094268799 0.0 0.0 0.0 1.0
0.8980083465576172 -0.23822088539600372 0.3699078857898712 -0.49035531282424927 0.2795870900154114 0.958135724067688 -0.06170071288943291 -0.05385438725352287 -0.3397235572338104 0.1588292270898819 0.927017331123352 0.427507221698761 0.0 0.0 0.0 1.0
0.8962295651435852 -0.239662766456604 0.37327513098716736 -0.5005508065223694 0.2799474000930786 0.9583305716514587 -0.056850776076316833 -0.0534941591322422 -0.34409594535827637 0.15544874966144562 0.9259771704673767 0.4269576966762543 0.0 0.0 0.0 1.0
0.8964632749557495 -0.23833882808685303 0.37356147170066833 -0.5112592577934265 0.28031206130981445 0.9579364657402039 -0.06150532141327858 -0.05339346081018448 -0.3431890308856964 0.1598510444164276 0.9255641102790833 0.42705589532852173 0.0 0.0 0.0 1.0
0.8965823650360107 -0.24033507704734802 0.37199342250823975 -0.5264798402786255 0.28392985463142395 0.9565480351448059 -0.06633038073778152 -0.0534730963408947 -0.3398880362510681 0.16509069502353668 0.9258623719215393 0.4276617765426636 0.0 0.0 0.0 1.0
0.8968946933746338 -0.24276453256607056 0.36965563893318176 -0.5386079549789429 0.2847651243209839 0.9565423727035522 -0.06273341923952103 -0.05287747457623482 -0.33836182951927185 0.1615303009748459 0.9270486831665039 0.4282389283180237 0.0 0.0 0.0 1.0
0.8980335593223572 -0.24313540756702423 0.3666345477104187 -0.5513474941253662 0.2853744328022003 0.956217885017395 -0.06487492471933365 -0.05249425023794174 -0.3348091244697571 0.16288799047470093 0.9281004071235657 0.4293738901615143 0.0 0.0 0.0 1.0
0.8982889652252197 -0.2445908933877945 0.36503732204437256 -0.5687059760093689 0.2862856090068817 0.9560093283653259 -0.0639277845621109 -0.05184603109955788 -0.33334293961524963 0.16193056106567383 0.9287954568862915 0.431033194065094 0.0 0.0 0.0 1.0
0.8977096080780029 -0.2458215206861496 0.36563539505004883 -0.5818652510643005 0.2873058617115021 0.955777108669281 -0.06281299144029617 -0.05127416551113129 -0.33402514457702637 0.1614370197057724 0.9286362528800964 0.4328376352787018 0.0 0.0 0.0 1.0
0.8982729911804199 -0.2492329329252243 0.3619234263896942 -0.5999439358711243 0.2906644940376282 0.954683244228363 -0.0639846920967102 -0.05062606930732727 -0.32957515120506287 0.16267400979995728 0.9300093650817871 0.43528512120246887 0.0 0.0 0.0 1.0
0.8996448516845703 -0.252914160490036 0.35591235756874084 -0.6139935851097107 0.2938061058521271 0.9536535143852234 -0.06498408317565918 -0.05060113966464996 -0.32298168540000916 0.16303181648254395 0.9322571754455566 0.4369990825653076 0.0 0.0 0.0 1.0
0.8985378742218018 -0.26585039496421814 0.34921810030937195 -0.627666175365448 0.30308058857917786 0.9513418674468994 -0.055595025420188904 -0.049968328326940536 -0.31744584441185 0.15579546988010406 0.9353907704353333 0.4392860233783722 0.0 0.0 0.0 1.0
0.8967817425727844 -0.28208038210868835 0.3409004807472229 -0.6462587118148804 0.31389063596725464 0.9485812783241272 -0.04081897810101509 -0.0494438000023365 -0.3118576109409332 0.14361119270324707 0.9392127990722656 0.4423423409461975 0.0 0.0 0.0 1.0
0.8979495167732239 -0.2849661707878113 0.3353818655014038 -0.6606131792068481 0.3148179352283478 0.9484293460845947 -0.037033457309007645 -0.04924830049276352 -0.3075326979160309 0.13883839547634125 0.9413540959358215 0.44414573907852173 0.0 0.0 0.0 1.0
0.8986958861351013 -0.28437718749046326 0.33387911319732666 -0.6783739924430847 0.3121078312397003 0.9495294690132141 -0.03134516254067421 -0.049848783761262894 -0.3081142008304596 0.1323760598897934 0.9420945644378662 0.44659170508384705 0.0 0.0 0.0 1.0
0.8982272148132324 -0.28645455837249756 0.33336421847343445 -0.6914147138595581 0.3130214512348175 0.949343204498291 -0.027659526094794273 -0.050343822687864304 -0.30855387449264526 0.1291946917772293 0.9423922896385193 0.4482632279396057 0.0 0.0 0.0 1.0
0.8983154892921448 -0.2915409803390503 0.3286839425563812 -0.7043412923812866 0.31788697838783264 0.947709321975708 -0.028193343430757523 -0.051546428352594376 -0.30327731370925903 0.1298108547925949 0.944019079208374 0.44977256655693054 0.0 0.0 0.0 1.0
0.9009221792221069 -0.2971024811267853 0.31633734703063965 -0.7213845252990723 0.3194287419319153 0.9474006295204163 -0.01993238739669323 -0.0525643527507782 -0.2937762439250946 0.11900477111339569 0.9484373331069946 0.4517703950405121 0.0 0.0 0.0 1.0
0.9003838896751404 -0.3032921850681305 0.3119659125804901 -0.7337192893028259 0.3253018856048584 0.9454038143157959 -0.019755331799387932 -0.05368071794509888 -0.2889421284198761 0.11927048116922379 0.9498878717422485 0.4535667300224304 0.0 0.0 0.0 1.0
0.9016842842102051 -0.3021240234375 0.30933237075805664 -0.7455561757087708 0.32387837767601013 0.9458820819854736 -0.0202446561306715 -0.05451806262135506 -0.2864755392074585 0.11844035238027573 0.9507384896278381 0.45529791712760925 0.0 0.0 0.0 1.0
0.9048683643341064 -0.29805517196655273 0.3039347529411316 -0.7611061930656433 0.3182629346847534 0.9478309750556946 -0.01803066022694111 -0.05570889636874199 -0.2827046513557434 0.1130465418100357 0.9525222182273865 0.4576833248138428 0.0 0.0 0.0 1.0
0.9060109853744507 -0.29833248257637024 0.3002362847328186 -0.7724334001541138 0.3177890181541443 0.9480093717575073 -0.01698104292154312 -0.05688879266381264 -0.27956080436706543 0.11079680174589157 0.9537137150764465 0.4592331349849701 0.0 0.0 0.0 1.0
0.908534824848175 -0.2947699725627899 0.29609981179237366 -0.782767117023468 0.3125445544719696 0.94980788230896 -0.013450819067656994 -0.058248698711395264 -0.277273029088974 0.1047649160027504 0.9550622701644897 0.461157888174057 0.0 0.0 0.0 1.0
0.9112315773963928 -0.29022935032844543 0.29227378964424133 -0.795785665512085 0.3068781793117523 0.9516763091087341 -0.011744653806090355 -0.06086088716983795 -0.27474141120910645 0.10039454698562622 0.9562625885009766 0.46314114332199097 0.0 0.0 0.0 1.0
0.9112891554832458 -0.29289600253105164 0.28942015767097473 -0.804783284664154 0.3097405433654785 0.950730562210083 -0.01312280260026455 -0.06319306045770645 -0.2713169455528259 0.10160382091999054 0.957112193107605 0.46420595049858093 0.0 0.0 0.0 1.0
0.9100375175476074 -0.2927215099334717 0.2935061454772949 -0.8130965828895569 0.30987492203712463 0.9506933093070984 -0.012638297863304615 -0.06517533212900162 -0.27533483505249023 0.10245151817798615 0.9558736085891724 0.4657058119773865 0.0 0.0 0.0 1.0
0.9104369282722473 -0.28755006194114685 0.2973543107509613 -0.8240274786949158 0.3035084009170532 0.9527960419654846 -0.007898613810539246 -0.06745661795139313 -0.2810467481613159 0.09744071960449219 0.9547345638275146 0.4680236279964447 0.0 0.0 0.0 1.0
0.9104664325714111 -0.2869148850440979 0.29787692427635193 -0.8322522044181824 0.30344682931900024 0.9527984261512756 -0.009756113402545452 -0.0691363662481308 -0.2810175120830536 0.09927242994308472 0.9545544385910034 0.4698074758052826 0.0 0.0 0.0 1.0
0.9092093706130981 -0.2902550995349884 0.29847994446754456 -0.8407796621322632 0.3056279718875885 0.9521374702453613 -0.005082656163722277 -0.07041249424219131 -0.2827186584472656 0.09584502130746841 0.9544023871421814 0.471466988325119 0.0 0.0 0.0 1.0
0.9073073863983154 -0.2887650430202484 0.30562734603881836 -0.8521482944488525 0.30292853713035583 0.9530125856399536 0.0011367242550477386 -0.07125230133533478 -0.2915949523448944 0.09155189245939255 0.9521505236625671 0.47446340322494507 0.0 0.0 0.0 1.0
0.9081968069076538 -0.28483229875564575 0.3066742420196533 -0.8612804412841797 0.29878345131874084 0.9543197154998779 0.001522488659247756 -0.07236211746931076 -0.29309892654418945 0.09024646133184433 0.9518133401870728 0.4762047827243805 0.0 0.0 0.0 1.0
0.9081360697746277 -0.2842164635658264 0.30742451548576355 -0.8705193400382996 0.2978847324848175 0.9545983672142029 0.0025784331373870373 -0.07302660495042801 -0.29419979453086853 0.08923550695180893 0.9515689611434937 0.47796282172203064 0.0 0.0 0.0 1.0
0.9056727290153503 -0.2878056764602661 0.3113274872303009 -0.8835886120796204 0.29810264706611633 0.9544143080711365 0.01510440744459629 -0.07343410700559616 -0.30148252844810486 0.07912790030241013 0.9501826167106628 0.48071208596229553 0.0 0.0 0.0 1.0
0.9067224264144897 -0.28485816717147827 0.3109828531742096 -0.8938339352607727 0.2943415939807892 0.9555477499961853 0.017073146998882294 -0.0736660286784172 -0.30202236771583557 0.07605458050966263 0.950262188911438 0.4824640452861786 0.0 0.0 0.0 1.0
0.9073036909103394 -0.2811552882194519 0.31265267729759216 -0.9043899774551392 0.2907238006591797 0.956662654876709 0.016619054600596428 -0.07341660559177399 -0.3037756681442261 0.0758170410990715 0.9497221112251282 0.4843635559082031 0.0 0.0 0.0 1.0
0.9059321880340576 -0.279386967420578 0.31816625595092773 -0.9147525429725647 0.2882305383682251 0.9573527574539185 0.01997237466275692 -0.07303806394338608 -0.31017735600471497 0.07361161708831787 0.9478245377540588 0.48645254969596863 0.0 0.0 0.0 1.0
0.9048587679862976 -0.2823837697505951 0.3185749351978302 -0.9295453429222107 0.287915974855423 0.9571650624275208 0.03065074048936367 -0.07158559560775757 -0.3135840594768524 0.06398822367191315 0.9474020004272461 0.48906081914901733 0.0 0.0 0.0 1.0
0.9052836298942566 -0.28123313188552856 0.3183857500553131 -0.9409114718437195 0.286503404378891 0.9575710296630859 0.031200695782899857 -0.07118238508701324 -0.3136516511440277 0.06297311931848526 0.947447657585144 0.49126043915748596 0.0 0.0 0.0 1.0
0.9028933644294739 -0.2838096618652344 0.3228553831577301 -0.9562065601348877 0.28616857528686523 0.9572921395301819 0.04122297838330269 -0.0696495994925499 -0.320766419172287 0.05517110973596573 0.9455501437187195 0.49390456080436707 0.0 0.0 0.0 1.0
0.900471568107605 -0.2862769067287445 0.3274087905883789 -0.9675725102424622 0.286188542842865 0.9568900465965271 0.04957372695207596 -0.06874140352010727 -0.3274860382080078 0.04906091466546059 0.9435814619064331 0.49581262469291687 0.0 0.0 0.0 1.0
0.9001338481903076 -0.2884867489337921 0.32639622688293457 -0.9800305962562561 0.28803491592407227 0.956268310546875 0.050860729068517685 -0.06811105459928513 -0.3267950117588043 0.04823204129934311 0.9438636898994446 0.49754735827445984 0.0 0.0 0.0 1.0
0.8960692882537842 -0.2907662093639374 0.33543241024017334 -0.9960945248603821 0.28926584124565125 0.9556305408477783 0.0556381493806839 -0.06726956367492676 -0.3367271423339844 0.04717349261045456 0.9404198527336121 0.4993365705013275 0.0 0.0 0.0 1.0
0.8918302059173584 -0.29649826884269714 0.3416542708873749 -1.0085458755493164 0.295073926448822 0.9537457227706909 0.057450152933597565 -0.06626050174236298 -0.34288516640663147 0.049577489495277405 0.938068151473999 0.5005953311920166 0.0 0.0 0.0 1.0
0.8903577327728271 -0.3001896142959595 0.3422708511352539 -1.0258795022964478 0.29888588190078735 0.9525295495986938 0.057919375598430634 -0.065981425344944 -0.3434098958969116 0.05073096603155136 0.937814474105835 0.5014780163764954 0.0 0.0 0.0 1.0
0.8877781629562378 -0.3066447079181671 0.3432477116584778 -1.039003849029541 0.3044109642505646 0.9505314230918884 0.061838842928409576 -0.06562337279319763 -0.3452302813529968 0.049589186906814575 0.9372069835662842 0.5020202994346619 0.0 0.0 0.0 1.0
0.8837885856628418 -0.31424498558044434 0.3466522693634033 -1.0517328977584839 0.3098338544368744 0.9482349157333374 0.0696675255894661 -0.06540528684854507 -0.3506004512310028 0.045833248645067215 0.9354029297828674 0.5028349161148071 0.0 0.0 0.0 1.0
0.877366840839386 -0.3252868056297302 0.3527263402938843 -1.068060040473938 0.3182506859302521 0.9446620941162109 0.0795617550611496 -0.0655587688088417 -0.35908758640289307 0.042450547218322754 0.9323379397392273 0.503723680973053 0.0 0.0 0.0 1.0
0.8736902475357056 -0.32909759879112244 0.35827383399009705 -1.0801864862442017 0.3212161958217621 0.9433439373970032 0.08320103585720062 -0.06574005633592606 -0.3653566837310791 0.042391423135995865 0.9299018383026123 0.5046702027320862 0.0 0.0 0.0 1.0
0.8680105209350586 -0.3347979485988617 0.36669883131980896 -1.0920085906982422 0.3245924115180969 0.9414464831352234 0.09120485931634903 -0.0657714381814003 -0.3757625222206116 0.03986087441444397 0.9258583188056946 0.5053620338439941 0.0 0.0 0.0 1.0
0.861384391784668 -0.3425108790397644 0.37510427832603455 -1.1080338954925537 0.33122020959854126 0.9386115670204163 0.09644448012113571 -0.06619258224964142 -0.385110467672348 0.04116634652018547 0.9219518899917603 0.5063362121582031 0.0 0.0 0.0 1.0
0.8594864010810852 -0.3446594178676605 0.37748244404792786 -1.1203498840332031 0.33344611525535583 0.9377654194831848 0.09700386226177216 -0.06654184311628342 -0.3874232769012451 0.04249655455350876 0.9209219813346863 0.5069573521614075 0.0 0.0 0.0 1.0
0.8545665144920349 -0.35218191146850586 0.3816857635974884 -1.1364731788635254 0.3394911289215088 0.934994101524353 0.10262439399957657 -0.06673134863376617 -0.39301639795303345 0.0418795682489872 0.918577253818512 0.5077152252197266 0.0 0.0 0.0 1.0
0.8490167856216431 -0.36199575662612915 0.384876012802124 -1.1488900184631348 0.3498890697956085 0.9310188889503479 0.10383395105600357 -0.06694607436656952 -0.3959142863750458 0.04650713503360748 0.9171090126037598 0.508294939994812 0.0 0.0 0.0 1.0
0.8468996286392212 -0.36599037051200867 0.38576170802116394 -1.1612064838409424 0.35510408878326416 0.9292429685592651 0.1020227000117302 -0.06747984886169434 -0.395805686712265 0.05058257654309273 0.9169401526451111 0.5090423226356506 0.0 0.0 0.0 1.0
0.8445768356323242 -0.36857905983924866 0.38838058710098267 -1.17332923412323 0.35988107323646545 0.9278438091278076 0.09793632477521896 -0.06820497661828995 -0.39645376801490784 0.057056061923503876 0.9162799715995789 0.5101444721221924 0.0 0.0 0.0 1.0
0.8436530828475952 -0.3687897026538849 0.39018407464027405 -1.1897779703140259 0.35968494415283203 0.9277850389480591 0.09920511394739151 -0.06871908903121948 -0.3985927700996399 0.05664863809943199 0.9153768420219421 0.5120892524719238 0.0 0.0 0.0 1.0
0.842120885848999 -0.371343195438385 0.3910711705684662 -1.201919674873352 0.36240601539611816 0.9266888499259949 0.09954693913459778 -0.06938587129116058 -0.39936739206314087 0.05789599195122719 0.914961040019989 0.5139098763465881 0.0 0.0 0.0 1.0
0.841566801071167 -0.3774629533290863 0.3863767981529236 -1.217775583267212 0.36628955602645874 0.924515426158905 0.10537173599004745 -0.07077515870332718 -0.3969852328300476 0.05284843593835831 0.9163022041320801 0.5166373252868652 0.0 0.0 0.0 1.0
0.8446065187454224 -0.3729721009731293 0.3840984106063843 -1.2293001413345337 0.36237844824790955 0.9263579845428467 0.1026780903339386 -0.07287076115608215 -0.39410871267318726 0.05246639624238014 0.9175650477409363 0.5185903310775757 0.0 0.0 0.0 1.0
0.847037136554718 -0.37082555890083313 0.38081037998199463 -1.2410266399383545 0.3627466559410095 0.9269516468048096 0.09578904509544373 -0.07520226389169693 -0.38851380348205566 0.05700081214308739 0.9196781516075134 0.520751953125 0.0 0.0 0.0 1.0
0.848182737827301 -0.37159180641174316 0.37749913334846497 -1.2564746141433716 0.3647181987762451 0.9265076518058777 0.09254313260316849 -0.07881949841976166 -0.3841440975666046 0.05918731167912483 0.9213740825653076 0.5244227647781372 0.0 0.0 0.0 1.0
0.8548537492752075 -0.36371856927871704 0.37004584074020386 -1.280357003211975 0.35895591974258423 0.9295305013656616 0.0844021588563919 -0.08459512889385223 -0.37466752529144287 0.06067864969372749 0.9251715540885925 0.5305230617523193 0.0 0.0 0.0 1.0
0.858246386051178 -0.35963737964630127 0.3661613166332245 -1.2965337038040161 0.35598236322402954 0.9310553073883057 0.08007863163948059 -0.08781428635120392 -0.36971569061279297 0.061619773507118225 0.9270994067192078 0.5350886583328247 0.0 0.0 0.0 1.0
0.860230028629303 -0.3567204773426056 0.36435532569885254 -1.308901309967041 0.35342323780059814 0.9321864247322083 0.07823328673839569 -0.0898142158985138 -0.3675544857978821 0.06147301569581032 0.9279680848121643 0.5386817455291748 0.0 0.0 0.0 1.0
0.8650766611099243 -0.3491990268230438 0.36014223098754883 -1.3207563161849976 0.34827935695648193 0.9347882866859436 0.06980250775814056 -0.09205960482358932 -0.3610316812992096 0.06504558026790619 0.9302822947502136 0.5419186353683472 0.0 0.0 0.0 1.0
0.864865243434906 -0.34891602396965027 0.3609233498573303 -1.3352336883544922 0.34950491786003113 0.9346063733100891 0.06600974500179291 -0.09525464475154877 -0.36035311222076416 0.06905496120452881 0.9302564263343811 0.5465272068977356 0.0 0.0 0.0 1.0
0.8662450909614563 -0.34066256880760193 0.36547017097473145 -1.345703363418579 0.34443503618240356 0.9370733499526978 0.05707894265651703 -0.09759663045406342 -0.36191701889038086 0.07643637806177139 0.9290713667869568 0.5504209399223328 0.0 0.0 0.0 1.0
0.8695303201675415 -0.3330819308757782 0.3646552562713623 -1.3555563688278198 0.33828237652778625 0.9396274089813232 0.0516272597014904 -0.10022152215242386 -0.3598361909389496 0.07846497744321823 0.9297102689743042 0.5538251399993896 0.0 0.0 0.0 1.0
0.8676603436470032 -0.33812832832336426 0.36446496844291687 -1.364708662033081 0.3430575430393219 0.9377989172935486 0.05333559960126877 -0.10297244042158127 -0.3598291575908661 0.07875527441501617 0.9296884536743164 0.5572859048843384 0.0 0.0 0.0 1.0
0.8663045167922974 -0.3431479036808014 0.3629959523677826 -1.3765051364898682 0.3478573262691498 0.9359560608863831 0.05460387468338013 -0.10620675981044769 -0.3584854304790497 0.07896721363067627 0.9301894307136536 0.5627201795578003 0.0 0.0 0.0 1.0
0.8649376034736633 -0.3480968475341797 0.3615404963493347 -1.3847664594650269 0.35125502943992615 0.9343985915184021 0.05932258442044258 -0.10905168950557709 -0.35847294330596924 0.07568258047103882 0.9304672479629517 0.5666018724441528 0.0 0.0 0.0 1.0
0.8623210191726685 -0.3525562286376953 0.3634646236896515 -1.3946417570114136 0.3574746549129486 0.9322336316108704 0.05614536628127098 -0.11355074495077133 -0.3586283326148987 0.08151406049728394 0.9299145936965942 0.57193922996521 0.0 0.0 0.0 1.0
0.8579093217849731 -0.35583457350730896 0.3706390857696533 -1.4014198780059814 0.36278069019317627 0.9303398728370667 0.053459420800209045 -0.1167239099740982 -0.36384302377700806 0.0885973572731018 0.9272371530532837 0.5766940712928772 0.0 0.0 0.0 1.0
0.8553370833396912 -0.3592984676361084 0.37323322892189026 -1.408194899559021 0.36592769622802734 0.9289751648902893 0.05569653585553169 -0.11979997903108597 -0.3667360544204712 0.08893705904483795 0.9260641932487488 0.5812740921974182 0.0 0.0 0.0 1.0
0.8515534996986389 -0.36942538619041443 0.37199661135673523 -1.4168064594268799 0.3779669404029846 0.924317479133606 0.05270824953913689 -0.12342582643032074 -0.36331474781036377 0.09571851044893265 0.9267364144325256 0.5875759720802307 0.0 0.0 0.0 1.0
0.8465422987937927 -0.37348672747612 0.3793070316314697 -1.4232094287872314 0.3819960653781891 0.9224790334701538 0.055780306458473206 -0.12571918964385986 -0.3707359731197357 0.09767340123653412 0.9235879778862 0.5928260087966919 0.0 0.0 0.0 1.0
0.8457714915275574 -0.3703395128250122 0.3840823471546173 -1.4298166036605835 0.3794946074485779 0.9235665202140808 0.0548514723777771 -0.12765605747699738 -0.375039279460907 0.09936536103487015 0.9216681122779846 0.5980417132377625 0.0 0.0 0.0 1.0
0.8441736102104187 -0.37050294876098633 0.38742539286613464 -1.4386404752731323 0.38271355628967285 0.9225987195968628 0.04839347302913666 -0.13084769248962402 -0.3753681182861328 0.10742045938968658 0.9206300377845764 0.6045810580253601 0.0 0.0 0.0 1.0
0.8400520086288452 -0.3675946295261383 0.39898228645324707 -1.4444464445114136 0.38214507699012756 0.9229687452316284 0.04575798660516739 -0.13272465765476227 -0.3850685656070709 0.11403002589941025 0.9158162474632263 0.6097295880317688 0.0 0.0 0.0 1.0
0.8389955759048462 -0.36178138852119446 0.4064488112926483 -1.4522773027420044 0.374947726726532 0.925696849822998 0.049995068460702896 -0.13495035469532013 -0.39433568716049194 0.11045140773057938 0.912304699420929 0.6160219311714172 0.0 0.0 0.0 1.0
0.8383160829544067 -0.3690996766090393 0.4012375473976135 -1.4581682682037354 0.38211044669151306 0.9227371215820312 0.050475478172302246 -0.13684822618961334 -0.3888672888278961 0.11100265383720398 0.9145822525024414 0.6205853223800659 0.0 0.0 0.0 1.0
0.8358172178268433 -0.3773673176765442 0.3987524211406708 -1.4633327722549438 0.3891380727291107 0.9195610880851746 0.05458023026585579 -0.13937723636627197 -0.38727399706840515 0.10955066233873367 0.9154329299926758 0.6244676113128662 0.0 0.0 0.0 1.0
0.8309497237205505 -0.38125285506248474 0.4051775336265564 -1.4691309928894043 0.3928941786289215 0.9177644848823547 0.057814303785562515 -0.14183691143989563 -0.39389944076538086 0.11115112155675888 0.912408173084259 0.6296358108520508 0.0 0.0 0.0 1.0
0.8282352685928345 -0.38223516941070557 0.40978363156318665 -1.4731903076171875 0.3938479423522949 0.9172443151473999 0.05955403298139572 -0.14383564889431 -0.3986353278160095 0.11206768453121185 0.9102365970611572 0.6330310702323914 0.0 0.0 0.0 1.0
0.8252765536308289 -0.3885503113269806 0.4098137319087982 -1.4770357608795166 0.4019675552845001 0.9138789176940918 0.0569857694208622 -0.14622004330158234 -0.3966619670391083 0.11770281195640564 0.9103874564170837 0.636101484298706 0.0 0.0 0.0 1.0
0.8214429020881653 -0.3917830288410187 0.41441240906715393 -1.4811996221542358 0.40406692028045654 0.912635087966919 0.061863645911216736 -0.1488708257675171 -0.402444452047348 0.11663289368152618 0.9079841375350952 0.6400479674339294 0.0 0.0 0.0 1.0
0.8195246458053589 -0.38939738273620605 0.42041534185409546 -1.483738660812378 0.4040379524230957 0.912904679775238 0.05795140191912651 -0.15117855370044708 -0.4063652753829956 0.12237115204334259 0.9054791927337646 0.6428405046463013 0.0 0.0 0.0 1.0
0.8171688318252563 -0.39176949858665466 0.4227904975414276 -1.4875720739364624 0.4088905155658722 0.9109933376312256 0.053848996758461 -0.15367954969406128 -0.40625572204589844 0.12887129187583923 0.9046261310577393 0.6455031037330627 0.0 0.0 0.0 1.0
0.812684178352356 -0.3944742977619171 0.4288758337497711 -1.4899139404296875 0.4125576913356781 0.909294068813324 0.05459393188357353 -0.15557654201984406 -0.4115101397037506 0.13256840407848358 0.9017122387886047 0.6481839418411255 0.0 0.0 0.0 1.0
0.8109707236289978 -0.3905259072780609 0.43567875027656555 -1.4915623664855957 0.4093747138977051 0.9107460975646973 0.054349735379219055 -0.15683235228061676 -0.418017715215683 0.13427983224391937 0.8984598517417908 0.6507754325866699 0.0 0.0 0.0 1.0
0.8071831464767456 -0.39004185795783997 0.44308313727378845 -1.494307279586792 0.4087117910385132 0.9108656048774719 0.05725886672735214 -0.1580066680908203 -0.42592254281044006 0.13487491011619568 0.8946500420570374 0.653164267539978 0.0 0.0 0.0 1.0
0.8049795627593994 -0.3902026116847992 0.446933776140213 -1.4961419105529785 0.4088260233402252 0.9107178449630737 0.058773476630449295 -0.15882836282253265 -0.4299641251564026 0.1354067176580429 0.8926342129707336 0.6549639701843262 0.0 0.0 0.0 1.0
0.803023636341095 -0.38951393961906433 0.4510343074798584 -1.497469186782837 0.408509224653244 0.9108271598815918 0.059279993176460266 -0.15940022468566895 -0.4339046776294708 0.13664843142032623 0.8905357718467712 0.6563392281532288 0.0 0.0 0.0 1.0
0.7986237406730652 -0.388078898191452 0.45999449491500854 -1.498586893081665 0.4074934422969818 0.9111531376838684 0.06122982129454613 -0.15999843180179596 -0.44288742542266846 0.13854515552520752 0.8858081102371216 0.6573603749275208 0.0 0.0 0.0 1.0
0.7937487959861755 -0.3875216543674469 0.46881747245788574 -1.4989904165267944 0.4080301821231842 0.9108555316925049 0.06207703426480293 -0.16028571128845215 -0.45108118653297424 0.14201809465885162 0.8811110258102417 0.6576513648033142 0.0 0.0 0.0 1.0
0.7911904454231262 -0.38759976625442505 0.47305819392204285 -1.4994868040084839 0.4101957380771637 0.9100483655929565 0.059594277292490005 -0.1605161875486374 -0.4536045491695404 0.14689603447914124 0.8790133595466614 0.657629132270813 0.0 0.0 0.0 1.0
0.7852874398231506 -0.38950395584106445 0.4812591075897217 -1.4996826648712158 0.41668635606765747 0.9074157476425171 0.05448930338025093 -0.16055788099765778 -0.4579259157180786 0.15774434804916382 0.8748831748962402 0.6574881672859192 0.0 0.0 0.0 1.0
0.7826289534568787 -0.3912731111049652 0.4841459095478058 -1.4998854398727417 0.4182230234146118 0.906578779220581 0.05660782754421234 -0.1601528376340866 -0.46106553077697754 0.15817804634571075 0.8731542229652405 0.6573663949966431 0.0 0.0 0.0 1.0
0.7800615429878235 -0.3932437002658844 0.4866860806941986 -1.5002737045288086 0.4210793972015381 0.9052594900131226 0.0565452054142952 -0.15995463728904724 -0.46281325817108154 0.1608247309923172 0.8717449903488159 0.6567832827568054 0.0 0.0 0.0 1.0
0.7762040495872498 -0.39348915219306946 0.4926190972328186 -1.5002676248550415 0.42548346519470215 0.9035122990608215 0.051277533173561096 -0.15976044535636902 -0.46526455879211426 0.16979946196079254 0.8687329888343811 0.656433641910553 0.0 0.0 0.0 1.0
0.7723227739334106 -0.39048686623573303 0.5010364651679993 -1.500670075416565 0.42314255237579346 0.9045292735099792 0.05269913002848625 -0.15885324776172638 -0.47378048300743103 0.17130911350250244 0.8638201355934143 0.6560152769088745 0.0 0.0 0.0 1.0
0.7689424753189087 -0.3897293508052826 0.5067923665046692 -1.500872254371643 0.42275434732437134 0.9046202898025513 0.05422993749380112 -0.1582636833190918 -0.47958964109420776 0.17254896461963654 0.8603607416152954 0.6557672023773193 0.0 0.0 0.0 1.0
0.7661936283111572 -0.39383184909820557 0.5077832341194153 -1.5015612840652466 0.42708921432495117 0.9025022983551025 0.055537715554237366 -0.1579337865114212 -0.480148047208786 0.17431609332561493 0.8596928119659424 0.6551375985145569 0.0 0.0 0.0 1.0
0.7629765272140503 -0.3937302827835083 0.5126824378967285 -1.5026311874389648 0.42887160181999207 0.9017341136932373 0.05426565557718277 -0.15766790509223938 -0.483669251203537 0.17847150564193726 0.8568617105484009 0.6537793874740601 0.0 0.0 0.0 1.0
0.7604689002037048 -0.3913043439388275 0.5182353854179382 -1.5034152269363403 0.4282592833042145 0.9021164178848267 0.0527254194021225 -0.15751424431800842 -0.488140344619751 0.1818430870771408 0.8536112308502197 0.6530503034591675 0.0 0.0 0.0 1.0
0.7587281465530396 -0.3912384510040283 0.5208301544189453 -1.5052883625030518 0.4321167469024658 0.9005913138389587 0.047014959156513214 -0.15754131972789764 -0.48744916915893555 0.18938785791397095 0.8523646593093872 0.6519730091094971 0.0 0.0 0.0 1.0
0.7587668299674988 -0.3925376832485199 0.5197951793670654 -1.5068732500076294 0.43555960059165955 0.8991230130195618 0.043192919343709946 -0.15776804089546204 -0.4843146800994873 0.1936284452676773 0.8531982898712158 0.651476263999939 0.0 0.0 0.0 1.0
0.7576501369476318 -0.3911602795124054 0.5224556922912598 -1.508576512336731 0.4338877201080322 0.8998665809631348 0.04451478272676468 -0.15775330364704132 -0.48755282163619995 0.1929604709148407 0.8515036702156067 0.6515691876411438 0.0 0.0 0.0 1.0
0.7555016875267029 -0.3890884518623352 0.5270933508872986 -1.5108869075775146 0.4302423596382141 0.901398241519928 0.0487101785838604 -0.15748484432697296 -0.4940735995769501 0.1899772733449936 0.8484102487564087 0.6517924666404724 0.0 0.0 0.0 1.0
0.7563828229904175 -0.38439393043518066 0.5292696356773376 -1.5126854181289673 0.43061622977256775 0.9016719460487366 0.0394628681242466 -0.15815132856369019 -0.49239686131477356 0.19806306064128876 0.8475354313850403 0.6520773768424988 0.0 0.0 0.0 1.0
0.7562575340270996 -0.38343650102615356 0.5301424264907837 -1.5144892930984497 0.43026790022850037 0.901879072189331 0.03851801156997681 -0.1583225280046463 -0.4928935766220093 0.19897373020648956 0.8470332622528076 0.6522940397262573 0.0 0.0 0.0 1.0
0.7527557015419006 -0.3859628140926361 0.5332837700843811 -1.5170879364013672 0.42904967069625854 0.9020453691482544 0.047228846698999405 -0.15785443782806396 -0.49927476048469543 0.19325345754623413 0.8446169495582581 0.6519367694854736 0.0 0.0 0.0 1.0
0.752862274646759 -0.3815762996673584 0.5362815260887146 -1.5191760063171387 0.42835402488708496 0.902683436870575 0.040931906551122665 -0.15786486864089966 -0.49971112608909607 0.19890226423740387 0.8430460691452026 0.651436984539032 0.0 0.0 0.0 1.0
0.7547754645347595 -0.37656962871551514 0.5371306538581848 -1.5216519832611084 0.4258178472518921 0.9041124582290649 0.035493094474077225 -0.15799756348133087 -0.4989921450614929 0.20193049311637878 0.8427519798278809 0.6505193114280701 0.0 0.0 0.0 1.0
0.7559577226638794 -0.3732844293117523 0.5377607941627502 -1.5242377519607544 0.42507800459861755 0.9046459794044495 0.03040248714387417 -0.15778203308582306 -0.49783194065093994 0.20560729503631592 0.8425491452217102 0.6497932076454163 0.0 0.0 0.0 1.0
0.7551932334899902 -0.3742733895778656 0.5381473302841187 -1.5259220600128174 0.4267371594905853 0.9038849472999573 0.029789356514811516 -0.15782566368579865 -0.497572660446167 0.20715074241161346 0.8423241972923279 0.6491675972938538 0.0 0.0 0.0 1.0
0.7572392225265503 -0.37067416310310364 0.5377633571624756 -1.5283005237579346 0.4274541437625885 0.903791606426239 0.021063510328531265 -0.15786953270435333 -0.4938337206840515 0.21391905844211578 0.8428326845169067 0.6483010053634644 0.0 0.0 0.0 1.0
0.7574790120124817 -0.3657691776752472 0.5407758355140686 -1.5298892259597778 0.4246881604194641 0.905173122882843 0.01736776903271675 -0.15755239129066467 -0.49584832787513733 0.21650536358356476 0.8409874439239502 0.6476486325263977 0.0 0.0 0.0 1.0
0.7560466527938843 -0.3584528863430023 0.5476357936859131 -1.5310779809951782 0.42212486267089844 0.9064761996269226 0.010559787973761559 -0.15722957253456116 -0.5002039670944214 0.22318698465824127 0.8366501927375793 0.6470064520835876 0.0 0.0 0.0 1.0
0.7603573203086853 -0.34987953305244446 0.5472120642662048 -1.5330524444580078 0.41768768429756165 0.9085904955863953 0.0005579335265792906 -0.15680164098739624 -0.4973868727684021 0.2281395047903061 0.8369938135147095 0.645722508430481 0.0 0.0 0.0 1.0
0.7635963559150696 -0.3461030423641205 0.5450993776321411 -1.5342382192611694 0.41676250100135803 0.9089909791946411 -0.006666263099759817 -0.1563817411661148 -0.4931831955909729 0.2322673201560974 0.838344931602478 0.6449054479598999 0.0 0.0 0.0 1.0
0.7613663077354431 -0.34032872319221497 0.5518130660057068 -1.5345524549484253 0.41373082995414734 0.9103507995605469 -0.009391211904585361 -0.15485155582427979 -0.4991473853588104 0.23545224964618683 0.8339149355888367 0.644605815410614 0.0 0.0 0.0 1.0
0.7633508443832397 -0.3344632089138031 0.5526570677757263 -1.5349522829055786 0.40795058012008667 0.9129380583763123 -0.010974694974720478 -0.15352678298950195 -0.5008710622787476 0.23383432626724243 0.8333364725112915 0.6438474059104919 0.0 0.0 0.0 1.0
0.7650299668312073 -0.32940420508384705 0.5533732771873474 -1.5346500873565674 0.4074327051639557 0.9130210280418396 -0.01977921649813652 -0.15278448164463043 -0.49872609972953796 0.2405940741300583 0.8326984643936157 0.6433497667312622 0.0 0.0 0.0 1.0
0.7622336149215698 -0.32617154717445374 0.5591171979904175 -1.5332716703414917 0.4015028178691864 0.9157636165618896 -0.013132994994521141 -0.15027844905853271 -0.5077356100082397 0.2344975471496582 0.8289846181869507 0.6428207755088806 0.0 0.0 0.0 1.0
0.7623042464256287 -0.32408952713012695 0.560230553150177 -1.5320756435394287 0.3986741900444031 0.9170142412185669 -0.011988487094640732 -0.14870759844779968 -0.5098540186882019 0.23248833417892456 0.828249990940094 0.6421124935150146 0.0 0.0 0.0 1.0
0.7639382481575012 -0.32043468952178955 0.5601071119308472 -1.5309710502624512 0.3992846608161926 0.9166043400764465 -0.020205065608024597 -0.14753638207912445 -0.5069222450256348 0.2390776127576828 0.8281737565994263 0.6412950158119202 0.0 0.0 0.0 1.0
0.7639783620834351 -0.317391037940979 0.5617828965187073 -1.5289764404296875 0.3923795223236084 0.9196968078613281 -0.014001698233187199 -0.14499276876449585 -0.5122259259223938 0.23112908005714417 0.8271661996841431 0.6401112675666809 0.0 0.0 0.0 1.0
0.7628992795944214 -0.31669387221336365 0.5636397004127502 -1.5271848440170288 0.38921013474464417 0.9211024045944214 -0.009262371808290482 -0.1430540680885315 -0.5162365436553955 0.22644053399562836 0.825968861579895 0.6393887996673584 0.0 0.0 0.0 1.0
0.7659133672714233 -0.3107157349586487 0.5628787279129028 -1.5256879329681396 0.3870142996311188 0.9219036102294922 -0.017711548134684563 -0.14161492884159088 -0.5134166479110718 0.23140762746334076 0.8263497352600098 0.6387269496917725 0.0 0.0 0.0 1.0
0.767363429069519 -0.30302131175994873 0.5650942325592041 -1.5230035781860352 0.38217687606811523 0.923787534236908 -0.02360888011753559 -0.13921670615673065 -0.5148730278015137 0.23408253490924835 0.8246884942054749 0.6380464434623718 0.0 0.0 0.0 1.0
0.7658432126045227 -0.29787734150886536 0.5698712468147278 -1.5207194089889526 0.37611228227615356 0.9263303875923157 -0.0212507676333189 -0.13732916116714478 -0.521558940410614 0.23061034083366394 0.821459174156189 0.6376473903656006 0.0 0.0 0.0 1.0
0.7688190937042236 -0.2910281717777252 0.5694030523300171 -1.5185106992721558 0.3714551627635956 0.9280521273612976 -0.02720831334590912 -0.13599666953086853 -0.5205173492431641 0.2324259728193283 0.8216080665588379 0.6365954875946045 0.0 0.0 0.0 1.0
0.7691709995269775 -0.2861657440662384 0.5713887214660645 -1.5155962705612183 0.37015479803085327 0.9283720254898071 -0.03332944214344025 -0.13446006178855896 -0.5209235548973083 0.23713833093643188 0.8200024962425232 0.635211706161499 0.0 0.0 0.0 1.0
0.7668577432632446 -0.28340280055999756 0.5758576989173889 -1.5129927396774292 0.3649175465106964 0.9306199550628662 -0.02795751579105854 -0.13294707238674164 -0.5279814004898071 0.23158001899719238 0.817071795463562 0.6342669129371643 0.0 0.0 0.0 1.0
0.7667527198791504 -0.27964091300964355 0.5778332352638245 -1.510285496711731 0.3636852204799652 0.9309704303741455 -0.03204938396811485 -0.13197651505470276 -0.5289833545684814 0.23472335934638977 0.8155253529548645 0.6334803104400635 0.0 0.0 0.0 1.0
0.769302487373352 -0.27681031823158264 0.5758035182952881 -1.507364273071289 0.3639461398124695 0.9306085109710693 -0.03887198865413666 -0.13088664412498474 -0.5250874757766724 0.23946577310562134 0.8166635036468506 0.6320772767066956 0.0 0.0 0.0 1.0
0.7670338749885559 -0.27689021825790405 0.5787839293479919 -1.5021369457244873 0.3622486889362335 0.931443989276886 -0.034467559307813644 -0.12970590591430664 -0.5295610427856445 0.23610149323940277 0.8147522211074829 0.6304216980934143 0.0 0.0 0.0 1.0
0.7707822918891907 -0.2763764560222626 0.5740302205085754 -1.4996168613433838 0.36428895592689514 0.9303738474845886 -0.0412069596350193 -0.12949572503566742 -0.5226740837097168 0.24087446928024292 0.8177966475486755 0.6295527219772339 0.0 0.0 0.0 1.0
0.7731112837791443 -0.2774944007396698 0.5703470706939697 -1.4972028732299805 0.3643154203891754 0.9303648471832275 -0.04117728769779205 -0.12948115170001984 -0.5192043781280518 0.2396208494901657 0.8203710317611694 0.6290308237075806 0.0 0.0 0.0 1.0
0.7757519483566284 -0.2763887047767639 0.567290186882019 -1.4948934316635132 0.36305275559425354 0.9307767152786255 -0.04298100620508194 -0.12961365282535553 -0.5161410570144653 0.23929886519908905 0.8223955631256104 0.6287686824798584 0.0 0.0 0.0 1.0
0.7791883945465088 -0.27425774931907654 0.563602864742279 -1.4910768270492554 0.3653247356414795 0.9293806552886963 -0.05281546711921692 -0.13030757009983063 -0.5093165040016174 0.24705126881599426 0.8243557214736938 0.628564178943634 0.0 0.0 0.0 1.0
0.7822163105010986 -0.27584001421928406 0.5586143136024475 -1.4862600564956665 0.36612841486930847 0.9289991855621338 -0.05394860729575157 -0.13080279529094696 -0.504071056842804 0.24672405421733856 0.8276711702346802 0.6282585859298706 0.0 0.0 0.0 1.0
0.7866904735565186 -0.27491679787635803 0.5527557134628296 -1.4775238037109375 0.36729130148887634 0.9280942678451538 -0.061140693724155426 -0.13239839673042297 -0.4962007701396942 0.2511211633682251 0.831097424030304 0.6278677582740784 0.0 0.0 0.0 1.0
0.7890656590461731 -0.277582585811615 0.5480176210403442 -1.4708987474441528 0.3685325086116791 0.927626371383667 -0.06077071651816368 -0.13390721380710602 -0.49148672819137573 0.24991440773010254 0.8342562913894653 0.6278315782546997 0.0 0.0 0.0 1.0
0.7908613681793213 -0.2773783206939697 0.5455268621444702 -1.465478539466858 0.369329035282135 0.9270897507667542 -0.06403622031211853 -0.13544274866580963 -0.4879900813102722 0.2521226704120636 0.8356433510780334 0.627988338470459 0.0 0.0 0.0 1.0
0.7917892336845398 -0.2781909108161926 0.5437643527984619 -1.4601569175720215 0.3687009811401367 0.927452027797699 -0.06238865852355957 -0.1369311511516571 -0.4869593679904938 0.24988511204719543 0.8369157910346985 0.6280551552772522 0.0 0.0 0.0 1.0
0.7924056053161621 -0.2742001414299011 0.5448923110961914 -1.4524006843566895 0.36729565262794495 0.9276648759841919 -0.06731844693422318 -0.13974523544311523 -0.48701873421669006 0.25348010659217834 0.8357993364334106 0.6275424957275391 0.0 0.0 0.0 1.0
0.793673574924469 -0.2624688148498535 0.5488099455833435 -1.4325783252716064 0.3686451017856598 0.9251370429992676 -0.09067666530609131 -0.1485578715801239 -0.48392462730407715 0.274283766746521 0.8310146927833557 0.6240227818489075 0.0 0.0 0.0 1.0
0.7941663861274719 -0.25839895009994507 0.550027072429657 -1.421441912651062 0.36962181329727173 0.9238200187683105 -0.09968066960573196 -0.15370476245880127 -0.4823686480522156 0.28246504068374634 0.8291767239570618 0.6217013597488403 0.0 0.0 0.0 1.0
0.7941670417785645 -0.25955936312675476 0.5494794249534607 -1.4161734580993652 0.3726619780063629 0.9222363233566284 -0.1029716432094574 -0.15602996945381165 -0.4800226092338562 0.2865467667579651 0.8291376233100891 0.6203872561454773 0.0 0.0 0.0 1.0
0.7931288480758667 -0.2590610980987549 0.5512113571166992 -1.409383773803711 0.37532123923301697 0.9206575751304626 -0.10734821110963821 -0.1588001251220703 -0.47966712713241577 0.2920222878456116 0.8274312019348145 0.6185093522071838 0.0 0.0 0.0 1.0
0.7922756671905518 -0.2567000985145569 0.5535380244255066 -1.4043300151824951 0.37546828389167786 0.9202046394348145 -0.11066587269306183 -0.16060368716716766 -0.48096030950546265 0.2955138385295868 0.8254384994506836 0.6174812316894531 0.0 0.0 0.0 1.0
0.79178386926651 -0.25907281041145325 0.5531361699104309 -1.3994805812835693 0.37765637040138245 0.9193913340568542 -0.10997818410396576 -0.1620507687330246 -0.4800562262535095 0.29597434401512146 0.8257997035980225 0.6164187788963318 0.0 0.0 0.0 1.0
0.790316641330719 -0.2594257891178131 0.5550656318664551 -1.3936281204223633 0.38199275732040405 0.9169405102729797 -0.1153327152132988 -0.16370701789855957 -0.4790418744087219 0.30318039655685425 0.823772132396698 0.6153720021247864 0.0 0.0 0.0 1.0
0.788590669631958 -0.26242759823799133 0.5561084151268005 -1.3895061016082764 0.3836139440536499 0.9167537689208984 -0.11136838048696518 -0.16438700258731842 -0.48058831691741943 0.3011550009250641 0.8236142992973328 0.6149517297744751 0.0 0.0 0.0 1.0
0.7886684536933899 -0.2587054967880249 0.5577396154403687 -1.3847812414169312 0.38198962807655334 0.9170088171958923 -0.11479898542165756 -0.16496136784553528 -0.48175302147865295 0.3035891056060791 0.8220387101173401 0.6143718361854553 0.0 0.0 0.0 1.0
0.7884657979011536 -0.25812679529190063 0.5582939982414246 -1.3814682960510254 0.3826359808444977 0.9165065884590149 -0.11664193123579025 -0.1651185303926468 -0.4815717339515686 0.30559155344963074 0.8214027285575867 0.61399906873703 0.0 0.0 0.0 1.0
0.7870914340019226 -0.2606064975261688 0.5590807199478149 -1.3781641721725464 0.3838494122028351 0.9164287447929382 -0.11321672797203064 -0.16506201028823853 -0.48285263776779175 0.30371472239494324 0.8213468790054321 0.6138591766357422 0.0 0.0 0.0 1.0
0.785496711730957 -0.26200544834136963 0.5606675148010254 -1.3749550580978394 0.3845602571964264 0.9164625406265259 -0.11049800366163254 -0.1651817411184311 -0.48487967252731323 0.3024062514305115 0.820635199546814 0.6136198043823242 0.0 0.0 0.0 1.0
0.7860634922981262 -0.25904911756515503 0.5612466335296631 -1.3711357116699219 0.3847010135650635 0.9157046675682068 -0.11614666134119034 -0.1654580980539322 -0.4838484823703766 0.3072108030319214 0.8194584846496582 0.6130751967430115 0.0 0.0 0.0 1.0
0.7842540144920349 -0.25868067145347595 0.5639414191246033 -1.3682329654693604 0.3833451271057129 0.9167149662971497 -0.11260654777288437 -0.16545580327510834 -0.48784440755844116 0.3044963479042053 0.8181013464927673 0.6130126714706421 0.0 0.0 0.0 1.0
0.7808789610862732 -0.2584961950778961 0.5686894655227661 -1.3643217086791992 0.3846476376056671 0.916283369064331 -0.11167339980602264 -0.16565300524234772 -0.49221357703208923 0.3059484660625458 0.8149363994598389 0.6127424240112305 0.0 0.0 0.0 1.0
0.782010555267334 -0.25902101397514343 0.5668929815292358 -1.3621087074279785 0.3858203589916229 0.9155139327049255 -0.11391611397266388 -0.1660102903842926 -0.4894917607307434 0.3078024387359619 0.8158771395683289 0.6124681234359741 0.0 0.0 0.0 1.0
0.7817836403846741 -0.2568409740924835 0.5681963562965393 -1.3598062992095947 0.3825187683105469 0.917168140411377 -0.11172293871641159 -0.16620102524757385 -0.4924365282058716 0.3046889305114746 0.8152735233306885 0.6125167012214661 0.0 0.0 0.0 1.0
0.7813215851783752 -0.25765636563301086 0.568462610244751 -1.3571994304656982 0.38021403551101685 0.9187878370285034 -0.10614225268363953 -0.166241854429245 -0.4949483275413513 0.2990686893463135 0.8158333897590637 0.6123106479644775 0.0 0.0 0.0 1.0
0.7801322340965271 -0.258267879486084 0.5698169469833374 -1.355514407157898 0.3818824887275696 0.918026328086853 -0.10673980414867401 -0.16683918237686157 -0.49553951621055603 0.3008742928504944 0.8148099780082703 0.61326664686203 0.0 0.0 0.0 1.0
0.7799280285835266 -0.2589617371559143 0.5697816610336304 -1.3538291454315186 0.381118506193161 0.9186391234397888 -0.10416728258132935 -0.16693152487277985 -0.4964483678340912 0.2983973026275635 0.8151674866676331 0.6139311194419861 0.0 0.0 0.0 1.0
0.7804124355316162 -0.2568111717700958 0.5700916051864624 -1.3516616821289062 0.37874746322631836 0.9196138381958008 -0.10421501845121384 -0.16690987348556519 -0.49750053882598877 0.297251433134079 0.8149446845054626 0.6152393817901611 0.0 0.0 0.0 1.0
0.7821639776229858 -0.2553948163986206 0.5683246850967407 -1.350084900856018 0.3763798177242279 0.9205749034881592 -0.10430777072906494 -0.167110413312912 -0.49654579162597656 0.2954917252063751 0.8161659836769104 0.6162994503974915 0.0 0.0 0.0 1.0
0.7815355062484741 -0.2563265860080719 0.5687696933746338 -1.3482218980789185 0.3754008114337921 0.9213879704475403 -0.10059047490358353 -0.16723865270614624 -0.4982735514640808 0.292131632566452 0.8163226246833801 0.6178622841835022 0.0 0.0 0.0 1.0
0.7839437127113342 -0.255994588136673 0.5655961036682129 -1.345576286315918 0.3725548982620239 0.9227426052093506 -0.09873645007610321 -0.1675691157579422 -0.4966236650943756 0.28811943531036377 0.8187503218650818 0.6202417016029358 0.0 0.0 0.0 1.0
0.786120593547821 -0.25489839911460876 0.5630641579627991 -1.3433209657669067 0.36985209584236145 0.9238947033882141 -0.09812214970588684 -0.16793443262577057 -0.4952008128166199 0.2853862941265106 0.8205673694610596 0.6222517490386963 0.0 0.0 0.0 1.0
0.7875362634658813 -0.25208112597465515 0.562353789806366 -1.3404719829559326 0.36596745252609253 0.9254902601242065 -0.09765030443668365 -0.16848543286323547 -0.49583715200424194 0.2827063500881195 0.8211106061935425 0.6246265769004822 0.0 0.0 0.0 1.0
0.7908329367637634 -0.2509419322013855 0.5582216382026672 -1.3367340564727783 0.3635549247264862 0.9263374209403992 -0.09862446784973145 -0.16936349868774414 -0.49235260486602783 0.2809397280216217 0.8238093256950378 0.6276360750198364 0.0 0.0 0.0 1.0
0.7936395406723022 -0.2521801292896271 0.5536618828773499 -1.3338851928710938 0.36194881796836853 0.9271878004074097 -0.096518374979496 -0.16991448402404785 -0.4890085458755493 0.2769980728626251 0.8271291851997375 0.6300109028816223 0.0 0.0 0.0 1.0
0.7964999675750732 -0.2505458891391754 0.5502858757972717 -1.3312345743179321 0.3560490608215332 0.9299317002296448 -0.09195678681135178 -0.17041976749897003 -0.4886888861656189 0.269172340631485 0.8298972249031067 0.6322932839393616 0.0 0.0 0.0 1.0
0.8010565638542175 -0.24239318072795868 0.547315239906311 -1.3281004428863525 0.3463978171348572 0.9334056377410889 -0.09360796958208084 -0.17126749455928802 -0.48817718029022217 0.2645740807056427 0.8316751718521118 0.635423481464386 0.0 0.0 0.0 1.0
0.802740216255188 -0.23891311883926392 0.5463777780532837 -1.325755000114441 0.34355083107948303 0.934188187122345 -0.09625621885061264 -0.17128174006938934 -0.48742279410362244 0.26497727632522583 0.8319892287254333 0.6376301050186157 0.0 0.0 0.0 1.0
0.8073611259460449 -0.24043776094913483 0.5388484597206116 -1.3235117197036743 0.3423337936401367 0.9346752166748047 -0.09586326777935028 -0.17153045535087585 -0.48059916496276855 0.26186230778694153 0.8369304537773132 0.6400478482246399 0.0 0.0 0.0 1.0
0.810596764087677 -0.24088187515735626 0.5337684750556946 -1.3208833932876587 0.33992186188697815 0.935751736164093 -0.09392447024583817 -0.17124903202056885 -0.47685006260871887 0.2575744390487671 0.840398371219635 0.6427668333053589 0.0 0.0 0.0 1.0
0.8123926520347595 -0.23960760235786438 0.5316073894500732 -1.3187183141708374 0.33720195293426514 0.936821699142456 -0.09305887669324875 -0.17113995552062988 -0.4757237136363983 0.25485938787460327 0.841863214969635 0.6441235542297363 0.0 0.0 0.0 1.0
0.8145676255226135 -0.2364213913679123 0.5297023057937622 -1.316649317741394 0.33368828892707825 0.9379335045814514 -0.09451370686292648 -0.17107117176055908 -0.4744805097579956 0.2537432610988617 0.8429012894630432 0.6453418135643005 0.0 0.0 0.0 1.0
0.8184829354286194 -0.2371438443660736 0.523305356502533 -1.3137706518173218 0.3342735171318054 0.9373624920845032 -0.09804491698741913 -0.171340674161911 -0.46727606654167175 0.2551752030849457 0.8464860916137695 0.6463862657546997 0.0 0.0 0.0 1.0
0.8183559775352478 -0.24138714373111725 0.5215609073638916 -1.3111803531646729 0.33759480714797974 0.9363477826118469 -0.09634619206190109 -0.17141056060791016 -0.46510565280914307 0.25492173433303833 0.8477568626403809 0.6468501687049866 0.0 0.0 0.0 1.0
0.8208414316177368 -0.2458338439464569 0.5155434608459473 -1.3078936338424683 0.3411185145378113 0.9349722862243652 -0.0972883552312851 -0.17124713957309723 -0.4581020772457123 0.25571975111961365 0.8513224124908447 0.6473414301872253 0.0 0.0 0.0 1.0
0.8220892548561096 -0.25140345096588135 0.5108478665351868 -1.3053990602493286 0.34619995951652527 0.9330330491065979 -0.09795388579368591 -0.17085231840610504 -0.45201197266578674 0.257382333278656 0.8540723323822021 0.6473753452301025 0.0 0.0 0.0 1.0
0.82317715883255 -0.25207433104515076 0.5087611079216003 -1.302804946899414 0.3467065989971161 0.9327530860900879 -0.09882411360740662 -0.17013561725616455 -0.4496374726295471 0.2577405869960785 0.8552168607711792 0.6472465991973877 0.0 0.0 0.0 1.0
0.822886049747467 -0.25324687361717224 0.5086497664451599 -1.2983206510543823 0.345794141292572 0.933525800704956 -0.0946362242102623 -0.16835279762744904 -0.4508713483810425 0.2537629306316376 0.8557566404342651 0.6469420790672302 0.0 0.0 0.0 1.0
0.824967086315155 -0.2570560574531555 0.5033403038978577 -1.2949117422103882 0.34987014532089233 0.931698739528656 -0.09761299192905426 -0.16764423251152039 -0.44386953115463257 0.2566312551498413 0.8585570454597473 0.6462509632110596 0.0 0.0 0.0 1.0
0.8265425562858582 -0.26295387744903564 0.4976772964000702 -1.2911994457244873 0.35501524806022644 0.9296665191650391 -0.09840873628854752 -0.16664978861808777 -0.43679699301719666 0.2580220401287079 0.8617615699768066 0.6452663540840149 0.0 0.0 0.0 1.0
0.8264258503913879 -0.26398760080337524 0.4973236620426178 -1.2850903272628784 0.3564116358757019 0.9290578961372375 -0.099106565117836 -0.1650288999080658 -0.43587958812713623 0.25915616750717163 0.8618857264518738 0.6440993547439575 0.0 0.0 0.0 1.0
0.8272373676300049 -0.2618339955806732 0.4971129894256592 -1.2802664041519165 0.356056809425354 0.9287331700325012 -0.10333577543497086 -0.16413545608520508 -0.4346284866333008 0.2624836564064026 0.8615105152130127 0.6427347660064697 0.0 0.0 0.0 1.0
0.8300448656082153 -0.2629743218421936 0.49180278182029724 -1.2735296487808228 0.3558519184589386 0.928739607334137 -0.10398148745298386 -0.1627780944108963 -0.42941227555274963 0.26131826639175415 0.8644754886627197 0.6406315565109253 0.0 0.0 0.0 1.0
0.8294594883918762 -0.2659154236316681 0.49120864272117615 -1.267913579940796 0.35716763138771057 0.928628146648407 -0.10040447860956192 -0.16161103546619415 -0.429451048374176 0.25872528553009033 0.8652358055114746 0.6394327282905579 0.0 0.0 0.0 1.0
0.8308925628662109 -0.2650700509548187 0.4892396032810211 -1.2626839876174927 0.35787832736968994 0.9278351068496704 -0.10509603470563889 -0.16102269291877747 -0.42607584595680237 0.26241177320480347 0.8657941222190857 0.6380201578140259 0.0 0.0 0.0 1.0
0.8348979353904724 -0.2643137276172638 0.48278743028640747 -1.2576587200164795 0.3558351695537567 0.9283933639526367 -0.1070842519402504 -0.16007785499095917 -0.41991281509399414 0.26119717955589294 0.86916583776474 0.6365732550621033 0.0 0.0 0.0 1.0
0.836562991142273 -0.26450157165527344 0.479792982339859 -1.2506300210952759 0.3529260754585266 0.9300016760826111 -0.10266508162021637 -0.15863850712776184 -0.41905319690704346 0.2552172541618347 0.8713544607162476 0.6347494721412659 0.0 0.0 0.0 1.0
0.839827835559845 -0.2611617147922516 0.47590312361717224 -1.2456053495407104 0.3482455313205719 0.9316985607147217 -0.10326113551855087 -0.15787817537784576 -0.41643038392066956 0.25245270133018494 0.8734147548675537 0.6334288716316223 0.0 0.0 0.0 1.0
0.8470034599304199 -0.249833881855011 0.4692207872867584 -1.2384659051895142 0.33667099475860596 0.9351995587348938 -0.10979259759187698 -0.15692302584648132 -0.4113851487636566 0.25096774101257324 0.8762291073799133 0.6314524412155151 0.0 0.0 0.0 1.0
0.8477644324302673 -0.24549683928489685 0.47013482451438904 -1.2323554754257202 0.32955068349838257 0.9383636116981506 -0.10425951331853867 -0.1557585597038269 -0.41556206345558167 0.2433207631111145 0.876414954662323 0.6304896473884583 0.0 0.0 0.0 1.0
0.8497647643089294 -0.24589504301548004 0.46629977226257324 -1.2261292934417725 0.32722166180610657 0.9395495057106018 -0.10085971653461456 -0.15525312721729279 -0.41331082582473755 0.2382904291152954 0.8788582682609558 0.6292771697044373 0.0 0.0 0.0 1.0
0.8554553389549255 -0.24476787447929382 0.4563823938369751 -1.2171770334243774 0.32629257440567017 0.939083456993103 -0.10796048492193222 -0.1551659256219864 -0.40215587615966797 0.2412695586681366 0.8832098245620728 0.6273078918457031 0.0 0.0 0.0 1.0
0.8570111393928528 -0.24447964131832123 0.4536095857620239 -1.2102346420288086 0.3244295120239258 0.9399099349975586 -0.10637089610099792 -0.15462149679660797 -0.40034663677215576 0.23832537233829498 0.8848296999931335 0.625443160533905 0.0 0.0 0.0 1.0
0.8586578965187073 -0.2413465827703476 0.4521707594394684 -1.203187346458435 0.3224015533924103 0.9401395916938782 -0.11042989045381546 -0.15425047278404236 -0.3984517753124237 0.2406020611524582 0.8850688338279724 0.6234839558601379 0.0 0.0 0.0 1.0
0.862801194190979 -0.23919162154197693 0.4453779458999634 -1.1935280561447144 0.3193006217479706 0.9408599734306335 -0.11326812207698822 -0.1535901129245758 -0.391945481300354 0.23993732035160065 0.888149082660675 0.6209301352500916 0.0 0.0 0.0 1.0
0.8647707104682922 -0.2429371029138565 0.4394919276237488 -1.186698079109192 0.3206782937049866 0.9406594038009644 -0.11101939529180527 -0.15261004865169525 -0.38644149899482727 0.2369418442249298 0.8913593888282776 0.6193053722381592 0.0 0.0 0.0 1.0
0.8665677905082703 -0.24188421666622162 0.4365229308605194 -1.1795616149902344 0.3195108473300934 0.940826416015625 -0.11295339465141296 -0.15175199508666992 -0.38337066769599915 0.23735558986663818 0.8925744891166687 0.617503821849823 0.0 0.0 0.0 1.0
0.8698157072067261 -0.23547391593456268 0.4335581660270691 -1.1702160835266113 0.3117332458496094 0.9434245824813843 -0.1130150631070137 -0.15070737898349762 -0.38241732120513916 0.2334567755460739 0.894010603427887 0.6152723431587219 0.0 0.0 0.0 1.0
0.8701784610748291 -0.23184937238693237 0.43478187918663025 -1.1630922555923462 0.30739402770996094 0.9450546503067017 -0.11126803606748581 -0.14991724491119385 -0.3850952386856079 0.2304724007844925 0.8936353325843811 0.6140048503875732 0.0 0.0 0.0 1.0
0.8719336986541748 -0.22842805087566376 0.4330730438232422 -1.1562771797180176 0.30260515213012695 0.946761429309845 -0.10987701267004013 -0.14891767501831055 -0.38491785526275635 0.22685560584068298 0.8946366906166077 0.6129627227783203 0.0 0.0 0.0 1.0
0.8765695691108704 -0.22314664721488953 0.42641690373420715 -1.1478627920150757 0.29614412784576416 0.9485050439834595 -0.1124139353632927 -0.14789541065692902 -0.3793737590312958 0.22481948137283325 0.8975142240524292 0.6119610071182251 0.0 0.0 0.0 1.0
0.8764631748199463 -0.22392156720161438 0.4262292981147766 -1.1413648128509521 0.2947847843170166 0.9495158195495605 -0.1073387861251831 -0.14711366593837738 -0.3806759715080261 0.2197244018316269 0.8982243537902832 0.6117075681686401 0.0 0.0 0.0 1.0
0.8773056864738464 -0.2176389992237091 0.4277476370334625 -1.1349655389785767 0.2860685884952545 0.952769935131073 -0.10195193439722061 -0.14596432447433472 -0.3853563666343689 0.21180817484855652 0.8981301784515381 0.6111989617347717 0.0 0.0 0.0 1.0
0.879199206829071 -0.21401262283325195 0.4256846010684967 -1.1268820762634277 0.2802504003047943 0.9548307657241821 -0.0987822487950325 -0.14477135241031647 -0.3853161036968231 0.20614755153656006 0.8994635343551636 0.6113159656524658 0.0 0.0 0.0 1.0
0.880027711391449 -0.21186445653438568 0.42504674196243286 -1.1203100681304932 0.2775063216686249 0.9556927680969238 -0.09819138050079346 -0.14398807287216187 -0.3854108452796936 0.20436429977416992 0.8998298048973083 0.6120942831039429 0.0 0.0 0.0 1.0
0.8791586756706238 -0.2104896605014801 0.4275209307670593 -1.1135536432266235 0.27356961369514465 0.9575250148773193 -0.09113466739654541 -0.1428619921207428 -0.3901790678501129 0.19707855582237244 0.899399995803833 0.6132950186729431 0.0 0.0 0.0 1.0
0.8795474171638489 -0.21308784186840057 0.4254291355609894 -1.1049901247024536 0.2777130901813507 0.9559198617935181 -0.09535528719425201 -0.1422930657863617 -0.3863571286201477 0.20201674103736877 0.8999541401863098 0.6145610213279724 0.0 0.0 0.0 1.0
0.8789567351341248 -0.21707075834274292 0.42463552951812744 -1.0962519645690918 0.2801184058189392 0.955612301826477 -0.09131705015897751 -0.14103169739246368 -0.38596469163894653 0.1992119550704956 0.9007473587989807 0.616443395614624 0.0 0.0 0.0 1.0
0.8793217539787292 -0.2199735790491104 0.4223799705505371 -1.0900046825408936 0.28008389472961426 0.9561957716941833 -0.08510362356901169 -0.13988351821899414 -0.38515740633010864 0.19313529133796692 0.902414858341217 0.6179907321929932 0.0 0.0 0.0 1.0
0.8804957866668701 -0.22269080579280853 0.41849255561828613 -1.0843578577041626 0.2840595841407776 0.9546030759811401 -0.08968361467123032 -0.1389283835887909 -0.37952256202697754 0.19784286618232727 0.9037814140319824 0.6196492314338684 0.0 0.0 0.0 1.0
0.8814256191253662 -0.2239324301481247 0.4158642888069153 -1.0784194469451904 0.28346383571624756 0.9550719857215881 -0.08652033656835556 -0.13757078349590302 -0.3778056204319 0.19414372742176056 0.9053016901016235 0.6214219331741333 0.0 0.0 0.0 1.0
0.8829139471054077 -0.22964438796043396 0.4095441997051239 -1.0710185766220093 0.28343719244003296 0.956057071685791 -0.07495526969432831 -0.13570615649223328 -0.37433457374572754 0.18225911259651184 0.9092058539390564 0.6244168877601624 0.0 0.0 0.0 1.0
0.8867194056510925 -0.229000061750412 0.40160641074180603 -1.0636100769042969 0.28177931904792786 0.9564006328582764 -0.07680004090070724 -0.13492922484874725 -0.36650940775871277 0.1812644749879837 0.9125864505767822 0.6277230978012085 0.0 0.0 0.0 1.0
0.887427806854248 -0.2254199981689453 0.40206682682037354 -1.0570769309997559 0.27696681022644043 0.9580103158950806 -0.07420002669095993 -0.13471873104572296 -0.36845800280570984 0.17720633745193481 0.9125988483428955 0.6303562521934509 0.0 0.0 0.0 1.0
0.8886999487876892 -0.22400525212287903 0.4000425636768341 -1.0503339767456055 0.27329540252685547 0.9593858122825623 -0.06991791725158691 -0.13485504686832428 -0.36813315749168396 0.17146584391593933 0.9138256907463074 0.6328004598617554 0.0 0.0 0.0 1.0
0.8915507793426514 -0.22398266196250916 0.3936609923839569 -1.0410062074661255 0.272537499666214 0.9594993591308594 -0.07130450755357742 -0.13640135526657104 -0.36174649000167847 0.1708589643239975 0.9164860844612122 0.6366801857948303 0.0 0.0 0.0 1.0
0.8915579319000244 -0.22471830248832703 0.39322537183761597 -1.0333646535873413 0.2718086838722229 0.9599689841270447 -0.06767260283231735 -0.13771937787532806 -0.3622768819332123 0.16721610724925995 0.9169483184814453 0.6398565173149109 0.0 0.0 0.0 1.0
0.8924044966697693 -0.21669994294643402 0.39579710364341736 -1.0251386165618896 0.2666093111038208 0.9608789682388306 -0.0750407800078392 -0.13951437175273895 -0.36405178904533386 0.17248991131782532 0.9152669310569763 0.6439221501350403 0.0 0.0 0.0 1.0
0.8940812349319458 -0.21006456017494202 0.39559024572372437 -1.0143089294433594 0.26138022541999817 0.9619185328483582 -0.07995688170194626 -0.1432827115058899 -0.36372947692871094 0.17488741874694824 0.9149400591850281 0.6489963531494141 0.0 0.0 0.0 1.0
0.8954225182533264 -0.21307481825351715 0.39091894030570984 -1.005865454673767 0.2648552656173706 0.9607076048851013 -0.08302180469036102 -0.1465121954679489 -0.35786890983581543 0.1778765320777893 0.9166731834411621 0.6531842350959778 0.0 0.0 0.0 1.0
0.8959395885467529 -0.2155320942401886 0.3883788585662842 -0.9974406361579895 0.2655402421951294 0.9608286023139954 -0.07935195416212082 -0.1500038206577301 -0.356062650680542 0.17422477900981903 0.9180768728256226 0.6582558155059814 0.0 0.0 0.0 1.0
0.8994218111038208 -0.20960809290409088 0.38354256749153137 -0.98622065782547 0.2614142596721649 0.9612336158752441 -0.08770691603422165 -0.15506774187088013 -0.3502899408340454 0.17914901673793793 0.9193490147590637 0.6644476652145386 0.0 0.0 0.0 1.0
0.9008354544639587 -0.20607535541057587 0.382136732339859 -0.9772920608520508 0.2591235041618347 0.9614156484603882 -0.09238459169864655 -0.1585911214351654 -0.3483540713787079 0.18224391341209412 0.9194762706756592 0.6693959832191467 0.0 0.0 0.0 1.0
0.8989500403404236 -0.20932364463806152 0.3848017752170563 -0.9676734209060669 0.25998690724372864 0.9619437456130981 -0.08408918976783752 -0.16124993562698364 -0.3525558114051819 0.1756354123353958 0.9191608428955078 0.6742644906044006 0.0 0.0 0.0 1.0
0.9001098275184631 -0.2126542180776596 0.3802374601364136 -0.9546712636947632 0.26327210664749146 0.9608960747718811 -0.08582847565412521 -0.16517144441604614 -0.3471168875694275 0.17736096680164337 0.920897901058197 0.6805499196052551 0.0 0.0 0.0 1.0
0.9016756415367126 -0.2144927829504013 0.37546494603157043 -0.94423508644104 0.26685965061187744 0.9592505097389221 -0.09286759048700333 -0.16824626922607422 -0.3402455151081085 0.18393288552761078 0.9221722483634949 0.6849728226661682 0.0 0.0 0.0 1.0
0.9010569453239441 -0.2150898277759552 0.37660694122314453 -0.9330068826675415 0.26496607065200806 0.9604684710502625 -0.08540070801973343 -0.17022205889225006 -0.34335029125213623 0.17673896253108978 0.9224282503128052 0.6891046762466431 0.0 0.0 0.0 1.0
0.8992323279380798 -0.21440908312797546 0.3813266456127167 -0.9172070026397705 0.26507219672203064 0.9604712724685669 -0.08503920584917068 -0.1731424182653427 -0.34802010655403137 0.1775490939617157 0.9205206632614136 0.6949652433395386 0.0 0.0 0.0 1.0
0.900859534740448 -0.21099086105823517 0.37938767671585083 -0.9052581787109375 0.2639317512512207 0.9600686430931091 -0.09278031438589096 -0.1754385530948639 -0.3446624279022217 0.18371447920799255 0.9205741882324219 0.6984741687774658 0.0 0.0 0.0 1.0
0.8998880982398987 -0.21104615926742554 0.3816555440425873 -0.8761831521987915 0.2638761103153229 0.9602358937263489 -0.09119444340467453 -0.17994721233844757 -0.3472331166267395 0.18277457356452942 0.9197948575019836 0.7064294815063477 0.0 0.0 0.0 1.0
0.9000212550163269 -0.210538849234581 0.38162174820899963 -0.8635275363922119 0.2644955515861511 0.9597662687301636 -0.094291090965271 -0.1821751743555069 -0.3464157283306122 0.18580123782157898 0.9194965958595276 0.7096453309059143 0.0 0.0 0.0 1.0
0.9002091884613037 -0.20820629596710205 0.3824571967124939 -0.8466864824295044 0.2603187561035156 0.9613786935806274 -0.08935969322919846 -0.1849164515733719 -0.3490809500217438 0.18000321090221405 0.9196419715881348 0.7137930393218994 0.0 0.0 0.0 1.0
0.9016098380088806 -0.20262321829795837 0.3821564018726349 -0.8346192240715027 0.2539549767971039 0.9631614089012146 -0.08847018331289291 -0.18745402991771698 -0.3501521944999695 0.17681612074375153 0.9198529720306396 0.7167123556137085 0.0 0.0 0.0 1.0
0.902657151222229 -0.19578120112419128 0.3832489252090454 -0.8227389454841614 0.24919384717941284 0.9638267755508423 -0.09455327689647675 -0.19024699926376343 -0.35087382793426514 0.180852472782135 0.9187926650047302 0.7192577123641968 0.0 0.0 0.0 1.0
0.9036538600921631 -0.19075767695903778 0.38343343138694763 -0.8077408671379089 0.24284827709197998 0.9657018184661865 -0.09189534932374954 -0.19387979805469513 -0.35275259613990784 0.17615774273872375 0.9189853668212891 0.721619725227356 0.0 0.0 0.0 1.0
0.9024627804756165 -0.19239608943462372 0.3854149878025055 -0.7967320680618286 0.24614684283733368 0.964580237865448 -0.09485073387622833 -0.19645260274410248 -0.35351476073265076 0.18046793341636658 0.917855441570282 0.7228993773460388 0.0 0.0 0.0 1.0
0.9023182392120361 -0.19550207257270813 0.3841884434223175 -0.7866962552070618 0.25007137656211853 0.9633453488349915 -0.09710846096277237 -0.1988552063703537 -0.3511212468147278 0.18369726836681366 0.918133556842804 0.7229982018470764 0.0 0.0 0.0 1.0
0.9022654891014099 -0.1954042911529541 0.38436204195022583 -0.7742663621902466 0.2507186532020569 0.9629868865013123 -0.09897707402706146 -0.20104894042015076 -0.35079503059387207 0.18567033112049103 0.91786128282547 0.7232546806335449 0.0 0.0 0.0 1.0
0.9028469324111938 -0.19751755893230438 0.3819086253643036 -0.7656523585319519 0.25364232063293457 0.9618898034095764 -0.10214506089687347 -0.201859250664711 -0.34717854857444763 0.18908953666687012 0.9185380935668945 0.7232978940010071 0.0 0.0 0.0 1.0
0.9039312601089478 -0.20420999825000763 0.375774621963501 -0.7552339434623718 0.2580479681491852 0.961104154586792 -0.09843809902667999 -0.2023138552904129 -0.3410565257072449 0.1859491467475891 0.9214680194854736 0.7229980826377869 0.0 0.0 0.0 1.0
0.9045385122299194 -0.19722093641757965 0.3780396580696106 -0.7401630878448486 0.24998831748962402 0.9635294675827026 -0.0954817458987236 -0.20149736106395721 -0.34542137384414673 0.18087241053581238 0.9208524823188782 0.7239428758621216 0.0 0.0 0.0 1.0
0.9076334834098816 -0.19653351604938507 0.37091249227523804 -0.7265799641609192 0.2508380115032196 0.9624432325363159 -0.10384287685155869 -0.20049825310707092 -0.33657360076904297 0.187290221452713 0.9228437542915344 0.7242767810821533 0.0 0.0 0.0 1.0
0.9086676239967346 -0.19739703834056854 0.36790966987609863 -0.7197909951210022 0.24935893714427948 0.9633370637893677 -0.09900392591953278 -0.19949856400489807 -0.33487796783447266 0.18170323967933655 0.924575924873352 0.7242638468742371 0.0 0.0 0.0 1.0
0.9090413451194763 -0.2002655416727066 0.3654279410839081 -0.7105919718742371 0.2529168128967285 0.9621074199676514 -0.10189390182495117 -0.19844545423984528 -0.3311750888824463 0.1850486397743225 0.9252459406852722 0.7238649725914001 0.0 0.0 0.0 1.0
0.9102131128311157 -0.20480988919734955 0.3599514365196228 -0.7033886909484863 0.2577771842479706 0.960442841053009 -0.10535859316587448 -0.19764408469200134 -0.32413429021835327 0.1886860430240631 0.9270029664039612 0.7234059572219849 0.0 0.0 0.0 1.0
0.9099985957145691 -0.21303947269916534 0.35569193959236145 -0.6938856244087219 0.2633134722709656 0.9596279263496399 -0.09889525175094604 -0.19612058997154236 -0.3202633261680603 0.18365301191806793 0.9293562173843384 0.7225872278213501 0.0 0.0 0.0 1.0
0.9104872941970825 -0.21466165781021118 0.35345903038978577 -0.6866743564605713 0.2654869556427002 0.9587445259094238 -0.10161522030830383 -0.19539695978164673 -0.3170640170574188 0.18635813891887665 0.9299145340919495 0.7218562960624695 0.0 0.0 0.0 1.0
0.9107943773269653 -0.21542103588581085 0.3522035777568817 -0.6792706251144409 0.26749536395072937 0.9577147364616394 -0.10596536099910736 -0.19440825283527374 -0.3144834041595459 0.19072549045085907 0.929905354976654 0.7212759852409363 0.0 0.0 0.0 1.0
0.9106478691101074 -0.21727751195430756 0.35144123435020447 -0.6691856384277344 0.26772817969322205 0.9581481218338013 -0.10135993361473083 -0.19244885444641113 -0.31470951437950134 0.18639393150806427 0.9307068586349487 0.7209383249282837 0.0 0.0 0.0 1.0
0.9111844897270203 -0.22112874686717987 0.34762755036354065 -0.6618867516517639 0.2721155285835266 0.9565415382385254 -0.10479208081960678 -0.19128674268722534 -0.30934765934944153 0.19007977843284607 0.9317584037780762 0.7204524874687195 0.0 0.0 0.0 1.0
0.9118658900260925 -0.2256312370300293 0.3429156243801117 -0.6544879674911499 0.2761247456073761 0.955292284488678 -0.1056964248418808 -0.19012320041656494 -0.30373623967170715 0.19106845557689667 0.9334008693695068 0.7199691534042358 0.0 0.0 0.0 1.0
0.9124417304992676 -0.22545289993286133 0.3414982557296753 -0.6445983052253723 0.2740131914615631 0.9564393162727356 -0.10070052742958069 -0.1880210041999817 -0.30391913652420044 0.18545839190483093 0.9344722032546997 0.7193641662597656 0.0 0.0 0.0 1.0
0.9134702682495117 -0.22322316467761993 0.3402109742164612 -0.6372874975204468 0.27502384781837463 0.9549033045768738 -0.11189989000558853 -0.18697547912597656 -0.2998899221420288 0.1957833468914032 0.9336674809455872 0.718470573425293 0.0 0.0 0.0 1.0
0.9151371121406555 -0.2184109091758728 0.3388521373271942 -0.6276682615280151 0.27103695273399353 0.9555437564849854 -0.11608249694108963 -0.18510103225708008 -0.2984343469142914 0.19807285070419312 0.9336509704589844 0.716819167137146 0.0 0.0 0.0 1.0
0.9170658588409424 -0.21618972718715668 0.3350406289100647 -0.6203621625900269 0.2658175230026245 0.9577761888504028 -0.10957122594118118 -0.18337570130825043 -0.29720577597618103 0.1895437091588974 0.9358108043670654 0.7157310843467712 0.0 0.0 0.0 1.0
0.9171490669250488 -0.21610864996910095 0.33486509323120117 -0.6127299666404724 0.2664995789527893 0.9572931528091431 -0.11210640519857407 -0.18247169256210327 -0.2963368892669678 0.1920596957206726 0.9355733394622803 0.7140780687332153 0.0 0.0 0.0 1.0
0.9199316501617432 -0.20935799181461334 0.331504225730896 -0.6025883555412292 0.26065385341644287 0.9581694602966309 -0.1181984469294548 -0.18169733881950378 -0.29289141297340393 0.19514234364032745 0.9360203146934509 0.7121679782867432 0.0 0.0 0.0 1.0
0.9217765927314758 -0.20632244646549225 0.32826659083366394 -0.5949521660804749 0.25622275471687317 0.9595892429351807 -0.11635463684797287 -0.180832177400589 -0.2909945249557495 0.19136235117912292 0.9373914003372192 0.7103790640830994 0.0 0.0 0.0 1.0
0.9216545224189758 -0.20589666068553925 0.3288761377334595 -0.5867063999176025 0.25679007172584534 0.9590895771980286 -0.11918892711400986 -0.18030816316604614 -0.29088106751441956 0.19430314004421234 0.936821460723877 0.7084112763404846 0.0 0.0 0.0 1.0
0.9243723154067993 -0.20194348692893982 0.32365816831588745 -0.5763522982597351 0.25121405720710754 0.9607061743736267 -0.1180473268032074 -0.17946305871009827 -0.28710150718688965 0.19042715430259705 0.9387812614440918 0.7059721350669861 0.0 0.0 0.0 1.0
0.9259549975395203 -0.19624106585979462 0.32264041900634766 -0.5681061744689941 0.2467823475599289 0.9611508846282959 -0.12364251911640167 -0.1792595088481903 -0.2858423888683319 0.19410936534404755 0.9384112358093262 0.7041696310043335 0.0 0.0 0.0 1.0
0.9258807301521301 -0.1938878744840622 0.324272096157074 -0.5598540902137756 0.24561181664466858 0.9610589146614075 -0.1266516000032425 -0.17936675250530243 -0.28708839416503906 0.1969093382358551 0.9374470710754395 0.7023089528083801 0.0 0.0 0.0 1.0
0.9269240498542786 -0.19233299791812897 0.3222108781337738 -0.5488976836204529 0.24369052052497864 0.9614871144294739 -0.12711209058761597 -0.17942599952220917 -0.28535374999046326 0.19634298980236053 0.938095211982727 0.700293242931366 0.0 0.0 0.0 1.0
0.928551971912384 -0.1904832273721695 0.31860214471817017 -0.541254460811615 0.24131855368614197 0.9619414806365967 -0.12819471955299377 -0.1798330545425415 -0.2820577025413513 0.19592007994651794 0.9391798377037048 0.6989418864250183 0.0 0.0 0.0 1.0
0.9287068843841553 -0.18753020465373993 0.31989991664886475 -0.5337217450141907 0.2399587780237198 0.9616432785987854 -0.1328984797000885 -0.18007639050483704 -0.2827071249485016 0.20018653571605682 0.9380842447280884 0.697908341884613 0.0 0.0 0.0 1.0
0.9301504492759705 -0.18427878618240356 0.3175869584083557 -0.5245764851570129 0.23628804087638855 0.9624575972557068 -0.1335788518190384 -0.18004457652568817 -0.2810482382774353 0.1992904245853424 0.9387732744216919 0.6962548494338989 0.0 0.0 0.0 1.0
0.9317108392715454 -0.18466061353683472 0.31275442242622375 -0.5184425711631775 0.23535311222076416 0.96281498670578 -0.13265053927898407 -0.18012326955795288 -0.27662932872772217 0.19719967246055603 0.9405256509780884 0.695059597492218 0.0 0.0 0.0 1.0
0.9339628219604492 -0.18027730286121368 0.30856701731681824 -0.5126128792762756 0.2307196408510208 0.9635550379753113 -0.13538861274719238 -0.1798468828201294 -0.2729138135910034 0.19764040410518646 0.9415180683135986 0.6938273906707764 0.0 0.0 0.0 1.0
0.9356047511100769 -0.17585958540439606 0.3061324954032898 -0.5071993470191956 0.22616195678710938 0.9643782377243042 -0.13720543682575226 -0.17910024523735046 -0.27109864354133606 0.19760558009147644 0.9420496821403503 0.6929635405540466 0.0 0.0 0.0 1.0
0.9383695125579834 -0.1720132976770401 0.2997901439666748 -0.5012926459312439 0.2201697826385498 0.9660993814468384 -0.13482320308685303 -0.1773947775363922 -0.2664356827735901 0.1925187110900879 0.9444302916526794 0.6918400526046753 0.0 0.0 0.0 1.0
0.9420766830444336 -0.16858477890491486 0.2899494171142578 -0.4972887635231018 0.21472856402397156 0.967258870601654 -0.13528448343276978 -0.17599788308143616 -0.2576492428779602 0.18970876932144165 0.9474320411682129 0.6909695863723755 0.0 0.0 0.0 1.0
0.9436817765235901 -0.1645783632993698 0.28701692819595337 -0.4931938648223877 0.2100854218006134 0.968242347240448 -0.13553917407989502 -0.1743858903646469 -0.2555951178073883 0.18820391595363617 0.9482881426811218 0.6903346180915833 0.0 0.0 0.0 1.0
0.9474460482597351 -0.151322603225708 0.281864196062088 -0.4878180921077728 0.19474419951438904 0.9718123078346252 -0.13287413120269775 -0.17168711125850677 -0.2538122236728668 0.1807824969291687 0.9502089619636536 0.6898679733276367 0.0 0.0 0.0 1.0
0.9506457448005676 -0.1502985805273056 0.2714461088180542 -0.4843343198299408 0.19183948636054993 0.9723055958747864 -0.1334896683692932 -0.16978251934051514 -0.2438652515411377 0.17897546291351318 0.9531513452529907 0.6894992589950562 0.0 0.0 0.0 1.0
0.9551854729652405 -0.1531148999929428 0.2533310055732727 -0.479663223028183 0.1904679387807846 0.9730414152145386 -0.13004747033119202 -0.16691885888576508 -0.2265893518924713 0.17247088253498077 0.9585984945297241 0.6891118884086609 0.0 0.0 0.0 1.0
0.9583945870399475 -0.14842447638511658 0.24382361769676208 -0.4762936532497406 0.1823389083147049 0.9755273461341858 -0.12287771701812744 -0.16430670022964478 -0.2196185439825058 0.16222387552261353 0.9620037078857422 0.6889053583145142 0.0 0.0 0.0 1.0
0.9612534642219543 -0.14429177343845367 0.23488648235797882 -0.47283056378364563 0.17675860226154327 0.9764730334281921 -0.12351833283901215 -0.1615668535232544 -0.21153762936592102 0.16025063395500183 0.964142918586731 0.6888858079910278 0.0 0.0 0.0 1.0
0.9649092555046082 -0.13565632700920105 0.22482778131961823 -0.4681837558746338 0.1666329950094223 0.9780625700950623 -0.12500827014446259 -0.15814954042434692 -0.20293748378753662 0.15808536112308502 0.9663464426994324 0.6891487240791321 0.0 0.0 0.0 1.0
0.9670830368995667 -0.13052836060523987 0.21843239665031433 -0.46422526240348816 0.15891914069652557 0.9802340865135193 -0.11783809959888458 -0.15504325926303864 -0.19873367249965668 0.14867231249809265 0.968711256980896 0.6891125440597534 0.0 0.0 0.0 1.0
0.9683223366737366 -0.13095664978027344 0.212608203291893 -0.4599553346633911 0.15870200097560883 0.980116605758667 -0.11910127848386765 -0.15305927395820618 -0.19278372824192047 0.14906977117061615 0.9698518514633179 0.6892591714859009 0.0 0.0 0.0 1.0
0.9708991050720215 -0.1302502602338791 0.20097224414348602 -0.4536828398704529 0.1562216430902481 0.9804972410202026 -0.1192474439740181 -0.1512702852487564 -0.1815207153558731 0.1471734493970871 0.972311794757843 0.6894468665122986 0.0 0.0 0.0 1.0
0.9726513624191284 -0.1275307536125183 0.19412679970264435 -0.4489089548587799 0.15168531239032745 0.9817073941230774 -0.11507450044155121 -0.15014351904392242 -0.1759001761674881 0.14137355983257294 0.9742035865783691 0.6899270415306091 0.0 0.0 0.0 1.0
0.9726274609565735 -0.13106445968151093 0.19187983870506287 -0.44174981117248535 0.1544671207666397 0.9815699458122253 -0.11251845955848694 -0.1494196504354477 -0.1735963076353073 0.13907767832279205 0.9749470353126526 0.6912546157836914 0.0 0.0 0.0 1.0
0.9745221734046936 -0.1292571723461151 0.18330053985118866 -0.4367620050907135 0.15196382999420166 0.9815861582756042 -0.11573927849531174 -0.14950402081012726 -0.16496515274047852 0.14064554870128632 0.976219892501831 0.6918666362762451 0.0 0.0 0.0 1.0
0.9753666520118713 -0.12935413420200348 0.17868226766586304 -0.4311818480491638 0.15129593014717102 0.9817591905593872 -0.11514507979154587 -0.1493176370859146 -0.16052846610546112 0.13934257626533508 0.9771459698677063 0.6926393508911133 0.0 0.0 0.0 1.0
0.9765918850898743 -0.12410050630569458 0.17569123208522797 -0.42260560393333435 0.14518359303474426 0.9829663634300232 -0.11268912255764008 -0.14950625598430634 -0.15871380269527435 0.13555876910686493 0.9779742956161499 0.6938279867172241 0.0 0.0 0.0 1.0
0.9769967198371887 -0.12321890145540237 0.1740531623363495 -0.4160183072090149 0.14461460709571838 0.9826540350914001 -0.11609357595443726 -0.15039338171482086 -0.15672911703586578 0.1385936737060547 0.9778689742088318 0.6949372887611389 0.0 0.0 0.0 1.0
0.9770272374153137 -0.12367264926433563 0.1735595017671585 -0.4070276916027069 0.14580918848514557 0.9818646311759949 -0.1211673840880394 -0.1529362052679062 -0.15542684495449066 0.14369040727615356 0.9773410558700562 0.69688481092453 0.0 0.0 0.0 1.0
0.9779685139656067 -0.1196700930595398 0.17104586958885193 -0.3995417654514313 0.1414644569158554 0.9824630618095398 -0.12146648019552231 -0.15500503778457642 -0.15351034700870514 0.14298729598522186 0.9777470231056213 0.698726236820221 0.0 0.0 0.0 1.0
0.9780656099319458 -0.12153901904821396 0.1691625416278839 -0.3926607370376587 0.14393949508666992 0.9813865423202515 -0.12712927162647247 -0.1574125438928604 -0.15056267380714417 0.14868992567062378 0.9773547053337097 0.7009409666061401 0.0 0.0 0.0 1.0
0.9796528816223145 -0.11806711554527283 0.16229714453220367 -0.3835933804512024 0.13995857536792755 0.9814783334732056 -0.13081258535385132 -0.16036172211170197 -0.14384646713733673 0.1508658081293106 0.9780325889587402 0.7040370106697083 0.0 0.0 0.0 1.0
0.9803523421287537 -0.11540090292692184 0.159974604845047 -0.3766370415687561 0.1366787999868393 0.9821691513061523 -0.12908408045768738 -0.16189366579055786 -0.1422256976366043 0.1484130173921585 0.9786446690559387 0.7067393660545349 0.0 0.0 0.0 1.0
0.9811073541641235 -0.1133934035897255 0.15674926340579987 -0.370077520608902 0.13373246788978577 0.9829815030097961 -0.12594817578792572 -0.1633342057466507 -0.13979993760585785 0.14453114569187164 0.9795747399330139 0.7092568278312683 0.0 0.0 0.0 1.0
0.9831173419952393 -0.10515060275793076 0.1497451364994049 -0.36123722791671753 0.1253148764371872 0.9832583069801331 -0.1322849988937378 -0.16532468795776367 -0.13332830369472504 0.14881697297096252 0.9798352122306824 0.712881326675415 0.0 0.0 0.0 1.0
0.9839476943016052 -0.0969567522406578 0.14982090890407562 -0.35419294238090515 0.11707697063684464 0.9843255281448364 -0.13189487159252167 -0.1667386293411255 -0.13468444347381592 0.14731822907924652 0.9798762202262878 0.7159940004348755 0.0 0.0 0.0 1.0
0.9846993088722229 -0.08888308703899384 0.1498902440071106 -0.3467429280281067 0.10950592160224915 0.984710693359375 -0.1354743391275406 -0.16845767199993134 -0.1355571448802948 0.14981535077095032 0.9793771505355835 0.7190586924552917 0.0 0.0 0.0 1.0
0.9859438538551331 -0.08221767842769623 0.14544743299484253 -0.33690252900123596 0.10281398147344589 0.9847583770751953 -0.1402861475944519 -0.17157989740371704 -0.13169658184051514 0.15326829254627228 0.9793696403503418 0.7233304977416992 0.0 0.0 0.0 1.0
0.986518144607544 -0.07459134608507156 0.14566418528556824 -0.32656118273735046 0.09518828243017197 0.9855682253837585 -0.1399802565574646 -0.17432598769664764 -0.13312068581581116 0.15195858478546143 0.9793811440467834 0.7273622751235962 0.0 0.0 0.0 1.0
0.9871479272842407 -0.07013358175754547 0.14359746873378754 -0.3188899755477905 0.09090837836265564 0.9854447841644287 -0.14364631474018097 -0.17669296264648438 -0.1314329355955124 0.15485437214374542 0.9791554808616638 0.7299565672874451 0.0 0.0 0.0 1.0
0.9878866076469421 -0.06392121315002441 0.14140044152736664 -0.3113246262073517 0.08546607196331024 0.9846829771995544 -0.1519702523946762 -0.17875055968761444 -0.1295204907655716 0.16221432387828827 0.9782182574272156 0.7326063513755798 0.0 0.0 0.0 1.0
0.989517867565155 -0.04635674133896828 0.13676802814006805 -0.294000506401062 0.06800764054059982 0.985069990158081 -0.1581520140171051 -0.18201877176761627 -0.1273946762084961 0.16579551994800568 0.9778969287872314 0.7377282977104187 0.0 0.0 0.0 1.0
0.9904002547264099 -0.03794965520501137 0.13291774690151215 -0.2752784490585327 0.05882292613387108 0.985873281955719 -0.1568240076303482 -0.18398521840572357 -0.125088632106781 0.16313715279102325 0.9786414504051208 0.7422246932983398 0.0 0.0 0.0 1.0
0.9908674955368042 -0.028140658512711525 0.1318701207637787 -0.2556668221950531 0.04842904582619667 0.986996591091156 -0.15327227115631104 -0.18476378917694092 -0.12584218382835388 0.158258855342865 0.9793456196784973 0.74648118019104 0.0 0.0 0.0 1.0
0.9912922978401184 -0.024805041030049324 0.12932221591472626 -0.2447940856218338 0.0447840616106987 0.9870622158050537 -0.1539563536643982 -0.1861627846956253 -0.12383018434047699 0.1584073305130005 0.9795780777931213 0.7485247850418091 0.0 0.0 0.0 1.0
0.9913989901542664 -0.01911984197795391 0.1294700652360916 -0.23971354961395264 0.039145056158304214 0.9873036742210388 -0.15394505858421326 -0.18680895864963531 -0.12488286942243576 0.15768909454345703 0.9795603156089783 0.7497416138648987 0.0 0.0 0.0 1.0
0.9919494390487671 -0.016253547742962837 0.12558726966381073 -0.23520293831825256 0.03642181679606438 0.9864429831504822 -0.16001145541667938 -0.18800760805606842 -0.12128392606973648 0.1632973849773407 0.9790935516357422 0.7500696778297424 0.0 0.0 0.0 1.0
0.9919638633728027 -0.017081834375858307 0.12536293268203735 -0.22947534918785095 0.038141172379255295 0.9851222038269043 -0.16756923496723175 -0.18929614126682281 -0.12063542753458023 0.17100411653518677 0.9778571724891663 0.749796986579895 0.0 0.0 0.0 1.0
0.9917190670967102 -0.01821809634566307 0.12712731957435608 -0.22545307874679565 0.03897349536418915 0.9858978390693665 -0.16274689137935638 -0.18947255611419678 -0.12236961722373962 0.16635379195213318 0.9784436821937561 0.749082624912262 0.0 0.0 0.0 1.0
0.9922195076942444 -0.019250620156526566 0.12300366163253784 -0.22145003080368042 0.03989633545279503 0.9850364923477173 -0.16766458749771118 -0.19009558856487274 -0.11793544888496399 0.17126746475696564 0.9781404137611389 0.7493783235549927 0.0 0.0 0.0 1.0
0.9919475317001343 -0.023547153919935226 0.12444135546684265 -0.21563272178173065 0.04458558186888695 0.984591007232666 -0.16909362375736237 -0.1907125860452652 -0.11854216456413269 0.17328029870986938 0.9777124524116516 0.7491369843482971 0.0 0.0 0.0 1.0
0.9918015003204346 -0.025530604645609856 0.12521183490753174 -0.21141758561134338 0.04637742415070534 0.9849459528923035 -0.1665252447128296 -0.1909443885087967 -0.11907539516687393 0.1709669828414917 0.9780548810958862 0.7487384676933289 0.0 0.0 0.0 1.0
0.9916754961013794 -0.032232340425252914 0.12466249614953995 -0.20769765973091125 0.05305032804608345 0.984448254108429 -0.16747328639030457 -0.19103765487670898 -0.11732572317123413 0.17269255220890045 0.9779631495475769 0.7480650544166565 0.0 0.0 0.0 1.0
0.991615355014801 -0.04087914898991585 0.12258826196193695 -0.20238104462623596 0.06096021458506584 0.9844364523887634 -0.16482949256896973 -0.19019533693790436 -0.11394226551055908 0.1709204614162445 0.9786742925643921 0.7470238208770752 0.0 0.0 0.0 1.0
0.990881085395813 -0.044559914618730545 0.12715774774551392 -0.19817593693733215 0.0649695172905922 0.9847844243049622 -0.16117894649505615 -0.18925203382968903 -0.11804085224866867 0.16797055304050446 0.978699266910553 0.746362566947937 0.0 0.0 0.0 1.0
0.9903386831283569 -0.050367847084999084 0.12919878959655762 -0.19335700571537018 0.07127705961465836 0.9840964674949646 -0.16270744800567627 -0.1881837546825409 -0.11894885450601578 0.17034439742565155 0.9781789183616638 0.7450950145721436 0.0 0.0 0.0 1.0
0.9897792935371399 -0.056808482855558395 0.1308041512966156 -0.18954259157180786 0.07785976678133011 0.9837273359298706 -0.1619209200143814 -0.18695484101772308 -0.11947714537382126 0.170450359582901 0.978096067905426 0.7438991665840149 0.0 0.0 0.0 1.0
0.9890769124031067 -0.060495030134916306 0.13441427052021027 -0.18583953380584717 0.0813935175538063 0.9844173192977905 -0.1558770388364792 -0.1854262501001358 -0.12288995832204819 0.16511483490467072 0.978588342666626 0.7429822683334351 0.0 0.0 0.0 1.0
0.9888261556625366 -0.06251336634159088 0.13533274829387665 -0.1814211755990982 0.08352972567081451 0.9842723608016968 -0.15566222369670868 -0.18372270464897156 -0.12347330898046494 0.16522717475891113 0.9784959554672241 0.741374135017395 0.0 0.0 0.0 1.0
0.9881104230880737 -0.0647788792848587 0.13943281769752502 -0.17829486727714539 0.08617248386144638 0.9844110012054443 -0.15332750976085663 -0.18229983747005463 -0.1273268163204193 0.16351978480815887 0.9782888889312744 0.7395876049995422 0.0 0.0 0.0 1.0
0.9871834516525269 -0.059766288846731186 0.14797580242156982 -0.1740616112947464 0.08240992575883865 0.9849441647529602 -0.15196576714515686 -0.18112359941005707 -0.1366654634475708 0.16221275925636292 0.9772459268569946 0.7376834154129028 0.0 0.0 0.0 1.0
0.9870948195457458 -0.05858688801527023 0.149034783244133 -0.17111016809940338 0.08212587982416153 0.9841692447662354 -0.15705475211143494 -0.18089817464351654 -0.13747410476207733 0.1672675460577011 0.9762799143791199 0.7355719804763794 0.0 0.0 0.0 1.0
0.9865297079086304 -0.06017863750457764 0.15211082994937897 -0.168246328830719 0.08462938666343689 0.9835201501846313 -0.15976835787296295 -0.18111124634742737 -0.13998943567276 0.17048928141593933 0.9753647446632385 0.7332154512405396 0.0 0.0 0.0 1.0
0.9857518672943115 -0.06069016456604004 0.15687575936317444 -0.16446423530578613 0.08594533056020737 0.9834348559379578 -0.1595909148454666 -0.1810494065284729 -0.14459149539470673 0.17079977691173553 0.9746387600898743 0.7299980521202087 0.0 0.0 0.0 1.0
0.9857766032218933 -0.06275714188814163 0.15590381622314453 -0.16179385781288147 0.08903630077838898 0.9817982316017151 -0.16776402294635773 -0.18139158189296722 -0.1425376981496811 0.17925894260406494 0.9734213948249817 0.7274520397186279 0.0 0.0 0.0 1.0
0.9851272106170654 -0.06668850034475327 0.15835712850093842 -0.1591276377439499 0.09396123886108398 0.98068767786026 -0.17153118550777435 -0.1808694303035736 -0.14385972917079926 0.1838594675064087 0.9723682999610901 0.724585235118866 0.0 0.0 0.0 1.0
0.9839788675308228 -0.06937232613563538 0.164234921336174 -0.1554563194513321 0.09734537452459335 0.9808084964752197 -0.16893376410007477 -0.18032340705394745 -0.1493636816740036 0.18221476674079895 0.9718478918075562 0.7215204238891602 0.0 0.0 0.0 1.0
0.9836277365684509 -0.07409447431564331 0.16427549719810486 -0.15299421548843384 0.10252196341753006 0.9797542691230774 -0.17196156084537506 -0.1802702248096466 -0.14820823073387146 0.18598800897598267 0.9713098406791687 0.7190759778022766 0.0 0.0 0.0 1.0
0.9827718138694763 -0.07725412398576736 0.16790291666984558 -0.15034568309783936 0.10652776062488556 0.9791412353515625 -0.1730153113603592 -0.18014615774154663 -0.15103451907634735 0.18792089819908142 0.9705020785331726 0.7171317934989929 0.0 0.0 0.0 1.0
