0.05376200005412102 0.4239709973335266 -0.904079020023346 3.6965339183807373 0.9970899820327759 -0.07180900126695633 0.025617999956011772 7.381392002105713 -0.05406000092625618 -0.9028249979019165 -0.426596999168396 1.6548500061035156 0.0 0.0 0.0 1.0
0.05905099958181381 0.42404401302337646 -0.9037140011787415 3.6935009956359863 0.996628999710083 -0.07669299840927124 0.02913600020110607 7.384471893310547 -0.056954000145196915 -0.9023879766464233 -0.42714300751686096 1.654036045074463 0.0 0.0 0.0 1.0
0.06445000320672989 0.4259600043296814 -0.9024440050125122 3.6910789012908936 0.9963359832763672 -0.07841800153255463 0.03414100036025047 7.385597229003906 -0.0562250018119812 -0.9013370275497437 -0.4294529855251312 1.655248999595642 0.0 0.0 0.0 1.0
0.06526900082826614 0.4254339933395386 -0.902633011341095 3.6881659030914307 0.996300995349884 -0.07846099883317947 0.035062000155448914 7.384302139282227 -0.05590499937534332 -0.9015820026397705 -0.4289810061454773 1.653993010520935 0.0 0.0 0.0 1.0
0.06596600264310837 0.42499199509620667 -0.9027900099754333 3.688124895095825 0.9963269829750061 -0.0775580033659935 0.0362900011241436 7.382968902587891 -0.05459599941968918 -0.9018679857254028 -0.4285469949245453 1.6523200273513794 0.0 0.0 0.0 1.0
0.06922599673271179 0.4282410144805908 -0.9010090231895447 3.6890389919281006 0.9959790110588074 -0.08114899694919586 0.03795300051569939 7.385146141052246 -0.05686299875378609 -0.9000139832496643 -0.43213701248168945 1.6532469987869263 0.0 0.0 0.0 1.0
0.07035399973392487 0.42931801080703735 -0.9004089832305908 3.687061071395874 0.9959210157394409 -0.08135399967432022 0.039028000086545944 7.384707927703857 -0.0564970001578331 -0.899482011795044 -0.4332900047302246 1.652798056602478 0.0 0.0 0.0 1.0
0.07194499671459198 0.4289630055427551 -0.9004529714584351 3.686984062194824 0.9958140254020691 -0.08191800117492676 0.04053900018334389 7.384706974029541 -0.056373000144958496 -0.8996000289916992 -0.43306100368499756 1.65140700340271 0.0 0.0 0.0 1.0
0.07490400224924088 0.4299449920654297 -0.8997430205345154 3.685472011566162 0.9956669807434082 -0.08210700005292892 0.04365500062704086 7.382606029510498 -0.05510599911212921 -0.8991140127182007 -0.4342319965362549 1.6515849828720093 0.0 0.0 0.0 1.0
0.07629500329494476 0.43051600456237793 -0.89935302734375 3.6868770122528076 0.995602011680603 -0.08208200335502625 0.04516800120472908 7.384590148925781 -0.054375000298023224 -0.898842990398407 -0.4348840117454529 1.6502189636230469 0.0 0.0 0.0 1.0
0.10132600367069244 0.4230310022830963 -0.9004319906234741 3.6936299800872803 0.9929909706115723 -0.09835600107908249 0.06553400307893753 7.352500915527344 -0.060839999467134476 -0.9007610082626343 -0.43003201484680176 1.6404329538345337 0.0 0.0 0.0 1.0
0.10310900211334229 0.42278799414634705 -0.9003440141677856 3.6950149536132812 0.9928190112113953 -0.09893699735403061 0.06724099814891815 7.3531107902526855 -0.060649000108242035 -0.9008119702339172 -0.429953008890152 1.6375490427017212 0.0 0.0 0.0 1.0
0.1056469976902008 0.42425599694252014 -0.8993579745292664 3.6942410469055176 0.9925490021705627 -0.100211001932621 0.06932099908590317 7.349760055541992 -0.06071599945425987 -0.8999800086021423 -0.4316819906234741 1.6361629962921143 0.0 0.0 0.0 1.0
0.10719899833202362 0.427170991897583 -0.8977940082550049 3.6925179958343506 0.992438018321991 -0.10027600079774857 0.07078900188207626 7.347286224365234 -0.05978799983859062 -0.898593008518219 -0.434689998626709 1.6369760036468506 0.0 0.0 0.0 1.0
0.10740700364112854 0.4291349947452545 -0.8968319892883301 3.693131923675537 0.9924820065498352 -0.09951499849557877 0.07124499976634979 7.351318836212158 -0.058674998581409454 -0.897741973400116 -0.43659698963165283 1.6364970207214355 0.0 0.0 0.0 1.0
0.10696399956941605 0.4298290014266968 -0.8965520262718201 3.694528102874756 0.9927200078964233 -0.09638699889183044 0.07222700119018555 7.35263204574585 -0.0553710013628006 -0.897750973701477 -0.4370099902153015 1.63468599319458 0.0 0.0 0.0 1.0
0.10952199995517731 0.43204599618911743 -0.8951770067214966 3.6950979232788086 0.9924600124359131 -0.09739299863576889 0.07441899925470352 7.350390911102295 -0.055031999945640564 -0.896577000617981 -0.4394550025463104 1.6334789991378784 0.0 0.0 0.0 1.0
0.10844200104475021 0.43524399399757385 -0.8937579989433289 3.697611093521118 0.9926210045814514 -0.09648600220680237 0.07345099747180939 7.351686000823975 -0.05426599830389023 -0.8951280117034912 -0.4424949884414673 1.6309889554977417 0.0 0.0 0.0 1.0
0.1084040030837059 0.4396820068359375 -0.8915879726409912 3.70039701461792 0.992667019367218 -0.09612900018692017 0.07328800112009048 7.350829124450684 -0.0534840002655983 -0.8929949998855591 -0.44687798619270325 1.6277530193328857 0.0 0.0 0.0 1.0
0.10831999778747559 0.4469119906425476 -0.8879960179328918 3.7028648853302 0.9928510189056396 -0.09368900209665298 0.07395900040864944 7.352605819702148 -0.05014200136065483 -0.8896589875221252 -0.4538649916648865 1.6288360357284546 0.0 0.0 0.0 1.0
0.11432799696922302 0.45146098732948303 -0.8849359750747681 3.7018139362335205 0.9921640157699585 -0.09707999974489212 0.07865399867296219 7.347046852111816 -0.05040000006556511 -0.8869940042495728 -0.45902198553085327 1.6289080381393433 0.0 0.0 0.0 1.0
0.11709599941968918 0.4549520015716553 -0.8827840089797974 3.698112964630127 0.9919829964637756 -0.0961180031299591 0.08204499632120132 7.3454718589782715 -0.04752400144934654 -0.8853129744529724 -0.4625599980354309 1.630275011062622 0.0 0.0 0.0 1.0
0.12095200270414352 0.4554240107536316 -0.8820199966430664 3.7024149894714355 0.9915580153465271 -0.09725300222635269 0.08575800061225891 7.349699974060059 -0.04672300070524216 -0.8849470019340515 -0.46334201097488403 1.6327890157699585 0.0 0.0 0.0 1.0
0.12737800180912018 0.45260798931121826 -0.8825650215148926 3.7044858932495117 0.9908699989318848 -0.09771200269460678 0.09290000051259995 7.346292972564697 -0.044190000742673874 -0.8863400220870972 -0.4609220027923584 1.6360989809036255 0.0 0.0 0.0 1.0
0.1330610066652298 0.4475899934768677 -0.8842840194702148 3.712656021118164 0.9901319742202759 -0.09961099922657013 0.09856899827718735 7.353025913238525 -0.04396599903702736 -0.8886740207672119 -0.4564270079135895 1.6369930505752563 0.0 0.0 0.0 1.0
0.14197799563407898 0.44166299700737 -0.8858759999275208 3.7169148921966553 0.9890310168266296 -0.10013800114393234 0.10858599841594696 7.349216938018799 -0.040752001106739044 -0.8915749788284302 -0.4510349929332733 1.6400970220565796 0.0 0.0 0.0 1.0
0.15241000056266785 0.43543198704719543 -0.8872259855270386 3.7227439880371094 0.9874939918518066 -0.10372799634933472 0.11872699856758118 7.354046821594238 -0.04033299908041954 -0.8942260146141052 -0.4457949995994568 1.643550992012024 0.0 0.0 0.0 1.0
0.16506299376487732 0.42770901322364807 -0.8887180089950562 3.7318029403686523 0.9855849742889404 -0.10542699694633484 0.132315993309021 7.355257987976074 -0.037101998925209045 -0.8977469801902771 -0.438946008682251 1.6468240022659302 0.0 0.0 0.0 1.0
0.1783909946680069 0.4225960075855255 -0.888588011264801 3.7323570251464844 0.983485996723175 -0.10460499674081802 0.14769400656223297 7.352685928344727 -0.030535999685525894 -0.9002609848976135 -0.4342769980430603 1.6555119752883911 0.0 0.0 0.0 1.0
0.19538800418376923 0.4119679927825928 -0.8900030255317688 3.7364211082458496 0.9802629947662354 -0.10991299897432327 0.1643269956111908 7.34908390045166 -0.030124999582767487 -0.9045450091362 -0.42531201243400574 1.6582549810409546 0.0 0.0 0.0 1.0
0.21246999502182007 0.4033379852771759 -0.8900420069694519 3.743685007095337 0.976718008518219 -0.11529500037431717 0.18091300129890442 7.343763828277588 -0.029649000614881516 -0.9077590107917786 -0.4184440076351166 1.6628190279006958 0.0 0.0 0.0 1.0
0.222010999917984 0.39299699664115906 -0.8923360109329224 3.75362491607666 0.974295973777771 -0.1252630054950714 0.1872349977493286 7.356842041015625 -0.03819400072097778 -0.910968005657196 -0.41070500016212463 1.660573959350586 0.0 0.0 0.0 1.0
0.2471569925546646 0.382764995098114 -0.8901709914207458 3.7662041187286377 0.9679459929466248 -0.13986699283123016 0.20860999822616577 7.350715160369873 -0.04465699940919876 -0.9131969809532166 -0.40506500005722046 1.6669089794158936 0.0 0.0 0.0 1.0
0.25878798961639404 0.37942400574684143 -0.888293981552124 3.772244930267334 0.9648259878158569 -0.14556999504566193 0.2189050018787384 7.346860885620117 -0.046250998973846436 -0.9136999845504761 -0.4037500023841858 1.6713930368423462 0.0 0.0 0.0 1.0
0.26963698863983154 0.37662699818611145 -0.8862550258636475 3.7813169956207275 0.9618409872055054 -0.149726003408432 0.22900600731372833 7.343685150146484 -0.04644500091671944 -0.9141849875450134 -0.40262699127197266 1.6746209859848022 0.0 0.0 0.0 1.0
0.2796599864959717 0.37442800402641296 -0.8840780258178711 3.790433883666992 0.958890974521637 -0.15509800612926483 0.23763799667358398 7.346445083618164 -0.04814000055193901 -0.9141929745674133 -0.40241101384162903 1.6776280403137207 0.0 0.0 0.0 1.0
0.29060399532318115 0.3719030022621155 -0.8816109895706177 3.7968599796295166 0.9556429982185364 -0.15894700586795807 0.24795599281787872 7.341331958770752 -0.04791399836540222 -0.9145619869232178 -0.4015969932079315 1.6817270517349243 0.0 0.0 0.0 1.0
0.3007110059261322 0.36858901381492615 -0.8796110153198242 3.807111978530884 0.9525039792060852 -0.16253699362277985 0.25752198696136475 7.339687824249268 -0.04805000126361847 -0.9152730107307434 -0.399958997964859 1.6848620176315308 0.0 0.0 0.0 1.0
0.3084290027618408 0.3638100028038025 -0.878928005695343 3.8173489570617676 0.9499949812889099 -0.1652120053768158 0.2649820148944855 7.339828968048096 -0.048806000500917435 -0.9167050123214722 -0.396573007106781 1.6848649978637695 0.0 0.0 0.0 1.0
0.31731799244880676 0.36228498816490173 -0.8763899803161621 3.8253910541534424 0.9471070170402527 -0.1677909940481186 0.2735610008239746 7.333706855773926 -0.04794299975037575 -0.9168400168418884 -0.3963649868965149 1.6881569623947144 0.0 0.0 0.0 1.0
0.3245989978313446 0.3597939908504486 -0.8747479915618896 3.8348100185394287 0.944894015789032 -0.16495299339294434 0.2827810049057007 7.3227949142456055 -0.042548999190330505 -0.9183350205421448 -0.39351001381874084 1.6889410018920898 0.0 0.0 0.0 1.0
0.33105599880218506 0.3595829904079437 -0.8724110126495361 3.8466429710388184 0.9427469968795776 -0.16560900211334229 0.28948700428009033 7.311773777008057 -0.040383998304605484 -0.9182990193367004 -0.39382100105285645 1.6947660446166992 0.0 0.0 0.0 1.0
0.33413299918174744 0.3574979901313782 -0.872094988822937 3.8554370403289795 0.9416930079460144 -0.1655140072107315 0.29294899106025696 7.307028770446777 -0.039615001529455185 -0.9191300272941589 -0.39195799827575684 1.6963160037994385 0.0 0.0 0.0 1.0
0.3355959951877594 0.3562859892845154 -0.8720290064811707 3.8654699325561523 0.9411129951477051 -0.16710300743579865 0.2939099967479706 7.3067731857299805 -0.041002001613378525 -0.9193130135536194 -0.3913840055465698 1.6941980123519897 0.0 0.0 0.0 1.0
0.3389509916305542 0.3587160110473633 -0.8697320222854614 3.8733069896698 0.9399899840354919 -0.16757799685001373 0.29721599817276 7.298872947692871 -0.039131999015808105 -0.9182810187339783 -0.39399001002311707 1.6938339471817017 0.0 0.0 0.0 1.0
0.34246599674224854 0.36238598823547363 -0.8668299913406372 3.8780360221862793 0.9387639760971069 -0.16923899948596954 0.30013298988342285 7.291481018066406 -0.03793700039386749 -0.9165340065956116 -0.39815399050712585 1.696457028388977 0.0 0.0 0.0 1.0
0.34349799156188965 0.36023399233818054 -0.8673179745674133 3.8854739665985107 0.9384070038795471 -0.16847500205039978 0.30167698860168457 7.287920951843262 -0.0374470017850399 -0.9175230264663696 -0.39591699838638306 1.7001969814300537 0.0 0.0 0.0 1.0
0.3438209891319275 0.35414499044418335 -0.8696950078010559 3.894228935241699 0.9381459951400757 -0.16983500123023987 0.30172398686408997 7.2825751304626465 -0.04085100069642067 -0.9196400046348572 -0.3906329870223999 1.6987279653549194 0.0 0.0 0.0 1.0
0.3420160114765167 0.3536899983882904 -0.8705909848213196 3.9037230014801025 0.9387080073356628 -0.17103999853134155 0.2992889881134033 7.275369167327881 -0.043049998581409454 -0.919592022895813 -0.3905099928379059 1.6943949460983276 0.0 0.0 0.0 1.0
0.3371970057487488 0.3591040074825287 -0.8702539801597595 3.91340708732605 0.9403719902038574 -0.17238399386405945 0.2932319939136505 7.270145893096924 -0.04471699893474579 -0.9172390103340149 -0.39581799507141113 1.6934210062026978 0.0 0.0 0.0 1.0
0.3325420022010803 0.36463698744773865 -0.8697440028190613 3.9139840602874756 0.9422190189361572 -0.1680620014667511 0.289792001247406 7.255537986755371 -0.040502000600099564 -0.9158570170402527 -0.3994559943675995 1.7021440267562866 0.0 0.0 0.0 1.0
0.31960299611091614 0.364315003156662 -0.8747159838676453 3.918212890625 0.9467229843139648 -0.16137799620628357 0.27869901061058044 7.251698970794678 -0.03962500020861626 -0.917186975479126 -0.396481990814209 1.7058919668197632 0.0 0.0 0.0 1.0
0.30535900592803955 0.36334601044654846 -0.8801900148391724 3.9242520332336426 0.9514300227165222 -0.15446799993515015 0.26630899310112 7.240584850311279 -0.03919899836182594 -0.9187600016593933 -0.39286699891090393 1.7089749574661255 0.0 0.0 0.0 1.0
0.28932398557662964 0.36200499534606934 -0.8861389756202698 3.928514003753662 0.9564300179481506 -0.14718900620937347 0.2521440088748932 7.227122783660889 -0.039152998477220535 -0.9204819798469543 -0.38881799578666687 1.7125619649887085 0.0 0.0 0.0 1.0
0.2706489861011505 0.3585279881954193 -0.8934239745140076 3.9392690658569336 0.9618160128593445 -0.13996699452400208 0.23520000278949738 7.219878196716309 -0.040724001824855804 -0.9229660034179688 -0.3827199935913086 1.7115540504455566 0.0 0.0 0.0 1.0
0.25122499465942383 0.3608039915561676 -0.8981680274009705 3.943074941635132 0.9671580195426941 -0.13059300184249878 0.21806100010871887 7.212573051452637 -0.03861699998378754 -0.9234529733657837 -0.3817630112171173 1.7156120538711548 0.0 0.0 0.0 1.0
0.2329699993133545 0.3611760139465332 -0.9029269814491272 3.9495010375976562 0.9716820120811462 -0.1241530030965805 0.20104800164699554 7.205208778381348 -0.03948799893260002 -0.9241960048675537 -0.37987300753593445 1.7163300514221191 0.0 0.0 0.0 1.0
0.2144560068845749 0.360848993062973 -0.9076319932937622 3.958827018737793 0.9759150147438049 -0.11720100045204163 0.18399399518966675 7.2014970779418945 -0.03998100012540817 -0.9252309799194336 -0.3772929906845093 1.712546944618225 0.0 0.0 0.0 1.0
0.19448600709438324 0.3649890124797821 -0.9104710221290588 3.96657395362854 0.9800950288772583 -0.11001899838447571 0.16525399684906006 7.197137832641602 -0.03985299915075302 -0.9244890213012695 -0.37912100553512573 1.714082956314087 0.0 0.0 0.0 1.0
0.17947199940681458 0.3661479949951172 -0.9130849838256836 3.9755570888519287 0.983024001121521 -0.10270799696445465 0.1520330011844635 7.183619976043701 -0.0381149984896183 -0.924871027469635 -0.37836599349975586 1.7135770320892334 0.0 0.0 0.0 1.0
0.16076000034809113 0.36505499482154846 -0.9170010089874268 3.9922220706939697 0.9859610199928284 -0.10189399868249893 0.13228599727153778 7.169981002807617 -0.045145001262426376 -0.9253929853439331 -0.37630999088287354 1.7113300561904907 0.0 0.0 0.0 1.0
0.14418800175189972 0.36658498644828796 -0.9191439747810364 4.0000691413879395 0.988381028175354 -0.09849599748849869 0.1157659962773323 7.158655166625977 -0.0480940006673336 -0.9251559972763062 -0.37652701139450073 1.7126749753952026 0.0 0.0 0.0 1.0
0.12513799965381622 0.36896100640296936 -0.9209820032119751 4.010659217834473 0.9908030033111572 -0.09464199841022491 0.09670999646186829 7.154778003692627 -0.05148100107908249 -0.9246140122413635 -0.37741100788116455 1.705618977546692 0.0 0.0 0.0 1.0
0.10805600136518478 0.381633996963501 -0.9179760217666626 4.017350196838379 0.9926990270614624 -0.0912109985947609 0.07893200218677521 7.1486968994140625 -0.053605999797582626 -0.9198020100593567 -0.38870298862457275 1.7062350511550903 0.0 0.0 0.0 1.0
0.09008699655532837 0.3905239999294281 -0.9161739945411682 4.025667190551758 0.9943360090255737 -0.08736400306224823 0.06053299829363823 7.1467719078063965 -0.056400999426841736 -0.9164379835128784 -0.3961830139160156 1.7055690288543701 0.0 0.0 0.0 1.0
0.07232300192117691 0.39725399017333984 -0.9148550033569336 4.03092622756958 0.9957169890403748 -0.08172699809074402 0.043226998299360275 7.14530086517334 -0.05759600177407265 -0.9140620231628418 -0.40146300196647644 1.70654296875 0.0 0.0 0.0 1.0
0.05735199898481369 0.40140700340270996 -0.9141020178794861 4.037911891937256 0.9963700175285339 -0.08071599900722504 0.027069000527262688 7.1434149742126465 -0.06291700154542923 -0.912335991859436 -0.4045790135860443 1.7100130319595337 0.0 0.0 0.0 1.0
0.044863998889923096 0.4021959900856018 -0.9144539833068848 4.04348611831665 0.9968820214271545 -0.07750699669122696 0.014817999675869942 7.132393836975098 -0.06491699814796448 -0.9122670292854309 -0.40441998839378357 1.7159550189971924 0.0 0.0 0.0 1.0
0.03237500041723251 0.3981580138206482 -0.9167450070381165 4.05365514755249 0.9967960119247437 -0.07998699694871902 0.00046300000394694507 7.126319885253906 -0.07314399629831314 -0.9138230085372925 -0.3994719982147217 1.7126530408859253 0.0 0.0 0.0 1.0
0.015181000344455242 0.40160098671913147 -0.9156889915466309 4.058158874511719 0.9968799948692322 -0.07702799886465073 -0.017255999147892 7.1283369064331055 -0.07746399939060211 -0.912568986415863 -0.40151798725128174 1.7117120027542114 0.0 0.0 0.0 1.0
-0.00092299998505041 0.40015000104904175 -0.9164490103721619 4.070497989654541 0.9969729781150818 -0.07088000327348709 -0.03195200115442276 7.128622055053711 -0.0777439996600151 -0.9137049913406372 -0.3988730013370514 1.7007709741592407 0.0 0.0 0.0 1.0
-0.012171000242233276 0.4031270146369934 -0.9150630235671997 4.07578182220459 0.9973809719085693 -0.06036100164055824 -0.03985799849033356 7.115660190582275 -0.07130199670791626 -0.9131519794464111 -0.40133601427078247 1.7020269632339478 0.0 0.0 0.0 1.0
-0.02659199945628643 0.40393999218940735 -0.9143990278244019 4.0788679122924805 0.9971330165863037 -0.05410199984908104 -0.05289800092577934 7.113737106323242 -0.07083799690008163 -0.9131839871406555 -0.4013429880142212 1.703192949295044 0.0 0.0 0.0 1.0
-0.03861299902200699 0.4024519920349121 -0.9146260023117065 4.083293914794922 0.9967229962348938 -0.04960000142455101 -0.06390299648046494 7.109830856323242 -0.07108300179243088 -0.914097011089325 -0.39921799302101135 1.7022299766540527 0.0 0.0 0.0 1.0
-0.04957199841737747 0.4019849896430969 -0.9143030047416687 4.086136817932129 0.9962040185928345 -0.04568900167942047 -0.07410100102424622 7.105587959289551 -0.07156100124120712 -0.9145060181617737 -0.39819300174713135 1.7050130367279053 0.0 0.0 0.0 1.0
-0.06044600158929825 0.3989650011062622 -0.9149720072746277 4.0892438888549805 0.9955199956893921 -0.04267600178718567 -0.08437500149011612 7.102517127990723 -0.07270999997854233 -0.9159730076789856 -0.39459800720214844 1.707144021987915 0.0 0.0 0.0 1.0
-0.06759099662303925 0.3938780128955841 -0.916674017906189 4.09306001663208 0.9949569702148438 -0.04163099825382233 -0.09125199913978577 7.0952467918396 -0.07410400360822678 -0.9182189702987671 -0.3890779912471771 1.7072279453277588 0.0 0.0 0.0 1.0
-0.07841300219297409 0.3910830020904541 -0.9170089960098267 4.095849990844727 0.9941020011901855 -0.038458000868558884 -0.1014069989323616 7.092626094818115 -0.074924997985363 -0.9195510149002075 -0.38576099276542664 1.707929015159607 0.0 0.0 0.0 1.0
-0.09122499823570251 0.38804998993873596 -0.9171130061149597 4.093666076660156 0.9930329918861389 -0.033539000898599625 -0.11296799778938293 7.090415954589844 -0.07459600269794464 -0.9210280179977417 -0.382286012172699 1.707766056060791 0.0 0.0 0.0 1.0
-0.09990900009870529 0.38607099652290344 -0.9170429706573486 4.094532012939453 0.9922429919242859 -0.029868999496102333 -0.12067700177431107 7.080473899841309 -0.07398100197315216 -0.9219849705696106 -0.38009199500083923 1.7078750133514404 0.0 0.0 0.0 1.0
-0.10971099883317947 0.384115993976593 -0.9167429804801941 4.098076820373535 0.9911999702453613 -0.02645299956202507 -0.1297059953212738 7.078600883483887 -0.07407300174236298 -0.9229059815406799 -0.3778330087661743 1.7067760229110718 0.0 0.0 0.0 1.0
-0.11968100070953369 0.3832319974899292 -0.9158660173416138 4.095890045166016 0.9902009963989258 -0.02079099975526333 -0.1380939930677414 7.074662208557129 -0.07196400314569473 -0.9234179854393005 -0.3769879937171936 1.709378957748413 0.0 0.0 0.0 1.0
-0.12807899713516235 0.3805939853191376 -0.9158290028572083 4.094598770141602 0.9893509745597839 -0.01535400003194809 -0.1447419971227646 7.070121765136719 -0.06915000081062317 -0.9246150255203247 -0.3745749890804291 1.7087479829788208 0.0 0.0 0.0 1.0
-0.13333700597286224 0.3791179955005646 -0.9156910181045532 4.095312118530273 0.9888020157814026 -0.011599999852478504 -0.14878599345684052 7.061040878295898 -0.06702999770641327 -0.925275981426239 -0.37332600355148315 1.7076040506362915 0.0 0.0 0.0 1.0
-0.14120300114154816 0.38097500801086426 -0.9137399792671204 4.0904951095581055 0.9876580238342285 -0.00898400042206049 -0.15637099742889404 7.0571417808532715 -0.06778299808502197 -0.9245420098304749 -0.37500399351119995 1.7089680433273315 0.0 0.0 0.0 1.0
-0.14936299622058868 0.3813279867172241 -0.9122939705848694 4.088252067565918 0.986519992351532 -0.004918000195175409 -0.16357100009918213 7.053091049194336 -0.06685999780893326 -0.9244269728660583 -0.37545299530029297 1.7090530395507812 0.0 0.0 0.0 1.0
-0.15382599830627441 0.37958401441574097 -0.9122790098190308 4.086935997009277 0.9860169887542725 -0.0009159999899566174 -0.1666409969329834 7.043735980987549 -0.06408999860286713 -0.9251570105552673 -0.37413498759269714 1.7080999612808228 0.0 0.0 0.0 1.0
-0.16064800322055817 0.37925800681114197 -0.9112390279769897 4.081450939178467 0.9849860072135925 0.002481000032275915 -0.17261700332164764 7.039854049682617 -0.06320499628782272 -0.9252880215644836 -0.3739619851112366 1.7094759941101074 0.0 0.0 0.0 1.0
-0.16716599464416504 0.3778029978275299 -0.9106699824333191 4.077516078948975 0.9841179847717285 0.00798800028860569 -0.1773349940776825 7.033943176269531 -0.05972300097346306 -0.9258509874343872 -0.3731380105018616 1.705075979232788 0.0 0.0 0.0 1.0
-0.1730249971151352 0.3814620077610016 -0.9080470204353333 4.072535037994385 0.9832339882850647 0.013008000329136848 -0.18188700079917908 7.026220798492432 -0.05757100135087967 -0.9242929816246033 -0.37731701135635376 1.7036679983139038 0.0 0.0 0.0 1.0
-0.18261900544166565 0.3876110017299652 -0.9035530090332031 4.0660400390625 0.9815710186958313 0.019262999296188354 -0.1901240050792694 7.023122787475586 -0.05628899857401848 -0.9216219782829285 -0.3839859962463379 1.7069560289382935 0.0 0.0 0.0 1.0
-0.19224299490451813 0.3896929919719696 -0.90065598487854 4.060201168060303 0.9798399806022644 0.02536099962890148 -0.198171004652977 7.014151096343994 -0.05438400059938431 -0.9205949902534485 -0.3867120146751404 1.7064969539642334 0.0 0.0 0.0 1.0
-0.2015170007944107 0.39090099930763245 -0.8981019854545593 4.05604887008667 0.9780430197715759 0.03056200034916401 -0.20615200698375702 7.004830837249756 -0.053137000650167465 -0.9199249744415283 -0.38847699761390686 1.7044579982757568 0.0 0.0 0.0 1.0
-0.21153399348258972 0.3935529887676239 -0.8946329951286316 4.050971984863281 0.9759470224380493 0.035659998655319214 -0.21507300436496735 7.0004048347473145 -0.05274000018835068 -0.9186099767684937 -0.39162999391555786 1.704630970954895 0.0 0.0 0.0 1.0
-0.2213519960641861 0.3942829966545105 -0.891933023929596 4.046770095825195 0.9738159775733948 0.04075700044631958 -0.22365699708461761 6.995433807373047 -0.05183200165629387 -0.918084979057312 -0.39298099279403687 1.704300045967102 0.0 0.0 0.0 1.0
-0.22932499647140503 0.39507099986076355 -0.8895670175552368 4.041224956512451 0.9719719886779785 0.044332001358270645 -0.230880007147789 6.987236022949219 -0.051777999848127365 -0.9175800085067749 -0.39416399598121643 1.705494999885559 0.0 0.0 0.0 1.0
-0.23782600462436676 0.3947699964046478 -0.8874660134315491 4.0373101234436035 0.969884991645813 0.04708600044250488 -0.23896799981594086 6.979525089263916 -0.052549999207258224 -0.9175729751586914 -0.3940800130367279 1.705847978591919 0.0 0.0 0.0 1.0
-0.2462729960680008 0.39379099011421204 -0.8855950236320496 4.032940864562988 0.967752993106842 0.049984000623226166 -0.24689500033855438 6.971837043762207 -0.05295899882912636 -0.9178400039672852 -0.39340201020240784 1.705198049545288 0.0 0.0 0.0 1.0
-0.25394099950790405 0.39310601353645325 -0.88373202085495 4.028534889221191 0.9657829999923706 0.05326699838042259 -0.25382399559020996 6.963695049285889 -0.05270500108599663 -0.9179490208625793 -0.39318200945854187 1.705746054649353 0.0 0.0 0.0 1.0
-0.2624250054359436 0.3912149965763092 -0.8820909857749939 4.024784088134766 0.9635540246963501 0.057048000395298004 -0.2613599896430969 6.957338809967041 -0.051927000284194946 -0.9185299873352051 -0.3919279873371124 1.70517897605896 0.0 0.0 0.0 1.0
-0.27177301049232483 0.3955259919166565 -0.8773249983787537 4.019021987915039 0.9608319997787476 0.060148000717163086 -0.2705250084400177 6.953451156616211 -0.05423000082373619 -0.9164829850196838 -0.3963800072669983 1.710968017578125 0.0 0.0 0.0 1.0
-0.28196001052856445 0.3963089883327484 -0.8737490177154541 4.013169765472412 0.957880973815918 0.0646200031042099 -0.2797999978065491 6.948441982269287 -0.05442599952220917 -0.9158400297164917 -0.3978370130062103 1.7115980386734009 0.0 0.0 0.0 1.0
-0.29000601172447205 0.3956319987773895 -0.8714190125465393 4.009795188903809 0.9555100202560425 0.0684799998998642 -0.28690099716186523 6.939785957336426 -0.05383199825882912 -0.9158520102500916 -0.39789000153541565 1.712568998336792 0.0 0.0 0.0 1.0
-0.2997150123119354 0.3943670094013214 -0.8687030076980591 4.0063371658325195 0.9525250196456909 0.07259300351142883 -0.2956799864768982 6.933557987213135 -0.053543999791145325 -0.9160810112953186 -0.39740198850631714 1.7113929986953735 0.0 0.0 0.0 1.0
-0.3078959882259369 0.39416998624801636 -0.86592698097229 4.002914905548096 0.9499099850654602 0.07609499990940094 -0.3031190037727356 6.9245171546936035 -0.05358799919486046 -0.9158819913864136 -0.3978550136089325 1.7089719772338867 0.0 0.0 0.0 1.0
-0.3163580000400543 0.3961139917373657 -0.8619809746742249 3.9986870288848877 0.9471439719200134 0.0808819979429245 -0.31044501066207886 6.916625022888184 -0.05325299873948097 -0.9146320223808289 -0.40076398849487305 1.7093169689178467 0.0 0.0 0.0 1.0
-0.32581600546836853 0.3962169885635376 -0.8584030270576477 3.9971230030059814 0.9439650177955627 0.08575999736785889 -0.31870800256729126 6.912504196166992 -0.052661001682281494 -0.9141430258750916 -0.4019570052623749 1.706786036491394 0.0 0.0 0.0 1.0
-0.33469998836517334 0.3977639973163605 -0.8542600274085999 3.992985963821411 0.9409070014953613 0.0913499966263771 -0.3261129856109619 6.907724857330322 -0.05167900025844574 -0.9129289984703064 -0.40483400225639343 1.70558500289917 0.0 0.0 0.0 1.0
-0.34116101264953613 0.39915698766708374 -0.8510479927062988 3.9916019439697266 0.9386879801750183 0.09675200283527374 -0.3309139907360077 6.900484085083008 -0.04974599927663803 -0.9117630124092102 -0.40769198536872864 1.7033480405807495 0.0 0.0 0.0 1.0
-0.34925299882888794 0.4021880030632019 -0.8463249802589417 3.9876790046691895 0.9356979727745056 0.10156799852848053 -0.33786699175834656 6.896961212158203 -0.0499269999563694 -0.9099060297012329 -0.41179901361465454 1.7028249502182007 0.0 0.0 0.0 1.0
-0.353397011756897 0.40444299578666687 -0.8435260057449341 3.985351085662842 0.9340959787368774 0.10364100337028503 -0.34164899587631226 6.889226913452148 -0.05075399950146675 -0.9086719751358032 -0.41441500186920166 1.7004339694976807 0.0 0.0 0.0 1.0
-0.3600279986858368 0.405021995306015 -0.8404390215873718 3.9846138954162598 0.9315469861030579 0.10682699829339981 -0.34757500886917114 6.8831658363342285 -0.05099400132894516 -0.9080449938774109 -0.4157570004463196 1.6965049505233765 0.0 0.0 0.0 1.0
-0.36556199193000793 0.407133013010025 -0.8370230197906494 3.9815149307250977 0.9293040037155151 0.10890299826860428 -0.35289400815963745 6.8773579597473145 -0.05251999944448471 -0.906853973865509 -0.418161004781723 1.6963369846343994 0.0 0.0 0.0 1.0
-0.3713890016078949 0.40737399458885193 -0.83433598279953 3.9784159660339355 0.9269589781761169 0.11130300164222717 -0.3582729995250702 6.872420787811279 -0.05308699980378151 -0.9064540266990662 -0.4189560115337372 1.6962260007858276 0.0 0.0 0.0 1.0
-0.37745898962020874 0.40688198804855347 -0.8318480253219604 3.976560115814209 0.9243720173835754 0.11187399923801422 -0.36472100019454956 6.870078086853027 -0.05533599853515625 -0.906603991985321 -0.41833800077438354 1.6945120096206665 0.0 0.0 0.0 1.0
-0.38379499316215515 0.40714699029922485 -0.8288140296936035 3.97408390045166 0.9216960072517395 0.11410500109195709 -0.3707520067691803 6.864796161651611 -0.05637900158762932 -0.9062070250511169 -0.4190579950809479 1.693371057510376 0.0 0.0 0.0 1.0
-0.3916670083999634 0.40689700841903687 -0.8252469897270203 3.972114086151123 0.9184179902076721 0.11857199668884277 -0.3774240016937256 6.860489845275879 -0.05572199821472168 -0.9057459831237793 -0.4201419949531555 1.692257046699524 0.0 0.0 0.0 1.0
-0.39912301301956177 0.4077549874782562 -0.821241021156311 3.9681899547576904 0.9151089787483215 0.12122999876737595 -0.3845509886741638 6.856354236602783 -0.05724399909377098 -0.9050080180168152 -0.4215250015258789 1.6932239532470703 0.0 0.0 0.0 1.0
-0.4086740016937256 0.40647900104522705 -0.8171659708023071 3.9656949043273926 0.9109500050544739 0.12655200064182281 -0.3926270008087158 6.8526129722595215 -0.05618099868297577 -0.9048529863357544 -0.421999990940094 1.6926100254058838 0.0 0.0 0.0 1.0
-0.4179550111293793 0.4046500027179718 -0.8133710026741028 3.965467929840088 0.9068589806556702 0.13258099555969238 -0.4000360071659088 6.848687171936035 -0.05403599888086319 -0.9048100113868713 -0.4223729968070984 1.6910550594329834 0.0 0.0 0.0 1.0
-0.42930400371551514 0.4069310128688812 -0.8062909841537476 3.9593870639801025 0.9015200138092041 0.13930700719356537 -0.40970098972320557 6.848800182342529 -0.05439800024032593 -0.9027739763259888 -0.42666199803352356 1.6960999965667725 0.0 0.0 0.0 1.0
-0.44078001379966736 0.4037950038909912 -0.8016629815101624 3.95792293548584 0.8959869742393494 0.14416100084781647 -0.42002901434898376 6.847855091094971 -0.054037000983953476 -0.9034199714660645 -0.4253380000591278 1.6928280591964722 0.0 0.0 0.0 1.0
-0.44999200105667114 0.40338000655174255 -0.7967389822006226 3.9556829929351807 0.8913879990577698 0.14876000583171844 -0.4281330108642578 6.84246301651001 -0.05417700111865997 -0.9028599858283997 -0.42650800943374634 1.6921900510787964 0.0 0.0 0.0 1.0
-0.46263599395751953 0.4018619954586029 -0.7902370095252991 3.9542500972747803 0.8849049806594849 0.15505799651145935 -0.43920499086380005 6.844521999359131 -0.05396699905395508 -0.9024770259857178 -0.42734500765800476 1.6900629997253418 0.0 0.0 0.0 1.0
-0.47257500886917114 0.40105101466178894 -0.7847489714622498 3.9535961151123047 0.8797169923782349 0.1614850014448166 -0.4472370147705078 6.8408050537109375 -0.05263900011777878 -0.9017099738121033 -0.42912501096725464 1.686674952507019 0.0 0.0 0.0 1.0
-0.4843119978904724 0.4021350145339966 -0.7770000100135803 3.9512228965759277 0.8732889890670776 0.16840200126171112 -0.45717400312423706 6.840240955352783 -0.05299700051546097 -0.8999599814414978 -0.4327389895915985 1.6845489740371704 0.0 0.0 0.0 1.0
-0.4961009919643402 0.40226298570632935 -0.7694600224494934 3.9482369422912598 0.8666719794273376 0.1757580041885376 -0.4668929874897003 6.838500022888184 -0.0525749996304512 -0.8984950184822083 -0.435822993516922 1.683014988899231 0.0 0.0 0.0 1.0
-0.5092939734458923 0.3997350037097931 -0.7621229887008667 3.946976900100708 0.8591240048408508 0.1844490021467209 -0.4773719906806946 6.839839935302734 -0.050248999148607254 -0.8978809714317322 -0.4373610019683838 1.6791720390319824 0.0 0.0 0.0 1.0
-0.5215619802474976 0.40055400133132935 -0.7533450126647949 3.944683074951172 0.8518149852752686 0.193914994597435 -0.48662999272346497 6.83967399597168 -0.048836998641490936 -0.8955190181732178 -0.4423370063304901 1.6757819652557373 0.0 0.0 0.0 1.0
-0.5350139737129211 0.4018639922142029 -0.7431460022926331 3.941119909286499 0.8435189723968506 0.20486100018024445 -0.4964959919452667 6.841818809509277 -0.04728199914097786 -0.892490029335022 -0.4485830068588257 1.6758099794387817 0.0 0.0 0.0 1.0
-0.5502390265464783 0.4001370072364807 -0.7328900098800659 3.9308879375457764 0.8337720036506653 0.21555399894714355 -0.508292019367218 6.8427300453186035 -0.04540900141000748 -0.8907449841499329 -0.4522300064563751 1.6815489530563354 0.0 0.0 0.0 1.0
-0.5614879727363586 0.3944289982318878 -0.7274320125579834 3.9302830696105957 0.8262379765510559 0.21899600327014923 -0.5190100073814392 6.844226837158203 -0.04540799930691719 -0.8924499750137329 -0.448855996131897 1.6776729822158813 0.0 0.0 0.0 1.0
-0.5733720064163208 0.39155399799346924 -0.7196729779243469 3.926119089126587 0.8179450035095215 0.2231689989566803 -0.5302469730377197 6.845619201660156 -0.04701099917292595 -0.8926820158958435 -0.44822800159454346 1.677291989326477 0.0 0.0 0.0 1.0
-0.5852159857749939 0.3873020112514496 -0.7124040126800537 3.924494981765747 0.8094409704208374 0.2267560064792633 -0.5416520237922668 6.84941291809082 -0.04824100062251091 -0.8936330080032349 -0.4461989998817444 1.6756329536437988 0.0 0.0 0.0 1.0
-0.5973510146141052 0.3823150098323822 -0.7049869894981384 3.923362970352173 0.8006129860877991 0.23298999667167664 -0.5520269870758057 6.855617046356201 -0.046792998909950256 -0.8941760063171387 -0.4452640116214752 1.6734260320663452 0.0 0.0 0.0 1.0
-0.6094419956207275 0.3779500126838684 -0.6969460248947144 3.9210240840911865 0.7916120290756226 0.2413569986820221 -0.5613359808921814 6.861629962921143 -0.04394400119781494 -0.8938120007514954 -0.4462830126285553 1.6709710359573364 0.0 0.0 0.0 1.0
-0.6205689907073975 0.37378600239753723 -0.6893309950828552 3.9181630611419678 0.7831609845161438 0.25125598907470703 -0.5687969923019409 6.86525821685791 -0.03940900042653084 -0.8928350210189819 -0.44865700602531433 1.6694380044937134 0.0 0.0 0.0 1.0
-0.6320890188217163 0.36987099051475525 -0.6809250116348267 3.9171431064605713 0.7740439772605896 0.26019299030303955 -0.5771960020065308 6.8742828369140625 -0.036315999925136566 -0.8919050097465515 -0.450762003660202 1.6696079969406128 0.0 0.0 0.0 1.0
-0.6424000263214111 0.36573100090026855 -0.6734709739685059 3.9128310680389404 0.7655720114707947 0.26617100834846497 -0.5857070088386536 6.8783860206604 -0.03495199978351593 -0.8918489813804626 -0.4509809911251068 1.6711770296096802 0.0 0.0 0.0 1.0
-0.6514340043067932 0.3603670001029968 -0.6676589846611023 3.910599946975708 0.757902979850769 0.2686370015144348 -0.5944889783859253 6.884544849395752 -0.03487600013613701 -0.8932909965515137 -0.4481230080127716 1.6711399555206299 0.0 0.0 0.0 1.0
-0.6615830063819885 0.358491986989975 -0.658627986907959 3.9020519256591797 0.7489439845085144 0.2722190022468567 -0.6041349768638611 6.89581823348999 -0.03728700056672096 -0.8929610252380371 -0.44858598709106445 1.6756600141525269 0.0 0.0 0.0 1.0
-0.6681740283966064 0.35477399826049805 -0.6539720296859741 3.901374101638794 0.7430949807167053 0.2747589945793152 -0.6101779937744141 6.89935302734375 -0.03679100051522255 -0.893667995929718 -0.4472169876098633 1.6737010478973389 0.0 0.0 0.0 1.0
-0.6752989888191223 0.35118600726127625 -0.6485670208930969 3.900412082672119 0.7366359829902649 0.27752500772476196 -0.6167230010032654 6.90694522857666 -0.036591000854969025 -0.8942300081253052 -0.44610899686813354 1.6721830368041992 0.0 0.0 0.0 1.0
-0.6830769777297974 0.3462660014629364 -0.6430439949035645 3.9024109840393066 0.7295089960098267 0.28133100271224976 -0.6234340071678162 6.916975975036621 -0.03496599942445755 -0.8949599862098694 -0.4447749853134155 1.668658971786499 0.0 0.0 0.0 1.0
-0.6901599764823914 0.3431290090084076 -0.6371350288391113 3.9015109539031982 0.7229390144348145 0.28773900866508484 -0.6281440258026123 6.921985149383545 -0.03220599889755249 -0.8941299915313721 -0.4466480016708374 1.6685019731521606 0.0 0.0 0.0 1.0
-0.69759202003479 0.3389660120010376 -0.6312429904937744 3.900007963180542 0.7158859968185425 0.29343199729919434 -0.6335650086402893 6.928837776184082 -0.029529999941587448 -0.8938680291175842 -0.4473569989204407 1.6683119535446167 0.0 0.0 0.0 1.0
-0.7038930058479309 0.3349210023880005 -0.6263890266418457 3.900628089904785 0.709775984287262 0.2975670099258423 -0.6384919881820679 6.936279773712158 -0.02745099924504757 -0.894025981426239 -0.4471740126609802 1.667186975479126 0.0 0.0 0.0 1.0
-0.7092419862747192 0.3326529860496521 -0.6215440034866333 3.900146007537842 0.7044510245323181 0.3007679879665375 -0.642874002456665 6.940648078918457 -0.026913000270724297 -0.8938009738922119 -0.44765499234199524 1.6668540239334106 0.0 0.0 0.0 1.0
-0.7148000001907349 0.330392986536026 -0.6163610219955444 3.9013590812683105 0.6987820267677307 0.3025979995727539 -0.6481810212135315 6.946112155914307 -0.02764499932527542 -0.8940219879150391 -0.4471699893474579 1.6663880348205566 0.0 0.0 0.0 1.0
-0.7209280133247375 0.32791900634765625 -0.6105170249938965 3.902235984802246 0.6924300193786621 0.3047980070114136 -0.6539419889450073 6.951706886291504 -0.028356000781059265 -0.8941850066184998 -0.4467979967594147 1.6676679849624634 0.0 0.0 0.0 1.0
-0.7282429933547974 0.3258279860019684 -0.6029080152511597 3.8985769748687744 0.6846420168876648 0.3068070113658905 -0.6611610054969788 6.960224151611328 -0.030448000878095627 -0.8942630290985107 -0.44650599360466003 1.669739007949829 0.0 0.0 0.0 1.0
-0.7356160283088684 0.3214089870452881 -0.5962929725646973 3.8991639614105225 0.6766980290412903 0.30862900614738464 -0.6684520244598389 6.968247890472412 -0.030812999233603477 -0.8952339887619019 -0.4445289969444275 1.6669440269470215 0.0 0.0 0.0 1.0
-0.7417979836463928 0.31859898567199707 -0.5901100039482117 3.9026100635528564 0.6698939800262451 0.3110109865665436 -0.6741759777069092 6.973283767700195 -0.03126100078225136 -0.8954139947891235 -0.44413501024246216 1.6670290231704712 0.0 0.0 0.0 1.0
-0.7485430240631104 0.31583699584007263 -0.5830360054969788 3.9042809009552 0.6622920036315918 0.3130919933319092 -0.6806920170783997 6.978867053985596 -0.032444000244140625 -0.8956680297851562 -0.44353899359703064 1.6680959463119507 0.0 0.0 0.0 1.0
-0.7553290128707886 0.31202998757362366 -0.5762940049171448 3.9077110290527344 0.6545119881629944 0.31484100222587585 -0.687379002571106 6.984569072723389 -0.033041998744010925 -0.8963890075683594 -0.4420360028743744 1.6688940525054932 0.0 0.0 0.0 1.0
-0.761726975440979 0.30831998586654663 -0.5698339939117432 3.9097180366516113 0.6470000147819519 0.3156990110874176 -0.6940640211105347 6.98860502243042 -0.03409700095653534 -0.8973699808120728 -0.43995898962020874 1.6684720516204834 0.0 0.0 0.0 1.0
-0.768339991569519 0.304067999124527 -0.5632010102272034 3.9140119552612305 0.6391170024871826 0.317207008600235 -0.7006490230560303 6.9955058097839355 -0.034393999725580215 -0.8982890248298645 -0.4380579888820648 1.6680439710617065 0.0 0.0 0.0 1.0
-0.7743489742279053 0.2998949885368347 -0.5571770071983337 3.919074058532715 0.6318380236625671 0.3189859986305237 -0.7064200043678284 7.000473976135254 -0.03412099927663803 -0.8990610241889954 -0.436491996049881 1.666483998298645 0.0 0.0 0.0 1.0
-0.7810159921646118 0.29648199677467346 -0.5496469736099243 3.9209609031677246 0.6235619783401489 0.3217169940471649 -0.7125089764595032 7.0051422119140625 -0.03441600129008293 -0.8992199897766113 -0.4361410140991211 1.6649090051651 0.0 0.0 0.0 1.0
-0.7863829731941223 0.293379008769989 -0.5436270236968994 3.928039073944092 0.6167920231819153 0.32419899106025696 -0.717261016368866 7.009324073791504 -0.034185998141765594 -0.8993459939956665 -0.4358980059623718 1.662889003753662 0.0 0.0 0.0 1.0
-0.7930579781532288 0.2914919853210449 -0.5348749756813049 3.925302028656006 0.6081900000572205 0.3297179937362671 -0.7220739722251892 7.0087971687316895 -0.03412099927663803 -0.8979520201683044 -0.4387679994106293 1.6666630506515503 0.0 0.0 0.0 1.0
-0.7986500263214111 0.287212997674942 -0.5288349986076355 3.932666063308716 0.6008819937705994 0.33219000697135925 -0.7270429730415344 7.013383865356445 -0.03314200043678284 -0.898419976234436 -0.43788400292396545 1.6653779745101929 0.0 0.0 0.0 1.0
-0.8050789833068848 0.28330498933792114 -0.5211390256881714 3.9358649253845215 0.5922330021858215 0.3346099853515625 -0.7330049872398376 7.017682075500488 -0.033284999430179596 -0.8987630009651184 -0.43716999888420105 1.6638649702072144 0.0 0.0 0.0 1.0
-0.8109279870986938 0.27908700704574585 -0.5143020153045654 3.938204050064087 0.5842639803886414 0.3379400074481964 -0.7378569841384888 7.0193867683410645 -0.03212299942970276 -0.8988369703292847 -0.4371050000190735 1.662803053855896 0.0 0.0 0.0 1.0
-0.8166300058364868 0.27498799562454224 -0.507440984249115 3.9429829120635986 0.5763649940490723 0.3423979878425598 -0.742002010345459 7.020631790161133 -0.030294999480247498 -0.8984130024909973 -0.4381060004234314 1.6624009609222412 0.0 0.0 0.0 1.0
-0.8225849866867065 0.2702470123767853 -0.5003209710121155 3.9493980407714844 0.5679240226745605 0.3462350070476532 -0.7467150092124939 7.024159908294678 -0.028568999841809273 -0.8983809947967529 -0.43828800320625305 1.6601860523223877 0.0 0.0 0.0 1.0
-0.8289070129394531 0.2660540044307709 -0.4920650124549866 3.9550609588623047 0.5587400197982788 0.3515259921550751 -0.7511579990386963 7.02822208404541 -0.026875000447034836 -0.8975769877433777 -0.4400379955768585 1.6582239866256714 0.0 0.0 0.0 1.0
-0.8347600102424622 0.26202601194381714 -0.48427098989486694 3.960387945175171 0.5500410199165344 0.35670900344848633 -0.7551249861717224 7.0296311378479 -0.02511800080537796 -0.8967170119285583 -0.44189101457595825 1.655871033668518 0.0 0.0 0.0 1.0
-0.8406299948692322 0.2580009996891022 -0.47620999813079834 3.96501088142395 0.5411109924316406 0.36233699321746826 -0.7588880062103271 7.030294895172119 -0.02324499934911728 -0.8956270217895508 -0.44419801235198975 1.654006004333496 0.0 0.0 0.0 1.0
-0.8464339971542358 0.254940003156662 -0.4674980044364929 3.9695088863372803 0.5320249795913696 0.36809098720550537 -0.7625349760055542 7.02942419052124 -0.022319000214338303 -0.8941559791564941 -0.4471989870071411 1.6532429456710815 0.0 0.0 0.0 1.0
-0.8539280295372009 0.24990400671958923 -0.4564580023288727 3.97324800491333 0.5199499726295471 0.37365299463272095 -0.7681379914283752 7.039125919342041 -0.021403999999165535 -0.8932700157165527 -0.4490109980106354 1.6509929895401 0.0 0.0 0.0 1.0
-0.8589199781417847 0.24645699560642242 -0.44890400767326355 3.9794270992279053 0.5117260217666626 0.37916499376296997 -0.7709540128707886 7.039053916931152 -0.019797999411821365 -0.8919039964675903 -0.451790988445282 1.6504549980163574 0.0 0.0 0.0 1.0
-0.8638579845428467 0.24446499347686768 -0.44043800234794617 3.983612060546875 0.5033249855041504 0.38362500071525574 -0.7742720246315002 7.038525104522705 -0.020320000126957893 -0.8905439972877502 -0.4544430077075958 1.6487289667129517 0.0 0.0 0.0 1.0
-0.869189977645874 0.24211500585079193 -0.4311490058898926 3.987658977508545 0.49402400851249695 0.3877989947795868 -0.77817302942276 7.039045810699463 -0.02120799943804741 -0.8893769979476929 -0.4566819965839386 1.6465320587158203 0.0 0.0 0.0 1.0
-0.8742110133171082 0.24003900587558746 -0.4220620095729828 3.9926609992980957 0.48506298661231995 0.3930079936981201 -0.7811909914016724 7.038794040679932 -0.021642999723553658 -0.8876519799232483 -0.4600059986114502 1.6467479467391968 0.0 0.0 0.0 1.0
-0.878699004650116 0.23796199262142181 -0.4138379991054535 3.9968550205230713 0.4768339991569519 0.39621099829673767 -0.7846310138702393 7.039004802703857 -0.022745000198483467 -0.8867869973182678 -0.46161898970603943 1.644914984703064 0.0 0.0 0.0 1.0
-0.8829950094223022 0.23588800430297852 -0.40580299496650696 4.0026421546936035 0.46880099177360535 0.40021899342536926 -0.7874320149421692 7.0389628410339355 -0.02333500050008297 -0.8855400085449219 -0.4639759957790375 1.643288016319275 0.0 0.0 0.0 1.0
-0.8881000280380249 0.2330940067768097 -0.3961629867553711 4.004799842834473 0.45902299880981445 0.4047259986400604 -0.7908830046653748 7.038547039031982 -0.02401299960911274 -0.8842309713363647 -0.46643298864364624 1.6420300006866455 0.0 0.0 0.0 1.0
-0.8918870091438293 0.23113499581813812 -0.38873299956321716 4.009521007537842 0.4515810012817383 0.40813300013542175 -0.7934120297431946 7.038135051727295 -0.024730000644922256 -0.8831779956817627 -0.4683850109577179 1.6407920122146606 0.0 0.0 0.0 1.0
-0.8957459926605225 0.22872799634933472 -0.3812119960784912 4.013484001159668 0.4438549876213074 0.41161200404167175 -0.7959709763526917 7.037250995635986 -0.02514900080859661 -0.8821899890899658 -0.47022101283073425 1.6402150392532349 0.0 0.0 0.0 1.0
-0.900206983089447 0.2242259979248047 -0.3732970058917999 4.018257141113281 0.43476900458335876 0.41443100571632385 -0.7995139956474304 7.041665077209473 -0.02456600032746792 -0.8820260167121887 -0.4705609977245331 1.6386539936065674 0.0 0.0 0.0 1.0
-0.9041669964790344 0.2206369936466217 -0.3657880127429962 4.022727012634277 0.42646700143814087 0.41683900356292725 -0.8027269840240479 7.039371013641357 -0.024637000635266304 -0.8817960023880005 -0.4709869921207428 1.6364690065383911 0.0 0.0 0.0 1.0
-0.9084320068359375 0.2171899974346161 -0.3571830093860626 4.025510787963867 0.4173069894313812 0.42083999514579773 -0.8054490089416504 7.039588928222656 -0.024619000032544136 -0.8807510137557983 -0.47293901443481445 1.6350669860839844 0.0 0.0 0.0 1.0
-0.9120780229568481 0.21346700191497803 -0.35006600618362427 4.0318827629089355 0.4093480110168457 0.4253059923648834 -0.8071860074996948 7.039062023162842 -0.02342200092971325 -0.8795149922370911 -0.47529399394989014 1.634376049041748 0.0 0.0 0.0 1.0
-0.9157379865646362 0.21027599275112152 -0.34235599637031555 4.036099910736084 0.4011000096797943 0.429051011800766 -0.8093420267105103 7.037753105163574 -0.02329700067639351 -0.8784639835357666 -0.4772399961948395 1.6330790519714355 0.0 0.0 0.0 1.0
-0.9194260239601135 0.20702899992465973 -0.33435699343681335 4.03871488571167 0.3925899863243103 0.4334909915924072 -0.8111460208892822 7.0353569984436035 -0.022988999262452126 -0.8770549893379211 -0.4798400104045868 1.6327459812164307 0.0 0.0 0.0 1.0
-0.9227820038795471 0.2025970071554184 -0.3277609944343567 4.043292999267578 0.3847160041332245 0.4367550015449524 -0.8131660223007202 7.036048889160156 -0.02159399911761284 -0.8764700293540955 -0.4809719920158386 1.6302720308303833 0.0 0.0 0.0 1.0
-0.9260609745979309 0.1998170018196106 -0.3201330006122589 4.04579496383667 0.37675198912620544 0.44081300497055054 -0.8147029876708984 7.034674167633057 -0.02167299948632717 -0.8750749826431274 -0.48350098729133606 1.6289260387420654 0.0 0.0 0.0 1.0
-0.9291030168533325 0.19712300598621368 -0.3129059970378876 4.050567150115967 0.3691670000553131 0.4440779983997345 -0.8164010047912598 7.03475284576416 -0.021976999938488007 -0.8740350008010864 -0.48536598682403564 1.6265989542007446 0.0 0.0 0.0 1.0
-0.9324160218238831 0.19283099472522736 -0.3056420087814331 4.054502010345459 0.3608179986476898 0.449288010597229 -0.8172820210456848 7.032712936401367 -0.02027600072324276 -0.872327983379364 -0.4884999990463257 1.6261049509048462 0.0 0.0 0.0 1.0
-0.9345369935035706 0.1898380070924759 -0.3009999990463257 4.0614800453186035 0.35537099838256836 0.4533349871635437 -0.8174340128898621 7.032392978668213 -0.018727000802755356 -0.8708900213241577 -0.49112099409103394 1.6259410381317139 0.0 0.0 0.0 1.0
-0.9379469752311707 0.18460699915885925 -0.29355698823928833 4.066280841827393 0.3463610112667084 0.4571549892425537 -0.8191720247268677 7.030763149261475 -0.017023000866174698 -0.8700169920921326 -0.49272799491882324 1.62527596950531 0.0 0.0 0.0 1.0
-0.9412689805030823 0.18107600510120392 -0.28499799966812134 4.0698161125183105 0.3371979892253876 0.46009600162506104 -0.8213459849357605 7.029568195343018 -0.01759999990463257 -0.8692079782485962 -0.49413299560546875 1.6234970092773438 0.0 0.0 0.0 1.0
-0.9444990158081055 0.17761899530887604 -0.2763580083847046 4.074141025543213 0.32801300287246704 0.4633849859237671 -0.8232139945030212 7.028258800506592 -0.018157999962568283 -0.8681740164756775 -0.49592798948287964 1.6211390495300293 0.0 0.0 0.0 1.0
-0.9479730129241943 0.17348000407218933 -0.2669309973716736 4.078505039215088 0.3178269863128662 0.46762898564338684 -0.8248090147972107 7.027670860290527 -0.01826299913227558 -0.8667340278625488 -0.49843600392341614 1.619096040725708 0.0 0.0 0.0 1.0
-0.9511060118675232 0.17020300030708313 -0.2577340006828308 4.084003925323486 0.3082999885082245 0.47282299399375916 -0.8254629969596863 7.025771141052246 -0.018634000793099403 -0.86456298828125 -0.5021790266036987 1.6185109615325928 0.0 0.0 0.0 1.0
-0.9553620219230652 0.16437500715255737 -0.24548600614070892 4.085699081420898 0.2948499917984009 0.4781459867954254 -0.8273090124130249 7.025479793548584 -0.018610000610351562 -0.8627610206604004 -0.5052689909934998 1.6180839538574219 0.0 0.0 0.0 1.0
-0.9584119915962219 0.1603740006685257 -0.23606599867343903 4.091756820678711 0.28473100066185 0.4812009930610657 -0.8290799856185913 7.024248123168945 -0.019368000328540802 -0.8618159890174866 -0.5068519711494446 1.617040991783142 0.0 0.0 0.0 1.0
-0.9617859721183777 0.15488499402999878 -0.22578400373458862 4.09609317779541 0.27311399579048157 0.48426398634910583 -0.83120197057724 7.022035121917725 -0.019401999190449715 -0.8611029982566833 -0.508059024810791 1.615859031677246 0.0 0.0 0.0 1.0
-0.9652330279350281 0.1488170027732849 -0.2148900032043457 4.099977016448975 0.2606770098209381 0.4873960018157959 -0.8333619832992554 7.021213054656982 -0.01928200013935566 -0.8604059815406799 -0.5092440247535706 1.6149890422821045 0.0 0.0 0.0 1.0
-0.9681910276412964 0.14483100175857544 -0.2040340006351471 4.103570938110352 0.2493560016155243 0.49112799763679504 -0.834634006023407 7.021768093109131 -0.020673999562859535 -0.8589630126953125 -0.5116209983825684 1.6158239841461182 0.0 0.0 0.0 1.0
-0.9712550044059753 0.13898800313472748 -0.19325199723243713 4.107152938842773 0.23713399469852448 0.4940910041332245 -0.8364459872245789 7.020075798034668 -0.020772000774741173 -0.8582289814949036 -0.5128470063209534 1.6148760318756104 0.0 0.0 0.0 1.0
-0.9739350080490112 0.13335399329662323 -0.1834850013256073 4.111926078796387 0.22591300308704376 0.49777498841285706 -0.8373669981956482 7.017796993255615 -0.020332999527454376 -0.8569930195808411 -0.5149270296096802 1.6151909828186035 0.0 0.0 0.0 1.0
-0.9769070148468018 0.12723900377750397 -0.17164500057697296 4.114368915557861 0.21262900531291962 0.500033974647522 -0.8394970297813416 7.016529083251953 -0.02098900079727173 -0.8566070199012756 -0.5155419707298279 1.6140830516815186 0.0 0.0 0.0 1.0
-0.9795929789543152 0.12122800201177597 -0.16031700372695923 4.117415904998779 0.19984500110149384 0.5023729801177979 -0.8412389755249023 7.016082763671875 -0.021443000063300133 -0.8561099767684937 -0.5163480043411255 1.6130290031433105 0.0 0.0 0.0 1.0
-0.9818400144577026 0.11576099693775177 -0.15029899775981903 4.120738983154297 0.18848000466823578 0.5051019787788391 -0.8422279953956604 7.013827800750732 -0.021580999717116356 -0.8552610278129578 -0.5177479982376099 1.6127749681472778 0.0 0.0 0.0 1.0
-0.9840409755706787 0.10908900201320648 -0.14057700335979462 4.12346076965332 0.17674599587917328 0.5079050064086914 -0.8430860042572021 7.012518882751465 -0.0205719992518425 -0.8544780015945435 -0.5190799832344055 1.6130529642105103 0.0 0.0 0.0 1.0
-0.9860609769821167 0.10377000272274017 -0.1300559937953949 4.125368118286133 0.1649949997663498 0.5091710090637207 -0.8447020053863525 7.011054992675781 -0.02143399976193905 -0.8543869853019714 -0.5191959738731384 1.6120890378952026 0.0 0.0 0.0 1.0
-0.9877960085868835 0.09866999834775925 -0.12050999701023102 4.129479885101318 0.1542000025510788 0.5106310248374939 -0.8458600044250488 7.009652137756348 -0.021925000473856926 -0.8541200160980225 -0.5196139812469482 1.612159013748169 0.0 0.0 0.0 1.0
-0.989657998085022 0.09224899858236313 -0.10985100269317627 4.130698204040527 0.14175699651241302 0.5117409825325012 -0.8473640084266663 7.008359909057617 -0.021952999755740166 -0.8541730046272278 -0.5195260047912598 1.612002968788147 0.0 0.0 0.0 1.0
-0.9911329746246338 0.08550400286912918 -0.10170499980449677 4.134542942047119 0.13131999969482422 0.5137349963188171 -0.8478389978408813 7.0105719566345215 -0.020244000479578972 -0.8536779880523682 -0.5204079747200012 1.6119129657745361 0.0 0.0 0.0 1.0
-0.9923340082168579 0.08063499629497528 -0.09365499764680862 4.137362957000732 0.12194500118494034 0.5158169865608215 -0.8479750156402588 7.007925033569336 -0.02006799913942814 -0.8528950214385986 -0.5216959714889526 1.6123839616775513 0.0 0.0 0.0 1.0
-0.9932810068130493 0.07696200162172318 -0.08642099797725677 4.140063762664795 0.11387000232934952 0.5168939828872681 -0.8484429717063904 7.005431175231934 -0.02062699943780899 -0.8525829911231995 -0.5221840143203735 1.6124260425567627 0.0 0.0 0.0 1.0
-0.9943079948425293 0.07190600037574768 -0.07862400263547897 4.141305923461914 0.10459800064563751 0.5182539820671082 -0.8488060235977173 7.0036091804504395 -0.02028699964284897 -0.8521980047225952 -0.5228250026702881 1.6123290061950684 0.0 0.0 0.0 1.0
-0.9952930212020874 0.06571800261735916 -0.07122799754142761 4.14221715927124 0.09508500248193741 0.5200669765472412 -0.848816990852356 7.001393795013428 -0.0187389999628067 -0.8515939712524414 -0.5238680243492126 1.6125390529632568 0.0 0.0 0.0 1.0
-0.9958779811859131 0.06213200092315674 -0.06608100235462189 4.146450042724609 0.08882299810647964 0.5204970240592957 -0.8492310047149658 7.000665187835693 -0.018369000405073166 -0.8515999913215637 -0.5238710045814514 1.6121339797973633 0.0 0.0 0.0 1.0
-0.9967259764671326 0.05558000132441521 -0.058726001530885696 4.147265911102295 0.07914400100708008 0.5218729972839355 -0.84934401512146 6.998495101928711 -0.016558999195694923 -0.8512099981307983 -0.5245630145072937 1.6127920150756836 0.0 0.0 0.0 1.0
-0.9972800016403198 0.05101599916815758 -0.053199999034404755 4.150000095367432 0.0720440000295639 0.5221620202064514 -0.8497980237007141 6.996926784515381 -0.015573999844491482 -0.8513190150260925 -0.524416983127594 1.6128089427947998 0.0 0.0 0.0 1.0
-0.9977849721908569 0.04647599905729294 -0.047600001096725464 4.153263092041016 0.06488499790430069 0.5218480229377747 -0.8505669832229614 6.99613618850708 -0.014690999872982502 -0.8517709970474243 -0.5237079858779907 1.6121200323104858 0.0 0.0 0.0 1.0
-0.998274028301239 0.041836000978946686 -0.041218001395463943 4.154234886169434 0.05701800063252449 0.5222399830818176 -0.8508899807929993 6.9933881759643555 -0.014072000049054623 -0.8517720103263855 -0.5237240195274353 1.6122750043869019 0.0 0.0 0.0 1.0
-0.9988089799880981 0.035436000674963 -0.03355399891734123 4.153286933898926 0.047136999666690826 0.522491991519928 -0.8513399958610535 6.993843078613281 -0.012636000290513039 -0.8519070148468018 -0.5235400199890137 1.6123820543289185 0.0 0.0 0.0 1.0
-0.9991049766540527 0.030928000807762146 -0.02885100059211254 4.158186912536621 0.040775999426841736 0.5231350064277649 -0.8512740135192871 6.992528915405273 -0.011234999634325504 -0.8516889810562134 -0.5239279866218567 1.613332986831665 0.0 0.0 0.0 1.0
-0.9994300007820129 0.025164000689983368 -0.022508999332785606 4.160367965698242 0.03235600143671036 0.5234879851341248 -0.8514189720153809 6.992097854614258 -0.009642000310122967 -0.8516619801521301 -0.5240030288696289 1.613247036933899 0.0 0.0 0.0 1.0
-0.9996740221977234 0.019109999760985374 -0.016959000378847122 4.161812782287598 0.024459000676870346 0.5238670110702515 -0.8514490127563477 6.98991584777832 -0.007387000136077404 -0.8515859842300415 -0.524163007736206 1.6135129928588867 0.0 0.0 0.0 1.0
-0.9998270273208618 0.014135000295937061 -0.01208799984306097 4.164648056030273 0.017702000215649605 0.5238900184631348 -0.8516020178794861 6.989374160766602 -0.005704999901354313 -0.8516690135002136 -0.5240499973297119 1.6136510372161865 0.0 0.0 0.0 1.0
-0.9999359846115112 0.009078999981284142 -0.006742999888956547 4.16647481918335 0.010498999617993832 0.5236499905586243 -0.8518689870834351 6.987578868865967 -0.004203000105917454 -0.8518850207328796 -0.5237119793891907 1.6144230365753174 0.0 0.0 0.0 1.0
-0.9999880194664001 0.0046720001846551895 -0.0017239999724552035 4.16920804977417 0.003911000210791826 0.5224890112876892 -0.852636992931366 6.986316204071045 -0.0030819999519735575 -0.852632999420166 -0.5225009918212891 1.6144750118255615 0.0 0.0 0.0 1.0
-0.9999909996986389 -0.0004130000015720725 0.004110999871045351 4.169929027557373 -0.0037219999358057976 0.5219539999961853 -0.8529660105705261 6.984766006469727 -0.0017940000398084521 -0.852973997592926 -0.5219510197639465 1.614738941192627 0.0 0.0 0.0 1.0
-0.9999600052833557 -0.003869999898597598 0.008031999692320824 4.174170017242432 -0.008871999569237232 0.5210400223731995 -0.8534860014915466 6.983853816986084 -0.0008820000221021473 -0.8535230159759521 -0.5210540294647217 1.6143310070037842 0.0 0.0 0.0 1.0
-0.9998530149459839 -0.009851999580860138 0.014006000012159348 4.175104141235352 -0.01708799973130226 0.5211549997329712 -0.8532909750938416 6.982699871063232 0.0011080000549554825 -0.8534049987792969 -0.5212470293045044 1.6145650148391724 0.0 0.0 0.0 1.0
-0.999692976474762 -0.016245000064373016 0.018713999539613724 4.174993991851807 -0.02443699911236763 0.5206930041313171 -0.8533939719200134 6.981192111968994 0.004120000172406435 -0.8535889983177185 -0.5209299921989441 1.6143670082092285 0.0 0.0 0.0 1.0
-0.9995459914207458 -0.020685000345110893 0.021901000291109085 4.17934513092041 -0.029462000355124474 0.5194519758224487 -0.8539919853210449 6.980792999267578 0.006287999916821718 -0.8542500138282776 -0.5198249816894531 1.6134400367736816 0.0 0.0 0.0 1.0
-0.9993979930877686 -0.023933999240398407 0.025120999664068222 4.18267297744751 -0.033897001296281815 0.5187849998474121 -0.8542330265045166 6.979952812194824 0.007412999868392944 -0.8545699715614319 -0.5192840099334717 1.6134819984436035 0.0 0.0 0.0 1.0
-0.9991719722747803 -0.0276309996843338 0.029860999435186386 4.184980869293213 -0.03986699879169464 0.5186660289764404 -0.8540470004081726 6.979047775268555 0.00810999982059002 -0.8545309901237488 -0.5193380117416382 1.6143269538879395 0.0 0.0 0.0 1.0
-0.9989169836044312 -0.030659999698400497 0.034991998225450516 4.186797142028809 -0.04581400007009506 0.5174009799957275 -0.8545160293579102 6.978374004364014 0.008094999939203262 -0.8551939725875854 -0.5182449817657471 1.6142200231552124 0.0 0.0 0.0 1.0
-0.9986270070075989 -0.03402400016784668 0.03982999920845032 4.190034866333008 -0.05168699845671654 0.5164099931716919 -0.8547800183296204 6.977793216705322 0.008515000343322754 -0.8556650280952454 -0.5174599885940552 1.614725947380066 0.0 0.0 0.0 1.0
-0.9982879757881165 -0.03820199891924858 0.04429500177502632 4.192169189453125 -0.0576619990170002 0.5155429840087891 -0.8549209833145142 6.976181983947754 0.009824000298976898 -0.8560119867324829 -0.5168629884719849 1.6148990392684937 0.0 0.0 0.0 1.0
-0.9978299736976624 -0.04371200129389763 0.049233000725507736 4.193734169006348 -0.06473399698734283 0.5149989724159241 -0.8547430038452148 6.975048065185547 0.012006999924778938 -0.8560749888420105 -0.5167120099067688 1.6152499914169312 0.0 0.0 0.0 1.0
-0.9973750114440918 -0.048537999391555786 0.053734999150037766 4.1936259269714355 -0.07107499986886978 0.5143150091171265 -0.8546509742736816 6.973365783691406 0.01384699996560812 -0.8562260270118713 -0.516414999961853 1.6160550117492676 0.0 0.0 0.0 1.0
-0.9971190094947815 -0.051830001175403595 0.05538899824023247 4.198484897613525 -0.07418099790811539 0.5135980248451233 -0.8548179864883423 6.972617149353027 0.01585800014436245 -0.8564640283584595 -0.5159630179405212 1.6169739961624146 0.0 0.0 0.0 1.0
-0.9963369965553284 -0.058292001485824585 0.06257300078868866 4.193528175354004 -0.08364500105381012 0.5119420289993286 -0.8549379706382751 6.972198009490967 0.017802000045776367 -0.8570399880409241 -0.51494300365448 1.6181440353393555 0.0 0.0 0.0 1.0
-0.9960129857063293 -0.0614750012755394 0.06464000046253204 4.198835849761963 -0.08700499683618546 0.5095450282096863 -0.856033980846405 6.973145008087158 0.019687000662088394 -0.8582450151443481 -0.5128620266914368 1.6187759637832642 0.0 0.0 0.0 1.0
-0.9952520132064819 -0.06599199771881104 0.07154399901628494 4.196547985076904 -0.0951870009303093 0.5064730048179626 -0.8569859862327576 6.971121788024902 0.020318999886512756 -0.8597270250320435 -0.5103499889373779 1.6191999912261963 0.0 0.0 0.0 1.0
-0.9946370124816895 -0.06951700150966644 0.07658799737691879 4.197248935699463 -0.10126200318336487 0.5035459995269775 -0.8580139875411987 6.972279071807861 0.021081000566482544 -0.8611670136451721 -0.5078849792480469 1.6188910007476807 0.0 0.0 0.0 1.0
-0.9938349723815918 -0.07391399890184402 0.08263000100851059 4.195022106170654 -0.10865499824285507 0.501317024230957 -0.8584139943122864 6.972113132476807 0.02202500030398369 -0.8621010184288025 -0.5062580108642578 1.6179120540618896 0.0 0.0 0.0 1.0
-0.9933410286903381 -0.07729099690914154 0.08543600142002106 4.197339057922363 -0.11279100179672241 0.5012810230255127 -0.8579019904136658 6.97292423248291 0.02348100021481514 -0.8618260025978088 -0.5066609978675842 1.617216944694519 0.0 0.0 0.0 1.0
-0.9928230047225952 -0.08060000091791153 0.08834999799728394 4.198540210723877 -0.11698800325393677 0.5012159943580627 -0.8573780059814453 6.972814083099365 0.024822000414133072 -0.8615599870681763 -0.5070480108261108 1.6167830228805542 0.0 0.0 0.0 1.0
-0.992546021938324 -0.08217400312423706 0.08999700099229813 4.199759006500244 -0.11920599639415741 0.5010970234870911 -0.8571419715881348 6.972352027893066 0.02533699944615364 -0.8614810109138489 -0.507157027721405 1.616786003112793 0.0 0.0 0.0 1.0
-0.991919994354248 -0.08557300269603729 0.09365999698638916 4.199010848999023 -0.12408299744129181 0.5006129741668701 -0.8567320108413696 6.9726128578186035 0.026426000520586967 -0.8614310026168823 -0.5071859955787659 1.6160759925842285 0.0 0.0 0.0 1.0
-0.9914199709892273 -0.08845899999141693 0.09623900055885315 4.198492050170898 -0.1277730017900467 0.5004240274429321 -0.8562999963760376 6.972623825073242 0.027587000280618668 -0.8612490296363831 -0.5074329972267151 1.6158310174942017 0.0 0.0 0.0 1.0
-0.9904299974441528 -0.09367799758911133 0.10135699808597565 4.195704936981201 -0.13484099507331848 0.5001090168952942 -0.855400025844574 6.972472190856934 0.02944299951195717 -0.8608800172805786 -0.507955014705658 1.6164699792861938 0.0 0.0 0.0 1.0
-0.9899160265922546 -0.09710100293159485 0.10314399749040604 4.197238922119141 -0.13808199763298035 0.49884000420570374 -0.8556240200996399 6.973250865936279 0.03162999823689461 -0.8612380027770996 -0.5072180032730103 1.6161689758300781 0.0 0.0 0.0 1.0
-0.9893530011177063 -0.0998539999127388 0.10587800294160843 4.197536945343018 -0.1418060064315796 0.497734010219574 -0.855659008026123 6.974171161651611 0.03274200111627579 -0.8615630269050598 -0.5065940022468567 1.616441011428833 0.0 0.0 0.0 1.0
-0.9884809851646423 -0.10374999791383743 0.11018799990415573 4.195535182952881 -0.1474349945783615 0.4956899881362915 -0.8558940291404724 6.975015163421631 0.03418000042438507 -0.862280011177063 -0.5052769780158997 1.616047978401184 0.0 0.0 0.0 1.0
-0.9878090023994446 -0.1060430034995079 0.1139649972319603 4.193610191345215 -0.15180200338363647 0.4940049946308136 -0.8561050295829773 6.975625038146973 0.03448500111699104 -0.8629689812660217 -0.5040799975395203 1.6163849830627441 0.0 0.0 0.0 1.0
-0.9874899983406067 -0.10646899789571762 0.11630900204181671 4.193017959594727 -0.15396499633789062 0.4918549954891205 -0.8569560050964355 6.976937770843506 0.03403199836611748 -0.8641430139541626 -0.5020939707756042 1.6161470413208008 0.0 0.0 0.0 1.0
-0.9873070120811462 -0.10599000006914139 0.11828199774026871 4.192511081695557 -0.1553640067577362 0.4899680018424988 -0.8577839732170105 6.9772491455078125 0.032962001860141754 -0.8652729988098145 -0.500216007232666 1.6165900230407715 0.0 0.0 0.0 1.0
-0.9868320226669312 -0.10691999644041061 0.12136799842119217 4.1883368492126465 -0.15841799974441528 0.4874509871006012 -0.858659029006958 6.9780659675598145 0.03264699876308441 -0.866578996181488 -0.4979709982872009 1.6159759759902954 0.0 0.0 0.0 1.0
-0.9868050217628479 -0.1058880016207695 0.12248600274324417 4.1870012283325195 -0.15884700417518616 0.48667800426483154 -0.8590189814567566 6.979720115661621 0.031348999589681625 -0.867139995098114 -0.49707600474357605 1.6142070293426514 0.0 0.0 0.0 1.0
-0.9866499900817871 -0.10432899743318558 0.12505200505256653 4.182268142700195 -0.16035699844360352 0.48830801248550415 -0.8578119874000549 6.978562831878662 0.02843100018799305 -0.8664129972457886 -0.49851900339126587 1.614264965057373 0.0 0.0 0.0 1.0
-0.9867799878120422 -0.10136199742555618 0.12645399570465088 4.177423000335693 -0.1601170003414154 0.48916399478912354 -0.8573690056800842 6.9774861335754395 0.02504800073802471 -0.8662819862365723 -0.4989269971847534 1.6146069765090942 0.0 0.0 0.0 1.0
-0.9867029786109924 -0.10098200291395187 0.1273529976606369 4.173837184906006 -0.16071400046348572 0.4893600046634674 -0.8571460247039795 6.9766740798950195 0.02423500083386898 -0.8662160038948059 -0.4990819990634918 1.614272952079773 0.0 0.0 0.0 1.0
-0.9863939881324768 -0.10114099830389023 0.12960399687290192 4.167699813842773 -0.1627259999513626 0.4885469973087311 -0.8572289943695068 6.9772748947143555 0.02338300086557865 -0.8666560053825378 -0.49835801124572754 1.613271951675415 0.0 0.0 0.0 1.0
-0.9864310026168823 -0.10071399807929993 0.12965700030326843 4.162848949432373 -0.16255499422550201 0.4883840084075928 -0.857354998588562 6.977691173553467 0.02302500046789646 -0.8667969703674316 -0.4981279969215393 1.611564040184021 0.0 0.0 0.0 1.0
-0.9863139986991882 -0.10070200264453888 0.1305530071258545 4.155767917633057 -0.16335700452327728 0.4895179867744446 -0.8565549850463867 6.977694034576416 0.022348999977111816 -0.8661590218544006 -0.4992690086364746 1.6103049516677856 0.0 0.0 0.0 1.0
-0.9861479997634888 -0.10199300199747086 0.13080599904060364 4.147363185882568 -0.16424299776554108 0.49025100469589233 -0.8559659719467163 6.976480007171631 0.023174000903964043 -0.8655930161476135 -0.5002120137214661 1.6090439558029175 0.0 0.0 0.0 1.0
-0.9865260124206543 -0.10198300331830978 0.12792600691318512 4.142309188842773 -0.16177600622177124 0.4915919899940491 -0.855666995048523 6.975887775421143 0.024375999346375465 -0.8648329973220825 -0.5014669895172119 1.6080700159072876 0.0 0.0 0.0 1.0
-0.9868810176849365 -0.10101299732923508 0.12594600021839142 4.135932922363281 -0.15962600708007812 0.49355700612068176 -0.8549389839172363 6.976889133453369 0.024198999628424644 -0.8638269901275635 -0.5032060146331787 1.6066559553146362 0.0 0.0 0.0 1.0
-0.9867479801177979 -0.10143200308084488 0.12664900720119476 4.126331806182861 -0.16050200164318085 0.4955640137195587 -0.853613018989563 6.97555685043335 0.023821000009775162 -0.8626279830932617 -0.5052769780158997 1.6060659885406494 0.0 0.0 0.0 1.0
-0.9871240258216858 -0.09985899925231934 0.12495800107717514 4.117072105407715 -0.1582919955253601 0.497406005859375 -0.8529549837112427 6.975499153137207 0.023019999265670776 -0.8617519736289978 -0.5068079829216003 1.6061309576034546 0.0 0.0 0.0 1.0
-0.9869160056114197 -0.09967699646949768 0.12672999501228333 4.102069854736328 -0.15974099934101105 0.4977929890155792 -0.8524580001831055 6.975191116333008 0.02188500016927719 -0.8615490198135376 -0.5072029829025269 1.605402946472168 0.0 0.0 0.0 1.0
-0.9873759746551514 -0.096902996301651 0.1252949982881546 4.091330051422119 -0.15711599588394165 0.4988439977169037 -0.8523319959640503 6.974040985107422 0.020090999081730843 -0.8612579703330994 -0.5077720284461975 1.6041280031204224 0.0 0.0 0.0 1.0
-0.9875689744949341 -0.09606499969959259 0.12441500276327133 4.079867839813232 -0.15598000586032867 0.5010129809379578 -0.8512669801712036 6.9724321365356445 0.019443999975919724 -0.860090970993042 -0.5097690224647522 1.6052709817886353 0.0 0.0 0.0 1.0
-0.9883859753608704 -0.09286200255155563 0.12028700113296509 4.07305908203125 -0.1507900059223175 0.5012220144271851 -0.8520789742469788 6.97078800201416 0.018835000693798065 -0.8603219985961914 -0.5094029903411865 1.6061290502548218 0.0 0.0 0.0 1.0
-0.9884189963340759 -0.09340199828147888 0.11959800124168396 4.059793949127197 -0.15042300522327423 0.49910300970077515 -0.8533869981765747 6.96863317489624 0.020016999915242195 -0.8614940047264099 -0.5073729753494263 1.6061270236968994 0.0 0.0 0.0 1.0
-0.988519012928009 -0.09358199685811996 0.11862999945878983 4.049169063568115 -0.1496029943227768 0.4960240125656128 -0.8553239703178406 6.968122959136963 0.021199999377131462 -0.8632509708404541 -0.5043290257453918 1.6045880317687988 0.0 0.0 0.0 1.0
-0.9883700013160706 -0.09436099976301193 0.1192530021071434 4.036003112792969 -0.1505029946565628 0.4946739971637726 -0.8559479713439941 6.967659950256348 0.021777000278234482 -0.8639410138130188 -0.5031219720840454 1.6019370555877686 0.0 0.0 0.0 1.0
-0.9888740181922913 -0.09220399707555771 0.11673600226640701 4.02639102935791 -0.14728699624538422 0.4967750012874603 -0.8552899956703186 6.964879035949707 0.02087000012397766 -0.8629670143127441 -0.5048279762268066 1.6008609533309937 0.0 0.0 0.0 1.0
-0.9886459708213806 -0.09262300282716751 0.11831899732351303 4.011589050292969 -0.14890700578689575 0.498432993888855 -0.8540440201759338 6.960492134094238 0.02012999914586544 -0.8619660139083862 -0.5065659880638123 1.600051999092102 0.0 0.0 0.0 1.0
-0.9891369938850403 -0.09051399677991867 0.11581999808549881 4.002437114715576 -0.1457280069589615 0.5007010102272034 -0.8532649874687195 6.956399917602539 0.019240999594330788 -0.8608750104904175 -0.5084530115127563 1.6004680395126343 0.0 0.0 0.0 1.0
-0.9898319840431213 -0.08541999757289886 0.11373600363731384 3.9915740489959717 -0.1413619965314865 0.5019959807395935 -0.8532389998435974 6.952922821044922 0.015789000317454338 -0.8606410026550293 -0.5089669823646545 1.6001960039138794 0.0 0.0 0.0 1.0
-0.9899460077285767 -0.08254499733448029 0.1148580014705658 3.976807117462158 -0.14085400104522705 0.5012689828872681 -0.853751003742218 6.948300838470459 0.012897999957203865 -0.8613460063934326 -0.507856011390686 1.5991430282592773 0.0 0.0 0.0 1.0
-0.9901729822158813 -0.07753200083971024 0.11638700217008591 3.964932918548584 -0.13962000608444214 0.5007169842720032 -0.8542770147323608 6.943934917449951 0.00795700028538704 -0.8621320128440857 -0.5066210031509399 1.5979050397872925 0.0 0.0 0.0 1.0
-0.9903460144996643 -0.07238800078630447 0.11821600049734116 3.950831890106201 -0.13859699666500092 0.5020359754562378 -0.8536689877510071 6.936438083648682 0.002445999998599291 -0.8618119955062866 -0.5072219967842102 1.5971100330352783 0.0 0.0 0.0 1.0
-0.9902420043945312 -0.06921999901533127 0.1209539994597435 3.9350059032440186 -0.13934899866580963 0.5026789903640747 -0.8531680107116699 6.929751873016357 -0.0017450000159442425 -0.8616979718208313 -0.5074189901351929 1.5943659543991089 0.0 0.0 0.0 1.0
-0.9902520179748535 -0.0675560012459755 0.12181100249290466 3.920280933380127 -0.13923299312591553 0.5051440000534058 -0.8517299890518188 6.922916889190674 -0.003992999903857708 -0.8603870272636414 -0.5096250176429749 1.5923739671707153 0.0 0.0 0.0 1.0
-0.9904209971427917 -0.06705000251531601 0.12070699781179428 3.906083106994629 -0.13801200687885284 0.5080999732017517 -0.8501690030097961 6.91497278213501 -0.004327000118792057 -0.8586840033531189 -0.51248699426651 1.5900720357894897 0.0 0.0 0.0 1.0
-0.9905800223350525 -0.06887400150299072 0.11835099756717682 3.8925108909606934 -0.13691399991512299 0.5124779939651489 -0.8477150201797485 6.904782772064209 -0.002266000024974346 -0.8559340238571167 -0.5170800089836121 1.5898170471191406 0.0 0.0 0.0 1.0
-0.9907379746437073 -0.06955300271511078 0.11661899834871292 3.8787269592285156 -0.13578100502490997 0.5145440101623535 -0.8466460108757019 6.894909858703613 -0.0011190000222995877 -0.8546389937400818 -0.5192220211029053 1.5914579629898071 0.0 0.0 0.0 1.0
-0.9902380108833313 -0.07420799881219864 0.11799299716949463 3.86236310005188 -0.13936899602413177 0.5127490162849426 -0.847150981426239 6.882256984710693 0.0023640000727027655 -0.8553259968757629 -0.5180850028991699 1.5953999757766724 0.0 0.0 0.0 1.0
-0.9899640083312988 -0.0757019966840744 0.11932999640703201 3.8501510620117188 -0.14125999808311462 0.5060129761695862 -0.8508800268173218 6.8741679191589355 0.004031000193208456 -0.8591970205307007 -0.5116289854049683 1.5976459980010986 0.0 0.0 0.0 1.0
-0.9904209971427917 -0.07496000081300735 0.11596500128507614 3.8437259197235107 -0.13792499899864197 0.49691998958587646 -0.8567659854888916 6.865198135375977 0.006597999949008226 -0.8645529747009277 -0.502498984336853 1.5976380109786987 0.0 0.0 0.0 1.0
-0.9899020195007324 -0.07719500362873077 0.11888899654150009 3.8291521072387695 -0.1415019929409027 0.4883570075035095 -0.8610950112342834 6.855719089508057 0.00841199979186058 -0.8692229986190796 -0.49434900283813477 1.5979490280151367 0.0 0.0 0.0 1.0
-0.989113986492157 -0.0812470018863678 0.12268699705600739 3.8155829906463623 -0.14674599468708038 0.482820987701416 -0.863336980342865 6.84644889831543 0.01090800017118454 -0.8719419836997986 -0.48948800563812256 1.5977959632873535 0.0 0.0 0.0 1.0
-0.9883779883384705 -0.08588600158691406 0.1254269927740097 3.8041679859161377 -0.15138700604438782 0.4812299907207489 -0.8634240031242371 6.838009834289551 0.013795999810099602 -0.8723769783973694 -0.4886389970779419 1.5979139804840088 0.0 0.0 0.0 1.0
-0.9872329831123352 -0.0931209996342659 0.12922699749469757 3.7882258892059326 -0.15825699269771576 0.481469988822937 -0.8620569705963135 6.825898170471191 0.018056999891996384 -0.8715019822120667 -0.4900600016117096 1.600733995437622 0.0 0.0 0.0 1.0
-0.9864659905433655 -0.0979819968342781 0.13147200644016266 3.7758231163024902 -0.16254599392414093 0.4790230095386505 -0.8626220226287842 6.814024925231934 0.021542999893426895 -0.8723170161247253 -0.4884659945964813 1.6054799556732178 0.0 0.0 0.0 1.0
-0.9857929944992065 -0.09886500239372253 0.13578900694847107 3.761854887008667 -0.16660800576210022 0.472898006439209 -0.8652219772338867 6.803876876831055 0.02132599987089634 -0.8755530118942261 -0.4826509952545166 1.6084200143814087 0.0 0.0 0.0 1.0
-0.9853180050849915 -0.09642799943685532 0.1408900022506714 3.7492260932922363 -0.1697770059108734 0.4663980007171631 -0.8681290149688721 6.793319225311279 0.018000999465584755 -0.879302978515625 -0.47592198848724365 1.6113460063934326 0.0 0.0 0.0 1.0
-0.984669029712677 -0.09704200178384781 0.14494900405406952 3.7377541065216064 -0.17349399626255035 0.4586789906024933 -0.8715010285377502 6.78533411026001 0.018086999654769897 -0.8832870125770569 -0.46848300099372864 1.613916039466858 0.0 0.0 0.0 1.0
-0.9832119941711426 -0.09931500256061554 0.15306800603866577 3.720750093460083 -0.1816129982471466 0.45169299840927124 -0.8734930157661438 6.776288032531738 0.017611000686883926 -0.8866289854049683 -0.4621469974517822 1.6146320104599 0.0 0.0 0.0 1.0
-0.9829570055007935 -0.09767799824476242 0.15574200451374054 3.7098050117492676 -0.1831659972667694 0.4479979872703552 -0.8750699758529663 6.767234802246094 0.015703000128269196 -0.8886820077896118 -0.45825400948524475 1.6131370067596436 0.0 0.0 0.0 1.0
-0.9823030233383179 -0.09841399639844894 0.1593630015850067 3.698793888092041 -0.18674199283123016 0.44888898730278015 -0.8738570213317871 6.7574639320373535 0.0144640002399683 -0.888152003288269 -0.459322988986969 1.6141029596328735 0.0 0.0 0.0 1.0
-0.9816070199012756 -0.0994729995727539 0.16294999420642853 3.68914794921875 -0.19042499363422394 0.44916000962257385 -0.8729230165481567 6.749497890472412 0.013642000034451485 -0.8878970146179199 -0.4598410129547119 1.6150579452514648 0.0 0.0 0.0 1.0
-0.9807649850845337 -0.10113199800252914 0.16694900393486023 3.680522918701172 -0.19473400712013245 0.4484800100326538 -0.8723220229148865 6.739482879638672 0.013345999643206596 -0.8880529999732971 -0.4595470130443573 1.6160709857940674 0.0 0.0 0.0 1.0
-0.9794909954071045 -0.10289400070905685 0.17323599755764008 3.667788028717041 -0.20111499726772308 0.44690901041030884 -0.8716800212860107 6.730199813842773 0.012269999831914902 -0.8886430263519287 -0.4584360122680664 1.6152199506759644 0.0 0.0 0.0 1.0
-0.9783260226249695 -0.10422799736261368 0.17892499268054962 3.656816005706787 -0.20678800344467163 0.4467880129814148 -0.8704130053520203 6.721124172210693 0.010780000127851963 -0.8885480165481567 -0.45865800976753235 1.6140769720077515 0.0 0.0 0.0 1.0
-0.9773120284080505 -0.10414999723434448 0.18443100154399872 3.647012948989868 -0.21165400743484497 0.447160005569458 -0.869051992893219 6.712806224822998 0.008042000234127045 -0.8883699774742126 -0.4590579867362976 1.6126220226287842 0.0 0.0 0.0 1.0
-0.9753220081329346 -0.10598199814558029 0.19368800520896912 3.634645938873291 -0.22072499990463257 0.4470359981060028 -0.8668559789657593 6.702445983886719 0.005286000203341246 -0.8882150053977966 -0.45939698815345764 1.6114460229873657 0.0 0.0 0.0 1.0
-0.9738119840621948 -0.10717999935150146 0.2005079984664917 3.62506103515625 -0.22733600437641144 0.44700801372528076 -0.8651610016822815 6.693873882293701 0.0030990000814199448 -0.8880860209465027 -0.45966699719429016 1.609537959098816 0.0 0.0 0.0 1.0
-0.9713190197944641 -0.1090489998459816 0.21129800379276276 3.6092169284820557 -0.23777900636196136 0.4448150098323822 -0.8634819984436035 6.683454990386963 0.0001740000006975606 -0.8889589905738831 -0.4579870104789734 1.6046780347824097 0.0 0.0 0.0 1.0
-0.9690889716148376 -0.11219900101423264 0.21972200274467468 3.5977680683135986 -0.24670499563217163 0.44717898964881897 -0.8597490191459656 6.672720909118652 -0.0017920000245794654 -0.8873800039291382 -0.46103599667549133 1.6050130128860474 0.0 0.0 0.0 1.0
-0.9665830135345459 -0.11489199846982956 0.22916600108146667 3.5840370655059814 -0.2563199996948242 0.4476979970932007 -0.856660008430481 6.664504051208496 -0.00417400011792779 -0.8867729902267456 -0.4621869921684265 1.6056510210037231 0.0 0.0 0.0 1.0
-0.9642660021781921 -0.1182669997215271 0.23707500100135803 3.570420026779175 -0.2649030089378357 0.44488298892974854 -0.8555150032043457 6.653811931610107 -0.004290999844670296 -0.8877459764480591 -0.460314005613327 1.6095010042190552 0.0 0.0 0.0 1.0
-0.9617369771003723 -0.1205660030245781 0.24602000415325165 3.559130907058716 -0.27394700050354004 0.43587398529052734 -0.8573030233383179 6.647051811218262 -0.003871999913826585 -0.8918960094451904 -0.4522239863872528 1.6118179559707642 0.0 0.0 0.0 1.0
-0.9598649740219116 -0.11844199895858765 0.25422701239585876 3.550497055053711 -0.28039100766181946 0.42592498660087585 -0.8602150082588196 6.641758918762207 -0.006395999807864428 -0.8969730138778687 -0.44203999638557434 1.612076997756958 0.0 0.0 0.0 1.0
-0.9550359845161438 -0.12254299968481064 0.2699820101261139 3.5331430435180664 -0.2964180111885071 0.4148879945278168 -0.8602349758148193 6.635342121124268 -0.00659599993377924 -0.9015820026397705 -0.43255698680877686 1.612333059310913 0.0 0.0 0.0 1.0
-0.9516350030899048 -0.1237649992108345 0.28120100498199463 3.520490884780884 -0.307110995054245 0.40886399149894714 -0.8593680262565613 6.6314377784729 -0.008612999692559242 -0.9041640162467957 -0.42709800601005554 1.609665036201477 0.0 0.0 0.0 1.0
-0.9475150108337402 -0.12738600373268127 0.2932380139827728 3.5060369968414307 -0.31949499249458313 0.4110090136528015 -0.8538119792938232 6.625974178314209 -0.011758999899029732 -0.9026880264282227 -0.4301359951496124 1.6089839935302734 0.0 0.0 0.0 1.0
-0.9441199898719788 -0.13058499991893768 0.3026300072669983 3.4930579662323 -0.32927200198173523 0.4147309958934784 -0.8482800126075745 6.617140769958496 -0.014737999998033047 -0.9005259871482849 -0.43455299735069275 1.6146090030670166 0.0 0.0 0.0 1.0
-0.9406279921531677 -0.13316400349140167 0.3122299909591675 3.479871988296509 -0.33910900354385376 0.4092769920825958 -0.8470519781112671 6.610867977142334 -0.014991999603807926 -0.9026409983634949 -0.43013399839401245 1.61660897731781 0.0 0.0 0.0 1.0
-0.9384430050849915 -0.13335800170898438 0.31865501403808594 3.46543288230896 -0.3450930118560791 0.4030129909515381 -0.8476390242576599 6.604698181152344 -0.015382000245153904 -0.905426025390625 -0.42422598600387573 1.6148099899291992 0.0 0.0 0.0 1.0
-0.9374679923057556 -0.13429099321365356 0.32112398743629456 3.4535179138183594 -0.34773001074790955 0.4022809863090515 -0.8469089865684509 6.597603797912598 -0.015449999831616879 -0.9056130051612854 -0.4238229990005493 1.6158839464187622 0.0 0.0 0.0 1.0
-0.9358109831809998 -0.13702400028705597 0.32478201389312744 3.4388248920440674 -0.3522129952907562 0.4008690118789673 -0.8457249999046326 6.589837074279785 -0.014310000464320183 -0.905830979347229 -0.4233990013599396 1.6177979707717896 0.0 0.0 0.0 1.0
-0.9347969889640808 -0.1369989961385727 0.3276979923248291 3.426650047302246 -0.35486599802970886 0.3992210030555725 -0.845395028591156 6.584729194641113 -0.015004999935626984 -0.9065619707107544 -0.4218069911003113 1.6175730228424072 0.0 0.0 0.0 1.0
-0.9335989952087402 -0.1377680003643036 0.3307749927043915 3.4140520095825195 -0.3579609990119934 0.3998570144176483 -0.8437880277633667 6.576947212219238 -0.016016000881791115 -0.9061650037765503 -0.4226219952106476 1.6175600290298462 0.0 0.0 0.0 1.0
-0.9325940012931824 -0.13965000212192535 0.3328160047531128 3.4009130001068115 -0.3605870008468628 0.400519996881485 -0.8423550128936768 6.569355010986328 -0.015665000304579735 -0.9055839776992798 -0.423878014087677 1.6181069612503052 0.0 0.0 0.0 1.0
-0.9324569702148438 -0.140066996216774 0.3330239951610565 3.390470027923584 -0.36094799637794495 0.4007270038127899 -0.842100977897644 6.561247825622559 -0.015500999987125397 -0.9054279923439026 -0.42421698570251465 1.6190099716186523 0.0 0.0 0.0 1.0
-0.9327960014343262 -0.14071699976921082 0.3317979872226715 3.380031108856201 -0.36011800169944763 0.40059399604797363 -0.842519998550415 6.552495956420898 -0.014359000138938427 -0.9053859710693359 -0.42434701323509216 1.6210219860076904 0.0 0.0 0.0 1.0
-0.9326480031013489 -0.14061500132083893 0.33225899934768677 3.3673040866851807 -0.36052900552749634 0.39819198846817017 -0.8434820175170898 6.543732166290283 -0.013697000220417976 -0.9064599871635437 -0.4220690131187439 1.6202900409698486 0.0 0.0 0.0 1.0
-0.933230996131897 -0.1392820030450821 0.33118000626564026 3.3589279651641846 -0.35901400446891785 0.3967599868774414 -0.844802975654602 6.538488864898682 -0.013732999563217163 -0.907293975353241 -0.42027199268341064 1.6168819665908813 0.0 0.0 0.0 1.0
-0.9326930046081543 -0.14007200300693512 0.33236101269721985 3.3474600315093994 -0.36038100719451904 0.39888298511505127 -0.843218982219696 6.529922008514404 -0.014461999759078026 -0.9062409996986389 -0.42251500487327576 1.6164499521255493 0.0 0.0 0.0 1.0
-0.9328240156173706 -0.13827000558376312 0.3327470123767853 3.3373239040374756 -0.3599250018596649 0.4014280140399933 -0.8422060012817383 6.51947021484375 -0.017122000455856323 -0.9053930044174194 -0.4242280125617981 1.6171740293502808 0.0 0.0 0.0 1.0
-0.9331949949264526 -0.1352660059928894 0.33294299244880676 3.326616048812866 -0.358801007270813 0.4028890132904053 -0.8419880270957947 6.50999116897583 -0.020246999338269234 -0.9051979780197144 -0.4245069921016693 1.6184799671173096 0.0 0.0 0.0 1.0
-0.9337080121040344 -0.1317099928855896 0.3329299986362457 3.315871000289917 -0.3573170006275177 0.4016909897327423 -0.8431900143623352 6.4988908767700195 -0.022678999230265617 -0.9062550067901611 -0.4221239984035492 1.6184170246124268 0.0 0.0 0.0 1.0
-0.9342780113220215 -0.1276959925889969 0.3328950107097626 3.3030660152435303 -0.35562101006507874 0.4009760022163391 -0.8442469835281372 6.488405227661133 -0.025676000863313675 -0.9071450233459473 -0.4200339913368225 1.6176929473876953 0.0 0.0 0.0 1.0
-0.9348350167274475 -0.12429600208997726 0.33261799812316895 3.2932889461517334 -0.3539600074291229 0.40067699551582336 -0.8450859785079956 6.477687835693359 -0.028232000768184662 -0.9077489972114563 -0.41856300830841064 1.6171109676361084 0.0 0.0 0.0 1.0
-0.9351699948310852 -0.12027599662542343 0.3331550061702728 3.284034013748169 -0.3528060019016266 0.39971500635147095 -0.8460239768028259 6.468527793884277 -0.03141099959611893 -0.9087139964103699 -0.4162349998950958 1.615393042564392 0.0 0.0 0.0 1.0
-0.9350550174713135 -0.11937499791383743 0.3338010013103485 3.2744059562683105 -0.3530130088329315 0.39980700612068176 -0.8458939790725708 6.456967830657959 -0.0324769988656044 -0.9087929725646973 -0.4159820079803467 1.6144499778747559 0.0 0.0 0.0 1.0
-0.9348229765892029 -0.11868300288915634 0.3346959948539734 3.2651560306549072 -0.3535049855709076 0.4006749987602234 -0.8452780246734619 6.442866802215576 -0.03378399834036827 -0.9085010290145874 -0.4165149927139282 1.6146140098571777 0.0 0.0 0.0 1.0
-0.9348310232162476 -0.11652299761772156 0.33542999625205994 3.2558159828186035 -0.35328999161720276 0.40028300881385803 -0.8455529808998108 6.431896209716797 -0.03574100136756897 -0.9089530110359192 -0.41536399722099304 1.6143120527267456 0.0 0.0 0.0 1.0
-0.9344519972801208 -0.11415500193834305 0.3372940123081207 3.245924949645996 -0.3540309965610504 0.3995169997215271 -0.8456060290336609 6.417294979095459 -0.038224998861551285 -0.909591019153595 -0.4137440025806427 1.61661696434021 0.0 0.0 0.0 1.0
-0.9343770146369934 -0.11160100251436234 0.33835598826408386 3.236253023147583 -0.35410600900650024 0.3957670032978058 -0.8473349809646606 6.402437210083008 -0.03934599831700325 -0.9115449786186218 -0.40931499004364014 1.6169500350952148 0.0 0.0 0.0 1.0
-0.9351500272750854 -0.10990899801254272 0.33677199482917786 3.2281839847564697 -0.3521740138530731 0.3912639915943146 -0.8502269983291626 6.389951229095459 -0.038318999111652374 -0.9136919975280762 -0.4045970141887665 1.6158180236816406 0.0 0.0 0.0 1.0
-0.935122013092041 -0.11196999996900558 0.3361690044403076 3.2186119556427 -0.35254499316215515 0.3890329897403717 -0.8510969877243042 6.373202800750732 -0.03548400104045868 -0.9143940210342407 -0.4032680094242096 1.617171049118042 0.0 0.0 0.0 1.0
-0.9353280067443848 -0.1147719994187355 0.334646999835968 3.209942102432251 -0.3523859977722168 0.3861820101737976 -0.8524600267410278 6.356934070587158 -0.03139600157737732 -0.9152539968490601 -0.401650995016098 1.6198890209197998 0.0 0.0 0.0 1.0
-0.9355980157852173 -0.11617200076580048 0.333407998085022 3.203188896179199 -0.3519569933414459 0.3817099928855896 -0.8546479940414429 6.344313144683838 -0.02797899954020977 -0.9169530272483826 -0.39801400899887085 1.6182520389556885 0.0 0.0 0.0 1.0
-0.935096025466919 -0.11817199736833572 0.3341119885444641 3.1938021183013916 -0.3533560037612915 0.3830319941043854 -0.8534790277481079 6.329275131225586 -0.027117999270558357 -0.9161450266838074 -0.3999280035495758 1.6174169778823853 0.0 0.0 0.0 1.0
-0.9346179962158203 -0.12386199831962585 0.33338698744773865 3.1874310970306396 -0.35488200187683105 0.3864609897136688 -0.8512970209121704 6.313257217407227 -0.02339800074696541 -0.9139509797096252 -0.40514999628067017 1.6205979585647583 0.0 0.0 0.0 1.0
-0.9342060089111328 -0.13017000257968903 0.33213698863983154 3.1789169311523438 -0.35631200671195984 0.38579100370407104 -0.8510040044784546 6.29691219329834 -0.017361000180244446 -0.9133570194244385 -0.40678900480270386 1.6268260478973389 0.0 0.0 0.0 1.0
-0.9344210028648376 -0.13126499950885773 0.3310999870300293 3.171778917312622 -0.3559660017490387 0.375667005777359 -0.8556650280952454 6.2861809730529785 -0.01206399966031313 -0.9174110293388367 -0.39775699377059937 1.6272989511489868 0.0 0.0 0.0 1.0
-0.9350429773330688 -0.12696599960327148 0.33101901412010193 3.1643800735473633 -0.3543049991130829 0.3681989908218384 -0.8595920205116272 6.272648811340332 -0.012741999700665474 -0.9210370182991028 -0.3892660140991211 1.6275039911270142 0.0 0.0 0.0 1.0
-0.9345250129699707 -0.1206820011138916 0.3348119854927063 3.1562399864196777 -0.35539698600769043 0.3662950098514557 -0.8599539995193481 6.262834072113037 -0.018859000876545906 -0.9226400256156921 -0.38520199060440063 1.6257630586624146 0.0 0.0 0.0 1.0
-0.933696985244751 -0.1179099977016449 0.33809399604797363 3.150679111480713 -0.3572629988193512 0.3699119985103607 -0.8576290011405945 6.251458168029785 -0.023941999301314354 -0.9215540289878845 -0.3875109851360321 1.6280479431152344 0.0 0.0 0.0 1.0
-0.9322779774665833 -0.11840199679136276 0.3418160080909729 3.141585111618042 -0.3607940077781677 0.3726870119571686 -0.8549460172653198 6.237236022949219 -0.026163000613451004 -0.9203720092773438 -0.3901669979095459 1.6328890323638916 0.0 0.0 0.0 1.0
-0.93197101354599 -0.11898200213909149 0.3424510061740875 3.1321558952331543 -0.3616749942302704 0.37008199095726013 -0.8557050228118896 6.224589824676514 -0.024922000244259834 -0.921347975730896 -0.3879390060901642 1.6343859434127808 0.0 0.0 0.0 1.0
-0.9328979849815369 -0.11965300142765045 0.33968400955200195 3.125775098800659 -0.3594509959220886 0.3677079975605011 -0.8576629757881165 6.214609146118164 -0.02228200063109398 -0.9222109913825989 -0.3860439956188202 1.6348249912261963 0.0 0.0 0.0 1.0
-0.9337570071220398 -0.12118600308895111 0.33676499128341675 3.1191248893737793 -0.357356995344162 0.36777999997138977 -0.858506977558136 6.203124046325684 -0.01981700025498867 -0.921983003616333 -0.38672399520874023 1.6360340118408203 0.0 0.0 0.0 1.0
-0.9336370229721069 -0.12165799736976624 0.3369300067424774 3.1109519004821777 -0.3576680123806 0.3688330054283142 -0.8579260110855103 6.192045211791992 -0.019897999241948128 -0.921500027179718 -0.3878690004348755 1.6362700462341309 0.0 0.0 0.0 1.0
-0.9334989786148071 -0.12220799922943115 0.33711299300193787 3.104832887649536 -0.35800600051879883 0.37082400918006897 -0.8569250106811523 6.180700778961182 -0.02028599940240383 -0.9206269979476929 -0.38991498947143555 1.6378560066223145 0.0 0.0 0.0 1.0
-0.932470977306366 -0.12263499945402145 0.3397899866104126 3.096592903137207 -0.3607040047645569 0.36744099855422974 -0.857250988483429 6.171813011169434 -0.019724000245332718 -0.9219260215759277 -0.38686299324035645 1.633903980255127 0.0 0.0 0.0 1.0
-0.9322680234909058 -0.12349399924278259 0.340036004781723 3.090764045715332 -0.36125099658966064 0.36797499656677246 -0.8567919731140137 6.163039207458496 -0.01931600086390972 -0.9215980172157288 -0.38766399025917053 1.6324429512023926 0.0 0.0 0.0 1.0
-0.9314640164375305 -0.12443900108337402 0.34189099073410034 3.081334114074707 -0.36329999566078186 0.3689669966697693 -0.8554980158805847 6.151769161224365 -0.01968899928033352 -0.9210749864578247 -0.38888800144195557 1.6311830282211304 0.0 0.0 0.0 1.0
-0.9311779737472534 -0.12436600029468536 0.3426940143108368 3.0745770931243896 -0.36397799849510193 0.370386004447937 -0.8545960187911987 6.141918182373047 -0.020646000280976295 -0.9205150008201599 -0.39016199111938477 1.630748987197876 0.0 0.0 0.0 1.0
-0.9300240278244019 -0.12452699989080429 0.34575700759887695 3.0654170513153076 -0.36682599782943726 0.3714640140533447 -0.8529080152511597 6.12947416305542 -0.02222600020468235 -0.920058012008667 -0.3911510109901428 1.6295160055160522 0.0 0.0 0.0 1.0
-0.9283559918403625 -0.12501999735832214 0.35003501176834106 3.0579030513763428 -0.3708670139312744 0.3742679953575134 -0.8499299883842468 6.117520809173584 -0.024747999384999275 -0.9188550114631653 -0.39381998777389526 1.631311058998108 0.0 0.0 0.0 1.0
-0.9258249998092651 -0.1266240030527115 0.35611000657081604 3.0485689640045166 -0.3770869970321655 0.37319299578666687 -0.8476629853248596 6.106888771057129 -0.025564000010490417 -0.9190719723701477 -0.39326000213623047 1.633052945137024 0.0 0.0 0.0 1.0
-0.9236019849777222 -0.12774699926376343 0.3614400029182434 3.040863037109375 -0.3825089931488037 0.3695580065250397 -0.8468250036239624 6.096016883850098 -0.02539299987256527 -0.9203839898109436 -0.3901900053024292 1.6343740224838257 0.0 0.0 0.0 1.0
-0.9205150008201599 -0.13067099452018738 0.36820700764656067 3.0327820777893066 -0.39001500606536865 0.3633190095424652 -0.8461009860038757 6.085450172424316 -0.023214999586343765 -0.9224560260772705 -0.38540399074554443 1.6367299556732178 0.0 0.0 0.0 1.0
-0.9164040088653564 -0.1340329945087433 0.37714600563049316 3.023473024368286 -0.39976298809051514 0.3532179892063141 -0.8458290100097656 6.075563907623291 -0.019845999777317047 -0.9258900284767151 -0.37727200984954834 1.6350510120391846 0.0 0.0 0.0 1.0
-0.911674976348877 -0.13855500519275665 0.38684698939323425 3.012969970703125 -0.41056299209594727 0.34592801332473755 -0.8436660170555115 6.068936824798584 -0.016927000135183334 -0.9279739856719971 -0.3722600042819977 1.6281570196151733 0.0 0.0 0.0 1.0
-0.9063799977302551 -0.14673000574111938 0.3961640000343323 3.004776954650879 -0.42218101024627686 0.348906010389328 -0.8366770148277283 6.059006214141846 -0.015457999892532825 -0.925599992275238 -0.37818801403045654 1.625072956085205 0.0 0.0 0.0 1.0
-0.900268018245697 -0.1588979959487915 0.4053010046482086 2.9974329471588135 -0.43517398834228516 0.3539460003376007 -0.8278560042381287 6.045423984527588 -0.011909999884665012 -0.9216690063476562 -0.38779500126838684 1.6307259798049927 0.0 0.0 0.0 1.0
-0.8953390121459961 -0.15987500548362732 0.4157019853591919 2.9870989322662354 -0.44515201449394226 0.35142698884010315 -0.8236140012741089 6.035829067230225 -0.014413000084459782 -0.9224640130996704 -0.38581499457359314 1.6315250396728516 0.0 0.0 0.0 1.0
-0.8914920091629028 -0.158828005194664 0.4242829978466034 2.9803318977355957 -0.4526810050010681 0.3494119942188263 -0.8203610181808472 6.028658866882324 -0.017952999100089073 -0.9234099984169006 -0.3833959996700287 1.629554033279419 0.0 0.0 0.0 1.0
-0.8871849775314331 -0.1612119972705841 0.4323360025882721 2.9721779823303223 -0.46097201108932495 0.35072800517082214 -0.8151659965515137 6.019118785858154 -0.02021699957549572 -0.9224969744682312 -0.3854750096797943 1.6286200284957886 0.0 0.0 0.0 1.0
-0.883126974105835 -0.1662909984588623 0.4386729896068573 2.9653189182281494 -0.46869900822639465 0.3529970049858093 -0.8097620010375977 6.008019924163818 -0.020193999633193016 -0.9207280278205872 -0.38968199491500854 1.6286410093307495 0.0 0.0 0.0 1.0
-0.8794100284576416 -0.17184099555015564 0.4439699947834015 2.957813024520874 -0.4756770133972168 0.35484999418258667 -0.8048689961433411 5.998223781585693 -0.01923299953341484 -0.9189950227737427 -0.3937990069389343 1.6272070407867432 0.0 0.0 0.0 1.0
-0.8759649991989136 -0.17865799367427826 0.4480699896812439 2.9522719383239746 -0.4820359945297241 0.35902300477027893 -0.7992150187492371 5.989010810852051 -0.018081000074744225 -0.9160699844360352 -0.400611013174057 1.627750039100647 0.0 0.0 0.0 1.0
-0.8725829720497131 -0.18407300114631653 0.452455997467041 2.946613073348999 -0.4881339967250824 0.36274299025535583 -0.793815016746521 5.978466987609863 -0.018005000427365303 -0.9135289788246155 -0.4063760042190552 1.6303369998931885 0.0 0.0 0.0 1.0
-0.868914008140564 -0.188292995095253 0.45774999260902405 2.941459894180298 -0.4946590065956116 0.36277899146080017 -0.789749026298523 5.967788219451904 -0.017356999218463898 -0.9126539826393127 -0.4083639979362488 1.6325039863586426 0.0 0.0 0.0 1.0
-0.8657130002975464 -0.1899610012769699 0.46309399604797363 2.9358489513397217 -0.5002340078353882 0.36076900362968445 -0.7871549725532532 5.955860137939453 -0.017541000619530678 -0.9131050109863281 -0.4073469936847687 1.6352310180664062 0.0 0.0 0.0 1.0
-0.8627960085868835 -0.18999899923801422 0.46849000453948975 2.9310450553894043 -0.5052610039710999 0.3554919958114624 -0.7863439917564392 5.947070121765137 -0.017139999195933342 -0.9151639938354492 -0.4027160108089447 1.6348299980163574 0.0 0.0 0.0 1.0
-0.8599730134010315 -0.19154299795627594 0.47303101420402527 2.925374984741211 -0.5100679993629456 0.35286399722099304 -0.784421980381012 5.9365949630737305 -0.016666000708937645 -0.9158589839935303 -0.40115299820899963 1.6329649686813354 0.0 0.0 0.0 1.0
-0.8578169941902161 -0.19406400620937347 0.4759089946746826 2.9208250045776367 -0.5136770009994507 0.3541859984397888 -0.781466007232666 5.927412986755371 -0.016906000673770905 -0.9148179888725281 -0.40351301431655884 1.632343053817749 0.0 0.0 0.0 1.0
-0.8561800122261047 -0.19772200286388397 0.4773479998111725 2.9170119762420654 -0.5164200067520142 0.3566260039806366 -0.7785429954528809 5.916849136352539 -0.01629900000989437 -0.9130849838256836 -0.4074440002441406 1.6340440511703491 0.0 0.0 0.0 1.0
-0.8548200130462646 -0.19977399706840515 0.4789299964904785 2.9114699363708496 -0.5186840295791626 0.35708698630332947 -0.7768239974975586 5.904122829437256 -0.015830999240279198 -0.9124580025672913 -0.4088650047779083 1.636476993560791 0.0 0.0 0.0 1.0
-0.8548409938812256 -0.1975100040435791 0.4798299968242645 2.907322883605957 -0.518625020980835 0.35476699471473694 -0.7779260277748108 5.894420146942139 -0.016580000519752502 -0.9138550162315369 -0.40570300817489624 1.6362320184707642 0.0 0.0 0.0 1.0
-0.854407012462616 -0.1947070062160492 0.4817439913749695 2.9016149044036865 -0.5192700028419495 0.3532150089740753 -0.7782019972801208 5.883583068847656 -0.018637999892234802 -0.9150559902191162 -0.4028950035572052 1.6331859827041626 0.0 0.0 0.0 1.0
-0.8535130023956299 -0.19609899818897247 0.48276299238204956 2.896778106689453 -0.5206900238990784 0.3563759922981262 -0.7758079767227173 5.870782852172852 -0.019910000264644623 -0.9135329723358154 -0.40627801418304443 1.6322970390319824 0.0 0.0 0.0 1.0
-0.8549500107765198 -0.19647599756717682 0.4800589978694916 2.899522066116333 -0.5182759761810303 0.361395001411438 -0.7751020193099976 5.866412162780762 -0.021201999858021736 -0.9114770293235779 -0.41080400347709656 1.6327990293502808 0.0 0.0 0.0 1.0
-0.8549370169639587 -0.1985670030117035 0.47922199964523315 2.8950629234313965 -0.5183489918708801 0.3625139892101288 -0.7745310068130493 5.85226583480835 -0.01992800086736679 -0.9105790257453918 -0.41285398602485657 1.6341300010681152 0.0 0.0 0.0 1.0
-0.8565030097961426 -0.19774800539016724 0.4767580032348633 2.891824960708618 -0.5157740116119385 0.36278000473976135 -0.7761240005493164 5.842726230621338 -0.019480999559164047 -0.9106519818305969 -0.41271498799324036 1.6337770223617554 0.0 0.0 0.0 1.0
-0.8570290207862854 -0.19850100576877594 0.4754979908466339 2.8863449096679688 -0.5149319767951965 0.3632560074329376 -0.7764599919319153 5.828044891357422 -0.018598999828100204 -0.9102979898452759 -0.413536012172699 1.633236050605774 0.0 0.0 0.0 1.0
-0.8582180142402649 -0.1996150016784668 0.4728800058364868 2.8806049823760986 -0.5129889845848083 0.364890992641449 -0.7769799828529358 5.812909126281738 -0.017451999709010124 -0.9093999862670898 -0.41555601358413696 1.6339789628982544 0.0 0.0 0.0 1.0
-0.8603839874267578 -0.19851599633693695 0.4693939983844757 2.8769359588623047 -0.5093539953231812 0.36614400148391724 -0.7787799835205078 5.79807186126709 -0.01726599968969822 -0.9091370105743408 -0.41613900661468506 1.6340359449386597 0.0 0.0 0.0 1.0
-0.8612959980964661 -0.19822700321674347 0.4678409993648529 2.870316982269287 -0.5077959895133972 0.367823988199234 -0.7790049910545349 5.781599044799805 -0.017663000151515007 -0.9085220098495483 -0.4174639880657196 1.6347479820251465 0.0 0.0 0.0 1.0
-0.8627579808235168 -0.198293998837471 0.46511098742485046 2.8662619590759277 -0.5053060054779053 0.370404988527298 -0.7794010043144226 5.765944004058838 -0.01772800087928772 -0.9074580073356628 -0.4197689890861511 1.636023998260498 0.0 0.0 0.0 1.0
-0.8645210266113281 -0.19876599311828613 0.4616219997406006 2.863830089569092 -0.5023189783096313 0.37222999334335327 -0.7804629802703857 5.750730037689209 -0.016699999570846558 -0.906607985496521 -0.421644002199173 1.6371870040893555 0.0 0.0 0.0 1.0
-0.8657439947128296 -0.2013850063085556 0.4581820070743561 2.859400987625122 -0.5002999901771545 0.37321901321411133 -0.7812860012054443 5.7325358390808105 -0.013663000427186489 -0.9056220054626465 -0.4238649904727936 1.6396980285644531 0.0 0.0 0.0 1.0
-0.8685529828071594 -0.20023800432682037 0.4533439874649048 2.8664169311523438 -0.49545198678970337 0.37295401096343994 -0.7844949960708618 5.725521087646484 -0.011990999802947044 -0.9059849977493286 -0.4231390058994293 1.6390819549560547 0.0 0.0 0.0 1.0
-0.8692629933357239 -0.20080800354480743 0.4517270028591156 2.8648080825805664 -0.49422699213027954 0.3733380138874054 -0.7850850224494934 5.710431098937988 -0.010995999909937382 -0.9057009816169739 -0.42377400398254395 1.6410579681396484 0.0 0.0 0.0 1.0
-0.8690339922904968 -0.20249399542808533 0.4514150023460388 2.8617169857025146 -0.4946660101413727 0.3725920021533966 -0.7851629853248596 5.695249080657959 -0.009202999994158745 -0.9056329727172852 -0.4239630103111267 1.6424399614334106 0.0 0.0 0.0 1.0
-0.8682219982147217 -0.20647400617599487 0.4511759877204895 2.8583381175994873 -0.4961389899253845 0.37241798639297485 -0.7843149900436401 5.6785569190979 -0.006085999775677919 -0.9048060178756714 -0.4257810115814209 1.644031047821045 0.0 0.0 0.0 1.0
-0.8677269816398621 -0.21078400313854218 0.4501340091228485 2.855238914489746 -0.4970319867134094 0.3736259937286377 -0.783174991607666 5.663312911987305 -0.0031010000966489315 -0.9033129811286926 -0.4289720058441162 1.6461399793624878 0.0 0.0 0.0 1.0
-0.8677849769592285 -0.2140360027551651 0.44848498702049255 2.8528759479522705 -0.4969399869441986 0.3746219873428345 -0.7827569842338562 5.647709846496582 -0.00047400000039488077 -0.9021350145339966 -0.43145400285720825 1.649865984916687 0.0 0.0 0.0 1.0
-0.8682330250740051 -0.21434800326824188 0.4474659860134125 2.850308895111084 -0.4961560070514679 0.3739660084247589 -0.7835680246353149 5.632256984710693 0.0006189999985508621 -0.9023330211639404 -0.4310399889945984 1.6538209915161133 0.0 0.0 0.0 1.0
-0.8688690066337585 -0.21115200221538544 0.4477519989013672 2.848273992538452 -0.49504101276397705 0.37201300263404846 -0.7852010130882263 5.619009971618652 -0.0007730000070296228 -0.9038919806480408 -0.4277600049972534 1.6555969715118408 0.0 0.0 0.0 1.0
-0.8686379790306091 -0.2111790031194687 0.448186993598938 2.846000909805298 -0.4954479932785034 0.37092700600624084 -0.7854580283164978 5.60414981842041 -0.00037200000951997936 -0.9043319821357727 -0.4268290102481842 1.6594059467315674 0.0 0.0 0.0 1.0
-0.8684539794921875 -0.2090030014514923 0.4495609998703003 2.8431060314178467 -0.4957680106163025 0.3681899905204773 -0.7865430116653442 5.59182596206665 -0.0011340000201016665 -0.9059550166130066 -0.4233730137348175 1.6616430282592773 0.0 0.0 0.0 1.0
-0.8693000078201294 -0.20552900433540344 0.4495280086994171 2.8438029289245605 -0.4942820072174072 0.36450400948524475 -0.7891910076141357 5.582456111907959 -0.0016530000139027834 -0.9082369804382324 -0.41845300793647766 1.6605149507522583 0.0 0.0 0.0 1.0
-0.8694790005683899 -0.20455799996852875 0.4496240019798279 2.8407630920410156 -0.49396398663520813 0.3642849922180176 -0.7894909977912903 5.569693088531494 -0.0022950000129640102 -0.9085440039634705 -0.4177820086479187 1.6617200374603271 0.0 0.0 0.0 1.0
-0.8695229887962341 -0.204693004488945 0.44947800040245056 2.836855888366699 -0.4938879907131195 0.3643989861011505 -0.7894859910011292 5.559408187866211 -0.0021860001143068075 -0.9084680080413818 -0.41794800758361816 1.6607069969177246 0.0 0.0 0.0 1.0
-0.8703449964523315 -0.2050749957561493 0.44770899415016174 2.8340039253234863 -0.49243101477622986 0.36847400665283203 -0.7885040044784546 5.548076152801514 -0.003266999963670969 -0.9067370295524597 -0.42168501019477844 1.661538004875183 0.0 0.0 0.0 1.0
-0.8706740140914917 -0.20691099762916565 0.4462229907512665 2.830724000930786 -0.4918450117111206 0.3733679950237274 -0.7865650057792664 5.535912036895752 -0.003857000032439828 -0.9043139815330505 -0.42684999108314514 1.6653029918670654 0.0 0.0 0.0 1.0
-0.8713160157203674 -0.2067209929227829 0.4450550079345703 2.8262898921966553 -0.4907039999961853 0.374769002199173 -0.7866119742393494 5.524169921875 -0.004184000194072723 -0.9037780165672302 -0.42798200249671936 1.6676280498504639 0.0 0.0 0.0 1.0
-0.871849000453949 -0.2054090052843094 0.44461798667907715 2.8225901126861572 -0.4897499978542328 0.37458398938179016 -0.7872939705848694 5.512773036956787 -0.00482999999076128 -0.9041540026664734 -0.4271799921989441 1.6694430112838745 0.0 0.0 0.0 1.0
-0.8726009726524353 -0.2020229995250702 0.44469401240348816 2.818808078765869 -0.4883759915828705 0.3748059868812561 -0.7880420088768005 5.50338077545166 -0.0074709998443722725 -0.9048240184783936 -0.4257189929485321 1.6703230142593384 0.0 0.0 0.0 1.0
-0.8732219934463501 -0.19953300058841705 0.444599986076355 2.815093994140625 -0.48722100257873535 0.37606900930404663 -0.7881550192832947 5.493480205535889 -0.009937000460922718 -0.9048529863357544 -0.4256080090999603 1.6706420183181763 0.0 0.0 0.0 1.0
-0.8722580075263977 -0.19850000739097595 0.4469499886035919 2.8041529655456543 -0.48883798718452454 0.38055700063705444 -0.7849929928779602 5.468046188354492 -0.014267999678850174 -0.9032019972801208 -0.42897799611091614 1.6736459732055664 0.0 0.0 0.0 1.0
-0.871429979801178 -0.1970990002155304 0.4491789937019348 2.7985730171203613 -0.4902459979057312 0.3805690109729767 -0.7841089963912964 5.45591402053833 -0.016395999118685722 -0.9035040140151978 -0.4282659888267517 1.6718790531158447 0.0 0.0 0.0 1.0
-0.8714979887008667 -0.19633300602436066 0.4493829905986786 2.7952780723571777 -0.49004900455474854 0.3833169937133789 -0.7828930020332336 5.444985866546631 -0.01854800060391426 -0.902508020401001 -0.43027299642562866 1.6726570129394531 0.0 0.0 0.0 1.0
-0.8710139989852905 -0.1956530064344406 0.4506149888038635 2.7879719734191895 -0.4908190071582794 0.38533899188041687 -0.7814159989356995 5.432000160217285 -0.020752999931573868 -0.9017950296401978 -0.43166598677635193 1.6741210222244263 0.0 0.0 0.0 1.0
-0.8699640035629272 -0.1954669952392578 0.4527199864387512 2.7804529666900635 -0.49260300397872925 0.38631099462509155 -0.7798119783401489 5.417449951171875 -0.0224629994481802 -0.9014189839363098 -0.43236398696899414 1.6762640476226807 0.0 0.0 0.0 1.0
-0.8690879940986633 -0.19446100294589996 0.45483100414276123 2.775628089904785 -0.4940989911556244 0.38496699929237366 -0.7795299887657166 5.405404090881348 -0.023507000878453255 -0.9022110104560852 -0.43065300583839417 1.6790130138397217 0.0 0.0 0.0 1.0
-0.86667400598526 -0.19405099749565125 0.4595870077610016 2.7678260803222656 -0.4983290135860443 0.37983301281929016 -0.7793560028076172 5.392618179321289 -0.02333099953830242 -0.9044730067253113 -0.4258919954299927 1.6807069778442383 0.0 0.0 0.0 1.0
-0.8636869788169861 -0.19514699280261993 0.46471700072288513 2.7584710121154785 -0.5035619735717773 0.37374499440193176 -0.7789350152015686 5.380167007446289 -0.021679000928997993 -0.9067699909210205 -0.421068012714386 1.6811879873275757 0.0 0.0 0.0 1.0
-0.8603649735450745 -0.19960300624370575 0.4689669907093048 2.7504570484161377 -0.5093889832496643 0.36777999997138977 -0.7779849767684937 5.368095874786377 -0.017187999561429024 -0.9082379937171936 -0.4181010127067566 1.681589961051941 0.0 0.0 0.0 1.0
-0.8564720153808594 -0.20516100525856018 0.4736720025539398 2.741650104522705 -0.5160350203514099 0.36305299401283264 -0.7758219838142395 5.354176044464111 -0.01279900036752224 -0.9089009761810303 -0.41681501269340515 1.6836119890213013 0.0 0.0 0.0 1.0
-0.8533830046653748 -0.21029900014400482 0.4769819974899292 2.7348170280456543 -0.5212339758872986 0.3570300042629242 -0.7751420140266418 5.344381809234619 -0.007284999825060368 -0.9101120233535767 -0.41429799795150757 1.6824049949645996 0.0 0.0 0.0 1.0
-0.8479629755020142 -0.2155269980430603 0.4842590093612671 2.725799083709717 -0.530023992061615 0.35471901297569275 -0.770226001739502 5.333946228027344 -0.005772000178694725 -0.9097930192947388 -0.41502299904823303 1.6784299612045288 0.0 0.0 0.0 1.0
-0.8443710207939148 -0.22269199788570404 0.48728400468826294 2.7218940258026123 -0.5357300043106079 0.36032700538635254 -0.7636479735374451 5.32283878326416 -0.0055240001529455185 -0.9058550000190735 -0.4235529899597168 1.6773589849472046 0.0 0.0 0.0 1.0
-0.8397700190544128 -0.2310349941253662 0.4913350045681 2.7130329608917236 -0.5429099798202515 0.3672870099544525 -0.7552149891853333 5.308019161224365 -0.005979999899864197 -0.9009569883346558 -0.4338679909706116 1.6843680143356323 0.0 0.0 0.0 1.0
-0.8355950117111206 -0.2344529926776886 0.4968020021915436 2.7062559127807617 -0.5493209958076477 0.36512500047683716 -0.7516189813613892 5.294661045074463 -0.0051750000566244125 -0.9009529948234558 -0.4338870048522949 1.6882209777832031 0.0 0.0 0.0 1.0
-0.8309270143508911 -0.23690199851989746 0.5034260153770447 2.6959850788116455 -0.5563660264015198 0.36051300168037415 -0.7486569881439209 5.284462928771973 -0.004133999813348055 -0.9021689891815186 -0.4313639998435974 1.6874099969863892 0.0 0.0 0.0 1.0
-0.8262249827384949 -0.24244000017642975 0.5085030198097229 2.68697190284729 -0.5633370280265808 0.3588489890098572 -0.7442299723625183 5.276029109954834 -0.002044999971985817 -0.9013599753379822 -0.4330660104751587 1.6852730512619019 0.0 0.0 0.0 1.0
-0.8210240006446838 -0.25232699513435364 0.5121039748191833 2.679258108139038 -0.5708919763565063 0.3606269955635071 -0.7375850081443787 5.263954162597656 0.0014349999837577343 -0.8979309797286987 -0.44013500213623047 1.688452959060669 0.0 0.0 0.0 1.0
-0.8165199756622314 -0.2604300081729889 0.5152390003204346 2.6713850498199463 -0.5772950053215027 0.36048299074172974 -0.7326539754867554 5.250307083129883 0.00506999995559454 -0.8956720232963562 -0.44468700885772705 1.6940239667892456 0.0 0.0 0.0 1.0
-0.8132399916648865 -0.2637979984283447 0.5187010169029236 2.665278911590576 -0.5818629860877991 0.35533300042152405 -0.7315549850463867 5.240204811096191 0.00867099966853857 -0.8967440128326416 -0.44246599078178406 1.6968129873275757 0.0 0.0 0.0 1.0
-0.8101450204849243 -0.26439398527145386 0.5232210159301758 2.6574809551239014 -0.5861350297927856 0.3493430018424988 -0.7310299873352051 5.230285167694092 0.010495999827980995 -0.8989189863204956 -0.4379889965057373 1.6985989809036255 0.0 0.0 0.0 1.0
-0.8040969967842102 -0.26339998841285706 0.5329610109329224 2.6375370025634766 -0.5944340229034424 0.34316301345825195 -0.7272459864616394 5.217545032501221 0.00866399984806776 -0.9015870094299316 -0.43250998854637146 1.6968200206756592 0.0 0.0 0.0 1.0
-0.8030800223350525 -0.26180899143218994 0.535273015499115 2.6324760913848877 -0.5958309769630432 0.34249499440193176 -0.7264170050621033 5.208664894104004 0.00685400003567338 -0.9023039937019348 -0.4310460090637207 1.696362018585205 0.0 0.0 0.0 1.0
-0.8016899824142456 -0.26194098591804504 0.5372899770736694 2.623505115509033 -0.5977209806442261 0.3440670073032379 -0.7241179943084717 5.195374011993408 0.004811999853700399 -0.9016680121421814 -0.43240299820899963 1.6983890533447266 0.0 0.0 0.0 1.0
-0.8014630079269409 -0.26039600372314453 0.5383780002593994 2.615912914276123 -0.5980380177497864 0.34495899081230164 -0.7234309911727905 5.184290885925293 0.00266100000590086 -0.901773989200592 -0.43220001459121704 1.7007149457931519 0.0 0.0 0.0 1.0
-0.8038600087165833 -0.25545600056648254 0.5371699929237366 2.6133480072021484 -0.5948190093040466 0.3448379933834076 -0.7261390089988708 5.174417972564697 0.00026000000070780516 -0.903232991695404 -0.4291509985923767 1.7028930187225342 0.0 0.0 0.0 1.0
-0.805351972579956 -0.2492630034685135 0.5378429889678955 2.6062660217285156 -0.5927919745445251 0.34206700325012207 -0.7290999889373779 5.164559841156006 -0.002240000059828162 -0.9060119986534119 -0.42324599623680115 1.7020020484924316 0.0 0.0 0.0 1.0
-0.8071780204772949 -0.24307100474834442 0.5379400253295898 2.59818696975708 -0.590283989906311 0.340503990650177 -0.7318620085716248 5.155770778656006 -0.005276999901980162 -0.9082800149917603 -0.41832900047302246 1.6972819566726685 0.0 0.0 0.0 1.0
-0.8090860247612 -0.24127699434757233 0.535876989364624 2.59037709236145 -0.5876299738883972 0.345102995634079 -0.7318429946899414 5.146242141723633 -0.008356000296771526 -0.9070219993591309 -0.42100000381469727 1.6930190324783325 0.0 0.0 0.0 1.0
-0.8119540214538574 -0.24393600225448608 0.5303059816360474 2.5869860649108887 -0.5836489796638489 0.35356199741363525 -0.730991005897522 5.135115146636963 -0.009181000292301178 -0.9030439853668213 -0.4294489920139313 1.6932920217514038 0.0 0.0 0.0 1.0
-0.8145599961280823 -0.2435470074415207 0.5264750123023987 2.579482078552246 -0.5799729824066162 0.35926398634910583 -0.7311369776725769 5.122343063354492 -0.011076999828219414 -0.9008960127830505 -0.43389299511909485 1.6940590143203735 0.0 0.0 0.0 1.0
-0.8169810175895691 -0.24167799949645996 0.5235779881477356 2.5731630325317383 -0.5765230059623718 0.3624410033226013 -0.7322959899902344 5.105113983154297 -0.012786000035703182 -0.9001269936561584 -0.4354409873485565 1.6937990188598633 0.0 0.0 0.0 1.0
-0.8213809728622437 -0.24045999348163605 0.5172169804573059 2.572119951248169 -0.5702530145645142 0.3653950095176697 -0.735729992389679 5.096436977386475 -0.012075000442564487 -0.899258017539978 -0.4372510015964508 1.6943310499191284 0.0 0.0 0.0 1.0
-0.8244360089302063 -0.23839600384235382 0.5132970213890076 2.564894914627075 -0.5658159852027893 0.3673990070819855 -0.7381539940834045 5.084216117858887 -0.01261099986732006 -0.8989909887313843 -0.43778499960899353 1.6927039623260498 0.0 0.0 0.0 1.0
-0.8290179967880249 -0.2383500039577484 0.5058839917182922 2.562237024307251 -0.5591229796409607 0.3703480064868927 -0.7417709827423096 5.074717044830322 -0.010552000254392624 -0.8977929949760437 -0.44029200077056885 1.6921720504760742 0.0 0.0 0.0 1.0
-0.8336859941482544 -0.23773500323295593 0.4984480142593384 2.5580899715423584 -0.5521780252456665 0.3722819983959198 -0.745993971824646 5.062753200531006 -0.008214999921619892 -0.8971560001373291 -0.4416379928588867 1.693763017654419 0.0 0.0 0.0 1.0
-0.83856600522995 -0.23567800223827362 0.4911859929561615 2.555521011352539 -0.5447819828987122 0.37014099955558777 -0.7524679899215698 5.051868915557861 -0.004466999787837267 -0.8985829949378967 -0.4387809932231903 1.6962130069732666 0.0 0.0 0.0 1.0
-0.8454930186271667 -0.22563500702381134 0.48397400975227356 2.5512630939483643 -0.5339599847793579 0.3663100004196167 -0.7620400190353394 5.047828197479248 -0.005342000164091587 -0.9027220010757446 -0.4301919937133789 1.6907559633255005 0.0 0.0 0.0 1.0
-0.8507900238037109 -0.22157099843025208 0.47651100158691406 2.5431180000305176 -0.5254660248756409 0.3698509931564331 -0.7662220001220703 5.036736011505127 -0.0064650001004338264 -0.9022849798202515 -0.4310930073261261 1.687790036201477 0.0 0.0 0.0 1.0
-0.8572289943695068 -0.22035600244998932 0.4654040038585663 2.541368007659912 -0.5149070024490356 0.3762330114841461 -0.770272970199585 5.027411937713623 -0.005365999881178141 -0.899940013885498 -0.43598100543022156 1.6893960237503052 0.0 0.0 0.0 1.0
-0.8647310137748718 -0.2145729959011078 0.45409101247787476 2.537307024002075 -0.5021939873695374 0.3810330033302307 -0.7762830257415771 5.016125202178955 -0.006453999783843756 -0.8993179798126221 -0.43724799156188965 1.691159963607788 0.0 0.0 0.0 1.0
-0.8709570169448853 -0.2052599936723709 0.44643300771713257 2.5302538871765137 -0.49126601219177246 0.3814559876918793 -0.7830389738082886 5.004848003387451 -0.009568000212311745 -0.9013100266456604 -0.43306800723075867 1.6876989603042603 0.0 0.0 0.0 1.0
-0.8771430253982544 -0.19682399928569794 0.43804100155830383 2.5273311138153076 -0.4800559878349304 0.38388898968696594 -0.788782000541687 5.001112937927246 -0.012907999567687511 -0.9021580219268799 -0.43121200799942017 1.684851050376892 0.0 0.0 0.0 1.0
-0.8817489743232727 -0.19089999794960022 0.4313650131225586 2.5232510566711426 -0.471437007188797 0.38824599981307983 -0.791841983795166 4.994855880737305 -0.01631299965083599 -0.9015669822692871 -0.43233299255371094 1.6829420328140259 0.0 0.0 0.0 1.0
-0.8846610188484192 -0.18864600360393524 0.42636600136756897 2.5184199810028076 -0.46591100096702576 0.3918069899082184 -0.7933570146560669 4.989410877227783 -0.017388999462127686 -0.9004999995231628 -0.4345090091228485 1.6806819438934326 0.0 0.0 0.0 1.0
-0.8859390020370483 -0.18949399888515472 0.4233259856700897 2.509265899658203 -0.4634760022163391 0.3959310054779053 -0.7927349805831909 4.981746196746826 -0.017388999462127686 -0.8985159993171692 -0.4385960102081299 1.6805299520492554 0.0 0.0 0.0 1.0
-0.8891429901123047 -0.18650999665260315 0.4178979992866516 2.5053369998931885 -0.45723098516464233 0.4001710116863251 -0.7942309975624084 4.975461006164551 -0.019099000841379166 -0.8972610235214233 -0.441087007522583 1.680987000465393 0.0 0.0 0.0 1.0
-0.8893460035324097 -0.18361200392246246 0.41874799132347107 2.4947140216827393 -0.45670101046562195 0.4009380042552948 -0.7941499948501587 4.969541072845459 -0.02207699976861477 -0.8975160121917725 -0.4404279887676239 1.6804629564285278 0.0 0.0 0.0 1.0
-0.8917649984359741 -0.1776289939880371 0.41617700457572937 2.491096019744873 -0.4517819881439209 0.40126699209213257 -0.7967929840087891 4.967442989349365 -0.025465000420808792 -0.8985729813575745 -0.43808498978614807 1.6792149543762207 0.0 0.0 0.0 1.0
-0.8917819857597351 -0.17433500289916992 0.4175319969654083 2.482142925262451 -0.45158201456069946 0.40057799220085144 -0.7972519993782043 4.9628400802612305 -0.028264999389648438 -0.899524986743927 -0.4359540045261383 1.6775850057601929 0.0 0.0 0.0 1.0
-0.8916879892349243 -0.17229199409484863 0.41857799887657166 2.474648952484131 -0.4516420066356659 0.40031400322914124 -0.7973510026931763 4.960780143737793 -0.030184999108314514 -0.9000359773635864 -0.43476998805999756 1.6760900020599365 0.0 0.0 0.0 1.0
-0.890038013458252 -0.17168499529361725 0.422324001789093 2.4647328853607178 -0.45468300580978394 0.40160301327705383 -0.7949720025062561 4.952779769897461 -0.03312100097537041 -0.8995770215988159 -0.4355039894580841 1.6746749877929688 0.0 0.0 0.0 1.0
-0.8893979787826538 -0.17153699696063995 0.4237299859523773 2.4576361179351807 -0.45579901337623596 0.40356799960136414 -0.7933350205421448 4.951240062713623 -0.03491799905896187 -0.8987259864807129 -0.4371190071105957 1.672927975654602 0.0 0.0 0.0 1.0
-0.8881499767303467 -0.17179100215435028 0.42623698711395264 2.4508109092712402 -0.45812198519706726 0.4041590094566345 -0.7916949987411499 4.948800086975098 -0.036260999739170074 -0.898410975933075 -0.4376550018787384 1.6721340417861938 0.0 0.0 0.0 1.0
-0.8855810165405273 -0.17322100698947906 0.4309769868850708 2.4427080154418945 -0.4630720019340515 0.40159401297569275 -0.7901189923286438 4.945162773132324 -0.036212000995874405 -0.8992869853973389 -0.43585699796676636 1.6710009574890137 0.0 0.0 0.0 1.0
-0.8835600018501282 -0.1745149940252304 0.4345870018005371 2.4360249042510986 -0.4669420123100281 0.39937201142311096 -0.7889660000801086 4.943881988525391 -0.03587599843740463 -0.9000260233879089 -0.43435800075531006 1.6680790185928345 0.0 0.0 0.0 1.0
-0.8797339797019958 -0.17996400594711304 0.4400930106639862 2.4259400367736816 -0.47422099113464355 0.39907699823379517 -0.784762978553772 4.941238880157471 -0.034400999546051025 -0.8990830183029175 -0.43642398715019226 1.6662989854812622 0.0 0.0 0.0 1.0
-0.8762919902801514 -0.18498800694942474 0.44484999775886536 2.41554594039917 -0.4806709885597229 0.3983120024204254 -0.7812190055847168 4.937653064727783 -0.032673001289367676 -0.898402988910675 -0.4379560053348541 1.6672849655151367 0.0 0.0 0.0 1.0
-0.87391597032547 -0.18681299686431885 0.448745995759964 2.407464027404785 -0.4851189851760864 0.3931800127029419 -0.7810699939727783 4.9360270500183105 -0.03052400052547455 -0.9002829790115356 -0.43423300981521606 1.6666890382766724 0.0 0.0 0.0 1.0
-0.8717560172080994 -0.1876630038022995 0.45257601141929626 2.3991239070892334 -0.4890100061893463 0.3902199864387512 -0.7801269888877869 4.933146953582764 -0.030202999711036682 -0.9013940095901489 -0.43194499611854553 1.665017008781433 0.0 0.0 0.0 1.0
-0.8695859909057617 -0.18980500102043152 0.4558440148830414 2.390275001525879 -0.4928840100765228 0.3892880082130432 -0.7781530022621155 4.9321608543396 -0.029757000505924225 -0.9013490080833435 -0.4320710003376007 1.662727952003479 0.0 0.0 0.0 1.0
-0.8662109971046448 -0.1941400021314621 0.46042099595069885 2.3768310546875 -0.4988490045070648 0.3890349864959717 -0.7744680047035217 4.9274492263793945 -0.0287650004029274 -0.9005339741706848 -0.4338330030441284 1.6612269878387451 0.0 0.0 0.0 1.0
-0.8650349974632263 -0.19797000288963318 0.461001992225647 2.3685340881347656 -0.5009980201721191 0.38985100388526917 -0.7726690173149109 4.92437219619751 -0.026757000014185905 -0.8993470072746277 -0.43641701340675354 1.6608250141143799 0.0 0.0 0.0 1.0
-0.8647090196609497 -0.19993799924850464 0.46076300740242004 2.3602991104125977 -0.5016019940376282 0.3911550045013428 -0.7716169953346252 4.92075777053833 -0.025954000651836395 -0.8983439803123474 -0.43852499127388 1.6609419584274292 0.0 0.0 0.0 1.0
-0.8645349740982056 -0.1996760070323944 0.46120399236679077 2.3514010906219482 -0.5018749833106995 0.3913460075855255 -0.7713429927825928 4.916375160217285 -0.026471000164747238 -0.8983200192451477 -0.43854498863220215 1.6607929468154907 0.0 0.0 0.0 1.0
-0.8637769818305969 -0.19797499477863312 0.4633519947528839 2.3424079418182373 -0.5030670166015625 0.39084601402282715 -0.7708200216293335 4.9134907722473145 -0.028496000915765762 -0.8989139795303345 -0.4371989965438843 1.6604340076446533 0.0 0.0 0.0 1.0
-0.8640689849853516 -0.19508199393749237 0.46403399109840393 2.3360350131988525 -0.5023760199546814 0.392210990190506 -0.7705770134925842 4.910610198974609 -0.03167299926280975 -0.8989520072937012 -0.4369019865989685 1.6594070196151733 0.0 0.0 0.0 1.0
-0.8630049824714661 -0.1942169964313507 0.466372013092041 2.3272039890289307 -0.5040270090103149 0.3937709927558899 -0.7687010169029236 4.907862186431885 -0.034348998218774796 -0.8984569907188416 -0.437716007232666 1.6588720083236694 0.0 0.0 0.0 1.0
-0.8622509837150574 -0.19295400381088257 0.4682849943637848 2.3192989826202393 -0.5051379799842834 0.3948819935321808 -0.7674000263214111 4.904739856719971 -0.03684400022029877 -0.8982409834861755 -0.4379560053348541 1.6591999530792236 0.0 0.0 0.0 1.0
-0.8624439835548401 -0.18979600071907043 0.46921899914741516 2.3143908977508545 -0.5045890212059021 0.39518800377845764 -0.7676039934158325 4.900534152984619 -0.039740998297929764 -0.8987789750099182 -0.43659698963165283 1.6606390476226807 0.0 0.0 0.0 1.0
-0.8619930148124695 -0.18593400716781616 0.47158899903297424 2.307866096496582 -0.5051230192184448 0.39330700039863586 -0.768218994140625 4.898140907287598 -0.04264099895954132 -0.900409996509552 -0.4329479932785034 1.6608710289001465 0.0 0.0 0.0 1.0
-0.86006098985672 -0.18319399654865265 0.4761669933795929 2.299030065536499 -0.5080900192260742 0.3921529948711395 -0.766851007938385 4.894261837005615 -0.046248000115156174 -0.9014739990234375 -0.4303550124168396 1.6610139608383179 0.0 0.0 0.0 1.0
-0.8586770296096802 -0.18219900131225586 0.4790380001068115 2.294295072555542 -0.510237991809845 0.39194101095199585 -0.7655320167541504 4.890881061553955 -0.04827500134706497 -0.9017680287361145 -0.42951500415802 1.6629329919815063 0.0 0.0 0.0 1.0
-0.8575170040130615 -0.18204499781131744 0.48116999864578247 2.2906270027160645 -0.5121939778327942 0.3897089958190918 -0.7653650045394897 4.887650966644287 -0.04818499833345413 -0.9027659893035889 -0.42742499709129333 1.663862943649292 0.0 0.0 0.0 1.0
-0.856482982635498 -0.18234799802303314 0.48289400339126587 2.2878689765930176 -0.5139520168304443 0.3880099952220917 -0.7650499939918518 4.884861946105957 -0.04786299914121628 -0.903436005115509 -0.42604199051856995 1.6653690338134766 0.0 0.0 0.0 1.0
-0.8555290102958679 -0.18290600180625916 0.48437100648880005 2.2868199348449707 -0.5156049728393555 0.38613399863243103 -0.7648869752883911 4.882538795471191 -0.04712900146842003 -0.9041270017623901 -0.4246560037136078 1.6681749820709229 0.0 0.0 0.0 1.0
-0.8540089726448059 -0.18279500305652618 0.48708799481391907 2.2856740951538086 -0.5182600021362305 0.3808729946613312 -0.7657300233840942 4.880414009094238 -0.04554799944162369 -0.9063779711723328 -0.4200049936771393 1.6691700220108032 0.0 0.0 0.0 1.0
-0.8523600101470947 -0.18368899822235107 0.4896320104598999 2.28389310836792 -0.521107017993927 0.3769580125808716 -0.7657340168952942 4.878931999206543 -0.04391400143504143 -0.9078329801559448 -0.41702601313591003 1.6710970401763916 0.0 0.0 0.0 1.0
-0.8504959940910339 -0.18411199748516083 0.49270498752593994 2.2838261127471924 -0.5241979956626892 0.373742014169693 -0.7652009725570679 4.876665115356445 -0.04326200112700462 -0.9090759754180908 -0.41437798738479614 1.6732970476150513 0.0 0.0 0.0 1.0
-0.8490960001945496 -0.18390899896621704 0.49518999457359314 2.2851510047912598 -0.5264179706573486 0.3723680078983307 -0.7643470168113708 4.8733391761779785 -0.0438230000436306 -0.9096810221672058 -0.4129889905452728 1.6767289638519287 0.0 0.0 0.0 1.0
-0.8487060070037842 -0.18259499967098236 0.4963429868221283 2.288316011428833 -0.5269190073013306 0.37236401438713074 -0.7640039920806885 4.872590065002441 -0.04531700164079666 -0.9099469780921936 -0.41223999857902527 1.6802849769592285 0.0 0.0 0.0 1.0
-0.8445640206336975 -0.1836719959974289 0.5029680132865906 2.2852818965911865 -0.5334830284118652 0.36917099356651306 -0.7609919905662537 4.869253158569336 -0.04590800032019615 -0.9110310077667236 -0.4097740054130554 1.682163953781128 0.0 0.0 0.0 1.0
-0.8425049781799316 -0.185247004032135 0.5058339834213257 2.288137912750244 -0.5367479920387268 0.36830198764801025 -0.7591149806976318 4.866250991821289 -0.04567600041627884 -0.9110640287399292 -0.40972700715065 1.6864659786224365 0.0 0.0 0.0 1.0
-0.8414649963378906 -0.1861100047826767 0.5072460174560547 2.293354034423828 -0.5383830070495605 0.3680500090122223 -0.7580789923667908 4.864983081817627 -0.04560599848628044 -0.9109899997711182 -0.4099000096321106 1.6905020475387573 0.0 0.0 0.0 1.0
-0.8388919830322266 -0.1883630007505417 0.510666012763977 2.2977280616760254 -0.5424420237541199 0.36673998832702637 -0.7558169960975647 4.86264181137085 -0.04491399973630905 -0.9110550284385681 -0.4098309874534607 1.6945500373840332 0.0 0.0 0.0 1.0
-0.8356670141220093 -0.19090400636196136 0.5149909853935242 2.302978038787842 -0.5474650263786316 0.36476200819015503 -0.7531470060348511 4.859772205352783 -0.04407000169157982 -0.9113199710845947 -0.4093329906463623 1.7000030279159546 0.0 0.0 0.0 1.0
-0.8329449892044067 -0.19246399402618408 0.5188069939613342 2.3099160194396973 -0.5516650080680847 0.3620609939098358 -0.7513840198516846 4.85756778717041 -0.0432250015437603 -0.9120690226554871 -0.40775299072265625 1.705551028251648 0.0 0.0 0.0 1.0
-0.8294169902801514 -0.19414100050926208 0.523809015750885 2.316066026687622 -0.5570629835128784 0.3575989902019501 -0.7495350241661072 4.8564839363098145 -0.041797999292612076 -0.9134719967842102 -0.40474799275398254 1.710433006286621 0.0 0.0 0.0 1.0
-0.8261200189590454 -0.19754000008106232 0.5277339816093445 2.322735071182251 -0.562175989151001 0.352961003780365 -0.7479150295257568 4.854266166687012 -0.03852599859237671 -0.9145470261573792 -0.4026400148868561 1.7156879901885986 0.0 0.0 0.0 1.0
-0.824068009853363 -0.20003299415111542 0.5299990177154541 2.330573081970215 -0.5653489828109741 0.3497830033302307 -0.7470160126686096 4.854055881500244 -0.0359559990465641 -0.9152259826660156 -0.4013330042362213 1.7183140516281128 0.0 0.0 0.0 1.0
-0.8218219876289368 -0.2040420025587082 0.531952977180481 2.3375370502471924 -0.5687050223350525 0.35012099146842957 -0.7443050146102905 4.852588176727295 -0.03437900170683861 -0.9142109751701355 -0.40377700328826904 1.7218749523162842 0.0 0.0 0.0 1.0
-0.8193960189819336 -0.2090979963541031 0.5337299704551697 2.3454558849334717 -0.5722730159759521 0.3521069884300232 -0.7406250238418579 4.850841999053955 -0.033066000789403915 -0.9123039841651917 -0.4081760048866272 1.7254350185394287 0.0 0.0 0.0 1.0
-0.8175269961357117 -0.21573400497436523 0.5339549779891968 2.35813307762146 -0.5750049948692322 0.3571549952030182 -0.7360770106315613 4.849264144897461 -0.031908001750707626 -0.9087899923324585 -0.41603198647499084 1.7329000234603882 0.0 0.0 0.0 1.0
-0.8142849802970886 -0.22202299535274506 0.5363270044326782 2.366925001144409 -0.5796589851379395 0.3597300052642822 -0.7311570048332214 4.84657096862793 -0.030598999932408333 -0.9062560200691223 -0.4216200113296509 1.7404019832611084 0.0 0.0 0.0 1.0
-0.8116919994354248 -0.22706599533557892 0.5381420254707336 2.378063917160034 -0.5833799839019775 0.36044299602508545 -0.7278379797935486 4.844381809234619 -0.02870200015604496 -0.9047219753265381 -0.4250349998474121 1.7487510442733765 0.0 0.0 0.0 1.0
-0.8075550198554993 -0.23124200105667114 0.5425689816474915 2.385749101638794 -0.5891799926757812 0.3581719994544983 -0.72427898645401 4.842525005340576 -0.02684899978339672 -0.9045659899711609 -0.4254870116710663 1.755702018737793 0.0 0.0 0.0 1.0
-0.8035690188407898 -0.23535899817943573 0.5467010140419006 2.3957788944244385 -0.5947080254554749 0.3552579879760742 -0.7211899757385254 4.840087890625 -0.024481000378727913 -0.904653012752533 -0.42544499039649963 1.7647830247879028 0.0 0.0 0.0 1.0
-0.7986090183258057 -0.23821400105953217 0.5526990294456482 2.402574062347412 -0.601468026638031 0.34859299659729004 -0.7188320159912109 4.840692043304443 -0.021431000903248787 -0.9064970016479492 -0.42166799306869507 1.7701760530471802 0.0 0.0 0.0 1.0
-0.794642984867096 -0.24204200506210327 0.5567389726638794 2.409940004348755 -0.606814980506897 0.3436639904975891 -0.7167090177536011 4.841236114501953 -0.01785700023174286 -0.9073650240898132 -0.419964998960495 1.7750979661941528 0.0 0.0 0.0 1.0
-0.7908639907836914 -0.2468789964914322 0.5599859952926636 2.417531967163086 -0.6118450164794922 0.3390069901943207 -0.7146469950675964 4.841558933258057 -0.013407000340521336 -0.9078130125999451 -0.41916000843048096 1.779397964477539 0.0 0.0 0.0 1.0
-0.7865399718284607 -0.25271299481391907 0.5634629726409912 2.42643404006958 -0.6174659729003906 0.3358759880065918 -0.7112830281257629 4.841063976287842 -0.009503000415861607 -0.907371997833252 -0.4202210009098053 1.7862279415130615 0.0 0.0 0.0 1.0
-0.7821199893951416 -0.2583659887313843 0.5670400261878967 2.4352200031280518 -0.6231189966201782 0.32913100719451904 -0.7095040082931519 4.845081806182861 -0.0033179998863488436 -0.9082509875297546 -0.4184130132198334 1.7908289432525635 0.0 0.0 0.0 1.0
-0.7766950130462646 -0.263141006231308 0.5722780227661133 2.44246506690979 -0.6298760175704956 0.32602599263191223 -0.7049559950828552 4.843019008636475 -0.001075000036507845 -0.9079999923706055 -0.4189690053462982 1.7983729839324951 0.0 0.0 0.0 1.0
-0.7711629867553711 -0.26634299755096436 0.5782470107078552 2.447904109954834 -0.6366379857063293 0.32174399495124817 -0.7008370161056519 4.841578960418701 0.0006150000263005495 -0.908594012260437 -0.4176810085773468 1.8034420013427734 0.0 0.0 0.0 1.0
-0.766385018825531 -0.27129799127578735 0.5822809934616089 2.4573769569396973 -0.6423659920692444 0.31725001335144043 -0.6976529955863953 4.842569828033447 0.004542999900877476 -0.9087079763412476 -0.4174079895019531 1.8095430135726929 0.0 0.0 0.0 1.0
-0.7614309787750244 -0.27438101172447205 0.5873129963874817 2.464015007019043 -0.6481999754905701 0.3115679919719696 -0.6948109865188599 4.845510959625244 0.007654999848455191 -0.9097470045089722 -0.41509199142456055 1.813073992729187 0.0 0.0 0.0 1.0
-0.7565550208091736 -0.2801060080528259 0.5909019708633423 2.473926067352295 -0.6538010239601135 0.30606499314308167 -0.6920040249824524 4.845914840698242 0.012980000115931034 -0.909870982170105 -0.41468799114227295 1.8190430402755737 0.0 0.0 0.0 1.0
-0.7503929734230042 -0.2843340039253235 0.5967109799385071 2.4802160263061523 -0.6607570052146912 0.2986370027065277 -0.6886330246925354 4.847373962402344 0.017602000385522842 -0.9110270142555237 -0.41197100281715393 1.8245329856872559 0.0 0.0 0.0 1.0
-0.7452639937400818 -0.28518199920654297 0.6027039885520935 2.4888079166412354 -0.6664999723434448 0.2929390072822571 -0.6855390071868896 4.849291801452637 0.01894799992442131 -0.9126099944114685 -0.40839099884033203 1.8296890258789062 0.0 0.0 0.0 1.0
-0.7396299839019775 -0.28528401255607605 0.6095569729804993 2.4940550327301025 -0.6727010011672974 0.2858160138130188 -0.6824820041656494 4.853401184082031 0.02048099972307682 -0.9148340225219727 -0.4033089876174927 1.833935022354126 0.0 0.0 0.0 1.0
-0.7337960004806519 -0.28484100103378296 0.6167730093002319 2.4986960887908936 -0.6790210008621216 0.278425008058548 -0.6792719960212708 4.856145858764648 0.02175999991595745 -0.9172490239143372 -0.39772000908851624 1.8363410234451294 0.0 0.0 0.0 1.0
-0.7291229963302612 -0.2872239947319031 0.6211940050125122 2.5043458938598633 -0.6838909983634949 0.2713710069656372 -0.6772379875183105 4.860132217407227 0.02594500035047531 -0.9186189770698547 -0.3942919969558716 1.8396060466766357 0.0 0.0 0.0 1.0
-0.723721981048584 -0.286204993724823 0.6279439926147461 2.5068891048431396 -0.6896340250968933 0.26680898666381836 -0.6732149720191956 4.860354900360107 0.025136999785900116 -0.9202709794044495 -0.3904719948768616 1.8430609703063965 0.0 0.0 0.0 1.0
-0.7190080285072327 -0.2850179970264435 0.6338710188865662 2.511014938354492 -0.6945949792861938 0.2634910047054291 -0.669409990310669 4.861480236053467 0.023775000125169754 -0.9215949773788452 -0.3874239921569824 1.846668004989624 0.0 0.0 0.0 1.0
-0.71527498960495 -0.28397199511528015 0.6385459899902344 2.5186851024627686 -0.6984419822692871 0.259552001953125 -0.6669420003890991 4.86500883102417 0.023656999692320824 -0.9230340123176575 -0.38398900628089905 1.8496520519256592 0.0 0.0 0.0 1.0
-0.7092339992523193 -0.2827189862728119 0.6457989811897278 2.5184810161590576 -0.7046149969100952 0.2550800144672394 -0.6621569991111755 4.86429500579834 0.022474000230431557 -0.9246640205383301 -0.38012000918388367 1.853463053703308 0.0 0.0 0.0 1.0
-0.7041249871253967 -0.28269898891448975 0.6513739824295044 2.523513078689575 -0.70968097448349 0.2495889961719513 -0.658831000328064 4.86726188659668 0.02367500029504299 -0.9261680245399475 -0.37636798620224 1.8574470281600952 0.0 0.0 0.0 1.0
-0.6972500085830688 -0.28279200196266174 0.658689022064209 2.528433084487915 -0.7164139747619629 0.2436780035495758 -0.6537370085716248 4.873064994812012 0.02436400018632412 -0.9277120232582092 -0.3725009858608246 1.8604830503463745 0.0 0.0 0.0 1.0
-0.6892650127410889 -0.2852329909801483 0.6659989953041077 2.5333189964294434 -0.7239469885826111 0.2349420040845871 -0.6486160159111023 4.879312992095947 0.02853499911725521 -0.9292169809341431 -0.3684310019016266 1.8596030473709106 0.0 0.0 0.0 1.0
-0.6799889802932739 -0.2890160083770752 0.6738579869270325 2.5356969833374023 -0.7325260043144226 0.22773200273513794 -0.6415169835090637 4.881269931793213 0.031950000673532486 -0.929843008518219 -0.3665669858455658 1.861631989479065 0.0 0.0 0.0 1.0
-0.6709989905357361 -0.29245901107788086 0.6813430190086365 2.539578914642334 -0.7406229972839355 0.220769003033638 -0.6346160173416138 4.884014129638672 0.035179998725652695 -0.9304450154304504 -0.36473798751831055 1.8657759428024292 0.0 0.0 0.0 1.0
-0.6616460084915161 -0.29846200346946716 0.6878560185432434 2.5416669845581055 -0.7485629916191101 0.2098899930715561 -0.6289669871330261 4.887791156768799 0.0433490015566349 -0.9310569763183594 -0.36229100823402405 1.8644109964370728 0.0 0.0 0.0 1.0
-0.6550880074501038 -0.3053869903087616 0.6910859942436218 2.5537710189819336 -0.7539709806442261 0.20506900548934937 -0.6240789890289307 4.89617395401001 0.048865001648664474 -0.9298850297927856 -0.36459100246429443 1.873520016670227 0.0 0.0 0.0 1.0
-0.6464139819145203 -0.3088279962539673 0.6976919770240784 2.5603179931640625 -0.7613170146942139 0.20061300694942474 -0.6165639758110046 4.897937774658203 0.05044599995017052 -0.9297199845314026 -0.3647949993610382 1.8772720098495483 0.0 0.0 0.0 1.0
-0.6378899812698364 -0.3085559904575348 0.7056130170822144 2.5649640560150146 -0.7683600187301636 0.19294999539852142 -0.6102409958839417 4.906105995178223 0.05214599892497063 -0.931430995464325 -0.36016198992729187 1.8745969533920288 0.0 0.0 0.0 1.0
-0.6295729875564575 -0.3101699948310852 0.7123429775238037 2.571903944015503 -0.7750049829483032 0.18602299690246582 -0.6039559841156006 4.912444114685059 0.05481699854135513 -0.9323040246963501 -0.3574979901313782 1.8810030221939087 0.0 0.0 0.0 1.0
-0.6196230053901672 -0.30386900901794434 0.723691999912262 2.5660979747772217 -0.7829369902610779 0.17411799728870392 -0.5972380042076111 4.916801929473877 0.05547399818897247 -0.9366679787635803 -0.34579798579216003 1.8631919622421265 0.0 0.0 0.0 1.0
-0.6106029748916626 -0.3088440001010895 0.7292320132255554 2.571057081222534 -0.7898070216178894 0.17000600695610046 -0.5893239974975586 4.920703887939453 0.058035001158714294 -0.9357950091362 -0.3477340042591095 1.8732210397720337 0.0 0.0 0.0 1.0
-0.6033589839935303 -0.31191200017929077 0.7339410185813904 2.5791070461273193 -0.7952730059623718 0.16707700490951538 -0.5827739834785461 4.924857139587402 0.05914900079369545 -0.9353049993515015 -0.34886300563812256 1.8766900300979614 0.0 0.0 0.0 1.0
-0.5937319993972778 -0.30945900082588196 0.7427769899368286 2.575568914413452 -0.8024939894676208 0.15998999774456024 -0.5748109817504883 4.928100109100342 0.059043001383543015 -0.9373570084571838 -0.3433299958705902 1.8674720525741577 0.0 0.0 0.0 1.0
-0.5867779850959778 -0.3120580017566681 0.7472019791603088 2.5828630924224854 -0.8074290156364441 0.15570899844169617 -0.5690450072288513 4.936397075653076 0.061229001730680466 -0.9372169971466064 -0.3433310091495514 1.8723130226135254 0.0 0.0 0.0 1.0
-0.5744990110397339 -0.31726598739624023 0.7545149922370911 2.583693027496338 -0.8159629702568054 0.14939899742603302 -0.5584660172462463 4.936803817749023 0.06445900350809097 -0.9364950060844421 -0.34470701217651367 1.8753679990768433 0.0 0.0 0.0 1.0
-0.5674350261688232 -0.3226320147514343 0.7575790286064148 2.599029064178467 -0.8206520080566406 0.14623600244522095 -0.5523999929428101 4.947078227996826 0.06743700057268143 -0.9351599812507629 -0.3477480113506317 1.8826520442962646 0.0 0.0 0.0 1.0
-0.5563679933547974 -0.3229750096797943 0.7655990123748779 2.598845958709717 -0.8281720280647278 0.1404470056295395 -0.5425919890403748 4.950541019439697 0.06771700084209442 -0.9359279870986938 -0.34561899304389954 1.876291036605835 0.0 0.0 0.0 1.0
-0.5468189716339111 -0.32906800508499146 0.7698730230331421 2.6048460006713867 -0.8342679738998413 0.13659800589084625 -0.5341709852218628 4.959743022918701 0.07061599940061569 -0.934374988079071 -0.3492250144481659 1.878350019454956 0.0 0.0 0.0 1.0
-0.537697970867157 -0.33266499638557434 0.7747349739074707 2.610563039779663 -0.8401269912719727 0.13381099700927734 -0.5256249904632568 4.964659214019775 0.07118900120258331 -0.9335029721260071 -0.3514310121536255 1.8767869472503662 0.0 0.0 0.0 1.0
-0.5276989936828613 -0.33503198623657227 0.78056800365448 2.6145710945129395 -0.8464459776878357 0.1304280012845993 -0.5162540078163147 4.9663848876953125 0.07115399837493896 -0.933135986328125 -0.35241299867630005 1.876404047012329 0.0 0.0 0.0 1.0
-0.5188180208206177 -0.3363499939441681 0.7859370112419128 2.6188180446624756 -0.8517760038375854 0.12505100667476654 -0.5087630152702332 4.974873065948486 0.07283999770879745 -0.9333969950675964 -0.3513740003108978 1.8730499744415283 0.0 0.0 0.0 1.0
-0.511335015296936 -0.33665600419044495 0.7906960248947144 2.6237308979034424 -0.8560929894447327 0.11912699788808823 -0.5029060244560242 4.986049175262451 0.0751120001077652 -0.9340620040893555 -0.3491230010986328 1.8644659519195557 0.0 0.0 0.0 1.0
-0.502219021320343 -0.34071800112724304 0.7947880029678345 2.629304885864258 -0.8615580201148987 0.11836499720811844 -0.49366798996925354 4.987868785858154 0.07412700355052948 -0.9326850175857544 -0.3529930114746094 1.8700569868087769 0.0 0.0 0.0 1.0
-0.49202200770378113 -0.3431450128555298 0.800104022026062 2.631824016571045 -0.8675510287284851 0.11662700027227402 -0.4834800064563751 4.987736225128174 0.07259000092744827 -0.932013988494873 -0.3550789952278137 1.871137022972107 0.0 0.0 0.0 1.0
-0.48107200860977173 -0.34463998675346375 0.8060969710350037 2.6339430809020996 -0.8737229704856873 0.11301899701356888 -0.47311100363731384 4.992340087890625 0.07194899767637253 -0.9319069981575012 -0.3554899990558624 1.8734099864959717 0.0 0.0 0.0 1.0
-0.4748690128326416 -0.345551997423172 0.809378981590271 2.642414093017578 -0.8768879771232605 0.107805997133255 -0.46845099329948425 5.004166126251221 0.07461799681186676 -0.932187020778656 -0.354203999042511 1.8714120388031006 0.0 0.0 0.0 1.0
-0.46436700224876404 -0.3480660021305084 0.8143789768218994 2.645051956176758 -0.8825110197067261 0.10459300130605698 -0.4585129916667938 5.005136013031006 0.07441499829292297 -0.931617021560669 -0.3557420074939728 1.8753329515457153 0.0 0.0 0.0 1.0
-0.4544210135936737 -0.35019001364707947 0.8190649747848511 2.6502950191497803 -0.8875280022621155 0.09940700232982635 -0.4499030113220215 5.009212017059326 0.07613100111484528 -0.9313889741897583 -0.3559759855270386 1.8774280548095703 0.0 0.0 0.0 1.0
-0.44373300671577454 -0.3503580093383789 0.8248329758644104 2.6487579345703125 -0.8928580284118652 0.09391400218009949 -0.440436989068985 5.013111114501953 0.07684800028800964 -0.9318950176239014 -0.35449299216270447 1.875054955482483 0.0 0.0 0.0 1.0
-0.43542999029159546 -0.35234400629997253 0.8284040093421936 2.656826972961426 -0.8967940211296082 0.08953800052404404 -0.43329399824142456 5.02236795425415 0.07849500328302383 -0.9315770268440247 -0.35496801137924194 1.8740179538726807 0.0 0.0 0.0 1.0
-0.4249109923839569 -0.35425901412963867 0.8330370187759399 2.6607260704040527 -0.9019200205802917 0.0870010033249855 -0.4230490028858185 5.024954795837402 0.07739400118589401 -0.9310910105705261 -0.35648199915885925 1.8744239807128906 0.0 0.0 0.0 1.0
-0.4139460027217865 -0.3545509874820709 0.8384159803390503 2.661992073059082 -0.9071450233459473 0.08403199911117554 -0.4123440086841583 5.025481224060059 0.07574299722909927 -0.9312530159950256 -0.35641399025917053 1.8728790283203125 0.0 0.0 0.0 1.0
-0.40604400634765625 -0.35506001114845276 0.8420569896697998 2.668210983276367 -0.9107239842414856 0.08103100210428238 -0.40498799085617065 5.032790184020996 0.0755620002746582 -0.9313250184059143 -0.35626399517059326 1.8713330030441284 0.0 0.0 0.0 1.0
-0.3963969945907593 -0.35584700107574463 0.8463109731674194 2.669732093811035 -0.9150339961051941 0.07811000198125839 -0.3957419991493225 5.0386152267456055 0.07471899688243866 -0.9312739968299866 -0.35657501220703125 1.8684370517730713 0.0 0.0 0.0 1.0
-0.38342800736427307 -0.3589079976081848 0.8509799838066101 2.6700820922851562 -0.921064019203186 0.080765001475811 -0.3809430003166199 5.030447006225586 0.06799399852752686 -0.9298719763755798 -0.36154499650001526 1.8743799924850464 0.0 0.0 0.0 1.0
-0.37344199419021606 -0.3607819974422455 0.8546209931373596 2.6752829551696777 -0.9250969886779785 0.07648900151252747 -0.3719469904899597 5.041999816894531 0.0688219964504242 -0.9295079708099365 -0.36232298612594604 1.8715039491653442 0.0 0.0 0.0 1.0
-0.3615359961986542 -0.3620060086250305 0.8592100143432617 2.677151918411255 -0.9299730062484741 0.07414600253105164 -0.36007198691368103 5.044164180755615 0.06664200127124786 -0.9292219877243042 -0.36346301436424255 1.8718039989471436 0.0 0.0 0.0 1.0
-0.35293400287628174 -0.366021990776062 0.861083984375 2.682533025741577 -0.9330949783325195 0.06974499672651291 -0.35280299186706543 5.0528411865234375 0.0690779983997345 -0.9279890060424805 -0.36614900827407837 1.8724579811096191 0.0 0.0 0.0 1.0
-0.34366700053215027 -0.3694060146808624 0.8633840084075928 2.6879589557647705 -0.9364619851112366 0.06606400012969971 -0.3444899916648865 5.058228969573975 0.07021799683570862 -0.9269170165061951 -0.3686389923095703 1.8706690073013306 0.0 0.0 0.0 1.0
-0.3331499993801117 -0.37303000688552856 0.8659440279006958 2.690042018890381 -0.9401500225067139 0.06166800111532211 -0.33513399958610535 5.057988166809082 0.07161399722099304 -0.9257680177688599 -0.3712489902973175 1.871343970298767 0.0 0.0 0.0 1.0
-0.32544198632240295 -0.3744649887084961 0.8682529926300049 2.696070909500122 -0.9428269863128662 0.058726001530885696 -0.32806700468063354 5.0669169425964355 0.07186000049114227 -0.9253799915313721 -0.37216800451278687 1.8701800107955933 0.0 0.0 0.0 1.0
-0.3166080117225647 -0.37593600153923035 0.8708789944648743 2.6988608837127686 -0.9457449913024902 0.05446900054812431 -0.3203130066394806 5.070193767547607 0.07298199832439423 -0.925042986869812 -0.3727850019931793 1.8720309734344482 0.0 0.0 0.0 1.0
-0.30913299322128296 -0.3757469952106476 0.8736420273780823 2.6992690563201904 -0.9480800032615662 0.04960000142455101 -0.3141399919986725 5.075569152832031 0.07470399886369705 -0.9253939986228943 -0.37157100439071655 1.8692580461502075 0.0 0.0 0.0 1.0
-0.3023949861526489 -0.3769719898700714 0.8754709959030151 2.7015020847320557 -0.9502609968185425 0.04737599939107895 -0.30782899260520935 5.076629161834717 0.07456699758768082 -0.9250119924545288 -0.37254801392555237 1.8647550344467163 0.0 0.0 0.0 1.0
-0.2913399934768677 -0.378807008266449 0.8784229755401611 2.6932311058044434 -0.9535970091819763 0.042054999619722366 -0.29813599586486816 5.069906234741211 0.07599399983882904 -0.9245200157165527 -0.37348100543022156 1.8569350242614746 0.0 0.0 0.0 1.0
-0.29030200839042664 -0.3803269863128662 0.8781089782714844 2.6985349655151367 -0.953823983669281 0.04106299951672554 -0.29754799604415894 5.074812889099121 0.0771080031991005 -0.9239400029182434 -0.37468600273132324 1.8558030128479004 0.0 0.0 0.0 1.0
-0.28696298599243164 -0.37986400723457336 0.8794069886207581 2.700650930404663 -0.9546570181846619 0.03743800148367882 -0.2953470051288605 5.078769207000732 0.07926800101995468 -0.9242849946022034 -0.3733829855918884 1.8573919534683228 0.0 0.0 0.0 1.0
-0.2831839919090271 -0.379518985748291 0.8807790279388428 2.7063679695129395 -0.9553629755973816 0.03100699931383133 -0.29380300641059875 5.081902980804443 0.08419299870729446 -0.9246640205383301 -0.37136000394821167 1.8547860383987427 0.0 0.0 0.0 1.0
-0.27948299050331116 -0.3796359896659851 0.8819100260734558 2.707648992538452 -0.9563140273094177 0.028024999424815178 -0.29099801182746887 5.0882887840271 0.08575700223445892 -0.9247109889984131 -0.3708840012550354 1.8522570133209229 0.0 0.0 0.0 1.0
-0.2744329869747162 -0.3824490010738373 0.8822810053825378 2.712512969970703 -0.9577379822731018 0.026487000286579132 -0.286422997713089 5.092213153839111 0.08617299795150757 -0.923596978187561 -0.3735550045967102 1.8516570329666138 0.0 0.0 0.0 1.0
-0.26518699526786804 -0.38525399565696716 0.8838859796524048 2.7155630588531494 -0.9603040218353271 0.02323799952864647 -0.27798500657081604 5.095631122589111 0.08655499666929245 -0.9225180149078369 -0.37612399458885193 1.8494000434875488 0.0 0.0 0.0 1.0
-0.25790300965309143 -0.38911598920822144 0.8843500018119812 2.721374988555908 -0.9620739817619324 0.019221000373363495 -0.27211299538612366 5.109222888946533 0.08888600021600723 -0.9209880232810974 -0.3793160021305084 1.849323034286499 0.0 0.0 0.0 1.0
-0.2465679943561554 -0.3931100070476532 0.8858150243759155 2.726836919784546 -0.96492600440979 0.014585999771952629 -0.2621159851551056 5.115972995758057 0.09012000262737274 -0.919376015663147 -0.3829190135002136 1.8501429557800293 0.0 0.0 0.0 1.0
-0.24072599411010742 -0.3963649868965149 0.8859720230102539 2.737504005432129 -0.9660570025444031 0.009701999835669994 -0.2581459879875183 5.133717060089111 0.09372399747371674 -0.918042004108429 -0.38524699211120605 1.8486069440841675 0.0 0.0 0.0 1.0
-0.22619900107383728 -0.39865198731422424 0.8887689709663391 2.7393031120300293 -0.9695000052452087 0.0037529999390244484 -0.245061993598938 5.1239519119262695 0.09435900300741196 -0.9170950055122375 -0.38734200596809387 1.8513070344924927 0.0 0.0 0.0 1.0
-0.21819399297237396 -0.39688798785209656 0.8915560245513916 2.7429111003875732 -0.9715200066566467 0.001820000004954636 -0.236954003572464 5.131875991821289 0.09242100268602371 -0.9178659915924072 -0.3859809935092926 1.8476279973983765 0.0 0.0 0.0 1.0
-0.20591199398040771 -0.39750000834465027 0.8942000269889832 2.7489259243011475 -0.9741790294647217 -0.0032079999800771475 -0.2257550060749054 5.1367950439453125 0.09260699898004532 -0.9175959825515747 -0.38657599687576294 1.8500570058822632 0.0 0.0 0.0 1.0
-0.19588999450206757 -0.3939119875431061 0.8980309963226318 2.7512640953063965 -0.9765220284461975 -0.005332000087946653 -0.21535100042819977 5.142708778381348 0.08961799740791321 -0.9191330075263977 -0.3836199939250946 1.8475539684295654 0.0 0.0 0.0 1.0
-0.1839659959077835 -0.3934189975261688 0.9007650017738342 2.7546439170837402 -0.9789590239524841 -0.008985999971628189 -0.20386099815368652 5.147314071655273 0.08829700201749802 -0.919314980506897 -0.3834879994392395 1.8468010425567627 0.0 0.0 0.0 1.0
-0.1733960062265396 -0.394571989774704 0.9023569822311401 2.7600600719451904 -0.9809380173683167 -0.012419000267982483 -0.19392600655555725 5.154345989227295 0.0877240002155304 -0.9187809824943542 -0.38489699363708496 1.8457969427108765 0.0 0.0 0.0 1.0
-0.1628039926290512 -0.3953630030155182 0.9039819836616516 2.7667200565338135 -0.9829419851303101 -0.014453000389039516 -0.1833450049161911 5.159374237060547 0.08555299788713455 -0.9184110164642334 -0.38626599311828613 1.8468339443206787 0.0 0.0 0.0 1.0
-0.1507119983434677 -0.39468300342559814 0.9063720107078552 2.773303985595703 -0.984932005405426 -0.018716000020503998 -0.17192499339580536 5.163412094116211 0.08482000231742859 -0.9186270236968994 -0.38591599464416504 1.8480240106582642 0.0 0.0 0.0 1.0
-0.14256100356578827 -0.39257100224494934 0.9086059927940369 2.776832103729248 -0.9862779974937439 -0.02088100090622902 -0.16376900672912598 5.171392917633057 0.08326400071382523 -0.9194849729537964 -0.38420701026916504 1.8472870588302612 0.0 0.0 0.0 1.0
-0.13198700547218323 -0.3903700113296509 0.9111480116844177 2.781244993209839 -0.9878270030021667 -0.02454799972474575 -0.15361200273036957 5.176912784576416 0.08233200013637543 -0.9203310012817383 -0.3823780119419098 1.8474400043487549 0.0 0.0 0.0 1.0
-0.11872100085020065 -0.3906190097332001 0.9128649830818176 2.7854549884796143 -0.9893649816513062 -0.031275998800992966 -0.14205299317836761 5.175928115844727 0.08403900265693665 -0.9200209975242615 -0.3827509880065918 1.8500620126724243 0.0 0.0 0.0 1.0
-0.11375399678945541 -0.38857200741767883 0.9143700003623962 2.789808988571167 -0.9898110032081604 -0.03501399978995323 -0.13801899552345276 5.191608905792236 0.08564600348472595 -0.920753002166748 -0.3806299865245819 1.846655011177063 0.0 0.0 0.0 1.0
-0.10243900120258331 -0.38852599263191223 0.9157260060310364 2.793515920639038 -0.9911360144615173 -0.03842400014400482 -0.12717700004577637 5.195680141448975 0.08459699898958206 -0.920635998249054 -0.38114601373672485 1.845317006111145 0.0 0.0 0.0 1.0
-0.09164299815893173 -0.3897410035133362 0.9163540005683899 2.796830892562866 -0.991940975189209 -0.0451200008392334 -0.11839299649000168 5.203466892242432 0.08748800307512283 -0.9198189973831177 -0.3824650049209595 1.8443950414657593 0.0 0.0 0.0 1.0
-0.083187997341156 -0.390267014503479 0.9169359803199768 2.7997970581054688 -0.9926900267601013 -0.04828700050711632 -0.11061300337314606 5.212464809417725 0.08744499832391739 -0.9194340109825134 -0.38339799642562866 1.8422340154647827 0.0 0.0 0.0 1.0
-0.07168100029230118 -0.390300989151001 0.9178929924964905 2.8045389652252197 -0.9936659932136536 -0.05191100016236305 -0.09967099875211716 5.216436862945557 0.08654999732971191 -0.9192230105400085 -0.3841080069541931 1.8394620418548584 0.0 0.0 0.0 1.0
-0.06012900173664093 -0.39099299907684326 0.9184269905090332 2.8094639778137207 -0.9944199919700623 -0.056439001113176346 -0.08913099765777588 5.222325801849365 0.08668400347232819 -0.9186620116233826 -0.38541799783706665 1.839148998260498 0.0 0.0 0.0 1.0
-0.0493910014629364 -0.39077600836753845 0.919160008430481 2.8124799728393555 -0.995015025138855 -0.06057799980044365 -0.07922100275754929 5.22885799407959 0.08663900196552277 -0.9184899926185608 -0.38583600521087646 1.8385909795761108 0.0 0.0 0.0 1.0
-0.03991900011897087 -0.3912540078163147 0.9194160103797913 2.8163890838623047 -0.9953470230102539 -0.06519299745559692 -0.07095800340175629 5.237246990203857 0.08770199865102768 -0.9179710149765015 -0.38683098554611206 1.8386939764022827 0.0 0.0 0.0 1.0
-0.029715999960899353 -0.3924280107021332 0.9193029999732971 2.8204379081726074 -0.9956769943237305 -0.06934700161218643 -0.06178800016641617 5.241559982299805 0.08799900114536285 -0.9171649813652039 -0.38867101073265076 1.8393089771270752 0.0 0.0 0.0 1.0
-0.024403000250458717 -0.3943600058555603 0.9186319708824158 2.823606014251709 -0.995464026927948 -0.07494299858808517 -0.0586169995367527 5.248002052307129 0.09196099638938904 -0.9158949851989746 -0.3907420039176941 1.841689944267273 0.0 0.0 0.0 1.0
-0.015177000313997269 -0.3918110132217407 0.9199209809303284 2.8258979320526123 -0.9957669973373413 -0.0774879977107048 -0.049431998282670975 5.253002166748047 0.0906509980559349 -0.9167770147323608 -0.38897600769996643 1.8380600214004517 0.0 0.0 0.0 1.0
-0.008917000144720078 -0.3915950059890747 0.9200940132141113 2.8292059898376465 -0.9957870244979858 -0.08050499856472015 -0.04391400143504143 5.262976169586182 0.09126800298690796 -0.916608989238739 -0.3892279863357544 1.8388869762420654 0.0 0.0 0.0 1.0
0.0008229999803006649 -0.39038699865341187 0.9206500053405762 2.8333048820495605 -0.9956669807434082 -0.08593600243330002 -0.03554999828338623 5.269554138183594 0.09299500286579132 -0.9166309833526611 -0.38876599073410034 1.8393219709396362 0.0 0.0 0.0 1.0
0.009367999620735645 -0.3906790018081665 0.9204800128936768 2.837907075881958 -0.9954519867897034 -0.0909150019288063 -0.028456000611186028 5.276862144470215 0.09480199962854385 -0.9160270094871521 -0.3897530138492584 1.8407080173492432 0.0 0.0 0.0 1.0
0.02012600004673004 -0.38971298933029175 0.9207170009613037 2.84208607673645 -0.9952380061149597 -0.09565900266170502 -0.018735000863671303 5.282386779785156 0.09537599980831146 -0.9159550070762634 -0.38978201150894165 1.838858962059021 0.0 0.0 0.0 1.0
0.028075000271201134 -0.39041900634765625 0.9202089905738831 2.844575881958008 -0.9950379729270935 -0.09882800281047821 -0.011571000330150127 5.290725231170654 0.09545999765396118 -0.9153169989585876 -0.3912560045719147 1.839948058128357 0.0 0.0 0.0 1.0
0.03876600041985512 -0.38935598731040955 0.9202709794044495 2.8476150035858154 -0.9946699738502502 -0.10309500247240067 -0.0017180000431835651 5.294938087463379 0.0955440029501915 -0.9153000116348267 -0.3912769854068756 1.8388750553131104 0.0 0.0 0.0 1.0
0.045333001762628555 -0.3890160024166107 0.9201149940490723 2.850641965866089 -0.9943209886550903 -0.10634700208902359 0.0040259999223053455 5.304358005523682 0.09628500044345856 -0.9150720238685608 -0.3916279971599579 1.8381459712982178 0.0 0.0 0.0 1.0
0.05675800144672394 -0.38961800932884216 0.9192259907722473 2.8558220863342285 -0.9936749935150146 -0.11140900105237961 0.014134000055491924 5.306777000427246 0.096902996301651 -0.9142130017280579 -0.3934769928455353 1.8395379781723022 0.0 0.0 0.0 1.0
0.05254200100898743 -0.39259499311447144 0.9182090163230896 2.8600149154663086 -0.9938330054283142 -0.11047200113534927 0.009634999558329582 5.322131156921387 0.09765300154685974 -0.9130529761314392 -0.39597800374031067 1.8418159484863281 0.0 0.0 0.0 1.0
0.057252999395132065 -0.39609599113464355 0.9164220094680786 2.8657360076904297 -0.9936209917068481 -0.11193499714136124 0.013694999739527702 5.33127498626709 0.09715499728918076 -0.9113609790802002 -0.39997801184654236 1.8466960191726685 0.0 0.0 0.0 1.0
0.06517399847507477 -0.393530011177063 0.9169989824295044 2.870284080505371 -0.9933680295944214 -0.1128230020403862 0.022182999178767204 5.337315082550049 0.0947289988398552 -0.9123619794845581 -0.3982729911804199 1.845018982887268 0.0 0.0 0.0 1.0
0.07327400147914886 -0.39237600564956665 0.9168819785118103 2.8747940063476562 -0.9928799867630005 -0.11527899652719498 0.030014000833034515 5.341190814971924 0.09391999989748001 -0.9125530123710632 -0.39802899956703186 1.846321940422058 0.0 0.0 0.0 1.0
0.0777520015835762 -0.38977301120758057 0.917622983455658 2.8771169185638428 -0.9926469922065735 -0.11591300368309021 0.03487300127744675 5.350297927856445 0.0927719995379448 -0.9135869741439819 -0.3959200084209442 1.8444130420684814 0.0 0.0 0.0 1.0
0.08853600174188614 -0.38398998975753784 0.9190829992294312 2.87935209274292 -0.9918239712715149 -0.11912199854850769 0.04577400162816048 5.352293014526367 0.09190600365400314 -0.9156209826469421 -0.39139699935913086 1.8395099639892578 0.0 0.0 0.0 1.0
0.09540099650621414 -0.38513100147247314 0.9179180264472961 2.884553909301758 -0.9912530183792114 -0.12122800201177597 0.05215900018811226 5.35891580581665 0.09118899703025818 -0.9148650169372559 -0.3933280110359192 1.8423479795455933 0.0 0.0 0.0 1.0
0.09951800107955933 -0.38106000423431396 0.9191790223121643 2.886265993118286 -0.9910839796066284 -0.12021200358867645 0.05746699869632721 5.365200042724609 0.08859799802303314 -0.9167019724845886 -0.38962599635124207 1.8378030061721802 0.0 0.0 0.0 1.0
0.11042100191116333 -0.3813050091266632 0.9178310036659241 2.8928239345550537 -0.9899560213088989 -0.12422399967908859 0.06748999655246735 5.369154930114746 0.08828199654817581 -0.916064977645874 -0.3911919891834259 1.840069055557251 0.0 0.0 0.0 1.0
0.11775100231170654 -0.3802169859409332 0.9173709750175476 2.8975229263305664 -0.9892230033874512 -0.12586599588394165 0.07480599731206894 5.374228000640869 0.08702299743890762 -0.9162930250167847 -0.39094001054763794 1.8409130573272705 0.0 0.0 0.0 1.0
0.12974199652671814 -0.3759630024433136 0.917506992816925 2.9031670093536377 -0.9876459836959839 -0.13101500272750854 0.08597400039434433 5.376341819763184 0.08788400143384933 -0.9173259735107422 -0.38831600546836853 1.8385579586029053 0.0 0.0 0.0 1.0
0.13785600662231445 -0.3747180104255676 0.9168329834938049 2.907172918319702 -0.9864609837532043 -0.13496899604797363 0.09316299855709076 5.381298065185547 0.0888340026140213 -0.9172620177268982 -0.38825100660324097 1.8398710489273071 0.0 0.0 0.0 1.0
0.14865900576114655 -0.37196800112724304 0.9162650108337402 2.9126439094543457 -0.984919011592865 -0.13864099979400635 0.10351499915122986 5.385366916656494 0.08852700144052505 -0.9178339838981628 -0.3869679868221283 1.838299036026001 0.0 0.0 0.0 1.0
0.15834000706672668 -0.37102100253105164 0.9150260090827942 2.918440103530884 -0.9834929704666138 -0.1414629966020584 0.11282800137996674 5.391702175140381 0.08758100122213364 -0.9177860021591187 -0.38729599118232727 1.838718056678772 0.0 0.0 0.0 1.0
0.16629600524902344 -0.3677619993686676 0.914929986000061 2.9217560291290283 -0.9823660254478455 -0.1422020047903061 0.12139400094747543 5.398806095123291 0.08546099811792374 -0.918982982635498 -0.3849239945411682 1.8362849950790405 0.0 0.0 0.0 1.0
0.17603400349617004 -0.36545801162719727 0.9140310287475586 2.92586088180542 -0.9806730151176453 -0.1456640064716339 0.13062700629234314 5.40420389175415 0.08540300279855728 -0.9193599820137024 -0.38403600454330444 1.8355649709701538 0.0 0.0 0.0 1.0
0.18382099270820618 -0.3649289906024933 0.9127089977264404 2.9308550357818604 -0.9794269800186157 -0.1466580033302307 0.13862000405788422 5.413210868835449 0.08326999843120575 -0.9194120168685913 -0.3843800127506256 1.8324249982833862 0.0 0.0 0.0 1.0
0.19490200281143188 -0.3657819926738739 0.9100639820098877 2.935575008392334 -0.9775239825248718 -0.14847899973392487 0.14967100322246552 5.416950225830078 0.08037800341844559 -0.9187809824943542 -0.38649898767471313 1.8302769660949707 0.0 0.0 0.0 1.0
0.204816997051239 -0.36653199791908264 0.9075819849967957 2.9391889572143555 -0.9756309986114502 -0.15101200342178345 0.1591860055923462 5.420752048492432 0.07870899885892868 -0.918067991733551 -0.3885299861431122 1.8273719549179077 0.0 0.0 0.0 1.0
0.2149139940738678 -0.3683280050754547 0.9045150279998779 2.9446189403533936 -0.9734939932823181 -0.15499599277973175 0.16818800568580627 5.426905155181885 0.07824700325727463 -0.9166849851608276 -0.3918760120868683 1.8240820169448853 0.0 0.0 0.0 1.0
0.22662100195884705 -0.3721660077571869 0.9000750184059143 2.9509449005126953 -0.9705600142478943 -0.16370399296283722 0.17667900025844574 5.433137893676758 0.08159100264310837 -0.9136160016059875 -0.39830800890922546 1.8253200054168701 0.0 0.0 0.0 1.0
0.23517699539661407 -0.37411901354789734 0.8970659971237183 2.9551219940185547 -0.9684320092201233 -0.16868500411510468 0.18353700637817383 5.4404377937316895 0.08265700191259384 -0.9119099974632263 -0.401978999376297 1.8243869543075562 0.0 0.0 0.0 1.0
0.24502399563789368 -0.37303298711776733 0.8948799967765808 2.9586191177368164 -0.9659469723701477 -0.17307600378990173 0.19233499467372894 5.446234226226807 0.08313500136137009 -0.911532998085022 -0.40273699164390564 1.821416974067688 0.0 0.0 0.0 1.0
0.25456100702285767 -0.37545299530029297 0.8911979794502258 2.9626429080963135 -0.963653028011322 -0.1757429987192154 0.20121699571609497 5.455029010772705 0.08107399940490723 -0.910027027130127 -0.40654298663139343 1.8213679790496826 0.0 0.0 0.0 1.0
0.2683430016040802 -0.374116986989975 0.8877099752426147 2.9644839763641357 -0.9600780010223389 -0.17945300042629242 0.21458999812602997 5.459665775299072 0.07902000099420547 -0.909853994846344 -0.4073359966278076 1.819977045059204 0.0 0.0 0.0 1.0
0.28286999464035034 -0.3712260127067566 0.8844069838523865 2.966958999633789 -0.9561010003089905 -0.18269400298595428 0.22911599278450012 5.464302062988281 0.07652200013399124 -0.9103919863700867 -0.406607985496521 1.8206039667129517 0.0 0.0 0.0 1.0
0.2961390018463135 -0.363768994808197 0.8831620216369629 2.9663279056549072 -0.951994001865387 -0.1874680072069168 0.2420019954442978 5.470621109008789 0.07753100246191025 -0.9124299883842468 -0.4018220007419586 1.8171429634094238 0.0 0.0 0.0 1.0
0.30746200680732727 -0.36333200335502625 0.8794639706611633 2.968390941619873 -0.9485530257225037 -0.19044899940490723 0.2529360055923462 5.476868152618408 0.075593002140522 -0.9119859933853149 -0.4031960070133209 1.8155829906463623 0.0 0.0 0.0 1.0
0.31946301460266113 -0.3639349937438965 0.874925971031189 2.9692270755767822 -0.9446809887886047 -0.1947219967842102 0.26393601298332214 5.481413841247559 0.0743120014667511 -0.910843014717102 -0.4060089886188507 1.8153389692306519 0.0 0.0 0.0 1.0
0.3327629864215851 -0.3630580008029938 0.8703209757804871 2.9706690311431885 -0.9403049945831299 -0.197610005736351 0.27708700299263 5.484783172607422 0.07138500362634659 -0.9105709791183472 -0.4071429967880249 1.815106987953186 0.0 0.0 0.0 1.0
0.3483180105686188 -0.35958901047706604 0.8656619787216187 2.9724791049957275 -0.9346699714660645 -0.203358992934227 0.291610985994339 5.488776206970215 0.07118000090122223 -0.9106810092926025 -0.4069310128688812 1.8146599531173706 0.0 0.0 0.0 1.0
0.36313900351524353 -0.35594800114631653 0.8610640168190002 2.971920967102051 -0.9290120005607605 -0.20893000066280365 0.30542701482772827 5.493120193481445 0.07118599861860275 -0.910851001739502 -0.4065510034561157 1.8122199773788452 0.0 0.0 0.0 1.0
0.37625300884246826 -0.3533700108528137 0.856482982635498 2.970776081085205 -0.9238799810409546 -0.21279500424861908 0.31806498765945435 5.497828006744385 0.06985999643802643 -0.9109600186347961 -0.4065360128879547 1.8105030059814453 0.0 0.0 0.0 1.0
0.38960200548171997 -0.3515140116214752 0.8512629866600037 2.9732420444488525 -0.91839200258255 -0.21757900714874268 0.3304789960384369 5.502071857452393 0.06904900074005127 -0.9105479717254639 -0.40759700536727905 1.8106130361557007 0.0 0.0 0.0 1.0
0.4014599919319153 -0.3491939902305603 0.8466960191726685 2.9731760025024414 -0.9133949875831604 -0.22066299617290497 0.3420799970626831 5.503180027008057 0.06738200038671494 -0.9106990098953247 -0.4075390100479126 1.8105440139770508 0.0 0.0 0.0 1.0
0.41280099749565125 -0.3469110131263733 0.8421689867973328 2.9746930599212646 -0.9086030125617981 -0.22133700549602509 0.35418999195098877 5.504246234893799 0.06352999806404114 -0.9114069938659668 -0.40657299757003784 1.811972975730896 0.0 0.0 0.0 1.0
0.42393699288368225 -0.3437480032444 0.837922990322113 2.975132942199707 -0.9037410020828247 -0.22124800086021423 0.366472989320755 5.506843090057373 0.05941399931907654 -0.9126269817352295 -0.40445399284362793 1.8139419555664062 0.0 0.0 0.0 1.0
0.4360640048980713 -0.3384760022163391 0.833836019039154 2.976440906524658 -0.8981810212135315 -0.2212039977312088 0.3799220025539398 5.507719039916992 0.05585300177335739 -0.9146050214767456 -0.4004710018634796 1.8157850503921509 0.0 0.0 0.0 1.0
0.4483009874820709 -0.33027398586273193 0.8306300044059753 2.9745020866394043 -0.8921399712562561 -0.22331300377845764 0.3927049934864044 5.507089138031006 0.0557899996638298 -0.917087972164154 -0.3947620093822479 1.8160820007324219 0.0 0.0 0.0 1.0
0.4586179852485657 -0.3219909965991974 0.828245997428894 2.9730710983276367 -0.8867849707603455 -0.22592200338840485 0.40320301055908203 5.507307052612305 0.057291001081466675 -0.9193919897079468 -0.3891479969024658 1.8152610063552856 0.0 0.0 0.0 1.0
0.4726009964942932 -0.31685298681259155 0.8223450183868408 2.979728937149048 -0.8792300224304199 -0.23308700323104858 0.4154829978942871 5.501911163330078 0.06003100052475929 -0.9193879961967468 -0.3887439966201782 1.8224810361862183 0.0 0.0 0.0 1.0
0.4818440079689026 -0.30633699893951416 0.8209649920463562 2.975691080093384 -0.873986005783081 -0.23541900515556335 0.425119012594223 5.5025739669799805 0.06304100155830383 -0.922353982925415 -0.38116899132728577 1.817592978477478 0.0 0.0 0.0 1.0
0.493351012468338 -0.3016740083694458 0.815841019153595 2.974863052368164 -0.8675500154495239 -0.23851799964904785 0.43642398715019226 5.500853061676025 0.0629350021481514 -0.9230939745903015 -0.37939101457595825 1.8136889934539795 0.0 0.0 0.0 1.0
0.5048580169677734 -0.29917600750923157 0.8096979856491089 2.9744160175323486 -0.8607169985771179 -0.24559800326824188 0.44592300057411194 5.500002861022949 0.0654510036110878 -0.9220489859580994 -0.3814989924430847 1.8151639699935913 0.0 0.0 0.0 1.0
0.5130090117454529 -0.29566600918769836 0.8058559894561768 2.9764139652252197 -0.8557440042495728 -0.24972300231456757 0.4531460106372833 5.501195907592773 0.06726100295782089 -0.922074019908905 -0.38112398982048035 1.8178969621658325 0.0 0.0 0.0 1.0
0.5221700072288513 -0.29121899604797363 0.8015789985656738 2.977094888687134 -0.8502990007400513 -0.25029000639915466 0.46297600865364075 5.49513578414917 0.0658000037074089 -0.9233350157737732 -0.3783169984817505 1.8177410364151 0.0 0.0 0.0 1.0
0.5270349979400635 -0.28846099972724915 0.7993900179862976 2.9752299785614014 -0.8472089767456055 -0.25234800577163696 0.46750199794769287 5.498754978179932 0.06686799973249435 -0.9236400127410889 -0.3773829936981201 1.815418004989624 0.0 0.0 0.0 1.0
0.5365729928016663 -0.2875480055809021 0.7933499813079834 2.975939989089966 -0.841405987739563 -0.25387200713157654 0.4770599901676178 5.494731903076172 0.0642319992184639 -0.9235069751739502 -0.37816599011421204 1.8146770000457764 0.0 0.0 0.0 1.0
0.5456230044364929 -0.2862290143966675 0.787634015083313 2.975748062133789 -0.8356469869613647 -0.2566570043563843 0.48561400175094604 5.494572162628174 0.06315500289201736 -0.9231470227241516 -0.3792249858379364 1.8167070150375366 0.0 0.0 0.0 1.0
0.5559800267219543 -0.28261798620224 0.781673014163971 2.9752650260925293 -0.8288769721984863 -0.25870901346206665 0.4960170090198517 5.490384101867676 0.062043000012636185 -0.9236869812011719 -0.3780919909477234 1.816578984260559 0.0 0.0 0.0 1.0
0.5664780139923096 -0.281700998544693 0.7744330167770386 2.9769999980926514 -0.8218380212783813 -0.2623330056667328 0.5057299733161926 5.484576225280762 0.060694001615047455 -0.9229440093040466 -0.3801189959049225 1.818721055984497 0.0 0.0 0.0 1.0
0.5725070238113403 -0.27682000398635864 0.7717549800872803 2.9702000617980957 -0.8171910047531128 -0.26910001039505005 0.5096889734268188 5.4886980056762695 0.06658700108528137 -0.9224730134010315 -0.38027700781822205 1.8163000345230103 0.0 0.0 0.0 1.0
0.5813429951667786 -0.2765530049800873 0.7652180194854736 2.969789981842041 -0.8110600113868713 -0.2720629870891571 0.5178449749946594 5.487252235412598 0.06497599929571152 -0.9216830134391785 -0.3824630081653595 1.8166459798812866 0.0 0.0 0.0 1.0
0.5893020033836365 -0.2736009955406189 0.7601739764213562 2.9684460163116455 -0.8051789999008179 -0.2762340009212494 0.5247679948806763 5.487263202667236 0.06640899926424026 -0.9213230013847351 -0.3830839991569519 1.815574049949646 0.0 0.0 0.0 1.0
0.5967879891395569 -0.27141499519348145 0.7551010251045227 2.9675920009613037 -0.7995820045471191 -0.27994000911712646 0.5313209891319275 5.487574100494385 0.06717400252819061 -0.9208509922027588 -0.38408398628234863 1.8156720399856567 0.0 0.0 0.0 1.0
0.6041219830513 -0.27069100737571716 0.7495080232620239 2.968647003173828 -0.7942020297050476 -0.2817319929599762 0.5383960008621216 5.485567092895508 0.06542100012302399 -0.9205179810523987 -0.38518399000167847 1.8156440258026123 0.0 0.0 0.0 1.0
0.6100689768791199 -0.2693279981613159 0.745169997215271 2.9666309356689453 -0.7896429896354675 -0.28431200981140137 0.5437189936637878 5.486004829406738 0.06542199850082397 -0.9201239943504333 -0.38612300157546997 1.8149299621582031 0.0 0.0 0.0 1.0
0.6182780265808105 -0.2674799859523773 0.7390450239181519 2.966768980026245 -0.7832610011100769 -0.2875469923019409 0.5511980056762695 5.484393119812012 0.06507600098848343 -0.9196580052375793 -0.3872910141944885 1.8153749704360962 0.0 0.0 0.0 1.0
0.6255199909210205 -0.26513299345970154 0.7337769865989685 2.9637739658355713 -0.7775660157203674 -0.2891780138015747 0.5583609938621521 5.481001853942871 0.06415200233459473 -0.9198259711265564 -0.3870449960231781 1.8145780563354492 0.0 0.0 0.0 1.0
0.6310989856719971 -0.2657780051231384 0.7287489771842957 2.9634931087493896 -0.7732610106468201 -0.2900159955024719 0.5638769865036011 5.484340190887451 0.06148200109601021 -0.919376015663147 -0.3885450065135956 1.8162399530410767 0.0 0.0 0.0 1.0
0.6407830119132996 -0.26326099038124084 0.7211729884147644 2.965414047241211 -0.7653340101242065 -0.29308098554611206 0.5730329751968384 5.475407123565674 0.060504000633955 -0.9191280007362366 -0.38928401470184326 1.8170759677886963 0.0 0.0 0.0 1.0
0.6468570232391357 -0.26024800539016724 0.7168310284614563 2.963150978088379 -0.7601220011711121 -0.2959040105342865 0.5784940123558044 5.475142002105713 0.06156200170516968 -0.91908198595047 -0.3892279863357544 1.8161749839782715 0.0 0.0 0.0 1.0
0.6526119709014893 -0.2579509913921356 0.7124320268630981 2.96081805229187 -0.7552040219306946 -0.2975809872150421 0.5840479731559753 5.472661018371582 0.06134999915957451 -0.9191880226135254 -0.3890100121498108 1.8151589632034302 0.0 0.0 0.0 1.0
0.6579899787902832 -0.25654199719429016 0.7079790234565735 2.95989990234375 -0.7505040168762207 -0.30030301213264465 0.5886949896812439 5.472165107727051 0.06158300116658211 -0.9186969995498657 -0.39013200998306274 1.8149410486221313 0.0 0.0 0.0 1.0
0.6627100110054016 -0.2555299997329712 0.703931987285614 2.9584391117095947 -0.7463870048522949 -0.30195900797843933 0.5930659770965576 5.471158981323242 0.06101299822330475 -0.9184359908103943 -0.3908360004425049 1.8157689571380615 0.0 0.0 0.0 1.0
0.666923999786377 -0.25391098856925964 0.7005289793014526 2.956979990005493 -0.7426469922065735 -0.30313000082969666 0.5971500277519226 5.470702171325684 0.060729000717401505 -0.9184989929199219 -0.39073100686073303 1.8142039775848389 0.0 0.0 0.0 1.0
0.6708440184593201 -0.2509689927101135 0.697842001914978 2.954509973526001 -0.7389310002326965 -0.30594998598098755 0.6003130078315735 5.471412181854248 0.06284499913454056 -0.9183729887008667 -0.3906939923763275 1.8111040592193604 0.0 0.0 0.0 1.0
0.674917995929718 -0.2502090036869049 0.694176971912384 2.9529359340667725 -0.7350479960441589 -0.310494989156723 0.602741003036499 5.4708662033081055 0.06472700089216232 -0.9170539975166321 -0.3934740126132965 1.809798002243042 0.0 0.0 0.0 1.0
0.6786670088768005 -0.25155800580978394 0.6900209784507751 2.953907012939453 -0.7316219806671143 -0.31386199593544006 0.6051610112190247 5.4706501960754395 0.06433799862861633 -0.9155380129814148 -0.3970530033111572 1.808393955230713 0.0 0.0 0.0 1.0
0.6824380159378052 -0.2516289949417114 0.6862649917602539 2.951251983642578 -0.7279750108718872 -0.3185049891471863 0.6071299910545349 5.470623016357422 0.06580699980258942 -0.9139130115509033 -0.40053999423980713 1.8067610263824463 0.0 0.0 0.0 1.0
0.6905590295791626 -0.25064799189567566 0.6784570217132568 2.9531960487365723 -0.720130980014801 -0.32565298676490784 0.612667977809906 5.462646007537842 0.06737799942493439 -0.9116610288619995 -0.4053820073604584 1.8046070337295532 0.0 0.0 0.0 1.0
0.6940749883651733 -0.2484849989414215 0.6756590008735657 2.9485859870910645 -0.7162479758262634 -0.3328149914741516 0.6133710145950317 5.464613914489746 0.0724560022354126 -0.9096639752388 -0.4089759886264801 1.7985670566558838 0.0 0.0 0.0 1.0
0.6987149715423584 -0.250328004360199 0.6701740026473999 2.9476490020751953 -0.7116870284080505 -0.3385449945926666 0.6155400276184082 5.465465068817139 0.07279700040817261 -0.9070410132408142 -0.41470199823379517 1.7982250452041626 0.0 0.0 0.0 1.0
0.7033979892730713 -0.2518790066242218 0.664671003818512 2.9458909034729004 -0.7072029709815979 -0.34190401434898376 0.6188430190086365 5.46506404876709 0.07137999683618546 -0.9053500294685364 -0.41862401366233826 1.7962759733200073 0.0 0.0 0.0 1.0
0.707610011100769 -0.25265800952911377 0.6598880290985107 2.9431889057159424 -0.7029770016670227 -0.34622201323509216 0.6212520003318787 5.466485977172852 0.07150299847126007 -0.9034900069236755 -0.4226030111312866 1.793557047843933 0.0 0.0 0.0 1.0
0.7124459743499756 -0.25228598713874817 0.6548069715499878 2.9407570362091064 -0.6979489922523499 -0.3514620065689087 0.62397301197052 5.468125820159912 0.0727199986577034 -0.9015690088272095 -0.4264799952507019 1.790653944015503 0.0 0.0 0.0 1.0
0.7172939777374268 -0.25507301092147827 0.6484040021896362 2.9407830238342285 -0.6932029724121094 -0.35529500246047974 0.6270849704742432 5.469610214233398 0.07042200118303299 -0.8992800116539001 -0.4316680133342743 1.7898319959640503 0.0 0.0 0.0 1.0
0.7227240204811096 -0.2560040056705475 0.6419749855995178 2.940248966217041 -0.6876810193061829 -0.3591350018978119 0.6309660077095032 5.469311237335205 0.06902600079774857 -0.897487998008728 -0.4356040060520172 1.78780996799469 0.0 0.0 0.0 1.0
0.7271149754524231 -0.25755199790000916 0.636372983455658 2.938365936279297 -0.6830620169639587 -0.3642669916152954 0.6330369710922241 5.471330165863037 0.06876900047063828 -0.8949729800224304 -0.44078800082206726 1.7860980033874512 0.0 0.0 0.0 1.0
0.731115996837616 -0.26026201248168945 0.6306610107421875 2.93648099899292 -0.6789990067481995 -0.36774900555610657 0.6353909969329834 5.473968982696533 0.06655699759721756 -0.8927620053291321 -0.4455850124359131 1.7835489511489868 0.0 0.0 0.0 1.0
0.74092698097229 -0.25935399532318115 0.6194850206375122 2.9434139728546143 -0.6684769988059998 -0.37345099449157715 0.6431739926338196 5.466609954833984 0.06453800201416016 -0.8906570076942444 -0.4500730037689209 1.781872034072876 0.0 0.0 0.0 1.0
0.7449439764022827 -0.25971901416778564 0.6144949793815613 2.9398200511932373 -0.6641179919242859 -0.3760949969291687 0.6461430191993713 5.466911792755127 0.06329300254583359 -0.8894370198249817 -0.4526529908180237 1.7770899534225464 0.0 0.0 0.0 1.0
0.7504950165748596 -0.26076099276542664 0.6072570085525513 2.9381189346313477 -0.6579909920692444 -0.3805939853191376 0.6497660279273987 5.464425086975098 0.06168400123715401 -0.8872159719467163 -0.45721200108528137 1.7737120389938354 0.0 0.0 0.0 1.0
0.754082977771759 -0.2641580104827881 0.6013150215148926 2.938170909881592 -0.6540110111236572 -0.3859809935092926 0.6506059765815735 5.4698920249938965 0.06023300066590309 -0.8838779926300049 -0.46382400393486023 1.7728090286254883 0.0 0.0 0.0 1.0
0.7585359811782837 -0.2634719908237457 0.5959910154342651 2.9353480339050293 -0.6487429738044739 -0.3913550078868866 0.6526669859886169 5.4711408615112305 0.06128399819135666 -0.8817160129547119 -0.46778300404548645 1.7694710493087769 0.0 0.0 0.0 1.0
0.7619820237159729 -0.26510199904441833 0.5908510088920593 2.9300880432128906 -0.6447489857673645 -0.3960469961166382 0.6537929773330688 5.472287178039551 0.0606830008327961 -0.8791289925575256 -0.47270500659942627 1.7665740251541138 0.0 0.0 0.0 1.0
0.7665179967880249 -0.26557400822639465 0.5847399830818176 2.9297709465026855 -0.6393010020256042 -0.4022830128669739 0.6553339958190918 5.475117206573486 0.061191000044345856 -0.8761500120162964 -0.4781390130519867 1.7631759643554688 0.0 0.0 0.0 1.0
0.7706890106201172 -0.2662310004234314 0.5789300203323364 2.9266529083251953 -0.6342039704322815 -0.40865299105644226 0.656345009803772 5.4757819175720215 0.06184300035238266 -0.872996985912323 -0.48378899693489075 1.7604620456695557 0.0 0.0 0.0 1.0
0.7749940156936646 -0.2655999958515167 0.5734469890594482 2.924149990081787 -0.6287800073623657 -0.41510799527168274 0.6575109958648682 5.475611209869385 0.06340699642896652 -0.8701390027999878 -0.4887099862098694 1.756561040878296 0.0 0.0 0.0 1.0
0.7792189717292786 -0.26721400022506714 0.5669339895248413 2.924452066421509 -0.6235190033912659 -0.4222620129585266 0.6579660177230835 5.478522777557373 0.06357599794864655 -0.8661940097808838 -0.49564799666404724 1.7552579641342163 0.0 0.0 0.0 1.0
0.7863969802856445 -0.2649730145931244 0.5580040216445923 2.930018901824951 -0.6143310070037842 -0.429982990026474 0.6615980267524719 5.4755167961120605 0.06462699919939041 -0.8630779981613159 -0.500918984413147 1.750952959060669 0.0 0.0 0.0 1.0
0.7901110053062439 -0.2659820020198822 0.552249014377594 2.9271109104156494 -0.6094989776611328 -0.43657198548316956 0.6617519855499268 5.4783101081848145 0.06508199870586395 -0.8594520092010498 -0.5070559978485107 1.7476929426193237 0.0 0.0 0.0 1.0
0.7944319844245911 -0.2680889964103699 0.5449830293655396 2.9263839721679688 -0.6040419936180115 -0.4423370063304901 0.662926971912384 5.478589057922363 0.06334300339221954 -0.8558430075645447 -0.5133429765701294 1.7450779676437378 0.0 0.0 0.0 1.0
0.7979120016098022 -0.27028700709342957 0.5387780070304871 2.9229190349578857 -0.5996310114860535 -0.44707998633384705 0.6637489795684814 5.478652000427246 0.06147399917244911 -0.8526809811592102 -0.5188030004501343 1.7421480417251587 0.0 0.0 0.0 1.0
0.8019670248031616 -0.27181699872016907 0.5319439768791199 2.92130708694458 -0.5943210124969482 -0.4528779983520508 0.664592981338501 5.4792680740356445 0.06025800108909607 -0.8491269946098328 -0.5247399806976318 1.7394789457321167 0.0 0.0 0.0 1.0
0.8057330250740051 -0.2739560008049011 0.5251110196113586 2.9189341068267822 -0.5893750190734863 -0.4585460126399994 0.6651120185852051 5.478226184844971 0.05857599899172783 -0.8453900218009949 -0.5309280157089233 1.7363710403442383 0.0 0.0 0.0 1.0
0.8094450235366821 -0.2751480042934418 0.5187410116195679 2.917833089828491 -0.5843049883842468 -0.46497198939323425 0.6651229858398438 5.479698181152344 0.05819299817085266 -0.8414829969406128 -0.5371400117874146 1.7326339483261108 0.0 0.0 0.0 1.0
0.8130319714546204 -0.2763899862766266 0.5124319791793823 2.9147119522094727 -0.5793989896774292 -0.4706119894981384 0.6654490232467651 5.477217197418213 0.05723299831151962 -0.8379340171813965 -0.5427629947662354 1.728276014328003 0.0 0.0 0.0 1.0
0.8166499733924866 -0.27768900990486145 0.5059360265731812 2.9139211177825928 -0.5743240118026733 -0.47740301489830017 0.6650099754333496 5.4791951179504395 0.0568699985742569 -0.8336520195007324 -0.5493549704551697 1.7251980304718018 0.0 0.0 0.0 1.0
0.8216630220413208 -0.277182012796402 0.4980359971523285 2.9125869274139404 -0.5672670006752014 -0.48274099826812744 0.6672099828720093 5.475799083709717 0.05548400059342384 -0.8307409882545471 -0.5538870096206665 1.719614028930664 0.0 0.0 0.0 1.0
0.8284879922866821 -0.2747960090637207 0.48794999718666077 2.917402982711792 -0.5571789741516113 -0.4919529855251312 0.6689800024032593 5.468894004821777 0.05621600151062012 -0.8261169791221619 -0.5606880187988281 1.7117069959640503 0.0 0.0 0.0 1.0
0.8318970203399658 -0.2782280147075653 0.4801430106163025 2.916538953781128 -0.552187979221344 -0.5009469985961914 0.6664389967918396 5.4698028564453125 0.05510399863123894 -0.8195369839668274 -0.5703700184822083 1.7077419757843018 0.0 0.0 0.0 1.0
0.8355460166931152 -0.2823120057582855 0.471341997385025 2.9167110919952393 -0.5469340085983276 -0.5089200139045715 0.6647289991378784 5.470231056213379 0.05221499875187874 -0.8132039904594421 -0.579630970954895 1.7056260108947754 0.0 0.0 0.0 1.0
0.8390840291976929 -0.2838119864463806 0.46410098671913147 2.9171810150146484 -0.541575014591217 -0.5163149833679199 0.6634119749069214 5.469947814941406 0.05133799836039543 -0.8080030083656311 -0.5869370102882385 1.7012310028076172 0.0 0.0 0.0 1.0
0.8420429825782776 -0.2848379909992218 0.45807400345802307 2.9147450923919678 -0.5369030237197876 -0.5243690013885498 0.6608880162239075 5.468238830566406 0.0519540011882782 -0.8024370074272156 -0.5944709777832031 1.6975769996643066 0.0 0.0 0.0 1.0
0.8452829718589783 -0.2848869860172272 0.45203500986099243 2.9118640422821045 -0.5317829847335815 -0.5308679938316345 0.6598380208015442 5.465527057647705 0.05199199914932251 -0.798134982585907 -0.6002309918403625 1.6932389736175537 0.0 0.0 0.0 1.0
0.8486629724502563 -0.28578200936317444 0.44508400559425354 2.9100799560546875 -0.5264549851417542 -0.5377539992332458 0.658532977104187 5.4633660316467285 0.05114800110459328 -0.7931889891624451 -0.6068230271339417 1.689067006111145 0.0 0.0 0.0 1.0
0.8512009978294373 -0.29000601172447205 0.4374389946460724 2.91025710105896 -0.5226659774780273 -0.5441759824752808 0.6562719941139221 5.464231967926025 0.04772099852561951 -0.7872539758682251 -0.6147800087928772 1.6874710321426392 0.0 0.0 0.0 1.0
0.8539530038833618 -0.2918350100517273 0.43081000447273254 2.907984972000122 -0.5184640288352966 -0.5476379990577698 0.6567260026931763 5.461668014526367 0.04427200183272362 -0.784171998500824 -0.6189619898796082 1.6841490268707275 0.0 0.0 0.0 1.0
0.8567259907722473 -0.2935220003128052 0.4241049885749817 2.9085750579833984 -0.5141929984092712 -0.5503439903259277 0.6578199863433838 5.462226867675781 0.04031899943947792 -0.7816429734230042 -0.6224210262298584 1.6805919408798218 0.0 0.0 0.0 1.0
0.8591809868812561 -0.29368698596954346 0.4189929962158203 2.9094860553741455 -0.5102329850196838 -0.5531179904937744 0.6585760116577148 5.459856986999512 0.03833800181746483 -0.7796210050582886 -0.6250770092010498 1.6757299900054932 0.0 0.0 0.0 1.0
0.8615139722824097 -0.29406100511550903 0.413908988237381 2.9112210273742676 -0.5063319802284241 -0.5581089854240417 0.6573759913444519 5.461594104766846 0.03769800066947937 -0.7759140133857727 -0.6297119855880737 1.672353982925415 0.0 0.0 0.0 1.0
0.8633180260658264 -0.294607013463974 0.40974199771881104 2.909550905227661 -0.503233015537262 -0.5635740160942078 0.6550890207290649 5.461330890655518 0.037925999611616135 -0.7717459797859192 -0.6348000168800354 1.6694530248641968 0.0 0.0 0.0 1.0
0.8657519817352295 -0.29490500688552856 0.40435799956321716 2.9089059829711914 -0.49904799461364746 -0.5696370005607605 0.6530420184135437 5.461756229400635 0.037751998752355576 -0.7671669721603394 -0.6403359770774841 1.668408989906311 0.0 0.0 0.0 1.0
0.8686019778251648 -0.2923260033130646 0.40009400248527527 2.908691883087158 -0.49390798807144165 -0.5756549835205078 0.6516720056533813 5.462111949920654 0.0398159995675087 -0.7636539936065674 -0.6443970203399658 1.6665019989013672 0.0 0.0 0.0 1.0
0.8710749745368958 -0.28989601135253906 0.39647001028060913 2.90598201751709 -0.4894329905509949 -0.5797939896583557 0.6513789892196655 5.463070869445801 0.04103900119662285 -0.7614459991455078 -0.6469290256500244 1.6645309925079346 0.0 0.0 0.0 1.0
0.8738719820976257 -0.28769099712371826 0.39189401268959045 2.9035069942474365 -0.4844450056552887 -0.5828729867935181 0.6523590087890625 5.463115215301514 0.04074700176715851 -0.7599300146102905 -0.6487269997596741 1.6637239456176758 0.0 0.0 0.0 1.0
0.8774319887161255 -0.28371500968933105 0.38680601119995117 2.9036929607391357 -0.47796401381492615 -0.585627019405365 0.6546679735183716 5.464595794677734 0.04078499972820282 -0.7593070268630981 -0.6494539976119995 1.6626620292663574 0.0 0.0 0.0 1.0
0.879971981048584 -0.28201600909233093 0.38225099444389343 2.902318000793457 -0.4733940064907074 -0.5872610211372375 0.6565229892730713 5.467559814453125 0.03933100029826164 -0.7586780190467834 -0.6502779722213745 1.6631020307540894 0.0 0.0 0.0 1.0
0.8828679919242859 -0.27985599637031555 0.37712499499320984 2.900937080383301 -0.46812599897384644 -0.588454008102417 0.6592270135879517 5.470998764038086 0.037432000041007996 -0.7585530281066895 -0.650534987449646 1.6644699573516846 0.0 0.0 0.0 1.0
0.885936975479126 -0.2752319872379303 0.37331199645996094 2.896703004837036 -0.46234801411628723 -0.5878250002861023 0.6638489961624146 5.471932888031006 0.036729998886585236 -0.7607290148735046 -0.6480299830436707 1.664317011833191 0.0 0.0 0.0 1.0
0.8894050121307373 -0.26973098516464233 0.3690580129623413 2.895019054412842 -0.45568498969078064 -0.587086021900177 0.6690899729728699 5.476491928100586 0.036194998770952225 -0.7632660269737244 -0.6450700163841248 1.6643550395965576 0.0 0.0 0.0 1.0
0.8920689821243286 -0.267551988363266 0.3641810119152069 2.890718936920166 -0.4506469964981079 -0.5866249799728394 0.6728960275650024 5.478054046630859 0.0336030013859272 -0.7643870115280151 -0.6438810229301453 1.6652530431747437 0.0 0.0 0.0 1.0
0.8957539796829224 -0.2630020081996918 0.3584049940109253 2.890326976776123 -0.4433239996433258 -0.5882959961891174 0.6762930154800415 5.48260498046875 0.0329819992184639 -0.7646819949150085 -0.643563985824585 1.6661349534988403 0.0 0.0 0.0 1.0
0.8991609811782837 -0.2573370039463043 0.35395801067352295 2.888192892074585 -0.43634799122810364 -0.5887709856033325 0.680404007434845 5.486775875091553 0.03330700099468231 -0.7662420272827148 -0.6416890025138855 1.6662520170211792 0.0 0.0 0.0 1.0
0.9016500115394592 -0.2525379955768585 0.35107100009918213 2.883678913116455 -0.43113699555397034 -0.5884810090065002 0.6839669942855835 5.48914098739624 0.03387099876999855 -0.7680590152740479 -0.6394829750061035 1.664870023727417 0.0 0.0 0.0 1.0
0.904217004776001 -0.2492779940366745 0.34677401185035706 2.8823130130767822 -0.42572900652885437 -0.590503990650177 0.685608983039856 5.493239879608154 0.03386399894952774 -0.767570972442627 -0.640067994594574 1.6651309728622437 0.0 0.0 0.0 1.0
0.9064159989356995 -0.24739700555801392 0.3423500061035156 2.8810529708862305 -0.42112401127815247 -0.5918880105018616 0.6872580051422119 5.4993391036987305 0.032607000321149826 -0.767113983631134 -0.6406819820404053 1.6671459674835205 0.0 0.0 0.0 1.0
0.9091209769248962 -0.24383200705051422 0.3377059996128082 2.8790390491485596 -0.4153690040111542 -0.5912650227546692 0.6912840008735657 5.503211975097656 0.031116999685764313 -0.768733024597168 -0.6388120055198669 1.66954505443573 0.0 0.0 0.0 1.0
0.9120380282402039 -0.2394070029258728 0.33297300338745117 2.8798460960388184 -0.409078985452652 -0.5885220170021057 0.6973490118980408 5.510249137878418 0.029012000188231468 -0.772221028804779 -0.6346909999847412 1.6715339422225952 0.0 0.0 0.0 1.0
0.9148939847946167 -0.23428300023078918 0.32875698804855347 2.8783578872680664 -0.40273499488830566 -0.5858359932899475 0.7032790184020996 5.513759136199951 0.027830999344587326 -0.7758269906044006 -0.6303319931030273 1.6738150119781494 0.0 0.0 0.0 1.0
0.9171239733695984 -0.231672003865242 0.3243640065193176 2.8781468868255615 -0.3978489935398102 -0.5820609927177429 0.7091699838638306 5.520626068115234 0.024505000561475754 -0.7794439792633057 -0.6259920001029968 1.6772910356521606 0.0 0.0 0.0 1.0
0.9191409945487976 -0.22717900574207306 0.321821004152298 2.875777006149292 -0.3932430148124695 -0.5772719979286194 0.7156239748001099 5.5253729820251465 0.02320300042629242 -0.7843130230903625 -0.6199309825897217 1.6791629791259766 0.0 0.0 0.0 1.0
0.9206780195236206 -0.22320400178432465 0.3202050030231476 2.876188039779663 -0.38968899846076965 -0.5723249912261963 0.721517026424408 5.531900882720947 0.02221599966287613 -0.7890650033950806 -0.6139079928398132 1.68059504032135 0.0 0.0 0.0 1.0
0.9216279983520508 -0.22058899700641632 0.31928500533103943 2.87493896484375 -0.3874950110912323 -0.5680390000343323 0.7260710000991821 5.535848140716553 0.021203000098466873 -0.7928879857063293 -0.6089980006217957 1.683506965637207 0.0 0.0 0.0 1.0
0.9228280186653137 -0.21626399457454681 0.3187769949436188 2.873631000518799 -0.38460201025009155 -0.5638499855995178 0.7308589816093445 5.542578220367432 0.02168400026857853 -0.7970589995384216 -0.6035119891166687 1.6860740184783936 0.0 0.0 0.0 1.0
0.9237970113754272 -0.21288399398326874 0.318244993686676 2.87036395072937 -0.3822749853134155 -0.5596529841423035 0.7352920174598694 5.547021865844727 0.021573999896645546 -0.8009170293807983 -0.5983859896659851 1.6874899864196777 0.0 0.0 0.0 1.0
0.9256830215454102 -0.20851099491119385 0.3156470060348511 2.8712990283966064 -0.37767601013183594 -0.5572469830513 0.7394840121269226 5.554127216339111 0.021702000871300697 -0.8037409782409668 -0.5945829749107361 1.689046025276184 0.0 0.0 0.0 1.0
0.9270780086517334 -0.20474199950695038 0.31401699781417847 2.8719871044158936 -0.37422001361846924 -0.5546889901161194 0.7431550025939941 5.560556888580322 0.022027000784873962 -0.806473970413208 -0.5908589959144592 1.6906510591506958 0.0 0.0 0.0 1.0
0.9279040098190308 -0.2017509937286377 0.31351199746131897 2.8701510429382324 -0.37214499711990356 -0.5517449975013733 0.7463819980621338 5.566396236419678 0.02239600010216236 -0.8092430233955383 -0.5870479941368103 1.6922789812088013 0.0 0.0 0.0 1.0
0.9288219809532166 -0.20006300508975983 0.3118709921836853 2.869168996810913 -0.3698880076408386 -0.5499889850616455 0.7487949728965759 5.5721659660339355 0.021719999611377716 -0.8108559846878052 -0.5848429799079895 1.6964080333709717 0.0 0.0 0.0 1.0
0.9296079874038696 -0.197503000497818 0.3111630082130432 2.8688220977783203 -0.36792099475860596 -0.5466639995574951 0.7521920204162598 5.578057765960693 0.02154099941253662 -0.8137270212173462 -0.5808489918708801 1.6984330415725708 0.0 0.0 0.0 1.0
0.9304810166358948 -0.1943410038948059 0.3105430006980896 2.8676979541778564 -0.365678995847702 -0.5436369776725769 0.7554720044136047 5.584158897399902 0.02200400084257126 -0.8165109753608704 -0.5769100189208984 1.69964599609375 0.0 0.0 0.0 1.0
0.931236982345581 -0.19209299981594086 0.309675008058548 2.866054058074951 -0.363770991563797 -0.540507972240448 0.7586320042610168 5.58907413482666 0.021654000505805016 -0.81911700963974 -0.5732179880142212 1.7008659839630127 0.0 0.0 0.0 1.0
0.9326459765434265 -0.1888200044631958 0.3074379861354828 2.8659780025482178 -0.3601349890232086 -0.5386229753494263 0.7617009878158569 5.595554828643799 0.021769000217318535 -0.8211169838905334 -0.5703449845314026 1.7010730504989624 0.0 0.0 0.0 1.0
0.9340109825134277 -0.18713800609111786 0.30430498719215393 2.8638720512390137 -0.35664400458335876 -0.5377410054206848 0.763962984085083 5.598095893859863 0.020670000463724136 -0.8220790028572083 -0.5689979791641235 1.7004270553588867 0.0 0.0 0.0 1.0
0.9361410140991211 -0.18424999713897705 0.2994840145111084 2.8634729385375977 -0.35103100538253784 -0.5391110181808472 0.765595018863678 5.603725910186768 0.02039399929344654 -0.8218340277671814 -0.5693619847297668 1.702133059501648 0.0 0.0 0.0 1.0
0.9379760026931763 -0.1798110008239746 0.296425998210907 2.8625450134277344 -0.34600600600242615 -0.539555013179779 0.7675679922103882 5.609288215637207 0.021920999512076378 -0.8225259780883789 -0.5683050155639648 1.7033679485321045 0.0 0.0 0.0 1.0
0.9398090243339539 -0.17569899559020996 0.29306700825691223 2.863460063934326 -0.34094199538230896 -0.5392619967460632 0.770035982131958 5.6140642166137695 0.022745000198483467 -0.823606014251709 -0.5667070150375366 1.7054719924926758 0.0 0.0 0.0 1.0
0.9410849809646606 -0.17072400450706482 0.29190999269485474 2.8629040718078613 -0.3372499942779541 -0.5374330282211304 0.7729349732398987 5.6215691566467285 0.02492300048470497 -0.8258450031280518 -0.5633469820022583 1.7089849710464478 0.0 0.0 0.0 1.0
0.9425100088119507 -0.16480499505996704 0.29071399569511414 2.861999988555908 -0.33309799432754517 -0.5332229733467102 0.7776370048522949 5.62611198425293 0.026856999844312668 -0.8297659754753113 -0.5574640035629272 1.711838960647583 0.0 0.0 0.0 1.0
0.9437950253486633 -0.16078899800777435 0.28878799080848694 2.861931085586548 -0.3295159935951233 -0.526170015335083 0.7839419841766357 5.6287760734558105 0.025901999324560165 -0.8350409865379333 -0.5495780110359192 1.713170051574707 0.0 0.0 0.0 1.0
0.946029007434845 -0.15523600578308105 0.28448501229286194 2.8610639572143555 -0.32308998703956604 -0.5204169750213623 0.7904300093650818 5.630555152893066 0.025348000228405 -0.8396829962730408 -0.5424849987030029 1.7137110233306885 0.0 0.0 0.0 1.0
0.9481679797172546 -0.15083500742912292 0.27969101071357727 2.8583528995513916 -0.3168199956417084 -0.5167310237884521 0.7953709959983826 5.6331000328063965 0.02455499954521656 -0.8427559733390808 -0.5377349853515625 1.7146329879760742 0.0 0.0 0.0 1.0
0.9514660239219666 -0.14552299678325653 0.27117499709129333 2.861401081085205 -0.30686599016189575 -0.5155280232429504 0.8000400066375732 5.638251781463623 0.023374000564217567 -0.8444250226020813 -0.5351629853248596 1.7180999517440796 0.0 0.0 0.0 1.0
0.9549580216407776 -0.13794000446796417 0.26273098587989807 2.8630120754241943 -0.29581400752067566 -0.512453019618988 0.8061550259590149 5.639983177185059 0.023437000811100006 -0.8475639820098877 -0.5301759839057922 1.7194119691848755 0.0 0.0 0.0 1.0
0.9577789902687073 -0.1311340034008026 0.25585898756980896 2.862514019012451 -0.28648999333381653 -0.5100359916687012 0.8110399842262268 5.64040994644165 0.024142999202013016 -0.8500980138778687 -0.5260710120201111 1.7198150157928467 0.0 0.0 0.0 1.0
0.9609709978103638 -0.12280900031328201 0.24789400398731232 2.8605151176452637 -0.27541598677635193 -0.5091390013694763 0.8154289722442627 5.6402788162231445 0.02607000060379505 -0.8518779873847961 -0.5230910181999207 1.7200180292129517 0.0 0.0 0.0 1.0
0.9645709991455078 -0.11612799763679504 0.23688900470733643 2.8601651191711426 -0.26255500316619873 -0.5104309916496277 0.8188560009002686 5.639019012451172 0.02582399919629097 -0.852042019367218 -0.5228369832038879 1.7204240560531616 0.0 0.0 0.0 1.0
0.9681159853935242 -0.10779999941587448 0.2261189967393875 2.8603909015655518 -0.2490369975566864 -0.511618971824646 0.8223299980163574 5.641637802124023 0.02703999914228916 -0.8524230122566223 -0.5221530199050903 1.724998950958252 0.0 0.0 0.0 1.0
0.9715710282325745 -0.09771300107240677 0.21564500033855438 2.861212968826294 -0.23505499958992004 -0.5069310069084167 0.8293190002441406 5.64279317855835 0.02828199975192547 -0.8564299941062927 -0.515487015247345 1.7300889492034912 0.0 0.0 0.0 1.0
0.9744129776954651 -0.08709999918937683 0.20720399916172028 2.855268955230713 -0.22270700335502625 -0.4986500144004822 0.8377060294151306 5.6396379470825195 0.030357999727129936 -0.8624169826507568 -0.5052880048751831 1.730002999305725 0.0 0.0 0.0 1.0
0.977645993232727 -0.07980500161647797 0.19452500343322754 2.856825113296509 -0.20813900232315063 -0.49836599826812744 0.8416119813919067 5.638363838195801 0.02978000044822693 -0.863286018371582 -0.5038350224494934 1.7279289960861206 0.0 0.0 0.0 1.0
0.980525016784668 -0.07209800183773041 0.18268099427223206 2.857161045074463 -0.19388499855995178 -0.5035640001296997 0.8419219851493835 5.637406826019287 0.031289998441934586 -0.8609439730644226 -0.5077360272407532 1.7290560007095337 0.0 0.0 0.0 1.0
0.9827569723129272 -0.0634789988398552 0.17366300523281097 2.8560609817504883 -0.18168500065803528 -0.50593501329422 0.8432199954986572 5.63779878616333 0.03433600068092346 -0.8602330088615417 -0.5087440013885498 1.7321120500564575 0.0 0.0 0.0 1.0
0.9847589731216431 -0.05586300045251846 0.1647060066461563 2.854990005493164 -0.1701900064945221 -0.5046300292015076 0.8463950157165527 5.6357622146606445 0.035833001136779785 -0.8615260124206543 -0.5064470171928406 1.7332170009613037 0.0 0.0 0.0 1.0
0.9865739941596985 -0.048114001750946045 0.1560640037059784 2.854245901107788 -0.1588660031557083 -0.5042009949684143 0.8488479852676392 5.634974956512451 0.037845999002456665 -0.8622450232505798 -0.505075991153717 1.7342380285263062 0.0 0.0 0.0 1.0
0.9881399869918823 -0.04156700149178505 0.14782099425792694 2.854300022125244 -0.14845800399780273 -0.5045570135116577 0.8505190014839172 5.634439945220947 0.03923000022768974 -0.8623769879341125 -0.5047439932823181 1.7363829612731934 0.0 0.0 0.0 1.0
0.9894610047340393 -0.03600199893116951 0.14024999737739563 2.8551321029663086 -0.13919800519943237 -0.503246009349823 0.8528580069541931 5.636013984680176 0.039875999093055725 -0.8633930087089539 -0.5029540061950684 1.7387559413909912 0.0 0.0 0.0 1.0
0.9907159805297852 -0.03043299913406372 0.1325010061264038 2.8550899028778076 -0.129831001162529 -0.5009199976921082 0.8557000160217285 5.636254787445068 0.04033000022172928 -0.8649579882621765 -0.5002210140228271 1.7411340475082397 0.0 0.0 0.0 1.0
0.9919520020484924 -0.025661999359726906 0.12398699671030045 2.8589611053466797 -0.12027399986982346 -0.4969770014286041 0.8593890070915222 5.632798194885254 0.03956500068306923 -0.8673850297927856 -0.4960629940032959 1.7399400472640991 0.0 0.0 0.0 1.0
0.992825984954834 -0.020486999303102493 0.11780299991369247 2.8589649200439453 -0.11244700103998184 -0.49497801065444946 0.8615990281105042 5.6334710121154785 0.040658000856637955 -0.868664026260376 -0.49373000860214233 1.7402650117874146 0.0 0.0 0.0 1.0
0.9936389923095703 -0.015876000747084618 0.11148999631404877 2.8593339920043945 -0.10472600162029266 -0.494269996881485 0.8629779815673828 5.6336541175842285 0.041405998170375824 -0.869163990020752 -0.4927879869937897 1.7413049936294556 0.0 0.0 0.0 1.0
0.9942280054092407 -0.010910999961197376 0.10672999918460846 2.8591129779815674 -0.0981760025024414 -0.4937019944190979 0.8640720248222351 5.635876178741455 0.043264999985694885 -0.8695629835128784 -0.491923987865448 1.742467999458313 0.0 0.0 0.0 1.0
0.99480801820755 -0.007340000011026859 0.10150700062513351 2.859013080596924 -0.0919250026345253 -0.4928080141544342 0.8652690052986145 5.6358771324157715 0.043671999126672745 -0.8701069951057434 -0.4909229874610901 1.7426559925079346 0.0 0.0 0.0 1.0
0.995406985282898 -0.005067999940365553 0.09559600055217743 2.858083963394165 -0.08567500114440918 -0.4926609992980957 0.8659939765930176 5.6360859870910645 0.04270799830555916 -0.8702070116996765 -0.49083301424980164 1.7433120012283325 0.0 0.0 0.0 1.0
0.9960470199584961 -0.0026279999874532223 0.08879300206899643 2.8574650287628174 -0.078575000166893 -0.49234500527381897 0.8668469786643982 5.635974884033203 0.0414390005171299 -0.8703960180282593 -0.4906049966812134 1.7429660558700562 0.0 0.0 0.0 1.0
0.9966639876365662 0.0008740000193938613 0.08160799741744995 2.857805013656616 -0.07059600204229355 -0.492484986782074 0.8674529790878296 5.637518882751465 0.04094799980521202 -0.8703209757804871 -0.4907799959182739 1.743373990058899 0.0 0.0 0.0 1.0
0.9972689747810364 0.004201000090688467 0.07373999804258347 2.858315944671631 -0.062095001339912415 -0.4928950071334839 0.8678699731826782 5.639391899108887 0.03999200090765953 -0.870078980922699 -0.4912880063056946 1.7440240383148193 0.0 0.0 0.0 1.0
0.9977229833602905 0.007877999916672707 0.06699000298976898 2.858009099960327 -0.05443299934267998 -0.492484986782074 0.8686169981956482 5.640182971954346 0.039834000170230865 -0.8702849745750427 -0.49093499779701233 1.7444239854812622 0.0 0.0 0.0 1.0
0.9982060194015503 0.012480000033974648 0.05855099856853485 2.862713098526001 -0.04486199840903282 -0.49167901277542114 0.8696209788322449 5.64200496673584 0.03964100033044815 -0.8706870079040527 -0.4902369976043701 1.743906021118164 0.0 0.0 0.0 1.0
0.9983320236206055 0.016690000891685486 0.05527200177311897 2.8577959537506104 -0.039872001856565475 -0.49309098720550537 0.8690639734268188 5.642788887023926 0.04175899922847748 -0.8698179721832275 -0.49160298705101013 1.7453809976577759 0.0 0.0 0.0 1.0
0.9986000061035156 0.018603000789880753 0.049515001475811005 2.858247995376587 -0.03387400135397911 -0.4940580129623413 0.8687689900398254 5.643898010253906 0.04062499850988388 -0.8692299723625183 -0.49273601174354553 1.7468299865722656 0.0 0.0 0.0 1.0
0.9987850189208984 0.021189000457525253 0.04450099915266037 2.8585360050201416 -0.028272999450564384 -0.49325498938560486 0.8694249987602234 5.645675182342529 0.040373001247644424 -0.8696269989013672 -0.4920560121536255 1.7473360300064087 0.0 0.0 0.0 1.0
0.9989190101623535 0.024096999317407608 0.03974499925971031 2.8596999645233154 -0.02274399995803833 -0.49232199788093567 0.8701159954071045 5.646462917327881 0.04053400084376335 -0.8700799942016602 -0.491241991519928 1.7464079856872559 0.0 0.0 0.0 1.0
0.9990180134773254 0.026750000193715096 0.03533399850130081 2.8619980812072754 -0.017551999539136887 -0.49328699707984924 0.8696900010108948 5.648828983306885 0.04069500043988228 -0.8694549798965454 -0.49233299493789673 1.74611496925354 0.0 0.0 0.0 1.0
0.9990460276603699 0.029239000752568245 0.03244800120592117 2.8624229431152344 -0.01372000016272068 -0.4952250123023987 0.8686569929122925 5.650628089904785 0.041467998176813126 -0.8682730197906494 -0.49435099959373474 1.7469600439071655 0.0 0.0 0.0 1.0
0.9990040063858032 0.032983001321554184 0.030035000294446945 2.8634490966796875 -0.00970499962568283 -0.4964759945869446 0.8679959774017334 5.651638031005859 0.04354099929332733 -0.8674240112304688 -0.49566200375556946 1.7462730407714844 0.0 0.0 0.0 1.0
0.9989200234413147 0.03694799914956093 0.02816700004041195 2.863913059234619 -0.006022999994456768 -0.49815401434898376 0.8670679926872253 5.6525068283081055 0.04606800153851509 -0.8663010001182556 -0.49739301204681396 1.7456539869308472 0.0 0.0 0.0 1.0
0.9989410042762756 0.03917200118303299 0.024126999080181122 2.8670780658721924 -0.001285000005736947 -0.5004690289497375 0.8657540082931519 5.654868125915527 0.04598800092935562 -0.8648679852485657 -0.49988800287246704 1.7453360557556152 0.0 0.0 0.0 1.0
0.998885989189148 0.04269799962639809 0.0201019998639822 2.8689630031585693 0.004021000117063522 -0.5013899803161621 0.8652120232582092 5.654099941253662 0.04702199995517731 -0.8641669750213623 -0.5010030269622803 1.744657039642334 0.0 0.0 0.0 1.0
0.998744010925293 0.047091998159885406 0.01711300015449524 2.8698530197143555 0.008882000111043453 -0.5025339722633362 0.864512026309967 5.65541410446167 0.04931199923157692 -0.8632739782333374 -0.5023210048675537 1.7454960346221924 0.0 0.0 0.0 1.0
0.9985769987106323 0.051231998950242996 0.014802999794483185 2.8704280853271484 0.012997999787330627 -0.5030459761619568 0.864162027835846 5.656651020050049 0.051718998700380325 -0.8627399802207947 -0.502996027469635 1.7463710308074951 0.0 0.0 0.0 1.0
0.998507022857666 0.05341599881649017 0.011401000432670116 2.8725368976593018 0.017000999301671982 -0.5023390054702759 0.8645039796829224 5.658314228057861 0.05190499871969223 -0.8630200028419495 -0.5024970173835754 1.745447039604187 0.0 0.0 0.0 1.0
0.9985349774360657 0.05372399836778641 0.006415999960154295 2.8748230934143066 0.02150299958884716 -0.5028660297393799 0.864096999168396 5.659351825714111 0.04964900016784668 -0.8626930117607117 -0.5032849907875061 1.7440969944000244 0.0 0.0 0.0 1.0
0.9983959794044495 0.056588999927043915 0.0016250000335276127 2.8750739097595215 0.027188999578356743 -0.5044699907302856 0.8630009889602661 5.660953998565674 0.04965599998831749 -0.8615729808807373 -0.5052000284194946 1.7443640232086182 0.0 0.0 0.0 1.0
0.9982320070266724 0.05933799967169762 -0.0032550001051276922 2.875396966934204 0.03281800076365471 -0.5047640204429626 0.8626329898834229 5.661034107208252 0.04954399913549423 -0.8612160086631775 -0.5058190226554871 1.7449899911880493 0.0 0.0 0.0 1.0
0.998104989528656 0.06110699847340584 -0.0072200000286102295 2.874846935272217 0.03711400181055069 -0.5042849779129028 0.8627390265464783 5.660806179046631 0.04907900094985962 -0.8613719940185547 -0.5055980086326599 1.7447030544281006 0.0 0.0 0.0 1.0
0.997901976108551 0.06362999975681305 -0.011940999887883663 2.874577045440674 0.04247400164604187 -0.5042539834976196 0.8625100255012512 5.660367965698242 0.04885999858379364 -0.8612080216407776 -0.5058990120887756 1.7449419498443604 0.0 0.0 0.0 1.0
0.9976300001144409 0.06662700325250626 -0.017191000282764435 2.874497890472412 0.048528000712394714 -0.5041630268096924 0.8622440099716187 5.660778045654297 0.048781998455524445 -0.8610349893569946 -0.5062010288238525 1.744246006011963 0.0 0.0 0.0 1.0
0.9972469806671143 0.07064899802207947 -0.02250700071454048 2.874743938446045 0.05519099906086922 -0.5045629739761353 0.8616089820861816 5.662014007568359 0.049515001475811005 -0.860480010509491 -0.5070729851722717 1.7441420555114746 0.0 0.0 0.0 1.0
0.9968780279159546 0.07315199822187424 -0.029729999601840973 2.876307964324951 0.06273099780082703 -0.5050100088119507 0.8608310222625732 5.664348125457764 0.04795699939131737 -0.8600080013275146 -0.5080220103263855 1.7441439628601074 0.0 0.0 0.0 1.0
0.9963539838790894 0.07747100293636322 -0.035728998482227325 2.874145030975342 0.07015199959278107 -0.505666971206665 0.8598719835281372 5.664224147796631 0.048548001796007156 -0.8592429757118225 -0.509257972240448 1.7446290254592896 0.0 0.0 0.0 1.0
0.9958029985427856 0.08104799687862396 -0.04250999912619591 2.8734569549560547 0.07783500105142593 -0.5056729912757874 0.8592069745063782 5.664416790008545 0.048140998929739 -0.8589100241661072 -0.509859025478363 1.7451659440994263 0.0 0.0 0.0 1.0
0.9953020215034485 0.08394400030374527 -0.0482340008020401 2.8714001178741455 0.08422800153493881 -0.5051429867744446 0.8589159846305847 5.664420127868652 0.04773600026965141 -0.8589439988136292 -0.5098400115966797 1.7470060586929321 0.0 0.0 0.0 1.0
0.9946780204772949 0.08739899843931198 -0.05455999821424484 2.8708789348602295 0.0913499966263771 -0.5031999945640564 0.8593279719352722 5.665685176849365 0.04764999821782112 -0.8597390055656433 -0.5085060000419617 1.7476279735565186 0.0 0.0 0.0 1.0
0.9940379858016968 0.0913809984922409 -0.059473998844623566 2.869986057281494 0.09748300164937973 -0.500577986240387 0.8601850271224976 5.666759967803955 0.048833999782800674 -0.860854983329773 -0.5065019726753235 1.7486549615859985 0.0 0.0 0.0 1.0
0.9935460090637207 0.09444300085306168 -0.06283000111579895 2.868921995162964 0.10179799795150757 -0.4980129897594452 0.8611739873886108 5.66705322265625 0.05004100129008293 -0.8620110154151917 -0.5044130086898804 1.7507820129394531 0.0 0.0 0.0 1.0
0.9932079911231995 0.09703300148248672 -0.06420200318098068 2.8660449981689453 0.10405699908733368 -0.4939360022544861 0.8632490038871765 5.667413234710693 0.05205199867486954 -0.864067018032074 -0.5006780028343201 1.7534979581832886 0.0 0.0 0.0 1.0
0.993133008480072 0.09661000221967697 -0.06597299873828888 2.8661599159240723 0.1050259992480278 -0.48789799213409424 0.8665590286254883 5.670331954956055 0.05152999982237816 -0.8675379753112793 -0.4946950078010559 1.7567310333251953 0.0 0.0 0.0 1.0
0.9930840134620667 0.09666600078344345 -0.06662900000810623 2.864535093307495 0.10498899966478348 -0.47720101475715637 0.8725000023841858 5.664794921875 0.05254499986767769 -0.8734610080718994 -0.4840500056743622 1.7550690174102783 0.0 0.0 0.0 1.0
0.9928039908409119 0.1007860004901886 -0.0646670013666153 2.8594799041748047 0.10502000153064728 -0.47334200143814087 0.8745959997177124 5.668095111846924 0.05753700062632561 -0.8750939965248108 -0.48052000999450684 1.7630980014801025 0.0 0.0 0.0 1.0
0.9926990270614624 0.10156899690628052 -0.06505800038576126 2.8596889972686768 0.1053209975361824 -0.46699899435043335 0.8779630064964294 5.668973922729492 0.05879199877381325 -0.878404974937439 -0.4742870032787323 1.764583945274353 0.0 0.0 0.0 1.0
0.9926130175590515 0.10204199701547623 -0.06561899930238724 2.8603460788726807 0.10567300021648407 -0.46150800585746765 0.8808199763298035 5.6686859130859375 0.059595998376607895 -0.8812479972839355 -0.4688819944858551 1.7652469873428345 0.0 0.0 0.0 1.0
0.9924039840698242 0.10497300326824188 -0.06414800137281418 2.8585939407348633 0.10544600337743759 -0.4572499990463257 0.8830649852752686 5.668691158294678 0.06336600333452225 -0.8831210136413574 -0.4648459851741791 1.768180012702942 0.0 0.0 0.0 1.0
0.9922230243682861 0.10791999846696854 -0.06202699989080429 2.8557939529418945 0.10455700010061264 -0.4522149860858917 0.8857589960098267 5.667568206787109 0.06754200160503387 -0.8853560090065002 -0.4599820077419281 1.7701599597930908 0.0 0.0 0.0 1.0
0.9920210242271423 0.11024200171232224 -0.061156999319791794 2.8543429374694824 0.10443799942731857 -0.4469220042228699 0.8884559869766235 5.667902946472168 0.07061299681663513 -0.8877540230751038 -0.45486998558044434 1.7736010551452637 0.0 0.0 0.0 1.0
0.991927981376648 0.11121399700641632 -0.06090100109577179 2.8537349700927734 0.104093998670578 -0.439985990524292 0.8919510245323181 5.667597770690918 0.0724020004272461 -0.891090989112854 -0.44801101088523865 1.7753859758377075 0.0 0.0 0.0 1.0
0.9918820261955261 0.11214199662208557 -0.059943001717329025 2.851917028427124 0.10309500247240067 -0.43327298760414124 0.895346999168396 5.665798187255859 0.07443500310182571 -0.894258975982666 -0.44131699204444885 1.7773640155792236 0.0 0.0 0.0 1.0
0.9917410016059875 0.11330199986696243 -0.06010900065302849 2.85152006149292 0.10331200063228607 -0.4279620051383972 0.8978729844093323 5.6677632331848145 0.07600600272417068 -0.8966670036315918 -0.43613201379776 1.78118896484375 0.0 0.0 0.0 1.0
0.9916139841079712 0.11357399821281433 -0.06167199835181236 2.8503479957580566 0.1042800024151802 -0.4212459921836853 0.9009320139884949 5.664539813995361 0.07634299993515015 -0.8998069763183594 -0.4295569956302643 1.782420039176941 0.0 0.0 0.0 1.0
0.991428017616272 0.11385499686002731 -0.06409800052642822 2.8487789630889893 0.10609199851751328 -0.4151510000228882 0.9035459756851196 5.664087772369385 0.07626300305128098 -0.9025999903678894 -0.42367100715637207 1.788398027420044 0.0 0.0 0.0 1.0
0.99098801612854 0.11707500368356705 -0.06508699804544449 2.846076011657715 0.10774099826812744 -0.40794798731803894 0.9066259860992432 5.665366172790527 0.07959099858999252 -0.9054679870605469 -0.41688600182533264 1.7935340404510498 0.0 0.0 0.0 1.0
0.9907370209693909 0.11849500238895416 -0.06633099913597107 2.8452279567718506 0.10867899656295776 -0.3989950120449066 0.9104899764060974 5.664156913757324 0.08142299950122833 -0.9092640280723572 -0.408176988363266 1.7962219715118408 0.0 0.0 0.0 1.0
0.9907400012016296 0.11848100274801254 -0.06630700081586838 2.8424580097198486 0.10800299793481827 -0.39177900552749634 0.9136989712715149 5.663107872009277 0.08227799832820892 -0.9123989939689636 -0.4009470045566559 1.801095962524414 0.0 0.0 0.0 1.0
0.9908469915390015 0.11720000207424164 -0.06697700172662735 2.8424010276794434 0.10747800022363663 -0.38475099205970764 0.9167420268058777 5.663515090942383 0.08167199790477753 -0.9155499935150146 -0.3938260078430176 1.8041239976882935 0.0 0.0 0.0 1.0
0.990684986114502 0.11866900324821472 -0.06678300350904465 2.839911937713623 0.10721500217914581 -0.37741899490356445 0.9198150038719177 5.664636135101318 0.0839489996433258 -0.9184070229530334 -0.3866269886493683 1.8111759424209595 0.0 0.0 0.0 1.0
0.9906200170516968 0.11908300220966339 -0.0670199990272522 2.838918924331665 0.10664600133895874 -0.3671010136604309 0.9240469932556152 5.665052890777588 0.08543600142002106 -0.922527015209198 -0.37635698914527893 1.8160840272903442 0.0 0.0 0.0 1.0
0.9907510280609131 0.11816199868917465 -0.06671100109815598 2.837908983230591 0.10491599887609482 -0.3552800118923187 0.9288539886474609 5.663402080535889 0.0860539972782135 -0.927262008190155 -0.3643909990787506 1.8186479806900024 0.0 0.0 0.0 1.0
0.9909650087356567 0.11650100350379944 -0.06645099818706512 2.836616039276123 0.10312899947166443 -0.3451170027256012 0.9328770041465759 5.662362098693848 0.08574800193309784 -0.9313009977340698 -0.35401299595832825 1.8226170539855957 0.0 0.0 0.0 1.0
0.9912160038948059 0.1146320030093193 -0.06595800071954727 2.8357629776000977 0.10092999786138535 -0.3333840072154999 0.9373729825019836 5.658745765686035 0.0854640007019043 -0.9357960224151611 -0.3420250117778778 1.8229210376739502 0.0 0.0 0.0 1.0
0.9912009835243225 0.11685500293970108 -0.06217600032687187 2.832257032394409 0.09748800098896027 -0.32673001289367676 0.940077006816864 5.66249418258667 0.08953800052404404 -0.9378659725189209 -0.3352470099925995 1.8310229778289795 0.0 0.0 0.0 1.0
0.9913420081138611 0.11705099791288376 -0.05949399992823601 2.833415985107422 0.09401799738407135 -0.31650298833847046 0.9439210295677185 5.660128116607666 0.09165699779987335 -0.9413419961929321 -0.3247680068016052 1.8293030261993408 0.0 0.0 0.0 1.0
0.9915540218353271 0.1166829988360405 -0.05662199854850769 2.8337109088897705 0.09055499732494354 -0.3103080093860626 0.9463130235671997 5.661614894866943 0.092849001288414 -0.943448007106781 -0.3182530105113983 1.8330810070037842 0.0 0.0 0.0 1.0
0.9917780160903931 0.11553599685430527 -0.05501899868249893 2.836416006088257 0.08800400048494339 -0.30366000533103943 0.9487079977989197 5.661273002624512 0.0929030030965805 -0.9457489848136902 -0.31133100390434265 1.8329319953918457 0.0 0.0 0.0 1.0
0.9919260144233704 0.1155410036444664 -0.05227300152182579 2.8352789878845215 0.0847959965467453 -0.2977930009365082 0.9508569836616516 5.658963203430176 0.09429699927568436 -0.9476119875907898 -0.305186003446579 1.8353049755096436 0.0 0.0 0.0 1.0
0.9917969703674316 0.11806599795818329 -0.048973001539707184 2.8338489532470703 0.08180200308561325 -0.29188698530197144 0.9529479742050171 5.659361839294434 0.0982159972190857 -0.9491379857063293 -0.2991510033607483 1.8404300212860107 0.0 0.0 0.0 1.0
0.9919180274009705 0.11846499890089035 -0.04542899876832962 2.834425926208496 0.07769600301980972 -0.2840830087661743 0.9556459784507751 5.658616065979004 0.1003049984574318 -0.9514529705047607 -0.29099199175834656 1.8424830436706543 0.0 0.0 0.0 1.0
0.9920709729194641 0.11868300288915634 -0.04134700074791908 2.833065986633301 0.07321400195360184 -0.27835899591445923 0.9576830267906189 5.657303810119629 0.10215199738740921 -0.9531159996986389 -0.28484100103378296 1.846771001815796 0.0 0.0 0.0 1.0
0.9921500086784363 0.11942999809980392 -0.03707600012421608 2.833064079284668 0.06845699995756149 -0.27059298753738403 0.9602569937705994 5.655338764190674 0.10465099662542343 -0.955256998538971 -0.2766450047492981 1.847201943397522 0.0 0.0 0.0 1.0
0.9920989871025085 0.12076500058174133 -0.033998001366853714 2.8365681171417236 0.0651710033416748 -0.26451200246810913 0.9621779918670654 5.659179210662842 0.10720500349998474 -0.9567909836769104 -0.2702920138835907 1.8514690399169922 0.0 0.0 0.0 1.0
0.9925450086593628 0.11750800162553787 -0.032345000654459 2.8448948860168457 0.06170700117945671 -0.25564900040626526 0.9647979736328125 5.66023588180542 0.10510300099849701 -0.9596019983291626 -0.2609950006008148 1.8502349853515625 0.0 0.0 0.0 1.0
0.9925130009651184 0.11873800307512283 -0.028620999306440353 2.844299077987671 0.05738300085067749 -0.24645599722862244 0.9674540162086487 5.660159111022949 0.10781999677419662 -0.96185302734375 -0.25142401456832886 1.848883032798767 0.0 0.0 0.0 1.0
0.9927849769592285 0.11714000254869461 -0.025606999173760414 2.8430230617523193 0.05311200022697449 -0.23813900351524353 0.9697780013084412 5.657577037811279 0.10750199854373932 -0.9641410112380981 -0.24264299869537354 1.8559319972991943 0.0 0.0 0.0 1.0
0.9927369952201843 0.11797399818897247 -0.023561999201774597 2.843266010284424 0.04999399930238724 -0.22641399502754211 0.9727479815483093 5.655569076538086 0.10942500084638596 -0.9668599963188171 -0.23066699504852295 1.8498129844665527 0.0 0.0 0.0 1.0
0.9928510189056396 0.11726199835538864 -0.022254999727010727 2.8459479808807373 0.04773800075054169 -0.21924500167369843 0.9745010137557983 5.656454086303711 0.10939300060272217 -0.9685969948768616 -0.22327600419521332 1.8556569814682007 0.0 0.0 0.0 1.0
0.9929909706115723 0.11650899797677994 -0.019869999960064888 2.8460659980773926 0.04450700059533119 -0.21286499500274658 0.9760670065879822 5.6580610275268555 0.10949099808931351 -0.9701099991798401 -0.21655899286270142 1.8609260320663452 0.0 0.0 0.0 1.0
0.9929400086402893 0.11726800352334976 -0.01781499944627285 2.8459019660949707 0.041524000465869904 -0.20298199355602264 0.978302001953125 5.655779838562012 0.1111069992184639 -0.9721350073814392 -0.2064179927110672 1.8554879426956177 0.0 0.0 0.0 1.0
0.9932500123977661 0.1150590032339096 -0.014698999933898449 2.84196400642395 0.037408001720905304 -0.1977909952402115 0.9795299768447876 5.657464981079102 0.10979600250720978 -0.973468005657196 -0.20076000690460205 1.8646999597549438 0.0 0.0 0.0 1.0
0.9933549761772156 0.11427299678325653 -0.01368200033903122 2.840580940246582 0.035429999232292175 -0.190528005361557 0.9810420274734497 5.655526161193848 0.10949999839067459 -0.9750080108642578 -0.19331100583076477 1.867874026298523 0.0 0.0 0.0 1.0
0.9936050176620483 0.11210200190544128 -0.013507000170648098 2.8431220054626465 0.034265000373125076 -0.185371994972229 0.9820709824562073 5.658514022827148 0.10758800059556961 -0.9762529730796814 -0.1880279928445816 1.87562096118927 0.0 0.0 0.0 1.0
0.9941809773445129 0.1069680005311966 -0.012732000090181828 2.843234062194824 0.03297799825668335 -0.1897049993276596 0.9812870025634766 5.666907787322998 0.10255099833011627 -0.9759969711303711 -0.1921290010213852 1.9144710302352905 0.0 0.0 0.0 1.0
0.9941819906234741 0.10670500248670578 -0.01471100002527237 2.851310968399048 0.033681999891996384 -0.17824099957942963 0.9834100008010864 5.661701202392578 0.10231299698352814 -0.9781839847564697 -0.1807979941368103 1.901244044303894 0.0 0.0 0.0 1.0
0.9943919777870178 0.1046070009469986 -0.015560000203549862 2.8549749851226807 0.03376200050115585 -0.17457200586795807 0.9840649962425232 5.663568019866943 0.10022400319576263 -0.9790719747543335 -0.1771250069141388 1.9095879793167114 0.0 0.0 0.0 1.0
0.9946770071983337 0.10209199786186218 -0.01396699994802475 2.8506031036376953 0.03137499839067459 -0.1709669977426529 0.9847769737243652 5.665460109710693 0.09814999997615814 -0.9799730181694031 -0.17326000332832336 1.9174189567565918 0.0 0.0 0.0 1.0
0.9946230053901672 0.10259299725294113 -0.014140999875962734 2.850977897644043 0.031122999265789986 -0.16587699949741364 0.9856550097465515 5.665830135345459 0.0987749993801117 -0.9807959794998169 -0.1681780070066452 1.9203109741210938 0.0 0.0 0.0 1.0
0.9945549964904785 0.1032869964838028 -0.01384500041604042 2.852617025375366 0.030094999819993973 -0.15747299790382385 0.9870650172233582 5.661439895629883 0.09977100044488907 -0.9821069836616516 -0.15972399711608887 1.912348985671997 0.0 0.0 0.0 1.0
0.9948499798774719 0.10066600143909454 -0.01181199960410595 2.8531301021575928 0.027324000373482704 -0.15413899719715118 0.9876710176467896 5.663005828857422 0.09760399907827377 -0.9829080104827881 -0.15609599649906158 1.9135169982910156 0.0 0.0 0.0 1.0
0.9950870275497437 0.09857899695634842 -0.009197999723255634 2.8499529361724854 0.024258999153971672 -0.1526940017938614 0.9879760146141052 5.665018081665039 0.09598899632692337 -0.9833449721336365 -0.15433500707149506 1.9206689596176147 0.0 0.0 0.0 1.0
0.995078980922699 0.09851100295782089 -0.010688000358641148 2.855225086212158 0.025119999423623085 -0.14644299447536469 0.9889000058174133 5.662169933319092 0.09585200250148773 -0.9843019843101501 -0.1481959968805313 1.9152239561080933 0.0 0.0 0.0 1.0
0.9952279925346375 0.09722000360488892 -0.008325000293552876 2.849332094192505 0.021580999717116356 -0.13611699640750885 0.9904580116271973 5.655599117279053 0.09515900164842606 -0.9859110116958618 -0.1375650018453598 1.8961819410324097 0.0 0.0 0.0 1.0
0.9952800273895264 0.0967399999499321 -0.007674000225961208 2.8477389812469482 0.02102700062096119 -0.13777199387550354 0.9902409911155701 5.658882141113281 0.09473799914121628 -0.9857280254364014 -0.13915599882602692 1.9079780578613281 0.0 0.0 0.0 1.0
0.995307981967926 0.09645599871873856 -0.0075610000640153885 2.8498799800872803 0.020786000415682793 -0.13685399293899536 0.9903730154037476 5.657765865325928 0.09449200332164764 -0.9858840107917786 -0.1382170021533966 1.9127689599990845 0.0 0.0 0.0 1.0
0.995278000831604 0.09679900109767914 -0.007135000079870224 2.852871894836426 0.020168999210000038 -0.13434800505638123 0.9907289743423462 5.659117221832275 0.09494300186634064 -0.9861950278282166 -0.13566599786281586 1.9125620126724243 0.0 0.0 0.0 1.0
0.9952769875526428 0.09682899713516235 -0.0069519998505711555 2.854451894760132 0.019724000245332718 -0.1315709948539734 0.9911109805107117 5.6569600105285645 0.09505400061607361 -0.9865660071372986 -0.132859006524086 1.911033034324646 0.0 0.0 0.0 1.0
0.9954720139503479 0.09474100172519684 -0.00775599991902709 2.8591349124908447 0.020193999633193016 -0.13103799521923065 0.9911720156669617 5.65625 0.0928879976272583 -0.986840009689331 -0.13235700130462646 1.9179370403289795 0.0 0.0 0.0 1.0
0.9954869747161865 0.09452000260353088 -0.008418000303208828 2.861469030380249 0.02042599953711033 -0.1268090009689331 0.9917169809341431 5.6557769775390625 0.0926700010895729 -0.9874140024185181 -0.12816700339317322 1.910233974456787 0.0 0.0 0.0 1.0
0.9954760074615479 0.09478700160980225 -0.006498999893665314 2.8553409576416016 0.018219999969005585 -0.12331800162792206 0.9922000169754028 5.656208038330078 0.09324599802494049 -0.9878299832344055 -0.1244869977235794 1.9074699878692627 0.0 0.0 0.0 1.0
0.9954479932785034 0.09511599689722061 -0.006058999802917242 2.8531529903411865 0.017697999253869057 -0.12200400233268738 0.9923719763755798 5.656565189361572 0.09365099668502808 -0.987962007522583 -0.12313199788331985 1.9114899635314941 0.0 0.0 0.0 1.0
0.9954910278320312 0.09462600201368332 -0.006523999851197004 2.8542749881744385 0.01791599951684475 -0.12003999948501587 0.9926080107688904 5.6551289558410645 0.0931439995765686 -0.9882490038871765 -0.12119399756193161 1.9076069593429565 0.0 0.0 0.0 1.0
0.9955379962921143 0.0941689983010292 -0.00609100004658103 2.85280704498291 0.01738400012254715 -0.11957599967718124 0.9926729798316956 5.655271053314209 0.09275099635124207 -0.9883490204811096 -0.12067899852991104 1.9083490371704102 0.0 0.0 0.0 1.0
0.9954760074615479 0.09484799951314926 -0.005671000108122826 2.8514339923858643 0.016543999314308167 -0.11424800008535385 0.9933149814605713 5.651122093200684 0.09356600046157837 -0.9889140129089355 -0.1152999997138977 1.8918180465698242 0.0 0.0 0.0 1.0
0.9955189824104309 0.09441199898719788 -0.005379999987781048 2.8516180515289307 0.01628899946808815 -0.11515799909830093 0.9932140111923218 5.654022216796875 0.0931520015001297 -0.9888499975204468 -0.11618000268936157 1.8945369720458984 0.0 0.0 0.0 1.0
0.9956219792366028 0.09320099651813507 -0.007127999793738127 2.8571739196777344 0.01803000085055828 -0.11665400117635727 0.9930089712142944 5.654046058654785 0.09171800315380096 -0.988789975643158 -0.11782299727201462 1.8966070413589478 0.0 0.0 0.0 1.0
0.995652973651886 0.09290999919176102 -0.006492000073194504 2.8564999103546143 0.017470000311732292 -0.11783800274133682 0.9928789734840393 5.652577877044678 0.09148299694061279 -0.9886770248413086 -0.11894900351762772 1.8910670280456543 0.0 0.0 0.0 1.0
0.9955750107765198 0.09382099658250809 -0.005313000176101923 2.8537709712982178 0.016739999875426292 -0.12142600119113922 0.9924600124359131 5.651895999908447 0.0924689993262291 -0.9881560206413269 -0.12245900183916092 1.8932219743728638 0.0 0.0 0.0 1.0
0.9955689907073975 0.09380500018596649 -0.006657000165432692 2.859041929244995 0.018471000716090202 -0.1256439983844757 0.9919040203094482 5.654788017272949 0.09220899641513824 -0.9876310229301453 -0.12681999802589417 1.8948750495910645 0.0 0.0 0.0 1.0
0.9954419732093811 0.09522099792957306 -0.005415999796241522 2.855149984359741 0.017842000350356102 -0.13013899326324463 0.9913359880447388 5.655813217163086 0.09369099885225296 -0.9869130253791809 -0.1312440037727356 1.8983360528945923 0.0 0.0 0.0 1.0
0.9955289959907532 0.0943560004234314 -0.004397999960929155 2.8511040210723877 0.0172520000487566 -0.13584600389003754 0.9905800223350525 5.655290126800537 0.09286999702453613 -0.9862269759178162 -0.1368670016527176 1.9017529487609863 0.0 0.0 0.0 1.0
0.9954479932785034 0.09519500285387039 -0.004569000098854303 2.8486979007720947 0.017935000360012054 -0.14002999663352966 0.9899849891662598 5.657261848449707 0.0936020016670227 -0.9855610132217407 -0.14110000431537628 1.8973300457000732 0.0 0.0 0.0 1.0
0.9954569935798645 0.09494999796152115 -0.007007999811321497 2.8508529663085938 0.020684000104665756 -0.14383099973201752 0.9893860220909119 5.652154922485352 0.09293399751186371 -0.9850370287895203 -0.14514100551605225 1.8938369750976562 0.0 0.0 0.0 1.0
0.9952359795570374 0.09737399965524673 -0.004827000200748444 2.8381030559539795 0.018675999715924263 -0.1418219953775406 0.9897159934043884 5.6468892097473145 0.09568800032138824 -0.985090970993042 -0.14296500384807587 1.8693610429763794 0.0 0.0 0.0 1.0
0.9949790239334106 0.09980999678373337 -0.007439999841153622 2.8392601013183594 0.021808000281453133 -0.14365200698375702 0.9893879890441895 5.641722202301025 0.09768199920654297 -0.9845820069313049 -0.14510799944400787 1.8589799404144287 0.0 0.0 0.0 1.0
0.9948610067367554 0.1009650006890297 -0.007534000091254711 2.8335230350494385 0.022809000685811043 -0.15100599825382233 0.9882699847221375 5.6428542137146 0.098642997443676 -0.9833629727363586 -0.15253299474716187 1.861825942993164 0.0 0.0 0.0 1.0
0.9947580099105835 0.10177399963140488 -0.009965999983251095 2.835042953491211 0.02588699944317341 -0.1563429981470108 0.9873639941215515 5.642488956451416 0.0989300012588501 -0.9824450016021729 -0.15815800428390503 1.8588910102844238 0.0 0.0 0.0 1.0
0.9947869777679443 0.10127700120210648 -0.011874999850988388 2.8327391147613525 0.02805599942803383 -0.1598760038614273 0.9867389798164368 5.6396589279174805 0.09803500026464462 -0.9819279909133911 -0.16188399493694305 1.8528130054473877 0.0 0.0 0.0 1.0
0.9945579767227173 0.10309500247240067 -0.01500799972563982 2.8324100971221924 0.03201400116086006 -0.16534200310707092 0.9857169985771179 5.6396098136901855 0.09914100170135498 -0.9808329939842224 -0.1677429974079132 1.8531440496444702 0.0 0.0 0.0 1.0
0.9944289922714233 0.10382500290870667 -0.01820399984717369 2.830504894256592 0.03594899922609329 -0.17170299589633942 0.9844930171966553 5.6424760818481445 0.09908899664878845 -0.9796630144119263 -0.17447899281978607 1.8577229976654053 0.0 0.0 0.0 1.0
0.9943529963493347 0.10388500243425369 -0.02166599966585636 2.830594062805176 0.03963400050997734 -0.17416399717330933 0.9839190244674683 5.639363765716553 0.0984409973025322 -0.9792219996452332 -0.17729799449443817 1.8515100479125977 0.0 0.0 0.0 1.0
0.9944790005683899 0.10139399766921997 -0.027024999260902405 2.8335208892822266 0.044957999140024185 -0.17899900674819946 0.9828220009803772 5.640101909637451 0.09481500089168549 -0.9786109924316406 -0.1825689971446991 1.8505949974060059 0.0 0.0 0.0 1.0
0.9943029880523682 0.10062900185585022 -0.03514600172638893 2.842031955718994 0.05361900106072426 -0.18722200393676758 0.9808530211448669 5.643820762634277 0.09212200343608856 -0.977150022983551 -0.19155099987983704 1.8606499433517456 0.0 0.0 0.0 1.0
0.9941580295562744 0.09991899877786636 -0.04082300141453743 2.8437769412994385 0.06001900136470795 -0.19738900661468506 0.9784860014915466 5.649177074432373 0.08971100300550461 -0.9752200245857239 -0.20223300158977509 1.8700720071792603 0.0 0.0 0.0 1.0
0.9940059781074524 0.09920500218868256 -0.04594599828124046 2.845468044281006 0.0651329979300499 -0.1998160034418106 0.9776660203933716 5.6473917961120605 0.0878089964389801 -0.9747980237007141 -0.20508000254631042 1.857617974281311 0.0 0.0 0.0 1.0
0.9939190149307251 0.09834100306034088 -0.049531999975442886 2.842616081237793 0.06917200237512589 -0.20765599608421326 0.9757530093193054 5.6479411125183105 0.08567100018262863 -0.9732459783554077 -0.21319599449634552 1.8619799613952637 0.0 0.0 0.0 1.0
0.9936339855194092 0.09886100143194199 -0.05401099845767021 2.841625928878784 0.0742190033197403 -0.2138029932975769 0.9740530252456665 5.647085189819336 0.08474799990653992 -0.9718610048294067 -0.21977999806404114 1.8580869436264038 0.0 0.0 0.0 1.0
0.9935179948806763 0.09841500222682953 -0.05688200145959854 2.8381030559539795 0.07762400060892105 -0.22182999551296234 0.9719910025596619 5.645144939422607 0.08303999900817871 -0.9701060056686401 -0.22803199291229248 1.8529679775238037 0.0 0.0 0.0 1.0
0.9932379722595215 0.0992330014705658 -0.06026000156998634 2.8341269493103027 0.081836998462677 -0.2302740067243576 0.9696789979934692 5.64260196685791 0.08234799653291702 -0.9680529832839966 -0.23683799803256989 1.8510479927062988 0.0 0.0 0.0 1.0
0.9928489923477173 0.10005500167608261 -0.06511600315570831 2.8344149589538574 0.08737800270318985 -0.237419992685318 0.9674699902534485 5.641006946563721 0.0813400000333786 -0.9662410020828247 -0.24446499347686768 1.8453999757766724 0.0 0.0 0.0 1.0
0.9925640225410461 0.1014769971370697 -0.06722299754619598 2.829313039779663 0.09063500165939331 -0.24748900532722473 0.9646419882774353 5.640689849853516 0.08125200122594833 -0.96356201171875 -0.2548460066318512 1.8441720008850098 0.0 0.0 0.0 1.0
0.9922760128974915 0.10228600353002548 -0.07018200308084488 2.8293330669403076 0.09433300048112869 -0.2547970116138458 0.9623820185661316 5.6402668952941895 0.0805559977889061 -0.9615700244903564 -0.2624779939651489 1.838068962097168 0.0 0.0 0.0 1.0
0.9922530055046082 0.1022540032863617 -0.07054799795150757 2.8214480876922607 0.09525600075721741 -0.2617189884185791 0.9604319930076599 5.635183811187744 0.07974500209093094 -0.959712028503418 -0.269432008266449 1.8303200006484985 0.0 0.0 0.0 1.0
0.9921190142631531 0.1017799973487854 -0.07308299839496613 2.819408893585205 0.09828899800777435 -0.2703990042209625 0.957718014717102 5.635756969451904 0.07771500200033188 -0.9573529958724976 -0.27827200293540955 1.8288849592208862 0.0 0.0 0.0 1.0
0.9916830062866211 0.10458999872207642 -0.07500199973583221 2.815377950668335 0.10151000320911407 -0.2773660123348236 0.9553869962692261 5.633472919464111 0.07912100106477737 -0.9550549983978271 -0.2856760025024414 1.8251539468765259 0.0 0.0 0.0 1.0
0.9915059804916382 0.10434000194072723 -0.07763899862766266 2.8141438961029053 0.10456500202417374 -0.2845669984817505 0.9529370069503784 5.634056091308594 0.07733599841594696 -0.9529610276222229 -0.2930600047111511 1.8233250379562378 0.0 0.0 0.0 1.0
0.9911839962005615 0.10536400228738785 -0.0803230032324791 2.8129849433898926 0.10802599787712097 -0.29170799255371094 0.9503880143165588 5.636109828948975 0.07670500129461288 -0.9506869912147522 -0.3005189895629883 1.8210550546646118 0.0 0.0 0.0 1.0
0.9909639954566956 0.10511399805545807 -0.08331800252199173 2.8113820552825928 0.11129499971866608 -0.2976909875869751 0.948153018951416 5.636312007904053 0.07486099749803543 -0.9488580226898193 -0.3066999912261963 1.8191020488739014 0.0 0.0 0.0 1.0
0.9906889796257019 0.10566999763250351 -0.08584500104188919 2.807080030441284 0.11430200189352036 -0.30302000045776367 0.9461050033569336 5.632777214050293 0.07396200299263 -0.9471079707145691 -0.3122760057449341 1.81597101688385 0.0 0.0 0.0 1.0
0.9903630018234253 0.1041719987988472 -0.09127099812030792 2.8096790313720703 0.11941800266504288 -0.30847498774528503 0.9437069892883301 5.63438606262207 0.07015299797058105 -0.945510983467102 -0.3179419934749603 1.81222403049469 0.0 0.0 0.0 1.0
0.9900130033493042 0.10573600232601166 -0.09323800355195999 2.8037331104278564 0.12221299856901169 -0.31406599283218384 0.9415019750595093 5.629197120666504 0.07026799768209457 -0.943494975566864 -0.323852002620697 1.8099009990692139 0.0 0.0 0.0 1.0
0.9898390173912048 0.10474099963903427 -0.0961650013923645 2.8042619228363037 0.12510499358177185 -0.32008400559425354 0.9390929937362671 5.631521224975586 0.06758099794387817 -0.9415810108184814 -0.3299359977245331 1.8074350357055664 0.0 0.0 0.0 1.0
0.9893010258674622 0.10625199973583221 -0.09996999800205231 2.805556058883667 0.12966400384902954 -0.32631999254226685 0.9363240003585815 5.634215831756592 0.0668639987707138 -0.9392690062522888 -0.3366059958934784 1.805148959159851 0.0 0.0 0.0 1.0
0.9890869855880737 0.10684199631214142 -0.10144799947738647 2.8011820316314697 0.1316169947385788 -0.3313170075416565 0.9342939853668213 5.6300249099731445 0.06621100008487701 -0.9374510049819946 -0.34176400303840637 1.8020559549331665 0.0 0.0 0.0 1.0
0.9888420104980469 0.1073950007557869 -0.10323499888181686 2.7991321086883545 0.1338679939508438 -0.33660998940467834 0.9320799708366394 5.629430770874023 0.0653500035405159 -0.9355000257492065 -0.34723100066185 1.7988170385360718 0.0 0.0 0.0 1.0
0.9884669780731201 0.1072470024228096 -0.10691600292921066 2.799912929534912 0.1376969963312149 -0.34268200397491455 0.9293059706687927 5.631299018859863 0.06302700191736221 -0.9333099722862244 -0.35349801182746887 1.7964849472045898 0.0 0.0 0.0 1.0
0.9883120059967041 0.1057090014219284 -0.10983800143003464 2.798430919647217 0.1402450054883957 -0.34808701276779175 0.9269130229949951 5.630090236663818 0.05974999815225601 -0.9314829707145691 -0.35884401202201843 1.793194055557251 0.0 0.0 0.0 1.0
0.9879149794578552 0.10500100255012512 -0.11401300132274628 2.7972640991210938 0.14424200356006622 -0.3535810112953186 0.9242159724235535 5.627693176269531 0.0567299984395504 -0.9294919967651367 -0.3644540011882782 1.788998007774353 0.0 0.0 0.0 1.0
0.9873589873313904 0.10578499734401703 -0.1180339977145195 2.79654598236084 0.14873099327087402 -0.3609600067138672 0.920644998550415 5.628361225128174 0.054784998297691345 -0.9265620112419128 -0.37213000655174255 1.787734031677246 0.0 0.0 0.0 1.0
0.9868850111961365 0.10607700049877167 -0.1216759979724884 2.797574043273926 0.1525930017232895 -0.36715200543403625 0.917559027671814 5.629104137420654 0.052657999098300934 -0.9240919947624207 -0.3785240054130554 1.7842650413513184 0.0 0.0 0.0 1.0
0.9865139722824097 0.10735999792814255 -0.12354300171136856 2.7943201065063477 0.1551710069179535 -0.3733679950237274 0.9146140217781067 5.627693176269531 0.05206599831581116 -0.9214500188827515 -0.38499200344085693 1.7823469638824463 0.0 0.0 0.0 1.0
0.9860410094261169 0.10855299979448318 -0.12624700367450714 2.7925689220428467 0.1584469974040985 -0.37884101271629333 0.9117969870567322 5.62628698348999 0.05115099996328354 -0.9190729856491089 -0.39075300097465515 1.7792919874191284 0.0 0.0 0.0 1.0
0.9853090047836304 0.112977996468544 -0.12807300686836243 2.7916688919067383 0.1622299998998642 -0.3848339915275574 0.9086170196533203 5.628643989562988 0.053367000073194504 -0.9160450100898743 -0.39750900864601135 1.7778459787368774 0.0 0.0 0.0 1.0
0.9846479892730713 0.11549399793148041 -0.1308789998292923 2.7909889221191406 0.16609199345111847 -0.3893429934978485 0.9059939980506897 5.627964973449707 0.053679998964071274 -0.9138240218162537 -0.4025479853153229 1.7744410037994385 0.0 0.0 0.0 1.0
0.9842709898948669 0.11681099981069565 -0.13253900408744812 2.789484977722168 0.16843600571155548 -0.39413198828697205 0.9034879803657532 5.627335071563721 0.05329899862408638 -0.9116010069847107 -0.4076080024242401 1.7720990180969238 0.0 0.0 0.0 1.0
0.983555018901825 0.1210469976067543 -0.13404500484466553 2.7871479988098145 0.17188799381256104 -0.39947500824928284 0.9004859924316406 5.627433776855469 0.05545299872756004 -0.9087179899215698 -0.4137119948863983 1.7713409662246704 0.0 0.0 0.0 1.0
0.9833790063858032 0.11991699784994125 -0.13633200526237488 2.786616086959839 0.1737619936466217 -0.403780996799469 0.8982030153274536 5.626903057098389 0.052661001682281494 -0.9069629907608032 -0.4179059863090515 1.7687100172042847 0.0 0.0 0.0 1.0
0.9827470183372498 0.12205900251865387 -0.13895800709724426 2.7867019176483154 0.17734399437904358 -0.4085850119590759 0.8953260183334351 5.627591133117676 0.05250699818134308 -0.9045220017433167 -0.42318201065063477 1.76664400100708 0.0 0.0 0.0 1.0
0.9824650287628174 0.12203700095415115 -0.14096200466156006 2.784472942352295 0.17935700714588165 -0.4120649993419647 0.893326997756958 5.62469482421875 0.050932999700307846 -0.9029449820518494 -0.4267269968986511 1.7637670040130615 0.0 0.0 0.0 1.0
0.9819570183753967 0.12346599996089935 -0.14323599636554718 2.783828020095825 0.1823199987411499 -0.41704899072647095 0.8904100060462952 5.624978065490723 0.0501989983022213 -0.9004589915275574 -0.4320339858531952 1.7617779970169067 0.0 0.0 0.0 1.0
0.9816960096359253 0.12295400351285934 -0.14544600248336792 2.7836880683898926 0.18432199954986572 -0.4211600124835968 0.8880599737167358 5.623822212219238 0.047933999449014664 -0.8986139893531799 -0.43611401319503784 1.7586679458618164 0.0 0.0 0.0 1.0
0.9813330173492432 0.12561699748039246 -0.14562299847602844 2.780864953994751 0.18593400716781616 -0.42624399065971375 0.8852930068969727 5.622416019439697 0.04913699999451637 -0.8958439826965332 -0.44164401292800903 1.757066011428833 0.0 0.0 0.0 1.0
0.981132984161377 0.12552499771118164 -0.14704200625419617 2.7799720764160156 0.18740500509738922 -0.4305810034275055 0.8828809857368469 5.621964931488037 0.04751000180840492 -0.893779993057251 -0.4459820091724396 1.7538859844207764 0.0 0.0 0.0 1.0
0.9809520244598389 0.12287300080060959 -0.15045100450515747 2.781364917755127 0.18949100375175476 -0.4349069893360138 0.8803120255470276 5.620993137359619 0.04273400083184242 -0.8920530080795288 -0.44990599155426025 1.7500070333480835 0.0 0.0 0.0 1.0
0.9803760051727295 0.12395399808883667 -0.1532920002937317 2.7811179161071777 0.19278399646282196 -0.4403040111064911 0.876908004283905 5.621245861053467 0.04120099917054176 -0.8892509937286377 -0.45555898547172546 1.7479579448699951 0.0 0.0 0.0 1.0
0.9798370003700256 0.12491700053215027 -0.15593299269676208 2.780689001083374 0.1958010047674179 -0.4450260102748871 0.8738499879837036 5.620773792266846 0.03976399824023247 -0.8867620229721069 -0.4605120122432709 1.7447030544281006 0.0 0.0 0.0 1.0
0.9789289832115173 0.12800900638103485 -0.15909600257873535 2.778204917907715 0.2002819925546646 -0.45000600814819336 0.8702769875526428 5.61834192276001 0.03980899974703789 -0.8838030099868774 -0.4661619961261749 1.7424230575561523 0.0 0.0 0.0 1.0
0.9777380228042603 0.13135799765586853 -0.16362500190734863 2.7769570350646973 0.20609399676322937 -0.4547330141067505 0.866454005241394 5.617053985595703 0.039409998804330826 -0.8808879852294922 -0.47168201208114624 1.7399959564208984 0.0 0.0 0.0 1.0
0.976298987865448 0.13702300190925598 -0.16752299666404724 2.7743659019470215 0.212458997964859 -0.4593150019645691 0.8624910116195679 5.615861892700195 0.04123599827289581 -0.8776419758796692 -0.4775409996509552 1.7374229431152344 0.0 0.0 0.0 1.0
0.9745630025863647 0.14246399700641632 -0.17300699651241302 2.771850109100342 0.22015300393104553 -0.4640420079231262 0.8580189943313599 5.614361763000488 0.04195399954915047 -0.8742820024490356 -0.48360198736190796 1.7353910207748413 0.0 0.0 0.0 1.0
0.9728339910507202 0.14692099392414093 -0.17890599370002747 2.768639087677002 0.22773100435733795 -0.46841999888420105 0.8536520004272461 5.611579895019531 0.04161600023508072 -0.8712040185928345 -0.48915401101112366 1.7331479787826538 0.0 0.0 0.0 1.0
0.9704750180244446 0.15241000056266785 -0.18694500625133514 2.7686119079589844 0.23769499361515045 -0.47265899181365967 0.848583996295929 5.612861156463623 0.040970999747514725 -0.8679659962654114 -0.49493101239204407 1.7315410375595093 0.0 0.0 0.0 1.0
0.9677180051803589 0.1651410013437271 -0.19039499759674072 2.7641289234161377 0.24728600680828094 -0.4761640131473541 0.8438699841499329 5.613225936889648 0.048698000609874725 -0.8637109994888306 -0.5016300082206726 1.729565978050232 0.0 0.0 0.0 1.0
0.965487003326416 0.1706800013780594 -0.1967329978942871 2.762151002883911 0.25578099489212036 -0.4789389967918396 0.8397579789161682 5.612767219543457 0.04910700023174286 -0.8610960245132446 -0.5060650110244751 1.7277569770812988 0.0 0.0 0.0 1.0
0.9630320072174072 0.1768060028553009 -0.20324599742889404 2.7596418857574463 0.264737993478775 -0.48159199953079224 0.835453987121582 5.61204719543457 0.049830999225378036 -0.8583760261535645 -0.510595977306366 1.7271349430084229 0.0 0.0 0.0 1.0
0.958778977394104 0.18453200161457062 -0.21608200669288635 2.7540080547332764 0.2800140082836151 -0.4842349886894226 0.8289200067520142 5.6092209815979 0.04832800105214119 -0.855256974697113 -0.5159450173377991 1.726006031036377 0.0 0.0 0.0 1.0
0.956479012966156 0.1876710057258606 -0.22344200313091278 2.751823902130127 0.2880389988422394 -0.4846949875354767 0.8258960247039795 5.6091389656066895 0.04669500142335892 -0.8543130159378052 -0.517657995223999 1.7260090112686157 0.0 0.0 0.0 1.0
0.9542160034179688 0.19160200655460358 -0.22969500720500946 2.748667001724243 0.29548200964927673 -0.48445001244544983 0.823406994342804 5.6083149909973145 0.04648999869823456 -0.8535789847373962 -0.5188850164413452 1.724537968635559 0.0 0.0 0.0 1.0
0.9516909718513489 0.19589300453662872 -0.23645099997520447 2.7462100982666016 0.3036080002784729 -0.4852530062198639 0.8199710249900818 5.607439994812012 0.04588799923658371 -0.8521469831466675 -0.5212860107421875 1.7228829860687256 0.0 0.0 0.0 1.0
0.9491329789161682 0.1999790072441101 -0.24321800470352173 2.74413800239563 0.3116619884967804 -0.48658299446105957 0.8161519765853882 5.607388019561768 0.044867001473903656 -0.8504390120506287 -0.5241580009460449 1.7217479944229126 0.0 0.0 0.0 1.0
0.9463909864425659 0.2052070051431656 -0.24946700036525726 2.741628885269165 0.31988099217414856 -0.4879220128059387 0.8121629953384399 5.607926845550537 0.0449410006403923 -0.8484240174293518 -0.5274069905281067 1.7215739488601685 0.0 0.0 0.0 1.0
0.9432849884033203 0.21059900522232056 -0.256633996963501 2.739557981491089 0.32891398668289185 -0.487964004278183 0.8085219860076904 5.608156204223633 0.04504600167274475 -0.8470770120620728 -0.529558002948761 1.7208609580993652 0.0 0.0 0.0 1.0
0.9408529996871948 0.21699699759483337 -0.260206013917923 2.7340550422668457 0.3353930115699768 -0.487637996673584 0.8060529828071594 5.605554103851318 0.04802500084042549 -0.845649003982544 -0.5315750241279602 1.7196769714355469 0.0 0.0 0.0 1.0
0.9376609921455383 0.22344200313091278 -0.2662050127983093 2.731997013092041 0.3440600037574768 -0.4884989857673645 0.8018680214881897 5.607268810272217 0.04913000017404556 -0.8434709906578064 -0.5349239706993103 1.720559000968933 0.0 0.0 0.0 1.0
0.9349070191383362 0.2288929969072342 -0.27121400833129883 2.727992057800293 0.351265013217926 -0.48781299591064453 0.7991570234298706 5.606164932250977 0.050620000809431076 -0.8424059748649597 -0.5364609956741333 1.7197920083999634 0.0 0.0 0.0 1.0
0.9315999746322632 0.23413699865341187 -0.27803200483322144 2.726576089859009 0.3599179983139038 -0.48728999495506287 0.7956169843673706 5.606582164764404 0.050801001489162445 -0.8412659764289856 -0.5382289886474609 1.7196370363235474 0.0 0.0 0.0 1.0
0.9290680289268494 0.23826000094413757 -0.28295600414276123 2.722611904144287 0.3663080036640167 -0.48613500595092773 0.7934049963951111 5.605244159698486 0.05148199945688248 -0.8407769799232483 -0.5389289855957031 1.7192000150680542 0.0 0.0 0.0 1.0
0.925557017326355 0.24292199313640594 -0.29040101170539856 2.721024990081787 0.37513500452041626 -0.4847710132598877 0.7901080250740051 5.606493949890137 0.051155999302864075 -0.8402299880981445 -0.5398120284080505 1.7209680080413818 0.0 0.0 0.0 1.0
0.9221850037574768 0.2467470020055771 -0.29780998826026917 2.7184998989105225 0.38339000940322876 -0.4819810092449188 0.7878490090370178 5.606945037841797 0.05086100101470947 -0.840719997882843 -0.5390759706497192 1.7221850156784058 0.0 0.0 0.0 1.0
0.9189980030059814 0.24910899996757507 -0.30559301376342773 2.715956926345825 0.39113399386405945 -0.4786059856414795 0.7860990166664124 5.606543064117432 0.04956600069999695 -0.8419510126113892 -0.5372729897499084 1.723060965538025 0.0 0.0 0.0 1.0
0.9154419898986816 0.2512679994106293 -0.3143720030784607 2.7150049209594727 0.39963099360466003 -0.47527098655700684 0.7838450074195862 5.607285022735596 0.0475430004298687 -0.8431969881057739 -0.5354980230331421 1.7238270044326782 0.0 0.0 0.0 1.0
0.9122189879417419 0.2542409896850586 -0.321274995803833 2.711107015609741 0.4069820046424866 -0.47209200263023376 0.7819809913635254 5.606544017791748 0.04713999852538109 -0.8440920114517212 -0.5341230034828186 1.725314974784851 0.0 0.0 0.0 1.0
0.9086139798164368 0.25803500413894653 -0.3283889889717102 2.7102808952331543 0.41488200426101685 -0.46749600768089294 0.7805899977684021 5.607916831970215 0.047899000346660614 -0.8454970121383667 -0.5318269729614258 1.7258559465408325 0.0 0.0 0.0 1.0
0.9052510261535645 0.2617639899253845 -0.3346650004386902 2.706792116165161 0.4221090078353882 -0.4642919898033142 0.778626024723053 5.607777118682861 0.048434000462293625 -0.8461160063743591 -0.5307930111885071 1.7274789810180664 0.0 0.0 0.0 1.0
0.902122974395752 0.2646830081939697 -0.3407599925994873 2.7042410373687744 0.42876800894737244 -0.46151599287986755 0.7766349911689758 5.608080863952637 0.0482960008084774 -0.8467270135879517 -0.5298320055007935 1.727321982383728 0.0 0.0 0.0 1.0
0.8983780145645142 0.2687399983406067 -0.34741300344467163 2.7011559009552 0.43660399317741394 -0.46015000343322754 0.7730709910392761 5.609476089477539 0.04789299890398979 -0.8461920022964478 -0.5307220220565796 1.7280999422073364 0.0 0.0 0.0 1.0
0.8932629823684692 0.27510398626327515 -0.3555249869823456 2.698657989501953 0.44689199328422546 -0.457832008600235 0.7685559988021851 5.611494064331055 0.04866199940443039 -0.8454040288925171 -0.531906008720398 1.729691982269287 0.0 0.0 0.0 1.0
0.8888689875602722 0.2789149880409241 -0.36348000168800354 2.6946229934692383 0.45556899905204773 -0.45378899574279785 0.765854001045227 5.613033771514893 0.04866499826312065 -0.8463339805603027 -0.5304250121116638 1.7305419445037842 0.0 0.0 0.0 1.0
0.8834429979324341 0.2832790017127991 -0.3732050061225891 2.6923019886016846 0.46595001220703125 -0.44756099581718445 0.7632700204849243 5.614473819732666 0.04918599873781204 -0.8482000231742859 -0.5273879766464233 1.7291990518569946 0.0 0.0 0.0 1.0
0.8786929845809937 0.2878830134868622 -0.3808180093765259 2.688314914703369 0.47486600279808044 -0.4452030062675476 0.7591429948806763 5.617280960083008 0.0490030013024807 -0.8478900194168091 -0.5279020071029663 1.7296630144119263 0.0 0.0 0.0 1.0
0.8747990131378174 0.291361004114151 -0.3870849907398224 2.683300018310547 0.4820469915866852 -0.4433870017528534 0.7556710243225098 5.6211957931518555 0.04854400083422661 -0.8476539850234985 -0.5283240079879761 1.7301980257034302 0.0 0.0 0.0 1.0
0.8708779811859131 0.2953589856624603 -0.3928540050983429 2.6757290363311768 0.48904699087142944 -0.44099199771881104 0.7525680065155029 5.624276161193848 0.049031998962163925 -0.8475189805030823 -0.5284950137138367 1.7312819957733154 0.0 0.0 0.0 1.0
0.8672509789466858 0.29714301228523254 -0.39947599172592163 2.6706390380859375 0.4955900013446808 -0.4385190010070801 0.7497280240058899 5.631349086761475 0.04759899899363518 -0.8481789827346802 -0.5275670289993286 1.7324479818344116 0.0 0.0 0.0 1.0
0.8626750111579895 0.2985289990901947 -0.408255010843277 2.66424298286438 0.503682017326355 -0.4340449869632721 0.7469329833984375 5.634848117828369 0.045779999345541 -0.8499919772148132 -0.5248039960861206 1.7312589883804321 0.0 0.0 0.0 1.0
0.8571109771728516 0.30226200819015503 -0.4171319901943207 2.658888101577759 0.5132700204849243 -0.4323210120201111 0.7413859963417053 5.639739036560059 0.043758001178503036 -0.8495510220527649 -0.5256879925727844 1.7300059795379639 0.0 0.0 0.0 1.0
0.8517159819602966 0.3081809878349304 -0.42379799485206604 2.6498050689697266 0.5223979949951172 -0.43611401319503784 0.7327380180358887 5.647082805633545 0.040991999208927155 -0.845475971698761 -0.5324389934539795 1.733788013458252 0.0 0.0 0.0 1.0
0.8452939987182617 0.31066399812698364 -0.43470099568367004 2.6453170776367188 0.5329660177230835 -0.43278199434280396 0.7270820140838623 5.65327787399292 0.037748001515865326 -0.8462790250778198 -0.5314009785652161 1.7345999479293823 0.0 0.0 0.0 1.0
0.8421980142593384 0.31201601028442383 -0.4397130012512207 2.6336309909820557 0.5379319787025452 -0.4310950040817261 0.7244210243225098 5.659407138824463 0.036472998559474945 -0.846642017364502 -0.5309110283851624 1.7386369705200195 0.0 0.0 0.0 1.0
0.8369029760360718 0.31138700246810913 -0.45014500617980957 2.630173921585083 0.5463410019874573 -0.42530399560928345 0.7215459942817688 5.663485050201416 0.03323100134730339 -0.8497970104217529 -0.52606201171875 1.7347420454025269 0.0 0.0 0.0 1.0
0.8339440226554871 0.312404990196228 -0.45490801334381104 2.6252810955047607 0.5509709715843201 -0.4248569905757904 0.7182809710502625 5.6700439453125 0.031123999506235123 -0.8496469855308533 -0.526432991027832 1.7319430112838745 0.0 0.0 0.0 1.0
0.8312829732894897 0.31653401255607605 -0.45691901445388794 2.6169939041137695 0.5549479722976685 -0.42581599950790405 0.7146419882774353 5.674674987792969 0.031644999980926514 -0.8476359844207764 -0.5296329855918884 1.729894995689392 0.0 0.0 0.0 1.0
0.8284720182418823 0.32231101393699646 -0.45798400044441223 2.609713077545166 0.5591359734535217 -0.4298520088195801 0.7089380025863647 5.682207107543945 0.03163300082087517 -0.8434110283851624 -0.5363360047340393 1.7294820547103882 0.0 0.0 0.0 1.0
0.8277699947357178 0.3300530016422272 -0.45371899008750916 2.5991010665893555 0.5599880218505859 -0.43588200211524963 0.704571008682251 5.691216945648193 0.03477799892425537 -0.8373000025749207 -0.545635998249054 1.7320870161056519 0.0 0.0 0.0 1.0
0.824720025062561 0.3360399901866913 -0.4548780024051666 2.589931011199951 0.5644050240516663 -0.43810099363327026 0.6996530294418335 5.698163986206055 0.03582900017499924 -0.8337529897689819 -0.5509729981422424 1.7341070175170898 0.0 0.0 0.0 1.0
0.8214070200920105 0.3394320011138916 -0.45834100246429443 2.5818240642547607 0.5691490173339844 -0.4358629882335663 0.6972039937973022 5.701756000518799 0.0368800014257431 -0.8335520029067993 -0.5512080192565918 1.7333389520645142 0.0 0.0 0.0 1.0
0.8171070218086243 0.3432219922542572 -0.46317899227142334 2.5753390789031982 0.5753650069236755 -0.43545499444007874 0.6923400163650513 5.707429885864258 0.0359329991042614 -0.8322129845619202 -0.5532910227775574 1.7324340343475342 0.0 0.0 0.0 1.0
0.8117160201072693 0.34727799892425537 -0.4695900082588196 2.569145917892456 0.5829740166664124 -0.4329270124435425 0.6875429749488831 5.710227012634277 0.03547000139951706 -0.8318489789962769 -0.5538679957389832 1.7300479412078857 0.0 0.0 0.0 1.0
0.8055390119552612 0.3545520007610321 -0.47476300597190857 2.562854051589966 0.5913789868354797 -0.43085798621177673 0.6816400289535522 5.714259147644043 0.0371210016310215 -0.8298519849777222 -0.5567470192909241 1.7293200492858887 0.0 0.0 0.0 1.0
0.7986900210380554 0.3616099953651428 -0.48096999526023865 2.5603809356689453 0.600479006767273 -0.42718198895454407 0.6759740114212036 5.716798782348633 0.03897700086236 -0.8287060260772705 -0.558326005935669 1.7251540422439575 0.0 0.0 0.0 1.0
0.7935969829559326 0.3690049946308136 -0.4837760031223297 2.5547900199890137 0.6071900129318237 -0.42928799986839294 0.6686050295829773 5.724224090576172 0.03903999924659729 -0.8243470191955566 -0.5647379755973816 1.727977991104126 0.0 0.0 0.0 1.0
0.7895100116729736 0.3724449872970581 -0.4878099858760834 2.5480799674987793 0.6124370098114014 -0.4263780117034912 0.6656749844551086 5.7281951904296875 0.03993599861860275 -0.8243100047111511 -0.5647289752960205 1.7295949459075928 0.0 0.0 0.0 1.0
0.7841060161590576 0.37347400188446045 -0.4956760108470917 2.5444750785827637 0.6194090247154236 -0.4209139943122864 0.6626949906349182 5.729574203491211 0.03886200115084648 -0.826649010181427 -0.5613750219345093 1.7279260158538818 0.0 0.0 0.0 1.0
0.7803130149841309 0.3767940104007721 -0.4991370141506195 2.5392351150512695 0.6242849826812744 -0.4218980073928833 0.6574720144271851 5.7356438636779785 0.037147000432014465 -0.8246380090713501 -0.5644400119781494 1.7303550243377686 0.0 0.0 0.0 1.0
0.7763550281524658 0.38150501251220703 -0.5017229914665222 2.530806064605713 0.6289460062980652 -0.41684800386428833 0.65625 5.735322952270508 0.04121999815106392 -0.8250399827957153 -0.5635679960250854 1.7321419715881348 0.0 0.0 0.0 1.0
0.7719100117683411 0.38148099184036255 -0.5085539817810059 2.5281219482421875 0.634581983089447 -0.4142650067806244 0.6524500250816345 5.738985061645508 0.038221001625061035 -0.8263520002365112 -0.5618559718132019 1.731819987297058 0.0 0.0 0.0 1.0
0.7662019729614258 0.3851589858531952 -0.5143809914588928 2.5233869552612305 0.6412889957427979 -0.4072059988975525 0.650331974029541 5.738894939422607 0.04102199897170067 -0.8281520009040833 -0.5590000152587891 1.730970025062561 0.0 0.0 0.0 1.0
0.760138988494873 0.3880850076675415 -0.5211319923400879 2.5215680599212646 0.6484599709510803 -0.40237799286842346 0.6462140083312988 5.7412261962890625 0.04109400138258934 -0.8291450142860413 -0.5575209856033325 1.7301839590072632 0.0 0.0 0.0 1.0
0.7534779906272888 0.3908050060272217 -0.5287179946899414 2.5199050903320312 0.6562690138816833 -0.3983969986438751 0.6407740116119385 5.743348121643066 0.039778001606464386 -0.8297899961471558 -0.556656002998352 1.7294329404830933 0.0 0.0 0.0 1.0
0.7474070191383362 0.3937459886074066 -0.5351129770278931 2.518256902694702 0.6632630228996277 -0.3958269953727722 0.6351400017738342 5.74583101272583 0.03827200084924698 -0.8296300172805786 -0.557000994682312 1.7285360097885132 0.0 0.0 0.0 1.0
0.7409049868583679 0.39724498987197876 -0.5415300130844116 2.5161590576171875 0.6705999970436096 -0.3933880031108856 0.6289209723472595 5.747687816619873 0.03680400177836418 -0.8291209936141968 -0.557856023311615 1.7283999919891357 0.0 0.0 0.0 1.0
0.7332260012626648 0.4008910059928894 -0.5492410063743591 2.514277935028076 0.6791009902954102 -0.39054399728775024 0.6215280294418335 5.750349998474121 0.034662000834941864 -0.8287109732627869 -0.5586029887199402 1.729984998703003 0.0 0.0 0.0 1.0
0.7252619862556458 0.4037429988384247 -0.5576620101928711 2.5135509967803955 0.6876879930496216 -0.3861590027809143 0.6147890090942383 5.752437114715576 0.03286999836564064 -0.829380989074707 -0.5577160120010376 1.730855941772461 0.0 0.0 0.0 1.0
0.7180820107460022 0.40383198857307434 -0.5668140053749084 2.5180470943450928 0.6954050064086914 -0.38385000824928284 0.6075119972229004 5.758362770080566 0.027760999277234077 -0.8304089903831482 -0.5564630031585693 1.730173945426941 0.0 0.0 0.0 1.0
0.7115449905395508 0.4091689884662628 -0.5712130069732666 2.512864112854004 0.7020459771156311 -0.38054901361465454 0.6019260287284851 5.757996082305908 0.028914999216794968 -0.8293150067329407 -0.5580329895019531 1.7333530187606812 0.0 0.0 0.0 1.0
0.701541006565094 0.4106079936027527 -0.5824440121650696 2.515660047531128 0.7121660113334656 -0.37451601028442383 0.5937650203704834 5.760176181793213 0.025669999420642853 -0.8313480019569397 -0.5551589727401733 1.732113003730774 0.0 0.0 0.0 1.0
0.6922709941864014 0.4136810004711151 -0.59129399061203 2.514103889465332 0.7212910056114197 -0.37127599120140076 0.5847160220146179 5.761566162109375 0.022352000698447227 -0.8312780261039734 -0.5554080009460449 1.7332630157470703 0.0 0.0 0.0 1.0
0.6805430054664612 0.41513800621032715 -0.603754997253418 2.519157886505127 0.7325080037117004 -0.3662649989128113 0.5738300085067749 5.76517391204834 0.017085000872612 -0.832772970199585 -0.5533509850502014 1.7310450077056885 0.0 0.0 0.0 1.0
0.6689720153808594 0.4184490144252777 -0.6143100261688232 2.5201780796051025 0.743149995803833 -0.3606660068035126 0.5636029839515686 5.767857074737549 0.014278000220656395 -0.833558976650238 -0.5522459745407104 1.731099009513855 0.0 0.0 0.0 1.0
0.6560180187225342 0.42103898525238037 -0.6263909935951233 2.5226240158081055 0.7546550035476685 -0.35313600301742554 0.5529829859733582 5.770580768585205 0.011625999584794044 -0.8354769945144653 -0.5494030117988586 1.7308210134506226 0.0 0.0 0.0 1.0
0.6410359740257263 0.42649298906326294 -0.6381030082702637 2.525726079940796 0.7674109935760498 -0.3427889943122864 0.5418270230293274 5.771909236907959 0.012350999750196934 -0.8370180130004883 -0.5470359921455383 1.7285560369491577 0.0 0.0 0.0 1.0
0.6250820159912109 0.4369249939918518 -0.6468139886856079 2.5307400226593018 0.7804530262947083 -0.33617499470710754 0.5271430015563965 5.777278900146484 0.012880000285804272 -0.8343160152435303 -0.5511369705200195 1.7274869680404663 0.0 0.0 0.0 1.0
0.6101130247116089 0.44846299290657043 -0.6531789898872375 2.5323901176452637 0.792110025882721 -0.32653599977493286 0.51569002866745 5.779257774353027 0.0179820004850626 -0.8320189714431763 -0.5544559955596924 1.7269619703292847 0.0 0.0 0.0 1.0
0.5931230187416077 0.45615699887275696 -0.6634200215339661 2.5430688858032227 0.804889976978302 -0.3165920078754425 0.5019189715385437 5.78779411315918 0.018921000882983208 -0.8316789865493774 -0.554934024810791 1.725208044052124 0.0 0.0 0.0 1.0
0.5800210237503052 0.46341100335121155 -0.6699439883232117 2.546566963195801 0.8144279718399048 -0.3129439949989319 0.488644003868103 5.792867183685303 0.016788000240921974 -0.8290449976921082 -0.5589290261268616 1.726233959197998 0.0 0.0 0.0 1.0
0.5653619766235352 0.4675469994544983 -0.6795330047607422 2.551882028579712 0.824741005897522 -0.307435005903244 0.4746440052986145 5.796594142913818 0.013005999848246574 -0.8287839889526367 -0.5594170093536377 1.7250159978866577 0.0 0.0 0.0 1.0
0.551826000213623 0.4720030128955841 -0.6875330209732056 2.5559449195861816 0.8339049816131592 -0.3029229938983917 0.46134600043296814 5.800967216491699 0.009487000294029713 -0.8279200196266174 -0.5607659816741943 1.725877046585083 0.0 0.0 0.0 1.0
0.5364350080490112 0.477526992559433 -0.6958490014076233 2.560647964477539 0.8438950181007385 -0.29486700892448425 0.44821199774742126 5.804460048675537 0.008849999867379665 -0.8276600241661072 -0.5611600279808044 1.726820945739746 0.0 0.0 0.0 1.0
0.5222510099411011 0.48207101225852966 -0.7034639716148376 2.5653109550476074 0.8527510166168213 -0.2870909869670868 0.4363430142402649 5.80847692489624 0.008390000090003014 -0.8277599811553955 -0.561020016670227 1.7278720140457153 0.0 0.0 0.0 1.0
0.5102199912071228 0.481999009847641 -0.7122870087623596 2.5718069076538086 0.8600180149078369 -0.27954399585723877 0.4268760085105896 5.810280799865723 0.006637999787926674 -0.8303800225257874 -0.5571569800376892 1.724586009979248 0.0 0.0 0.0 1.0
0.49742498993873596 0.48838499188423157 -0.7169719934463501 2.5755178928375244 0.8674830198287964 -0.2738890051841736 0.4152809977531433 5.812880992889404 0.006446000188589096 -0.8285319805145264 -0.5599049925804138 1.7243200540542603 0.0 0.0 0.0 1.0
0.4838469922542572 0.4947490096092224 -0.7218829989433289 2.583064079284668 0.8751450181007385 -0.27005401253700256 0.40148699283599854 5.818449020385742 0.0036869999021291733 -0.8260110020637512 -0.5636420249938965 1.7214679718017578 0.0 0.0 0.0 1.0
0.4710260033607483 0.5035009980201721 -0.7243070006370544 2.587862014770508 0.8821110129356384 -0.2651819884777069 0.3893069922924042 5.824388027191162 0.003942999988794327 -0.8222929835319519 -0.5690510272979736 1.722174048423767 0.0 0.0 0.0 1.0
0.4595099985599518 0.5081319808959961 -0.7284579873085022 2.5956649780273438 0.8881679773330688 -0.26030999422073364 0.37867701053619385 5.833213806152344 0.00279300007969141 -0.820999026298523 -0.5709220170974731 1.7215720415115356 0.0 0.0 0.0 1.0
0.4521790146827698 0.5105829834938049 -0.7313269972801208 2.600191116333008 0.8919240236282349 -0.2565290033817291 0.3723770081996918 5.836565017700195 0.0025229998864233494 -0.8206689953804016 -0.5713980197906494 1.7217570543289185 0.0 0.0 0.0 1.0
0.4429109990596771 0.5139750242233276 -0.7346150279045105 2.604137897491455 0.8965629935264587 -0.251785010099411 0.36438900232315063 5.840432167053223 0.0023219999857246876 -0.8200200200080872 -0.5723289847373962 1.7230629920959473 0.0 0.0 0.0 1.0
0.43397700786590576 0.5147160291671753 -0.7394130229949951 2.609937906265259 0.900924026966095 -0.24827100336551666 0.35594600439071655 5.845423221588135 -0.0003640000068116933 -0.820626974105835 -0.5714640021324158 1.7225650548934937 0.0 0.0 0.0 1.0
0.42621099948883057 0.5161380171775818 -0.7429310083389282 2.6145479679107666 0.9046210050582886 -0.24510399997234344 0.348690003156662 5.850473880767822 -0.0021230001002550125 -0.8206859827041626 -0.5713750123977661 1.7232359647750854 0.0 0.0 0.0 1.0
0.418612003326416 0.5162510275840759 -0.7471609711647034 2.6202259063720703 0.9081550240516663 -0.2418919950723648 0.3416770100593567 5.855477809906006 -0.004341000225394964 -0.8215680122375488 -0.5700950026512146 1.7225420475006104 0.0 0.0 0.0 1.0
0.4108780026435852 0.5168970227241516 -0.750997006893158 2.6242809295654297 0.9116740226745605 -0.23792700469493866 0.33502501249313354 5.858013153076172 -0.005508999805897474 -0.822318971157074 -0.5690000057220459 1.7211459875106812 0.0 0.0 0.0 1.0
0.4032289981842041 0.520317018032074 -0.7527790069580078 2.627281904220581 0.9150699973106384 -0.23586499691009521 0.327131986618042 5.862661838531494 -0.007340999785810709 -0.8207539916038513 -0.5712339878082275 1.7219510078430176 0.0 0.0 0.0 1.0
0.3952229917049408 0.5208889842033386 -0.7566199898719788 2.6324141025543213 0.9185190200805664 -0.2340259999036789 0.31867799162864685 5.86885404586792 -0.011071999557316303 -0.8209189772605896 -0.570937991142273 1.7212270498275757 0.0 0.0 0.0 1.0
0.3869450092315674 0.5216599702835083 -0.7603579759597778 2.6382548809051514 0.9219920039176941 -0.23165099322795868 0.3102709949016571 5.875964164733887 -0.014281000010669231 -0.8211020231246948 -0.5706019997596741 1.720986008644104 0.0 0.0 0.0 1.0
0.37591201066970825 0.5238950252532959 -0.7643449902534485 2.643842935562134 0.9264990091323853 -0.2276269942522049 0.29964199662208557 5.885487079620361 -0.01700500026345253 -0.8208039999008179 -0.5709559917449951 1.7213820219039917 0.0 0.0 0.0 1.0
0.36932700872421265 0.5245659947395325 -0.7670909762382507 2.6452879905700684 0.9291189908981323 -0.2247059941291809 0.2936750054359436 5.888974189758301 -0.01831899955868721 -0.8211809992790222 -0.5703740119934082 1.7231899499893188 0.0 0.0 0.0 1.0
0.36080700159072876 0.5241219997406006 -0.7714359760284424 2.648972988128662 0.9324280023574829 -0.22036699950695038 0.2863849997520447 5.895051002502441 -0.019898999482393265 -0.822638988494873 -0.5682160258293152 1.723757028579712 0.0 0.0 0.0 1.0
0.3537369966506958 0.5244259834289551 -0.7744979858398438 2.651031017303467 0.9350950121879578 -0.21742500364780426 0.27986401319503784 5.899259090423584 -0.021626999601721764 -0.8232280015945435 -0.5672990083694458 1.723902940750122 0.0 0.0 0.0 1.0
0.34681299328804016 0.5241929888725281 -0.7777799963951111 2.6531529426574707 0.9376410245895386 -0.2144860029220581 0.27354100346565247 5.90450382232666 -0.023435000330209732 -0.8241469860076904 -0.5658910274505615 1.7245709896087646 0.0 0.0 0.0 1.0
0.33924400806427 0.5220869779586792 -0.7825210094451904 2.6556050777435303 0.9403529763221741 -0.21073800325393677 0.2670679986476898 5.911541938781738 -0.025474000722169876 -0.8264470100402832 -0.5624380111694336 1.7257059812545776 0.0 0.0 0.0 1.0
0.3344390094280243 0.5178430080413818 -0.7873939871788025 2.6580469608306885 0.94200199842453 -0.20849600434303284 0.2629869878292084 5.917096138000488 -0.02798200026154518 -0.829679012298584 -0.5575379729270935 1.723351001739502 0.0 0.0 0.0 1.0
0.33007800579071045 0.5176230072975159 -0.7893760204315186 2.65881609916687 0.943494975566864 -0.20696799457073212 0.2588059902191162 5.922420024871826 -0.029411999508738518 -0.8301990032196045 -0.5566909909248352 1.7224949598312378 0.0 0.0 0.0 1.0
0.32542601227760315 0.5189499855041504 -0.7904350161552429 2.657541036605835 0.9450669884681702 -0.20569199323654175 0.2540439963340759 5.927419185638428 -0.030750000849366188 -0.8296869993209839 -0.5573809742927551 1.7228269577026367 0.0 0.0 0.0 1.0
0.3195509910583496 0.5200269818305969 -0.792123019695282 2.6559369564056396 0.9469940066337585 -0.20437100529670715 0.24785900115966797 5.933720111846924 -0.032993998378515244 -0.8293399810791016 -0.5577700138092041 1.723667025566101 0.0 0.0 0.0 1.0
0.3096950054168701 0.5200039744377136 -0.7960429787635803 2.6590280532836914 0.950190007686615 -0.20011499524116516 0.2389419972896576 5.9432220458984375 -0.03504899889230728 -0.8303920030593872 -0.5560770034790039 1.722121000289917 0.0 0.0 0.0 1.0
0.3028480112552643 0.5206779837608337 -0.7982339859008789 2.6582279205322266 0.9523109793663025 -0.198062002658844 0.23211100697517395 5.949096202850342 -0.03724399954080582 -0.8304610252380371 -0.5558300018310547 1.7205840349197388 0.0 0.0 0.0 1.0
0.29660698771476746 0.5217980146408081 -0.7998440265655518 2.6548759937286377 0.954200029373169 -0.19620199501514435 0.22585000097751617 5.951229095458984 -0.039083000272512436 -0.8302000164985657 -0.5560939908027649 1.7196520566940308 0.0 0.0 0.0 1.0
0.2864519953727722 0.5224390029907227 -0.8031209707260132 2.656636953353882 0.9570969939231873 -0.19428400695323944 0.21498699486255646 5.96059513092041 -0.04371599853038788 -0.8302479982376099 -0.5556769967079163 1.7172470092773438 0.0 0.0 0.0 1.0
0.2785489857196808 0.5234990119934082 -0.8052080273628235 2.655471086502075 0.9593459963798523 -0.19134199619293213 0.20747099816799164 5.9650421142578125 -0.04546000063419342 -0.8302639722824097 -0.5555139780044556 1.7132660150527954 0.0 0.0 0.0 1.0
0.2711330056190491 0.5286809802055359 -0.8043529987335205 2.6519389152526855 0.9613609910011292 -0.19011999666690826 0.19909599423408508 5.970884799957275 -0.04766499996185303 -0.8272550106048584 -0.5598009824752808 1.7121599912643433 0.0 0.0 0.0 1.0
0.26303601264953613 0.532709002494812 -0.8043839931488037 2.6502010822296143 0.9635720252990723 -0.18686799705028534 0.1913360059261322 5.978109836578369 -0.04838699847459793 -0.825410008430481 -0.5624560117721558 1.7110689878463745 0.0 0.0 0.0 1.0
0.25738200545310974 0.5355380177497864 -0.8043339848518372 2.644469976425171 0.9651060104370117 -0.184005007147789 0.18631400167942047 5.979082107543945 -0.04822399839758873 -0.8242220282554626 -0.5642099976539612 1.7099529504776 0.0 0.0 0.0 1.0
0.2478809952735901 0.5375739932060242 -0.8059589862823486 2.6430130004882812 0.9675350189208984 -0.17971700429916382 0.17770500481128693 5.984950065612793 -0.04931500181555748 -0.8238430023193359 -0.5646690130233765 1.7083170413970947 0.0 0.0 0.0 1.0
0.2398650050163269 0.5399600267410278 -0.8067880272865295 2.6379189491271973 0.9694210290908813 -0.17760400474071503 0.1693519949913025 5.988505840301514 -0.0518449991941452 -0.8227390050888062 -0.5660499930381775 1.710360050201416 0.0 0.0 0.0 1.0
0.22535200417041779 0.5399529933929443 -0.8109670281410217 2.634756088256836 0.9728299975395203 -0.17006899416446686 0.1570969969034195 5.995553970336914 -0.05309600010514259 -0.8243340253829956 -0.5636079907417297 1.7108919620513916 0.0 0.0 0.0 1.0
0.21453799307346344 0.5384979844093323 -0.8148580193519592 2.6307361125946045 0.9751129746437073 -0.16585999727249146 0.14712199568748474 5.997973918914795 -0.05592799931764603 -0.8261420130729675 -0.560679018497467 1.7113089561462402 0.0 0.0 0.0 1.0
0.2037220001220703 0.5364440083503723 -0.8189780116081238 2.630321979522705 0.9772970080375671 -0.1611659973859787 0.13753899931907654 6.002421855926514 -0.058208998292684555 -0.8284040093421936 -0.5570979714393616 1.70906400680542 0.0 0.0 0.0 1.0
0.19207899272441864 0.5378299951553345 -0.8208810091018677 2.6262118816375732 0.9794620275497437 -0.15732699632644653 0.12610599398612976 6.007486820220947 -0.06132299825549126 -0.8282439708709717 -0.5570030212402344 1.707859992980957 0.0 0.0 0.0 1.0
0.18019799888134003 0.5396630167961121 -0.8223699927330017 2.6224279403686523 0.9817820191383362 -0.14991900324821472 0.11674699932336807 6.0126519203186035 -0.06028499826788902 -0.8284249901771545 -0.556846022605896 1.7092479467391968 0.0 0.0 0.0 1.0
0.16695399582386017 0.5384079813957214 -0.825980007648468 2.6203219890594482 0.9843109846115112 -0.13951699435710907 0.10801400244235992 6.016729831695557 -0.057082999497652054 -0.8310549855232239 -0.5532529950141907 1.7101060152053833 0.0 0.0 0.0 1.0
0.15506799519062042 0.5368670225143433 -0.8292930126190186 2.6153159141540527 0.9865049719810486 -0.12881599366664886 0.10107199847698212 6.019958972930908 -0.052563998848199844 -0.833774983882904 -0.5495970249176025 1.7124049663543701 0.0 0.0 0.0 1.0
0.14305099844932556 0.5336710214614868 -0.8335059881210327 2.611685037612915 0.98853999376297 -0.11808600276708603 0.09405200183391571 6.021377086639404 -0.048232000321149826 -0.8374080061912537 -0.5444470047950745 1.7139840126037598 0.0 0.0 0.0 1.0
0.12819799780845642 0.5287320017814636 -0.8390520215034485 2.6107969284057617 0.9907649755477905 -0.10595099627971649 0.08461300283670425 6.023530006408691 -0.04416099935770035 -0.8421499729156494 -0.5374320149421692 1.7148360013961792 0.0 0.0 0.0 1.0
0.11335500329732895 0.5242249965667725 -0.8440020084381104 2.610140085220337 0.9924589991569519 -0.09962499886751175 0.0714149996638298 6.025650978088379 -0.04664599895477295 -0.8457319736480713 -0.5315650105476379 1.7162400484085083 0.0 0.0 0.0 1.0
0.10068800300359726 0.519116997718811 -0.8487520217895508 2.6130928993225098 0.9940760135650635 -0.08758900314569473 0.06435699760913849 6.009872913360596 -0.04093300178647041 -0.8502029776573181 -0.5248609781265259 1.7177280187606812 0.0 0.0 0.0 1.0
0.08494900166988373 0.5143420100212097 -0.8533669710159302 2.6187028884887695 0.9956300258636475 -0.07716099917888641 0.05260400101542473 6.005296230316162 -0.03878999873995781 -0.8541070222854614 -0.5186489820480347 1.7126460075378418 0.0 0.0 0.0 1.0
0.06438300013542175 0.5183429718017578 -0.8527460098266602 2.616837978363037 0.9970729947090149 -0.06873399764299393 0.03350000083446503 6.014710903167725 -0.04124800115823746 -0.8524060249328613 -0.5212510228157043 1.711359977722168 0.0 0.0 0.0 1.0
0.04908899962902069 0.5213519930839539 -0.8519279956817627 2.615856885910034 0.9979619979858398 -0.06042100116610527 0.020526999607682228 6.019330978393555 -0.040773000568151474 -0.8511999845504761 -0.5232560038566589 1.7119929790496826 0.0 0.0 0.0 1.0
0.036890000104904175 0.5221310257911682 -0.8520669937133789 2.613981008529663 0.9985120296478271 -0.05353099852800369 0.01042800024151802 6.0249409675598145 -0.040167998522520065 -0.8511829972267151 -0.5233290195465088 1.712561011314392 0.0 0.0 0.0 1.0
0.025363000109791756 0.5232149958610535 -0.8518229722976685 2.6148650646209717 0.9987679719924927 -0.049616001546382904 -0.0007379999733529985 6.029856204986572 -0.042649999260902405 -0.850754976272583 -0.5238289833068848 1.7115730047225952 0.0 0.0 0.0 1.0
0.015745999291539192 0.5260800123214722 -0.850288987159729 2.6150870323181152 0.9988970160484314 -0.04589900001883507 -0.009901000186800957 6.032464981079102 -0.04423600062727928 -0.8491960167884827 -0.5262219905853271 1.7127900123596191 0.0 0.0 0.0 1.0
0.005005999933928251 0.5279589891433716 -0.8492550253868103 2.612082004547119 0.9989879727363586 -0.040605999529361725 -0.01935500092804432 6.034839153289795 -0.044704001396894455 -0.8482980132102966 -0.5276280045509338 1.7171930074691772 0.0 0.0 0.0 1.0
-0.005125999916344881 0.5237020254135132 -0.851885974407196 2.613784074783325 0.9989920258522034 -0.03531099855899811 -0.027719000354409218 6.036233901977539 -0.04459799826145172 -0.8511689901351929 -0.5229930281639099 1.7191330194473267 0.0 0.0 0.0 1.0
-0.017169000580906868 0.5177199840545654 -0.8553779721260071 2.617614984512329 0.9987990260124207 -0.030381999909877777 -0.038437001407146454 6.039856910705566 -0.04588700085878372 -0.8550099730491638 -0.5165770053863525 1.7194550037384033 0.0 0.0 0.0 1.0
-0.036757998168468475 0.5164729952812195 -0.8555139899253845 2.6141669750213623 0.9980670213699341 -0.023951999843120575 -0.057342998683452606 6.0553178787231445 -0.05010800063610077 -0.8559679985046387 -0.5145949721336365 1.7224780321121216 0.0 0.0 0.0 1.0
-0.04709000140428543 0.5105159878730774 -0.8585780262947083 2.6196529865264893 0.9978209733963013 -0.01572299934923649 -0.06407500058412552 6.053316116333008 -0.04621100053191185 -0.8597239851951599 -0.5086640119552612 1.7215909957885742 0.0 0.0 0.0 1.0
-0.05887100100517273 0.507224977016449 -0.8597999811172485 2.6234679222106934 0.9972220063209534 -0.009492999874055386 -0.07388100028038025 6.054868221282959 -0.045635998249053955 -0.8617609739303589 -0.5052570104598999 1.7209579944610596 0.0 0.0 0.0 1.0
-0.07223500311374664 0.5060549974441528 -0.8594710230827332 2.628122091293335 0.9963510036468506 -0.0026599999982863665 -0.08530499786138535 6.056408882141113 -0.04545599967241287 -0.8624969720840454 -0.5040159821510315 1.7212469577789307 0.0 0.0 0.0 1.0
-0.0861319974064827 0.5035629868507385 -0.8596540093421936 2.6338980197906494 0.9952059984207153 0.003361999988555908 -0.09774400293827057 6.057693958282471 -0.04633000120520592 -0.8639519810676575 -0.5014389753341675 1.72017502784729 0.0 0.0 0.0 1.0
-0.10220199823379517 0.5026350021362305 -0.8584359884262085 2.641103982925415 0.993619978427887 0.010219000279903412 -0.11231300234794617 6.061761856079102 -0.04768100008368492 -0.864437997341156 -0.5004730224609375 1.7201499938964844 0.0 0.0 0.0 1.0
-0.11858399957418442 0.501209020614624 -0.8571619987487793 2.6477138996124268 0.9917089939117432 0.01674400083720684 -0.1274079978466034 6.064341068267822 -0.04950600117444992 -0.8651639819145203 -0.4990389943122864 1.7214970588684082 0.0 0.0 0.0 1.0
-0.1353210061788559 0.497175008058548 -0.8570330142974854 2.6566460132598877 0.989471971988678 0.023005999624729156 -0.14288699626922607 6.067107200622559 -0.051323000341653824 -0.8673449754714966 -0.4950540065765381 1.7211979627609253 0.0 0.0 0.0 1.0
-0.1523510068655014 0.49298399686813354 -0.856594979763031 2.6648969650268555 0.9869740009307861 0.030566999688744545 -0.15794800221920013 6.069698810577393 -0.051681999117136 -0.869500994682312 -0.49121999740600586 1.719910979270935 0.0 0.0 0.0 1.0
-0.16903400421142578 0.4893209934234619 -0.8555660247802734 2.6756539344787598 0.9842609763145447 0.03840399906039238 -0.1724970042705536 6.07449197769165 -0.051548998802900314 -0.871258020401001 -0.4881109893321991 1.7188420295715332 0.0 0.0 0.0 1.0
-0.19608299434185028 0.48910900950431824 -0.8498960137367249 2.6769471168518066 0.9790419936180115 0.049010999500751495 -0.1976729929447174 6.101883888244629 -0.0550290010869503 -0.8708440065383911 -0.4884690046310425 1.7233519554138184 0.0 0.0 0.0 1.0
-0.21357600390911102 0.4793350100517273 -0.851248025894165 2.690308094024658 0.9753689765930176 0.0554409995675087 -0.21349899470806122 6.105257987976074 -0.05514400079846382 -0.8758789896965027 -0.47936999797821045 1.720494031906128 0.0 0.0 0.0 1.0
-0.2318129986524582 0.4725399911403656 -0.8502749800682068 2.7035539150238037 0.9711779952049255 0.06259500235319138 -0.2299879938364029 6.110489845275879 -0.05545499920845032 -0.879082977771759 -0.4734309911727905 1.7165319919586182 0.0 0.0 0.0 1.0
-0.2502000033855438 0.4725779891014099 -0.8450260162353516 2.716475009918213 0.9665859937667847 0.0716399997472763 -0.24612799286842346 6.118964195251465 -0.05577699840068817 -0.8783720135688782 -0.4747120141983032 1.7106750011444092 0.0 0.0 0.0 1.0
-0.26583999395370483 0.48045599460601807 -0.8357579708099365 2.7244420051574707 0.9624729752540588 0.08323100209236145 -0.25829899311065674 6.125531196594238 -0.0545400008559227 -0.8730610013008118 -0.4845519959926605 1.7122700214385986 0.0 0.0 0.0 1.0
-0.2812489867210388 0.4839800000190735 -0.8286510109901428 2.730825901031494 0.9582300186157227 0.09492500126361847 -0.2697870135307312 6.129786014556885 -0.051913000643253326 -0.8699150085449219 -0.4904620051383972 1.71664297580719 0.0 0.0 0.0 1.0
-0.2964940071105957 0.4799230098724365 -0.8256909847259521 2.740377902984619 0.9537479877471924 0.10392399877309799 -0.2820729911327362 6.135365962982178 -0.049564000219106674 -0.8711339831352234 -0.48853799700737 1.7167409658432007 0.0 0.0 0.0 1.0
-0.30998098850250244 0.47539299726486206 -0.8233540058135986 2.752861976623535 0.9496089816093445 0.11252900213003159 -0.2925420105457306 6.140500068664551 -0.04642099887132645 -0.8725469708442688 -0.48631998896598816 1.7141159772872925 0.0 0.0 0.0 1.0
-0.32432299852371216 0.47246599197387695 -0.8195059895515442 2.764538049697876 0.9449329972267151 0.12172999978065491 -0.30378198623657227 6.147443771362305 -0.04376799985766411 -0.872901976108551 -0.4859279990196228 1.714406967163086 0.0 0.0 0.0 1.0
-0.33514198660850525 0.46846500039100647 -0.8174470067024231 2.776007890701294 0.9412339925765991 0.12785999476909637 -0.31261900067329407 6.153038024902344 -0.04193200170993805 -0.8741809725761414 -0.48378700017929077 1.713474988937378 0.0 0.0 0.0 1.0
-0.3545919954776764 0.4650479853153229 -0.8111690282821655 2.7791669368743896 0.9342880249023438 0.14187300205230713 -0.3270759880542755 6.178356170654297 -0.03702300041913986 -0.8738440275192261 -0.4847959876060486 1.713258981704712 0.0 0.0 0.0 1.0
-0.3618359863758087 0.46291399002075195 -0.8091880083084106 2.7884299755096436 0.9316310286521912 0.14814800024032593 -0.3318359851837158 6.1826348304748535 -0.03373200073838234 -0.8739349842071533 -0.4848710000514984 1.7121130228042603 0.0 0.0 0.0 1.0
-0.36824700236320496 0.4613800048828125 -0.8071699738502502 2.7957780361175537 0.929207980632782 0.15358999371528625 -0.3361310064792633 6.188354015350342 -0.03111100010573864 -0.8738070130348206 -0.4852760136127472 1.7121570110321045 0.0 0.0 0.0 1.0
-0.3738130033016205 0.4602780044078827 -0.8052380084991455 2.804605007171631 0.9271090030670166 0.16009700298309326 -0.33887699246406555 6.195374965667725 -0.02706100046634674 -0.8732200264930725 -0.4865739941596985 1.7110309600830078 0.0 0.0 0.0 1.0
-0.3761669993400574 0.4621320068836212 -0.803076982498169 2.811163902282715 0.9261860251426697 0.16318200528621674 -0.3399290144443512 6.200407981872559 -0.026043999940156937 -0.8716679811477661 -0.48940399289131165 1.7122199535369873 0.0 0.0 0.0 1.0
-0.3771600127220154 0.46362900733947754 -0.8017470240592957 2.8158578872680664 0.9257479906082153 0.16325999796390533 -0.34108299016952515 6.2028889656066895 -0.02724199928343296 -0.8708580136299133 -0.49077799916267395 1.7145529985427856 0.0 0.0 0.0 1.0
-0.3783490061759949 0.4633840024471283 -0.8013280034065247 2.8199470043182373 0.9251999855041504 0.1619430035352707 -0.343189001083374 6.206675052642822 -0.029258999973535538 -0.8712339997291565 -0.48999398946762085 1.718000054359436 0.0 0.0 0.0 1.0
-0.37731799483299255 0.46024200320243835 -0.8036220073699951 2.825407028198242 0.9255139827728271 0.15695500373840332 -0.3446590006351471 6.209085941314697 -0.03249499946832657 -0.8738089799880981 -0.485181987285614 1.7198959589004517 0.0 0.0 0.0 1.0
-0.37656599283218384 0.4553920030593872 -0.8067319989204407 2.832300901412964 0.925707995891571 0.15155600011348724 -0.34654900431632996 6.212255001068115 -0.03555100038647652 -0.877295970916748 -0.478630006313324 1.718649983406067 0.0 0.0 0.0 1.0
-0.37702301144599915 0.45456600189208984 -0.806984007358551 2.8367919921875 0.9254270195960999 0.14919200539588928 -0.34832099080085754 6.215083122253418 -0.03793900087475777 -0.8781300187110901 -0.47691598534584045 1.7188689708709717 0.0 0.0 0.0 1.0
-0.3794560134410858 0.45374900102615356 -0.8063039779663086 2.8418240547180176 0.9244030117988586 0.14952799677848816 -0.3508870005607605 6.219277858734131 -0.038649000227451324 -0.8784949779510498 -0.47618600726127625 1.7180700302124023 0.0 0.0 0.0 1.0
-0.38023000955581665 0.45260000228881836 -0.8065850138664246 2.844680070877075 0.9241480231285095 0.15094900131225586 -0.3509480059146881 6.21848201751709 -0.03708599880337715 -0.8788449764251709 -0.4756639897823334 1.7194080352783203 0.0 0.0 0.0 1.0
-0.38100099563598633 0.4468599855899811 -0.8094159960746765 2.8538479804992676 0.9238389730453491 0.14907699823379517 -0.35255900025367737 6.2208051681518555 -0.0368800014257431 -0.8820949792861938 -0.46962499618530273 1.7126890420913696 0.0 0.0 0.0 1.0
-0.3836809992790222 0.4575139880180359 -0.8021649718284607 2.8581581115722656 0.9223660230636597 0.14748400449752808 -0.35705599188804626 6.225884914398193 -0.045051999390125275 -0.8768860101699829 -0.4785830080509186 1.711588978767395 0.0 0.0 0.0 1.0
-0.38562700152397156 0.46532300114631653 -0.7967219948768616 2.851716995239258 0.9211369752883911 0.1446480005979538 -0.3613640069961548 6.225727081298828 -0.05290700122714043 -0.8732420206069946 -0.4844070076942444 1.7261569499969482 0.0 0.0 0.0 1.0
-0.3847459852695465 0.4468570053577423 -0.8076440095901489 2.861812114715576 0.9215409755706787 0.13640500605106354 -0.36353299021720886 6.226850986480713 -0.05228099972009659 -0.8841450214385986 -0.4642780125141144 1.7194299697875977 0.0 0.0 0.0 1.0
-0.3846920132637024 0.44106900691986084 -0.8108459711074829 2.873208999633789 0.9215220212936401 0.1330679953098297 -0.36481600999832153 6.232161045074463 -0.053011998534202576 -0.8875539898872375 -0.457643985748291 1.7071280479431152 0.0 0.0 0.0 1.0
-0.38655900955200195 0.4518910050392151 -0.8039690256118774 2.876070022583008 0.9205179810523987 0.13542699813842773 -0.36647799611091614 6.239285945892334 -0.05672900006175041 -0.8817340135574341 -0.4683240056037903 1.7042080163955688 0.0 0.0 0.0 1.0
-0.39020100235939026 0.46167099475860596 -0.7966189980506897 2.8761041164398193 0.9189580082893372 0.14163200557231903 -0.36804500222206116 6.24241304397583 -0.057089000940322876 -0.8756710290908813 -0.4795210063457489 1.7080130577087402 0.0 0.0 0.0 1.0
-0.39572998881340027 0.4649600088596344 -0.7919660210609436 2.879956007003784 0.9163609743118286 0.1429470032453537 -0.37396401166915894 6.246425151824951 -0.06066900119185448 -0.8737149834632874 -0.48263901472091675 1.709293007850647 0.0 0.0 0.0 1.0
-0.4041360020637512 0.4631600081920624 -0.788769006729126 2.8843328952789307 0.9126009941101074 0.14579200744628906 -0.381974995136261 6.2545599937438965 -0.06191899999976158 -0.8742009997367859 -0.48159998655319214 1.7117350101470947 0.0 0.0 0.0 1.0
-0.4122200012207031 0.45906299352645874 -0.7869790196418762 2.8905460834503174 0.9089279770851135 0.14781999588012695 -0.3898710012435913 6.2605509757995605 -0.06264399737119675 -0.8760200142860413 -0.47818899154663086 1.7122429609298706 0.0 0.0 0.0 1.0
-0.4210369884967804 0.4571419954299927 -0.7834219932556152 2.895392894744873 0.9046459794044495 0.1488790065050125 -0.3993130028247833 6.266051769256592 -0.06590799987316132 -0.8768450021743774 -0.4762350022792816 1.7132019996643066 0.0 0.0 0.0 1.0
-0.4313890039920807 0.4536300003528595 -0.7798230051994324 2.901324987411499 0.8995130062103271 0.15002599358558655 -0.4103280007839203 6.275609016418457 -0.06914299726486206 -0.8784710168838501 -0.4727660119533539 1.7142770290374756 0.0 0.0 0.0 1.0
-0.44205498695373535 0.44652000069618225 -0.7779510021209717 2.9083309173583984 0.8941980004310608 0.15102200210094452 -0.42142900824546814 6.284393787384033 -0.07068800181150436 -0.8819370269775391 -0.46603700518608093 1.7128009796142578 0.0 0.0 0.0 1.0
-0.45253100991249084 0.4407469928264618 -0.7752150297164917 2.9159419536590576 0.8888779878616333 0.1532440036535263 -0.431755006313324 6.293914794921875 -0.07149799913167953 -0.8844540119171143 -0.46111801266670227 1.7103339433670044 0.0 0.0 0.0 1.0
-0.4639360010623932 0.43593499064445496 -0.7711830139160156 2.9240880012512207 0.8830839991569519 0.1586190015077591 -0.4415909945964813 6.303500175476074 -0.0701799988746643 -0.885890007019043 -0.45855700969696045 1.7064709663391113 0.0 0.0 0.0 1.0
-0.476965993642807 0.43280500173568726 -0.764972984790802 2.9308888912200928 0.8762800097465515 0.16673000156879425 -0.45203399658203125 6.314499855041504 -0.0680989995598793 -0.8859350085258484 -0.45878300070762634 1.7053120136260986 0.0 0.0 0.0 1.0
-0.4903840124607086 0.4279539883136749 -0.7591959834098816 2.936976909637451 0.8689489960670471 0.17341500520706177 -0.4635240137577057 6.324934959411621 -0.06671100109815598 -0.887008011341095 -0.45691099762916565 1.702991008758545 0.0 0.0 0.0 1.0
-0.5050879716873169 0.42371299862861633 -0.7519000172615051 2.9471490383148193 0.8605499863624573 0.180744007229805 -0.4762200117111206 6.339535236358643 -0.06587900221347809 -0.8875809907913208 -0.45591801404953003 1.699038028717041 0.0 0.0 0.0 1.0
-0.5226699709892273 0.4202739894390106 -0.7417449951171875 2.953481912612915 0.8504279851913452 0.19589300453662872 -0.4882600009441376 6.352579116821289 -0.05990099906921387 -0.8859999775886536 -0.45980000495910645 1.6988660097122192 0.0 0.0 0.0 1.0
-0.5363209843635559 0.41576001048088074 -0.7345089912414551 2.961806058883667 0.8421750068664551 0.20618699491024017 -0.49822598695755005 6.3611650466918945 -0.055695999413728714 -0.8857939839363098 -0.46072500944137573 1.6978349685668945 0.0 0.0 0.0 1.0
-0.5505719780921936 0.4085580110549927 -0.7279769778251648 2.9708480834960938 0.8331260085105896 0.21393199265003204 -0.5100330114364624 6.375638008117676 -0.052639998495578766 -0.8873069882392883 -0.4581660032272339 1.695781946182251 0.0 0.0 0.0 1.0
-0.5628780126571655 0.39929598569869995 -0.723691999912262 2.981487989425659 0.8253229856491089 0.22403199970722198 -0.5183159708976746 6.388769149780273 -0.04483199864625931 -0.8890290260314941 -0.4556509852409363 1.6900609731674194 0.0 0.0 0.0 1.0
-0.5728909969329834 0.3985460102558136 -0.7162100076675415 2.9884450435638428 0.8186659812927246 0.235835000872612 -0.5236110091209412 6.398787021636963 -0.03977600112557411 -0.886309027671814 -0.46138399839401245 1.6856019496917725 0.0 0.0 0.0 1.0
-0.5836089849472046 0.40174800157546997 -0.7056900262832642 2.9951210021972656 0.8112480044364929 0.2502079904079437 -0.5284630060195923 6.413174152374268 -0.035739999264478683 -0.8809059858322144 -0.4719409942626953 1.6843550205230713 0.0 0.0 0.0 1.0
-0.5921890139579773 0.40354999899864197 -0.6974660158157349 2.9990570545196533 0.80520099401474 0.2630159854888916 -0.531482994556427 6.423112869262695 -0.031036000698804855 -0.8763390183448792 -0.4806939959526062 1.685670018196106 0.0 0.0 0.0 1.0
-0.5989270210266113 0.4026620090007782 -0.6922060251235962 3.005919933319092 0.8003039956092834 0.270440012216568 -0.5351409912109375 6.434412002563477 -0.02828099951148033 -0.8744860291481018 -0.4842259883880615 1.6851389408111572 0.0 0.0 0.0 1.0
-0.6048200130462646 0.4010840058326721 -0.6879850029945374 3.011323928833008 0.7958970069885254 0.27489998936653137 -0.5394240021705627 6.4437479972839355 -0.027226999402046204 -0.8738200068473816 -0.4854870140552521 1.6832720041275024 0.0 0.0 0.0 1.0
-0.610834002494812 0.40031901001930237 -0.6830999851226807 3.0191938877105713 0.7912909984588623 0.2790200114250183 -0.544064998626709 6.452743053436279 -0.027201000601053238 -0.8728650212287903 -0.4872030019760132 1.679229974746704 0.0 0.0 0.0 1.0
-0.6187760233879089 0.4047360122203827 -0.6732789874076843 3.021620988845825 0.7849119901657104 0.28352001309394836 -0.5509349703788757 6.46350622177124 -0.03209500014781952 -0.8693699836730957 -0.4931179881095886 1.6811569929122925 0.0 0.0 0.0 1.0
-0.6262959837913513 0.408935010433197 -0.6637210249900818 3.026510000228882 0.7785519957542419 0.28426000475883484 -0.5595120191574097 6.473259925842285 -0.04013499990105629 -0.867160975933075 -0.49640798568725586 1.680487036705017 0.0 0.0 0.0 1.0
-0.6320019960403442 0.4102799892425537 -0.6574530005455017 3.0302600860595703 0.7736420035362244 0.28442099690437317 -0.5662009716033936 6.480137825012207 -0.04530800133943558 -0.8664730191230774 -0.49716299772262573 1.6817790269851685 0.0 0.0 0.0 1.0
-0.635860025882721 0.40807899832725525 -0.6550970077514648 3.0372610092163086 0.7702900171279907 0.28239598870277405 -0.5717570185661316 6.488345146179199 -0.04832499846816063 -0.8681730031967163 -0.4939039945602417 1.6783759593963623 0.0 0.0 0.0 1.0
-0.6383680105209351 0.40685001015663147 -0.6534209847450256 3.045358896255493 0.7681630253791809 0.2825770080089569 -0.5745220184326172 6.494712829589844 -0.04910299926996231 -0.8686910271644592 -0.49291500449180603 1.67385995388031 0.0 0.0 0.0 1.0
-0.6416149735450745 0.41031500697135925 -0.648052990436554 3.0502939224243164 0.7651609778404236 0.2834869921207428 -0.5780699849128723 6.501179218292236 -0.0534759983420372 -0.8667619824409485 -0.4958460032939911 1.6733299493789673 0.0 0.0 0.0 1.0
-0.6462929844856262 0.41206100583076477 -0.642270028591156 3.055253028869629 0.7609900236129761 0.2856360077857971 -0.5825009942054749 6.5049519538879395 -0.05657000094652176 -0.8652269840240479 -0.49817800521850586 1.675266981124878 0.0 0.0 0.0 1.0
-0.6521130204200745 0.4096899926662445 -0.6378899812698364 3.061969041824341 0.7558509707450867 0.2862730026245117 -0.5888429880142212 6.509469985961914 -0.058632999658584595 -0.8661419749259949 -0.49634701013565063 1.673895001411438 0.0 0.0 0.0 1.0
-0.6576219797134399 0.40798699855804443 -0.633309006690979 3.069705009460449 0.7508360147476196 0.2863540053367615 -0.5951870083808899 6.515028953552246 -0.06147800013422966 -0.8669189810752869 -0.4946430027484894 1.673341989517212 0.0 0.0 0.0 1.0
-0.6647319793701172 0.40369701385498047 -0.628616988658905 3.0786659717559814 0.7444639801979065 0.2875620126724243 -0.6025630235671997 6.520607948303223 -0.06248600035905838 -0.8685259819030762 -0.4916900098323822 1.6722429990768433 0.0 0.0 0.0 1.0
-0.6701059937477112 0.4016309976577759 -0.6242200136184692 3.0850830078125 0.7394840121269226 0.28849199414253235 -0.6082239747047424 6.521924018859863 -0.06419900059700012 -0.8691750168800354 -0.49031999707221985 1.67500901222229 0.0 0.0 0.0 1.0
-0.6758490204811096 0.39627501368522644 -0.6214450001716614 3.0952229499816895 0.7343270182609558 0.2897520065307617 -0.613847017288208 6.527408123016357 -0.06318700313568115 -0.8712120056152344 -0.48682400584220886 1.6708509922027588 0.0 0.0 0.0 1.0
-0.681863009929657 0.3943310081958771 -0.6160889863967896 3.104783058166504 0.7286530137062073 0.29218700528144836 -0.6194289922714233 6.531856060028076 -0.0642469972372055 -0.8712810277938843 -0.48656100034713745 1.6685880422592163 0.0 0.0 0.0 1.0
-0.6878929734230042 0.39455100893974304 -0.6092069745063782 3.1146368980407715 0.7226549983024597 0.2941100001335144 -0.6255149841308594 6.537930965423584 -0.06762400269508362 -0.8705340027809143 -0.48743999004364014 1.66840398311615 0.0 0.0 0.0 1.0
-0.6941919922828674 0.3930470049381256 -0.6030009984970093 3.1242189407348633 0.7164160013198853 0.29628700017929077 -0.631633996963501 6.540146827697754 -0.06960099935531616 -0.8704760074615479 -0.48726600408554077 1.6674929857254028 0.0 0.0 0.0 1.0
-0.70107501745224 0.3905540108680725 -0.5966249704360962 3.137044906616211 0.7095580101013184 0.2989239990711212 -0.6381009817123413 6.545662879943848 -0.07086700201034546 -0.8706960082054138 -0.4866890013217926 1.6631699800491333 0.0 0.0 0.0 1.0
-0.7080990076065063 0.3900580108165741 -0.5885999798774719 3.148829936981201 0.7023980021476746 0.3037079870700836 -0.6437379717826843 6.5524821281433105 -0.072332002222538 -0.8692619800567627 -0.48903098702430725 1.661018967628479 0.0 0.0 0.0 1.0
-0.7143279910087585 0.3897700011730194 -0.5812180042266846 3.1592490673065186 0.6959419846534729 0.3084399998188019 -0.6484829783439636 6.5580878257751465 -0.07348799705505371 -0.8677229881286621 -0.49158498644828796 1.6595419645309448 0.0 0.0 0.0 1.0
-0.7197930216789246 0.38960200548171997 -0.574550986289978 3.1701009273529053 0.6902440190315247 0.31356701254844666 -0.6521030068397522 6.564526081085205 -0.0738999992609024 -0.8659600019454956 -0.49462398886680603 1.6585659980773926 0.0 0.0 0.0 1.0
-0.7256559729576111 0.38770800828933716 -0.5684239864349365 3.181900978088379 0.6840819716453552 0.3178440034389496 -0.6565120220184326 6.570637226104736 -0.07386499643325806 -0.8652499914169312 -0.4958690106868744 1.6569030284881592 0.0 0.0 0.0 1.0
-0.7310220003128052 0.3859809935092926 -0.5626950263977051 3.1966679096221924 0.6784359812736511 0.3228890001773834 -0.6599000096321106 6.574663162231445 -0.07302100211381912 -0.8641530275344849 -0.4979029893875122 1.6541450023651123 0.0 0.0 0.0 1.0
-0.7367960214614868 0.38416001200675964 -0.5563740134239197 3.2109460830688477 0.6724579930305481 0.3309119939804077 -0.6620399951934814 6.582437992095947 -0.07021799683570862 -0.8619269728660583 -0.5021460056304932 1.6480449438095093 0.0 0.0 0.0 1.0
-0.7414609789848328 0.38593199849128723 -0.5489010214805603 3.2205700874328613 0.6675469875335693 0.34142300486564636 -0.6616740226745605 6.586310863494873 -0.06795399636030197 -0.8570219874382019 -0.5107790231704712 1.6450940370559692 0.0 0.0 0.0 1.0
-0.7464799880981445 0.3875260055065155 -0.5409169793128967 3.2298269271850586 0.6620830297470093 0.35140401124954224 -0.6619380116462708 6.5923848152160645 -0.0664369985461235 -0.8522549867630005 -0.5188900232315063 1.6464790105819702 0.0 0.0 0.0 1.0
-0.7524639964103699 0.3834120035171509 -0.5355299711227417 3.2409300804138184 0.6555659770965576 0.35760700702667236 -0.6650949716567993 6.599372863769531 -0.06349600106477737 -0.8515350222587585 -0.520438015460968 1.6430859565734863 0.0 0.0 0.0 1.0
-0.7585740089416504 0.38113200664520264 -0.5284910202026367 3.2556750774383545 0.648527979850769 0.3631399869918823 -0.6689850091934204 6.606329917907715 -0.06305500119924545 -0.8502169847488403 -0.5226430296897888 1.6346780061721802 0.0 0.0 0.0 1.0
-0.7657489776611328 0.3843440115451813 -0.5156620144844055 3.2673299312591553 0.6398980021476746 0.37492701411247253 -0.67079097032547 6.610589981079102 -0.06447900086641312 -0.843629002571106 -0.5330410003662109 1.6315350532531738 0.0 0.0 0.0 1.0
-0.7747759819030762 0.3857690095901489 -0.5009040236473083 3.273314952850342 0.6287739872932434 0.38735198974609375 -0.6742420196533203 6.617262840270996 -0.06607499718666077 -0.8373420238494873 -0.5426719784736633 1.6338160037994385 0.0 0.0 0.0 1.0
-0.7835249900817871 0.3808630108833313 -0.49094998836517334 3.2814249992370605 0.61810702085495 0.3970099985599518 -0.6784740090370178 6.626449108123779 -0.06349299848079681 -0.8350610136985779 -0.5464810132980347 1.6308929920196533 0.0 0.0 0.0 1.0
-0.7902539968490601 0.37684398889541626 -0.48320499062538147 3.2890639305114746 0.6099449992179871 0.4079799950122833 -0.6793519854545593 6.635599136352539 -0.05887100100517273 -0.8315889835357666 -0.552262008190155 1.6300749778747559 0.0 0.0 0.0 1.0
-0.7952190041542053 0.3740899860858917 -0.4771609902381897 3.288922071456909 0.6037790179252625 0.41657599806785583 -0.679643988609314 6.638641834259033 -0.05547399818897247 -0.8285650014877319 -0.5571370124816895 1.6352219581604004 0.0 0.0 0.0 1.0
-0.7989649772644043 0.36896899342536926 -0.4748860001564026 3.2980170249938965 0.599062979221344 0.4190939962863922 -0.682263970375061 6.642420768737793 -0.052712999284267426 -0.8295919895172119 -0.5558769702911377 1.6364259719848633 0.0 0.0 0.0 1.0
-0.8037319779396057 0.3634270131587982 -0.47110000252723694 3.3101539611816406 0.5926480293273926 0.41878798604011536 -0.6880300045013428 6.647881031036377 -0.05275699868798256 -0.8321890234947205 -0.5519769787788391 1.6337080001831055 0.0 0.0 0.0 1.0
-0.8105059862136841 0.35900598764419556 -0.4628109931945801 3.3187038898468018 0.583109974861145 0.41990500688552856 -0.6954590082168579 6.651886940002441 -0.055337000638246536 -0.8335440158843994 -0.5496749877929688 1.6337230205535889 0.0 0.0 0.0 1.0
-0.8181880116462708 0.3536590039730072 -0.4533129930496216 3.327883005142212 0.5719640254974365 0.42040398716926575 -0.7043570280075073 6.65684700012207 -0.05852700024843216 -0.8355749845504761 -0.5462499856948853 1.6350690126419067 0.0 0.0 0.0 1.0
-0.8282060027122498 0.3456310033798218 -0.4411500096321106 3.3325490951538086 0.5570449829101562 0.42140400409698486 -0.715624988079071 6.664151191711426 -0.06143900007009506 -0.8384259939193726 -0.5415409803390503 1.6341359615325928 0.0 0.0 0.0 1.0
-0.8373079895973206 0.33842700719833374 -0.4293980002403259 3.3397390842437744 0.5431180000305176 0.42472198605537415 -0.7243160009384155 6.67146110534668 -0.06275399774312973 -0.8396890163421631 -0.5394290089607239 1.6332659721374512 0.0 0.0 0.0 1.0
-0.846077024936676 0.3311519920825958 -0.4177219867706299 3.3457069396972656 0.5292829871177673 0.42876601219177246 -0.7321339845657349 6.677241802215576 -0.06334300339221954 -0.8405349850654602 -0.5380420088768005 1.6346460580825806 0.0 0.0 0.0 1.0
-0.8547220230102539 0.3226050138473511 -0.40666499733924866 3.351917028427124 0.515155017375946 0.4309450089931488 -0.7408789992332458 6.683709144592285 -0.06376200169324875 -0.8427410125732422 -0.534529983997345 1.6349509954452515 0.0 0.0 0.0 1.0
-0.8624320030212402 0.3152090013027191 -0.39604800939559937 3.3610880374908447 0.5020340085029602 0.4328249990940094 -0.7487480044364929 6.690374851226807 -0.06459300220012665 -0.844573974609375 -0.5315279960632324 1.6357070207595825 0.0 0.0 0.0 1.0
-0.8720499873161316 0.3047890067100525 -0.38292598724365234 3.3582239151000977 0.4852119982242584 0.4360649883747101 -0.757902979850769 6.694394111633301 -0.06402000039815903 -0.8467299938201904 -0.5281580090522766 1.6343539953231812 0.0 0.0 0.0 1.0
-0.8809499740600586 0.2954770028591156 -0.36962199211120605 3.3683390617370605 0.4687039852142334 0.4373050034046173 -0.767516016960144 6.7048258781433105 -0.06514599919319153 -0.849386990070343 -0.523734986782074 1.6291240453720093 0.0 0.0 0.0 1.0
-0.8913050293922424 0.2867799997329712 -0.35118699073791504 3.373538017272949 0.44854500889778137 0.4446209967136383 -0.77531898021698 6.712913990020752 -0.06620000302791595 -0.8485689759254456 -0.524927020072937 1.6315109729766846 0.0 0.0 0.0 1.0
-0.9016389846801758 0.2741200029850006 -0.33452099561691284 3.3838939666748047 0.4276669919490814 0.44993698596954346 -0.7840009927749634 6.718730926513672 -0.06439699977636337 -0.8499500155448914 -0.5229129791259766 1.6355400085449219 0.0 0.0 0.0 1.0
-0.9126729965209961 0.2574549913406372 -0.31740298867225647 3.3850009441375732 0.4040769934654236 0.4520930051803589 -0.7951939702033997 6.726499080657959 -0.06123099848628044 -0.8540080189704895 -0.5166450142860413 1.637444019317627 0.0 0.0 0.0 1.0
-0.9211220145225525 0.24102400243282318 -0.3056820034980774 3.3971779346466064 0.38533100485801697 0.4530769884586334 -0.8038910031318665 6.737123012542725 -0.05525999888777733 -0.8582710027694702 -0.5102130174636841 1.6368529796600342 0.0 0.0 0.0 1.0
-0.9290750026702881 0.22677700221538544 -0.2922169864177704 3.4066998958587646 0.366457998752594 0.45696499943733215 -0.8104879856109619 6.746323108673096 -0.05026699975132942 -0.8600900173187256 -0.5076599717140198 1.6341400146484375 0.0 0.0 0.0 1.0
-0.9367290139198303 0.21344000101089478 -0.27745598554611206 3.4186959266662598 0.347214013338089 0.46575799584388733 -0.8139479756355286 6.752945899963379 -0.044502001255750656 -0.8587859869003296 -0.5103979706764221 1.6361019611358643 0.0 0.0 0.0 1.0
-0.9444389939308167 0.19895599782466888 -0.2616310119628906 3.4294159412384033 0.3263680040836334 0.4732869863510132 -0.8182200193405151 6.756134986877441 -0.03896300122141838 -0.8581470251083374 -0.5119230151176453 1.6426600217819214 0.0 0.0 0.0 1.0
-0.9525949954986572 0.18189799785614014 -0.24387599527835846 3.437643051147461 0.3022969961166382 0.4754379987716675 -0.8261809945106506 6.762703895568848 -0.0343330018222332 -0.86073899269104 -0.5078870058059692 1.6462830305099487 0.0 0.0 0.0 1.0
-0.9613850116729736 0.16206300258636475 -0.22242900729179382 3.4334259033203125 0.27361398935317993 0.47602900862693787 -0.8357830047607422 6.768579006195068 -0.029566999524831772 -0.8643680214881897 -0.5019890069961548 1.645508050918579 0.0 0.0 0.0 1.0
-0.9693289995193481 0.1434219926595688 -0.19957700371742249 3.43544602394104 0.24460099637508392 0.48402300477027893 -0.8401740193367004 6.766452789306641 -0.023900000378489494 -0.8632220029830933 -0.5042589902877808 1.6559779644012451 0.0 0.0 0.0 1.0
-0.9747369885444641 0.13090300559997559 -0.18097299337387085 3.4490809440612793 0.22217999398708344 0.48529401421546936 -0.8456509709358215 6.771997928619385 -0.02287299931049347 -0.8644959926605225 -0.5021179914474487 1.6612670421600342 0.0 0.0 0.0 1.0
-0.9795860052108765 0.11823800206184387 -0.16257600486278534 3.4556500911712646 0.19978700578212738 0.4830000102519989 -0.8525239825248718 6.775261878967285 -0.022275999188423157 -0.8676009774208069 -0.4967629909515381 1.6658220291137695 0.0 0.0 0.0 1.0
-0.9833109974861145 0.10756900161504745 -0.14672499895095825 3.465459108352661 0.1805730015039444 0.4786610007286072 -0.8592309951782227 6.780263900756836 -0.0221950002014637 -0.8713859915733337 -0.49009600281715393 1.6707799434661865 0.0 0.0 0.0 1.0
-0.9862939715385437 0.09749100357294083 -0.13311399519443512 3.474605083465576 0.1635739952325821 0.47204500436782837 -0.8662670254707336 6.785101890563965 -0.021617000922560692 -0.8761680126190186 -0.48152199387550354 1.6739890575408936 0.0 0.0 0.0 1.0
-0.9887189865112305 0.08935300260782242 -0.1202080026268959 3.4826300144195557 0.14819000661373138 0.46697598695755005 -0.8717640042304993 6.79127311706543 -0.021761000156402588 -0.8797439932823181 -0.47494998574256897 1.6754239797592163 0.0 0.0 0.0 1.0
-0.9907230138778687 0.08091100305318832 -0.1091890037059784 3.491849899291992 0.13438400626182556 0.4635849893093109 -0.8758029937744141 6.794703960418701 -0.020243000239133835 -0.8823509812355042 -0.4701569974422455 1.6775239706039429 0.0 0.0 0.0 1.0
-0.9925270080566406 0.07342100143432617 -0.09746599942445755 3.500560998916626 0.1204340010881424 0.46083900332450867 -0.8792740106582642 6.800157070159912 -0.019641000777482986 -0.8844419717788696 -0.46623700857162476 1.6805449724197388 0.0 0.0 0.0 1.0
-0.9943000078201294 0.06466200202703476 -0.08477500081062317 3.5038840770721436 0.10502800345420837 0.45705899596214294 -0.883213996887207 6.802164077758789 -0.018363000825047493 -0.8870829939842224 -0.46124500036239624 1.6833230257034302 0.0 0.0 0.0 1.0
-0.994674026966095 0.06731399893760681 -0.07805400341749191 3.5170071125030518 0.0999709963798523 0.4457490146160126 -0.8895580172538757 6.8162360191345215 -0.02508700080215931 -0.892624020576477 -0.4501039981842041 1.6758760213851929 0.0 0.0 0.0 1.0
-0.9955700039863586 0.05923999845981598 -0.07301799952983856 3.5259759426116943 0.09176000207662582 0.4426110088825226 -0.8920069932937622 6.81649923324585 -0.02052300050854683 -0.8947550058364868 -0.44608598947525024 1.6813770532608032 0.0 0.0 0.0 1.0
-0.9962769746780396 0.05184900015592575 -0.06887000054121017 3.5336010456085205 0.08463799953460693 0.43665799498558044 -0.8956379890441895 6.819139003753662 -0.01636499911546707 -0.8981320261955261 -0.43942001461982727 1.6839699745178223 0.0 0.0 0.0 1.0
-0.9968469738960266 0.04472900182008743 -0.06554199755191803 3.540972948074341 0.07843200117349625 0.4301620125770569 -0.8993380069732666 6.819921016693115 -0.012032999657094479 -0.9016429781913757 -0.43231400847435 1.6852600574493408 0.0 0.0 0.0 1.0
-0.9973340034484863 0.03688900172710419 -0.06295400112867355 3.5483500957489014 0.07267600297927856 0.42537400126457214 -0.9020950198173523 6.821774005889893 -0.006498999893665314 -0.9042659997940063 -0.426921010017395 1.68722403049469 0.0 0.0 0.0 1.0
-0.997626006603241 0.029373999685049057 -0.06228699907660484 3.560236930847168 0.06886500120162964 0.4209679961204529 -0.9044579863548279 6.826876163482666 -0.00034699999378062785 -0.9065999984741211 -0.4219909906387329 1.688143014907837 0.0 0.0 0.0 1.0
-0.9979619979858398 0.02238200046122074 -0.05975399911403656 3.5688021183013916 0.06363999843597412 0.4171670079231262 -0.9065989851951599 6.830099105834961 0.0046350001357495785 -0.9085540175437927 -0.41774100065231323 1.688073992729187 0.0 0.0 0.0 1.0
-0.9981989860534668 0.014275000430643559 -0.0582600012421608 3.5783629417419434 0.05891900137066841 0.41545701026916504 -0.9077029824256897 6.831737995147705 0.011246999725699425 -0.9095010161399841 -0.41554999351501465 1.6891839504241943 0.0 0.0 0.0 1.0
-0.998354971408844 0.006730000022798777 -0.05693700164556503 3.587001085281372 0.05460499972105026 0.41429200768470764 -0.9085050225257874 6.830941200256348 0.01747399941086769 -0.9101189970970154 -0.4139780104160309 1.6902539730072021 0.0 0.0 0.0 1.0
-0.9984250068664551 0.0011030000168830156 -0.05608399957418442 3.597148895263672 0.051511000841856 0.4138830006122589 -0.9088720083236694 6.831793785095215 0.022210000082850456 -0.9103289842605591 -0.4132879972457886 1.6910279989242554 0.0 0.0 0.0 1.0
-0.9982280135154724 0.0017300000181421638 -0.059470001608133316 3.6238770484924316 0.05492100119590759 0.41116300225257874 -0.9099060297012329 6.842801094055176 0.022877000272274017 -0.9115599989891052 -0.4105289876461029 1.6906239986419678 0.0 0.0 0.0 1.0
-0.9985560178756714 -0.0005779999773949385 -0.05371300131082535 3.6336419582366943 0.04881399869918823 0.4075540006160736 -0.9118750095367432 6.8457560539245605 0.022417999804019928 -0.9131810069084167 -0.40693798661231995 1.691794991493225 0.0 0.0 0.0 1.0
-0.9988089799880981 -0.0032709999941289425 -0.04867799952626228 3.6466519832611084 0.043216999620199203 0.40368199348449707 -0.9138780236244202 6.848114013671875 0.02263999916613102 -0.9148929715156555 -0.4030599892139435 1.692674994468689 0.0 0.0 0.0 1.0
-0.9990109801292419 -0.008293000049889088 -0.04368000105023384 3.65962290763855 0.03671099990606308 0.40035200119018555 -0.9156259894371033 6.850823879241943 0.025080999359488487 -0.9163240194320679 -0.39965200424194336 1.693511962890625 0.0 0.0 0.0 1.0
-0.9989529848098755 -0.01458400022238493 -0.04335999861359596 3.6740128993988037 0.033955998718738556 0.3987540006637573 -0.9164289832115173 6.853960037231445 0.03065500035881996 -0.9169420003890991 -0.3978419899940491 1.6931519508361816 0.0 0.0 0.0 1.0
-0.9988489747047424 -0.021981000900268555 -0.04262600094079971 3.6867430210113525 0.030309999361634254 0.3994869887828827 -0.916238009929657 6.8541059494018555 0.037167999893426895 -0.9164749979972839 -0.3983609974384308 1.696491003036499 0.0 0.0 0.0 1.0
-0.9988089799880981 -0.023953000083565712 -0.042514998465776443 3.703458070755005 0.0294950008392334 0.39776599407196045 -0.9170129895210266 6.8555908203125 0.0388760007917881 -0.9171739816665649 -0.39658600091934204 1.6974530220031738 0.0 0.0 0.0 1.0
-0.9988269805908203 -0.026542000472545624 -0.040502000600099564 3.7193450927734375 0.02666899934411049 0.39663299918174744 -0.9175900220870972 6.856770992279053 0.04041900113224983 -0.9175930023193359 -0.39546000957489014 1.7010459899902344 0.0 0.0 0.0 1.0
-0.9988240003585815 -0.028992999345064163 -0.038846999406814575 3.7371599674224854 0.02434300072491169 0.39299899339675903 -0.9192169904708862 6.857405185699463 0.04191799834370613 -0.91908198595047 -0.39183101058006287 1.7048319578170776 0.0 0.0 0.0 1.0
-0.9990000128746033 -0.028080999851226807 -0.034790001809597015 3.7511351108551025 0.021234000101685524 0.3867790102958679 -0.9219279885292053 6.860692977905273 0.039344001561403275 -0.9217450022697449 -0.3857960104942322 1.7055200338363647 0.0 0.0 0.0 1.0
-0.998947024345398 -0.03013700060546398 -0.034591998904943466 3.77305006980896 0.020383000373840332 0.38394901156425476 -0.9231299757957458 6.862782001495361 0.04110199958086014 -0.9228619933128357 -0.3829300105571747 1.707584023475647 0.0 0.0 0.0 1.0
-0.9989479780197144 -0.03223799914121628 -0.03262399882078171 3.791762113571167 0.017798999324440956 0.3830539882183075 -0.9235550165176392 6.86660623550415 0.0422700010240078 -0.9231629967689514 -0.38207700848579407 1.7092390060424805 0.0 0.0 0.0 1.0
-0.9990109801292419 -0.032999999821186066 -0.029782000929117203 3.8089640140533447 0.014840000309050083 0.38396498560905457 -0.9232280254364014 6.866734981536865 0.04190199822187424 -0.9227579832077026 -0.38309600949287415 1.7115139961242676 0.0 0.0 0.0 1.0
-0.9991179704666138 -0.033619001507759094 -0.025147000327706337 3.8260390758514404 0.010316000320017338 0.38404199481010437 -0.9232580065727234 6.868933200836182 0.040695998817682266 -0.9227039813995361 -0.3833560049533844 1.71430504322052 0.0 0.0 0.0 1.0
-0.9991379976272583 -0.03605400025844574 -0.020563999190926552 3.842971086502075 0.005189999938011169 0.3830240070819855 -0.9237239956855774 6.870488166809082 0.041179999709129333 -0.9230340123176575 -0.38250699639320374 1.7168580293655396 0.0 0.0 0.0 1.0
-0.9992250204086304 -0.035541001707315445 -0.016933999955654144 3.8623170852661133 0.0021279999054968357 0.38075101375579834 -0.9246749877929688 6.875009059906006 0.0393109992146492 -0.9239950180053711 -0.3803800046443939 1.7176179885864258 0.0 0.0 0.0 1.0
-0.9991970062255859 -0.038398001343011856 -0.011398999951779842 3.879962921142578 -0.0040480000898242 0.3799229860305786 -0.92500901222229 6.875489234924316 0.03984899818897247 -0.9242209792137146 -0.37977299094200134 1.7204149961471558 0.0 0.0 0.0 1.0
-0.9992430210113525 -0.038433000445365906 -0.005998999811708927 3.895050048828125 -0.008950999937951565 0.3772610127925873 -0.9260640144348145 6.8788981437683105 0.03785400092601776 -0.9253090023994446 -0.37731999158859253 1.720028042793274 0.0 0.0 0.0 1.0
-0.9991940259933472 -0.040137000381946564 -0.000653000024612993 3.912544012069702 -0.014512999914586544 0.3763439953327179 -0.9263659715652466 6.882656097412109 0.03742799907922745 -0.9256100058555603 -0.3766230046749115 1.7215100526809692 0.0 0.0 0.0 1.0
-0.9990779757499695 -0.04244399815797806 0.006397999823093414 3.9279448986053467 -0.02187100052833557 0.37513500452041626 -0.9267119765281677 6.882513999938965 0.03693300113081932 -0.9259979724884033 -0.37571701407432556 1.7222809791564941 0.0 0.0 0.0 1.0
-0.998803973197937 -0.045882999897003174 0.0168869998306036 3.938154935836792 -0.03283099830150604 0.37347400188446045 -0.9270600080490112 6.883307933807373 0.03623000159859657 -0.9265050292015076 -0.3745329976081848 1.7215039730072021 0.0 0.0 0.0 1.0
-0.9985780119895935 -0.047756001353263855 0.023680999875068665 3.9588570594787598 -0.039785001426935196 0.3720589876174927 -0.9273560047149658 6.888169765472412 0.03547599911689758 -0.9269800186157227 -0.3734300136566162 1.7208499908447266 0.0 0.0 0.0 1.0
-0.9981319904327393 -0.051472000777721405 0.03291799873113632 3.9757909774780273 -0.04973899945616722 0.3716509938240051 -0.9270399808883667 6.889139175415039 0.03548299893736839 -0.9269449710845947 -0.3735170066356659 1.721411943435669 0.0 0.0 0.0 1.0
-0.9976580142974854 -0.05387900024652481 0.042135998606681824 3.992938995361328 -0.059167999774217606 0.3707520067691803 -0.9268460273742676 6.892003059387207 0.03431599959731102 -0.9271680116653442 -0.37307101488113403 1.7211129665374756 0.0 0.0 0.0 1.0
-0.9969890117645264 -0.05677400156855583 0.0528159998357296 4.009276866912842 -0.0701339989900589 0.3696970045566559 -0.926501989364624 6.895763874053955 0.033075001090765 -0.9274160265922546 -0.37256500124931335 1.7202730178833008 0.0 0.0 0.0 1.0
-0.9959579706192017 -0.06198199838399887 0.06500300019979477 4.025260925292969 -0.08344300091266632 0.37075600028038025 -0.9249749779701233 6.897168159484863 0.03323100134730339 -0.9266600012779236 -0.37442898750305176 1.7205270528793335 0.0 0.0 0.0 1.0
-0.9947149753570557 -0.06821399927139282 0.0767429992556572 4.042150020599365 -0.096670001745224 0.3702700138092041 -0.9238809943199158 6.900811195373535 0.034605998545885086 -0.9264159798622131 -0.374906986951828 1.7167760133743286 0.0 0.0 0.0 1.0
-0.9932119846343994 -0.07575800269842148 0.08826799690723419 4.056184768676758 -0.1102600023150444 0.3714280128479004 -0.921891987323761 6.900743007659912 0.03705500066280365 -0.9253659844398499 -0.3772599995136261 1.7158780097961426 0.0 0.0 0.0 1.0
-0.991133987903595 -0.08717399835586548 0.100273996591568 4.070584774017334 -0.12570400536060333 0.370730996131897 -0.9201939702033997 6.903223037719727 0.043042998760938644 -0.9246399998664856 -0.3784019947052002 1.712291955947876 0.0 0.0 0.0 1.0
-0.9890440106391907 -0.09776800125837326 0.1106019988656044 4.089193820953369 -0.13941699266433716 0.3723759949207306 -0.9175509810447693 6.903975009918213 0.048521000891923904 -0.9229180216789246 -0.3819270133972168 1.7117650508880615 0.0 0.0 0.0 1.0
-0.985846996307373 -0.10975900292396545 0.12672199308872223 4.095705986022949 -0.15906000137329102 0.37355801463127136 -0.9138680100440979 6.89805793762207 0.052967000752687454 -0.9210910201072693 -0.38572901487350464 1.7126580476760864 0.0 0.0 0.0 1.0
-0.9831169843673706 -0.11910299956798553 0.13891200721263885 4.1141180992126465 -0.17396000027656555 0.3729439973831177 -0.9114009737968445 6.899059772491455 0.05674400180578232 -0.9201779961585999 -0.38736701011657715 1.7100410461425781 0.0 0.0 0.0 1.0
-0.9795629978179932 -0.12945200502872467 0.15394599735736847 4.130433082580566 -0.192112997174263 0.37543898820877075 -0.9067190289497375 6.896944046020508 0.05957899987697601 -0.9177629947662354 -0.3926349878311157 1.7119590044021606 0.0 0.0 0.0 1.0
-0.9761049747467041 -0.13844600319862366 0.16748599708080292 4.147243022918701 -0.20813800394535065 0.3742449879646301 -0.9036700129508972 6.898430824279785 0.062428999692201614 -0.916936993598938 -0.3941180109977722 1.7102739810943604 0.0 0.0 0.0 1.0
-0.9726049900054932 -0.1461939960718155 0.18073800206184387 4.16330099105835 -0.22339899837970734 0.37282299995422363 -0.900609016418457 6.899089813232422 0.06428100168704987 -0.9163129925727844 -0.3952690064907074 1.7082480192184448 0.0 0.0 0.0 1.0
-0.9681339859962463 -0.15582600235939026 0.1960500031709671 4.173983097076416 -0.24146200716495514 0.37314701080322266 -0.895799994468689 6.897212982177734 0.06643299758434296 -0.914592981338501 -0.3988820016384125 1.7078360319137573 0.0 0.0 0.0 1.0
-0.9643759727478027 -0.16376200318336487 0.20775200426578522 4.188912868499756 -0.25566598773002625 0.3753339946269989 -0.890932023525238 6.895238876342773 0.06792400032281876 -0.9123079776763916 -0.40383198857307434 1.7081170082092285 0.0 0.0 0.0 1.0
-0.9604550004005432 -0.17272399365901947 0.21838800609111786 4.203688144683838 -0.2692190110683441 0.37593498826026917 -0.886676013469696 6.893637180328369 0.07105100154876709 -0.9104059934616089 -0.4075689911842346 1.7071969509124756 0.0 0.0 0.0 1.0
-0.9561200141906738 -0.18073800206184387 0.23058299720287323 4.214136123657227 -0.2838970124721527 0.3771440088748932 -0.8815699815750122 6.888820171356201 0.0723700001835823 -0.908348023891449 -0.41190600395202637 1.708480954170227 0.0 0.0 0.0 1.0
-0.9527580142021179 -0.18581700325012207 0.24025799334049225 4.229785919189453 -0.2949509918689728 0.37723198533058167 -0.8778949975967407 6.8854241371154785 0.0724949985742569 -0.9072859883308411 -0.414218008518219 1.7088689804077148 0.0 0.0 0.0 1.0
-0.951196014881134 -0.18672199547290802 0.2456829994916916 4.242018222808838 -0.3005239963531494 0.379721999168396 -0.8749269843101501 6.876986980438232 0.07007600367069244 -0.9060609936714172 -0.41730400919914246 1.708611011505127 0.0 0.0 0.0 1.0
-0.9474359750747681 -0.19087600708007812 0.2567720115184784 4.253485202789307 -0.3126179873943329 0.38149699568748474 -0.869903028011322 6.8703508377075195 0.06808599829673767 -0.9044479727745056 -0.4211150109767914 1.7082769870758057 0.0 0.0 0.0 1.0
-0.9437770247459412 -0.1956070065498352 0.2665010094642639 4.2667670249938965 -0.3236759901046753 0.3828519880771637 -0.8652510046958923 6.86618709564209 0.06721899658441544 -0.9028639793395996 -0.4246399998664856 1.7093299627304077 0.0 0.0 0.0 1.0
-0.9406260251998901 -0.19841499626636505 0.2754170000553131 4.279110908508301 -0.33307701349258423 0.3830829858779907 -0.8615729808807373 6.859704971313477 0.06544099748134613 -0.9021530151367188 -0.4264250099658966 1.7087140083312988 0.0 0.0 0.0 1.0
-0.9374420046806335 -0.2007959932088852 0.28439998626708984 4.290448188781738 -0.3423509895801544 0.3833320140838623 -0.8578180074691772 6.852169990539551 0.06322599947452545 -0.9015200138092041 -0.4280950129032135 1.7099050283432007 0.0 0.0 0.0 1.0
-0.9348670244216919 -0.20265300571918488 0.291471004486084 4.303905010223389 -0.34965500235557556 0.3837369978427887 -0.8546850085258484 6.844314098358154 0.06135600060224533 -0.9009320139884949 -0.4296019971370697 1.711629033088684 0.0 0.0 0.0 1.0
-0.9317439794540405 -0.20300300419330597 0.3010689914226532 4.314002990722656 -0.3585210144519806 0.38283801078796387 -0.8514090180397034 6.837141990661621 0.05757800117135048 -0.9012349843978882 -0.42948800325393677 1.7107599973678589 0.0 0.0 0.0 1.0
-0.9286010265350342 -0.2024649977684021 0.3109799921512604 4.327241897583008 -0.3673259913921356 0.38261300325393677 -0.8477500081062317 6.829323768615723 0.05265500023961067 -0.9014520049095154 -0.4296649992465973 1.7108639478683472 0.0 0.0 0.0 1.0
-0.9242029786109924 -0.20466700196266174 0.32242900133132935 4.336708068847656 -0.37866100668907166 0.38132500648498535 -0.843330979347229 6.822752952575684 0.049651000648736954 -0.9014999866485596 -0.4299210011959076 1.711482048034668 0.0 0.0 0.0 1.0
-0.921097993850708 -0.20294499397277832 0.33225199580192566 4.348566055297852 -0.38683798909187317 0.38065099716186523 -0.839917004108429 6.815176963806152 0.04398500174283981 -0.9021739959716797 -0.42912399768829346 1.7105859518051147 0.0 0.0 0.0 1.0
-0.9189040064811707 -0.2043219953775406 0.337444007396698 4.3646368980407715 -0.3922339975833893 0.3820599913597107 -0.8367689847946167 6.805418014526367 0.04204700142145157 -0.9012669920921326 -0.4312190115451813 1.7135200500488281 0.0 0.0 0.0 1.0
-0.9165089726448059 -0.2042669951915741 0.34392601251602173 4.379089832305908 -0.3981649875640869 0.3833119869232178 -0.8333889842033386 6.795722007751465 0.03840300068259239 -0.9007480144500732 -0.43264099955558777 1.7155879735946655 0.0 0.0 0.0 1.0
-0.9135159850120544 -0.20385600626468658 0.3520379960536957 4.389916896820068 -0.4053260087966919 0.3824410140514374 -0.830331027507782 6.78837776184082 0.034634001553058624 -0.9012110233306885 -0.4319950044155121 1.714805006980896 0.0 0.0 0.0 1.0
-0.9092329740524292 -0.2056259959936142 0.36195701360702515 4.3958330154418945 -0.41498398780822754 0.37896299362182617 -0.827148973941803 6.780128002166748 0.03291499987244606 -0.9022769927978516 -0.4298979938030243 1.7101049423217773 0.0 0.0 0.0 1.0
-0.908066987991333 -0.20629499852657318 0.36449500918388367 4.410311222076416 -0.41763201355934143 0.38038599491119385 -0.825160026550293 6.77398681640625 0.031578000634908676 -0.9015259742736816 -0.43157199025154114 1.7117730379104614 0.0 0.0 0.0 1.0
-0.9057369828224182 -0.20918500423431396 0.36862099170684814 4.419283866882324 -0.4225890040397644 0.37896299362182617 -0.8232889771461487 6.766674041748047 0.03252600133419037 -0.9014589786529541 -0.43164101243019104 1.7104339599609375 0.0 0.0 0.0 1.0
-0.904308021068573 -0.21039099991321564 0.37143298983573914 4.433365821838379 -0.4256789982318878 0.3791939914226532 -0.8215889930725098 6.76052188873291 0.032009001821279526 -0.9010810256004333 -0.4324670135974884 1.7087459564208984 0.0 0.0 0.0 1.0
-0.9012050032615662 -0.21549400687217712 0.37602201104164124 4.4471540451049805 -0.432125985622406 0.38048699498176575 -0.8176159858703613 6.752387046813965 0.03311999887228012 -0.8993290066719055 -0.4360170066356659 1.7109529972076416 0.0 0.0 0.0 1.0
-0.8974800109863281 -0.22016200423240662 0.382176011800766 4.4549560546875 -0.439767986536026 0.3805379867553711 -0.8135070204734802 6.748264789581299 0.033670999109745026 -0.8981750011444092 -0.4383459985256195 1.707576036453247 0.0 0.0 0.0 1.0
-0.8951460123062134 -0.22516000270843506 0.3847300112247467 4.470691204071045 -0.4444290101528168 0.3837980031967163 -0.8094329833984375 6.740561008453369 0.03459300100803375 -0.895546019077301 -0.44362199306488037 1.7110669612884521 0.0 0.0 0.0 1.0
-0.8924450278282166 -0.22914700210094452 0.3886309862136841 4.477325916290283 -0.449737012386322 0.38356098532676697 -0.8066089749336243 6.7363200187683105 0.03576799854636192 -0.894635021686554 -0.44536298513412476 1.711830973625183 0.0 0.0 0.0 1.0
-0.8907489776611328 -0.2331160008907318 0.3901579976081848 4.489974021911621 -0.452892005443573 0.3832089900970459 -0.8050100207328796 6.730326175689697 0.03814899921417236 -0.8937609791755676 -0.4469189941883087 1.7118799686431885 0.0 0.0 0.0 1.0
-0.8888779878616333 -0.23506399989128113 0.3932439982891083 4.498250961303711 -0.45655399560928345 0.38303500413894653 -0.8030210137367249 6.723357200622559 0.03813499957323074 -0.8933249711990356 -0.4477899968624115 1.7107900381088257 0.0 0.0 0.0 1.0
-0.8879719972610474 -0.23639999330043793 0.39448800683021545 4.509626865386963 -0.4582659900188446 0.38261300325393677 -0.8022469878196716 6.721697807312012 0.038715001195669174 -0.8931530117988586 -0.4480830132961273 1.7099599838256836 0.0 0.0 0.0 1.0
-0.8871560096740723 -0.23990200459957123 0.39420899748802185 4.522806167602539 -0.459632009267807 0.3832069933414459 -0.8011810183525085 6.714745044708252 0.041140999644994736 -0.8919640183448792 -0.45023098587989807 1.7114089727401733 0.0 0.0 0.0 1.0
-0.8867949843406677 -0.240338996052742 0.3947550058364868 4.527692794799805 -0.460330992937088 0.3833580017089844 -0.800707995891571 6.708388805389404 0.04110899940133095 -0.8917809724807739 -0.4505949914455414 1.7071160078048706 0.0 0.0 0.0 1.0
-0.8878819942474365 -0.24238499999046326 0.3910430073738098 4.538825988769531 -0.45794400572776794 0.3839699923992157 -0.80178302526474 6.703266143798828 0.04419200122356415 -0.8909639716148376 -0.45191898941993713 1.706684947013855 0.0 0.0 0.0 1.0
-0.8908309936523438 -0.24319900572299957 0.38376399874687195 4.550607204437256 -0.45184698700904846 0.3859519958496094 -0.804286003112793 6.696534156799316 0.04748699814081192 -0.8898850083351135 -0.4537070095539093 1.7065980434417725 0.0 0.0 0.0 1.0
-0.8944759964942932 -0.24489299952983856 0.37408700585365295 4.567470073699951 -0.4441620111465454 0.3906550109386444 -0.8062930107116699 6.685963153839111 0.051316998898983 -0.8873649835586548 -0.458202987909317 1.7111849784851074 0.0 0.0 0.0 1.0
-0.8983790278434753 -0.2428250014781952 0.3659929931163788 4.578258991241455 -0.4360179901123047 0.39260101318359375 -0.8097860217094421 6.681179046630859 0.05294699966907501 -0.8870739936828613 -0.45858100056648254 1.7096120119094849 0.0 0.0 0.0 1.0
-0.9026870131492615 -0.23861099779605865 0.3580799996852875 4.585866928100586 -0.4270099997520447 0.3940509855747223 -0.8138710260391235 6.680205821990967 0.05309699848294258 -0.8875740170478821 -0.45759400725364685 1.7060010433197021 0.0 0.0 0.0 1.0
-0.9069669842720032 -0.23328499495983124 0.35069701075553894 4.597344875335693 -0.41799500584602356 0.3959699869155884 -0.8176109790802002 6.67484712600708 0.05187100172042847 -0.8881360292434692 -0.4566439986228943 1.7042880058288574 0.0 0.0 0.0 1.0
-0.910444974899292 -0.23031699657440186 0.34357398748397827 4.612287998199463 -0.41044101119041443 0.40011098980903625 -0.8194199800491333 6.664159774780273 0.05125899985432625 -0.8870540261268616 -0.4588110148906708 1.7108579874038696 0.0 0.0 0.0 1.0
-0.9141370058059692 -0.22542999684810638 0.3369489908218384 4.625457763671875 -0.40229400992393494 0.40164899826049805 -0.8227019906044006 6.659008979797363 0.050126999616622925 -0.8876140117645264 -0.45785099267959595 1.711635947227478 0.0 0.0 0.0 1.0
-0.9202079772949219 -0.21571500599384308 0.3266249895095825 4.64233922958374 -0.3886139988899231 0.40357500314712524 -0.828315019607544 6.659027099609375 0.04686199873685837 -0.8891540169715881 -0.45520299673080444 1.7069510221481323 0.0 0.0 0.0 1.0
-0.9230139851570129 -0.2126139998435974 0.320686012506485 4.65232515335083 -0.38199299573898315 0.40649300813674927 -0.8299660086631775 6.648043155670166 0.0461059994995594 -0.88857102394104 -0.4564169943332672 1.7077369689941406 0.0 0.0 0.0 1.0
-0.926268994808197 -0.21019800007343292 0.3127959966659546 4.665060997009277 -0.37383100390434265 0.4074380099773407 -0.8332129716873169 6.6400861740112305 0.04769499972462654 -0.888713002204895 -0.4559760093688965 1.7102880477905273 0.0 0.0 0.0 1.0
-0.9328680038452148 -0.19927899539470673 0.3000749945640564 4.692171096801758 -0.3573639988899231 0.4073239862918854 -0.8404629826545715 6.635577201843262 0.04525899887084961 -0.891277015209198 -0.45119398832321167 1.7087340354919434 0.0 0.0 0.0 1.0
-0.9358559846878052 -0.19333599507808685 0.29460999369621277 4.704831123352051 -0.3497540056705475 0.40767401456832886 -0.8434889912605286 6.6285810470581055 0.04297199845314026 -0.892425000667572 -0.44914400577545166 1.71014404296875 0.0 0.0 0.0 1.0
-0.9376800060272217 -0.1915930062532425 0.2899090051651001 4.718146800994873 -0.3447929918766022 0.409060001373291 -0.8448590040206909 6.620328903198242 0.043278999626636505 -0.8921669721603394 -0.44962799549102783 1.7197519540786743 0.0 0.0 0.0 1.0
-0.9419649839401245 -0.18420499563217163 0.2806589901447296 4.736231803894043 -0.33312100172042847 0.4092540144920349 -0.8494359850883484 6.611276149749756 0.0416099987924099 -0.8936330080032349 -0.4468660056591034 1.7252509593963623 0.0 0.0 0.0 1.0
-0.9463149905204773 -0.17428100109100342 0.27224001288414 4.760941982269287 -0.3210650086402893 0.40909498929977417 -0.8541420102119446 6.607600212097168 0.037487998604774475 -0.8956940174102783 -0.44308799505233765 1.7235740423202515 0.0 0.0 0.0 1.0
-0.949226975440979 -0.1680620014667511 0.26593899726867676 4.772878170013428 -0.31272101402282715 0.4120140075683594 -0.8558329939842224 6.599315166473389 0.0342629998922348 -0.8955439925193787 -0.4436509907245636 1.7260570526123047 0.0 0.0 0.0 1.0
-0.9523760080337524 -0.1615220010280609 0.25863200426101685 4.793129920959473 -0.30326399207115173 0.4133070111274719 -0.8586090207099915 6.5944390296936035 0.03178999945521355 -0.8961520195007324 -0.44260698556900024 1.7271820306777954 0.0 0.0 0.0 1.0
-0.9551740288734436 -0.15661999583244324 0.25122401118278503 4.814311981201172 -0.29450100660324097 0.4160819947719574 -0.8603169918060303 6.58793306350708 0.030213000252842903 -0.8957380056381226 -0.44355499744415283 1.7315690517425537 0.0 0.0 0.0 1.0
-0.9565470218658447 -0.15053600072860718 0.24971100687980652 4.822165012359619 -0.2904129922389984 0.41542500257492065 -0.8620229959487915 6.582644939422607 0.02602900005877018 -0.8970850110054016 -0.44109100103378296 1.7275840044021606 0.0 0.0 0.0 1.0
-0.9585250020027161 -0.1467999964952469 0.2442920058965683 4.839535236358643 -0.2839289903640747 0.41735100746154785 -0.8632509708404541 6.577038764953613 0.024769999086856842 -0.896809995174408 -0.4417229890823364 1.7304610013961792 0.0 0.0 0.0 1.0
-0.9606660008430481 -0.14237000048160553 0.23843300342559814 4.851658821105957 -0.27671799063682556 0.41845300793647766 -0.8650569915771484 6.5692291259765625 0.023384999483823776 -0.8970109820365906 -0.4413900077342987 1.7314549684524536 0.0 0.0 0.0 1.0
-0.9626179933547974 -0.1383800059556961 0.2328449934720993 4.864889144897461 -0.2699649930000305 0.42029500007629395 -0.8662970066070557 6.55902099609375 0.022014999762177467 -0.8967739939689636 -0.4419420063495636 1.7328799962997437 0.0 0.0 0.0 1.0
-0.9646779894828796 -0.13642700016498566 0.22535300254821777 4.882832050323486 -0.2623940110206604 0.42174699902534485 -0.8679159879684448 6.554943084716797 0.023365000262856483 -0.896390974521637 -0.4426479935646057 1.7336150407791138 0.0 0.0 0.0 1.0
-0.9661949872970581 -0.1373409926891327 0.21818499267101288 4.900177001953125 -0.2564049959182739 0.4235590100288391 -0.8688229918479919 6.548320770263672 0.026910999789834023 -0.8953959941864014 -0.4444560110569 1.735535979270935 0.0 0.0 0.0 1.0
-0.9666330218315125 -0.138373002409935 0.21557599306106567 4.909514904022217 -0.25454801321029663 0.4244630038738251 -0.8689280152320862 6.5427680015563965 0.028731999918818474 -0.8948100209236145 -0.4455229938030243 1.7346580028533936 0.0 0.0 0.0 1.0
-0.9677249789237976 -0.13777099549770355 0.2110159993171692 4.927764892578125 -0.25017499923706055 0.4243690073490143 -0.8702430129051208 6.533137798309326 0.03034600056707859 -0.8949469923973083 -0.44514000415802 1.7346019744873047 0.0 0.0 0.0 1.0
-0.9682019948959351 -0.13917900621891022 0.20787900686264038 4.9424848556518555 -0.24796099960803986 0.42374101281166077 -0.8711820244789124 6.526332855224609 0.033163998275995255 -0.8950260281562805 -0.4447779953479767 1.7353919744491577 0.0 0.0 0.0 1.0
-0.9681940078735352 -0.14009100198745728 0.2073040008544922 4.946987152099609 -0.24781900644302368 0.42290300130844116 -0.8716300129890442 6.519333839416504 0.03443799912929535 -0.8952810168266296 -0.4441690146923065 1.7324069738388062 0.0 0.0 0.0 1.0
-0.9684889912605286 -0.14317600429058075 0.20378799736499786 4.958380222320557 -0.24617299437522888 0.4261839985847473 -0.87049800157547 6.509197235107422 0.037783000618219376 -0.8932350277900696 -0.4480009973049164 1.7351219654083252 0.0 0.0 0.0 1.0
-0.969120979309082 -0.1433819979429245 0.20061300694942474 4.973392009735107 -0.2434920072555542 0.4280039966106415 -0.8703590035438538 6.500061988830566 0.03893100097775459 -0.8923310041427612 -0.4496999979019165 1.7336009740829468 0.0 0.0 0.0 1.0
-0.9680110216140747 -0.14736199378967285 0.20307299494743347 4.983610153198242 -0.24766500294208527 0.4315190017223358 -0.8674409985542297 6.485991954803467 0.04019799828529358 -0.8899869918823242 -0.4542120099067688 1.7361990213394165 0.0 0.0 0.0 1.0
-0.9689760208129883 -0.14731000363826752 0.19845600426197052 5.00200080871582 -0.2435690015554428 0.43289101123809814 -0.867917001247406 6.477953910827637 0.04194299876689911 -0.8893290162086487 -0.45534101128578186 1.7336390018463135 0.0 0.0 0.0 1.0
-0.9689429998397827 -0.15074899792671204 0.19602100551128387 5.017536163330078 -0.24314400553703308 0.4363510012626648 -0.8663020133972168 6.46467399597168 0.04506000131368637 -0.8870580196380615 -0.4594529867172241 1.7373709678649902 0.0 0.0 0.0 1.0
-0.9706090092658997 -0.14912700653076172 0.18888899683952332 5.049100875854492 -0.2361139953136444 0.43821701407432556 -0.8673040270805359 6.449615001678467 0.046564001590013504 -0.8864129781723022 -0.4605480134487152 1.7345219850540161 0.0 0.0 0.0 1.0
-0.9705700278282166 -0.15147000551223755 0.18721699714660645 5.062530040740967 -0.23592500388622284 0.4421429932117462 -0.8653609752655029 6.433121204376221 0.04830000177025795 -0.8840630054473877 -0.4648660123348236 1.7367349863052368 0.0 0.0 0.0 1.0
-0.9702159762382507 -0.15266400575637817 0.18807999789714813 5.084343910217285 -0.23735399544239044 0.44395801424980164 -0.8640400171279907 6.418100833892822 0.04840800166130066 -0.8829470276832581 -0.4669710099697113 1.737673044204712 0.0 0.0 0.0 1.0
-0.9694300293922424 -0.15283100306987762 0.19195899367332458 5.0985870361328125 -0.24091899394989014 0.4445739984512329 -0.8627359867095947 6.403665065765381 0.04651299864053726 -0.8826079964637756 -0.4678030014038086 1.7353849411010742 0.0 0.0 0.0 1.0
-0.967415988445282 -0.1545030027627945 0.20058800280094147 5.1065168380737305 -0.2493939995765686 0.4447459876537323 -0.8602349758148193 6.388147830963135 0.04369800165295601 -0.8822299838066101 -0.46878600120544434 1.7334020137786865 0.0 0.0 0.0 1.0
-0.9664289951324463 -0.15425799787044525 0.20547400414943695 5.123273849487305 -0.25365298986434937 0.4454210102558136 -0.8586390018463135 6.37415885925293 0.040929000824689865 -0.8819320201873779 -0.4695959985256195 1.7330659627914429 0.0 0.0 0.0 1.0
-0.963916003704071 -0.1589680016040802 0.21353000402450562 5.136285781860352 -0.26308101415634155 0.44629499316215515 -0.8553419709205627 6.357605934143066 0.040674999356269836 -0.8806530237197876 -0.4720120131969452 1.7353559732437134 0.0 0.0 0.0 1.0
-0.9617069959640503 -0.16119299829006195 0.22166800498962402 5.149105072021484 -0.27133500576019287 0.4457620084285736 -0.8530380129814148 6.341429233551025 0.03869299963116646 -0.8805189728736877 -0.4724290072917938 1.7387299537658691 0.0 0.0 0.0 1.0
-0.9594299793243408 -0.16258999705314636 0.2303439974784851 5.159323215484619 -0.27948299050331116 0.44066399335861206 -0.853056013584137 6.329552173614502 0.03719399869441986 -0.8828250169754028 -0.4682280123233795 1.7380880117416382 0.0 0.0 0.0 1.0
-0.9581120014190674 -0.16433799266815186 0.23454999923706055 5.1775970458984375 -0.2840229868888855 0.44009798765182495 -0.8518480062484741 6.319189071655273 0.03676600009202957 -0.8827840089797974 -0.4683389961719513 1.7329820394515991 0.0 0.0 0.0 1.0
-0.9546189904212952 -0.16835300624370575 0.2456810027360916 5.180952072143555 -0.2960059940814972 0.44517600536346436 -0.8451030254364014 6.305475234985352 0.03290500119328499 -0.8794749975204468 -0.4748069941997528 1.73654305934906 0.0 0.0 0.0 1.0
-0.9520459771156311 -0.16848400235176086 0.25538399815559387 5.179475784301758 -0.3044990003108978 0.44048500061035156 -0.844543993473053 6.29583215713501 0.02979999966919422 -0.8818089962005615 -0.47066500782966614 1.741665005683899 0.0 0.0 0.0 1.0
-0.9487000107765198 -0.17248600721359253 0.2649860084056854 5.187800884246826 -0.31455299258232117 0.4300149977207184 -0.846252977848053 6.2900919914245605 0.0320190005004406 -0.8861920237541199 -0.462211012840271 1.7401050329208374 0.0 0.0 0.0 1.0
-0.9445139765739441 -0.17978300154209137 0.27490198612213135 5.197988033294678 -0.3266740143299103 0.42670899629592896 -0.8433290123939514 6.283516883850098 0.03431300073862076 -0.886339008808136 -0.4617629945278168 1.7377870082855225 0.0 0.0 0.0 1.0
-0.9417930245399475 -0.18581099808216095 0.2801800072193146 5.213775157928467 -0.33434799313545227 0.43045100569725037 -0.8384050130844116 6.272211074829102 0.03518100082874298 -0.8832820057868958 -0.4675210118293762 1.7427259683609009 0.0 0.0 0.0 1.0
-0.9381260275840759 -0.1917569935321808 0.2883540093898773 5.227392196655273 -0.34439000487327576 0.42945799231529236 -0.8348420262336731 6.2600507736206055 0.036251001060009 -0.8824939727783203 -0.46892499923706055 1.7477060556411743 0.0 0.0 0.0 1.0
-0.9344180226325989 -0.19621799886226654 0.2972570061683655 5.233413219451904 -0.35422998666763306 0.42478999495506287 -0.8331120014190674 6.255090236663818 0.03720000013709068 -0.8837720155715942 -0.4664370119571686 1.7493669986724854 0.0 0.0 0.0 1.0
-0.9315329790115356 -0.1996839940547943 0.3039270043373108 5.249903202056885 -0.36164501309394836 0.4209190011024475 -0.8318899869918823 6.2453789710998535 0.03818599879741669 -0.8848469853401184 -0.4643149971961975 1.7522180080413818 0.0 0.0 0.0 1.0
-0.9296320080757141 -0.20178399980068207 0.3083310127258301 5.263113975524902 -0.3664129972457886 0.417493999004364 -0.8315290212631226 6.238310813903809 0.039062999188899994 -0.8859919905662537 -0.46205198764801025 1.7522319555282593 0.0 0.0 0.0 1.0
-0.9267640113830566 -0.20557400584220886 0.31439900398254395 5.269453048706055 -0.37351900339126587 0.41543498635292053 -0.8293960094451904 6.2326979637146 0.039889998733997345 -0.886089026927948 -0.46179598569869995 1.7515970468521118 0.0 0.0 0.0 1.0
-0.9324589967727661 -0.20009499788284302 0.300803005695343 5.349088191986084 -0.3590930104255676 0.42193400859832764 -0.8324800133705139 6.213379859924316 0.03965599834918976 -0.8842700123786926 -0.46528899669647217 1.7559059858322144 0.0 0.0 0.0 1.0
-0.9304779767990112 -0.2048500031232834 0.30372101068496704 5.359831809997559 -0.36387398838996887 0.42061200737953186 -0.8310719728469849 6.203258037567139 0.042497001588344574 -0.8838109970092773 -0.4659099876880646 1.756127953529358 0.0 0.0 0.0 1.0
-0.9304029941558838 -0.2078319936990738 0.30191999673843384 5.375603199005127 -0.36358800530433655 0.41901201009750366 -0.8320050239562988 6.1988630294799805 0.0464089997112751 -0.8838750123977661 -0.4654160141944885 1.7534470558166504 0.0 0.0 0.0 1.0
-0.9313309788703918 -0.21081900596618652 0.2969459891319275 5.394670009613037 -0.36066100001335144 0.42098599672317505 -0.8322830200195312 6.18659782409668 0.05045099928975105 -0.8822280168533325 -0.4681110084056854 1.753553032875061 0.0 0.0 0.0 1.0
-0.9315459728240967 -0.21430200338363647 0.2937619984149933 5.407351016998291 -0.3595750033855438 0.4226900041103363 -0.8318880200386047 6.1739821434021 0.0541049987077713 -0.8805720210075378 -0.47081300616264343 1.7552870512008667 0.0 0.0 0.0 1.0
-0.9320769906044006 -0.21545299887657166 0.29122599959373474 5.418888092041016 -0.3578070104122162 0.42187899351119995 -0.8330619931221008 6.166399002075195 0.056623999029397964 -0.8806809782981873 -0.47031399607658386 1.7559340000152588 0.0 0.0 0.0 1.0
-0.9322620034217834 -0.2158370018005371 0.29034900665283203 5.4295759201049805 -0.3570699989795685 0.4197919964790344 -0.834430992603302 6.1558427810668945 0.05821499973535538 -0.8815829753875732 -0.4684250056743622 1.755581021308899 0.0 0.0 0.0 1.0
-0.9326170086860657 -0.2141830027103424 0.29043200612068176 5.440776824951172 -0.35629600286483765 0.41882699728012085 -0.8352460265159607 6.144820213317871 0.05725499987602234 -0.8824449777603149 -0.4669179916381836 1.7556300163269043 0.0 0.0 0.0 1.0
-0.9341199994087219 -0.21039900183677673 0.28835898637771606 5.464583873748779 -0.3527100086212158 0.4197930097579956 -0.8362830281257629 6.132678031921387 0.05490199849009514 -0.8828960061073303 -0.46634799242019653 1.757712960243225 0.0 0.0 0.0 1.0
-0.9340980052947998 -0.20960499346256256 0.2890079915523529 5.479333877563477 -0.3528069853782654 0.41801100969314575 -0.8371340036392212 6.127896785736084 0.054659001529216766 -0.8839300274848938 -0.46441400051116943 1.759063959121704 0.0 0.0 0.0 1.0
-0.9390919804573059 -0.20135000348091125 0.2785030007362366 5.528791904449463 -0.3395729959011078 0.418969988822937 -0.8421130180358887 6.121673107147217 0.05287500098347664 -0.8853939771652222 -0.46182501316070557 1.7580829858779907 0.0 0.0 0.0 1.0
-0.9381470084190369 -0.20382100343704224 0.27988898754119873 5.537683010101318 -0.34199199080467224 0.41927701234817505 -0.8409810066223145 6.1128249168396 0.054058000445365906 -0.8846830129623413 -0.4630489945411682 1.7585749626159668 0.0 0.0 0.0 1.0
-0.9397270083427429 -0.19971400499343872 0.2775390148162842 5.554985046386719 -0.33807098865509033 0.4211609959602356 -0.8416240215301514 6.102599143981934 0.05119600147008896 -0.8847249746322632 -0.4632929861545563 1.7641140222549438 0.0 0.0 0.0 1.0
-0.9418609738349915 -0.19371600449085236 0.2745389938354492 5.579945087432861 -0.3324829936027527 0.4193840026855469 -0.8447319865226746 6.094915866851807 0.04850099980831146 -0.886900007724762 -0.4594089984893799 1.764672040939331 0.0 0.0 0.0 1.0
-0.9437379837036133 -0.18715399503707886 0.2726399898529053 5.604255199432373 -0.3278369903564453 0.421332985162735 -0.8455770015716553 6.088797092437744 0.04338100180029869 -0.8873850107192993 -0.45898398756980896 1.7664330005645752 0.0 0.0 0.0 1.0
-0.9451789855957031 -0.18004199862480164 0.2724370062351227 5.620230197906494 -0.3244599997997284 0.4234499931335449 -0.8458229899406433 6.079823017120361 0.0369190014898777 -0.8878480195999146 -0.4586530029773712 1.7703800201416016 0.0 0.0 0.0 1.0
-0.9466109871864319 -0.1735209971666336 0.271696001291275 5.640428066253662 -0.32078099250793457 0.4231629967689514 -0.8473680019378662 6.073030948638916 0.03206399828195572 -0.8892830014228821 -0.4562320113182068 1.7719290256500244 0.0 0.0 0.0 1.0
-0.9481300115585327 -0.16772200167179108 0.2700349986553192 5.6635518074035645 -0.31674501299858093 0.4266430139541626 -0.8471419811248779 6.06463098526001 0.026876000687479973 -0.8887330293655396 -0.4576379954814911 1.7744430303573608 0.0 0.0 0.0 1.0
-0.9493330121040344 -0.16259799897670746 0.26893800497055054 5.684996128082275 -0.31350499391555786 0.4302839934825897 -0.8465049862861633 6.057102203369141 0.02191999927163124 -0.8879290223121643 -0.45945799350738525 1.7791670560836792 0.0 0.0 0.0 1.0
-0.9502710103988647 -0.15816399455070496 0.26827099919319153 5.701467037200928 -0.3108940124511719 0.431537002325058 -0.8468300104141235 6.044229030609131 0.01816900074481964 -0.888122022151947 -0.45924898982048035 1.785575032234192 0.0 0.0 0.0 1.0
-0.9553819894790649 -0.14840100705623627 0.2553879916667938 5.741200923919678 -0.2949709892272949 0.43417099118232727 -0.8511689901351929 6.040937900543213 0.015433000400662422 -0.8885229825973511 -0.45857301354408264 1.7893879413604736 0.0 0.0 0.0 1.0
-0.9563559889793396 -0.1477459967136383 0.25209900736808777 5.754453182220459 -0.2917509973049164 0.4348360002040863 -0.851938009262085 6.031956195831299 0.016248999163508415 -0.8883060216903687 -0.4589639902114868 1.7877670526504517 0.0 0.0 0.0 1.0
-0.9575870037078857 -0.1496639996767044 0.24622899293899536 5.77174186706543 -0.2875010073184967 0.4391230046749115 -0.8511840105056763 6.022027969360352 0.019267000257968903 -0.885873019695282 -0.46352699398994446 1.789612054824829 0.0 0.0 0.0 1.0
-0.9586330056190491 -0.15096500515937805 0.24131299555301666 5.790283203125 -0.2837800085544586 0.44087299704551697 -0.851527988910675 6.013836860656738 0.022161999717354774 -0.8847830295562744 -0.46547698974609375 1.7928390502929688 0.0 0.0 0.0 1.0
-0.959434986114502 -0.1528339982032776 0.23691199719905853 5.811171054840088 -0.28067201375961304 0.4384619891643524 -0.8537999987602234 6.008856773376465 0.026612000539898872 -0.8856599926948547 -0.4635719954967499 1.7908610105514526 0.0 0.0 0.0 1.0
-0.9596279859542847 -0.1552859991788864 0.23452100157737732 5.8295087814331055 -0.27970999479293823 0.43908101320266724 -0.853797972202301 5.9987640380859375 0.02960900031030178 -0.8849260210990906 -0.4647890031337738 1.7898019552230835 0.0 0.0 0.0 1.0
-0.9599890112876892 -0.15733900666236877 0.2316579967737198 5.850582122802734 -0.2782059907913208 0.44137001037597656 -0.8531090021133423 5.989648818969727 0.031980000436306 -0.8834239840507507 -0.4674820005893707 1.7899060249328613 0.0 0.0 0.0 1.0
-0.9596840143203735 -0.16008900105953217 0.23103700578212738 5.861907005310059 -0.2790049910545349 0.4428449869155884 -0.8520820140838623 5.9771552085876465 0.03409599885344505 -0.8821899890899658 -0.4696570038795471 1.7901840209960938 0.0 0.0 0.0 1.0
-0.9599369764328003 -0.1621609926223755 0.2285269945859909 5.879755973815918 -0.27778199315071106 0.4434419870376587 -0.8521720170974731 5.967401027679443 0.03685100004076958 -0.8815119862556458 -0.4707219898700714 1.7892320156097412 0.0 0.0 0.0 1.0
-0.9602019786834717 -0.16429899632930756 0.22587299346923828 5.895683765411377 -0.2764109969139099 0.4428040087223053 -0.8529490232467651 5.958870887756348 0.04012100026011467 -0.8814370036125183 -0.47059500217437744 1.7874419689178467 0.0 0.0 0.0 1.0
-0.9615539908409119 -0.1613209992647171 0.22223499417304993 5.912411212921143 -0.27198800444602966 0.44782501459121704 -0.851747989654541 5.939661026000977 0.03788299858570099 -0.8794479966163635 -0.47448599338531494 1.7915300130844116 0.0 0.0 0.0 1.0
-0.9624180197715759 -0.1594099998474121 0.21986499428749084 5.931878089904785 -0.2689509987831116 0.4472300112247467 -0.8530250191688538 5.928504943847656 0.03765000030398369 -0.8800989985466003 -0.4732950031757355 1.7882859706878662 0.0 0.0 0.0 1.0
-0.9625059962272644 -0.15828199684619904 0.22029300034046173 5.945637226104736 -0.26876598596572876 0.4465999901294708 -0.8534129858016968 5.916821002960205 0.03669700026512146 -0.8806220293045044 -0.47239598631858826 1.786126971244812 0.0 0.0 0.0 1.0
-0.9618309736251831 -0.1579509973526001 0.22345399856567383 5.958522796630859 -0.2714479863643646 0.4475399851799011 -0.8520709872245789 5.903398036956787 0.03458100184798241 -0.8802040219306946 -0.4733330011367798 1.784850001335144 0.0 0.0 0.0 1.0
-0.9621509909629822 -0.15654799342155457 0.22306400537490845 5.978733062744141 -0.27050599455833435 0.4494340121746063 -0.851373016834259 5.889444828033447 0.033027999103069305 -0.8794900178909302 -0.4747700095176697 1.7848509550094604 0.0 0.0 0.0 1.0
-0.9619160294532776 -0.1559710055589676 0.22447699308395386 5.996222019195557 -0.2714970111846924 0.4498800039291382 -0.8508219718933105 5.876946926116943 0.0317160002887249 -0.879364013671875 -0.47509199380874634 1.7820030450820923 0.0 0.0 0.0 1.0
-0.9619809985160828 -0.15565000474452972 0.22442099452018738 6.017498970031738 -0.2713429927825928 0.4512369930744171 -0.8501520156860352 5.862666130065918 0.03105900064110756 -0.878724992275238 -0.47631600499153137 1.7792030572891235 0.0 0.0 0.0 1.0
-0.9616140127182007 -0.15511199831962585 0.2263599932193756 6.038229942321777 -0.27294400334358215 0.45564699172973633 -0.8472830057144165 5.848886966705322 0.028284000232815742 -0.8765429854393005 -0.4804930090904236 1.7780699729919434 0.0 0.0 0.0 1.0
-0.9610919952392578 -0.15345700085163116 0.22968199849128723 6.060041904449463 -0.2751869857311249 0.45974200963974 -0.8443400263786316 5.8354058265686035 0.02397499978542328 -0.874692976474762 -0.48408401012420654 1.7799999713897705 0.0 0.0 0.0 1.0
-0.9608590006828308 -0.15103000402450562 0.23225100338459015 6.081082820892334 -0.276309996843338 0.4616999924182892 -0.8429030179977417 5.818100929260254 0.02007400058209896 -0.8740839958190918 -0.4853599965572357 1.7823050022125244 0.0 0.0 0.0 1.0
-0.9582840204238892 -0.15441499650478363 0.2405170053243637 6.084004878997803 -0.28533700108528137 0.4679949879646301 -0.8363990187644958 5.796811103820801 0.01659199967980385 -0.870136022567749 -0.49253201484680176 1.7873120307922363 0.0 0.0 0.0 1.0
-0.9595280289649963 -0.15379799902439117 0.23590700328350067 6.109941005706787 -0.2811259925365448 0.47389599680900574 -0.8345010280609131 5.781004905700684 0.01654900051653385 -0.8670459985733032 -0.49795299768447876 1.7943520545959473 0.0 0.0 0.0 1.0
-0.9594050049781799 -0.1529799997806549 0.23693899810314178 6.126791000366211 -0.28152701258659363 0.46915900707244873 -0.837037980556488 5.767970085144043 0.016888000071048737 -0.8697630167007446 -0.4931809902191162 1.7934139966964722 0.0 0.0 0.0 1.0
-0.959758996963501 -0.15284700691699982 0.23558400571346283 6.147422790527344 -0.2802940011024475 0.46987101435661316 -0.8370530009269714 5.75833797454834 0.017247000709176064 -0.8694019913673401 -0.4938049912452698 1.792870044708252 0.0 0.0 0.0 1.0
-0.9595739841461182 -0.1536480039358139 0.2358189970254898 6.166082859039307 -0.2809790074825287 0.4741300046443939 -0.8344169855117798 5.745913982391357 0.01639699935913086 -0.8669450283050537 -0.4981350004673004 1.7905529737472534 0.0 0.0 0.0 1.0
-0.9597269892692566 -0.1527159959077835 0.23579999804496765 6.189480781555176 -0.2805599868297577 0.4777339994907379 -0.8324999809265137 5.7345380783081055 0.014485999941825867 -0.8651289939880371 -0.5013399720191956 1.7939929962158203 0.0 0.0 0.0 1.0
-0.9576590061187744 -0.15526999533176422 0.24244700372219086 6.199628829956055 -0.2876339852809906 0.4794749915599823 -0.8290780186653137 5.722395896911621 0.012482999823987484 -0.8637099862098694 -0.5038350224494934 1.7939399480819702 0.0 0.0 0.0 1.0
-0.9585620164871216 -0.1565369963645935 0.23802399635314941 6.2237091064453125 -0.28450900316238403 0.48312199115753174 -0.8280389904975891 5.712449073791504 0.01462399959564209 -0.8614460229873657 -0.5076379776000977 1.7929669618606567 0.0 0.0 0.0 1.0
-0.958670973777771 -0.16073399782180786 0.23476499319076538 6.2356109619140625 -0.2839230000972748 0.4871709942817688 -0.8258640170097351 5.696252822875977 0.018372999504208565 -0.8583869934082031 -0.512673020362854 1.7949609756469727 0.0 0.0 0.0 1.0
-0.9600499868392944 -0.16261500120162964 0.22772899270057678 6.248712062835693 -0.27892500162124634 0.49076199531555176 -0.8254420161247253 5.682736873626709 0.022468000650405884 -0.8559839725494385 -0.516514003276825 1.7960209846496582 0.0 0.0 0.0 1.0
-0.9595019817352295 -0.1686519980430603 0.22563999891281128 6.249977111816406 -0.28041499853134155 0.495279997587204 -0.8222320079803467 5.661880970001221 0.02691599912941456 -0.8522049784660339 -0.5225149989128113 1.800747036933899 0.0 0.0 0.0 1.0
-0.9599530100822449 -0.16843999922275543 0.22387300431728363 6.255791187286377 -0.2789649963378906 0.5008559823036194 -0.8193429708480835 5.64305305480957 0.025882000103592873 -0.8489829897880554 -0.5277860164642334 1.8083879947662354 0.0 0.0 0.0 1.0
-0.9623330235481262 -0.16222700476646423 0.21817100048065186 6.271914958953857 -0.27076199650764465 0.4993259906768799 -0.8230199813842773 5.6311421394348145 0.024577999487519264 -0.8510910272598267 -0.5244420170783997 1.8071260452270508 0.0 0.0 0.0 1.0
-0.9653090238571167 -0.15324600040912628 0.2114109992980957 6.288363933563232 -0.2602199912071228 0.49776899814605713 -0.8273530006408691 5.6202850341796875 0.02155500091612339 -0.853663980960846 -0.5203779935836792 1.803853988647461 0.0 0.0 0.0 1.0
-0.9669610261917114 -0.14793400466442108 0.20760999619960785 6.295287132263184 -0.254256010055542 0.5007380247116089 -0.8274149894714355 5.602991104125977 0.018445000052452087 -0.8528640270233154 -0.5218070149421692 1.808379054069519 0.0 0.0 0.0 1.0
-0.9698200225830078 -0.1418830007314682 0.19829000532627106 6.313092231750488 -0.24314500391483307 0.5021659731864929 -0.8298860192298889 5.587975978851318 0.018171999603509903 -0.8530529737472534 -0.521507978439331 1.8097020387649536 0.0 0.0 0.0 1.0
-0.9717270135879517 -0.1366720050573349 0.19252699613571167 6.324516773223877 -0.23544199764728546 0.49983298778533936 -0.8335070013999939 5.576766014099121 0.01768600009381771 -0.8552700281143188 -0.5178800225257874 1.8044689893722534 0.0 0.0 0.0 1.0
-0.9741889834403992 -0.12932999432086945 0.18501000106334686 6.340480804443359 -0.22524100542068481 0.502892017364502 -0.8344860076904297 5.561591148376465 0.014883999712765217 -0.854619026184082 -0.5190420150756836 1.8050880432128906 0.0 0.0 0.0 1.0
-0.9754940271377563 -0.12598399817943573 0.18038499355316162 6.357120990753174 -0.2195730060338974 0.5049430131912231 -0.8347579836845398 5.550165176391602 0.014081999659538269 -0.8539090156555176 -0.5202320218086243 1.8011800050735474 0.0 0.0 0.0 1.0
-0.9760950207710266 -0.12303300201892853 0.17916899919509888 6.37181282043457 -0.21703900396823883 0.5080490112304688 -0.8335350155830383 5.537837982177734 0.01152500044554472 -0.8524960279464722 -0.5226070284843445 1.7998089790344238 0.0 0.0 0.0 1.0
-0.9790160059928894 -0.11317099630832672 0.1694680005311966 6.396749019622803 -0.2036149948835373 0.5096499919891357 -0.8359419703483582 5.521323204040527 0.00823500007390976 -0.8529070019721985 -0.5219990015029907 1.7976750135421753 0.0 0.0 0.0 1.0
-0.9807490110397339 -0.1091890037059784 0.16189299523830414 6.417175769805908 -0.19505900144577026 0.5089409947395325 -0.8384100198745728 5.505457878112793 0.00915099959820509 -0.8538479804992676 -0.520442008972168 1.800724983215332 0.0 0.0 0.0 1.0
-0.9822180271148682 -0.10512399673461914 0.15555599331855774 6.4331560134887695 -0.18748199939727783 0.5052270293235779 -0.8423749804496765 5.490755081176758 0.009963000193238258 -0.8565599918365479 -0.5159519910812378 1.801887035369873 0.0 0.0 0.0 1.0
-0.9837809801101685 -0.10164900124073029 0.14778900146484375 6.449067115783691 -0.17895099520683289 0.49981600046157837 -0.8474439978599548 5.4769978523254395 0.012275000102818012 -0.8601459860801697 -0.5098999738693237 1.802907943725586 0.0 0.0 0.0 1.0
-0.9853330254554749 -0.09769699722528458 0.13990899920463562 6.468214988708496 -0.17012999951839447 0.4989059865474701 -0.849793016910553 5.465318202972412 0.01322100032120943 -0.861132025718689 -0.5082100033760071 1.8027440309524536 0.0 0.0 0.0 1.0
-0.9863280057907104 -0.09500899910926819 0.13465100526809692 6.4822998046875 -0.16428400576114655 0.5025799870491028 -0.8487780094146729 5.449141025543213 0.01296900026500225 -0.8592939972877502 -0.5113170146942139 1.8059229850769043 0.0 0.0 0.0 1.0
-0.9886789917945862 -0.08737500011920929 0.12198299914598465 6.501560211181641 -0.14946000277996063 0.5016090273857117 -0.8520860075950623 5.432953834533691 0.013263000175356865 -0.8606709837913513 -0.5089899897575378 1.8088200092315674 0.0 0.0 0.0 1.0
-0.9903349876403809 -0.08447299897670746 0.10999999940395355 6.515349864959717 -0.1376439929008484 0.5012630224227905 -0.854278028011322 5.4167890548706055 0.017024999484419823 -0.861162006855011 -0.5080450177192688 1.8125909566879272 0.0 0.0 0.0 1.0
-0.991972029209137 -0.0798330008983612 0.0980679988861084 6.529646873474121 -0.1250080019235611 0.5021219849586487 -0.8557140231132507 5.40277099609375 0.019071999937295914 -0.8611040115356445 -0.5080710053443909 1.8139840364456177 0.0 0.0 0.0 1.0
-0.993569016456604 -0.07331500202417374 0.08628799766302109 6.544661998748779 -0.11156299710273743 0.503678023815155 -0.8566579818725586 5.387783050537109 0.01934400014579296 -0.8607749938964844 -0.5086179971694946 1.8170219659805298 0.0 0.0 0.0 1.0
-0.9945970177650452 -0.06842699646949768 0.07806699723005295 6.556159973144531 -0.10204499959945679 0.5062969923019409 -0.8562999963760376 5.3692169189453125 0.019068999215960503 -0.8596400022506714 -0.5105440020561218 1.8240070343017578 0.0 0.0 0.0 1.0
-0.995307981967926 -0.06507600098848343 0.071601003408432 6.564966201782227 -0.09472999721765518 0.5048109889030457 -0.8580160140991211 5.35374116897583 0.01969200000166893 -0.8607730269432068 -0.5086079835891724 1.8259220123291016 0.0 0.0 0.0 1.0
-0.9961810111999512 -0.060826998203992844 0.06263499706983566 6.578682899475098 -0.08481699973344803 0.5039700269699097 -0.8595470190048218 5.340906143188477 0.02071700058877468 -0.8615769743919373 -0.507203996181488 1.8264800310134888 0.0 0.0 0.0 1.0
-0.9967250227928162 -0.057934001088142395 0.056421998888254166 6.5893778800964355 -0.0779929980635643 0.5042319893836975 -0.8600389957427979 5.327207088470459 0.021376000717282295 -0.8616229891777039 -0.5070989727973938 1.8267250061035156 0.0 0.0 0.0 1.0
-0.9973340034484863 -0.05362800136208534 0.04949299991130829 6.600505828857422 -0.06983400136232376 0.5044860243797302 -0.8605909943580627 5.310556888580322 0.02118300087749958 -0.861752986907959 -0.5068860054016113 1.8295799493789673 0.0 0.0 0.0 1.0
-0.99788498878479 -0.047919001430273056 0.04393300041556358 6.609704971313477 -0.062059998512268066 0.5008779764175415 -0.863290011882782 5.296137809753418 0.019363999366760254 -0.8641899824142456 -0.5027920007705688 1.829319953918457 0.0 0.0 0.0 1.0
-0.9983069896697998 -0.0445219986140728 0.037415001541376114 6.622361183166504 -0.05464699864387512 0.49809399247169495 -0.8654000163078308 5.282339096069336 0.019892999902367592 -0.8659800291061401 -0.49968400597572327 1.828305959701538 0.0 0.0 0.0 1.0
-0.9985089898109436 -0.043995000422000885 0.032308999449014664 6.631724834442139 -0.049942001700401306 0.49749600887298584 -0.8660269975662231 5.268908977508545 0.022027000784873962 -0.866349995136261 -0.4989520013332367 1.8262289762496948 0.0 0.0 0.0 1.0
-0.9987810254096985 -0.04263100028038025 0.02487500011920929 6.641364097595215 -0.042858999222517014 0.49911999702453613 -0.8654720187187195 5.253889083862305 0.024481000378727913 -0.8654839992523193 -0.5003389716148376 1.824828028678894 0.0 0.0 0.0 1.0
-0.9990230202674866 -0.040713001042604446 0.01718599908053875 6.6513261795043945 -0.035280998796224594 0.5006219744682312 -0.8649470210075378 5.237661838531494 0.026611000299453735 -0.8647080063819885 -0.5015699863433838 1.8234620094299316 0.0 0.0 0.0 1.0
-0.9993600249290466 -0.035353999584913254 0.005369000136852264 6.671133041381836 -0.0224239993840456 0.5026270151138306 -0.8642129898071289 5.217273235321045 0.027854999527335167 -0.8637800216674805 -0.5030980110168457 1.8243199586868286 0.0 0.0 0.0 1.0
-0.9994549751281738 -0.03290199860930443 0.002630000002682209 6.6770339012146 -0.01875299960374832 0.5004389882087708 -0.865568995475769 5.20096492767334 0.027163000777363777 -0.8651459813117981 -0.5007830262184143 1.8234189748764038 0.0 0.0 0.0 1.0
-0.9996089935302734 -0.027943000197410583 -0.0006479999865405262 6.684158802032471 -0.013353999704122543 0.4978390038013458 -0.8671669960021973 5.185476779937744 0.024553999304771423 -0.8668199777603149 -0.49801701307296753 1.8207720518112183 0.0 0.0 0.0 1.0
-0.9997439980506897 -0.022078000009059906 -0.0049299998208880424 6.694446086883545 -0.0067369998432695866 0.4986189901828766 -0.866795003414154 5.167994022369385 0.021594999358057976 -0.8665400147438049 -0.4986400008201599 1.8195650577545166 0.0 0.0 0.0 1.0
-0.9998679757118225 -0.013973000459372997 -0.008280999958515167 6.702747821807861 0.00020300000323913991 0.49901801347732544 -0.8665919899940491 5.1492180824279785 0.016240999102592468 -0.8664789795875549 -0.49894899129867554 1.8197230100631714 0.0 0.0 0.0 1.0
-0.9998850226402283 -0.008565999567508698 -0.012481999583542347 6.708883762359619 0.006564000155776739 0.4976870119571686 -0.8673319816589355 5.13274621963501 0.013642000034451485 -0.8673139810562134 -0.49757400155067444 1.8200069665908813 0.0 0.0 0.0 1.0
-0.9997659921646118 -0.0011210000375285745 -0.021587999537587166 6.717432022094727 0.01816600002348423 0.4977540075778961 -0.8671280145645142 5.112329959869385 0.011717000044882298 -0.8673179745674133 -0.4976170063018799 1.821491003036499 0.0 0.0 0.0 1.0
-0.9995620250701904 0.00849200040102005 -0.028355000540614128 6.723608016967773 0.028839999809861183 0.4950439929962158 -0.8683890104293823 5.094070911407471 0.006661999970674515 -0.8688269853591919 -0.49507200717926025 1.822985053062439 0.0 0.0 0.0 1.0
-0.999284029006958 0.014564000070095062 -0.034922000020742416 6.729952812194824 0.0375789999961853 0.4896790087223053 -0.8710929751396179 5.075930118560791 0.004414000082761049 -0.8717809915542603 -0.48987600207328796 1.824154019355774 0.0 0.0 0.0 1.0
-0.9989950060844421 0.015437999740242958 -0.042066000401973724 6.736003875732422 0.04424700140953064 0.4880650043487549 -0.8716850280761719 5.0629048347473145 0.007073999848216772 -0.8726710081100464 -0.4882580041885376 1.820351004600525 0.0 0.0 0.0 1.0
-0.998278021812439 0.019404999911785126 -0.05536400154232979 6.748051166534424 0.057711999863386154 0.4943470060825348 -0.867347002029419 5.039424896240234 0.01053799968212843 -0.869047999382019 -0.49461600184440613 1.822648048400879 0.0 0.0 0.0 1.0
-0.9977020025253296 0.019756000488996506 -0.06480400264263153 6.750026226043701 0.06608299911022186 0.4946030080318451 -0.8666030168533325 5.021541118621826 0.014932000078260899 -0.8688949942588806 -0.4947719871997833 1.8260250091552734 0.0 0.0 0.0 1.0
-0.9969000220298767 0.01876699924468994 -0.07641000300645828 6.7575860023498535 0.07574799656867981 0.4916059970855713 -0.8675169944763184 5.00801420211792 0.021283000707626343 -0.8706160187721252 -0.4915030002593994 1.8247549533843994 0.0 0.0 0.0 1.0
-0.995913028717041 0.01996600069105625 -0.08808799833059311 6.769692897796631 0.08644499629735947 0.49338498711586 -0.8655049800872803 4.994074821472168 0.026180999353528023 -0.8695819973945618 -0.49309399724006653 1.823093056678772 0.0 0.0 0.0 1.0
-0.9951120018959045 0.023421000689268112 -0.09593000262975693 6.776745796203613 0.09485399723052979 0.4967930018901825 -0.8626700043678284 4.977997779846191 0.027452999725937843 -0.8675529956817627 -0.49658700823783875 1.8249820470809937 0.0 0.0 0.0 1.0
-0.9944909811019897 0.026954999193549156 -0.10129500180482864 6.7847089767456055 0.10123199969530106 0.49766799807548523 -0.8614400029182434 4.964922904968262 0.027191000059247017 -0.8669490218162537 -0.4976550042629242 1.8245420455932617 0.0 0.0 0.0 1.0
-0.993893027305603 0.029983999207615852 -0.10619500279426575 6.7912068367004395 0.10688800364732742 0.5006549954414368 -0.8590229749679565 4.951266765594482 0.027410000562667847 -0.8651279807090759 -0.5008019804954529 1.8249950408935547 0.0 0.0 0.0 1.0
-0.9930310249328613 0.033344000577926636 -0.11303400248289108 6.799952030181885 0.11440800130367279 0.5028420090675354 -0.8567730188369751 4.937788963317871 0.028270000591874123 -0.863735020160675 -0.5031530261039734 1.8262100219726562 0.0 0.0 0.0 1.0
-0.9920169711112976 0.0365930013358593 -0.12067700177431107 6.806747913360596 0.1226549968123436 0.502269983291626 -0.8559679985046387 4.925097942352295 0.02928999997675419 -0.8639370203018188 -0.5027480125427246 1.8262039422988892 0.0 0.0 0.0 1.0
-0.9909719824790955 0.03992399945855141 -0.12798699736595154 6.814241886138916 0.13061200082302094 0.5028979778289795 -0.854420006275177 4.912805080413818 0.030253000557422638 -0.8634229898452759 -0.5035719871520996 1.8266299962997437 0.0 0.0 0.0 1.0
-0.9900180101394653 0.043595001101493835 -0.1340329945087433 6.822748184204102 0.13764099776744843 0.5037149786949158 -0.8528349995613098 4.89558219909668 0.030334999784827232 -0.8627690076828003 -0.5046870112419128 1.8262939453125 0.0 0.0 0.0 1.0
-0.9887470006942749 0.046448998153209686 -0.1422020047903061 6.830202102661133 0.14608900249004364 0.5044180154800415 -0.8510119915008545 4.882876873016357 0.032200999557971954 -0.8622099757194519 -0.5055270195007324 1.8254430294036865 0.0 0.0 0.0 1.0
-0.9872639775276184 0.04837299883365631 -0.15155699849128723 6.838067054748535 0.1550700068473816 0.505407989025116 -0.8488330245018005 4.871922969818115 0.035537999123334885 -0.8615239858627319 -0.5064719915390015 1.8238929510116577 0.0 0.0 0.0 1.0
-0.9854300022125244 0.051895998418331146 -0.16197000443935394 6.847978115081787 0.1657319962978363 0.5069689750671387 -0.845881998538971 4.859080791473389 0.0382159985601902 -0.8604009747505188 -0.5081830024719238 1.822795033454895 0.0 0.0 0.0 1.0
-0.9836750030517578 0.053842999041080475 -0.17170900106430054 6.857577800750732 0.17502599954605103 0.5080119967460632 -0.8433799743652344 4.850192070007324 0.04182000085711479 -0.8596649765968323 -0.5091429948806763 1.8205230236053467 0.0 0.0 0.0 1.0
-0.9812840223312378 0.06004299968481064 -0.1829639971256256 6.867342948913574 0.1877480000257492 0.5095049738883972 -0.8397359848022461 4.8360209465026855 0.04280100017786026 -0.8583710193634033 -0.5112419724464417 1.8199690580368042 0.0 0.0 0.0 1.0
-0.9789490103721619 0.06516300141811371 -0.19342300295829773 6.878145217895508 0.19934600591659546 0.508696973323822 -0.8375489711761475 4.82680606842041 0.04381699860095978 -0.8584759831428528 -0.5109779834747314 1.818287968635559 0.0 0.0 0.0 1.0
-0.9761899709701538 0.07184399664402008 -0.20467300713062286 6.891088008880615 0.21240399777889252 0.5080549716949463 -0.8347240090370178 4.815017223358154 0.04401500150561333 -0.8583229780197144 -0.5112190246582031 1.816472053527832 0.0 0.0 0.0 1.0
-0.9732760190963745 0.0801289975643158 -0.21520699560642242 6.903534889221191 0.22562600672245026 0.5081290006637573 -0.8312029838562012 4.804202079772949 0.042750000953674316 -0.857545018196106 -0.512628972530365 1.815938949584961 0.0 0.0 0.0 1.0
-0.9703199863433838 0.08601000159978867 -0.2260109931230545 6.916431903839111 0.23787499964237213 0.5076810121536255 -0.8280559778213501 4.794011116027832 0.04352099820971489 -0.8572409749031067 -0.5130730271339417 1.8159209489822388 0.0 0.0 0.0 1.0
-0.9671130180358887 0.09345299750566483 -0.2365580052137375 6.933620929718018 0.25078099966049194 0.5055869817733765 -0.8255249857902527 4.783520221710205 0.04245299845933914 -0.857699990272522 -0.512395977973938 1.8143190145492554 0.0 0.0 0.0 1.0
-0.9640830159187317 0.10001000016927719 -0.24605399370193481 6.946485996246338 0.2622379958629608 0.505407989025116 -0.8220670223236084 4.770596981048584 0.042142998427152634 -0.8570650219917297 -0.5134810209274292 1.8150140047073364 0.0 0.0 0.0 1.0
-0.9604499936103821 0.1053910031914711 -0.25773701071739197 6.962878227233887 0.2749820053577423 0.5046830177307129 -0.818340003490448 4.7597270011901855 0.04382999986410141 -0.8568480014801025 -0.5137040019035339 1.815608024597168 0.0 0.0 0.0 1.0
-0.9566439986228943 0.11112599819898605 -0.2692260146141052 6.976631164550781 0.28780901432037354 0.5025129914283752 -0.8152589797973633 4.748158931732178 0.0446930006146431 -0.8573989868164062 -0.5127090215682983 1.8164830207824707 0.0 0.0 0.0 1.0
-0.9526280164718628 0.11735200136899948 -0.28058499097824097 6.995275020599365 0.3007420003414154 0.5009390115737915 -0.8115509748458862 4.738809108734131 0.04531899839639664 -0.8574900031089783 -0.5125010013580322 1.8143969774246216 0.0 0.0 0.0 1.0
-0.9482899904251099 0.12900300323963165 -0.290008008480072 7.0129170417785645 0.3146820068359375 0.5015519857406616 -0.8058670163154602 4.724709987640381 0.04149499908089638 -0.8554559946060181 -0.5162109732627869 1.8162169456481934 0.0 0.0 0.0 1.0
-0.9454489946365356 0.13751399517059326 -0.2953230142593384 7.02752685546875 0.32360801100730896 0.5007240176200867 -0.8028410077095032 4.713263988494873 0.03747300058603287 -0.8546140193939209 -0.5179100036621094 1.8187049627304077 0.0 0.0 0.0 1.0
-0.9423949718475342 0.14558899402618408 -0.30115801095962524 7.045331954956055 0.3328059911727905 0.49864399433135986 -0.8003720045089722 4.702179908752441 0.03364500030875206 -0.8544930219650269 -0.5183719992637634 1.8200550079345703 0.0 0.0 0.0 1.0
-0.9392009973526001 0.15381699800491333 -0.306988000869751 7.059039115905762 0.3420940041542053 0.4961090087890625 -0.798026978969574 4.690803050994873 0.029549000784754753 -0.8545269966125488 -0.5185660123825073 1.8244750499725342 0.0 0.0 0.0 1.0
-0.9359560012817383 0.15765799582004547 -0.31485000252723694 7.074118137359619 0.3508870005607605 0.4922940135002136 -0.7965710163116455 4.681511878967285 0.029412999749183655 -0.8560320138931274 -0.5160859823226929 1.8256540298461914 0.0 0.0 0.0 1.0
-0.9336450099945068 0.16092699766159058 -0.3200159966945648 7.085713863372803 0.3570230007171631 0.4904620051383972 -0.7949730157852173 4.669259071350098 0.029023999348282814 -0.8564749956130981 -0.5153719782829285 1.8251320123672485 0.0 0.0 0.0 1.0
-0.9312139749526978 0.1652809977531433 -0.32484298944473267 7.101229190826416 0.36337900161743164 0.49003899097442627 -0.7923489809036255 4.6599860191345215 0.028224999085068703 -0.8558880090713501 -0.5163909792900085 1.826516032218933 0.0 0.0 0.0 1.0
-0.9295639991760254 0.16807900369167328 -0.3281159996986389 7.114528179168701 0.36759498715400696 0.4902079999446869 -0.7902979850769043 4.650620937347412 0.028012000024318695 -0.8552460074424744 -0.5174639821052551 1.8278900384902954 0.0 0.0 0.0 1.0
-0.9278640151023865 0.1715259999036789 -0.3311299979686737 7.128668785095215 0.37193000316619873 0.4902710020542145 -0.7882279753684998 4.643032073974609 0.027141999453306198 -0.8545259833335876 -0.5187000036239624 1.828639030456543 0.0 0.0 0.0 1.0
-0.926476001739502 0.17494100332260132 -0.33322399854660034 7.141718864440918 0.3754329979419708 0.4915100038051605 -0.7857909798622131 4.631481170654297 0.026314999908208847 -0.8531200289726257 -0.5210509896278381 1.8309190273284912 0.0 0.0 0.0 1.0
-0.9253110289573669 0.1779710054397583 -0.33485299348831177 7.152070045471191 0.3784030079841614 0.49092400074005127 -0.78473299741745 4.61536979675293 0.024728000164031982 -0.8528310060501099 -0.5216019749641418 1.8347300291061401 0.0 0.0 0.0 1.0
-0.9245989918708801 0.17705200612545013 -0.3372960090637207 7.167421817779541 0.3800809979438782 0.4882270097732544 -0.7856040000915527 4.606647968292236 0.02558399923145771 -0.8545680046081543 -0.5187079906463623 1.8355040550231934 0.0 0.0 0.0 1.0
-0.9233270287513733 0.1775210052728653 -0.3405199944972992 7.1836161613464355 0.38311100006103516 0.48663198947906494 -0.7851210236549377 4.5941548347473145 0.026332000270485878 -0.8553799986839294 -0.5173310041427612 1.8338229656219482 0.0 0.0 0.0 1.0
-0.9226750135421753 0.17967599630355835 -0.341156005859375 7.196148872375488 0.3847770094871521 0.48610201478004456 -0.7846350073814392 4.583706855773926 0.02485699951648712 -0.8552320003509521 -0.5176489949226379 1.8350709676742554 0.0 0.0 0.0 1.0
-0.9217010140419006 0.17988499999046326 -0.34366899728775024 7.206287860870361 0.38705599308013916 0.484932005405426 -0.7842379808425903 4.569314002990723 0.02558399923145771 -0.8558520078659058 -0.5165879726409912 1.83815598487854 0.0 0.0 0.0 1.0
-0.9222260117530823 0.17630499601364136 -0.3441160023212433 7.204320907592773 0.3855760097503662 0.4856809973716736 -0.7845029830932617 4.550593852996826 0.028819000348448753 -0.8561720252037048 -0.5158860087394714 1.8438019752502441 0.0 0.0 0.0 1.0
-0.9199180006980896 0.1759590059518814 -0.3504120111465454 7.219141006469727 0.39086198806762695 0.48274099826812744 -0.78370201587677 4.538651943206787 0.031259000301361084 -0.8579040169715881 -0.512857973575592 1.842887043952942 0.0 0.0 0.0 1.0
-0.9181110262870789 0.17750300467014313 -0.3543510138988495 7.2279558181762695 0.3950749933719635 0.48082101345062256 -0.7827690243721008 4.525187015533447 0.031436000019311905 -0.8586639761924744 -0.5115739703178406 1.8432749509811401 0.0 0.0 0.0 1.0
-0.9152470231056213 0.17945699393749237 -0.3607189953327179 7.243143081665039 0.40164101123809814 0.47693100571632385 -0.781807005405426 4.506473064422607 0.031738001853227615 -0.8604260087013245 -0.5085859894752502 1.839745044708252 0.0 0.0 0.0 1.0
-0.9131389856338501 0.18359200656414032 -0.3639650046825409 7.259788990020752 0.4066529870033264 0.4725790023803711 -0.7818589806556702 4.489211082458496 0.02845899946987629 -0.8619530200958252 -0.5061889886856079 1.8383450508117676 0.0 0.0 0.0 1.0
-0.9126970171928406 0.18853899836540222 -0.3625420033931732 7.272312164306641 0.40803998708724976 0.46840700507164 -0.7836440205574036 4.473051071166992 0.02206999994814396 -0.8631619811058044 -0.5044450163841248 1.8375530242919922 0.0 0.0 0.0 1.0
-0.9124670028686523 0.1926790028810501 -0.360942006111145 7.284083843231201 0.4087980091571808 0.4659520089626312 -0.784712016582489 4.45456600189209 0.0169840008020401 -0.8635759949684143 -0.503931999206543 1.8362510204315186 0.0 0.0 0.0 1.0
-0.9111729860305786 0.19644099473953247 -0.36218100786209106 7.2963547706604 0.41177400946617126 0.46475499868392944 -0.7838649749755859 4.435222148895264 0.014341999776661396 -0.8633729815483093 -0.5043619871139526 1.8353780508041382 0.0 0.0 0.0 1.0
-0.9098479747772217 0.19981099665164948 -0.36366501450538635 7.308167934417725 0.4147469997406006 0.4647909998893738 -0.7822759747505188 4.4167962074279785 0.012719999998807907 -0.8625810146331787 -0.5057600140571594 1.8370319604873657 0.0 0.0 0.0 1.0
-0.9079769849777222 0.20387600362300873 -0.3660779893398285 7.316682815551758 0.4189170002937317 0.4610629975795746 -0.7822589874267578 4.3954620361328125 0.009301000274717808 -0.8636289834976196 -0.5040420293807983 1.839913010597229 0.0 0.0 0.0 1.0
-0.9051309823989868 0.2058670073747635 -0.3719640076160431 7.335261821746826 0.4250760078430176 0.4526729881763458 -0.7838349938392639 4.373875141143799 0.0070119998417794704 -0.8675860166549683 -0.4972369968891144 1.8332209587097168 0.0 0.0 0.0 1.0
-0.9041360020637512 0.20991699397563934 -0.3721199929714203 7.340466022491455 0.42723798751831055 0.4494140148162842 -0.7845349907875061 4.3576178550720215 0.002549000084400177 -0.8683099746704102 -0.4960159957408905 1.8348610401153564 0.0 0.0 0.0 1.0
-0.9035249948501587 0.2105409950017929 -0.37325000762939453 7.352509021759033 0.42853298783302307 0.44703200459480286 -0.7851889729499817 4.342222213745117 0.0015399999683722854 -0.8693879842758179 -0.4941279888153076 1.8344769477844238 0.0 0.0 0.0 1.0
-0.9028549790382385 0.20903000235557556 -0.37571099400520325 7.369494915008545 0.4299210011959076 0.4481799900531769 -0.7837749719619751 4.327898979187012 0.0045529999770224094 -0.8691610097885132 -0.4945079982280731 1.828639030456543 0.0 0.0 0.0 1.0
-0.9008740186691284 0.212227001786232 -0.37866300344467163 7.381381988525391 0.4340110123157501 0.45593199133872986 -0.7770199775695801 4.301951885223389 0.007739999797195196 -0.8643410205841064 -0.5028460025787354 1.8295300006866455 0.0 0.0 0.0 1.0
-0.8996099829673767 0.2140129953622818 -0.38065800070762634 7.388765811920166 0.43656298518180847 0.46216198801994324 -0.7718930244445801 4.283355236053467 0.010730000212788582 -0.860584020614624 -0.5091959834098816 1.8361929655075073 0.0 0.0 0.0 1.0
-0.8983079791069031 0.21373699605464935 -0.38387399911880493 7.400302886962891 0.4391709864139557 0.46281498670578003 -0.7700200080871582 4.265724182128906 0.013081000186502934 -0.8603019714355469 -0.5096169710159302 1.83815598487854 0.0 0.0 0.0 1.0
-0.8977130055427551 0.21477000415325165 -0.38468798995018005 7.416985988616943 0.44039401412010193 0.4628159999847412 -0.7693210244178772 4.2498459815979 0.01281300000846386 -0.860044002532959 -0.5100589990615845 1.8390330076217651 0.0 0.0 0.0 1.0
-0.8965929746627808 0.21976199746131897 -0.38447999954223633 7.426259994506836 0.4427730143070221 0.46156200766563416 -0.7687090039253235 4.225488185882568 0.008527999743819237 -0.8594560027122498 -0.5111380219459534 1.8447779417037964 0.0 0.0 0.0 1.0
-0.8965489864349365 0.2208089977502823 -0.3839839994907379 7.435247898101807 0.44290798902511597 0.45809298753738403 -0.7707030177116394 4.20957612991333 0.0057219997979700565 -0.8610420227050781 -0.5085009932518005 1.847362995147705 0.0 0.0 0.0 1.0
-0.889972984790802 0.22583399713039398 -0.39616501331329346 7.475224018096924 0.4559729993343353 0.45218199491500854 -0.7665640115737915 4.176690101623535 0.006022000219672918 -0.8628619909286499 -0.505403995513916 1.845088005065918 0.0 0.0 0.0 1.0
-0.888267993927002 0.2258169949054718 -0.3999829888343811 7.482841968536377 0.45925700664520264 0.45169198513031006 -0.7648900151252747 4.1539130210876465 0.007943999953567982 -0.8631229996681213 -0.5049319863319397 1.8454070091247559 0.0 0.0 0.0 1.0
-0.8872730135917664 0.22485800087451935 -0.40272200107574463 7.4879560470581055 0.4611380100250244 0.45122700929641724 -0.7640330195426941 4.144049167633057 0.009920000098645687 -0.8636170029640198 -0.5040519833564758 1.844074010848999 0.0 0.0 0.0 1.0
-0.8853610157966614 0.2229209989309311 -0.4079740047454834 7.496809959411621 0.46466898918151855 0.45225900411605835 -0.7612789869308472 4.132289886474609 0.014805000275373459 -0.8635789752006531 -0.5039960145950317 1.8426530361175537 0.0 0.0 0.0 1.0
-0.8828449845314026 0.22420799732208252 -0.41269201040267944 7.505695819854736 0.46935099363327026 0.4532589912414551 -0.7578039765357971 4.11327600479126 0.0171509999781847 -0.8627210259437561 -0.5053899884223938 1.8502540588378906 0.0 0.0 0.0 1.0
-0.8806740045547485 0.22463400661945343 -0.4170770049095154 7.511322021484375 0.47345998883247375 0.4467250108718872 -0.7591260075569153 4.0937042236328125 0.015793999657034874 -0.8660119771957397 -0.4997740089893341 1.8569129705429077 0.0 0.0 0.0 1.0
-0.8784700036048889 0.22029699385166168 -0.4239799976348877 7.525681972503662 0.4774700105190277 0.43759599328041077 -0.7619270086288452 4.077639102935791 0.017681999132037163 -0.8717679977416992 -0.4896000027656555 1.854362964630127 0.0 0.0 0.0 1.0
-0.8763999938964844 0.21517500281333923 -0.43083900213241577 7.538386821746826 0.4810659885406494 0.43263301253318787 -0.7624989748001099 4.067728042602539 0.02232399955391884 -0.8755159974098206 -0.4826740026473999 1.8520289659500122 0.0 0.0 0.0 1.0
-0.8730260133743286 0.21202200651168823 -0.4391709864139557 7.542466163635254 0.48692598938941956 0.4287889897823334 -0.7609490156173706 4.052355766296387 0.02697400003671646 -0.878171980381012 -0.47758299112319946 1.8547439575195312 0.0 0.0 0.0 1.0
-0.866117000579834 0.21007099747657776 -0.4535540044307709 7.557178020477295 0.49879100918769836 0.4220280051231384 -0.7570340037345886 4.0309672355651855 0.032381001859903336 -0.8819090127944946 -0.47030699253082275 1.8543740510940552 0.0 0.0 0.0 1.0
-0.8576760292053223 0.21084600687026978 -0.46897199749946594 7.584181785583496 0.51283198595047 0.4169999957084656 -0.7504090070724487 4.000820159912109 0.03734099864959717 -0.8841120004653931 -0.46577998995780945 1.852450966835022 0.0 0.0 0.0 1.0
-0.8518620133399963 0.21238499879837036 -0.47877201437950134 7.598262786865234 0.5222430229187012 0.41406598687171936 -0.7455270290374756 3.9782519340515137 0.03990500047802925 -0.8851220011711121 -0.46364399790763855 1.854673981666565 0.0 0.0 0.0 1.0
-0.8487330079078674 0.2146269977092743 -0.4833090007305145 7.601017951965332 0.5275869965553284 0.4060719907283783 -0.746163010597229 3.964905023574829 0.03611199930310249 -0.8882799744606018 -0.45788100361824036 1.8598140478134155 0.0 0.0 0.0 1.0
-0.845878005027771 0.21521100401878357 -0.4880309998989105 7.612791061401367 0.5323889851570129 0.39630699157714844 -0.7479990124702454 3.9514360427856445 0.03243200108408928 -0.8925390243530273 -0.4498029947280884 1.8627409934997559 0.0 0.0 0.0 1.0
-0.843529999256134 0.21460700035095215 -0.492341011762619 7.6224799156188965 0.5362949967384338 0.38616400957107544 -0.7505099773406982 3.9398438930511475 0.02906000055372715 -0.8971179723739624 -0.4408339858055115 1.863211989402771 0.0 0.0 0.0 1.0
-0.8403859734535217 0.2147040069103241 -0.49764901399612427 7.6295270919799805 0.5412369966506958 0.38081398606300354 -0.7496960163116455 3.92256498336792 0.02854900062084198 -0.8993790149688721 -0.4362359941005707 1.8686950206756592 0.0 0.0 0.0 1.0
-0.834945023059845 0.21232500672340393 -0.5077250003814697 7.645969867706299 0.5494440197944641 0.3740389943122864 -0.7471320033073425 3.90596604347229 0.03127399832010269 -0.9027810096740723 -0.4289630055427551 1.8651570081710815 0.0 0.0 0.0 1.0
-0.8300610184669495 0.21088500320911407 -0.5162619948387146 7.663695812225342 0.5565980076789856 0.3707500100135803 -0.7434679865837097 3.891187906265259 0.03461800143122673 -0.9044730067253113 -0.425123006105423 1.8628599643707275 0.0 0.0 0.0 1.0
-0.8269519805908203 0.21071000397205353 -0.5212979912757874 7.675666809082031 0.5610010027885437 0.3715119957923889 -0.7397680282592773 3.8763749599456787 0.03779200091958046 -0.9042019844055176 -0.4254310131072998 1.8626409769058228 0.0 0.0 0.0 1.0
-0.8223299980163574 0.21133799850940704 -0.5283079743385315 7.68884801864624 0.5674740076065063 0.3727940022945404 -0.7341650128364563 3.8554511070251465 0.04179299995303154 -0.903527021408081 -0.426488995552063 1.865218997001648 0.0 0.0 0.0 1.0
-0.8175439834594727 0.2145639955997467 -0.534400999546051 7.697872161865234 0.5742449760437012 0.37334001064300537 -0.7286019921302795 3.8273680210113525 0.04318099841475487 -0.9025409817695618 -0.42843401432037354 1.8763840198516846 0.0 0.0 0.0 1.0
-0.8153370022773743 0.2118149995803833 -0.5388500094413757 7.707596778869629 0.5774099826812744 0.3660849928855896 -0.7297800183296204 3.821038007736206 0.04268699884414673 -0.906154990196228 -0.4207870066165924 1.8711910247802734 0.0 0.0 0.0 1.0
-0.8132110238075256 0.21079200506210327 -0.5424529910087585 7.719326972961426 0.5803890228271484 0.36239299178123474 -0.7292600274085999 3.80953311920166 0.042858999222517014 -0.9078760147094727 -0.417043000459671 1.867395043373108 0.0 0.0 0.0 1.0
-0.81038898229599 0.21449899673461914 -0.5452150106430054 7.728548049926758 0.5843790173530579 0.3627550005912781 -0.7258859872817993 3.791248083114624 0.04207799956202507 -0.9068620204925537 -0.4193210005760193 1.8705790042877197 0.0 0.0 0.0 1.0
-0.8084080219268799 0.21405400335788727 -0.5483220219612122 7.734930038452148 0.5869460105895996 0.3633919954299927 -0.7234920263290405 3.7750120162963867 0.04438899829983711 -0.906711995601654 -0.4194070100784302 1.8779079914093018 0.0 0.0 0.0 1.0
-0.8072069883346558 0.21024000644683838 -0.5515570044517517 7.7382001876831055 0.5884979963302612 0.35894501209259033 -0.7244499921798706 3.7651619911193848 0.0456710010766983 -0.9093719720840454 -0.41346898674964905 1.8778189420700073 0.0 0.0 0.0 1.0
-0.8042349815368652 0.2082040011882782 -0.5566490292549133 7.749448776245117 0.592503011226654 0.3539179861545563 -0.7236599922180176 3.7499349117279053 0.046339001506567 -0.9118080139160156 -0.40799400210380554 1.8766369819641113 0.0 0.0 0.0 1.0
-0.8013160228729248 0.2064410001039505 -0.5614929795265198 7.763114929199219 0.596422016620636 0.34880900382995605 -0.7229200005531311 3.734112024307251 0.046613000333309174 -0.9141740202903748 -0.4026319980621338 1.8730419874191284 0.0 0.0 0.0 1.0
-0.7995610237121582 0.20907999575138092 -0.5630159974098206 7.770884037017822 0.5989320278167725 0.34707900881767273 -0.7216770052909851 3.7134499549865723 0.044523000717163086 -0.9142330288887024 -0.40273499488830566 1.880645990371704 0.0 0.0 0.0 1.0
-0.796379029750824 0.2093770056962967 -0.5673990249633789 7.780084133148193 0.6033329963684082 0.34030601382255554 -0.721235990524292 3.6866190433502197 0.042079001665115356 -0.9167079925537109 -0.3973360061645508 1.887694001197815 0.0 0.0 0.0 1.0
-0.799232006072998 0.20548999309539795 -0.5648019909858704 7.7779669761657715 0.5997800230979919 0.33309099078178406 -0.7275400161743164 3.6699280738830566 0.038628000766038895 -0.9202309846878052 -0.38946598768234253 1.894894003868103 0.0 0.0 0.0 1.0
-0.7972760200500488 0.2061759978532791 -0.5673109889030457 7.788576126098633 0.6026189923286438 0.3258410096168518 -0.7284770011901855 3.6452159881591797 0.034657999873161316 -0.9226700067520142 -0.3840309977531433 1.9079769849777222 0.0 0.0 0.0 1.0
-0.7958319783210754 0.2016800045967102 -0.5709440112113953 7.797729969024658 0.60453200340271 0.31842899322509766 -0.7301679849624634 3.6306240558624268 0.03454500064253807 -0.9262440204620361 -0.37533798813819885 1.907291054725647 0.0 0.0 0.0 1.0
-0.7951920032501221 0.19795000553131104 -0.5731359720230103 7.793708801269531 0.6054310202598572 0.31142500042915344 -0.7324399948120117 3.6176249980926514 0.0335020013153553 -0.9294250011444092 -0.36748799681663513 1.9069429636001587 0.0 0.0 0.0 1.0
-0.7938600182533264 0.18950699269771576 -0.5778170228004456 7.798196792602539 0.6069430112838745 0.3055030107498169 -0.7336810231208801 3.6029810905456543 0.037487998604774475 -0.9331430196762085 -0.35754698514938354 1.9048470258712769 0.0 0.0 0.0 1.0
-0.7939149737358093 0.18309199810028076 -0.5798060297966003 7.799935817718506 0.6066970229148865 0.3016059994697571 -0.7354949712753296 3.590754985809326 0.04020899906754494 -0.9356880187988281 -0.3505310118198395 1.90481698513031 0.0 0.0 0.0 1.0
-0.7950999736785889 0.1751450002193451 -0.5806379914283752 7.804910182952881 0.6048600077629089 0.2989029884338379 -0.7381070256233215 3.5796899795532227 0.04427900165319443 -0.9380729794502258 -0.3435949981212616 1.899914026260376 0.0 0.0 0.0 1.0
-0.7947989702224731 0.1680160015821457 -0.5831509828567505 7.812816143035889 0.6048110127449036 0.2984209954738617 -0.7383419871330261 3.561635971069336 0.049970999360084534 -0.9395290017127991 -0.3388029932975769 1.8970290422439575 0.0 0.0 0.0 1.0
-0.7951499819755554 0.16073399782180786 -0.5847229957580566 7.817252159118652 0.6038939952850342 0.2976759970188141 -0.7393929958343506 3.543184995651245 0.05521199852228165 -0.9410380125045776 -0.3337630033493042 1.8942630290985107 0.0 0.0 0.0 1.0
-0.7963899970054626 0.15495100617408752 -0.5845969915390015 7.817756175994873 0.6019790172576904 0.29607099294662476 -0.7415949702262878 3.522300958633423 0.05817199870944023 -0.9425140023231506 -0.3290649950504303 1.8974210023880005 0.0 0.0 0.0 1.0
-0.7993770241737366 0.13902199268341064 -0.5845239758491516 7.831264972686768 0.598281979560852 0.2736699879169464 -0.7531030178070068 3.5233209133148193 0.0552700012922287 -0.9517229795455933 -0.301939994096756 1.8516240119934082 0.0 0.0 0.0 1.0
-0.8003910183906555 0.14337000250816345 -0.5820819735527039 7.831611156463623 0.5976070165634155 0.2674970030784607 -0.7558519840240479 3.495076894760132 0.047338999807834625 -0.9528329968452454 -0.2997809946537018 1.8688080310821533 0.0 0.0 0.0 1.0
-0.8012449741363525 0.14110800623893738 -0.5814599990844727 7.838860034942627 0.5969550013542175 0.2545340061187744 -0.7608270049095154 3.4696669578552246 0.04064200073480606 -0.9567139744758606 -0.28817999362945557 1.872087001800537 0.0 0.0 0.0 1.0
-0.8068900108337402 0.13771399855613708 -0.5744240283966064 7.8438029289245605 0.5896679759025574 0.2452930063009262 -0.7694950103759766 3.46756911277771 0.03493199869990349 -0.9596179723739624 -0.2791300117969513 1.8743410110473633 0.0 0.0 0.0 1.0
-0.8106240034103394 0.13520200550556183 -0.5697450041770935 7.841691970825195 0.5844849944114685 0.24595899879932404 -0.7732279896736145 3.452112913131714 0.03559200093150139 -0.9598050117492676 -0.27840399742126465 1.8657950162887573 0.0 0.0 0.0 1.0
-0.8137919902801514 0.13509100675582886 -0.56523597240448 7.8354668617248535 0.5799580216407776 0.2511729896068573 -0.7749580144882202 3.43982195854187 0.03728200122714043 -0.9584689736366272 -0.2827500104904175 1.8638639450073242 0.0 0.0 0.0 1.0
-0.8136630058288574 0.1374109983444214 -0.5648630261421204 7.836747169494629 0.580111026763916 0.25498899817466736 -0.773597002029419 3.415416955947876 0.03773299977183342 -0.9571300148963928 -0.2871890068054199 1.870798945426941 0.0 0.0 0.0 1.0
-0.8143240213394165 0.13569499552249908 -0.5643259882926941 7.844121932983398 0.5792149901390076 0.252377986907959 -0.7751230001449585 3.4048659801483154 0.03724300116300583 -0.958066999912262 -0.2841140031814575 1.8696880340576172 0.0 0.0 0.0 1.0
-0.8135870099067688 0.13450300693511963 -0.5656729936599731 7.8540239334106445 0.5802109837532043 0.2511110007762909 -0.7747889757156372 3.3852410316467285 0.03783499822020531 -0.9585679769515991 -0.28234100341796875 1.864151954650879 0.0 0.0 0.0 1.0
-0.8149830102920532 0.13403800129890442 -0.5637699961662292 7.857847213745117 0.5783330202102661 0.249441996216774 -0.7767300009727478 3.3761439323425293 0.03651599958539009 -0.959069013595581 -0.28080999851226807 1.8564319610595703 0.0 0.0 0.0 1.0
-0.8190569877624512 0.12725600600242615 -0.5594210028648376 7.8568902015686035 0.5725150108337402 0.2442539930343628 -0.782666027545929 3.3778469562530518 0.03704100102186203 -0.9613249897956848 -0.27291399240493774 1.8286499977111816 0.0 0.0 0.0 1.0
-0.8220700025558472 0.12493400275707245 -0.555512011051178 7.858279228210449 0.5681310296058655 0.2447499930858612 -0.7857000231742859 3.3697268962860107 0.037801001220941544 -0.9615030288696289 -0.2721810042858124 1.8185219764709473 0.0 0.0 0.0 1.0
-0.8263649940490723 0.12477000057697296 -0.5491380095481873 7.8514790534973145 0.5618829727172852 0.24765199422836304 -0.7892760038375854 3.363068103790283 0.03751799836754799 -0.9607809782028198 -0.2747569978237152 1.816504955291748 0.0 0.0 0.0 1.0
-0.825639009475708 0.12387800216674805 -0.5504310131072998 7.867096900939941 0.5628939867019653 0.24718600511550903 -0.7887020111083984 3.3469460010528564 0.0383559986948967 -0.9610170125961304 -0.27381598949432373 1.810858964920044 0.0 0.0 0.0 1.0
-0.8273760080337524 0.12399400025606155 -0.5477910041809082 7.8710761070251465 0.5603309869766235 0.2490209937095642 -0.7899489998817444 3.335728883743286 0.03846300020813942 -0.9605280160903931 -0.2755109965801239 1.8114949464797974 0.0 0.0 0.0 1.0
-0.8307679891586304 0.12283799797296524 -0.5428950190544128 7.871918201446533 0.5553150177001953 0.24961799383163452 -0.7932940125465393 3.332556962966919 0.03807000070810318 -0.9605219960212708 -0.2755880057811737 1.808279037475586 0.0 0.0 0.0 1.0
-0.832925021648407 0.12217099964618683 -0.5397310256958008 7.87424898147583 0.5521280169487 0.24917000532150269 -0.7956560254096985 3.3280909061431885 0.037278998643159866 -0.9607229828834534 -0.27499398589134216 1.802085041999817 0.0 0.0 0.0 1.0
-0.8315070271492004 0.12174499779939651 -0.5420089960098267 7.8833417892456055 0.5540990233421326 0.25136798620224 -0.7935919761657715 3.3122150897979736 0.03962799906730652 -0.960204005241394 -0.2764729857444763 1.7995680570602417 0.0 0.0 0.0 1.0
-0.8327900171279907 0.11938799917697906 -0.5405619740486145 7.878119945526123 0.5519409775733948 0.2543570101261139 -0.79414302110672 3.3055260181427 0.042684998363256454 -0.9597129821777344 -0.27772098779678345 1.7991050481796265 0.0 0.0 0.0 1.0
-0.827426016330719 0.11668200045824051 -0.5493190288543701 7.896503925323486 0.5594710111618042 0.2558560073375702 -0.7883719801902771 3.2855379581451416 0.04855800047516823 -0.959646999835968 -0.27698200941085815 1.7953879833221436 0.0 0.0 0.0 1.0
-0.8230410218238831 0.11650200188159943 -0.5559059977531433 7.9071879386901855 0.5656120181083679 0.2574400007724762 -0.7834590077400208 3.2657198905944824 0.05183799937367439 -0.9592450261116028 -0.2777790129184723 1.7946209907531738 0.0 0.0 0.0 1.0
-0.820904016494751 0.11577499657869339 -0.559207022190094 7.91107702255249 0.5684900283813477 0.2585799992084503 -0.7809960246086121 3.2605550289154053 0.05418099835515022 -0.9590269923210144 -0.27808600664138794 1.789101004600525 0.0 0.0 0.0 1.0
-0.8187839984893799 0.11517000198364258 -0.5624300241470337 7.912487030029297 0.5711389780044556 0.26280099153518677 -0.7776479721069336 3.2518820762634277 0.05824600160121918 -0.9579520225524902 -0.2809549868106842 1.7819689512252808 0.0 0.0 0.0 1.0
-0.8133640289306641 0.11395999789237976 -0.5704839825630188 7.921236991882324 0.5780640244483948 0.2686150074005127 -0.7705119848251343 3.2412381172180176 0.06543300300836563 -0.956483006477356 -0.2843579947948456 1.7752649784088135 0.0 0.0 0.0 1.0
-0.8064799904823303 0.11457300186157227 -0.580053985118866 7.926703929901123 0.5871180295944214 0.27111899852752686 -0.7627500295639038 3.2274720668792725 0.06987400352954865 -0.9557030200958252 -0.28591999411582947 1.7672120332717896 0.0 0.0 0.0 1.0
-0.8003399968147278 0.11675100028514862 -0.5880690217018127 7.936773777008057 0.595425009727478 0.26958799362182617 -0.7568299770355225 3.2155280113220215 0.07017599791288376 -0.9558719992637634 -0.2852790057659149 1.7667829990386963 0.0 0.0 0.0 1.0
-0.7947099804878235 0.11878500133752823 -0.5952519774436951 7.948713779449463 0.6031339764595032 0.2648720145225525 -0.7523769736289978 3.2042930126190186 0.06829500198364258 -0.9569389820098877 -0.28213998675346375 1.7625340223312378 0.0 0.0 0.0 1.0
-0.7881069779396057 0.1189970001578331 -0.6039260029792786 7.957304954528809 0.611624002456665 0.26185300946235657 -0.7465580105781555 3.1924049854278564 0.06930200010538101 -0.9577429890632629 -0.27915000915527344 1.759958028793335 0.0 0.0 0.0 1.0
-0.7831810116767883 0.1185149997472763 -0.6103950142860413 7.960730075836182 0.6175389885902405 0.2628909945487976 -0.7413049936294556 3.183104991912842 0.0726109966635704 -0.957518994808197 -0.27907899022102356 1.7599619626998901 0.0 0.0 0.0 1.0
-0.7734829783439636 0.11777299642562866 -0.6227790117263794 7.984026908874512 0.6292309761047363 0.2606790065765381 -0.7321990132331848 3.1667370796203613 0.07611200213432312 -0.9582149982452393 -0.2757369875907898 1.747249960899353 0.0 0.0 0.0 1.0
-0.7641639709472656 0.12752799689769745 -0.6322889924049377 8.001297950744629 0.6409119963645935 0.2605940103530884 -0.7220270037651062 3.138335943222046 0.07269199937582016 -0.9569889903068542 -0.2808699905872345 1.757194995880127 0.0 0.0 0.0 1.0
-0.7610729932785034 0.13087700307369232 -0.6353260278701782 8.008089065551758 0.6453459858894348 0.25173699855804443 -0.721219003200531 3.131969928741455 0.0655440017580986 -0.9589049816131592 -0.27605101466178894 1.755499005317688 0.0 0.0 0.0 1.0
-0.754938006401062 0.13430200517177582 -0.6418960094451904 8.025508880615234 0.6531010270118713 0.24260200560092926 -0.7173579931259155 3.113147020339966 0.059383001178503036 -0.9607849717140198 -0.27086299657821655 1.7499959468841553 0.0 0.0 0.0 1.0
-0.7533389925956726 0.13737699389457703 -0.6431229710578918 8.038152694702148 0.6553969979286194 0.23740200698375702 -0.7170050144195557 3.1119449138641357 0.05417900159955025 -0.9616490006446838 -0.2688800096511841 1.7419120073318481 0.0 0.0 0.0 1.0
-0.7489050030708313 0.14273099601268768 -0.6471229791641235 8.055046081542969 0.6606370210647583 0.23737099766731262 -0.7121899724006653 3.094580888748169 0.05195700004696846 -0.9608759880065918 -0.2720620036125183 1.7359919548034668 0.0 0.0 0.0 1.0
-0.746146023273468 0.14268000423908234 -0.6503139734268188 8.069055557250977 0.6637629866600037 0.23544099926948547 -0.7099199891090393 3.0851550102233887 0.05181900039315224 -0.9613580107688904 -0.2703790068626404 1.7222579717636108 0.0 0.0 0.0 1.0
-0.7422829866409302 0.1449660062789917 -0.6542180180549622 8.078990936279297 0.6679829955101013 0.2373809963464737 -0.7053009867668152 3.0688259601593018 0.053054001182317734 -0.9605389833450317 -0.2730390131473541 1.7251930236816406 0.0 0.0 0.0 1.0
-0.7396550178527832 0.148716002702713 -0.6563490033149719 8.087645530700684 0.6710230112075806 0.23741300404071808 -0.7023980021476746 3.056709051132202 0.051368001848459244 -0.959958016872406 -0.2753959894180298 1.7283999919891357 0.0 0.0 0.0 1.0
-0.7347880005836487 0.14945900440216064 -0.6616259813308716 8.106703758239746 0.676488995552063 0.2326509952545166 -0.6987389922142029 3.041416883468628 0.04949500039219856 -0.9610080122947693 -0.2720560133457184 1.7142709493637085 0.0 0.0 0.0 1.0
-0.7309319972991943 0.15414999425411224 -0.6648129820823669 8.123284339904785 0.6806489825248718 0.23539599776268005 -0.6937620043754578 3.0266149044036865 0.04955200105905533 -0.9595969915390015 -0.2769800126552582 1.709280014038086 0.0 0.0 0.0 1.0
-0.7283719778060913 0.16082100570201874 -0.6660400032997131 8.12833023071289 0.6833230257034302 0.24203500151634216 -0.6888309717178345 3.0080320835113525 0.050425998866558075 -0.9568470120429993 -0.28618401288986206 1.7186750173568726 0.0 0.0 0.0 1.0
-0.7268800139427185 0.1633400022983551 -0.6670569777488708 8.135560989379883 0.6848769783973694 0.2443619966506958 -0.6864619851112366 2.996601104736328 0.05087700113654137 -0.9558280110359192 -0.2894900143146515 1.7219289541244507 0.0 0.0 0.0 1.0
-0.7236940264701843 0.16410499811172485 -0.670324981212616 8.145751953125 0.6881660223007202 0.24465900659561157 -0.6830589771270752 2.979537010192871 0.05190800130367279 -0.9556210041046143 -0.28999000787734985 1.7165520191192627 0.0 0.0 0.0 1.0
-0.7204430103302002 0.16686800122261047 -0.6731389760971069 8.15542221069336 0.6915619969367981 0.2456279993057251 -0.6792709827423096 2.9656729698181152 0.051993999630212784 -0.9548940062522888 -0.29236000776290894 1.7209659814834595 0.0 0.0 0.0 1.0
-0.7197830080986023 0.16937099397182465 -0.6732209920883179 8.159061431884766 0.6924179792404175 0.24459299445152283 -0.67877197265625 2.9569759368896484 0.04970100149512291 -0.9547190070152283 -0.29332900047302246 1.7274420261383057 0.0 0.0 0.0 1.0
-0.7179189920425415 0.16951900720596313 -0.6751710176467896 8.16663932800293 0.6946470141410828 0.2376520037651062 -0.6789600253105164 2.9463109970092773 0.04535900056362152 -0.9564440250396729 -0.2883700132369995 1.7234909534454346 0.0 0.0 0.0 1.0
-0.7169970273971558 0.17064400017261505 -0.6758660078048706 8.173409461975098 0.6959319710731506 0.23075799643993378 -0.6800220012664795 2.9387919902801514 0.03991900011897087 -0.9579309821128845 -0.2842090129852295 1.7172460556030273 0.0 0.0 0.0 1.0
-0.7167320251464844 0.1706009954214096 -0.6761580109596252 8.180618286132812 0.6962440013885498 0.22962400317192078 -0.6800860166549683 2.9268651008605957 0.03923900052905083 -0.9582110047340393 -0.28335899114608765 1.7123509645462036 0.0 0.0 0.0 1.0
-0.7190600037574768 0.17123399674892426 -0.6735219955444336 8.178235054016113 0.6938369870185852 0.23169299960136414 -0.681842029094696 2.9169650077819824 0.03929600119590759 -0.9575999975204468 -0.28540900349617004 1.7214570045471191 0.0 0.0 0.0 1.0
-0.7193549871444702 0.15926599502563477 -0.6761379837989807 8.186405181884766 0.6932389736175537 0.22643199563026428 -0.6842129826545715 2.9086320400238037 0.04412800073623657 -0.9609180092811584 -0.27329498529434204 1.7058969736099243 0.0 0.0 0.0 1.0
-0.716651976108551 0.15025199949741364 -0.6810539960861206 8.19931411743164 0.6956210136413574 0.2243030071258545 -0.6824949979782104 2.895275115966797 0.05021600052714348 -0.962867021560669 -0.26526498794555664 1.686257004737854 0.0 0.0 0.0 1.0
-0.7164360284805298 0.1518390029668808 -0.6809290051460266 8.200363159179688 0.6955869793891907 0.2305230051279068 -0.6804540157318115 2.8811490535736084 0.05364999920129776 -0.9611470103263855 -0.2707720100879669 1.6940909624099731 0.0 0.0 0.0 1.0
-0.7183989882469177 0.14858099818229675 -0.6795780062675476 8.19943618774414 0.69343501329422 0.23052500188350677 -0.6826459765434265 2.875814914703369 0.0552310012280941 -0.9616559743881226 -0.26864001154899597 1.6861939430236816 0.0 0.0 0.0 1.0
-0.720229983329773 0.1497730016708374 -0.6773750185966492 8.196949005126953 0.6915479898452759 0.2324730008840561 -0.6838989853858948 2.863239049911499 0.055041998624801636 -0.961001992225647 -0.27101001143455505 1.6860450506210327 0.0 0.0 0.0 1.0
-0.7234029769897461 0.15293000638484955 -0.6732760071754456 8.19258975982666 0.688651978969574 0.22968700528144836 -0.6877509951591492 2.851317882537842 0.04946500062942505 -0.9611740112304688 -0.2714720070362091 1.694722056388855 0.0 0.0 0.0 1.0
-0.7311030030250549 0.14255400002002716 -0.6672080159187317 8.200155258178711 0.6814119815826416 0.20150600373744965 -0.7036139965057373 2.8334760665893555 0.034143999218940735 -0.9690579771995544 -0.24446000158786774 1.6704440116882324 0.0 0.0 0.0 1.0
-0.7370160222053528 0.14339199662208557 -0.660489022731781 8.200553894042969 0.67535799741745 0.19443699717521667 -0.7113969922065735 2.830634117126465 0.02641499973833561 -0.9703779816627502 -0.24014399945735931 1.66246497631073 0.0 0.0 0.0 1.0
-0.741454005241394 0.14672699570655823 -0.6547650098800659 8.197654724121094 0.6707040071487427 0.19122199714183807 -0.716651976108551 2.819808006286621 0.020052999258041382 -0.9705179929733276 -0.2401919960975647 1.6579309701919556 0.0 0.0 0.0 1.0
-0.7477279901504517 0.14532800018787384 -0.6479060053825378 8.193887710571289 0.6638450026512146 0.18503999710083008 -0.7246170043945312 2.815606117248535 0.014581999741494656 -0.9719259738922119 -0.23483499884605408 1.6586029529571533 0.0 0.0 0.0 1.0
-0.7524539828300476 0.13911400735378265 -0.6437849998474121 8.192831993103027 0.6585419774055481 0.1761229932308197 -0.7316439747810364 2.812436103820801 0.01160299964249134 -0.9744889736175537 -0.22413699328899384 1.6413049697875977 0.0 0.0 0.0 1.0
-0.7547270059585571 0.1285569965839386 -0.6433200240135193 8.195856094360352 0.6558210253715515 0.17312200367450714 -0.734798014163971 2.809436082839966 0.016909999772906303 -0.9764739871025085 -0.21496999263763428 1.5954760313034058 0.0 0.0 0.0 1.0
-0.7556869983673096 0.1394760012626648 -0.639909029006958 8.186508178710938 0.6547160148620605 0.18605799973011017 -0.7326189875602722 2.7971909046173096 0.016877999529242516 -0.9725890159606934 -0.23191900551319122 1.6121100187301636 0.0 0.0 0.0 1.0
-0.7554020285606384 0.13648299872875214 -0.6408900022506714 8.181886672973633 0.6548709869384766 0.19102700054645538 -0.7311999797821045 2.7862019538879395 0.022631000727415085 -0.9720500111579895 -0.23368099331855774 1.6094889640808105 0.0 0.0 0.0 1.0
-0.751550018787384 0.1290760040283203 -0.6469249725341797 8.179991722106934 0.6590200066566467 0.19063900411128998 -0.7275639772415161 2.772550106048584 0.02941799908876419 -0.9731370210647583 -0.22833900153636932 1.6003739833831787 0.0 0.0 0.0 1.0
-0.7462109923362732 0.1163259968161583 -0.6554669737815857 8.17756462097168 0.6646360158920288 0.18606199324131012 -0.7236300110816956 2.7644479274749756 0.0377810001373291 -0.9756280183792114 -0.216156005859375 1.5843360424041748 0.0 0.0 0.0 1.0
-0.7380689978599548 0.10279899835586548 -0.6668480038642883 8.178210258483887 0.6731560230255127 0.1795630007982254 -0.717369019985199 2.7582380771636963 0.045997001230716705 -0.9783610105514526 -0.20172899961471558 1.5722049474716187 0.0 0.0 0.0 1.0
-0.7286810278892517 0.0892300009727478 -0.6790159940719604 8.174516677856445 0.6827229857444763 0.17278699576854706 -0.7099530100822449 2.7513699531555176 0.05397599935531616 -0.980908989906311 -0.18682600557804108 1.558974027633667 0.0 0.0 0.0 1.0
-0.7199079990386963 0.07799399644136429 -0.6896730065345764 8.172719955444336 0.6915779709815979 0.16472400724887848 -0.7032679915428162 2.748137950897217 0.058754999190568924 -0.9832509756088257 -0.17252500355243683 1.5530849695205688 0.0 0.0 0.0 1.0
-0.7138010263442993 0.06885900348424911 -0.6969550251960754 8.170454025268555 0.6978780031204224 0.15345600247383118 -0.6995840072631836 2.744940996170044 0.0587799996137619 -0.9857529997825623 -0.1575929969549179 1.5450650453567505 0.0 0.0 0.0 1.0
-0.7101799845695496 0.05918499827384949 -0.701528012752533 8.169022560119629 0.7016850113868713 0.14059899747371674 -0.698477029800415 2.740032911300659 0.057294998317956924 -0.9882959723472595 -0.14137999713420868 1.535174012184143 0.0 0.0 0.0 1.0
-0.7096459865570068 0.03412900120019913 -0.7037310004234314 8.175253868103027 0.7020530104637146 0.11841200292110443 -0.7022110223770142 2.7489280700683594 0.05936399847269058 -0.9923779964447021 -0.10799100250005722 1.4863749742507935 0.0 0.0 0.0 1.0
-0.7059419751167297 0.02433300018310547 -0.707850992679596 8.176820755004883 0.705735981464386 0.1086219996213913 -0.700098991394043 2.7401020526885986 0.059852998703718185 -0.99378502368927 -0.09385299682617188 1.4741289615631104 0.0 0.0 0.0 1.0
-0.703685998916626 0.025957999750971794 -0.7100369930267334 8.178567886352539 0.7084270119667053 0.10213500261306763 -0.6983559727668762 2.7364799976348877 0.054391998797655106 -0.9944319725036621 -0.09025999903678894 1.4759069681167603 0.0 0.0 0.0 1.0
-0.7045590281486511 0.019902000203728676 -0.7093660235404968 8.175675392150879 0.7078610062599182 0.09054800122976303 -0.7005239725112915 2.7428200244903564 0.050289999693632126 -0.995693027973175 -0.07788500189781189 1.4571690559387207 0.0 0.0 0.0 1.0
-0.7035989761352539 0.01666799932718277 -0.7104020118713379 8.173440933227539 0.7092310190200806 0.0784439966082573 -0.7005990147590637 2.7396700382232666 0.04404899850487709 -0.9967790246009827 -0.06701400130987167 1.4482179880142212 0.0 0.0 0.0 1.0
-0.7030159831047058 0.01205500029027462 -0.7110710144042969 8.174324035644531 0.7100549936294556 0.06795799732208252 -0.700859010219574 2.7397611141204834 0.03987399861216545 -0.9976149797439575 -0.056334998458623886 1.4355820417404175 0.0 0.0 0.0 1.0
-0.7032349705696106 0.011868000030517578 -0.7108590006828308 8.170600891113281 0.7100099921226501 0.06332100182771683 -0.7013390064239502 2.738300085067749 0.036688998341560364 -0.9979230165481567 -0.052955999970436096 1.43401300907135 0.0 0.0 0.0 1.0
-0.702580988407135 0.006275000050663948 -0.711575984954834 8.171006202697754 0.7106199860572815 0.058772001415491104 -0.701117992401123 2.737071990966797 0.03742099925875664 -0.9982519745826721 -0.04575100168585777 1.4176950454711914 0.0 0.0 0.0 1.0
-0.7012310028076172 0.00394000019878149 -0.712922990322113 8.170827865600586 0.7118409872055054 0.059230998158454895 -0.6998389959335327 2.734816074371338 0.03946999832987785 -0.9982370138168335 -0.044339001178741455 1.409533977508545 0.0 0.0 0.0 1.0
-0.6977059841156006 -0.0029090000316500664 -0.7163779735565186 8.174148559570312 0.7150480151176453 0.05820100009441376 -0.6966480016708374 2.7325990200042725 0.04372100159525871 -0.9983010292053223 -0.038527000695466995 1.3907229900360107 0.0 0.0 0.0 1.0
-0.6954259872436523 -0.01650100015103817 -0.7184079885482788 8.179121971130371 0.7168930172920227 0.052880000323057175 -0.695173978805542 2.7387120723724365 0.0494609996676445 -0.9984650015830994 -0.024945000186562538 1.3599859476089478 0.0 0.0 0.0 1.0
-0.6926339864730835 -0.01812100037932396 -0.7210609912872314 8.178123474121094 0.719406008720398 0.05483400076627731 -0.6924219727516174 2.736401081085205 0.0520859993994236 -0.9983310103416443 -0.0249439999461174 1.3621330261230469 0.0 0.0 0.0 1.0
-0.6886379718780518 -0.022731000557541847 -0.7247490286827087 8.18038558959961 0.7231119871139526 0.05253800004720688 -0.688730001449585 2.733241081237793 0.05373299866914749 -0.9983599781990051 -0.019742999225854874 1.3479599952697754 0.0 0.0 0.0 1.0
-0.687084972858429 -0.02609499916434288 -0.7261080145835876 8.179219245910645 0.7244859933853149 0.05116499960422516 -0.6873890161514282 2.732250928878784 0.05508799850940704 -0.9983490109443665 -0.016248999163508415 1.3376439809799194 0.0 0.0 0.0 1.0
-0.6868450045585632 -0.02884400077164173 -0.7262309789657593 8.177963256835938 0.7247099876403809 0.048611998558044434 -0.6873369812965393 2.7336769104003906 0.055128999054431915 -0.9984009861946106 -0.01248599961400032 1.326138973236084 0.0 0.0 0.0 1.0
-0.6878740191459656 -0.03146300092339516 -0.7251480221748352 8.17790412902832 0.7234860062599182 0.05051000043749809 -0.6884890198707581 2.7340691089630127 0.05829000100493431 -0.9982280135154724 -0.011982000432908535 1.3141549825668335 0.0 0.0 0.0 1.0
-0.6900550127029419 -0.03285599872469902 -0.7230100035667419 8.174633979797363 0.7210760116577148 0.054694999009370804 -0.6906939744949341 2.733016014099121 0.06223899871110916 -0.9979619979858398 -0.014050999656319618 1.297806978225708 0.0 0.0 0.0 1.0
-0.6904029846191406 -0.02864599972963333 -0.7228580117225647 8.17593002319336 0.7202659845352173 0.0660649985074997 -0.6905450224876404 2.7271840572357178 0.06753700226545334 -0.9974039793014526 -0.0249790009111166 1.2978999614715576 0.0 0.0 0.0 1.0
-0.6918209791183472 -0.030977999791502953 -0.7214040160179138 8.176072120666504 0.7182180285453796 0.07352700084447861 -0.6919230222702026 2.731710910797119 0.07447700202465057 -0.9968119859695435 -0.02861900068819523 1.2856780290603638 0.0 0.0 0.0 1.0
-0.6911900043487549 -0.027468999847769737 -0.722150981426239 8.173576354980469 0.7185670137405396 0.08024100214242935 -0.6908130049705505 2.730225086212158 0.07692199945449829 -0.9963970184326172 -0.03572399914264679 1.2859760522842407 0.0 0.0 0.0 1.0
-0.6867650151252747 -0.03506999835371971 -0.7260329723358154 8.1783447265625 0.7221909761428833 0.08034300059080124 -0.6870110034942627 2.7287790775299072 0.08242499828338623 -0.996150016784668 -0.029850000515580177 1.2595139741897583 0.0 0.0 0.0 1.0
-0.6867409944534302 -0.037863001227378845 -0.7259150147438049 8.172103881835938 0.7220100164413452 0.0801289975643158 -0.6872270107269287 2.7358551025390625 0.08418799936771393 -0.9960650205612183 -0.02769099920988083 1.2475630044937134 0.0 0.0 0.0 1.0
-0.6854029893875122 -0.03581099957227707 -0.7272830009460449 8.167739868164062 0.7231919765472412 0.0830489993095398 -0.6856359839439392 2.735152006149292 0.08495300263166428 -0.9959020018577576 -0.031022999435663223 1.251479983329773 0.0 0.0 0.0 1.0
-0.6844450235366821 -0.03712800145149231 -0.7281180024147034 8.165818214416504 0.7239660024642944 0.08329600095748901 -0.6847890019416809 2.7355189323425293 0.08607500046491623 -0.9958329796791077 -0.030131999403238297 1.2443710565567017 0.0 0.0 0.0 1.0
-0.6815999746322632 -0.035739000886678696 -0.7308509945869446 8.165173530578613 0.7264559864997864 0.08658900111913681 -0.6817359924316406 2.7325398921966553 0.08764799684286118 -0.9956030249595642 -0.03305700048804283 1.2421679496765137 0.0 0.0 0.0 1.0
-0.6795240044593811 -0.03365200012922287 -0.7328810095787048 8.156654357910156 0.7282500267028809 0.09007900208234787 -0.6793659925460815 2.734438896179199 0.08888000249862671 -0.9953659772872925 -0.03670400008559227 1.2378679513931274 0.0 0.0 0.0 1.0
-0.6750779747962952 -0.029839999973773956 -0.7371429800987244 8.153141021728516 0.7323989868164062 0.09297899901866913 -0.6744970083236694 2.73471999168396 0.08866599947214127 -0.9952210187911987 -0.04091300070285797 1.2368299961090088 0.0 0.0 0.0 1.0
-0.6711170077323914 -0.025815999135375023 -0.740900993347168 8.144521713256836 0.736299991607666 0.09324800223112106 -0.6701989769935608 2.7380659580230713 0.08639000356197357 -0.995307981967926 -0.04357200115919113 1.2405869960784912 0.0 0.0 0.0 1.0
-0.6648780107498169 -0.022732999175786972 -0.7466049790382385 8.138598442077637 0.7424179911613464 0.08984600007534027 -0.6638849973678589 2.7389440536499023 0.08217199891805649 -0.9956960082054138 -0.0428600013256073 1.2393959760665894 0.0 0.0 0.0 1.0
-0.6605960130691528 -0.02082899957895279 -0.7504519820213318 8.132333755493164 0.7466300129890442 0.08624699711799622 -0.6596249938011169 2.7449469566345215 0.07846300303936005 -0.9960560202598572 -0.041423000395298004 1.2405970096588135 0.0 0.0 0.0 1.0
-0.6561319828033447 -0.013447999954223633 -0.7545260190963745 8.124488830566406 0.7511870265007019 0.08397100120782852 -0.6547260284423828 2.7448060512542725 0.07216300070285797 -0.9963769912719727 -0.04499400034546852 1.2496190071105957 0.0 0.0 0.0 1.0
-0.6485130190849304 -0.010680999606847763 -0.7611280083656311 8.122247695922852 0.758135974407196 0.08061199635267258 -0.6470950245857239 2.747965097427368 0.06826800107955933 -0.9966880083084106 -0.04418100044131279 1.246472954750061 0.0 0.0 0.0 1.0
-0.6385200023651123 -0.0061980001628398895 -0.7695800065994263 8.118998527526855 0.7667880058288574 0.08034700155258179 -0.6368520259857178 2.745532989501953 0.06577999889850616 -0.9967479705810547 -0.04655100032687187 1.2515820264816284 0.0 0.0 0.0 1.0
-0.6312379837036133 -0.0039610001258552074 -0.7755789756774902 8.106546401977539 0.7731590270996094 0.07588200271129608 -0.6296560168266296 2.753635883331299 0.06134700030088425 -0.9971089959144592 -0.04483800008893013 1.248795986175537 0.0 0.0 0.0 1.0
-0.6208530068397522 0.0018189999973401427 -0.7839249968528748 8.097206115722656 0.781889021396637 0.0734969973564148 -0.6190699934959412 2.7528278827667236 0.05649000033736229 -0.997294008731842 -0.04705300182104111 1.2559250593185425 0.0 0.0 0.0 1.0
-0.6122159957885742 0.00774300005286932 -0.7906529903411865 8.08659553527832 0.7889990210533142 0.0713689997792244 -0.6102359890937805 2.756932020187378 0.05170299857854843 -0.9974200129508972 -0.0498029999434948 1.2622779607772827 0.0 0.0 0.0 1.0
-0.6032570004463196 0.010720999911427498 -0.7974749803543091 8.082281112670898 0.7960730195045471 0.06884700059890747 -0.6012709736824036 2.7606170177459717 0.04845700040459633 -0.9975699782371521 -0.0500670000910759 1.2638399600982666 0.0 0.0 0.0 1.0
-0.5955979824066162 0.01882999949157238 -0.8030620217323303 8.071788787841797 0.8021140098571777 0.06785900145769119 -0.5933030247688293 2.764446973800659 0.04332299903035164 -0.9975169897079468 -0.05552100017666817 1.2720860242843628 0.0 0.0 0.0 1.0
-0.5913010239601135 0.027168000116944313 -0.8059930205345154 8.061777114868164 0.8056169748306274 0.06535200029611588 -0.5888220071792603 2.7737538814544678 0.03667699918150902 -0.9974920153617859 -0.06052999943494797 1.2826859951019287 0.0 0.0 0.0 1.0
-0.5860779881477356 0.034324001520872116 -0.8095269799232483 8.05435562133789 0.809723973274231 0.06096800044178963 -0.5836349725723267 2.7794270515441895 0.029323000460863113 -0.9975489974021912 -0.0635249987244606 1.2892199754714966 0.0 0.0 0.0 1.0
-0.580839991569519 0.05354899913072586 -0.8122550249099731 8.046175956726074 0.8138269782066345 0.05983800068497658 -0.5780190229415894 2.7818551063537598 0.01765199936926365 -0.996770977973938 -0.07833600044250488 1.3178629875183105 0.0 0.0 0.0 1.0
-0.5784199833869934 0.06224299967288971 -0.8133609890937805 8.032062530517578 0.815684974193573 0.0555960014462471 -0.5758190155029297 2.7949600219726562 0.009379000402987003 -0.9965109825134277 -0.08292900025844574 1.3260560035705566 0.0 0.0 0.0 1.0
-0.5734099745750427 0.06922599673271179 -0.8163390159606934 8.02601432800293 0.8192600011825562 0.053084999322891235 -0.5709599852561951 2.805088996887207 0.003809999907389283 -0.9961879849433899 -0.08715400099754333 1.3326189517974854 0.0 0.0 0.0 1.0
-0.5669289827346802 0.07771000266075134 -0.8200929760932922 8.01272201538086 0.8237659931182861 0.05454999953508377 -0.5642989873886108 2.811012029647827 0.0008839999791234732 -0.9954820275306702 -0.09494099766016006 1.3437639474868774 0.0 0.0 0.0 1.0
-0.5573359727859497 0.0866049975156784 -0.8257579803466797 8.006758689880371 0.8302860260009766 0.056770000606775284 -0.5544390082359314 2.80918288230896 -0.0011390000581741333 -0.9946240186691284 -0.10354699939489365 1.3597129583358765 0.0 0.0 0.0 1.0
-0.5498290061950684 0.0956529974937439 -0.8297820091247559 7.99591588973999 0.8352519869804382 0.05514499917626381 -0.5470960140228271 2.8155629634857178 -0.006572999991476536 -0.9938859939575195 -0.11021500080823898 1.3725119829177856 0.0 0.0 0.0 1.0
-0.5437179803848267 0.10220000147819519 -0.8330219984054565 7.990886211395264 0.8391609787940979 0.05036799982190132 -0.5415459871292114 2.8202600479125977 -0.013388000428676605 -0.9934880137443542 -0.11314799636602402 1.380547046661377 0.0 0.0 0.0 1.0
-0.5384150147438049 0.1084590032696724 -0.835669994354248 7.98872709274292 0.842464029788971 0.046863000839948654 -0.5367100238800049 2.8188960552215576 -0.01904899999499321 -0.9929959774017334 -0.1166049987077713 1.3918249607086182 0.0 0.0 0.0 1.0
-0.5356619954109192 0.1169160008430481 -0.8362990021705627 7.985344886779785 0.8440660238265991 0.04496699944138527 -0.5343509912490845 2.819873094558716 -0.02486800029873848 -0.992123007774353 -0.12277200073003769 1.410802960395813 0.0 0.0 0.0 1.0
-0.5332019925117493 0.1213349997997284 -0.8372420072555542 7.982387065887451 0.8454520106315613 0.04119399935007095 -0.5324609875679016 2.822726011276245 -0.03011699952185154 -0.9917569756507874 -0.12454699724912643 1.4204339981079102 0.0 0.0 0.0 1.0
-0.531361997127533 0.13468000292778015 -0.8363710045814514 7.973505973815918 0.8465219736099243 0.04654499888420105 -0.5303159952163696 2.821868896484375 -0.03249400109052658 -0.9897950291633606 -0.13874199986457825 1.4533940553665161 0.0 0.0 0.0 1.0
-0.531020998954773 0.13988299667835236 -0.8357329964637756 7.965703010559082 0.8464279770851135 0.041345998644828796 -0.530896008014679 2.830812931060791 -0.039709001779556274 -0.9893050193786621 -0.14035600423812866 1.4658000469207764 0.0 0.0 0.0 1.0
-0.5292750000953674 0.14576900005340576 -0.8358349800109863 7.959239959716797 0.8473460078239441 0.04055900126695633 -0.5294899940490723 2.830280065536499 -0.04328300058841705 -0.9884870052337646 -0.14498400688171387 1.4845999479293823 0.0 0.0 0.0 1.0
-0.5286660194396973 0.15146900713443756 -0.8352059721946716 7.952041149139404 0.8472939729690552 0.035009998828172684 -0.5299689769744873 2.8376998901367188 -0.05103300139307976 -0.9878420233726501 -0.14684699475765228 1.4968899488449097 0.0 0.0 0.0 1.0
-0.5238040089607239 0.16012699902057648 -0.8366529941558838 7.948091983795166 0.8500379920005798 0.03441699966788292 -0.525596022605896 2.8331921100616455 -0.05536700040102005 -0.9864959716796875 -0.15414200723171234 1.520477056503296 0.0 0.0 0.0 1.0
-0.5231099724769592 0.16599799692630768 -0.8359429836273193 7.937421798706055 0.8502780199050903 0.034706000238657 -0.5251889824867249 2.8388140201568604 -0.05816800147294998 -0.9855149984359741 -0.15929900109767914 1.538053035736084 0.0 0.0 0.0 1.0
-0.5214470028877258 0.17158499360084534 -0.8358539938926697 7.931313991546631 0.8510580062866211 0.0338670015335083 -0.5239790081977844 2.8458609580993652 -0.061599001288414 -0.9845870137214661 -0.16368800401687622 1.5516350269317627 0.0 0.0 0.0 1.0
-0.5142070055007935 0.17879299819469452 -0.8388230204582214 7.935541152954102 0.8554940223693848 0.03737200051546097 -0.5164620280265808 2.8403029441833496 -0.06099100038409233 -0.9831770062446594 -0.17217299342155457 1.5655460357666016 0.0 0.0 0.0 1.0
-0.5120689868927002 0.1888590008020401 -0.8379250168800354 7.922843933105469 0.8568810224533081 0.04474300146102905 -0.5135689973831177 2.843756914138794 -0.05950099974870682 -0.9809839725494385 -0.1847420036792755 1.5768719911575317 0.0 0.0 0.0 1.0
-0.5096169710159302 0.2014559954404831 -0.8364840149879456 7.917710781097412 0.8585940003395081 0.05609099939465523 -0.5095790028572083 2.8501780033111572 -0.055737998336553574 -0.9778900146484375 -0.20155400037765503 1.590103030204773 0.0 0.0 0.0 1.0
-0.5020059943199158 0.22066499292850494 -0.8362399935722351 7.914328098297119 0.8635290265083313 0.0741799995303154 -0.4988139867782593 2.834904909133911 -0.04803900048136711 -0.9725250005722046 -0.2277889996767044 1.6192079782485962 0.0 0.0 0.0 1.0
-0.5005149841308594 0.23005099594593048 -0.8346019983291626 7.906336784362793 0.864654004573822 0.08484199643135071 -0.49515199661254883 2.8432459831237793 -0.043101001530885696 -0.9694730043411255 -0.2413789927959442 1.6147370338439941 0.0 0.0 0.0 1.0
-0.4957509934902191 0.24683600664138794 -0.832647979259491 7.899159908294678 0.8675749897956848 0.09736499935388565 -0.4876820147037506 2.846273899078369 -0.03930699825286865 -0.964152991771698 -0.2624180018901825 1.6303659677505493 0.0 0.0 0.0 1.0
-0.4870299994945526 0.25615501403808594 -0.8349769711494446 7.896468162536621 0.8727790117263794 0.10712199658155441 -0.47621598839759827 2.8384909629821777 -0.032540999352931976 -0.9606819748878479 -0.275738000869751 1.6408549547195435 0.0 0.0 0.0 1.0
-0.4824469983577728 0.2636600136756897 -0.8353009819984436 7.888089179992676 0.8753880262374878 0.11174099892377853 -0.4703289866447449 2.8457698822021484 -0.03067000024020672 -0.9581220149993896 -0.284714013338089 1.650130033493042 0.0 0.0 0.0 1.0
-0.4740760028362274 0.2756670117378235 -0.8362169861793518 7.879012107849121 0.8798649907112122 0.11272499710321426 -0.4616610109806061 2.8476309776306152 -0.03300200030207634 -0.9546210169792175 -0.295989990234375 1.665310025215149 0.0 0.0 0.0 1.0
-0.4656279981136322 0.2854579985141754 -0.8376780152320862 7.867875099182129 0.8841000199317932 0.10783900320529938 -0.45468398928642273 2.849668025970459 -0.039459001272916794 -0.952305018901825 -0.30258598923683167 1.6829860210418701 0.0 0.0 0.0 1.0
-0.45713600516319275 0.2885439991950989 -0.8412899971008301 7.860195159912109 0.8881880044937134 0.09879299998283386 -0.44873499870300293 2.853724956512451 -0.046365998685359955 -0.9523559808731079 -0.3014430105686188 1.6935089826583862 0.0 0.0 0.0 1.0
-0.44574499130249023 0.2918030023574829 -0.8462640047073364 7.854139804840088 0.8937280178070068 0.0916220024228096 -0.4391529858112335 2.8525290489196777 -0.05060900002717972 -0.9520800113677979 -0.30163300037384033 1.705693006515503 0.0 0.0 0.0 1.0
-0.4354090094566345 0.2962940037250519 -0.8500760197639465 7.841620922088623 0.8982669711112976 0.08061499893665314 -0.4319930076599121 2.8609979152679443 -0.05946800112724304 -0.9516890048980713 -0.30125099420547485 1.7163219451904297 0.0 0.0 0.0 1.0
-0.418038010597229 0.30559098720550537 -0.8554869890213013 7.841815948486328 0.9062290191650391 0.07477299869060516 -0.41612300276756287 2.8446099758148193 -0.06319600343704224 -0.9492220282554626 -0.30819299817085266 1.742799997329712 0.0 0.0 0.0 1.0
-0.40264400839805603 0.3050859868526459 -0.8630179762840271 7.840305805206299 0.9126799702644348 0.06175899878144264 -0.403982013463974 2.8544580936431885 -0.06994999945163727 -0.9503200054168701 -0.3033129870891571 1.73580801486969 0.0 0.0 0.0 1.0
-0.3863460123538971 0.31261199712753296 -0.86776202917099 7.830431938171387 0.9193950295448303 0.05521399900317192 -0.3894430100917816 2.857745885848999 -0.07383199781179428 -0.9482750296592712 -0.30874499678611755 1.7481149435043335 0.0 0.0 0.0 1.0
-0.3681269884109497 0.3155530095100403 -0.8745899796485901 7.818152904510498 0.9265109896659851 0.04574799910187721 -0.3734759986400604 2.858215093612671 -0.07784099876880646 -0.9478049874305725 -0.30920401215553284 1.7559709548950195 0.0 0.0 0.0 1.0
-0.3538770079612732 0.3181929886341095 -0.87950199842453 7.808988094329834 0.931643009185791 0.03693300113081932 -0.3614949882030487 2.866029977798462 -0.08254200220108032 -0.9473059773445129 -0.3095119893550873 1.760820984840393 0.0 0.0 0.0 1.0
-0.3345690071582794 0.32146701216697693 -0.8858450055122375 7.798096179962158 0.9386510252952576 0.03023499995470047 -0.3435409963130951 2.8604230880737305 -0.08365300297737122 -0.9464380145072937 -0.3118610084056854 1.7780389785766602 0.0 0.0 0.0 1.0
-0.317548006772995 0.31740298867225647 -0.8935419917106628 7.790524005889893 0.9444190263748169 0.02132900059223175 -0.32805201411247253 2.868211030960083 -0.08506699651479721 -0.9480509757995605 -0.3065339922904968 1.783463954925537 0.0 0.0 0.0 1.0
-0.2968040108680725 0.3103969991207123 -0.9030839800834656 7.784151077270508 0.9511299729347229 0.011713000014424324 -0.3085690140724182 2.8695859909057617 -0.08520100265741348 -0.950534999370575 -0.29870399832725525 1.7820310592651367 0.0 0.0 0.0 1.0
-0.27306801080703735 0.30682501196861267 -0.9117519855499268 7.776363849639893 0.9584090113639832 0.0050119999796152115 -0.28535500168800354 2.8673059940338135 -0.08298499882221222 -0.9517530202865601 -0.2954320013523102 1.788970947265625 0.0 0.0 0.0 1.0
-0.24942700564861298 0.30039700865745544 -0.9206230044364929 7.775469779968262 0.965021014213562 -0.0021720000077039003 -0.26216500997543335 2.866307020187378 -0.08075299859046936 -0.9538120031356812 -0.2893480062484741 1.7808489799499512 0.0 0.0 0.0 1.0
-0.22285400331020355 0.3045850098133087 -0.9260479807853699 7.765704154968262 0.9716209769248962 -0.007876000367105007 -0.23641200363636017 2.8551840782165527 -0.07930099964141846 -0.9524530172348022 -0.29418501257896423 1.7849680185317993 0.0 0.0 0.0 1.0
-0.20119300484657288 0.3092130124568939 -0.9294670224189758 7.753490924835205 0.9767799973487854 -0.007999000139534473 -0.21409599483013153 2.8592379093170166 -0.0736360028386116 -0.9509590268135071 -0.3004240095615387 1.7903259992599487 0.0 0.0 0.0 1.0
-0.177374005317688 0.31196001172065735 -0.9333909749984741 7.745174884796143 0.9817420244216919 -0.01013300009071827 -0.18994900584220886 2.8576760292053223 -0.06871400028467178 -0.9500409960746765 -0.30446699261665344 1.790837049484253 0.0 0.0 0.0 1.0
-0.15199999511241913 0.3155420124530792 -0.9366580247879028 7.734264850616455 0.9861670136451721 -0.014971000142395496 -0.16507799923419952 2.8550519943237305 -0.06611199676990509 -0.9487929940223694 -0.30890199542045593 1.7901320457458496 0.0 0.0 0.0 1.0
-0.12696200609207153 0.31988799571990967 -0.9389100074768066 7.729287147521973 0.9899219870567322 -0.019000999629497528 -0.14033399522304535 2.8490149974823 -0.06273099780082703 -0.9472650289535522 -0.31425198912620544 1.7933239936828613 0.0 0.0 0.0 1.0
-0.10385599732398987 0.3222050070762634 -0.9409549832344055 7.724017143249512 0.9926959872245789 -0.024819999933242798 -0.11806599795818329 2.8479878902435303 -0.061395999044179916 -0.9463440179824829 -0.3172740042209625 1.7903289794921875 0.0 0.0 0.0 1.0
-0.08208999782800674 0.32788899540901184 -0.9411429762840271 7.718871116638184 0.9948570132255554 -0.029267000034451485 -0.09697200357913971 2.850735902786255 -0.05934099853038788 -0.9442629814147949 -0.3237999975681305 1.7849210500717163 0.0 0.0 0.0 1.0
-0.056550998240709305 0.3383139967918396 -0.9393320083618164 7.705989837646484 0.9966610074043274 -0.036375001072883606 -0.07310300320386887 2.848707914352417 -0.05889999866485596 -0.9403300285339355 -0.33512699604034424 1.7902430295944214 0.0 0.0 0.0 1.0
-0.03579099848866463 0.3432910144329071 -0.9385470151901245 7.699029922485352 0.9974640011787415 -0.04553600028157234 -0.05469299852848053 2.8545749187469482 -0.06151299923658371 -0.9381250143051147 -0.3407909870147705 1.7952619791030884 0.0 0.0 0.0 1.0
-0.013755000196397305 0.3456369936466217 -0.9382669925689697 7.69467306137085 0.9979490041732788 -0.053925998508930206 -0.034494999796152115 2.85591197013855 -0.06251999735832214 -0.9368169903755188 -0.344186007976532 1.7953859567642212 0.0 0.0 0.0 1.0
0.025231000036001205 0.3454059958457947 -0.9381139874458313 7.685791969299316 0.9980459809303284 -0.0623680017888546 0.0038789999671280384 2.813302993774414 -0.05716799944639206 -0.9363790154457092 -0.3463039994239807 1.7893860340118408 0.0 0.0 0.0 1.0
0.050144001841545105 0.3533029854297638 -0.9341639876365662 7.675288200378418 0.997223973274231 -0.06926500052213669 0.02733200043439865 2.8124029636383057 -0.055048998445272446 -0.9329410195350647 -0.3557949960231781 1.7969930171966553 0.0 0.0 0.0 1.0
0.07420100271701813 0.3538050055503845 -0.9323710203170776 7.6712870597839355 0.9957090020179749 -0.07812800258398056 0.049594998359680176 2.8133668899536133 -0.05529699847102165 -0.9320499897003174 -0.3580839931964874 1.797260046005249 0.0 0.0 0.0 1.0
0.0996050015091896 0.35405001044273376 -0.9299070239067078 7.665727138519287 0.9936050176620483 -0.08534199744462967 0.07393500208854675 2.8096609115600586 -0.05318399891257286 -0.9313240051269531 -0.36028701066970825 1.7968859672546387 0.0 0.0 0.0 1.0
0.12371700257062912 0.3572700023651123 -0.9257709980010986 7.658176898956299 0.9909240007400513 -0.09390199929475784 0.09618599712848663 2.812459945678711 -0.052567001432180405 -0.929269015789032 -0.36564400792121887 1.801895022392273 0.0 0.0 0.0 1.0
0.14810200035572052 0.3555609881877899 -0.9228450059890747 7.653623104095459 0.9876700043678284 -0.10105500370264053 0.11957000195980072 2.812235116958618 -0.05074299871921539 -0.92917400598526 -0.36614298820495605 1.797502040863037 0.0 0.0 0.0 1.0
0.1718679964542389 0.3569740056991577 -0.918166995048523 7.648198127746582 0.983896017074585 -0.10864599794149399 0.14193099737167358 2.8118081092834473 -0.04909000173211098 -0.9277740120887756 -0.3698979914188385 1.7970149517059326 0.0 0.0 0.0 1.0
0.19269199669361115 0.3602199852466583 -0.9127500057220459 7.640851020812988 0.9800519943237305 -0.11678499728441238 0.16080999374389648 2.81482195854187 -0.04866800084710121 -0.9255290031433105 -0.3755370080471039 1.8050869703292847 0.0 0.0 0.0 1.0
0.21254800260066986 0.3569740056991577 -0.9096119999885559 7.640214920043945 0.9760239720344543 -0.12225300073623657 0.18008899688720703 2.81347393989563 -0.04691600054502487 -0.9260799884796143 -0.37439900636672974 1.801077961921692 0.0 0.0 0.0 1.0
0.23148700594902039 0.3579320013523102 -0.9045990109443665 7.63372278213501 0.9718080163002014 -0.1278569996356964 0.19809499382972717 2.81748104095459 -0.0447550006210804 -0.9249529838562012 -0.3774380087852478 1.8019620180130005 0.0 0.0 0.0 1.0
0.254626989364624 0.35111498832702637 -0.9010459780693054 7.62970495223999 0.9662079811096191 -0.13100899755954742 0.22199000418186188 2.806488037109375 -0.04010099917650223 -0.9271219968795776 -0.3726089894771576 1.7926199436187744 0.0 0.0 0.0 1.0
0.27347901463508606 0.3485279977321625 -0.8965139985084534 7.62476921081543 0.9610990285873413 -0.13651199638843536 0.24010999500751495 2.8121109008789062 -0.03869900107383728 -0.9273040294647217 -0.3723030090332031 1.7957680225372314 0.0 0.0 0.0 1.0
0.29531198740005493 0.34315699338912964 -0.8916469812393188 7.618957042694092 0.9546110033988953 -0.14391599595546722 0.2607789933681488 2.811645984649658 -0.03883399814367294 -0.9281870126724243 -0.37008100748062134 1.7952300310134888 0.0 0.0 0.0 1.0
0.31522199511528015 0.3396570086479187 -0.8861539959907532 7.61249303817749 0.9481359720230103 -0.15297000110149384 0.27863800525665283 2.8149890899658203 -0.04091300070285797 -0.9280269742012024 -0.37026000022888184 1.799136996269226 0.0 0.0 0.0 1.0
0.33524999022483826 0.3339160084724426 -0.8809700012207031 7.6038641929626465 0.941195011138916 -0.16033700108528137 0.2973949909210205 2.810957908630371 -0.04194699972867966 -0.9288660287857056 -0.3680329918861389 1.8003560304641724 0.0 0.0 0.0 1.0
0.3512749969959259 0.3274179995059967 -0.8771560192108154 7.5984578132629395 0.9352220296859741 -0.16706499457359314 0.3121680021286011 2.8121349811553955 -0.044332001358270645 -0.9299929738044739 -0.3648949861526489 1.7990740537643433 0.0 0.0 0.0 1.0
0.36532801389694214 0.32318899035453796 -0.8729739785194397 7.5934529304504395 0.9298610091209412 -0.1705469936132431 0.32599499821662903 2.8137059211730957 -0.043526001274585724 -0.930840015411377 -0.36282700300216675 1.7951979637145996 0.0 0.0 0.0 1.0
0.37915098667144775 0.32449600100517273 -0.8665720224380493 7.584041118621826 0.9243460297584534 -0.1760990023612976 0.33848801255226135 2.8183069229125977 -0.042764000594615936 -0.9293500185012817 -0.3667150139808655 1.7962839603424072 0.0 0.0 0.0 1.0
0.3946720063686371 0.32461801171302795 -0.8595679998397827 7.5745368003845215 0.9179530143737793 -0.17998400330543518 0.35350799560546875 2.8179519176483154 -0.03995300084352493 -0.9285629987716675 -0.3690190017223358 1.7961959838867188 0.0 0.0 0.0 1.0
0.40722599625587463 0.32317599654197693 -0.8542389869689941 7.566557884216309 0.9125720262527466 -0.1820169985294342 0.36617299914360046 2.8200531005859375 -0.037147000432014465 -0.9286699891090393 -0.3690429925918579 1.7932850122451782 0.0 0.0 0.0 1.0
0.4167580008506775 0.32133200764656067 -0.8503280282020569 7.55839204788208 0.9084129929542542 -0.18132199347019196 0.37670600414276123 2.8224830627441406 -0.03313500061631203 -0.9294450283050537 -0.36746999621391296 1.786316990852356 0.0 0.0 0.0 1.0
0.42656299471855164 0.3228200078010559 -0.8448860049247742 7.546047210693359 0.9039109945297241 -0.18463599681854248 0.3858160078525543 2.8246309757232666 -0.03144700080156326 -0.928276002407074 -0.3705590069293976 1.7843990325927734 0.0 0.0 0.0 1.0
0.43674200773239136 0.32469800114631653 -0.8389440178871155 7.531198978424072 0.8991029858589172 -0.1881359964609146 0.3952449858188629 2.827543020248413 -0.029500000178813934 -0.9269170165061951 -0.37410399317741394 1.7860610485076904 0.0 0.0 0.0 1.0
0.4455049932003021 0.32472801208496094 -0.8343120217323303 7.517007827758789 0.8948910236358643 -0.18895000219345093 0.40431100130081177 2.8279271125793457 -0.02635199949145317 -0.9267410039901733 -0.3747740089893341 1.784132957458496 0.0 0.0 0.0 1.0
0.4541949927806854 0.3253769874572754 -0.8293589949607849 7.50180721282959 0.8905789852142334 -0.19089700281620026 0.4128279983997345 2.8270580768585205 -0.023997999727725983 -0.9261149764060974 -0.376477986574173 1.7839699983596802 0.0 0.0 0.0 1.0
0.46069198846817017 0.32708901166915894 -0.8250910043716431 7.484850883483887 0.8873100280761719 -0.19180700182914734 0.41939398646354675 2.825079917907715 -0.02107900008559227 -0.9253230094909668 -0.37859299778938293 1.784703016281128 0.0 0.0 0.0 1.0
0.4649839997291565 0.3290579915046692 -0.8218939900398254 7.4673171043396 0.8850889801979065 -0.19394700229167938 0.4230870008468628 2.8258910179138184 -0.020183999091386795 -0.9241780042648315 -0.3814280033111572 1.7874640226364136 0.0 0.0 0.0 1.0
0.46912699937820435 0.32890599966049194 -0.8195980191230774 7.447226047515869 0.8828830122947693 -0.19665400683879852 0.4264329969882965 2.822972059249878 -0.020920999348163605 -0.9236599802970886 -0.3826409876346588 1.7908430099487305 0.0 0.0 0.0 1.0
0.47035300731658936 0.32717999815940857 -0.8195859789848328 7.429741859436035 0.8821560144424438 -0.19943299889564514 0.42664700746536255 2.8189480304718018 -0.02386300079524517 -0.9236770272254944 -0.38242700695991516 1.7929840087890625 0.0 0.0 0.0 1.0
0.4674690067768097 0.3253819942474365 -0.8219479918479919 7.4150848388671875 0.8836119771003723 -0.19987399876117706 0.42341598868370056 2.8154449462890625 -0.026514999568462372 -0.9242169857025146 -0.38094601035118103 1.7908480167388916 0.0 0.0 0.0 1.0
0.45793798565864563 0.3317149877548218 -0.8247770071029663 7.400987148284912 0.8885790109634399 -0.19880099594593048 0.4134080111980438 2.8219799995422363 -0.026832999661564827 -0.9221950173377991 -0.385793000459671 1.7907899618148804 0.0 0.0 0.0 1.0
0.45427998900413513 0.33742600679397583 -0.8244839906692505 7.386135101318359 0.8904299736022949 -0.2007090002298355 0.40847399830818176 2.823122978210449 -0.02765199914574623 -0.9197059869766235 -0.39163199067115784 1.7880029678344727 0.0 0.0 0.0 1.0
0.452582985162735 0.3446449935436249 -0.8224290013313293 7.365958213806152 0.8912460207939148 -0.20496100187301636 0.4045630097389221 2.821938991546631 -0.02913600020110607 -0.9160850048065186 -0.39992499351501465 1.7955700159072876 0.0 0.0 0.0 1.0
0.45057201385498047 0.3439910113811493 -0.8238049745559692 7.345876216888428 0.8921089768409729 -0.20820100605487823 0.4009920060634613 2.817301034927368 -0.033580001443624496 -0.9156000018119812 -0.40068700909614563 1.8017940521240234 0.0 0.0 0.0 1.0
0.4454750120639801 0.33980000019073486 -0.8283039927482605 7.3297810554504395 0.8945239782333374 -0.2073030024766922 0.3960460126399994 2.8129019737243652 -0.03713399916887283 -0.9173660278320312 -0.3963080048561096 1.8037530183792114 0.0 0.0 0.0 1.0
0.43999698758125305 0.3365899920463562 -0.8325319886207581 7.3178791999816895 0.8971269726753235 -0.20562200248241425 0.3910030126571655 2.808176040649414 -0.03957900032401085 -0.918927013874054 -0.39243701100349426 1.8003180027008057 0.0 0.0 0.0 1.0
0.43588700890541077 0.3400390148162842 -0.8332920074462891 7.301354885101318 0.8991169929504395 -0.20556800067424774 0.3864330053329468 2.803467035293579 -0.03989600017666817 -0.9176679849624634 -0.3953390121459961 1.8004189729690552 0.0 0.0 0.0 1.0
0.43268200755119324 0.34505799412727356 -0.8328989744186401 7.286825180053711 0.9007059931755066 -0.20533500611782074 0.38283899426460266 2.7990620136260986 -0.03892099857330322 -0.9158449769020081 -0.3996410071849823 1.7998909950256348 0.0 0.0 0.0 1.0
0.4297730028629303 0.3523100018501282 -0.8313680291175842 7.268036842346191 0.9021170139312744 -0.20676299929618835 0.378726989030838 2.7938880920410156 -0.03846700116991997 -0.9127579927444458 -0.406686007976532 1.8024979829788208 0.0 0.0 0.0 1.0
0.4260770082473755 0.3576880097389221 -0.8309739828109741 7.250209808349609 0.9037550091743469 -0.20997799932956696 0.3730109930038452 2.791131019592285 -0.041064999997615814 -0.909928023815155 -0.4127289950847626 1.8108559846878052 0.0 0.0 0.0 1.0
0.4231970012187958 0.35902100801467896 -0.8318700194358826 7.230257987976074 0.9048169851303101 -0.2151069939136505 0.36747100949287415 2.789412021636963 -0.047012001276016235 -0.9082030057907104 -0.4158810079097748 1.8231710195541382 0.0 0.0 0.0 1.0
0.41995298862457275 0.3540160059928894 -0.8356509804725647 7.218100070953369 0.9061980247497559 -0.21373899281024933 0.3648580014705658 2.781752109527588 -0.04944600164890289 -0.9104880094528198 -0.4105690121650696 1.818534016609192 0.0 0.0 0.0 1.0
0.4194819927215576 0.3546319901943207 -0.8356260061264038 7.2029500007629395 0.9063900113105774 -0.21425700187683105 0.36407598853111267 2.7739920616149902 -0.04992600157856941 -0.9101269841194153 -0.41131100058555603 1.818349003791809 0.0 0.0 0.0 1.0
0.42041000723838806 0.3559490144252777 -0.8345990180969238 7.1856842041015625 0.9059789776802063 -0.2149379998445511 0.36469700932502747 2.7691431045532227 -0.04957300052046776 -0.9094520211219788 -0.4128440022468567 1.8218870162963867 0.0 0.0 0.0 1.0
0.4236370027065277 0.3559210002422333 -0.8329769968986511 7.170234203338623 0.9046300053596497 -0.2135940045118332 0.3688119947910309 2.760590076446533 -0.046650998294353485 -0.9097790122032166 -0.4124639928340912 1.8220330476760864 0.0 0.0 0.0 1.0
0.42688900232315063 0.3578149974346161 -0.8305019736289978 7.153711795806885 0.9032840132713318 -0.21233800053596497 0.3728159964084625 2.7526700496673584 -0.04294800013303757 -0.9093300104141235 -0.4138540029525757 1.8212449550628662 0.0 0.0 0.0 1.0
0.43087899684906006 0.35996899008750916 -0.8275060057640076 7.136157989501953 0.901515007019043 -0.21254299581050873 0.3769580125808716 2.744875907897949 -0.04018700122833252 -0.9084320068359375 -0.4160979986190796 1.82328200340271 0.0 0.0 0.0 1.0
0.43483400344848633 0.36137300729751587 -0.8248199820518494 7.117396831512451 0.8997420072555542 -0.21217800676822662 0.38137200474739075 2.7383580207824707 -0.0371909998357296 -0.907958984375 -0.41740500926971436 1.8274149894714355 0.0 0.0 0.0 1.0
0.44040200114250183 0.3596329987049103 -0.8226240277290344 7.101430892944336 0.897130012512207 -0.21168500185012817 0.38774600625038147 2.7284278869628906 -0.03469099849462509 -0.9087650179862976 -0.4158639907836914 1.8263959884643555 0.0 0.0 0.0 1.0
0.4458020031452179 0.3599089980125427 -0.8195890188217163 7.0828142166137695 0.8945209980010986 -0.21293799579143524 0.39305201172828674 2.7182159423828125 -0.033059000968933105 -0.9083629846572876 -0.4168750047683716 1.8285959959030151 0.0 0.0 0.0 1.0
0.4478900134563446 0.3624759912490845 -0.8173159956932068 7.061461925506592 0.8935179710388184 -0.21412600576877594 0.3946850001811981 2.709670066833496 -0.03194500133395195 -0.9070619940757751 -0.4197840094566345 1.8353300094604492 0.0 0.0 0.0 1.0
0.45147499442100525 0.3635930120944977 -0.814844012260437 7.044795989990234 0.8917289972305298 -0.21605800092220306 0.3976669907569885 2.6973209381103516 -0.03146500140428543 -0.9061560034751892 -0.42177098989486694 1.8357199430465698 0.0 0.0 0.0 1.0
0.45594701170921326 0.36580899357795715 -0.8113549947738647 7.0259928703308105 0.8894240260124207 -0.22027400135993958 0.40050598978996277 2.6833319664001465 -0.03221200034022331 -0.9042479991912842 -0.42579200863838196 1.8386369943618774 0.0 0.0 0.0 1.0
0.45974400639533997 0.36757299304008484 -0.8084089756011963 7.005918979644775 0.8873379826545715 -0.22662800550460815 0.40158599615097046 2.6721301078796387 -0.03559599816799164 -0.9019590020179749 -0.43035200238227844 1.8449809551239014 0.0 0.0 0.0 1.0
0.4626080095767975 0.36660701036453247 -0.8072130084037781 6.98864221572876 0.8857839703559875 -0.2292879968881607 0.4035019874572754 2.6578209400177 -0.03715800121426582 -0.9016799926757812 -0.4308049976825714 1.8467470407485962 0.0 0.0 0.0 1.0
0.4675320088863373 0.3667779862880707 -0.8042929768562317 6.972776889801025 0.8831779956817627 -0.2324810028076172 0.407370001077652 2.6452040672302246 -0.03756900131702423 -0.9007920026779175 -0.4326229989528656 1.8478840589523315 0.0 0.0 0.0 1.0
0.4720430076122284 0.36893799901008606 -0.8006619811058044 6.956468105316162 0.8808280229568481 -0.23478099703788757 0.4111210107803345 2.6339690685272217 -0.036302000284194946 -0.8993120193481445 -0.4357979893684387 1.849424958229065 0.0 0.0 0.0 1.0
0.4778609871864319 0.37215399742126465 -0.7957069873809814 6.939326763153076 0.877655029296875 -0.240446999669075 0.4146159887313843 2.6228549480438232 -0.03702399879693985 -0.8964859843254089 -0.4415229856967926 1.8507740497589111 0.0 0.0 0.0 1.0
0.48559901118278503 0.3771289885044098 -0.7886490225791931 6.920732021331787 0.8733800053596497 -0.2479269951581955 0.4192129969596863 2.6096489429473877 -0.037429001182317734 -0.8923599720001221 -0.4497700035572052 1.8537440299987793 0.0 0.0 0.0 1.0
0.4902699887752533 0.3811050057411194 -0.7838330268859863 6.901138782501221 0.8706200122833252 -0.2561360001564026 0.4200179874897003 2.599194049835205 -0.04069700092077255 -0.8883429765701294 -0.4573740065097809 1.8616540431976318 0.0 0.0 0.0 1.0
0.4876990020275116 0.38179099559783936 -0.7851020097732544 6.887239933013916 0.8718550205230713 -0.25927698612213135 0.41550499200820923 2.595438003540039 -0.044923000037670135 -0.8871369957923889 -0.4593150019645691 1.8643770217895508 0.0 0.0 0.0 1.0
0.48929598927497864 0.38311201333999634 -0.7834630012512207 6.872171878814697 0.8708310127258301 -0.26340699195861816 0.4150550067424774 2.5889620780944824 -0.04735700041055679 -0.8853489756584167 -0.46250998973846436 1.8666269779205322 0.0 0.0 0.0 1.0
0.4929809868335724 0.3848060071468353 -0.7803159952163696 6.856159210205078 0.8687390089035034 -0.26673901081085205 0.41730400919914246 2.579663038253784 -0.04755999892950058 -0.8836150169372559 -0.46579301357269287 1.8696529865264893 0.0 0.0 0.0 1.0
0.49461498856544495 0.387706995010376 -0.7778429985046387 6.84318208694458 0.8679230213165283 -0.2671459913253784 0.41873899102211 2.5711541175842285 -0.04544899985194206 -0.8822219967842102 -0.4686340093612671 1.868952989578247 0.0 0.0 0.0 1.0
0.49748000502586365 0.3932180106639862 -0.773235023021698 6.8256659507751465 0.8663420081138611 -0.27075299620628357 0.4196949899196625 2.5633978843688965 -0.04432399943470955 -0.8786770105361938 -0.47535601258277893 1.874222993850708 0.0 0.0 0.0 1.0
0.499877005815506 0.39567700028419495 -0.7704300284385681 6.8039398193359375 0.8648999929428101 -0.27479100227355957 0.42004600167274475 2.5562551021575928 -0.04550499841570854 -0.8763160109519958 -0.4795829951763153 1.8842740058898926 0.0 0.0 0.0 1.0
0.4984799921512604 0.3906410038471222 -0.7738969922065735 6.790980815887451 0.8655980229377747 -0.2732219994068146 0.4196319878101349 2.5471739768981934 -0.047520000487565994 -0.8790619969367981 -0.4743329882621765 1.88509202003479 0.0 0.0 0.0 1.0
0.4973280131816864 0.38867801427841187 -0.7756249904632568 6.777267932891846 0.8661919832229614 -0.27269798517227173 0.4187450110912323 2.537451982498169 -0.048753999173641205 -0.8800939917564392 -0.4722900092601776 1.8835649490356445 0.0 0.0 0.0 1.0
0.4971599876880646 0.39042800664901733 -0.774852991104126 6.760354042053223 0.8662130236625671 -0.27486899495124817 0.4172790050506592 2.529697895050049 -0.05006600171327591 -0.8786429762840271 -0.4748480021953583 1.8856539726257324 0.0 0.0 0.0 1.0
0.49552398920059204 0.3925049901008606 -0.7748519778251648 6.74304723739624 0.8670259714126587 -0.2770940065383911 0.41410699486732483 2.526279926300049 -0.05216800048947334 -0.8770170211791992 -0.4776189923286438 1.890058994293213 0.0 0.0 0.0 1.0
0.49106699228286743 0.39406099915504456 -0.7768970131874084 6.725329875946045 0.8694959878921509 -0.276187002658844 0.40950900316238403 2.5226879119873047 -0.05319799855351448 -0.8766049742698669 -0.47826001048088074 1.8925199508666992 0.0 0.0 0.0 1.0
0.4891990125179291 0.3950499892234802 -0.7775729894638062 6.709290027618408 0.8705570101737976 -0.27540698647499084 0.40777599811553955 2.5148680210113525 -0.053057000041007996 -0.8764050006866455 -0.478643000125885 1.8925729990005493 0.0 0.0 0.0 1.0
0.48618099093437195 0.39725300669670105 -0.7783430218696594 6.691833019256592 0.8721129894256592 -0.27682799100875854 0.40346598625183105 2.5107669830322266 -0.05518899857997894 -0.8749610185623169 -0.48103800415992737 1.8956400156021118 0.0 0.0 0.0 1.0
0.4832899868488312 0.3970809876918793 -0.7802289724349976 6.672479152679443 0.873540997505188 -0.2777099907398224 0.39975398778915405 2.5028629302978516 -0.05794199928641319 -0.8747590184211731 -0.4810810089111328 1.8987380266189575 0.0 0.0 0.0 1.0
0.47688600420951843 0.39577698707580566 -0.7848190069198608 6.65487813949585 0.8767110109329224 -0.27809199690818787 0.3924829959869385 2.497070074081421 -0.06291600316762924 -0.875229001045227 -0.4796000123023987 1.9006930589675903 0.0 0.0 0.0 1.0
0.4699400067329407 0.3933179974555969 -0.7902259826660156 6.6383748054504395 0.8800070285797119 -0.2786110043525696 0.3846589922904968 2.4902539253234863 -0.06887199729681015 -0.8761709928512573 -0.47705399990081787 1.9012110233306885 0.0 0.0 0.0 1.0
0.4616990089416504 0.3939560055732727 -0.7947530150413513 6.619253158569336 0.8839790225028992 -0.278672993183136 0.3753969967365265 2.4881980419158936 -0.07358600199222565 -0.8758649826049805 -0.4769119918346405 1.9051330089569092 0.0 0.0 0.0 1.0
0.45426198840141296 0.39260798692703247 -0.7996900081634521 6.605837821960449 0.887561023235321 -0.2767300009727478 0.36831599473953247 2.484860897064209 -0.07669500261545181 -0.8770859837532043 -0.4741710126399994 1.9059749841690063 0.0 0.0 0.0 1.0
0.4491899907588959 0.39277300238609314 -0.8024700284004211 6.587274074554443 0.890146017074585 -0.27375900745391846 0.3642739951610565 2.4817919731140137 -0.07660599797964096 -0.8779439926147461 -0.4725950062274933 1.9077680110931396 0.0 0.0 0.0 1.0
0.44504600763320923 0.394802987575531 -0.8037809729576111 6.570516109466553 0.8924170136451721 -0.27003398537635803 0.3614870011806488 2.480487108230591 -0.07433199882507324 -0.8781870007514954 -0.4725069999694824 1.9095189571380615 0.0 0.0 0.0 1.0
0.44042399525642395 0.3948340117931366 -0.8063079714775085 6.555199146270752 0.894711971282959 -0.26733601093292236 0.35780200362205505 2.4794750213623047 -0.07428299635648727 -0.8789979815483093 -0.47100400924682617 1.908059000968933 0.0 0.0 0.0 1.0
0.4361079931259155 0.39656901359558105 -0.8078010082244873 6.540082931518555 0.8968939781188965 -0.2647930085659027 0.35421299934387207 2.4775869846343994 -0.07343100011348724 -0.8789870142936707 -0.4711579978466034 1.9066070318222046 0.0 0.0 0.0 1.0
0.43263301253318787 0.4003779888153076 -0.807790994644165 6.521994113922119 0.8985610008239746 -0.26463499665260315 0.35008201003074646 2.4779698848724365 -0.0736050009727478 -0.8773059844970703 -0.4742540121078491 1.9095649719238281 0.0 0.0 0.0 1.0
0.42951500415802 0.4027180075645447 -0.8082910180091858 6.503365993499756 0.8999840021133423 -0.2646990120410919 0.34635698795318604 2.4790549278259277 -0.07446999847888947 -0.8762149810791016 -0.47613200545310974 1.9153790473937988 0.0 0.0 0.0 1.0
0.4272730052471161 0.4007500112056732 -0.8104550242424011 6.488146781921387 0.9009760022163391 -0.26345399022102356 0.34472399950027466 2.4776790142059326 -0.07536999881267548 -0.8774909973144531 -0.4736329913139343 1.9159899950027466 0.0 0.0 0.0 1.0
0.4272330105304718 0.3997809886932373 -0.8109549880027771 6.4712958335876465 0.9010990262031555 -0.26179200410842896 0.3456670045852661 2.474050998687744 -0.0741100013256073 -0.8784310221672058 -0.4720880091190338 1.916864037513733 0.0 0.0 0.0 1.0
0.4253840148448944 0.400967001914978 -0.8113409876823425 6.457490921020508 0.9021250009536743 -0.2594360113143921 0.3447670042514801 2.476646900177002 -0.07225099951028824 -0.8785889744758606 -0.4720819890499115 1.9176959991455078 0.0 0.0 0.0 1.0
0.426254004240036 0.4018940031528473 -0.8104249835014343 6.443999767303467 0.9018470048904419 -0.2586840093135834 0.3460550010204315 2.478363037109375 -0.07056699693202972 -0.8783869743347168 -0.4727120101451874 1.9179400205612183 0.0 0.0 0.0 1.0
0.42713800072669983 0.4033989906311035 -0.809211015701294 6.431830883026123 0.9016550183296204 -0.25696098804473877 0.34783700108528137 2.480787992477417 -0.06761900335550308 -0.8782029747962952 -0.47348400950431824 1.9175549745559692 0.0 0.0 0.0 1.0
0.4301680028438568 0.40659400820732117 -0.8059999942779541 6.418217182159424 0.9005770087242126 -0.2551800012588501 0.35191598534584045 2.4811739921569824 -0.06258799880743027 -0.8772479891777039 -0.4759399890899658 1.9176100492477417 0.0 0.0 0.0 1.0
0.43457698822021484 0.4094899892807007 -0.8021600246429443 6.404451847076416 0.8985779881477356 -0.25729900598526 0.35546499490737915 2.486401081085205 -0.06083500012755394 -0.8752800226211548 -0.47977501153945923 1.922616958618164 0.0 0.0 0.0 1.0
0.439970999956131 0.4100880026817322 -0.7989069819450378 6.392964839935303 0.8960850238800049 -0.25873300433158875 0.3606779873371124 2.4932329654693604 -0.05879399925470352 -0.874576985836029 -0.4813089966773987 1.925963044166565 0.0 0.0 0.0 1.0
0.44929900765419006 0.40707600116729736 -0.7952479720115662 6.380610942840576 0.8915150165557861 -0.26181501150131226 0.36966899037361145 2.495460033416748 -0.0577239990234375 -0.8750669956207275 -0.4805479943752289 1.9261970520019531 0.0 0.0 0.0 1.0
0.45788198709487915 0.4042060077190399 -0.7918090224266052 6.371345043182373 0.8871139883995056 -0.26592400670051575 0.3772439956665039 2.502228021621704 -0.058076001703739166 -0.8751580119132996 -0.4803380072116852 1.9268349409103394 0.0 0.0 0.0 1.0
0.46894699335098267 0.40151798725128174 -0.786683976650238 6.362229824066162 0.8814629912376404 -0.26902100443840027 0.388139009475708 2.5051980018615723 -0.055789001286029816 -0.875449001789093 -0.4800800085067749 1.9256230592727661 0.0 0.0 0.0 1.0
0.48090600967407227 0.3997359871864319 -0.7803459763526917 6.355123043060303 0.8752130270004272 -0.27191999554634094 0.4000769853591919 2.5081779956817627 -0.05226600170135498 -0.8753690123558044 -0.4806230068206787 1.9214609861373901 0.0 0.0 0.0 1.0
0.49279099702835083 0.3993209898471832 -0.7731109857559204 6.347628116607666 0.8687340021133423 -0.27640798687934875 0.41097399592399597 2.5173840522766113 -0.04958299919962883 -0.8741520047187805 -0.48311498761177063 1.9209500551223755 0.0 0.0 0.0 1.0
0.5097150206565857 0.397489994764328 -0.7630149722099304 6.336475849151611 0.8591790199279785 -0.2813119888305664 0.4274060130119324 2.5215721130371094 -0.044755998998880386 -0.8734210133552551 -0.4849039912223816 1.922577977180481 0.0 0.0 0.0 1.0
0.5263919830322266 0.39357098937034607 -0.7536669969558716 6.328537940979004 0.8492779731750488 -0.2855899930000305 0.4440329968929291 2.528330087661743 -0.040481001138687134 -0.8738080263137817 -0.4845829904079437 1.9228349924087524 0.0 0.0 0.0 1.0
0.5471450090408325 0.38686099648475647 -0.7422739863395691 6.320454120635986 0.8361290097236633 -0.29391101002693176 0.46314701437950134 2.5341200828552246 -0.038989000022411346 -0.8740450143814087 -0.48427799344062805 1.921233057975769 0.0 0.0 0.0 1.0
0.5718389749526978 0.37038299441337585 -0.7319949865341187 6.313820838928223 0.8191879987716675 -0.3056119978427887 0.48531800508499146 2.528294086456299 -0.043953001499176025 -0.8771650195121765 -0.47817400097846985 1.9101409912109375 0.0 0.0 0.0 1.0
0.5942040085792542 0.3643069863319397 -0.7170789837837219 6.303339958190918 0.8031529784202576 -0.316648006439209 0.5046579837799072 2.5369999408721924 -0.04321200028061867 -0.875793993473053 -0.4807479977607727 1.9153319597244263 0.0 0.0 0.0 1.0
0.6167610287666321 0.3534820079803467 -0.7033169865608215 6.295337200164795 0.7859410047531128 -0.32604101300239563 0.5253509879112244 2.5414628982543945 -0.04360799863934517 -0.8767820000648499 -0.4789060056209564 1.9156550168991089 0.0 0.0 0.0 1.0
0.639041006565094 0.3416360020637512 -0.6891379952430725 6.289275169372559 0.7679049968719482 -0.3347820043563843 0.5461159944534302 2.545228958129883 -0.04413900151848793 -0.8781830072402954 -0.476283997297287 1.91532301902771 0.0 0.0 0.0 1.0
0.6603540182113647 0.3296470046043396 -0.6747339963912964 6.28586483001709 0.7495409846305847 -0.34444698691368103 0.5652830004692078 2.5486860275268555 -0.046066999435424805 -0.8790270090103149 -0.4745410084724426 1.913364052772522 0.0 0.0 0.0 1.0
0.6818249821662903 0.3200559914112091 -0.6577820181846619 6.280253887176514 0.7299299836158752 -0.3568379878997803 0.5829830169677734 2.5534119606018066 -0.04813399910926819 -0.8776280283927917 -0.4769200086593628 1.9139480590820312 0.0 0.0 0.0 1.0
0.7045919895172119 0.30923300981521606 -0.6386899948120117 6.272601127624512 0.7077860236167908 -0.37078800797462463 0.601294994354248 2.560214042663574 -0.05087900161743164 -0.8757230043411255 -0.4801250100135803 1.9184199571609497 0.0 0.0 0.0 1.0
0.7258909940719604 0.29351601004600525 -0.6220380067825317 6.267589092254639 0.6855499744415283 -0.38200101256370544 0.6197550296783447 2.5626730918884277 -0.05571100115776062 -0.8763120174407959 -0.4785110056400299 1.9198640584945679 0.0 0.0 0.0 1.0
0.7450979948043823 0.2800000011920929 -0.6053329706192017 6.261898040771484 0.6643400192260742 -0.391867995262146 0.6364679932594299 2.5639939308166504 -0.05900000035762787 -0.8763790130615234 -0.47799500823020935 1.9200940132141113 0.0 0.0 0.0 1.0
0.7621669769287109 0.266961008310318 -0.5897740125656128 6.260746002197266 0.6442300081253052 -0.40252700448036194 0.6503379940986633 2.5653998851776123 -0.06378600001335144 -0.8756160140037537 -0.4787769913673401 1.9181129932403564 0.0 0.0 0.0 1.0
0.7724419832229614 0.25592100620269775 -0.5812379717826843 6.264145851135254 0.6312280297279358 -0.4101000130176544 0.6583080291748047 2.5701980590820312 -0.06989199668169022 -0.8753979802131653 -0.4783230125904083 1.9163240194320679 0.0 0.0 0.0 1.0
0.7876719832420349 0.24358299374580383 -0.5658980011940002 6.2607221603393555 0.611644983291626 -0.4193679988384247 0.6708359718322754 2.5722789764404297 -0.07391499727964401 -0.8745269775390625 -0.4793109893798828 1.918720006942749 0.0 0.0 0.0 1.0
0.8013820052146912 0.23109200596809387 -0.5517100095748901 6.259533882141113 0.5931789875030518 -0.42573800683021545 0.6832910180091858 2.575593948364258 -0.07698100060224533 -0.8748390078544617 -0.4782570004463196 1.918624997138977 0.0 0.0 0.0 1.0
0.8155329823493958 0.2189600020647049 -0.5356889963150024 6.257238864898682 0.5734000205993652 -0.43084999918937683 0.696835994720459 2.5751640796661377 -0.07822199910879135 -0.8754569888114929 -0.47692400217056274 1.9172849655151367 0.0 0.0 0.0 1.0
0.8288630247116089 0.2091660052537918 -0.5188789963722229 6.254325866699219 0.5539219975471497 -0.4369010031223297 0.7087219953536987 2.5775210857391357 -0.07845800369977951 -0.8748530149459839 -0.4779930114746094 1.9177709817886353 0.0 0.0 0.0 1.0
0.8405179977416992 0.200887992978096 -0.5031639933586121 6.254476070404053 0.5360990166664124 -0.4425640106201172 0.7188420295715332 2.581217050552368 -0.07827600091695786 -0.8739460110664368 -0.4796789884567261 1.918233036994934 0.0 0.0 0.0 1.0
0.8528710007667542 0.19146199524402618 -0.4857499897480011 6.253574848175049 0.5163599848747253 -0.44712600111961365 0.7303770184516907 2.5826520919799805 -0.07735300064086914 -0.873740017414093 -0.4802039861679077 1.9173020124435425 0.0 0.0 0.0 1.0
0.8641579747200012 0.18401500582695007 -0.4683690071105957 6.253891944885254 0.49763399362564087 -0.4507940113544464 0.741042971611023 2.5860519409179688 -0.07477500289678574 -0.8734549880027771 -0.4811300039291382 1.9169570207595825 0.0 0.0 0.0 1.0
0.8759520053863525 0.17769500613212585 -0.44847801327705383 6.253859996795654 0.4773170053958893 -0.4538489878177643 0.75245600938797 2.590461015701294 -0.06983400136232376 -0.8731809854507446 -0.48236700892448425 1.916748046875 0.0 0.0 0.0 1.0
0.8875809907913208 0.17075200378894806 -0.42783600091934204 6.25591516494751 0.4560390114784241 -0.4568139910697937 0.7637730240821838 2.5945229530334473 -0.06502600014209747 -0.8730210065841675 -0.48332899808883667 1.915958046913147 0.0 0.0 0.0 1.0
0.8964120149612427 0.161298006772995 -0.4128290116786957 6.261797904968262 0.43842801451683044 -0.4592970013618469 0.7725459933280945 2.598690986633301 -0.0650010034441948 -0.8735150098800659 -0.48243701457977295 1.9130109548568726 0.0 0.0 0.0 1.0
0.9067559838294983 0.15331600606441498 -0.39279401302337646 6.264001846313477 0.4173159897327423 -0.4596039950847626 0.7839720249176025 2.6010489463806152 -0.06033499911427498 -0.8747900128364563 -0.48072999715805054 1.9113930463790894 0.0 0.0 0.0 1.0
0.9163770079612732 0.14326299726963043 -0.3738020062446594 6.26729679107666 0.3959929943084717 -0.4612619876861572 0.7939940094947815 2.606339931488037 -0.058671001344919205 -0.8756219744682312 -0.4794209897518158 1.912969946861267 0.0 0.0 0.0 1.0
0.9250209927558899 0.133869007229805 -0.3555479943752289 6.27104377746582 0.37579700350761414 -0.4598200023174286 0.8045759797096252 2.6068520545959473 -0.05578099936246872 -0.8778640031814575 -0.47565099596977234 1.9101040363311768 0.0 0.0 0.0 1.0
0.9331579804420471 0.12532100081443787 -0.33691298961639404 6.276275157928467 0.35539698600769043 -0.4622659981250763 0.8124060034751892 2.612884998321533 -0.05393199995160103 -0.8778409957885742 -0.47590601444244385 1.9110959768295288 0.0 0.0 0.0 1.0
0.9414269924163818 0.11538100242614746 -0.316864013671875 6.279720783233643 0.333187997341156 -0.4630950093269348 0.8212969899177551 2.6157751083374023 -0.051975999027490616 -0.8787660002708435 -0.47441399097442627 1.910997986793518 0.0 0.0 0.0 1.0
0.9489200115203857 0.10638400167226791 -0.29704099893569946 6.284529209136963 0.3116829991340637 -0.4623990058898926 0.8300849795341492 2.61826491355896 -0.04904400184750557 -0.8802670240402222 -0.47193801403045654 1.9083240032196045 0.0 0.0 0.0 1.0
0.9564260244369507 0.0948759987950325 -0.2761310040950775 6.2885260581970215 0.28784099221229553 -0.4649820029735565 0.8372210264205933 2.6216280460357666 -0.0489640012383461 -0.8802220225334167 -0.47203001379966736 1.9084579944610596 0.0 0.0 0.0 1.0
0.9629499912261963 0.08424399793148041 -0.25618401169776917 6.291973114013672 0.26521098613739014 -0.4680519998073578 0.8429650068283081 2.626655101776123 -0.04889199882745743 -0.8796759843826294 -0.4730530083179474 1.9111050367355347 0.0 0.0 0.0 1.0
0.968654990196228 0.07319899648427963 -0.2373809963464737 6.297235012054443 0.24358299374580383 -0.46737200021743774 0.8498409986495972 2.6292901039123535 -0.04873799905180931 -0.8810250163078308 -0.470551997423172 1.910560965538025 0.0 0.0 0.0 1.0
0.9715210199356079 0.06422600150108337 -0.228084996342659 6.31057596206665 0.23114100098609924 -0.46878600120544434 0.8525339961051941 2.636193037033081 -0.05216899886727333 -0.8809739947319031 -0.4702799916267395 1.9139529466629028 0.0 0.0 0.0 1.0
0.9763630032539368 0.0525830015540123 -0.2096409946680069 6.315744876861572 0.20951099693775177 -0.4685479998588562 0.8582360148429871 2.6391050815582275 -0.05309800058603287 -0.8818719983100891 -0.46849000453948975 1.9136090278625488 0.0 0.0 0.0 1.0
0.9805740118026733 0.04135499894618988 -0.1917410045862198 6.32206392288208 0.1885800063610077 -0.4677090048789978 0.8635309934616089 2.641123056411743 -0.053968001157045364 -0.8829150199890137 -0.4664219915866852 1.911756992340088 0.0 0.0 0.0 1.0
0.9843490123748779 0.03339200094342232 -0.17303499579429626 6.325959205627441 0.1683879941701889 -0.46781399846076965 0.8676379919052124 2.6428070068359375 -0.0519770011305809 -0.8831959962844849 -0.4661160111427307 1.910269021987915 0.0 0.0 0.0 1.0
0.9875720143318176 0.02457300014793873 -0.15523600578308105 6.331227779388428 0.14852499961853027 -0.4689539968967438 0.8706449866294861 2.6458640098571777 -0.05140399932861328 -0.8828809857368469 -0.46677500009536743 1.9096460342407227 0.0 0.0 0.0 1.0
0.9901520013809204 0.016697999089956284 -0.1389939934015274 6.338004112243652 0.13048699498176575 -0.4697110056877136 0.8731240034103394 2.648732900619507 -0.05070799961686134 -0.8826630115509033 -0.46726399660110474 1.909134030342102 0.0 0.0 0.0 1.0
0.9925289750099182 0.008926000446081161 -0.1216839998960495 6.341673851013184 0.11162199825048447 -0.46914398670196533 0.8760390281677246 2.6507389545440674 -0.049267999827861786 -0.8830770254135132 -0.46663498878479004 1.908836007118225 0.0 0.0 0.0 1.0
0.9943529963493347 -0.0013360000448301435 -0.10611700266599655 6.345869064331055 0.09312699735164642 -0.4685389995574951 0.8785210251808167 2.652398109436035 -0.05089399963617325 -0.8834419846534729 -0.4657689929008484 1.9084060192108154 0.0 0.0 0.0 1.0
0.9957039952278137 -0.008407999761402607 -0.0922119989991188 6.351366996765137 0.07765600085258484 -0.4665679931640625 0.8810700178146362 2.6526689529418945 -0.05043099820613861 -0.8844460248947144 -0.4639100134372711 1.9060750007629395 0.0 0.0 0.0 1.0
0.9968299865722656 -0.01633800007402897 -0.07786799967288971 6.356337070465088 0.06134900078177452 -0.4653500020503998 0.882997989654541 2.653872013092041 -0.05066300183534622 -0.8849760293960571 -0.4628719985485077 1.9053109884262085 0.0 0.0 0.0 1.0
0.9974169731140137 -0.02734600007534027 -0.06641100347042084 6.363911151885986 0.045993998646736145 -0.4669950008392334 0.883063018321991 2.6598219871520996 -0.05516200140118599 -0.8838369846343994 -0.4645319879055023 1.9091930389404297 0.0 0.0 0.0 1.0
0.99795001745224 -0.03417700156569481 -0.05411199852824211 6.3734130859375 0.03202899917960167 -0.4652920067310333 0.8845779895782471 2.66264009475708 -0.055410001426935196 -0.8844969868659973 -0.4632430076599121 1.9073580503463745 0.0 0.0 0.0 1.0
0.9983810186386108 -0.0429610013961792 -0.037264999002218246 6.3751220703125 0.013101999647915363 -0.4638870060443878 0.8857979774475098 2.663804054260254 -0.05534199997782707 -0.8848519921302795 -0.46257299184799194 1.9073259830474854 0.0 0.0 0.0 1.0
0.9985120296478271 -0.05006499961018562 -0.021623000502586365 6.380536079406738 -0.003945999778807163 -0.46178698539733887 0.8869820237159729 2.665019989013672 -0.05439100041985512 -0.8855770230293274 -0.46129700541496277 1.9038759469985962 0.0 0.0 0.0 1.0
0.9983230233192444 -0.05747599899768829 -0.006947999820113182 6.386498928070068 -0.020406000316143036 -0.46164199709892273 0.8868319988250732 2.6692559719085693 -0.05417900159955025 -0.8852019906044006 -0.4620409905910492 1.9046640396118164 0.0 0.0 0.0 1.0
0.9978330135345459 -0.06522800028324127 0.008590999990701675 6.390391826629639 -0.03764000162482262 -0.4588960111141205 0.8876919746398926 2.6694719791412354 -0.05395999923348427 -0.8860920071601868 -0.46035701036453247 1.9029229879379272 0.0 0.0 0.0 1.0
0.997094988822937 -0.072332002222538 0.023869000375270844 6.396282196044922 -0.05439300090074539 -0.4567979872226715 0.887906014919281 2.671004056930542 -0.053321000188589096 -0.8866249918937683 -0.45940500497817993 1.900426983833313 0.0 0.0 0.0 1.0
0.9960280060768127 -0.07931999862194061 0.040460001677274704 6.39926290512085 -0.07231000065803528 -0.45537400245666504 0.8873590230941772 2.671988010406494 -0.05196100100874901 -0.8867599964141846 -0.4593000113964081 1.8980050086975098 0.0 0.0 0.0 1.0
0.9946759939193726 -0.08576200157403946 0.05713900178670883 6.404359817504883 -0.09005499631166458 -0.4538150131702423 0.8865339756011963 2.673326015472412 -0.05010100081562996 -0.8869590163230896 -0.4591220021247864 1.8945410251617432 0.0 0.0 0.0 1.0
0.993166983127594 -0.09091600030660629 0.07316199690103531 6.409776210784912 -0.10670500248670578 -0.4536750018596649 0.8847560286521912 2.675225019454956 -0.04724700003862381 -0.8865169882774353 -0.4602769911289215 1.8926680088043213 0.0 0.0 0.0 1.0
0.9913319945335388 -0.0993409976363182 0.08597300201654434 6.421627044677734 -0.122079998254776 -0.4547469913959503 0.8822140097618103 2.6805191040039062 -0.04854400083422661 -0.8850629925727844 -0.4629330039024353 1.893815040588379 0.0 0.0 0.0 1.0
0.9889289736747742 -0.10372599959373474 0.10611400008201599 6.4204277992248535 -0.1420920044183731 -0.45584800839424133 0.8786420226097107 2.6832120418548584 -0.04276600107550621 -0.8839930295944214 -0.46553999185562134 1.8940670490264893 0.0 0.0 0.0 1.0
0.9863520264625549 -0.10987400263547897 0.12262800335884094 6.426612854003906 -0.1595889925956726 -0.45472800731658936 0.8762159943580627 2.685033082962036 -0.04051100090146065 -0.8838269710540771 -0.4660559892654419 1.8905019760131836 0.0 0.0 0.0 1.0
0.9833880066871643 -0.11629199981689453 0.1393669992685318 6.430738925933838 -0.17749400436878204 -0.4553990066051483 0.8724150061607361 2.688599109649658 -0.03798700124025345 -0.8826599717140198 -0.46847599744796753 1.8902100324630737 0.0 0.0 0.0 1.0
0.9802219867706299 -0.12107600271701813 0.15654300153255463 6.431647777557373 -0.19491900503635406 -0.4538649916648865 0.8694900274276733 2.692228078842163 -0.03422499820590019 -0.8828070163726807 -0.46848800778388977 1.8897919654846191 0.0 0.0 0.0 1.0
0.9767749905586243 -0.12924399971961975 0.17089800536632538 6.435554027557373 -0.21133799850940704 -0.4496999979019165 0.8678169846534729 2.6913928985595703 -0.03530700132250786 -0.883778989315033 -0.4665699899196625 1.8864829540252686 0.0 0.0 0.0 1.0
0.9739540219306946 -0.13444000482559204 0.1825910061597824 6.442728042602539 -0.22408300638198853 -0.44763100147247314 0.8656870126724243 2.692483901977539 -0.03464899957180023 -0.8840540051460266 -0.46609801054000854 1.8826260566711426 0.0 0.0 0.0 1.0
0.9699119925498962 -0.14265500009059906 0.19728299975395203 6.442886829376221 -0.24096299707889557 -0.4468199908733368 0.8615620136260986 2.6937899589538574 -0.034756001085042953 -0.8831769824028015 -0.46775001287460327 1.880107045173645 0.0 0.0 0.0 1.0
0.9665489792823792 -0.15018300712108612 0.20791299641132355 6.4468560218811035 -0.2540299892425537 -0.448731005191803 0.8568019866943359 2.6963629722595215 -0.03537999838590622 -0.8809570074081421 -0.4718720018863678 1.8808109760284424 0.0 0.0 0.0 1.0
0.9633989930152893 -0.15563400089740753 0.21826599538326263 6.450035095214844 -0.2656880021095276 -0.4460340142250061 0.8546720147132874 2.693834066390991 -0.03566199913620949 -0.8813809752464294 -0.47105899453163147 1.8724249601364136 0.0 0.0 0.0 1.0
0.961001992225647 -0.1639609932899475 0.22269199788570404 6.464602947235107 -0.2737779915332794 -0.4505299925804138 0.8497459888458252 2.703227996826172 -0.038995999842882156 -0.8775759935379028 -0.47784900665283203 1.8741250038146973 0.0 0.0 0.0 1.0
0.9566969871520996 -0.17259499430656433 0.2343980073928833 6.464187145233154 -0.288316011428833 -0.4510279893875122 0.8446589708328247 2.704116106033325 -0.040063999593257904 -0.8756629824638367 -0.48125898838043213 1.8727099895477295 0.0 0.0 0.0 1.0
0.9544370174407959 -0.17671899497509003 0.24045799672603607 6.474091053009033 -0.2956930100917816 -0.451541006565094 0.8418300151824951 2.705065965652466 -0.04019099846482277 -0.8745750188827515 -0.48322200775146484 1.8678679466247559 0.0 0.0 0.0 1.0
0.9502419829368591 -0.1838490068912506 0.2514750063419342 6.475027084350586 -0.3090519905090332 -0.4551270008087158 0.8350729942321777 2.709136962890625 -0.03907399997115135 -0.8712400197982788 -0.489300012588501 1.8697580099105835 0.0 0.0 0.0 1.0
0.9464269876480103 -0.19020499289035797 0.2609559893608093 6.476780891418457 -0.320497989654541 -0.45452800393104553 0.8310750126838684 2.7085530757904053 -0.039462000131607056 -0.8701879978179932 -0.49113699793815613 1.8682750463485718 0.0 0.0 0.0 1.0
0.9437280297279358 -0.19380499422550201 0.26798900961875916 6.482047080993652 -0.3283950090408325 -0.45312801003456116 0.8287540078163147 2.71002197265625 -0.039184000343084335 -0.8701239824295044 -0.4912729859352112 1.8662220239639282 0.0 0.0 0.0 1.0
0.9404060244560242 -0.1998710036277771 0.2751159965991974 6.486041069030762 -0.3375239968299866 -0.45010900497436523 0.8267279863357544 2.7101550102233887 -0.04140700027346611 -0.8703179955482483 -0.49074700474739075 1.8635239601135254 0.0 0.0 0.0 1.0
0.9376149773597717 -0.2036460041999817 0.28179100155830383 6.489221096038818 -0.345210999250412 -0.44898098707199097 0.8241639733314514 2.7101359367370605 -0.04131900146603584 -0.8700249791145325 -0.4912720024585724 1.8603800535202026 0.0 0.0 0.0 1.0
0.9346950054168701 -0.20731599628925323 0.28873199224472046 6.489391803741455 -0.35308799147605896 -0.44798699021339417 0.8213629722595215 2.7088348865509033 -0.04093300178647041 -0.8696709871292114 -0.4919320046901703 1.8578649759292603 0.0 0.0 0.0 1.0
0.9324529767036438 -0.20863600075244904 0.29496198892593384 6.490173816680908 -0.3592759966850281 -0.4493350088596344 0.8179360032081604 2.7102110385894775 -0.038114000111818314 -0.8686590194702148 -0.493941992521286 1.8572169542312622 0.0 0.0 0.0 1.0
0.9293100237846375 -0.21557800471782684 0.2998479902744293 6.494801998138428 -0.3672710061073303 -0.4544990062713623 0.8115059733390808 2.7172439098358154 -0.03866200149059296 -0.8642669916152954 -0.5015460252761841 1.86238694190979 0.0 0.0 0.0 1.0
0.9288610219955444 -0.21812300384044647 0.29939699172973633 6.505091190338135 -0.3681110143661499 -0.4532740116119385 0.8118109703063965 2.7134079933166504 -0.04136599972844124 -0.8642709851264954 -0.5013229846954346 1.8564820289611816 0.0 0.0 0.0 1.0
0.9257709980010986 -0.2235420048236847 0.3049199879169464 6.505784034729004 -0.3756389915943146 -0.4522570073604584 0.8089249730110168 2.7121028900146484 -0.04292700067162514 -0.8634189963340759 -0.5026569962501526 1.8526469469070435 0.0 0.0 0.0 1.0
0.9241920113563538 -0.22640599310398102 0.30758801102638245 6.507649898529053 -0.3794949948787689 -0.45357999205589294 0.8063799738883972 2.7134931087493896 -0.04305399954319 -0.8619779944419861 -0.5051140189170837 1.8521130084991455 0.0 0.0 0.0 1.0
0.923105001449585 -0.2303760051727295 0.307900995016098 6.509727954864502 -0.38179901242256165 -0.4535070061683655 0.8053330183029175 2.7138009071350098 -0.04589400067925453 -0.8609640002250671 -0.5065919756889343 1.8517030477523804 0.0 0.0 0.0 1.0
0.9224709868431091 -0.23273099958896637 0.30803000926971436 6.509580135345459 -0.3830829858779907 -0.4528129994869232 0.8051139712333679 2.7142300605773926 -0.047894999384880066 -0.8606950044631958 -0.5068619847297668 1.8513829708099365 0.0 0.0 0.0 1.0
0.9224759936332703 -0.23385100066661835 0.3071660101413727 6.508965015411377 -0.3828819990158081 -0.4524120092391968 0.8054350018501282 2.713212013244629 -0.04938700050115585 -0.8606029748916626 -0.5068770051002502 1.8497389554977417 0.0 0.0 0.0 1.0
0.9228129982948303 -0.2332960069179535 0.3065760135650635 6.508401870727539 -0.382099986076355 -0.45274099707603455 0.8056210279464722 2.712475061416626 -0.04914899915456772 -0.8605809807777405 -0.5069370269775391 1.8458789587020874 0.0 0.0 0.0 1.0
0.9231799840927124 -0.23273399472236633 0.3058989942073822 6.507475852966309 -0.38137099146842957 -0.45541098713874817 0.8044610023498535 2.713057041168213 -0.047915998846292496 -0.8593230247497559 -0.5091840028762817 1.8447680473327637 0.0 0.0 0.0 1.0
0.9234960079193115 -0.23182600736618042 0.305633008480072 6.5032548904418945 -0.3808619976043701 -0.45895400643348694 0.8026859760284424 2.715078115463257 -0.04581199958920479 -0.8576819896697998 -0.5121359825134277 1.846627950668335 0.0 0.0 0.0 1.0
0.9244890213012695 -0.22898800671100616 0.30476999282836914 6.499776840209961 -0.3788839876651764 -0.4637709856033325 0.8008520007133484 2.7190489768981934 -0.042041998356580734 -0.8558509945869446 -0.5155109763145447 1.849118947982788 0.0 0.0 0.0 1.0
0.9254249930381775 -0.22808699309825897 0.30259498953819275 6.498166084289551 -0.3767569959163666 -0.46845999360084534 0.799124002456665 2.7208099365234375 -0.04051699861884117 -0.853534996509552 -0.519457995891571 1.8505699634552002 0.0 0.0 0.0 1.0
0.9266260266304016 -0.22680899500846863 0.29987001419067383 6.498335838317871 -0.3738560080528259 -0.47106799483299255 0.7989540100097656 2.7206990718841553 -0.03994999825954437 -0.8524389863014221 -0.5212979912757874 1.8507150411605835 0.0 0.0 0.0 1.0
0.9275019764900208 -0.22555600106716156 0.298101007938385 6.496286869049072 -0.371755987405777 -0.47290900349617004 0.7988460063934326 2.7208900451660156 -0.0392099991440773 -0.851751983165741 -0.5224760174751282 1.8505949974060059 0.0 0.0 0.0 1.0
0.9286230206489563 -0.22451800107955933 0.29538199305534363 6.494585990905762 -0.36893999576568604 -0.4745140075683594 0.7991989850997925 2.7215890884399414 -0.0392719991505146 -0.8511329889297485 -0.5234789848327637 1.8509910106658936 0.0 0.0 0.0 1.0
0.9299269914627075 -0.22372500598430634 0.29186099767684937 6.494119167327881 -0.3655349910259247 -0.4754739999771118 0.8001930117607117 2.7216830253601074 -0.040251001715660095 -0.8508070111274719 -0.5239350199699402 1.8497710227966309 0.0 0.0 0.0 1.0
0.930528998374939 -0.2240920066833496 0.2896519899368286 6.490645885467529 -0.36386799812316895 -0.47628000378608704 0.8004739880561829 2.7211480140686035 -0.04142500087618828 -0.850259006023407 -0.5247319936752319 1.8489960432052612 0.0 0.0 0.0 1.0
0.9331820011138916 -0.22089000046253204 0.2835119962692261 6.493337154388428 -0.35698699951171875 -0.47835201025009155 0.8023340106010437 2.720505952835083 -0.04160900041460991 -0.8499339818954468 -0.5252439975738525 1.8492430448532104 0.0 0.0 0.0 1.0
0.934128999710083 -0.21969200670719147 0.28131601214408875 6.4908528327941895 -0.35448500514030457 -0.47879499197006226 0.8031790256500244 2.720643997192383 -0.04175899922847748 -0.8499950170516968 -0.5251330137252808 1.8482890129089355 0.0 0.0 0.0 1.0
0.935263991355896 -0.21870799362659454 0.27829599380493164 6.488379001617432 -0.3515230119228363 -0.4819760024547577 0.8025779724121094 2.7210230827331543 -0.041398998349905014 -0.8484489917755127 -0.5276550054550171 1.8500980138778687 0.0 0.0 0.0 1.0
0.9372569918632507 -0.21376900374889374 0.27541300654411316 6.484488010406494 -0.34636300802230835 -0.48080599308013916 0.8055179715156555 2.7142670154571533 -0.03977400064468384 -0.8503699898719788 -0.5246800184249878 1.8448450565338135 0.0 0.0 0.0 1.0
0.9386900067329407 -0.21090899407863617 0.2727220058441162 6.482466220855713 -0.34259501099586487 -0.4821169972419739 0.8063449859619141 2.712409019470215 -0.03858200088143349 -0.8503419756889343 -0.524815022945404 1.8426990509033203 0.0 0.0 0.0 1.0
0.9405750036239624 -0.20747999846935272 0.2688310146331787 6.481997966766357 -0.33760398626327515 -0.4859279990196228 0.8061619997024536 2.713608980178833 -0.03663000091910362 -0.8490149974822998 -0.5270980000495911 1.8435699939727783 0.0 0.0 0.0 1.0
0.9423670172691345 -0.20498600602149963 0.2644349932670593 6.479193210601807 -0.3326280117034912 -0.4886919856071472 0.8065599799156189 2.713797092437744 -0.03610600158572197 -0.8480340242385864 -0.5287110209465027 1.8450180292129517 0.0 0.0 0.0 1.0
0.9442980289459229 -0.20238499343395233 0.25950199365615845 6.477619171142578 -0.3270539939403534 -0.4895220100879669 0.80833500623703 2.713963031768799 -0.036563001573085785 -0.8481799960136414 -0.5284450054168701 1.8450249433517456 0.0 0.0 0.0 1.0
0.946196973323822 -0.20144100487232208 0.253244012594223 6.473567962646484 -0.3212130069732666 -0.48999398946762085 0.8103880286216736 2.7112679481506348 -0.03915699943900108 -0.8481320142745972 -0.5283359885215759 1.846763014793396 0.0 0.0 0.0 1.0
0.949409008026123 -0.19830100238323212 0.2435149997472763 6.474277019500732 -0.31126299500465393 -0.4912639856338501 0.8134959936141968 2.7097859382629395 -0.041687000542879105 -0.8481370210647583 -0.5281339883804321 1.84819495677948 0.0 0.0 0.0 1.0
0.9515810012817383 -0.19582399725914001 0.236954003572464 6.470137119293213 -0.3042919933795929 -0.4907419979572296 0.8164430260658264 2.7065110206604004 -0.043595001101493835 -0.8490139842033386 -0.5265679955482483 1.8475149869918823 0.0 0.0 0.0 1.0
0.95455402135849 -0.19246000051498413 0.22756299376487732 6.468503952026367 -0.2944839894771576 -0.49151599407196045 0.8195679783821106 2.7040328979492188 -0.045882999897003174 -0.8493360280990601 -0.5258550047874451 1.8479399681091309 0.0 0.0 0.0 1.0
0.9573670029640198 -0.18886399269104004 0.21858100593090057 6.466584205627441 -0.28492799401283264 -0.4927600026130676 0.82219398021698 2.701993942260742 -0.047575000673532486 -0.8494219779968262 -0.5255659818649292 1.8482569456100464 0.0 0.0 0.0 1.0
0.959526002407074 -0.18419300019741058 0.21303099393844604 6.460011959075928 -0.2777009904384613 -0.49310100078582764 0.8244600296020508 2.6967380046844482 -0.046813998371362686 -0.8502500057220459 -0.5242940187454224 1.8471299409866333 0.0 0.0 0.0 1.0
0.9618980288505554 -0.1794230043888092 0.2063010036945343 6.454864978790283 -0.2693850100040436 -0.49297499656677246 0.8272889852523804 2.6916658878326416 -0.046734001487493515 -0.8513420224189758 -0.5225250124931335 1.8447879552841187 0.0 0.0 0.0 1.0
0.964572012424469 -0.1742279976606369 0.19810600578784943 6.454024791717529 -0.2597639858722687 -0.4960179924964905 0.8285470008850098 2.692816972732544 -0.04609199985861778 -0.8506529927253723 -0.5237029790878296 1.8469029664993286 0.0 0.0 0.0 1.0
0.9666730165481567 -0.1695690006017685 0.19180500507354736 6.452102184295654 -0.2519359886646271 -0.49689701199531555 0.8304349780082703 2.6901021003723145 -0.04550899937748909 -0.8510820269584656 -0.5230569839477539 1.8468999862670898 0.0 0.0 0.0 1.0
0.9687420129776001 -0.16461099684238434 0.18558399379253387 6.449801921844482 -0.24401900172233582 -0.4977079927921295 0.8323109745979309 2.687839984893799 -0.04464000090956688 -0.8515809774398804 -0.5223190188407898 1.846837043762207 0.0 0.0 0.0 1.0
0.9704369902610779 -0.16008499264717102 0.18062299489974976 6.446642875671387 -0.23739999532699585 -0.49820300936698914 0.8339279890060425 2.6858010292053223 -0.04351300001144409 -0.852154016494751 -0.5214790105819702 1.8473089933395386 0.0 0.0 0.0 1.0
0.9716950058937073 -0.15692999958992004 0.17658500373363495 6.443576812744141 -0.23229800164699554 -0.4987269937992096 0.8350510001182556 2.6842920780181885 -0.04297700151801109 -0.8524349927902222 -0.5210649967193604 1.8483710289001465 0.0 0.0 0.0 1.0
0.9729989767074585 -0.15309999883174896 0.17272299528121948 6.442471981048584 -0.22693799436092377 -0.49810200929641724 0.8368949890136719 2.682662010192871 -0.04209500178694725 -0.8534950017929077 -0.5193970203399658 1.8480570316314697 0.0 0.0 0.0 1.0
0.9734050035476685 -0.15209899842739105 0.17131300270557404 6.439720153808594 -0.22518500685691833 -0.4977729916572571 0.8375639915466309 2.6815710067749023 -0.042118001729249954 -0.8538659811019897 -0.5187860131263733 1.8487679958343506 0.0 0.0 0.0 1.0
0.9739220142364502 -0.1508750021457672 0.16944600641727448 6.4360270500183105 -0.22295300662517548 -0.4980440139770508 0.8379999995231628 2.6800079345703125 -0.042041998356580734 -0.8539249897003174 -0.5186949968338013 1.848855972290039 0.0 0.0 0.0 1.0
0.9751560091972351 -0.147256001830101 0.16548800468444824 6.433135986328125 -0.21763299405574799 -0.49754399061203003 0.8396940231323242 2.6752169132232666 -0.04131200164556503 -0.8548489809036255 -0.5172299742698669 1.8472130298614502 0.0 0.0 0.0 1.0
0.9757339954376221 -0.14755600690841675 0.16177000105381012 6.427783966064453 -0.21450600028038025 -0.495961993932724 0.8414329886436462 2.671643018722534 -0.04392699897289276 -0.8557159900665283 -0.5155789852142334 1.845229983329773 0.0 0.0 0.0 1.0
0.9770280122756958 -0.14650900661945343 0.15476199984550476 6.425454139709473 -0.2079409956932068 -0.49641498923301697 0.8428130149841309 2.6691229343414307 -0.04665299877524376 -0.855633020401001 -0.5154759883880615 1.844228982925415 0.0 0.0 0.0 1.0
0.9783480167388916 -0.14472900331020355 0.1479479968547821 6.422792911529541 -0.2012079954147339 -0.49765700101852417 0.8437139987945557 2.66737699508667 -0.048482999205589294 -0.85521399974823 -0.5160030126571655 1.8422659635543823 0.0 0.0 0.0 1.0
0.9798550009727478 -0.141526997089386 0.14090800285339355 6.419798851013184 -0.19367699325084686 -0.5012570023536682 0.8433449864387512 2.6671841144561768 -0.04872500151395798 -0.8536459803581238 -0.5185689926147461 1.8409030437469482 0.0 0.0 0.0 1.0
0.9812039732933044 -0.13909099996089935 0.13376300036907196 6.415656089782715 -0.18646900355815887 -0.5049290060997009 0.8427789807319641 2.6645190715789795 -0.04968300089240074 -0.8518810272216797 -0.521373987197876 1.839156985282898 0.0 0.0 0.0 1.0
0.982795000076294 -0.1359190046787262 0.12506000697612762 6.411654949188232 -0.17759299278259277 -0.5093839764595032 0.8420150279998779 2.6636390686035156 -0.050742000341415405 -0.8497380018234253 -0.524757981300354 1.8396589756011963 0.0 0.0 0.0 1.0
0.9848849773406982 -0.13030700385570526 0.11410699784755707 6.407629013061523 -0.16545000672340393 -0.5128309726715088 0.8423960208892822 2.6630070209503174 -0.05125200003385544 -0.8485429883003235 -0.5266389846801758 1.8414340019226074 0.0 0.0 0.0 1.0
0.9865660071372986 -0.12555000185966492 0.1045209988951683 6.399712085723877 -0.1548060029745102 -0.5141429901123047 0.8436189889907837 2.661884069442749 -0.052177999168634415 -0.8484659790992737 -0.5266720056533813 1.8423700332641602 0.0 0.0 0.0 1.0
0.9886639714241028 -0.11845199763774872 0.09227000176906586 6.394710063934326 -0.14061599969863892 -0.5149589776992798 0.8456029891967773 2.6578080654144287 -0.05264800041913986 -0.8489919900894165 -0.5257769823074341 1.841194987297058 0.0 0.0 0.0 1.0
0.9910640120506287 -0.1069440022110939 0.07972200214862823 6.389235019683838 -0.12390200048685074 -0.5166929960250854 0.8471580147743225 2.651732921600342 -0.049407001584768295 -0.849465012550354 -0.5253260135650635 1.8404109477996826 0.0 0.0 0.0 1.0
0.992887020111084 -0.09759700298309326 0.0681919977068901 6.383978843688965 -0.10924000293016434 -0.5189809799194336 0.8477770090103149 2.6504769325256348 -0.04735000059008598 -0.8491960167884827 -0.5259510278701782 1.8415839672088623 0.0 0.0 0.0 1.0
0.9944279789924622 -0.08832699805498123 0.05753900110721588 6.377678871154785 -0.09529200196266174 -0.519819974899292 0.8489450216293335 2.648108959197998 -0.04507499933242798 -0.8496969938278198 -0.5253400206565857 1.8404680490493774 0.0 0.0 0.0 1.0
0.9956849813461304 -0.08009099960327148 0.04686399921774864 6.36984395980835 -0.08183600008487701 -0.519802987575531 0.8503580093383789 2.643768072128296 -0.04374599829316139 -0.8505240082740784 -0.5241140127182007 1.8390010595321655 0.0 0.0 0.0 1.0
0.9968429803848267 -0.07113300263881683 0.03527599945664406 6.362777233123779 -0.06732700020074844 -0.5217779874801636 0.8504210114479065 2.642425060272217 -0.042086999863386154 -0.8501099944114685 -0.5249199867248535 1.8402769565582275 0.0 0.0 0.0 1.0
0.9977759718894958 -0.0622280016541481 0.02390499971807003 6.3553972244262695 -0.05299200117588043 -0.52286297082901 0.8507680296897888 2.640054941177368 -0.040442999452352524 -0.8501430153846741 -0.5249969959259033 1.8408989906311035 0.0 0.0 0.0 1.0
0.9985349774360657 -0.05264899879693985 0.012519000098109245 6.349421977996826 -0.03829599916934967 -0.5239949822425842 0.8508599996566772 2.6379098892211914 -0.03823700174689293 -0.8500930070877075 -0.5252429842948914 1.8415470123291016 0.0 0.0 0.0 1.0
0.9990450143814087 -0.04365000128746033 0.0016370000084862113 6.342731952667236 -0.02435999922454357 -0.525672972202301 0.8503379821777344 2.636712074279785 -0.036256998777389526 -0.8495659828186035 -0.526233971118927 1.8436670303344727 0.0 0.0 0.0 1.0
0.9993600249290466 -0.034407999366521835 -0.009800000116229057 6.33597993850708 -0.009752999991178513 -0.5255460143089294 0.8507090210914612 2.634788990020752 -0.034421999007463455 -0.850068986415863 -0.5255450010299683 1.8448890447616577 0.0 0.0 0.0 1.0
0.9994239807128906 -0.026402000337839127 -0.021323999390006065 6.328711986541748 0.004308000206947327 -0.5245500206947327 0.8513690233230591 2.632327079772949 -0.033663999289274216 -0.8509699702262878 -0.5241339802742004 1.8454509973526 0.0 0.0 0.0 1.0
0.9993249773979187 -0.013759000226855278 -0.03405199944972992 6.322426795959473 0.021803999319672585 -0.5238490104675293 0.851531982421875 2.626383066177368 -0.02955400012433529 -0.8517000079154968 -0.5231959819793701 1.845033049583435 0.0 0.0 0.0 1.0
0.9989420175552368 -0.006000999826937914 -0.045604001730680466 6.314994812011719 0.035711001604795456 -0.5236939787864685 0.8511580228805542 2.6237881183624268 -0.02899100072681904 -0.8518850207328796 -0.5229259729385376 1.8464939594268799 0.0 0.0 0.0 1.0
0.9984059929847717 0.002638000063598156 -0.056373000144958496 6.309421062469482 0.0494379997253418 -0.5226230025291443 0.8511300086975098 2.6198019981384277 -0.027217000722885132 -0.8525599837303162 -0.5219200253486633 1.8451449871063232 0.0 0.0 0.0 1.0
0.9976969957351685 0.012543999589979649 -0.06666299700737 6.305008888244629 0.0633620023727417 -0.5232049822807312 0.8498479723930359 2.6185998916625977 -0.02421800047159195 -0.8521149754524231 -0.5227950215339661 1.8459910154342651 0.0 0.0 0.0 1.0
0.99686199426651 0.021400000900030136 -0.07621599733829498 6.300594806671143 0.07614900171756744 -0.5223749876022339 0.8493090271949768 2.615294933319092 -0.02163900062441826 -0.852446973323822 -0.5223659873008728 1.8453810214996338 0.0 0.0 0.0 1.0
0.9960039854049683 0.029174000024795532 -0.08440600335597992 6.296268939971924 0.08719199895858765 -0.522072970867157 0.8484330177307129 2.613063097000122 -0.019314000383019447 -0.8524019718170166 -0.5225300192832947 1.8455560207366943 0.0 0.0 0.0 1.0
0.9950670003890991 0.03606700152158737 -0.09241300076246262 6.29237699508667 0.0976250022649765 -0.5214849710464478 0.8476570248603821 2.609442949295044 -0.01761999912559986 -0.8524979948997498 -0.5224339962005615 1.8447450399398804 0.0 0.0 0.0 1.0
0.9940620064735413 0.04211999848484993 -0.10033699870109558 6.288496017456055 0.1075270026922226 -0.5218300223350525 0.8462460041046143 2.6079599857330322 -0.016714999452233315 -0.8520089983940125 -0.5232599973678589 1.8459670543670654 0.0 0.0 0.0 1.0
0.9930809736251831 0.04712599888443947 -0.10756000131368637 6.283450126647949 0.11631400138139725 -0.5207449793815613 0.8457520008087158 2.605731964111328 -0.016154000535607338 -0.8524109721183777 -0.5226230025291443 1.8462209701538086 0.0 0.0 0.0 1.0
0.9918799996376038 0.05198200047016144 -0.11607100069522858 6.279139041900635 0.126119002699852 -0.519661009311676 0.8450130224227905 2.6022489070892334 -0.01639300025999546 -0.8527899980545044 -0.5219969749450684 1.8464690446853638 0.0 0.0 0.0 1.0
0.990676999092102 0.05821000039577484 -0.12317200005054474 6.276228904724121 0.13543100655078888 -0.5188480019569397 0.8440709710121155 2.6001880168914795 -0.014774000272154808 -0.852882981300354 -0.5218939781188965 1.8461790084838867 0.0 0.0 0.0 1.0
0.989441990852356 0.06259500235319138 -0.13071699440479279 6.273441791534424 0.1441439986228943 -0.5189129710197449 0.8425869941711426 2.599483013153076 -0.015088999643921852 -0.8525320291519165 -0.5224570035934448 1.8469229936599731 0.0 0.0 0.0 1.0
0.9880660176277161 0.06768999993801117 -0.13835899531841278 6.270453929901123 0.1533229947090149 -0.5181739926338196 0.8414199948310852 2.5966880321502686 -0.014737999998033047 -0.8525919914245605 -0.5223690271377563 1.8464699983596802 0.0 0.0 0.0 1.0
0.9867960214614868 0.07206600159406662 -0.1450520008802414 6.266683101654053 0.16131499409675598 -0.5176470279693604 0.8402500152587891 2.5932528972625732 -0.014531999826431274 -0.8525540232658386 -0.5224369764328003 1.845263957977295 0.0 0.0 0.0 1.0
0.9854819774627686 0.07594700157642365 -0.15184499323368073 6.264410018920898 0.16909900307655334 -0.5190349817276001 0.8378599882125854 2.5925331115722656 -0.015180000104010105 -0.851373016834259 -0.5243420004844666 1.845844030380249 0.0 0.0 0.0 1.0
0.9841240048408508 0.07942300289869308 -0.15872099995613098 6.261402130126953 0.17676299810409546 -0.5190860033035278 0.8362439870834351 2.592241048812866 -0.01597299985587597 -0.8510239720344543 -0.5248839855194092 1.8480730056762695 0.0 0.0 0.0 1.0
0.9826220273971558 0.0806879997253418 -0.1671620011329651 6.259861946105957 0.18465900421142578 -0.5163559913635254 0.8362280130386353 2.5936360359191895 -0.018842000514268875 -0.8525639772415161 -0.5222830176353455 1.8515280485153198 0.0 0.0 0.0 1.0
0.9809179902076721 0.08071699738502502 -0.17687100172042847 6.258815765380859 0.19314299523830414 -0.5085989832878113 0.8390600085258484 2.591123104095459 -0.02222999930381775 -0.8572120070457458 -0.5144839882850647 1.8504010438919067 0.0 0.0 0.0 1.0
0.9794380068778992 0.07972200214862823 -0.18532399833202362 6.257662773132324 0.2000029981136322 -0.5041130185127258 0.8401600122451782 2.590475082397461 -0.026444999501109123 -0.8599500060081482 -0.5096920132637024 1.8506120443344116 0.0 0.0 0.0 1.0
0.9777539968490601 0.08144400268793106 -0.19329899549484253 6.256476879119873 0.2078769952058792 -0.4993399977684021 0.8410990238189697 2.5889790058135986 -0.028018999844789505 -0.8625699877738953 -0.5051620006561279 1.8508330583572388 0.0 0.0 0.0 1.0
0.9759389758110046 0.08402000367641449 -0.2012069970369339 6.256814956665039 0.21612200140953064 -0.49503400921821594 0.8415660262107849 2.589608907699585 -0.028896000236272812 -0.8648020029067993 -0.5012810230255127 1.850795030593872 0.0 0.0 0.0 1.0
0.9738699793815613 0.08936499804258347 -0.20878300070762634 6.254557132720947 0.22547000646591187 -0.4905480146408081 0.8417400121688843 2.5888888835906982 -0.027195999398827553 -0.8668199777603149 -0.4978789985179901 1.850451946258545 0.0 0.0 0.0 1.0
0.9713180065155029 0.09561199694871902 -0.21771499514579773 6.25408411026001 0.23640500009059906 -0.4868060052394867 0.8409119844436646 2.588347911834717 -0.02558399923145771 -0.868261992931366 -0.4954470098018646 1.848997950553894 0.0 0.0 0.0 1.0
0.9685789942741394 0.10362400114536285 -0.22608999907970428 6.255664825439453 0.24772100150585175 -0.48277199268341064 0.8399800062179565 2.5876450538635254 -0.02210799977183342 -0.8695939779281616 -0.49327200651168823 1.844751000404358 0.0 0.0 0.0 1.0
0.9660789966583252 0.1124190017580986 -0.2324949949979782 6.257355213165283 0.25759100914001465 -0.4836980104446411 0.8364710211753845 2.5883870124816895 -0.018422000110149384 -0.8679850101470947 -0.4962480068206787 1.8407520055770874 0.0 0.0 0.0 1.0
0.9641900062561035 0.12197300046682358 -0.23549899458885193 6.256556987762451 0.2648659944534302 -0.48820000886917114 0.8315690159797668 2.5921831130981445 -0.013542000204324722 -0.8641660213470459 -0.5030239820480347 1.8400609493255615 0.0 0.0 0.0 1.0
0.9622970223426819 0.1302410066127777 -0.2387930005788803 6.255742073059082 0.27183398604393005 -0.49132999777793884 0.8274670243263245 2.59775710105896 -0.009557000361382961 -0.8611810207366943 -0.5082089900970459 1.8420000076293945 0.0 0.0 0.0 1.0
0.9604920148849487 0.13619199395179749 -0.2427069991827011 6.256743907928467 0.27822399139404297 -0.4912489950656891 0.8253880143165588 2.6032209396362305 -0.006818000227212906 -0.8603060245513916 -0.5097330212593079 1.8428159952163696 0.0 0.0 0.0 1.0
0.9590209722518921 0.141075000166893 -0.24571500718593597 6.257866859436035 0.28329798579216003 -0.4911609888076782 0.8237130045890808 2.6091771125793457 -0.004480000119656324 -0.8595690131187439 -0.5109999775886536 1.8438609838485718 0.0 0.0 0.0 1.0
0.9550520181655884 0.15219299495220184 -0.2543869912624359 6.2632012367248535 0.29643601179122925 -0.4867149889469147 0.8217269778251648 2.620242118835449 0.0012469999492168427 -0.8602010011672974 -0.5099530220031738 1.8444249629974365 0.0 0.0 0.0 1.0
0.9533010125160217 0.15607699751853943 -0.2585659921169281 6.268959999084473 0.3020060062408447 -0.4841749966144562 0.8211989998817444 2.6275949478149414 0.002979000099003315 -0.8609380125999451 -0.5087010264396667 1.8441729545593262 0.0 0.0 0.0 1.0
0.9528869986534119 0.15874600410461426 -0.2584669888019562 6.266488075256348 0.30326101183891296 -0.4811890125274658 0.8224899768829346 2.6341710090637207 0.006194999907165766 -0.8621230125427246 -0.5066609978675842 1.8460509777069092 0.0 0.0 0.0 1.0
0.950829029083252 0.1621679961681366 -0.26386499404907227 6.271012783050537 0.30962899327278137 -0.4776099920272827 0.8222039937973022 2.642569065093994 0.007309999782592058 -0.8634759783744812 -0.5043370127677917 1.8467299938201904 0.0 0.0 0.0 1.0
0.9486449956893921 0.16550500690937042 -0.2695949971675873 6.277903079986572 0.3162350058555603 -0.4737260043621063 0.8219360113143921 2.652362108230591 0.008320000022649765 -0.8649809956550598 -0.5017359852790833 1.8471599817276 0.0 0.0 0.0 1.0
0.9473339915275574 0.16946099698543549 -0.27173900604248047 6.285481929779053 0.3200559914112091 -0.47154700756073 0.821711003780365 2.6641080379486084 0.011110000312328339 -0.8654059767723083 -0.5009490251541138 1.8491460084915161 0.0 0.0 0.0 1.0
0.946370005607605 0.17462599277496338 -0.2718279957771301 6.2931318283081055 0.32264500856399536 -0.4668860137462616 0.8233579993247986 2.6771531105041504 0.016867000609636307 -0.8669049739837646 -0.4981890022754669 1.8506829738616943 0.0 0.0 0.0 1.0
0.9456049799919128 0.1775979995727539 -0.2725619971752167 6.299951076507568 0.3246220052242279 -0.4603880047798157 0.826233983039856 2.690129041671753 0.02125299908220768 -0.8697710037231445 -0.49299800395965576 1.8527710437774658 0.0 0.0 0.0 1.0
0.943494975566864 0.1849460005760193 -0.27497598528862 6.309948921203613 0.33014199137687683 -0.4527359902858734 0.8282740116119385 2.7020599842071533 0.028694000095129013 -0.8722530007362366 -0.488211989402771 1.8516050577163696 0.0 0.0 0.0 1.0
0.9415850043296814 0.19251500070095062 -0.276324987411499 6.31841516494751 0.3348659873008728 -0.447952002286911 0.8289780020713806 2.7168970108032227 0.03581000119447708 -0.8730850219726562 -0.48625099658966064 1.8537709712982178 0.0 0.0 0.0 1.0
0.9390339851379395 0.19809600710868835 -0.281019002199173 6.323017120361328 0.3414759933948517 -0.44200798869132996 0.829472005367279 2.730030059814453 0.0401029996573925 -0.8748639822006226 -0.4827060103416443 1.856531023979187 0.0 0.0 0.0 1.0
0.9342730045318604 0.1997389942407608 -0.2953619956970215 6.332773208618164 0.3546609878540039 -0.43519800901412964 0.827538013458252 2.745814085006714 0.036750998347997665 -0.8778989911079407 -0.4774329960346222 1.8588290214538574 0.0 0.0 0.0 1.0
0.9266480207443237 0.20488299429416656 -0.31519201397895813 6.342905044555664 0.37434500455856323 -0.4259839951992035 0.823652982711792 2.759390115737915 0.03448500111699104 -0.8812270164489746 -0.47143399715423584 1.8608330488204956 0.0 0.0 0.0 1.0
0.918599009513855 0.2078550010919571 -0.33611398935317993 6.355457782745361 0.39410400390625 -0.41875600814819336 0.8181229829788208 2.773097038269043 0.029301000759005547 -0.883991003036499 -0.4665850102901459 1.8604960441589355 0.0 0.0 0.0 1.0
0.9096570014953613 0.21528099477291107 -0.35521700978279114 6.36836576461792 0.41444799304008484 -0.41376200318336487 0.8105760216712952 2.7877089977264404 0.027526000514626503 -0.884564995765686 -0.4656040072441101 1.8601280450820923 0.0 0.0 0.0 1.0
0.9016330242156982 0.22119900584220886 -0.37165600061416626 6.381478786468506 0.4318319857120514 -0.41260600090026855 0.802046000957489 2.8046469688415527 0.024064000695943832 -0.8836439847946167 -0.4675399959087372 1.8620409965515137 0.0 0.0 0.0 1.0
0.8945450186729431 0.2261659950017929 -0.38553500175476074 6.392831802368164 0.4464539885520935 -0.4103519916534424 0.7951670289039612 2.823333978652954 0.021633999422192574 -0.8834360241889954 -0.4680519998073578 1.8665200471878052 0.0 0.0 0.0 1.0
0.8885840177536011 0.22541899979114532 -0.39950600266456604 6.405788898468018 0.45844700932502747 -0.4066700041294098 0.7902190089225769 2.839855909347534 0.015664000064134598 -0.8853279948234558 -0.4647029936313629 1.8683229684829712 0.0 0.0 0.0 1.0
0.8818349838256836 0.22470900416374207 -0.4145750105381012 6.416947841644287 0.4714759886264801 -0.4037399888038635 0.7840309739112854 2.859549045562744 0.008798000402748585 -0.886847972869873 -0.4619770050048828 1.8737510442733765 0.0 0.0 0.0 1.0
0.8746870160102844 0.2228350043296814 -0.43042701482772827 6.433797836303711 0.48466798663139343 -0.39395201206207275 0.7809600234031677 2.8757081031799316 0.00445799995213747 -0.8917099833488464 -0.45258501172065735 1.8731839656829834 0.0 0.0 0.0 1.0
0.8710089921951294 0.22247399389743805 -0.4380060136318207 6.449329853057861 0.49125099182128906 -0.38719698786735535 0.7802249789237976 2.8920109272003174 0.003984999842941761 -0.8947539925575256 -0.44654300808906555 1.8711719512939453 0.0 0.0 0.0 1.0
0.8725550174713135 0.22252799570560455 -0.4348889887332916 6.459010124206543 0.4884839951992035 -0.3873229920864105 0.781898021697998 2.9061810970306396 0.0055519999004900455 -0.8946859836578369 -0.4466620087623596 1.8697309494018555 0.0 0.0 0.0 1.0
0.8705949783325195 0.23043900728225708 -0.4346970021724701 6.472157001495361 0.4918290078639984 -0.38436898589134216 0.7812579870223999 2.9262239933013916 0.012947999872267246 -0.8939560055732727 -0.447966992855072 1.8702260255813599 0.0 0.0 0.0 1.0
0.8699870109558105 0.23773500323295593 -0.4319779872894287 6.4817352294921875 0.49262499809265137 -0.38166698813438416 0.7820810079574585 2.947761058807373 0.021057000383734703 -0.8932030200958252 -0.44916000962257385 1.8716720342636108 0.0 0.0 0.0 1.0
0.8693789839744568 0.24231599271297455 -0.43065300583839417 6.490809917449951 0.49337801337242126 -0.37711000442504883 0.7838159799575806 2.966418981552124 0.027527999132871628 -0.8939080238342285 -0.44740501046180725 1.8719919919967651 0.0 0.0 0.0 1.0
0.8681759834289551 0.24417699873447418 -0.43202701210975647 6.502571105957031 0.49535301327705383 -0.3739129900932312 0.7841010093688965 2.9858570098876953 0.02991900034248829 -0.8947439789772034 -0.4455769956111908 1.8702969551086426 0.0 0.0 0.0 1.0
0.8667420148849487 0.24615399539470673 -0.4337809979915619 6.513462066650391 0.4978559911251068 -0.3747729957103729 0.7821030020713806 3.0063560009002686 0.029949000105261803 -0.8938419818878174 -0.44738098978996277 1.86872398853302 0.0 0.0 0.0 1.0
0.8642259836196899 0.2506200075149536 -0.43623799085617065 6.52533483505249 0.5021139979362488 -0.3752700090408325 0.7791370153427124 3.0290610790252686 0.03156000003218651 -0.89239102602005 -0.4501579999923706 1.8672930002212524 0.0 0.0 0.0 1.0
0.8632959723472595 0.25552499294281006 -0.4352310001850128 6.537092208862305 0.5034629702568054 -0.37574300169944763 0.7780370116233826 3.052074909210205 0.035273000597953796 -0.8907999992370605 -0.4530259966850281 1.8670250177383423 0.0 0.0 0.0 1.0
0.8651520013809204 0.256072998046875 -0.43120598793029785 6.544960975646973 0.500108003616333 -0.37626200914382935 0.7799479961395264 3.0756609439849854 0.037477001547813416 -0.8904229998588562 -0.45358800888061523 1.867337942123413 0.0 0.0 0.0 1.0
0.8665459752082825 0.2537960112094879 -0.4297510087490082 6.554035186767578 0.49780499935150146 -0.37757301330566406 0.7807869911193848 3.1008920669555664 0.03589800000190735 -0.8905199766159058 -0.45352599024772644 1.868839979171753 0.0 0.0 0.0 1.0
0.8685950040817261 0.24767500162124634 -0.42918598651885986 6.559483051300049 0.4944550096988678 -0.37637799978256226 0.7834889888763428 3.122838020324707 0.032513998448848724 -0.8927469849586487 -0.4493829905986786 1.8691229820251465 0.0 0.0 0.0 1.0
0.8694720268249512 0.24263699352741241 -0.4302850067615509 6.567864894866943 0.4930419921875 -0.37252500653266907 0.7862160205841064 3.1449809074401855 0.030472999438643456 -0.8957409858703613 -0.44352999329566956 1.8681199550628662 0.0 0.0 0.0 1.0
0.8694189786911011 0.2379080057144165 -0.4330250024795532 6.584772109985352 0.49332699179649353 -0.36977100372314453 0.787335991859436 3.1719810962677 0.02719300054013729 -0.8981480002403259 -0.4388520121574402 1.865543007850647 0.0 0.0 0.0 1.0
0.8710089921951294 0.23508599400520325 -0.43136799335479736 6.59290885925293 0.49048399925231934 -0.36657199263572693 0.7906020283699036 3.198957920074463 0.0277319997549057 -0.9002000093460083 -0.43459299206733704 1.8642940521240234 0.0 0.0 0.0 1.0
0.8721429705619812 0.23196400701999664 -0.4307659864425659 6.604095935821533 0.48850300908088684 -0.36417800188064575 0.7929310202598572 3.222898006439209 0.027055999264121056 -0.9019799828529358 -0.4309299886226654 1.8604680299758911 0.0 0.0 0.0 1.0
0.8715810179710388 0.23300999402999878 -0.43133699893951416 6.61204719543457 0.489439994096756 -0.362976998090744 0.7929040193557739 3.245676040649414 0.028189999982714653 -0.9021940231323242 -0.4304080009460449 1.8565820455551147 0.0 0.0 0.0 1.0
0.870881974697113 0.2341119945049286 -0.43215298652648926 6.613042831420898 0.49066099524497986 -0.3630099892616272 0.7921339869499207 3.2636330127716064 0.028572000563144684 -0.9018959999084473 -0.4310080111026764 1.8550440073013306 0.0 0.0 0.0 1.0
0.8672940135002136 0.23681500554084778 -0.4378589987754822 6.620121002197266 0.4970020055770874 -0.36225399374961853 0.7885180115699768 3.292726993560791 0.028116999194025993 -0.901494026184082 -0.431878000497818 1.8564540147781372 0.0 0.0 0.0 1.0
0.8643079996109009 0.23704800009727478 -0.44359898567199707 6.625566005706787 0.5022749900817871 -0.3606869876384735 0.7858909964561462 3.315416097640991 0.026294000446796417 -0.9020609855651855 -0.43080800771713257 1.8585840463638306 0.0 0.0 0.0 1.0
0.8633630275726318 0.23329000174999237 -0.44741401076316833 6.633431911468506 0.5039929747581482 -0.35583600401878357 0.7870020270347595 3.3354809284210205 0.024393999949097633 -0.9049620032310486 -0.424793004989624 1.8561480045318604 0.0 0.0 0.0 1.0
0.855197012424469 0.23660799860954285 -0.46114400029182434 6.664144039154053 0.517786979675293 -0.3503510057926178 0.7804809808731079 3.3733720779418945 0.02310599945485592 -0.9062399864196777 -0.4221319854259491 1.8526519536972046 0.0 0.0 0.0 1.0
0.8507270216941833 0.23951099812984467 -0.4678640067577362 6.665071964263916 0.5250740051269531 -0.3472039997577667 0.777010977268219 3.3951330184936523 0.023659000173211098 -0.9066889882087708 -0.4211370050907135 1.8562320470809937 0.0 0.0 0.0 1.0
0.8455020189285278 0.242466002702713 -0.4757480025291443 6.674118995666504 0.533286988735199 -0.3383210003376007 0.7753350138664246 3.411595106124878 0.0270370002835989 -0.9092569947242737 -0.41535499691963196 1.8554400205612183 0.0 0.0 0.0 1.0
0.8416540026664734 0.24876800179481506 -0.4793039858341217 6.6836090087890625 0.5390110015869141 -0.33283698558807373 0.7737489938735962 3.4349489212036133 0.03295399993658066 -0.9095789790153503 -0.41422200202941895 1.854725956916809 0.0 0.0 0.0 1.0
0.8396919965744019 0.2569200098514557 -0.47844499349594116 6.695199012756348 0.541592001914978 -0.3313570022583008 0.7725809812545776 3.4528610706329346 0.03995500132441521 -0.9078519940376282 -0.41738298535346985 1.8540500402450562 0.0 0.0 0.0 1.0
0.8375830054283142 0.2671250104904175 -0.4765489995479584 6.700364112854004 0.5441370010375977 -0.33018699288368225 0.771291971206665 3.4791460037231445 0.048680998384952545 -0.9053289890289307 -0.4219120144844055 1.8591530323028564 0.0 0.0 0.0 1.0
0.8360419869422913 0.2698419988155365 -0.4777219891548157 6.708769798278809 0.5462549924850464 -0.32785698771476746 0.7707890272140503 3.501209020614624 0.05136699974536896 -0.9053699970245361 -0.42150500416755676 1.8614929914474487 0.0 0.0 0.0 1.0
0.8347659707069397 0.27054598927497864 -0.4795520007610321 6.7155680656433105 0.5482149720191956 -0.32733699679374695 0.7696170210838318 3.517246961593628 0.051242001354694366 -0.905348002910614 -0.42156699299812317 1.8626580238342285 0.0 0.0 0.0 1.0
0.830839991569519 0.27067700028419495 -0.48625001311302185 6.72516393661499 0.554531991481781 -0.32904699444770813 0.7643439769744873 3.5432119369506836 0.046891000121831894 -0.9046890139579773 -0.42348501086235046 1.8669099807739258 0.0 0.0 0.0 1.0
0.8263980150222778 0.2704069912433624 -0.49390900135040283 6.735621929168701 0.5613729953765869 -0.32727301120758057 0.7601000070571899 3.559225082397461 0.0438929982483387 -0.9054129719734192 -0.4222570061683655 1.866778016090393 0.0 0.0 0.0 1.0
0.819881021976471 0.27501198649406433 -0.502157986164093 6.749173164367676 0.570779025554657 -0.32399800419807434 0.7544779777526855 3.5867860317230225 0.04479299858212471 -0.9052039980888367 -0.4226109981536865 1.8674860000610352 0.0 0.0 0.0 1.0
0.8160439729690552 0.278656005859375 -0.5063819885253906 6.749020099639893 0.5760639905929565 -0.32064899802207947 0.7518879771232605 3.5981969833374023 0.0471469983458519 -0.9052820205688477 -0.4221870005130768 1.866940975189209 0.0 0.0 0.0 1.0
0.8111000061035156 0.2821640074253082 -0.5123479962348938 6.7562031745910645 0.5829499959945679 -0.31836798787117004 0.7475370168685913 3.61330509185791 0.04781299829483032 -0.9049999713897705 -0.4227159917354584 1.867184042930603 0.0 0.0 0.0 1.0
0.8019530177116394 0.2873690128326416 -0.5237269997596741 6.76639986038208 0.5954549908638 -0.31407201290130615 0.7394539713859558 3.6410820484161377 0.04800799861550331 -0.9048629999160767 -0.4229860007762909 1.8689889907836914 0.0 0.0 0.0 1.0
0.7937049865722656 0.2867029905319214 -0.5365009903907776 6.7768731117248535 0.6067270040512085 -0.3096660077571869 0.7321130037307739 3.6563079357147217 0.04376300051808357 -0.9065920114517212 -0.41973400115966797 1.871209979057312 0.0 0.0 0.0 1.0
0.7849050164222717 0.28567299246788025 -0.549830973148346 6.785764217376709 0.6182219982147217 -0.3015879988670349 0.7258409857749939 3.6720120906829834 0.04152999818325043 -0.9096350073814392 -0.41332700848579407 1.870069980621338 0.0 0.0 0.0 1.0
0.7732279896736145 0.28705599904060364 -0.565434992313385 6.803562164306641 0.6329450011253357 -0.294948011636734 0.715811014175415 3.6983020305633545 0.038704000413417816 -0.9113749861717224 -0.4097529947757721 1.8675479888916016 0.0 0.0 0.0 1.0
0.7624679803848267 0.29235801100730896 -0.5772079825401306 6.811193943023682 0.6458430290222168 -0.2899729907512665 0.70625901222229 3.7152650356292725 0.03910500183701515 -0.9112859964370728 -0.40991300344467163 1.8673620223999023 0.0 0.0 0.0 1.0
0.7513399720191956 0.30044299364089966 -0.587556004524231 6.822358131408691 0.6585100293159485 -0.2832779884338379 0.6972209811210632 3.73055100440979 0.04303399845957756 -0.9107620120048523 -0.4106830060482025 1.867872953414917 0.0 0.0 0.0 1.0
0.739575982093811 0.3054960072040558 -0.5997480154037476 6.829700946807861 0.6717069745063782 -0.2782689929008484 0.686568021774292 3.7493059635162354 0.042851999402046204 -0.9106249809265137 -0.4110049903392792 1.8716399669647217 0.0 0.0 0.0 1.0
0.7265710234642029 0.306986004114151 -0.6146979928016663 6.842733860015869 0.6857969760894775 -0.26911699771881104 0.6762089729309082 3.764754056930542 0.0421609990298748 -0.9128720164299011 -0.4060629904270172 1.8790220022201538 0.0 0.0 0.0 1.0
0.7154060006141663 0.3006899952888489 -0.6306970119476318 6.854556083679199 0.6976630091667175 -0.25804999470710754 0.6683390140533447 3.7782421112060547 0.038210999220609665 -0.9181479811668396 -0.3943910002708435 1.8800430297851562 0.0 0.0 0.0 1.0
0.7037349939346313 0.2935959994792938 -0.646960973739624 6.870344161987305 0.7097190022468567 -0.2488359957933426 0.6590750217437744 3.7986528873443604 0.03251500055193901 -0.9229739904403687 -0.38348498940467834 1.8842049837112427 0.0 0.0 0.0 1.0
0.6926019787788391 0.2868939936161041 -0.6618109941482544 6.897443771362305 0.7207440137863159 -0.2386160045862198 0.6508380174636841 3.8163399696350098 0.02880300022661686 -0.9277690052986145 -0.37204301357269287 1.8732839822769165 0.0 0.0 0.0 1.0
0.6854050159454346 0.2933099865913391 -0.6664749979972839 6.898982048034668 0.7275180220603943 -0.23736700415611267 0.6437190175056458 3.8205270767211914 0.03061000071465969 -0.9260810017585754 -0.3760809898376465 1.878875970840454 0.0 0.0 0.0 1.0
0.6736090183258057 0.2962160110473633 -0.6771309971809387 6.9069671630859375 0.7384480237960815 -0.23163899779319763 0.6332749724388123 3.8409159183502197 0.03073599934577942 -0.9266059994697571 -0.3747740089893341 1.8906899690628052 0.0 0.0 0.0 1.0
0.666109025478363 0.29042598605155945 -0.6869869828224182 6.920674800872803 0.7450720071792603 -0.21693600714206696 0.6307179927825928 3.8561840057373047 0.03414500132203102 -0.9319829940795898 -0.3608910143375397 1.8951040506362915 0.0 0.0 0.0 1.0
0.6627560257911682 0.28512299060821533 -0.6924290060997009 6.942809104919434 0.7480000257492065 -0.20841799676418304 0.6301249861717224 3.8754639625549316 0.03534799814224243 -0.9355570077896118 -0.35140299797058105 1.8870010375976562 0.0 0.0 0.0 1.0
0.662568986415863 0.2890230119228363 -0.6909899711608887 6.952828884124756 0.747983992099762 -0.2072640061378479 0.6305249929428101 3.8910210132598877 0.03901899978518486 -0.9346160292625427 -0.3535110056400299 1.8844399452209473 0.0 0.0 0.0 1.0
0.6601049900054932 0.2937009930610657 -0.6913759708404541 6.962195873260498 0.7499690055847168 -0.2055719941854477 0.6287189722061157 3.904031991958618 0.042527999728918076 -0.9335309863090515 -0.3559660017490387 1.8898069858551025 0.0 0.0 0.0 1.0
0.6603890061378479 0.28911399841308594 -0.6930360198020935 6.965734004974365 0.7499920129776001 -0.20799100399017334 0.6278949975967407 3.921154022216797 0.03738800063729286 -0.9344260096549988 -0.35418900847435 1.8909319639205933 0.0 0.0 0.0 1.0
0.658856987953186 0.282725989818573 -0.6971189975738525 6.9692912101745605 0.7515360116958618 -0.20648999512195587 0.6265419721603394 3.930077075958252 0.033190999180078506 -0.9367110133171082 -0.3485260009765625 1.8910000324249268 0.0 0.0 0.0 1.0
0.6550009846687317 0.2785620093345642 -0.7024080157279968 6.978785991668701 0.7549340128898621 -0.20141099393367767 0.6241059899330139 3.9410459995269775 0.03237999975681305 -0.9390619993209839 -0.3422200083732605 1.8864929676055908 0.0 0.0 0.0 1.0
0.6511939764022827 0.27807700634002686 -0.7061300277709961 6.9908318519592285 0.7582629919052124 -0.19995300471782684 0.6205289959907532 3.9616270065307617 0.031362999230623245 -0.9395170211791992 -0.3410640060901642 1.8820960521697998 0.0 0.0 0.0 1.0
0.6481429934501648 0.28103500604629517 -0.7077640295028687 7.001564979553223 0.7608469724655151 -0.19996899366378784 0.6173520088195801 3.984952926635742 0.03196699917316437 -0.9386330246925354 -0.3434329926967621 1.881142020225525 0.0 0.0 0.0 1.0
0.6460099816322327 0.28477901220321655 -0.7082170248031616 7.003629207611084 0.7626850008964539 -0.20271800458431244 0.6141800284385681 3.999804973602295 0.03133700042963028 -0.936913013458252 -0.3481549918651581 1.8878090381622314 0.0 0.0 0.0 1.0
0.6393790245056152 0.28359198570251465 -0.7146819829940796 7.013597011566162 0.7683519721031189 -0.2008419930934906 0.6076980233192444 4.024322986602783 0.02879999950528145 -0.9376770257949829 -0.3463129997253418 1.8891570568084717 0.0 0.0 0.0 1.0
0.6373900175094604 0.2805880010128021 -0.7176390290260315 7.017498970031738 0.7699249982833862 -0.19466300308704376 0.6077179908752441 4.03484582901001 0.030820999294519424 -0.9398810267448425 -0.3401080071926117 1.889773964881897 0.0 0.0 0.0 1.0
0.6362730264663696 0.2784290015697479 -0.7194679975509644 7.024940013885498 0.7707690000534058 -0.1898539960384369 0.6081699728965759 4.0588250160217285 0.03273800015449524 -0.941506028175354 -0.33540400862693787 1.8952430486679077 0.0 0.0 0.0 1.0
0.6373680233955383 0.27274900674819946 -0.7206730246543884 7.040976047515869 0.7699450254440308 -0.188060000538826 0.6097689867019653 4.080451011657715 0.0307839997112751 -0.943526029586792 -0.3298650085926056 1.8915239572525024 0.0 0.0 0.0 1.0
0.6437150239944458 0.2750290036201477 -0.714136004447937 7.021413803100586 0.7644379734992981 -0.1877090036869049 0.616765022277832 4.086167812347412 0.03557800129055977 -0.942933976650238 -0.3310739994049072 1.9040700197219849 0.0 0.0 0.0 1.0
0.6393470168113708 0.2707059979438782 -0.7196900248527527 7.037053108215332 0.7679759860038757 -0.1784750074148178 0.6151099801063538 4.122068881988525 0.03806700184941292 -0.9459729790687561 -0.32200300693511963 1.9063010215759277 0.0 0.0 0.0 1.0
0.6460340023040771 0.26286301016807556 -0.7166190147399902 7.0384521484375 0.7620999813079834 -0.1693129986524582 0.6249290108680725 4.129356861114502 0.042938001453876495 -0.9498609900474548 -0.30970999598503113 1.907423973083496 0.0 0.0 0.0 1.0
0.6501060128211975 0.2529450058937073 -0.7165060043334961 7.0571980476379395 0.7588729858398438 -0.1684899926185608 0.6290649771690369 4.148214817047119 0.038394998759031296 -0.9526960253715515 -0.301488995552063 1.8923660516738892 0.0 0.0 0.0 1.0
0.6496649980545044 0.25654900074005127 -0.7156239748001099 7.053384780883789 0.759253978729248 -0.17149800062179565 0.6277920007705688 4.170651912689209 0.03833099827170372 -0.9511950016021729 -0.3062019944190979 1.899798035621643 0.0 0.0 0.0 1.0
0.6487089991569519 0.25828099250793457 -0.7158690094947815 7.056221961975098 0.7595949769020081 -0.1618639975786209 0.6299329996109009 4.181375980377197 0.04682600125670433 -0.952413022518158 -0.3011910021305084 1.9128979444503784 0.0 0.0 0.0 1.0
0.6516590118408203 0.24868600070476532 -0.7165859937667847 7.075953006744385 0.7570269703865051 -0.15415599942207336 0.6349380016326904 4.20772123336792 0.0474339984357357 -0.9562379717826843 -0.2887189984321594 1.9084199666976929 0.0 0.0 0.0 1.0
0.66143399477005 0.24151299893856049 -0.710053026676178 7.084468841552734 0.7486050128936768 -0.1548209935426712 0.6446869969367981 4.222393989562988 0.04576899856328964 -0.95796799659729 -0.2832010090351105 1.905434012413025 0.0 0.0 0.0 1.0
0.6681320071220398 0.23865200579166412 -0.7047309875488281 7.0871100425720215 0.7428079843521118 -0.159402996301651 0.6502509713172913 4.240498065948486 0.042847998440265656 -0.9579330086708069 -0.2837739884853363 1.9056689739227295 0.0 0.0 0.0 1.0
0.6708490252494812 0.23565000295639038 -0.7031570076942444 7.0955729484558105 0.7404410243034363 -0.15999099612236023 0.652800977230072 4.254687786102295 0.04133300110697746 -0.9585779905319214 -0.2818149924278259 1.9069490432739258 0.0 0.0 0.0 1.0
0.6780409812927246 0.2339629977941513 -0.6967939734458923 7.089208126068115 0.7336069941520691 -0.15657399594783783 0.6612899899482727 4.250755786895752 0.0456169992685318 -0.9595549702644348 -0.2778010070323944 1.911471962928772 0.0 0.0 0.0 1.0
0.6823999881744385 0.23132500052452087 -0.6934109926223755 7.094902992248535 0.729843020439148 -0.16276200115680695 0.6639559864997864 4.271653175354004 0.040727999061346054 -0.9591649770736694 -0.2799000144004822 1.9168599843978882 0.0 0.0 0.0 1.0
0.6863359808921814 0.2296770066022873 -0.6900669932365417 7.1035919189453125 0.7261689901351929 -0.16387300193309784 0.667701005935669 4.2852067947387695 0.040272001177072525 -0.9593719840049744 -0.2792559862136841 1.9218300580978394 0.0 0.0 0.0 1.0
0.689054012298584 0.22544600069522858 -0.6887509822845459 7.105731964111328 0.7237139940261841 -0.16425399482250214 0.6702679991722107 4.2978291511535645 0.03797899931669235 -0.9603099822998047 -0.27633801102638245 1.9289339780807495 0.0 0.0 0.0 1.0
0.691519021987915 0.21890699863433838 -0.6883900165557861 7.114004135131836 0.7214540243148804 -0.16163499653339386 0.673334002494812 4.305228233337402 0.03612999990582466 -0.9622650146484375 -0.26970499753952026 1.9286760091781616 0.0 0.0 0.0 1.0
0.6945120096206665 0.2125300019979477 -0.687375009059906 7.1209588050842285 0.7186800241470337 -0.15984000265598297 0.6767209768295288 4.313790798187256 0.03395399823784828 -0.9639930129051208 -0.2637520134449005 1.9271550178527832 0.0 0.0 0.0 1.0
0.6959609985351562 0.20935000479221344 -0.6868849992752075 7.128976821899414 0.717333972454071 -0.1591240018606186 0.6783149838447571 4.325829982757568 0.032705001533031464 -0.9648069739341736 -0.260917991399765 1.9281120300292969 0.0 0.0 0.0 1.0
0.6970580220222473 0.20655299723148346 -0.686618983745575 7.140408992767334 0.7163069844245911 -0.1580819934606552 0.6796429753303528 4.3337249755859375 0.0318400003015995 -0.9655809998512268 -0.2581480145454407 1.930008053779602 0.0 0.0 0.0 1.0
0.6964179873466492 0.20531700551509857 -0.6876389980316162 7.145415782928467 0.7168939709663391 -0.15544100105762482 0.6796339750289917 4.348243236541748 0.032653000205755234 -0.9662730097770691 -0.2554419934749603 1.9317309856414795 0.0 0.0 0.0 1.0
0.6966800093650818 0.2018660008907318 -0.6883950233459473 7.152768135070801 0.7166950106620789 -0.1538500040769577 0.6802049875259399 4.3548970222473145 0.03139999881386757 -0.9672539830207825 -0.25186100602149963 1.9317749738693237 0.0 0.0 0.0 1.0
0.6958619952201843 0.19744999706745148 -0.690500020980835 7.158727169036865 0.7174779772758484 -0.14874699711799622 0.6805149912834167 4.355711936950684 0.031658001244068146 -0.9689620137214661 -0.24517300724983215 1.9303250312805176 0.0 0.0 0.0 1.0
0.6907939910888672 0.19311800599098206 -0.6967840194702148 7.166468143463135 0.7225329875946045 -0.14789199829101562 0.6753320097923279 4.361767768859863 0.027370000258088112 -0.9699659943580627 -0.24169699847698212 1.9389599561691284 0.0 0.0 0.0 1.0
0.685168981552124 0.18988800048828125 -0.7031970024108887 7.166374206542969 0.7279520034790039 -0.14528200030326843 0.670058012008667 4.368646144866943 0.025073999539017677 -0.9709969758987427 -0.23777200281620026 1.9457459449768066 0.0 0.0 0.0 1.0
0.6797590255737305 0.1854649931192398 -0.7095980048179626 7.177308082580566 0.7330549955368042 -0.1406639963388443 0.6654649972915649 4.368183135986328 0.023605000227689743 -0.9725310206413269 -0.23157399892807007 1.9482179880142212 0.0 0.0 0.0 1.0
0.672980010509491 0.18154099583625793 -0.7170360088348389 7.1847381591796875 0.7392939925193787 -0.13457299768924713 0.6597980260848999 4.378976821899414 0.02328599989414215 -0.9741320013999939 -0.2247769981622696 1.9479140043258667 0.0 0.0 0.0 1.0
0.6663659811019897 0.17907899618148804 -0.723800003528595 7.192379951477051 0.7452719807624817 -0.1301019936800003 0.6539450287818909 4.385444164276123 0.022940000519156456 -0.975193977355957 -0.22015799582004547 1.9499670267105103 0.0 0.0 0.0 1.0
0.6603450179100037 0.1770630031824112 -0.7297899723052979 7.205587863922119 0.7506440281867981 -0.12731899321079254 0.6483240127563477 4.38027286529541 0.02187800034880638 -0.9759299755096436 -0.21698600053787231 1.950260043144226 0.0 0.0 0.0 1.0
0.6513950228691101 0.1767289936542511 -0.7378690242767334 7.213381767272949 0.7584260106086731 -0.12376599758863449 0.6399000287055969 4.38539981842041 0.021764999255537987 -0.9764469861984253 -0.21465599536895752 1.9529809951782227 0.0 0.0 0.0 1.0
0.6434710025787354 0.1754859983921051 -0.7450839877128601 7.2201762199401855 0.765084981918335 -0.11654800176620483 0.6332939863204956 4.387180805206299 0.024296000599861145 -0.977558970451355 -0.20925700664520264 1.9533629417419434 0.0 0.0 0.0 1.0
0.6356840133666992 0.17495599389076233 -0.7518609762191772 7.230225086212158 0.7714729905128479 -0.10979899764060974 0.6267160177230835 4.38588809967041 0.027093999087810516 -0.9784349799156189 -0.2047719955444336 1.9551589488983154 0.0 0.0 0.0 1.0
0.6252909898757935 0.17012499272823334 -0.7616220116615295 7.240802764892578 0.7799460291862488 -0.10326799750328064 0.6172680258750916 4.395559787750244 0.026360999792814255 -0.9799969792366028 -0.1972610056400299 1.9433599710464478 0.0 0.0 0.0 1.0
0.6163150072097778 0.17167599499225616 -0.7685589790344238 7.240044116973877 0.7870010137557983 -0.09954100102186203 0.6088690161705017 4.399265766143799 0.028024999424815178 -0.9801120162010193 -0.19645699858665466 1.9570599794387817 0.0 0.0 0.0 1.0
0.6064350008964539 0.16818900406360626 -0.7771419882774353 7.248551845550537 0.7945690155029297 -0.09135899692773819 0.6002619862556458 4.398246765136719 0.029958000406622887 -0.9815120100975037 -0.18904100358486176 1.9607219696044922 0.0 0.0 0.0 1.0
0.5971559882164001 0.16296400129795074 -0.7853959798812866 7.267178058624268 0.8015210032463074 -0.08323200047016144 0.5921459794044495 4.3930439949035645 0.03112800046801567 -0.983115017414093 -0.18032200634479523 1.9573509693145752 0.0 0.0 0.0 1.0
0.5890420079231262 0.16221100091934204 -0.7916550040245056 7.272568225860596 0.8074809908866882 -0.07970999926328659 0.5844839811325073 4.395445823669434 0.03170600160956383 -0.9835309982299805 -0.17793500423431396 1.9655499458312988 0.0 0.0 0.0 1.0
0.5826690196990967 0.1582140028476715 -0.7971600294113159 7.279240131378174 0.8120610117912292 -0.0741640031337738 0.578840970993042 4.395822048187256 0.03246000036597252 -0.9846159815788269 -0.17169199883937836 1.9669640064239502 0.0 0.0 0.0 1.0
0.5763540267944336 0.15438300371170044 -0.8024849891662598 7.289910793304443 0.8165259957313538 -0.0689140036702156 0.5731800198554993 4.400516986846924 0.03318699821829796 -0.985605001449585 -0.16577699780464172 1.9676719903945923 0.0 0.0 0.0 1.0
0.5716530084609985 0.15076600015163422 -0.8065249919891357 7.298532009124756 0.8197939991950989 -0.06432799994945526 0.5690339803695679 4.401607036590576 0.03390900045633316 -0.9864739775657654 -0.16037000715732574 1.9712109565734863 0.0 0.0 0.0 1.0
0.5672569870948792 0.1440649926662445 -0.810841977596283 7.3047261238098145 0.8229650259017944 -0.06232599914073944 0.5646640062332153 4.4036688804626465 0.03081200085580349 -0.987604022026062 -0.15391500294208527 1.9735280275344849 0.0 0.0 0.0 1.0
0.5623189806938171 0.1378670036792755 -0.8153470158576965 7.314557075500488 0.826403021812439 -0.058820001780986786 0.5599979758262634 4.404405117034912 0.029247000813484192 -0.9887030124664307 -0.1470090001821518 1.974133014678955 0.0 0.0 0.0 1.0
0.5562490224838257 0.1327279955148697 -0.8203480243682861 7.321589946746826 0.8304330110549927 -0.05179600045084953 0.5547059774398804 4.41587495803833 0.031134000048041344 -0.9897980093955994 -0.1390330046415329 1.9716399908065796 0.0 0.0 0.0 1.0
0.5533609986305237 0.12804099917411804 -0.8230410218238831 7.324123859405518 0.8324519991874695 -0.05112500116229057 0.5517339706420898 4.418727874755859 0.02856599912047386 -0.9904500246047974 -0.1348779946565628 1.9782769680023193 0.0 0.0 0.0 1.0
0.5507429838180542 0.12291800230741501 -0.8255749940872192 7.329843044281006 0.8342260122299194 -0.048624999821186066 0.5492740273475647 4.418698787689209 0.027372000738978386 -0.991225004196167 -0.12932200729846954 1.9824930429458618 0.0 0.0 0.0 1.0
0.5475969910621643 0.1157979965209961 -0.8286899924278259 7.335775852203369 0.8363909721374512 -0.04705300182104111 0.546110987663269 4.423521995544434 0.02424599975347519 -0.9921579957008362 -0.12261799722909927 1.9836679697036743 0.0 0.0 0.0 1.0
0.5433740019798279 0.11013899743556976 -0.8322340250015259 7.3451972007751465 0.8392059803009033 -0.04544999822974205 0.5419110059738159 4.431045055389404 0.02186099998652935 -0.9928770065307617 -0.11712600290775299 1.9884109497070312 0.0 0.0 0.0 1.0
0.5427179932594299 0.10288800299167633 -0.8335890173912048 7.348020076751709 0.8397120237350464 -0.04463699832558632 0.5411949753761292 4.430556774139404 0.018472999334335327 -0.9936910271644592 -0.11062099784612656 1.9887510538101196 0.0 0.0 0.0 1.0
0.5401239991188049 0.09783200174570084 -0.8358790278434753 7.355053901672363 0.8414009809494019 -0.04199900105595589 0.5387769937515259 4.435848236083984 0.01760300062596798 -0.9943159818649292 -0.10500100255012512 1.9899660348892212 0.0 0.0 0.0 1.0
0.5397899746894836 0.09109699726104736 -0.8368560075759888 7.3625807762146 0.8416309952735901 -0.03851199895143509 0.538677990436554 4.4325032234191895 0.01684200018644333 -0.9950969815254211 -0.09745799750089645 1.989361047744751 0.0 0.0 0.0 1.0
0.5371299982070923 0.08501099795103073 -0.8392040133476257 7.367224216461182 0.8433529734611511 -0.03562600165605545 0.5361769795417786 4.436223030090332 0.01568399928510189 -0.9957429766654968 -0.090829998254776 1.9884040355682373 0.0 0.0 0.0 1.0
0.5328980088233948 0.0795930027961731 -0.8424280285835266 7.3717169761657715 0.8460999727249146 -0.036430999636650085 0.5317789912223816 4.4446868896484375 0.011634999886155128 -0.9961619973182678 -0.08675699681043625 1.9913560152053833 0.0 0.0 0.0 1.0
0.5301010012626648 0.0713450014591217 -0.8449280261993408 7.372443199157715 0.8477579951286316 -0.024268999695777893 0.5298280119895935 4.449678897857666 0.017294999212026596 -0.997156023979187 -0.07334800064563751 1.992779016494751 0.0 0.0 0.0 1.0
0.5245980024337769 0.0670040026307106 -0.848708987236023 7.379936218261719 0.8511499762535095 -0.0196749996393919 0.5245540142059326 4.45879602432251 0.018448999151587486 -0.9975590109825134 -0.06735199689865112 1.9934639930725098 0.0 0.0 0.0 1.0
0.5209500193595886 0.06251300126314163 -0.851294994354248 7.386316776275635 0.8533669710159302 -0.01548600010573864 0.5210800170898438 4.459846019744873 0.019391000270843506 -0.9979239702224731 -0.061413999646902084 1.9955159425735474 0.0 0.0 0.0 1.0
0.517503023147583 0.05861999839544296 -0.8536710143089294 7.387915134429932 0.8554419875144958 -0.01184799987822771 0.5177630186080933 4.459887981414795 0.020237000659108162 -0.9982100129127502 -0.05627699941396713 1.996351957321167 0.0 0.0 0.0 1.0
0.5142019987106323 0.054990001022815704 -0.8559039831161499 7.389756202697754 0.8574740290641785 -0.011663000099360943 0.514394998550415 4.458553791046143 0.018303999677300453 -0.9984189867973328 -0.05314899981021881 1.998548984527588 0.0 0.0 0.0 1.0
0.5095720291137695 0.05159899964928627 -0.858879029750824 7.388351917266846 0.8602370023727417 -0.009510000236332417 0.5098059773445129 4.458568096160889 0.018137000501155853 -0.9986230134963989 -0.049233000725507736 2.001107931137085 0.0 0.0 0.0 1.0
0.5030069947242737 0.04745600000023842 -0.862978994846344 7.389275074005127 0.8641200065612793 -0.008275000378489494 0.5032169818878174 4.46221923828125 0.016738999634981155 -0.9988390207290649 -0.045170001685619354 2.001544952392578 0.0 0.0 0.0 1.0
0.496832013130188 0.04337500035762787 -0.8667619824409485 7.3964409828186035 0.8676570057868958 -0.0039470000192523 0.4971480071544647 4.459845066070557 0.01814199984073639 -0.9990509748458862 -0.03959599882364273 2.002892017364502 0.0 0.0 0.0 1.0
0.4926910102367401 0.03876899927854538 -0.8693400025367737 7.401263236999512 0.8699550032615662 0.0019630000460892916 0.4931269884109497 4.4504218101501465 0.020824000239372253 -0.9992460012435913 -0.03276100009679794 1.9985469579696655 0.0 0.0 0.0 1.0
0.48779401183128357 0.0363910011947155 -0.8722000122070312 7.399528980255127 0.8726900219917297 0.004441999830305576 0.48825401067733765 4.445140838623047 0.02164199948310852 -0.9993280172348022 -0.02959199994802475 2.000396966934204 0.0 0.0 0.0 1.0
0.46952399611473083 0.03544500097632408 -0.882207989692688 7.39263391494751 0.8825899958610535 0.008475000038743019 0.4700680077075958 4.490135192871094 0.02413799986243248 -0.9993360042572021 -0.027303999289870262 2.0051069259643555 0.0 0.0 0.0 1.0
0.472680002450943 0.03718400001525879 -0.8804489970207214 7.378922939300537 0.8808969855308533 0.007718999870121479 0.4732460081577301 4.457850933074951 0.024392999708652496 -0.9992790222167969 -0.029107000678777695 2.0233399868011475 0.0 0.0 0.0 1.0
0.4690319895744324 0.03434300050139427 -0.8825129866600037 7.3852338790893555 0.8828549981117249 0.008929000236093998 0.46956199407577515 4.444211006164551 0.02400599978864193 -0.9993699789047241 -0.026132000610232353 2.025765895843506 0.0 0.0 0.0 1.0
0.46700599789619446 0.030101999640464783 -0.8837419748306274 7.37527322769165 0.8838620185852051 0.013880000449717045 0.46754199266433716 4.426012992858887 0.026340000331401825 -0.9994500279426575 -0.020123999565839767 2.0199570655822754 0.0 0.0 0.0 1.0
0.4616760015487671 0.02771499939262867 -0.886614978313446 7.369781017303467 0.8867949843406677 0.009504999965429306 0.46206599473953247 4.423587799072266 0.021232999861240387 -0.9995710253715515 -0.02018900029361248 2.0242719650268555 0.0 0.0 0.0 1.0
0.4450739920139313 0.02915799990296364 -0.895018994808197 7.389543056488037 0.895039975643158 0.017342999577522278 0.44565001130104065 4.445866107940674 0.028516000136733055 -0.9994239807128906 -0.018378999084234238 2.030255079269409 0.0 0.0 0.0 1.0
0.4401639997959137 0.025172999128699303 -0.8975650072097778 7.391735076904297 0.8975499868392944 0.016258999705314636 0.4406130015850067 4.4320549964904785 0.02568499930202961 -0.999550998210907 -0.015437000431120396 2.0259060859680176 0.0 0.0 0.0 1.0
0.4317989945411682 0.022884000092744827 -0.9016799926757812 7.3906989097595215 0.9016630053520203 0.015135999768972397 0.43217501044273376 4.432055950164795 0.02353700064122677 -0.9996230006217957 -0.014097999781370163 2.0297319889068604 0.0 0.0 0.0 1.0
0.4229690134525299 0.02042499929666519 -0.9059140086174011 7.386609077453613 0.9057750105857849 0.018982000648975372 0.42333298921585083 4.434079170227051 0.025841999799013138 -0.9996110200881958 -0.010471000336110592 2.0205869674682617 0.0 0.0 0.0 1.0
0.4249280095100403 0.024024000391364098 -0.9049080014228821 7.368854999542236 0.9044520258903503 0.030100999400019646 0.42551299929618835 4.39129114151001 0.03746199980378151 -0.9992579817771912 -0.008937999606132507 2.0145070552825928 0.0 0.0 0.0 1.0
0.4151720106601715 0.027394000440835953 -0.9093300104141235 7.370018005371094 0.9086819887161255 0.03577699884772301 0.41595399379730225 4.385225772857666 0.04392699897289276 -0.9989839792251587 -0.01003899984061718 2.018183946609497 0.0 0.0 0.0 1.0
0.40960198640823364 0.028589999303221703 -0.9118160009384155 7.362718105316162 0.9110620021820068 0.03849000111222267 0.41047000885009766 4.369812965393066 0.046831000596284866 -0.9988499879837036 -0.010281999595463276 2.0137670040130615 0.0 0.0 0.0 1.0
0.39586299657821655 0.035750001668930054 -0.9176130294799805 7.361164093017578 0.9170830249786377 0.03623199835419655 0.3970459997653961 4.38598108291626 0.04744099825620651 -0.9987040162086487 -0.018442999571561813 2.033402919769287 0.0 0.0 0.0 1.0
0.39303699135780334 0.035381000488996506 -0.9188410043716431 7.358138084411621 0.9182119965553284 0.038228001445531845 0.39423999190330505 4.360966205596924 0.0490729995071888 -0.9986420273780823 -0.017462000250816345 2.030864953994751 0.0 0.0 0.0 1.0
0.3835110068321228 0.027101000770926476 -0.9231389760971069 7.36372184753418 0.922340989112854 0.03960900008678436 0.3843420147895813 4.359561920166016 0.04698000103235245 -0.998848021030426 -0.00980599969625473 2.005902051925659 0.0 0.0 0.0 1.0
0.37149500846862793 0.028533000499010086 -0.9279959797859192 7.35939884185791 0.9272270202636719 0.039556000381708145 0.372404009103775 4.367517948150635 0.04733400046825409 -0.9988099932670593 -0.011761000379920006 2.0095460414886475 0.0 0.0 0.0 1.0
0.36115700006484985 0.029471000656485558 -0.9320390224456787 7.359747886657715 0.9313089847564697 0.0392020009458065 0.3621140122413635 4.367979049682617 0.0472089983522892 -0.9987969994544983 -0.013288999907672405 2.01202392578125 0.0 0.0 0.0 1.0
0.3530850112438202 0.030128000304102898 -0.9351059794425964 7.3647050857543945 0.9342389702796936 0.04235700145363808 0.35412299633026123 4.357458114624023 0.05027800053358078 -0.9986479878425598 -0.013190999627113342 2.0079329013824463 0.0 0.0 0.0 1.0
0.3449440002441406 0.030654000118374825 -0.9381219744682312 7.358919143676758 0.9371839761734009 0.044078998267650604 0.3460389971733093 4.3490447998046875 0.051959000527858734 -0.998557984828949 -0.013523999601602554 2.0035130977630615 0.0 0.0 0.0 1.0
0.3362469971179962 0.024003000929951668 -0.9414680004119873 7.363042831420898 0.9406290054321289 0.04071800038218498 0.3369860053062439 4.344544887542725 0.04642299935221672 -0.998881995677948 -0.008886000141501427 1.9895230531692505 0.0 0.0 0.0 1.0
0.3229820132255554 0.036531999707221985 -0.9456999897956848 7.3511810302734375 0.9446539878845215 0.048323001712560654 0.3244909942150116 4.345940113067627 0.0575530007481575 -0.9981629848480225 -0.018902000039815903 2.017657995223999 0.0 0.0 0.0 1.0
0.3128780126571655 0.03478199988603592 -0.9491559863090515 7.3404130935668945 0.948108971118927 0.04804600030183792 0.3142940104007721 4.347888946533203 0.05653500184416771 -0.9982389807701111 -0.017945000901818275 2.013353109359741 0.0 0.0 0.0 1.0
0.3049120008945465 0.03440999984741211 -0.9517589807510376 7.342601776123047 0.9507250189781189 0.047905001789331436 0.30631300806999207 4.342691898345947 0.056134000420570374 -0.9982590079307556 -0.018107999116182327 2.0140740871429443 0.0 0.0 0.0 1.0
0.2885110080242157 0.03383300080895424 -0.9568780064582825 7.3455681800842285 0.9559760093688965 0.045747000724077225 0.28985700011253357 4.367402076721191 0.05358099937438965 -0.9983800053596497 -0.019145000725984573 2.0153961181640625 0.0 0.0 0.0 1.0
0.28291401267051697 0.03262000158429146 -0.9585899710655212 7.348415851593018 0.9576200246810913 0.04674199968576431 0.2842180132865906 4.351805210113525 0.05407800152897835 -0.9983739852905273 -0.01801300048828125 2.011920928955078 0.0 0.0 0.0 1.0
0.2788180112838745 0.032180000096559525 -0.9598050117492676 7.335659027099609 0.958778977394104 0.04770499840378761 0.28011900186538696 4.337632179260254 0.05480099841952324 -0.9983429908752441 -0.017552999779582024 2.0063719749450684 0.0 0.0 0.0 1.0
0.27024999260902405 0.034786999225616455 -0.9621610045433044 7.338890075683594 0.9611819982528687 0.04799799993634224 0.27171000838279724 4.33183479309082 0.05563399940729141 -0.9982410073280334 -0.020465999841690063 2.0111260414123535 0.0 0.0 0.0 1.0
0.26156800985336304 0.03656600043177605 -0.9644920229911804 7.343258857727051 0.9635990262031555 0.04737300053238869 0.26312199234962463 4.328845977783203 0.05531200021505356 -0.9982079863548279 -0.022843999788165092 2.017707109451294 0.0 0.0 0.0 1.0
0.2583250105381012 0.03404499962925911 -0.9654579758644104 7.336759090423584 0.9644730091094971 0.048140998929739 0.25975900888442993 4.310043811798096 0.05532100051641464 -0.9982600212097168 -0.020400000736117363 2.0093588829040527 0.0 0.0 0.0 1.0
0.24964499473571777 0.037092000246047974 -0.9676269888877869 7.334714889526367 0.9667019844055176 0.048507001250982285 0.2512660026550293 4.31010103225708 0.05625699833035469 -0.9981340169906616 -0.023747000843286514 2.02067494392395 0.0 0.0 0.0 1.0
0.24147699773311615 0.037473998963832855 -0.9696829915046692 7.331651210784912 0.968716025352478 0.04965199902653694 0.24315500259399414 4.305747032165527 0.05725900083780289 -0.9980630278587341 -0.024311000481247902 2.0181620121002197 0.0 0.0 0.0 1.0
0.2358189970254898 0.035406000912189484 -0.9711520075798035 7.333158016204834 0.9701460003852844 0.04964900016784668 0.23738400638103485 4.300111770629883 0.0566210001707077 -0.9981390237808228 -0.022640999406576157 2.0075740814208984 0.0 0.0 0.0 1.0
0.2224079966545105 0.036674998700618744 -0.9742640256881714 7.340322971343994 0.9735509753227234 0.04522699862718582 0.22394800186157227 4.322082042694092 0.05227600038051605 -0.9983029961585999 -0.025645999237895012 2.0089869499206543 0.0 0.0 0.0 1.0
0.21557499468326569 0.040112998336553574 -0.9756630063056946 7.338694095611572 0.9751060009002686 0.04429600015282631 0.21727299690246582 4.31544303894043 0.05193300172686577 -0.998212993144989 -0.029565999284386635 2.0102150440216064 0.0 0.0 0.0 1.0
0.20850299298763275 0.0400019995868206 -0.9772030115127563 7.34246301651001 0.9768790006637573 0.03977400064468384 0.21006199717521667 4.3134541511535645 0.047269999980926514 -0.9984080195426941 -0.0307839997112751 2.0009610652923584 0.0 0.0 0.0 1.0
0.20201699435710907 0.04826800152659416 -0.9781919717788696 7.3378729820251465 0.9781559705734253 0.0400100015103817 0.20398400723934174 4.303994178771973 0.04898399859666824 -0.9980329871177673 -0.03913100063800812 2.004776954650879 0.0 0.0 0.0 1.0
0.19222599267959595 0.05128299817442894 -0.9800099730491638 7.337174892425537 0.9803450107574463 0.03516099974513054 0.194131001830101 4.312239170074463 0.04441399872303009 -0.9980649948120117 -0.043515998870134354 1.9955509901046753 0.0 0.0 0.0 1.0
0.1833920031785965 0.05759900063276291 -0.9813510179519653 7.3404059410095215 0.9819639921188354 0.035962000489234924 0.18561699986457825 4.308067798614502 0.0459819994866848 -0.9976919889450073 -0.04996500164270401 1.9938080310821533 0.0 0.0 0.0 1.0
0.17633800208568573 0.06459400057792664 -0.9822080135345459 7.339619159698486 0.9831650257110596 0.03697200119495392 0.17894099652767181 4.299863815307617 0.04787300154566765 -0.9972270131111145 -0.05698699876666069 1.9946130514144897 0.0 0.0 0.0 1.0
0.16389100253582 0.07132899761199951 -0.983896017074585 7.335381031036377 0.9855480194091797 0.03146599978208542 0.16644799709320068 4.3146071434021 0.04283199831843376 -0.9969559907913208 -0.06514099985361099 1.9971230030059814 0.0 0.0 0.0 1.0
0.1537490040063858 0.07804600149393082 -0.985023021697998 7.359817981719971 0.9868519902229309 0.03816499933600426 0.1570580005645752 4.297098159790039 0.04985100030899048 -0.9962189793586731 -0.07115200161933899 1.9944610595703125 0.0 0.0 0.0 1.0
0.14713400602340698 0.07534299790859222 -0.9862430095672607 7.36295223236084 0.9879860281944275 0.036476001143455505 0.15017999708652496 4.28812313079834 0.04728899896144867 -0.9964900016784668 -0.06907100230455399 1.977403998374939 0.0 0.0 0.0 1.0
0.13867899775505066 0.07712999731302261 -0.9873290061950684 7.364470958709717 0.9893199801445007 0.03438499942421913 0.14164499938488007 4.288589000701904 0.044874001294374466 -0.9964280128479004 -0.07153800129890442 1.9648749828338623 0.0 0.0 0.0 1.0
0.133650004863739 0.0875990018248558 -0.9871490001678467 7.346793174743652 0.9900680184364319 0.032037001103162766 0.13688799738883972 4.266417980194092 0.04361699894070625 -0.9956409931182861 -0.08244699984788895 1.9660199880599976 0.0 0.0 0.0 1.0
0.1177000030875206 0.09299000352621078 -0.9886860251426697 7.355845928192139 0.9923229813575745 0.027052000164985657 0.12067800015211105 4.277705192565918 0.037967998534440994 -0.9952989816665649 -0.08909200131893158 1.9606989622116089 0.0 0.0 0.0 1.0
0.1036200001835823 0.09771200269460678 -0.9898049831390381 7.36183500289917 0.9941229820251465 0.02118000015616417 0.10616300255060196 4.292841911315918 0.03133799880743027 -0.9949889779090881 -0.09494300186634064 1.9542750120162964 0.0 0.0 0.0 1.0
0.10175999999046326 0.1065329983830452 -0.9890879988670349 7.357133865356445 0.9943479895591736 0.019393999129533768 0.1043889969587326 4.270620822906494 0.030302999541163445 -0.9941200017929077 -0.10395800322294235 1.9495220184326172 0.0 0.0 0.0 1.0
0.0929030030965805 0.11481700092554092 -0.9890329837799072 7.35732889175415 0.9953150153160095 0.016006000339984894 0.09535100311040878 4.274849891662598 0.026778999716043472 -0.993257999420166 -0.11279100179672241 1.9459350109100342 0.0 0.0 0.0 1.0
0.08750300109386444 0.1225920021533966 -0.9885920286178589 7.349320888519287 0.9958980083465576 0.012191000394523144 0.08966100215911865 4.272851943969727 0.023043999448418617 -0.9923819899559021 -0.12102299928665161 1.9441070556640625 0.0 0.0 0.0 1.0
0.08324699848890305 0.1282919943332672 -0.9882360100746155 7.350656986236572 0.9963369965553284 0.008767000399529934 0.0850680023431778 4.268352031707764 0.01957700029015541 -0.9916980266571045 -0.12709200382232666 1.936637043952942 0.0 0.0 0.0 1.0
0.07736899703741074 0.14895400404930115 -0.9858130216598511 7.340207099914551 0.9968469738960266 0.005923999939113855 0.07913000136613846 4.263038158416748 0.017626000568270683 -0.9888259768486023 -0.1480250060558319 1.961264967918396 0.0 0.0 0.0 1.0
0.06931900233030319 0.14827199280261993 -0.9865139722824097 7.3431220054626465 0.9974889755249023 0.0040799998678267 0.07070299983024597 4.26568078994751 0.014507999643683434 -0.9889379739761353 -0.14761699736118317 1.9346799850463867 0.0 0.0 0.0 1.0
0.060917001217603683 0.15734300017356873 -0.9856629967689514 7.332092761993408 0.9980980157852173 -0.00024399999529123306 0.0616459995508194 4.273903846740723 0.009459000080823898 -0.9875440001487732 -0.1570580005645752 1.9292019605636597 0.0 0.0 0.0 1.0
0.05516999959945679 0.16820499300956726 -0.9842069745063782 7.331607818603516 0.9984539747238159 -0.002584999892860651 0.05552700161933899 4.272116184234619 0.006796000059694052 -0.9857490062713623 -0.16808700561523438 1.9246159791946411 0.0 0.0 0.0 1.0
0.04912500083446503 0.18016499280929565 -0.9824090003967285 7.322467803955078 0.9987850189208984 -0.005013999994844198 0.04902400076389313 4.275118827819824 0.003907000180333853 -0.9836239814758301 -0.1801919937133789 1.9207990169525146 0.0 0.0 0.0 1.0
0.044610001146793365 0.19119200110435486 -0.980538010597229 7.311615943908691 0.999002993106842 -0.0071390001103281975 0.044057998806238174 4.280523777008057 0.001424000016413629 -0.9815269708633423 -0.19132000207901 1.9169909954071045 0.0 0.0 0.0 1.0
0.0422619991004467 0.20133399963378906 -0.9786099791526794 7.301730155944824 0.9991059899330139 -0.0077229999005794525 0.041558001190423965 4.284327030181885 0.0008089999901130795 -0.9794920086860657 -0.20148000121116638 1.9138250350952148 0.0 0.0 0.0 1.0
0.040146999061107635 0.21073000133037567 -0.9767190217971802 7.293323040008545 0.9991940259933472 -0.008551999926567078 0.039225999265909195 4.289365768432617 -8.70000003487803e-05 -0.9775069952011108 -0.21090300381183624 1.9097659587860107 0.0 0.0 0.0 1.0
0.03671000152826309 0.21842899918556213 -0.9751620292663574 7.2813639640808105 0.9993249773979187 -0.006856999825686216 0.036084000021219254 4.298701763153076 0.0011950000189244747 -0.975829005241394 -0.21853399276733398 1.9079170227050781 0.0 0.0 0.0 1.0
0.0334790013730526 0.22324900329113007 -0.9741860032081604 7.266378879547119 0.9994360208511353 -0.004705999977886677 0.033268000930547714 4.3101301193237305 0.002841999987140298 -0.9747499823570251 -0.22327999770641327 1.9045840501785278 0.0 0.0 0.0 1.0
0.03686600178480148 0.23657600581645966 -0.9709129929542542 7.23560094833374 0.999284029006958 -0.0004349999944679439 0.03783699870109558 4.315899848937988 0.008528999984264374 -0.9716129899024963 -0.23642300069332123 1.918658971786499 0.0 0.0 0.0 1.0
0.0352029986679554 0.2419549971818924 -0.9696490168571472 7.220495223999023 0.9992370009422302 0.00790799967944622 0.03824999928474426 4.326755046844482 0.016922999173402786 -0.9702550172805786 -0.24149200320243835 1.9109339714050293 0.0 0.0 0.0 1.0
0.032882001250982285 0.2519319951534271 -0.9671859741210938 7.202489852905273 0.9991660118103027 0.015138000249862671 0.0379129983484745 4.329782009124756 0.02419300004839897 -0.9676259756088257 -0.25122499465942383 1.905040979385376 0.0 0.0 0.0 1.0
0.025237999856472015 0.2639639973640442 -0.9642019867897034 7.190389156341553 0.9992690086364746 0.021062999963760376 0.031922001391649246 4.3334269523620605 0.028735000640153885 -0.9643030166625977 -0.2632400095462799 1.9067339897155762 0.0 0.0 0.0 1.0
0.01733499951660633 0.2691510021686554 -0.9629420042037964 7.1759819984436035 0.999334990978241 0.02623800002038479 0.025324000045657158 4.3455729484558105 0.03208199888467789 -0.9627400040626526 -0.26851698756217957 1.9047119617462158 0.0 0.0 0.0 1.0
0.012493999674916267 0.27511900663375854 -0.9613289833068848 7.16056489944458 0.9991559982299805 0.03420000150799751 0.022772999480366707 4.354450225830078 0.039142001420259476 -0.9608020186424255 -0.27445900440216064 1.8993099927902222 0.0 0.0 0.0 1.0
0.009983000345528126 0.28581300377845764 -0.9582329988479614 7.1391191482543945 0.9988189935684204 0.042729999870061874 0.02315099909901619 4.345736026763916 0.047561999410390854 -0.9573320150375366 -0.2850489914417267 1.8998550176620483 0.0 0.0 0.0 1.0
0.0008839999791234732 0.29413700103759766 -0.9557629823684692 7.11768102645874 0.9984800219535828 0.052414000034332275 0.01705400086939335 4.346199989318848 0.055112000554800034 -0.9543250203132629 -0.2936440110206604 1.8981080055236816 0.0 0.0 0.0 1.0
-0.010300000198185444 0.3026140034198761 -0.9530580043792725 7.099761009216309 0.9981439709663391 0.06032299995422363 0.00836700014770031 4.350399971008301 0.060022998601198196 -0.9512019753456116 -0.30267399549484253 1.8965699672698975 0.0 0.0 0.0 1.0
-0.023737000301480293 0.31053200364112854 -0.9502670168876648 7.082825183868408 0.9976369738578796 0.06865999847650528 -0.002483000047504902 4.362387180328369 0.06447499990463257 -0.9480800032615662 -0.3114269971847534 1.8982239961624146 0.0 0.0 0.0 1.0
-0.036389999091625214 0.3153879940509796 -0.948265016078949 7.065530776977539 0.9969689846038818 0.07675500214099884 -0.012729999609291553 4.376079082489014 0.06876900047063828 -0.9458529949188232 -0.31722500920295715 1.8978739976882935 0.0 0.0 0.0 1.0
-0.044137001037597656 0.32407599687576294 -0.9450010061264038 7.045838832855225 0.9963459968566895 0.08351399749517441 -0.01789500005543232 4.3717942237854 0.07312200218439102 -0.9423379898071289 -0.3265779912471771 1.900007963180542 0.0 0.0 0.0 1.0
-0.0559069998562336 0.33156999945640564 -0.941772997379303 7.026740074157715 0.9956430196762085 0.08902499824762344 -0.027761999517679214 4.383860111236572 0.07463599741458893 -0.9392210245132446 -0.33510199189186096 1.9038480520248413 0.0 0.0 0.0 1.0
-0.06266599893569946 0.33548200130462646 -0.9399600028991699 7.01112699508667 0.9952430129051208 0.09140100330114365 -0.033730000257492065 4.384846210479736 0.07459799945354462 -0.9376019835472107 -0.3396129906177521 1.9066660404205322 0.0 0.0 0.0 1.0
-0.0710349977016449 0.3378230035305023 -0.9385250210762024 6.99688720703125 0.9947770237922668 0.09313099831342697 -0.04176900163292885 4.3925909996032715 0.07329600304365158 -0.9365910291671753 -0.34267398715019226 1.9064799547195435 0.0 0.0 0.0 1.0
-0.07689999788999557 0.3431349992752075 -0.9361330270767212 6.978251934051514 0.9943839907646179 0.0948679968714714 -0.046911999583244324 4.395461082458496 0.0727119967341423 -0.934482991695404 -0.3485029935836792 1.9105889797210693 0.0 0.0 0.0 1.0
-0.0845400020480156 0.3448140025138855 -0.9348559975624084 6.961871147155762 0.9937630295753479 0.0976559966802597 -0.05384799838066101 4.404343128204346 0.07272599637508392 -0.9335770010948181 -0.3509190082550049 1.9142520427703857 0.0 0.0 0.0 1.0
-0.09159299731254578 0.3447610139846802 -0.934211015701294 6.941521167755127 0.993008017539978 0.10178399831056595 -0.05979600176215172 4.4106669425964355 0.07447200268507004 -0.9331560134887695 -0.3516730070114136 1.9181150197982788 0.0 0.0 0.0 1.0
-0.09842599928379059 0.34217798709869385 -0.9344660043716431 6.932947158813477 0.9922930002212524 0.10478000342845917 -0.06614899635314941 4.418578147888184 0.07527899742126465 -0.933775007724762 -0.3498539924621582 1.9187370538711548 0.0 0.0 0.0 1.0
-0.10688500106334686 0.34088099002838135 -0.9340109825134277 6.916481018066406 0.9913550019264221 0.10843700170516968 -0.07387199997901917 4.423517227172852 0.07609999924898148 -0.9338319897651672 -0.34952399134635925 1.92051100730896 0.0 0.0 0.0 1.0
-0.12354200333356857 0.3373030126094818 -0.9332550168037415 6.896121978759766 0.9893749952316284 0.11450400203466415 -0.08958599716424942 4.449888229370117 0.07664400339126587 -0.9344069957733154 -0.3478649854660034 1.9153059720993042 0.0 0.0 0.0 1.0
-0.13373200595378876 0.3415440022945404 -0.9303029775619507 6.880886077880859 0.9879180192947388 0.1201310008764267 -0.09791000187397003 4.451850891113281 0.07831799983978271 -0.9321569800376892 -0.3534829914569855 1.9170010089874268 0.0 0.0 0.0 1.0
-0.1472409963607788 0.3448199927806854 -0.9270489811897278 6.863318920135498 0.9857029914855957 0.1287740021944046 -0.10865899920463562 4.465775966644287 0.08191200345754623 -0.9297940135002136 -0.35885098576545715 1.9178030490875244 0.0 0.0 0.0 1.0
-0.15953700244426727 0.3460620045661926 -0.9245479702949524 6.848825931549072 0.9834110140800476 0.137596994638443 -0.11819099634885788 4.4832048416137695 0.08631400018930435 -0.9280670285224915 -0.3622730076313019 1.9145549535751343 0.0 0.0 0.0 1.0
-0.17049400508403778 0.3503530025482178 -0.9209690093994141 6.829875946044922 0.98130202293396 0.14509600400924683 -0.12646600604057312 4.492888927459717 0.08932100236415863 -0.9253110289573669 -0.36854100227355957 1.9166079759597778 0.0 0.0 0.0 1.0
-0.1849910020828247 0.35140299797058105 -0.9177659749984741 6.814352035522461 0.9785799980163574 0.15171000361442566 -0.13916100561618805 4.509768009185791 0.0903329998254776 -0.9238510131835938 -0.3719399869441986 1.9187419414520264 0.0 0.0 0.0 1.0
-0.19786599278450012 0.3474940061569214 -0.9165679812431335 6.796172142028809 0.9759730100631714 0.1568789929151535 -0.15121300518512726 4.5215630531311035 0.09124500304460526 -0.9244660139083862 -0.3701860010623932 1.9171940088272095 0.0 0.0 0.0 1.0
-0.21042099595069885 0.34665998816490173 -0.9140840172767639 6.773808002471924 0.9735339879989624 0.15960800647735596 -0.16357600688934326 4.535902976989746 0.08918999880552292 -0.9243119955062866 -0.371069997549057 1.920369029045105 0.0 0.0 0.0 1.0
-0.22161099314689636 0.3433150053024292 -0.9127010107040405 6.757037162780762 0.9710410237312317 0.16337600350379944 -0.1743219941854477 4.555430889129639 0.08926600217819214 -0.9249020218849182 -0.3695789873600006 1.9217569828033447 0.0 0.0 0.0 1.0
-0.2320989966392517 0.3382500112056732 -0.9119849801063538 6.7406229972839355 0.9686099886894226 0.16618399322032928 -0.18487299978733063 4.568550109863281 0.08902399986982346 -0.9262670278549194 -0.3662030100822449 1.9195109605789185 0.0 0.0 0.0 1.0
-0.2457990050315857 0.33605700731277466 -0.909201979637146 6.720311164855957 0.9651790261268616 0.1714709997177124 -0.19755299389362335 4.589571952819824 0.08951299637556076 -0.92610102891922 -0.3665030002593994 1.922400951385498 0.0 0.0 0.0 1.0
-0.25773799419403076 0.33037999272346497 -0.907975971698761 6.707703113555908 0.9620620012283325 0.1747799962759018 -0.2094939947128296 4.6117658615112305 0.08948399871587753 -0.9275239706039429 -0.3628939986228943 1.915552020072937 0.0 0.0 0.0 1.0
-0.26314300298690796 0.33712899684906006 -0.9039360284805298 6.683678150177002 0.9610549807548523 0.17360299825668335 -0.21502399444580078 4.6159210205078125 0.08443500101566315 -0.9253140091896057 -0.3696820139884949 1.9178359508514404 0.0 0.0 0.0 1.0
-0.27354899048805237 0.33969900012016296 -0.8998749852180481 6.6672468185424805 0.9586520195007324 0.17261099815368652 -0.22625599801540375 4.632412910461426 0.07846999913454056 -0.9245589971542358 -0.3728710114955902 1.9290269613265991 0.0 0.0 0.0 1.0
-0.28654301166534424 0.3282659947872162 -0.9000750184059143 6.650082111358643 0.9553830027580261 0.16817699372768402 -0.24281500279903412 4.664783000946045 0.071663998067379 -0.9294930100440979 -0.36180999875068665 1.931326985359192 0.0 0.0 0.0 1.0
-0.28267499804496765 0.32142800092697144 -0.9037579894065857 6.636972904205322 0.9565719962120056 0.16436299681663513 -0.24073700606822968 4.665256977081299 0.07116500288248062 -0.9325600266456604 -0.3539299964904785 1.9240649938583374 0.0 0.0 0.0 1.0
-0.283953994512558 0.32491999864578247 -0.9021070003509521 6.629004955291748 0.9560089707374573 0.16815200448036194 -0.24035599827766418 4.683994770050049 0.07359399646520615 -0.9306730031967163 -0.3583739995956421 1.9207439422607422 0.0 0.0 0.0 1.0
-0.28774499893188477 0.3335770070552826 -0.8977349996566772 6.603557109832764 0.9550470113754272 0.1697629988193512 -0.24303500354290009 4.697608947753906 0.07133100181818008 -0.9273120164871216 -0.3674300014972687 1.9291880130767822 0.0 0.0 0.0 1.0
-0.28957200050354004 0.33566099405288696 -0.896369993686676 6.58935022354126 0.9544990062713623 0.1710049957036972 -0.2443149983882904 4.7090911865234375 0.07127700001001358 -0.9263309836387634 -0.3699060082435608 1.9300880432128906 0.0 0.0 0.0 1.0
-0.2883889973163605 0.33840399980545044 -0.8957200050354004 6.572930812835693 0.954990029335022 0.16951599717140198 -0.2434290051460266 4.714168071746826 0.06946100294589996 -0.9256060123443604 -0.3720589876174927 1.9310100078582764 0.0 0.0 0.0 1.0
-0.29204100370407104 0.3404090106487274 -0.8937749862670898 6.553520202636719 0.953840970993042 0.17205500602722168 -0.24613699316978455 4.73591423034668 0.06999199837446213 -0.9244019985198975 -0.37494298815727234 1.9351929426193237 0.0 0.0 0.0 1.0
-0.2934359908103943 0.3387469947338104 -0.8939499855041504 6.533010005950928 0.9532589912414551 0.17416399717330933 -0.24690799415111542 4.747876167297363 0.07205499708652496 -0.9246169924736023 -0.3740200102329254 1.9342689514160156 0.0 0.0 0.0 1.0
-0.2921940088272095 0.3412419855594635 -0.8934069871902466 6.515923976898193 0.9536669850349426 0.17401699721813202 -0.24543499946594238 4.764726161956787 0.07171499729156494 -0.9237269759178162 -0.37627699971199036 1.9324140548706055 0.0 0.0 0.0 1.0
-0.2874149978160858 0.34811198711395264 -0.8923060297966003 6.4978108406066895 0.9552459716796875 0.17225700616836548 -0.2404859960079193 4.776758193969727 0.06999000161886215 -0.9214910268783569 -0.3820419907569885 1.9342390298843384 0.0 0.0 0.0 1.0
-0.2852199971675873 0.35057300329208374 -0.8920469880104065 6.482909202575684 0.9561439752578735 0.16876399517059326 -0.23939000070095062 4.790005207061768 0.06662199646234512 -0.9212039709091187 -0.3833340108394623 1.9339920282363892 0.0 0.0 0.0 1.0
-0.28295400738716125 0.35351601243019104 -0.8916069865226746 6.460162162780762 0.9573649764060974 0.16052000224590302 -0.2401770055294037 4.805552005767822 0.05821400135755539 -0.9215530157089233 -0.38386300206184387 1.9349210262298584 0.0 0.0 0.0 1.0
-0.279776006937027 0.3551329970359802 -0.8919669985771179 6.442233085632324 0.9586679935455322 0.15345600247383118 -0.23959900438785553 4.823835849761963 0.05178799852728844 -0.9221339821815491 -0.3833880126476288 1.9339900016784668 0.0 0.0 0.0 1.0
-0.27355700731277466 0.3563059866428375 -0.8934270143508911 6.421350002288818 0.9606860280036926 0.14700500667095184 -0.2355239987373352 4.836235046386719 0.04741999879479408 -0.9227330088615417 -0.38251298666000366 1.9323710203170776 0.0 0.0 0.0 1.0
-0.2646459937095642 0.35614898800849915 -0.8961700201034546 6.399328231811523 0.9632189869880676 0.14252600073814392 -0.2278050035238266 4.8435821533203125 0.046594999730587006 -0.9234960079193115 -0.3807690143585205 1.9305740594863892 0.0 0.0 0.0 1.0
-0.2581619918346405 0.3556720018386841 -0.898248016834259 6.377832889556885 0.9650750160217285 0.13779599964618683 -0.22280700504779816 4.865596771240234 0.04452899843454361 -0.9243969917297363 -0.37882399559020996 1.9272370338439941 0.0 0.0 0.0 1.0
-0.23753799498081207 0.356020987033844 -0.9037839770317078 6.383743762969971 0.9701570272445679 0.13359299302101135 -0.2023569941520691 4.849291801452637 0.04869600012898445 -0.9248790144920349 -0.37713000178337097 1.920583963394165 0.0 0.0 0.0 1.0
-0.23352600634098053 0.35607001185417175 -0.9048089981079102 6.358372211456299 0.9709460139274597 0.13539400696754456 -0.19731399416923523 4.876337051391602 0.05224800109863281 -0.9245989918708801 -0.37734299898147583 1.9192860126495361 0.0 0.0 0.0 1.0
-0.2240850031375885 0.35680800676345825 -0.9069039821624756 6.332808017730713 0.9731320142745972 0.13244099915027618 -0.18834200501441956 4.887127876281738 0.0529090017080307 -0.9247419834136963 -0.37689900398254395 1.9221760034561157 0.0 0.0 0.0 1.0
-0.21699300408363342 0.3513300120830536 -0.9107580184936523 6.3108811378479 0.9746170043945312 0.13062800467014313 -0.18181799352169037 4.903573036193848 0.05509199947118759 -0.9270939826965332 -0.37075701355934143 1.9189809560775757 0.0 0.0 0.0 1.0
-0.21380400657653809 0.3500399887561798 -0.9120090007781982 6.288609981536865 0.9752640128135681 0.13011400401592255 -0.1786939948797226 4.924952983856201 0.05611500144004822 -0.9276540279388428 -0.3691999912261963 1.912086009979248 0.0 0.0 0.0 1.0
-0.21614199876785278 0.3575119972229004 -0.9085530042648315 6.262629985809326 0.9746299982070923 0.1344040036201477 -0.1789740025997162 4.937802791595459 0.0581279993057251 -0.9241870045661926 -0.3774920105934143 1.9165899753570557 0.0 0.0 0.0 1.0
-0.21884900331497192 0.35779300332069397 -0.9077939987182617 6.241590976715088 0.9737250208854675 0.14012199640274048 -0.17951700091362 4.946561813354492 0.06297200173139572 -0.9232280254364014 -0.37905699014663696 1.9220319986343384 0.0 0.0 0.0 1.0
-0.22063200175762177 0.35179200768470764 -0.9097049832344055 6.223878860473633 0.972836971282959 0.1463720053434372 -0.17934000492095947 4.9654669761657715 0.07006499916315079 -0.9245629906654358 -0.37453100085258484 1.9173890352249146 0.0 0.0 0.0 1.0
-0.2178560048341751 0.35564500093460083 -0.9088760018348694 6.203965187072754 0.9729549884796143 0.15241999924182892 -0.17357300221920013 4.97669792175293 0.07680000364780426 -0.9221090078353882 -0.3792319893836975 1.9137059450149536 0.0 0.0 0.0 1.0
-0.22144800424575806 0.36465001106262207 -0.9044280052185059 6.184435844421387 0.9717710018157959 0.15990599989891052 -0.17346599698066711 4.991079807281494 0.08137000352144241 -0.9173110127449036 -0.38976800441741943 1.915835976600647 0.0 0.0 0.0 1.0
-0.22464700043201447 0.3745270073413849 -0.899590015411377 6.168468952178955 0.9712049961090088 0.16121900081634521 -0.17541100084781647 5.001585960388184 0.07933499664068222 -0.9130920171737671 -0.3999600112438202 1.9273070096969604 0.0 0.0 0.0 1.0
-0.2269749939441681 0.3740079998970032 -0.8992220163345337 6.152982234954834 0.9707840085029602 0.16069599986076355 -0.17820000648498535 5.015484809875488 0.0778530016541481 -0.9133970141410828 -0.3995549976825714 1.9277410507202148 0.0 0.0 0.0 1.0
-0.22589999437332153 0.37635698914527893 -0.8985120058059692 6.13454008102417 0.9710789918899536 0.16018399596214294 -0.17704899609088898 5.0321478843688965 0.0772939994931221 -0.91252201795578 -0.40165799856185913 1.930987000465393 0.0 0.0 0.0 1.0
-0.22314199805259705 0.37724000215530396 -0.8988310098648071 6.111835956573486 0.9716969728469849 0.15943199396133423 -0.17431700229644775 5.0456109046936035 0.0775429978966713 -0.912289023399353 -0.40213900804519653 1.938910961151123 0.0 0.0 0.0 1.0
-0.22150300443172455 0.3703339993953705 -0.9021030068397522 6.095149040222168 0.9720230102539062 0.1579889953136444 -0.17381300032138824 5.067052841186523 0.07815399765968323 -0.9153649806976318 -0.3949680030345917 1.940858006477356 0.0 0.0 0.0 1.0
-0.21624299883842468 0.3656570017337799 -0.9052810072898865 6.077836990356445 0.9732660055160522 0.15424899756908417 -0.17017899453639984 5.084036827087402 0.07741200178861618 -0.9178789854049683 -0.3892360031604767 1.9417049884796143 0.0 0.0 0.0 1.0
-0.2120950073003769 0.3624019920825958 -0.9075679779052734 6.056440830230713 0.9742180109024048 0.15150199830532074 -0.16717399656772614 5.098445892333984 0.0769139975309372 -0.919625997543335 -0.38519200682640076 1.9428269863128662 0.0 0.0 0.0 1.0
-0.21106299757957458 0.3592959940433502 -0.90904301404953 6.040192127227783 0.9744809865951538 0.1500539928674698 -0.16694800555706024 5.115222930908203 0.07642100006341934 -0.921081006526947 -0.38179799914360046 1.943729043006897 0.0 0.0 0.0 1.0
-0.2104630023241043 0.3572779893875122 -0.9099770188331604 6.024447917938232 0.974835991859436 0.1466740071773529 -0.1678760051727295 5.1351752281188965 0.07349199801683426 -0.9224089980125427 -0.37915700674057007 1.9434679746627808 0.0 0.0 0.0 1.0
-0.20872899889945984 0.35626399517059326 -0.910772979259491 6.009006977081299 0.9754310250282288 0.14294500648975372 -0.16763299703598022 5.147563934326172 0.07046899944543839 -0.9233869910240173 -0.37734800577163696 1.943392038345337 0.0 0.0 0.0 1.0
-0.21352800726890564 0.3544049859046936 -0.9103860259056091 5.992155075073242 0.974714994430542 0.1401059925556183 -0.1740739941596985 5.171908855438232 0.06585799902677536 -0.9245359897613525 -0.37536001205444336 1.9420260190963745 0.0 0.0 0.0 1.0
-0.21660900115966797 0.354220986366272 -0.90972900390625 5.9798359870910645 0.9743779897689819 0.1362529993057251 -0.1789489984512329 5.185583114624023 0.0605660006403923 -0.9251819849014282 -0.37465900182724 1.9395560026168823 0.0 0.0 0.0 1.0
-0.22193799912929535 0.3554059863090515 -0.9079809784889221 5.96752405166626 0.9734690189361572 0.13395699858665466 -0.18551099300384521 5.199984073638916 0.055698998272418976 -0.9250630140304565 -0.3757070004940033 1.936668038368225 0.0 0.0 0.0 1.0
-0.2286909967660904 0.35756900906562805 -0.9054530262947083 5.956021785736084 0.9720979928970337 0.13375499844551086 -0.1927029937505722 5.21851921081543 0.05220400169491768 -0.9242590069770813 -0.37818101048469543 1.934602975845337 0.0 0.0 0.0 1.0
-0.2327830046415329 0.3604249954223633 -0.9032750129699707 5.943477153778076 0.9713000059127808 0.13283999264240265 -0.1973080039024353 5.235835075378418 0.048875998705625534 -0.9232810139656067 -0.3810029923915863 1.9330309629440308 0.0 0.0 0.0 1.0
-0.23499499261379242 0.36351099610328674 -0.9014639854431152 5.928648948669434 0.9708690047264099 0.13244399428367615 -0.19968000054359436 5.24951696395874 0.04680800065398216 -0.9221270084381104 -0.3840450048446655 1.9350969791412354 0.0 0.0 0.0 1.0
-0.24123600125312805 0.3629480004310608 -0.9000409841537476 5.9155449867248535 0.9694989919662476 0.13154199719429016 -0.2068070024251938 5.2687177658081055 0.04333300143480301 -0.9224780201911926 -0.3836100101470947 1.936771035194397 0.0 0.0 0.0 1.0
-0.24623799324035645 0.3626999855041504 -0.8987849950790405 5.908523082733154 0.9684110283851624 0.12969399988651276 -0.21297599375247955 5.284002780914307 0.039319999516010284 -0.9228370189666748 -0.3831790089607239 1.9304579496383667 0.0 0.0 0.0 1.0
-0.2538999915122986 0.37043100595474243 -0.8934850096702576 5.897824764251709 0.9665219783782959 0.13252100348472595 -0.2197120040655136 5.299613952636719 0.037018001079559326 -0.9193580150604248 -0.39167699217796326 1.9319829940795898 0.0 0.0 0.0 1.0
-0.2616350054740906 0.3744319975376129 -0.8895769715309143 5.881776809692383 0.964510977268219 0.13540500402450562 -0.22668099403381348 5.313179016113281 0.03557699918746948 -0.9173139929771423 -0.39657101035118103 1.9392319917678833 0.0 0.0 0.0 1.0
-0.2708140015602112 0.36960700154304504 -0.8888480067253113 5.86869478225708 0.9620140194892883 0.1369979977607727 -0.23613899946212769 5.340339183807373 0.03449099883437157 -0.9190329909324646 -0.3926680088043213 1.941195011138916 0.0 0.0 0.0 1.0
-0.27277499437332153 0.3668079972267151 -0.8894079923629761 5.861023902893066 0.9614549875259399 0.13719399273395538 -0.2382899969816208 5.359269142150879 0.03461499884724617 -0.9201250076293945 -0.39009198546409607 1.9358290433883667 0.0 0.0 0.0 1.0
-0.27177199721336365 0.37492600083351135 -0.8863239884376526 5.847530841827393 0.9617630243301392 0.13828599452972412 -0.23640699684619904 5.36903190612793 0.03393099829554558 -0.91668301820755 -0.3981730043888092 1.9373879432678223 0.0 0.0 0.0 1.0
-0.27373799681663513 0.3806439936161041 -0.8832769989967346 5.8365068435668945 0.9612370133399963 0.13980600237846375 -0.23765000700950623 5.382049083709717 0.03302700072526932 -0.9140920042991638 -0.4041590094566345 1.940891981124878 0.0 0.0 0.0 1.0
-0.27632999420166016 0.3823089897632599 -0.8817489743232727 5.823366165161133 0.9606130123138428 0.13794800639152527 -0.24123400449752808 5.403987884521484 0.029409000650048256 -0.9136790037155151 -0.40536999702453613 1.9412529468536377 0.0 0.0 0.0 1.0
-0.2724820077419281 0.38665398955345154 -0.8810520172119141 5.810918807983398 0.9618489742279053 0.132765993475914 -0.239205002784729 5.415517807006836 0.024483999237418175 -0.9126179814338684 -0.40808001160621643 1.9424959421157837 0.0 0.0 0.0 1.0
-0.2701059877872467 0.3894079923629761 -0.8805710077285767 5.799708843231201 0.9626049995422363 0.1290159970521927 -0.23821499943733215 5.42957878112793 0.020844999700784683 -0.9119849801063538 -0.40969398617744446 1.9449830055236816 0.0 0.0 0.0 1.0
-0.26840201020240784 0.3880319893360138 -0.8816980123519897 5.788261890411377 0.9631270170211792 0.12581400573253632 -0.23781999945640564 5.446173191070557 0.01864900067448616 -0.913017988204956 -0.4074920117855072 1.9439890384674072 0.0 0.0 0.0 1.0
-0.26393699645996094 0.3879059851169586 -0.8830999732017517 5.776397228240967 0.964368999004364 0.12338300049304962 -0.23402999341487885 5.4612298011779785 0.018177999183535576 -0.9134029746055603 -0.40665000677108765 1.9422509670257568 0.0 0.0 0.0 1.0
-0.2577280104160309 0.3906260132789612 -0.8837350010871887 5.764272212982178 0.9660379886627197 0.12180600315332413 -0.2278899997472763 5.473996162414551 0.018624000251293182 -0.9124550223350525 -0.40875300765037537 1.9402170181274414 0.0 0.0 0.0 1.0
-0.2530499994754791 0.3936440050601959 -0.8837479948997498 5.750508785247803 0.9672889709472656 0.11976899951696396 -0.22362299263477325 5.489127159118652 0.01781800016760826 -0.9114270210266113 -0.41107499599456787 1.9373619556427002 0.0 0.0 0.0 1.0
-0.24864399433135986 0.3971079885959625 -0.8834480047225952 5.738859176635742 0.9684550166130066 0.11741700023412704 -0.2197909951210022 5.506495952606201 0.016450999304652214 -0.9102299809455872 -0.4137769937515259 1.9332669973373413 0.0 0.0 0.0 1.0
-0.24096600711345673 0.40369701385498047 -0.8825889825820923 5.722088813781738 0.9704279899597168 0.11367099732160568 -0.21295399963855743 5.512237071990967 0.014355000108480453 -0.907804012298584 -0.4191499948501587 1.9333189725875854 0.0 0.0 0.0 1.0
-0.23704400658607483 0.4071959853172302 -0.8820440173149109 5.709342956542969 0.971435010433197 0.10976900160312653 -0.21039199829101562 5.528292179107666 0.011150999926030636 -0.9067209959030151 -0.42158401012420654 1.930361032485962 0.0 0.0 0.0 1.0
-0.22864200174808502 0.4113380014896393 -0.8823400139808655 5.694985866546631 0.9734579920768738 0.10602500289678574 -0.20282599329948425 5.53760290145874 0.010119999758899212 -0.9052950143814087 -0.4246619939804077 1.9291590452194214 0.0 0.0 0.0 1.0
-0.2199539989233017 0.41335099935531616 -0.8836069703102112 5.678670883178711 0.9754459857940674 0.10363200306892395 -0.19433699548244476 5.551790237426758 0.011241000145673752 -0.9046559929847717 -0.42599499225616455 1.9271939992904663 0.0 0.0 0.0 1.0
-0.2077919989824295 0.41408300399780273 -0.8862040042877197 5.665006160736084 0.9780640006065369 0.10150100290775299 -0.18190400302410126 5.562565803527832 0.014627000316977501 -0.9045619964599609 -0.4260900020599365 1.9228689670562744 0.0 0.0 0.0 1.0
-0.19529500603675842 0.4190239906311035 -0.8867239952087402 5.647369861602783 0.9805939793586731 0.09929999709129333 -0.16904500126838684 5.569958209991455 0.017217999324202538 -0.9025290012359619 -0.4302850067615509 1.9237710237503052 0.0 0.0 0.0 1.0
-0.1881520003080368 0.4203700125217438 -0.8876299858093262 5.631317138671875 0.9819120168685913 0.09999299794435501 -0.16078099608421326 5.581401824951172 0.02116899937391281 -0.901826024055481 -0.4315809905529022 1.9217259883880615 0.0 0.0 0.0 1.0
-0.17922399938106537 0.42131999135017395 -0.8890269994735718 5.616427898406982 0.983473002910614 0.10030899941921234 -0.15072700381278992 5.591513156890869 0.025673000141978264 -0.9013479948043823 -0.4323349893093109 1.9213149547576904 0.0 0.0 0.0 1.0
-0.16433000564575195 0.42076000571250916 -0.8921639919281006 5.597105026245117 0.9860280156135559 0.0950779989361763 -0.13677899539470673 5.598690032958984 0.02727299928665161 -0.902176022529602 -0.43050599098205566 1.9223779439926147 0.0 0.0 0.0 1.0
-0.1468230038881302 0.42012500762939453 -0.8955100178718567 5.577088832855225 0.9886249899864197 0.09217099845409393 -0.11884800344705582 5.603477954864502 0.0326090008020401 -0.9027730226516724 -0.4288789927959442 1.923656940460205 0.0 0.0 0.0 1.0
-0.13365599513053894 0.4238860011100769 -0.8957989811897278 5.559243202209473 0.9903380274772644 0.09084100276231766 -0.10477700084447861 5.609786033630371 0.03696199879050255 -0.9011489748954773 -0.4319320023059845 1.927278995513916 0.0 0.0 0.0 1.0
-0.12584500014781952 0.42465001344680786 -0.896569013595581 5.541593074798584 0.9912580251693726 0.08992700278759003 -0.09654299914836884 5.620429992675781 0.039629001170396805 -0.900879979133606 -0.43225499987602234 1.933650016784668 0.0 0.0 0.0 1.0
-0.11673200130462646 0.4156930148601532 -0.9019830226898193 5.529759883880615 0.992214024066925 0.08852499723434448 -0.08761099725961685 5.6283111572265625 0.043428998440504074 -0.9051870107650757 -0.422789990901947 1.9294949769973755 0.0 0.0 0.0 1.0
-0.10659299790859222 0.4133560061454773 -0.9043089747428894 5.515631198883057 0.9931899905204773 0.08728999644517899 -0.0771699994802475 5.636538028717041 0.04703899845480919 -0.9063760042190552 -0.41984501481056213 1.9279520511627197 0.0 0.0 0.0 1.0
-0.0966000035405159 0.4163770079612732 -0.9040459990501404 5.500496864318848 0.9941610097885132 0.08424299955368042 -0.06742899864912033 5.644489765167236 0.04808399826288223 -0.9052810072898865 -0.4220840036869049 1.9295530319213867 0.0 0.0 0.0 1.0
-0.08757399767637253 0.4164760112762451 -0.9049190282821655 5.487680912017822 0.9948199987411499 0.08362600207328796 -0.0577859990298748 5.650893211364746 0.05160899832844734 -0.9052929878234863 -0.421642005443573 1.9292880296707153 0.0 0.0 0.0 1.0
-0.07810799777507782 0.41576001048088074 -0.9061139822006226 5.473657131195068 0.9956179857254028 0.079414002597332 -0.04938500002026558 5.658078193664551 0.051426000893116 -0.9060009717941284 -0.42013999819755554 1.9313700199127197 0.0 0.0 0.0 1.0
-0.06708499789237976 0.41302600502967834 -0.9082450270652771 5.460907936096191 0.9962639808654785 0.07735399901866913 -0.038408998399972916 5.662717819213867 0.054391998797655106 -0.9074280261993408 -0.4166719913482666 1.928737998008728 0.0 0.0 0.0 1.0
-0.05572199821472168 0.4092470109462738 -0.9107199907302856 5.453647136688232 0.9969490170478821 0.07273399829864502 -0.02831299975514412 5.67587423324585 0.054653000086545944 -0.9095199704170227 -0.4120520055294037 1.9226009845733643 0.0 0.0 0.0 1.0
-0.04264200106263161 0.4098060131072998 -0.9111760258674622 5.443973064422607 0.9975709915161133 0.06775499880313873 -0.01621199958026409 5.6842169761657715 0.05509300157427788 -0.9096530079841614 -0.41169899702072144 1.9196590185165405 0.0 0.0 0.0 1.0
-0.030861999839544296 0.4127430021762848 -0.910323977470398 5.432071208953857 0.9981210231781006 0.060968998819589615 -0.006194999907165766 5.693224906921387 0.05294499918818474 -0.9088050127029419 -0.41384899616241455 1.9203189611434937 0.0 0.0 0.0 1.0
-0.01970900036394596 0.4122529923915863 -0.9108560085296631 5.424842834472656 0.9985179901123047 0.05434500053524971 0.0029909999575465918 5.702102184295654 0.05073399841785431 -0.9094470143318176 -0.4127129912376404 1.915369987487793 0.0 0.0 0.0 1.0
-0.00646300008520484 0.4149799942970276 -0.909807026386261 5.415929794311523 0.9988960027694702 0.04501200094819069 0.013434999622404575 5.707862854003906 0.04652699828147888 -0.9087160229682922 -0.41481301188468933 1.911452054977417 0.0 0.0 0.0 1.0
0.005206999834626913 0.4212929904460907 -0.9069089889526367 5.406670093536377 0.9991369843482971 0.03519200161099434 0.022084999829530716 5.71530818939209 0.04121999815106392 -0.9062409996986389 -0.42074599862098694 1.9096399545669556 0.0 0.0 0.0 1.0
0.014973999932408333 0.4293450117111206 -0.9030159711837769 5.398746967315674 0.9991859793663025 0.027413999661803246 0.02960200048983097 5.724049091339111 0.03746499866247177 -0.902724027633667 -0.4285849928855896 1.90842604637146 0.0 0.0 0.0 1.0
0.024272000417113304 0.4353890120983124 -0.8999149799346924 5.39229679107666 0.9990869760513306 0.021084999665617943 0.037147000432014465 5.734808921813965 0.03514799848198891 -0.8999959826469421 -0.4344800114631653 1.9060670137405396 0.0 0.0 0.0 1.0
0.038391001522541046 0.4406740069389343 -0.8968459963798523 5.385271072387695 0.9986730217933655 0.013922000303864479 0.049591001123189926 5.743803977966309 0.034338999539613724 -0.8975589871406555 -0.43955498933792114 1.9026670455932617 0.0 0.0 0.0 1.0
0.052264999598264694 0.4464679956436157 -0.8932719826698303 5.378683090209961 0.9980250000953674 0.00785600021481514 0.062320999801158905 5.755618095397949 0.03484100103378296 -0.8947650194168091 -0.44517600536346436 1.899938941001892 0.0 0.0 0.0 1.0
0.06897299736738205 0.4518679976463318 -0.8894140124320984 5.369747161865234 0.9971470236778259 -0.0038240000139921904 0.07538499683141708 5.7633538246154785 0.03066200017929077 -0.8920770287513733 -0.4508430063724518 1.8982690572738647 0.0 0.0 0.0 1.0
0.08205100148916245 0.4580099880695343 -0.8851519823074341 5.365259170532227 0.996196985244751 -0.01155799999833107 0.08636400103569031 5.777550220489502 0.029324999079108238 -0.8888720273971558 -0.4572170078754425 1.897022008895874 0.0 0.0 0.0 1.0
0.09843400120735168 0.46281498670578003 -0.8809729814529419 5.361481189727783 0.9947490096092224 -0.020817000418901443 0.100211001932621 5.78662109375 0.028039999306201935 -0.886210024356842 -0.46243399381637573 1.8935999870300293 0.0 0.0 0.0 1.0
0.11282800137996674 0.4680669903755188 -0.8764600157737732 5.356873989105225 0.9932699799537659 -0.029898999258875847 0.11189799755811691 5.7976579666137695 0.026170000433921814 -0.8831869959831238 -0.4682910144329071 1.8918370008468628 0.0 0.0 0.0 1.0
0.12580500543117523 0.473378986120224 -0.8718289732933044 5.354827880859375 0.9917680025100708 -0.03888300061225891 0.12199900299310684 5.8127970695495605 0.023852000012993813 -0.8799999952316284 -0.474373996257782 1.8898719549179077 0.0 0.0 0.0 1.0
0.14281900227069855 0.4776979982852936 -0.8668379783630371 5.35169792175293 0.9895150065422058 -0.0498649999499321 0.13555100560188293 5.822858810424805 0.021528000012040138 -0.8771079778671265 -0.47981101274490356 1.8866560459136963 0.0 0.0 0.0 1.0
0.15769800543785095 0.48199400305747986 -0.8618659973144531 5.348742961883545 0.9873020052909851 -0.060061998665332794 0.14706000685691833 5.834630012512207 0.019116999581456184 -0.8741130232810974 -0.4853459894657135 1.8851549625396729 0.0 0.0 0.0 1.0
0.17213399708271027 0.4844590127468109 -0.8577119708061218 5.346942901611328 0.984969973564148 -0.07202599942684174 0.15699100494384766 5.848022937774658 0.014278000220656395 -0.8718439936637878 -0.4895760118961334 1.8840659856796265 0.0 0.0 0.0 1.0
0.1870580017566681 0.4860129952430725 -0.8536980152130127 5.344839096069336 0.9822850227355957 -0.08263500034809113 0.16818900406360626 5.859072208404541 0.011196999810636044 -0.8700360059738159 -0.4928610026836395 1.8841029405593872 0.0 0.0 0.0 1.0
0.20201200246810913 0.4855499863624573 -0.8505480289459229 5.344360828399658 0.9793509840965271 -0.09308300167322159 0.17946599423885345 5.870944976806641 0.007968000136315823 -0.8692389726638794 -0.49432799220085144 1.882743000984192 0.0 0.0 0.0 1.0
0.21451500058174133 0.4831889867782593 -0.848829984664917 5.344604015350342 0.9767169952392578 -0.10369600355625153 0.18780599534511566 5.884479999542236 0.002725000027567148 -0.8693540096282959 -0.4941830039024353 1.880977988243103 0.0 0.0 0.0 1.0
0.22630000114440918 0.4807499945163727 -0.8471530079841614 5.345192909240723 0.9740579724311829 -0.11168800294399261 0.196819007396698 5.895345211029053 3.999999989900971e-06 -0.8697159886360168 -0.4935530126094818 1.8795579671859741 0.0 0.0 0.0 1.0
0.24826399981975555 0.4745280146598816 -0.8445050120353699 5.344948768615723 0.9686599969863892 -0.1287900060415268 0.21239499747753143 5.917424201965332 -0.00797600019723177 -0.8707680106163025 -0.4916299879550934 1.8786879777908325 0.0 0.0 0.0 1.0
0.2571539878845215 0.4687960147857666 -0.8450459837913513 5.3465681076049805 0.9663079977035522 -0.1347080022096634 0.219323992729187 5.929426193237305 -0.01101600006222725 -0.8729739785194397 -0.48764199018478394 1.8805049657821655 0.0 0.0 0.0 1.0
0.2652350068092346 0.4640969932079315 -0.8451409935951233 5.350543975830078 0.9641270041465759 -0.1371929943561554 0.2272389978170395 5.943645000457764 -0.010487000457942486 -0.875095009803772 -0.4838370084762573 1.877959966659546 0.0 0.0 0.0 1.0
0.27506500482559204 0.46594899892807007 -0.840969979763031 5.35325813293457 0.9613770246505737 -0.1421090066432953 0.2357109934091568 5.956334114074707 -0.009680000133812428 -0.873324990272522 -0.48704200983047485 1.876412034034729 0.0 0.0 0.0 1.0
0.28297099471092224 0.4678710103034973 -0.8372719883918762 5.354412078857422 0.9591010212898254 -0.1446159929037094 0.24333399534225464 5.966282844543457 -0.007234000135213137 -0.8718850016593933 -0.489657998085022 1.8781930208206177 0.0 0.0 0.0 1.0
0.2911379933357239 0.46603500843048096 -0.8354930281639099 5.3573479652404785 0.9566699862480164 -0.14607399702072144 0.25188401341438293 5.9775872230529785 -0.004656999837607145 -0.8726239800453186 -0.48837000131607056 1.8783799409866333 0.0 0.0 0.0 1.0
0.2991209924221039 0.4649930000305176 -0.8332520127296448 5.360844135284424 0.9542120099067688 -0.14803700149059296 0.2599320113658905 5.991775989532471 -0.002486000070348382 -0.8728500008583069 -0.48798200488090515 1.8768630027770996 0.0 0.0 0.0 1.0
0.309810996055603 0.46459901332855225 -0.8295570015907288 5.364316940307617 0.950797975063324 -0.1518860012292862 0.27002599835395813 6.002176761627197 -0.0005440000095404685 -0.8723980188369751 -0.4887959957122803 1.8778530359268188 0.0 0.0 0.0 1.0
0.31853899359703064 0.4653179943561554 -0.8258399963378906 5.362435817718506 0.9479089975357056 -0.15504199266433716 0.27826398611068726 6.009541034698486 0.0014410000294446945 -0.8714590072631836 -0.49046599864959717 1.8832639455795288 0.0 0.0 0.0 1.0
0.32522401213645935 0.46051299571990967 -0.8259279727935791 5.369493007659912 0.945635974407196 -0.15951000154018402 0.2834239900112152 6.0267181396484375 -0.0012240000069141388 -0.8732039928436279 -0.48735401034355164 1.8796249628067017 0.0 0.0 0.0 1.0
0.3346270024776459 0.4583919942378998 -0.8233469724655151 5.372196197509766 0.9423490166664124 -0.16423100233078003 0.29155799746513367 6.037968158721924 -0.0015709999715909362 -0.8734440207481384 -0.4869219958782196 1.8800970315933228 0.0 0.0 0.0 1.0
0.34344199299812317 0.45623698830604553 -0.8209109902381897 5.37562894821167 0.9391739964485168 -0.1674869954586029 0.2998349964618683 6.049685001373291 -0.0006960000027902424 -0.8739539980888367 -0.4860070049762726 1.8812259435653687 0.0 0.0 0.0 1.0
0.35269400477409363 0.4525960087776184 -0.8190019726753235 5.379907131195068 0.9357389807701111 -0.17079199850559235 0.30858200788497925 6.0622148513793945 -0.00021600000036414713 -0.8752070069313049 -0.48374900221824646 1.8808339834213257 0.0 0.0 0.0 1.0
0.3630859851837158 0.4504519999027252 -0.8156359791755676 5.382616996765137 0.9317560195922852 -0.17539000511169434 0.3179149925708771 6.075115203857422 0.00015100000018719584 -0.8754040002822876 -0.48339200019836426 1.8805409669876099 0.0 0.0 0.0 1.0
0.37328100204467773 0.44880199432373047 -0.8119350075721741 5.3839287757873535 0.9277179837226868 -0.17954100668430328 0.3272689878940582 6.084837913513184 0.0011030000168830156 -0.8754090070724487 -0.4833810031414032 1.8833940029144287 0.0 0.0 0.0 1.0
0.38251298666000366 0.4444639980792999 -0.8100219964981079 5.3871917724609375 0.9239500164985657 -0.18394899368286133 0.3353790044784546 6.097533226013184 6.0999998822808266e-05 -0.8767070174217224 -0.4810259938240051 1.8844059705734253 0.0 0.0 0.0 1.0
0.39467599987983704 0.4395799934864044 -0.8068450093269348 5.388944149017334 0.9188200235366821 -0.18770499527454376 0.3471849858760834 6.105701923370361 0.001167000038549304 -0.878371000289917 -0.477977991104126 1.8853429555892944 0.0 0.0 0.0 1.0
0.4058850109577179 0.4333840012550354 -0.8046339750289917 5.392397880554199 0.913923978805542 -0.19337399303913116 0.3568609952926636 6.114461898803711 -0.0009369999752379954 -0.8802189826965332 -0.4745669960975647 1.8839579820632935 0.0 0.0 0.0 1.0
0.4155769944190979 0.43154698610305786 -0.8006640076637268 5.391039848327637 0.9095579981803894 -0.1971299946308136 0.36584699153900146 6.118863105773926 4.600000102072954e-05 -0.8802880048751831 -0.4744400084018707 1.8894100189208984 0.0 0.0 0.0 1.0
0.42541900277137756 0.4262250065803528 -0.7983430027961731 5.392471790313721 0.9049969911575317 -0.20043300092220306 0.37524399161338806 6.123233795166016 -7.599999662488699e-05 -0.8821330070495605 -0.47099998593330383 1.8855890035629272 0.0 0.0 0.0 1.0
0.43466100096702576 0.4244590103626251 -0.7942950129508972 5.394993782043457 0.9005929827690125 -0.20364199578762054 0.38400799036026 6.128232002258301 0.001243000035174191 -0.8822500109672546 -0.47077998518943787 1.8873380422592163 0.0 0.0 0.0 1.0
0.4424799978733063 0.4217340052127838 -0.7914239764213562 5.3961181640625 0.8967769742012024 -0.2065960019826889 0.3912909924983978 6.1369757652282715 0.0015160000184550881 -0.8828700184822083 -0.46961599588394165 1.888368010520935 0.0 0.0 0.0 1.0
0.4508399963378906 0.41707301139831543 -0.7891719937324524 5.399929046630859 0.8926050066947937 -0.2104949951171875 0.39868399500846863 6.142538070678711 0.00016399999731220305 -0.8841620087623596 -0.467180997133255 1.8884259462356567 0.0 0.0 0.0 1.0
0.45799800753593445 0.4144810140132904 -0.7864120006561279 5.399045944213867 0.8889529705047607 -0.2147420048713684 0.40453600883483887 6.153812885284424 -0.0012029999634250998 -0.8843590021133423 -0.46680501103401184 1.8890739679336548 0.0 0.0 0.0 1.0
0.4671339988708496 0.41071200370788574 -0.7830079793930054 5.400179862976074 0.8841829895973206 -0.21948100626468658 0.4123699963092804 6.156613826751709 -0.0024900001008063555 -0.8849539756774902 -0.46567100286483765 1.889991044998169 0.0 0.0 0.0 1.0
0.4752030074596405 0.40641599893569946 -0.7803890109062195 5.40463399887085 0.8798679709434509 -0.22329199314117432 0.4194920063018799 6.160212993621826 -0.0037670000456273556 -0.8859840035438538 -0.4637010097503662 1.8873499631881714 0.0 0.0 0.0 1.0
0.4818029999732971 0.4078109860420227 -0.775600016117096 5.408286094665527 0.8762789964675903 -0.22452600300312042 0.42628899216651917 6.173090934753418 -0.0002969999914057553 -0.8850299715995789 -0.46553298830986023 1.8856029510498047 0.0 0.0 0.0 1.0
0.4918160140514374 0.40936699509620667 -0.7684630155563354 5.404624938964844 0.8706880211830139 -0.22672900557518005 0.4364599883556366 6.17661190032959 0.00443999981507659 -0.8837490081787109 -0.46794000267982483 1.8894939422607422 0.0 0.0 0.0 1.0
0.49889200925827026 0.4082370102405548 -0.7644929885864258 5.402029991149902 0.866661012172699 -0.23234200477600098 0.4414939880371094 6.184412956237793 0.0026100000832229853 -0.8828139901161194 -0.46971601247787476 1.894698977470398 0.0 0.0 0.0 1.0
0.5062440037727356 0.40387099981307983 -0.7619739770889282 5.403625011444092 0.8623890280723572 -0.23568899929523468 0.44803598523139954 6.188075065612793 0.0013599999947473407 -0.8839340209960938 -0.4676100015640259 1.8931900262832642 0.0 0.0 0.0 1.0
0.5127419829368591 0.4002020061016083 -0.7595620155334473 5.403396129608154 0.8585429787635803 -0.23975799977779388 0.4532339870929718 6.193120002746582 -0.0007259999983943999 -0.8845080137252808 -0.46652400493621826 1.8948769569396973 0.0 0.0 0.0 1.0
0.518900990486145 0.3937489986419678 -0.7587509751319885 5.4079670906066895 0.8548290133476257 -0.24224500358104706 0.4588960111141205 6.191596984863281 -0.0031139999628067017 -0.8867239952087402 -0.4622890055179596 1.8915679454803467 0.0 0.0 0.0 1.0
0.5230579972267151 0.3910129964351654 -0.7573109865188599 5.40775203704834 0.8522809743881226 -0.24544599652290344 0.4619239866733551 6.196829795837402 -0.005260999780148268 -0.8870540261268616 -0.4616349935531616 1.8928630352020264 0.0 0.0 0.0 1.0
0.5271340012550354 0.3889710009098053 -0.75553297996521 5.408759117126465 0.8497599959373474 -0.24763000011444092 0.4653890132904053 6.197214126586914 -0.006070000119507313 -0.887345016002655 -0.46106600761413574 1.8910859823226929 0.0 0.0 0.0 1.0
0.5290240049362183 0.38911598920822144 -0.7541369795799255 5.409572124481201 0.8485770225524902 -0.2500019967556 0.466279000043869 6.203673839569092 -0.007098999805748463 -0.8866159915924072 -0.4624519944190979 1.8917210102081299 0.0 0.0 0.0 1.0
0.5328800082206726 0.38756000995635986 -0.7522209882736206 5.408868789672852 0.8461589813232422 -0.25178301334381104 0.46970200538635254 6.203990936279297 -0.00735899992287159 -0.8867930173873901 -0.46210700273513794 1.8913060426712036 0.0 0.0 0.0 1.0
0.5361089706420898 0.3864409923553467 -0.7505000233650208 5.40568208694458 0.8441050052642822 -0.2544479966163635 0.4719569981098175 6.207540988922119 -0.008580000139772892 -0.8865209817886353 -0.4626080095767975 1.8947429656982422 0.0 0.0 0.0 1.0
0.5392410159111023 0.38426101207733154 -0.7493739724159241 5.4054951667785645 0.8420959711074829 -0.2562420070171356 0.4745680093765259 6.208119869232178 -0.009662999771535397 -0.8869519829750061 -0.4617609977722168 1.895501971244812 0.0 0.0 0.0 1.0
0.5447970032691956 0.38098299503326416 -0.7470260262489319 5.401823043823242 0.8384900093078613 -0.2596290111541748 0.47909000515937805 6.204032897949219 -0.01142400037497282 -0.8873810172080994 -0.46089598536491394 1.8962459564208984 0.0 0.0 0.0 1.0
0.546343982219696 0.3792470097541809 -0.7467799782752991 5.4002580642700195 0.8374649882316589 -0.26084598898887634 0.4802199900150299 6.207674026489258 -0.012672999873757362 -0.8877679705619812 -0.46011799573898315 1.8972779512405396 0.0 0.0 0.0 1.0
0.5468000173568726 0.37765300273895264 -0.7472540140151978 5.399648189544678 0.8371379971504211 -0.26203399896621704 0.4801439940929413 6.211315155029297 -0.01447799988090992 -0.8880969882011414 -0.45942801237106323 1.8972519636154175 0.0 0.0 0.0 1.0
0.5472469925880432 0.3762519955635071 -0.7476329803466797 5.400500774383545 0.8368160128593445 -0.263155996799469 0.48009100556373596 6.211281776428223 -0.016109000891447067 -0.8883600234985352 -0.4588649868965149 1.8966399431228638 0.0 0.0 0.0 1.0
