0.951557993888855 0.1653600037097931 -0.2592180073261261 2.9198620319366455 0.3072830140590668 -0.4819830060005188 0.8205310106277466 3.4280130863189697 0.010743999853730202 -0.8604360222816467 -0.5094460248947144 1.5210809707641602 0.0 0.0 0.0 1.0
0.9513260126113892 0.16799600422382355 -0.25837400555610657 2.920042037963867 0.30787500739097595 -0.48030000925064087 0.8212950229644775 3.4281859397888184 0.013876999728381634 -0.8608660101890564 -0.5086429715156555 1.5188109874725342 0.0 0.0 0.0 1.0
0.9513289928436279 0.16807100176811218 -0.258311003446579 2.920243978500366 0.3078579902648926 -0.4802039861679077 0.821357011795044 3.4261910915374756 0.014004000462591648 -0.8609049916267395 -0.5085740089416504 1.515625 0.0 0.0 0.0 1.0
0.9512799978256226 0.17167699337005615 -0.2561120092868805 2.9186530113220215 0.3078489899635315 -0.4825350046157837 0.8199930191040039 3.4273860454559326 0.017191000282764435 -0.8588870167732239 -0.5118770003318787 1.5152159929275513 0.0 0.0 0.0 1.0
0.9511370062828064 0.1748650074005127 -0.2544809877872467 2.9167590141296387 0.308106005191803 -0.4835140109062195 0.819320023059845 3.427485942840576 0.020224999636411667 -0.8576930165290833 -0.5137649774551392 1.5153030157089233 0.0 0.0 0.0 1.0
0.9510409832000732 0.1758269965648651 -0.254177987575531 2.913769006729126 0.3083550035953522 -0.4840950071811676 0.8188830018043518 3.4283149242401123 0.020935000851750374 -0.8571680188179016 -0.514611005783081 1.5159679651260376 0.0 0.0 0.0 1.0
0.9505280256271362 0.17578400671482086 -0.2561190128326416 2.9121270179748535 0.3100000023841858 -0.48389899730682373 0.8183770179748535 3.4287269115448 0.01992199942469597 -0.8572880029678345 -0.5144529938697815 1.516129970550537 0.0 0.0 0.0 1.0
0.949629008769989 0.177374005317688 -0.2583490014076233 2.910876989364624 0.31272101402282715 -0.48302900791168213 0.8178560137748718 3.4291059970855713 0.020276999101042747 -0.8574510216712952 -0.5141670107841492 1.5137280225753784 0.0 0.0 0.0 1.0
0.9489870071411133 0.17912299931049347 -0.2594960033893585 2.909593105316162 0.3146350085735321 -0.4839180111885071 0.8165950179100037 3.4286210536956787 0.02069699950516224 -0.8565850257873535 -0.515591025352478 1.512186050415039 0.0 0.0 0.0 1.0
0.948369026184082 0.18085500597953796 -0.2605549991130829 2.906805992126465 0.3164849877357483 -0.48561400175094604 0.8148720264434814 3.4291470050811768 0.020844999700784683 -0.8552600145339966 -0.5177789926528931 1.512745976448059 0.0 0.0 0.0 1.0
0.9495239853858948 0.18104399740695953 -0.25617900490760803 2.889648914337158 0.31289899349212646 -0.48847299814224243 0.8145480155944824 3.4259700775146484 0.022332999855279922 -0.8535910248756409 -0.5204650163650513 1.5142910480499268 0.0 0.0 0.0 1.0
0.9489549994468689 0.18275000154972076 -0.2570739984512329 2.8857390880584717 0.3145970106124878 -0.48982900381088257 0.8130789995193481 3.4263229370117188 0.02266800031065941 -0.8524500131607056 -0.5223180055618286 1.5138200521469116 0.0 0.0 0.0 1.0
0.9482830166816711 0.18318599462509155 -0.2592349946498871 2.8815460205078125 0.31670600175857544 -0.4909999966621399 0.8115519881248474 3.427510976791382 0.02138100005686283 -0.8516820073127747 -0.523622989654541 1.5135329961776733 0.0 0.0 0.0 1.0
0.9473609924316406 0.1824609935283661 -0.26309001445770264 2.878019094467163 0.3196370005607605 -0.49162301421165466 0.8100240230560303 3.4284610748291016 0.018456999212503433 -0.8514779806137085 -0.5240659713745117 1.5144330263137817 0.0 0.0 0.0 1.0
0.9462720155715942 0.18224699795246124 -0.2671259939670563 2.8732399940490723 0.32294800877571106 -0.49025699496269226 0.8095390200614929 3.427932024002075 0.016575999557971954 -0.8523120284080505 -0.5227720141410828 1.5118240118026733 0.0 0.0 0.0 1.0
0.9449120163917542 0.18269099295139313 -0.2715989947319031 2.872896909713745 0.3270309865474701 -0.49170398712158203 0.807017982006073 3.430828094482422 0.013888999819755554 -0.8513820171356201 -0.5243629813194275 1.5091689825057983 0.0 0.0 0.0 1.0
0.9442970156669617 0.18515199422836304 -0.2720710039138794 2.8676819801330566 0.3287929892539978 -0.49529901146888733 0.8040990233421326 3.4318339824676514 0.014124000445008278 -0.8487629890441895 -0.5285859704017639 1.5082520246505737 0.0 0.0 0.0 1.0
0.943576991558075 0.18793199956417084 -0.2726620137691498 2.862804889678955 0.3308210074901581 -0.49800899624824524 0.8015890121459961 3.4345319271087646 0.014856000430881977 -0.8465629816055298 -0.5320820212364197 1.507835030555725 0.0 0.0 0.0 1.0
0.9433749914169312 0.190077006816864 -0.27187401056289673 2.8549609184265137 0.33132800459861755 -0.4995650053024292 0.8004109859466553 3.437993049621582 0.016320999711751938 -0.8451669812202454 -0.5342540144920349 1.5083800554275513 0.0 0.0 0.0 1.0
0.9430530071258545 0.19173899292945862 -0.271822988986969 2.8478569984436035 0.332165002822876 -0.49897500872612 0.800432026386261 3.439117908477783 0.017841000109910965 -0.8451399803161621 -0.5342479944229126 1.5080889463424683 0.0 0.0 0.0 1.0
0.9420520067214966 0.19252300262451172 -0.274726003408432 2.8451030254364014 0.3350520133972168 -0.49915599822998047 0.7991139888763428 3.4409968852996826 0.01671699993312359 -0.8448539972305298 -0.5347359776496887 1.5076409578323364 0.0 0.0 0.0 1.0
0.942130982875824 0.19238199293613434 -0.27455198764801025 2.8367741107940674 0.3348439931869507 -0.4999240040779114 0.7987210154533386 3.445272922515869 0.01640399917960167 -0.84443199634552 -0.5354120135307312 1.5098929405212402 0.0 0.0 0.0 1.0
0.9422590136528015 0.19059999287128448 -0.27535301446914673 2.830636978149414 0.33453500270843506 -0.4981459975242615 0.7999609708786011 3.447350025177002 0.015306999906897545 -0.8458859920501709 -0.533145010471344 1.5117369890213013 0.0 0.0 0.0 1.0
0.942562997341156 0.18998000025749207 -0.274740993976593 2.822603940963745 0.3336449861526489 -0.4960870146751404 0.801609992980957 3.451792001724243 0.0159939993172884 -0.8472340106964111 -0.5309789776802063 1.5126869678497314 0.0 0.0 0.0 1.0
0.9429060220718384 0.18946300446987152 -0.2739199995994568 2.81638503074646 0.33263999223709106 -0.49445000290870667 0.8030380010604858 3.455108880996704 0.01670599915087223 -0.8483060002326965 -0.529242992401123 1.5129450559616089 0.0 0.0 0.0 1.0
0.9433280229568481 0.19051200151443481 -0.27173200249671936 2.808274984359741 0.3313030004501343 -0.4930709898471832 0.804436981678009 3.459300994873047 0.01927199959754944 -0.8488739728927612 -0.5282449722290039 1.5154809951782227 0.0 0.0 0.0 1.0
0.9438390135765076 0.19112299382686615 -0.2695179879665375 2.801614999771118 0.32968199253082275 -0.49081501364707947 0.8064810037612915 3.465981960296631 0.02185400016605854 -0.850042998790741 -0.5262600183486938 1.5180059671401978 0.0 0.0 0.0 1.0
0.945372998714447 0.1903579980134964 -0.2646380066871643 2.789060115814209 0.3250400125980377 -0.4885050058364868 0.8097609877586365 3.4698901176452637 0.02486800029873848 -0.8515440225601196 -0.5236939787864685 1.520827054977417 0.0 0.0 0.0 1.0
0.9467759728431702 0.18786899745464325 -0.26138100028038025 2.7771310806274414 0.32085999846458435 -0.48578500747680664 0.813057005405426 3.4730570316314697 0.025772999972105026 -0.8536499738693237 -0.520209014415741 1.521955966949463 0.0 0.0 0.0 1.0
0.9477769732475281 0.18691399693489075 -0.25842198729515076 2.764410972595215 0.3177570104598999 -0.4838860034942627 0.815405011177063 3.480578899383545 0.02736400067806244 -0.8549379706382751 -0.5180090069770813 1.527053952217102 0.0 0.0 0.0 1.0
0.9473990201950073 0.18561400473117828 -0.26073500514030457 2.7644031047821045 0.3189629912376404 -0.48029500246047974 0.8170560002326965 3.492189884185791 0.026427999138832092 -0.8572419881820679 -0.5142350196838379 1.5332310199737549 0.0 0.0 0.0 1.0
0.948540985584259 0.18035699427127838 -0.26027199625968933 2.747080087661743 0.315746009349823 -0.4764559864997864 0.8205450177192688 3.4966700077056885 0.023982999846339226 -0.8605009913444519 -0.5088850259780884 1.5375460386276245 0.0 0.0 0.0 1.0
0.9483789801597595 0.17491300404071808 -0.26454201340675354 2.736323118209839 0.316540002822876 -0.47086700797080994 0.8234599828720093 3.5045719146728516 0.01947000063955784 -0.8646910190582275 -0.5019279718399048 1.5448960065841675 0.0 0.0 0.0 1.0
0.9479960203170776 0.16947799921035767 -0.2694079875946045 2.724025011062622 0.31788700819015503 -0.46200400590896606 0.8279489874839783 3.5095999240875244 0.015852000564336777 -0.8705340027809143 -0.4918529987335205 1.5486259460449219 0.0 0.0 0.0 1.0
0.9482219815254211 0.16248999536037445 -0.2728959918022156 2.7115960121154785 0.31740298867225647 -0.453931987285614 0.8325870037078857 3.5143330097198486 0.011409999802708626 -0.8760949969291687 -0.48200300335884094 1.5518529415130615 0.0 0.0 0.0 1.0
0.9478700160980225 0.15612199902534485 -0.2777920067310333 2.7048959732055664 0.3185890018939972 -0.4461100101470947 0.8363540172576904 3.5184500217437744 0.006647000089287758 -0.8812559843063354 -0.4725930094718933 1.558048963546753 0.0 0.0 0.0 1.0
0.9478740096092224 0.14912299811840057 -0.2815999984741211 2.6926639080047607 0.3186430037021637 -0.4390009939670563 0.8400859832763672 3.5258419513702393 0.0016540000215172768 -0.8860250115394592 -0.46363401412963867 1.5651639699935913 0.0 0.0 0.0 1.0
0.9476209878921509 0.14095400273799896 -0.28661298751831055 2.684847116470337 0.3193730115890503 -0.42935600876808167 0.8447809815406799 3.5298941135406494 -0.003984000068157911 -0.8920680284500122 -0.451884001493454 1.567760944366455 0.0 0.0 0.0 1.0
0.9469299912452698 0.13646000623703003 -0.291036993265152 2.677474021911621 0.32138198614120483 -0.4191330075263977 0.849141001701355 3.536007881164551 -0.0061090001836419106 -0.8976110219955444 -0.440746009349823 1.5705020427703857 0.0 0.0 0.0 1.0
0.9457200169563293 0.13340799510478973 -0.2963390052318573 2.677077054977417 0.3248920142650604 -0.4098150134086609 0.8523480296134949 3.5407400131225586 -0.007734000217169523 -0.9023600220680237 -0.4309130012989044 1.571431040763855 0.0 0.0 0.0 1.0
0.946133017539978 0.13545499742031097 -0.29408198595046997 2.666748046875 0.323758989572525 -0.40574899315834045 0.8547210097312927 3.5470709800720215 -0.0035470000002533197 -0.9038910269737244 -0.4277479946613312 1.581115961074829 0.0 0.0 0.0 1.0
0.9463589787483215 0.13544200360774994 -0.29336199164390564 2.660093069076538 0.3231160044670105 -0.40048500895500183 0.8574420213699341 3.5520529747009277 -0.0013539999490603805 -0.9062380194664001 -0.4227660000324249 1.5865060091018677 0.0 0.0 0.0 1.0
0.9462130069732666 0.1349480003118515 -0.2940579950809479 2.6570310592651367 0.32354500889778137 -0.3932119905948639 0.8606410026550293 3.5572071075439453 0.0005150000215508044 -0.9094910025596619 -0.4157240092754364 1.590343952178955 0.0 0.0 0.0 1.0
0.9465829730033875 0.13383500277996063 -0.2933740019798279 2.6491620540618896 0.32245200872421265 -0.3865419924259186 0.8640660047531128 3.5627059936523438 0.0022410000674426556 -0.9125099778175354 -0.40904998779296875 1.591081976890564 0.0 0.0 0.0 1.0
0.9463520050048828 0.1332319974899292 -0.29439300298690796 2.649106025695801 0.3231239914894104 -0.38154301047325134 0.866034984588623 3.5686309337615967 0.003060000017285347 -0.9146990180015564 -0.40412500500679016 1.5902470350265503 0.0 0.0 0.0 1.0
0.9469149708747864 0.13588100671768188 -0.29135599732398987 2.640115976333618 0.3214130103588104 -0.3811500072479248 0.8668439984321594 3.578411102294922 0.0067369998432695866 -0.9144729971885681 -0.40459001064300537 1.5993800163269043 0.0 0.0 0.0 1.0
0.946753978729248 0.1366019994020462 -0.29154399037361145 2.641105890274048 0.3218410015106201 -0.37698400020599365 0.8685060143470764 3.5888919830322266 0.00873200036585331 -0.9160910248756409 -0.4008750021457672 1.6068869829177856 0.0 0.0 0.0 1.0
0.9475299715995789 0.13526199758052826 -0.2896389961242676 2.6398699283599854 0.31946098804473877 -0.36818501353263855 0.8731470108032227 3.592963933944702 0.011463000439107418 -0.9198610186576843 -0.3920769989490509 1.6050349473953247 0.0 0.0 0.0 1.0
0.9484879970550537 0.13575799763202667 -0.28625398874282837 2.6358649730682373 0.3164510130882263 -0.3627299964427948 0.8765190243721008 3.5978078842163086 0.015162000432610512 -0.921953022480011 -0.3870050013065338 1.6057039499282837 0.0 0.0 0.0 1.0
0.9486830234527588 0.1365170031785965 -0.28524500131607056 2.6366240978240967 0.3157300055027008 -0.3581849932670593 0.8786460161209106 3.60502290725708 0.0177800003439188 -0.9236159920692444 -0.3829059898853302 1.6081169843673706 0.0 0.0 0.0 1.0
0.9479770064353943 0.1356160044670105 -0.288006991147995 2.6485300064086914 0.31786298751831055 -0.3537749946117401 0.8796629905700684 3.6158499717712402 0.017407000064849854 -0.9254469871520996 -0.3784779906272888 1.6062270402908325 0.0 0.0 0.0 1.0
0.9491369724273682 0.13820500671863556 -0.28290998935699463 2.6382620334625244 0.3141539990901947 -0.35540100932121277 0.8803399801254272 3.627129077911377 0.02112100087106228 -0.9244400262832642 -0.38074201345443726 1.6253650188446045 0.0 0.0 0.0 1.0
0.9501870274543762 0.1359180063009262 -0.28048399090766907 2.632533073425293 0.31099799275398254 -0.35388800501823425 0.8820679783821106 3.6344211101531982 0.020628999918699265 -0.9253590106964111 -0.37852999567985535 1.631422996520996 0.0 0.0 0.0 1.0
0.9503570199012756 0.13142800331115723 -0.282041996717453 2.634799003601074 0.31068798899650574 -0.3508419990539551 0.8833929896354675 3.6464180946350098 0.017149999737739563 -0.9271659851074219 -0.37425899505615234 1.6325160264968872 0.0 0.0 0.0 1.0
0.9499049782752991 0.1286579966545105 -0.2848289906978607 2.637176036834717 0.31218400597572327 -0.3472349941730499 0.8842899799346924 3.663322925567627 0.014867999590933323 -0.9289109706878662 -0.3700050115585327 1.6389919519424438 0.0 0.0 0.0 1.0
0.9496549963951111 0.11498499661684036 -0.2914330065250397 2.6389598846435547 0.31326401233673096 -0.3351899981498718 0.8885459899902344 3.679975986480713 0.004484000150114298 -0.9351080060005188 -0.3543350100517273 1.6440060138702393 0.0 0.0 0.0 1.0
0.9488980174064636 0.10842300206422806 -0.29637399315834045 2.6433379650115967 0.3155820071697235 -0.3295780122280121 0.8898239731788635 3.697715997695923 -0.0012009999481961131 -0.9378820061683655 -0.34695300459861755 1.6498969793319702 0.0 0.0 0.0 1.0
0.9483770132064819 0.10104099661111832 -0.3006199896335602 2.645174980163574 0.31708601117134094 -0.32055801153182983 0.892579972743988 3.7122609615325928 -0.006178999785333872 -0.9418240189552307 -0.33604899048805237 1.6541399955749512 0.0 0.0 0.0 1.0
0.9472360014915466 0.09608600288629532 -0.3057959973812103 2.650346040725708 0.3204430043697357 -0.306863009929657 0.8961870074272156 3.720911979675293 -0.007726000156253576 -0.9468910098075867 -0.3214620053768158 1.646124005317688 0.0 0.0 0.0 1.0
0.946694016456604 0.09334100037813187 -0.3083159923553467 2.6520159244537354 0.3220269978046417 -0.2990890145301819 0.8982449769973755 3.734386920928955 -0.008371000178158283 -0.9496489763259888 -0.31320399045944214 1.6353169679641724 0.0 0.0 0.0 1.0
0.9451599717140198 0.09013000130653381 -0.31392499804496765 2.6748709678649902 0.32639598846435547 -0.2952040135860443 0.897953987121582 3.745495080947876 -0.011738999746739864 -0.9511740207672119 -0.30843299627304077 1.6181089878082275 0.0 0.0 0.0 1.0
0.9453740119934082 0.09010899811983109 -0.31328698992729187 2.685302972793579 0.32580798864364624 -0.2931160032749176 0.8988509774208069 3.7619850635528564 -0.010835000313818455 -0.9518210291862488 -0.30646198987960815 1.6044930219650269 0.0 0.0 0.0 1.0
0.94650799036026 0.0913110002875328 -0.30949199199676514 2.6900439262390137 0.32253900170326233 -0.2962009906768799 0.8990179896354675 3.773893117904663 -0.009580999612808228 -0.950751006603241 -0.30980798602104187 1.6094650030136108 0.0 0.0 0.0 1.0
0.9483759999275208 0.09182500094175339 -0.30356600880622864 2.6798269748687744 0.3170289993286133 -0.30085599422454834 0.8994320034980774 3.7958528995513916 -0.008740000426769257 -0.9492390155792236 -0.3144359886646271 1.6285090446472168 0.0 0.0 0.0 1.0
0.9487029910087585 0.0877780020236969 -0.3037390112876892 2.6833279132843018 0.31599000096321106 -0.2955099940299988 0.9015679955482483 3.806771993637085 -0.010619999840855598 -0.9512990117073059 -0.3080880045890808 1.627202033996582 0.0 0.0 0.0 1.0
0.949455976486206 0.08175300061702728 -0.30306899547576904 2.680974006652832 0.31360700726509094 -0.28891199827194214 0.9045339822769165 3.8115129470825195 -0.013612000271677971 -0.9538589715957642 -0.29994699358940125 1.6099389791488647 0.0 0.0 0.0 1.0
0.9497209787368774 0.08221899718046188 -0.3021099865436554 2.683532953262329 0.31281599402427673 -0.29012200236320496 0.904420018196106 3.8263790607452393 -0.013287999667227268 -0.9534519910812378 -0.301254004240036 1.6049449443817139 0.0 0.0 0.0 1.0
0.9498630166053772 0.08443599939346313 -0.30105000734329224 2.6954751014709473 0.3123930096626282 -0.29661598801612854 0.9024580121040344 3.8531548976898193 -0.013097000308334827 -0.9512569904327393 -0.308120995759964 1.6099669933319092 0.0 0.0 0.0 1.0
0.9523500204086304 0.08533500134944916 -0.2928279936313629 2.6954660415649414 0.30484500527381897 -0.29774901270866394 0.9046630263328552 3.8655989170074463 -0.009990000165998936 -0.9508230090141296 -0.30957499146461487 1.607627034187317 0.0 0.0 0.0 1.0
0.9558470249176025 0.0845789983868599 -0.28143200278282166 2.680166006088257 0.2937699854373932 -0.29952800273895264 0.9077349901199341 3.8771591186523438 -0.007521999999880791 -0.95033198595047 -0.311149001121521 1.611467957496643 0.0 0.0 0.0 1.0
0.9564769864082336 0.08373499661684036 -0.27953699231147766 2.6863670349121094 0.29168200492858887 -0.30252400040626526 0.9074140191078186 3.8979430198669434 -0.008585000410676003 -0.9494569897651672 -0.3137809932231903 1.6253670454025269 0.0 0.0 0.0 1.0
0.9577999711036682 0.08412999659776688 -0.274848997592926 2.6770410537719727 0.2873559892177582 -0.30292901396751404 0.9086589813232422 3.919210910797119 -0.006814000196754932 -0.9492930173873901 -0.31432101130485535 1.6398249864578247 0.0 0.0 0.0 1.0
0.9582710266113281 0.081836998462677 -0.27389898896217346 2.6826000213623047 0.28578999638557434 -0.29600998759269714 0.9114289879798889 3.9325180053710938 -0.00648899981752038 -0.9516729712486267 -0.30704599618911743 1.631809949874878 0.0 0.0 0.0 1.0
0.9596989750862122 0.08589799702167511 -0.2675819993019104 2.678853988647461 0.28102999925613403 -0.2905479967594147 0.9146609902381897 3.944459915161133 0.0008219999726861715 -0.9529970288276672 -0.3029780089855194 1.6224960088729858 0.0 0.0 0.0 1.0
0.9622250199317932 0.09045100212097168 -0.25679200887680054 2.67010498046875 0.2721329927444458 -0.291126012802124 0.9171640276908875 3.960247039794922 0.008200000040233135 -0.9524000287055969 -0.3047429919242859 1.6257150173187256 0.0 0.0 0.0 1.0
0.964106023311615 0.09425900131464005 -0.24822300672531128 2.669487953186035 0.2651270031929016 -0.2910880148410797 0.9192259907722473 3.976314067840576 0.014391000382602215 -0.9520419836044312 -0.30562999844551086 1.6248199939727783 0.0 0.0 0.0 1.0
0.966126024723053 0.09723199903964996 -0.23905399441719055 2.664905071258545 0.2572929859161377 -0.29102200269699097 0.9214699864387512 3.99324107170105 0.020027000457048416 -0.9517629742622375 -0.30618101358413696 1.623486042022705 0.0 0.0 0.0 1.0
0.9680179953575134 0.10067100077867508 -0.22979700565338135 2.6588709354400635 0.24949899315834045 -0.29025501012802124 0.9238520264625549 4.011784076690674 0.026304999366402626 -0.9516389966011047 -0.30608901381492615 1.6291799545288086 0.0 0.0 0.0 1.0
0.9701870083808899 0.10139700025320053 -0.22012799978256226 2.6491329669952393 0.2405019998550415 -0.29057300090789795 0.9261350035667419 4.031848907470703 0.029944000765681267 -0.9514650106430054 -0.3062959909439087 1.6436100006103516 0.0 0.0 0.0 1.0
0.9716010093688965 0.1001100018620491 -0.2144079953432083 2.64764404296875 0.23448599874973297 -0.2856999933719635 0.9291890263557434 4.049703121185303 0.03176400065422058 -0.9530760049819946 -0.3010610044002533 1.6568119525909424 0.0 0.0 0.0 1.0
0.9738749861717224 0.09319499880075455 -0.20708000659942627 2.6357851028442383 0.22488899528980255 -0.2693209946155548 0.936424970626831 4.061126232147217 0.031498998403549194 -0.9585310220718384 -0.2832440137863159 1.6395020484924316 0.0 0.0 0.0 1.0
0.975875973701477 0.08909100294113159 -0.19932100176811218 2.627903938293457 0.21618199348449707 -0.2666960060596466 0.939221978187561 4.0814528465271 0.030517999082803726 -0.9596539735794067 -0.27952200174331665 1.6592999696731567 0.0 0.0 0.0 1.0
0.9779170155525208 0.08437900245189667 -0.19120100140571594 2.6170809268951416 0.20675399899482727 -0.257068008184433 0.9440180063247681 4.098173141479492 0.03050299920141697 -0.9627029895782471 -0.26883700489997864 1.665168046951294 0.0 0.0 0.0 1.0
0.9796789884567261 0.0758809968829155 -0.18566299974918365 2.610790967941284 0.19877499341964722 -0.24372899532318115 0.9492549896240234 4.112121105194092 0.026778999716043472 -0.9668710231781006 -0.2538590133190155 1.6609729528427124 0.0 0.0 0.0 1.0
0.9818789958953857 0.06990800052881241 -0.17614400386810303 2.598365068435669 0.18772199749946594 -0.23141999542713165 0.954571008682251 4.11485481262207 0.025969000533223152 -0.9703390002250671 -0.24034999310970306 1.6423289775848389 0.0 0.0 0.0 1.0
0.9840229749679565 0.06810499727725983 -0.1644980013370514 2.58776593208313 0.175929993391037 -0.2301580011844635 0.9571189880371094 4.124942779541016 0.027324000373482704 -0.9707670211791992 -0.23846299946308136 1.6352770328521729 0.0 0.0 0.0 1.0
0.9854829907417297 0.07059500366449356 -0.1544010043144226 2.587930917739868 0.16697899997234344 -0.2386620044708252 0.9566389918327332 4.1505231857299805 0.03068399988114834 -0.9685329794883728 -0.24698500335216522 1.6553159952163696 0.0 0.0 0.0 1.0
0.9877930283546448 0.07095500081777573 -0.13867199420928955 2.5816800594329834 0.15182200074195862 -0.2393759936094284 0.9589830040931702 4.171945095062256 0.03485000133514404 -0.968330979347229 -0.2472269982099533 1.6703649759292603 0.0 0.0 0.0 1.0
0.9909579753875732 0.06572200357913971 -0.11697100102901459 2.5580461025238037 0.1291469931602478 -0.2309200018644333 0.9643639922142029 4.179675102233887 0.036368999630212784 -0.9707509875297546 -0.2373189926147461 1.6660699844360352 0.0 0.0 0.0 1.0
0.9923670291900635 0.05869799852371216 -0.10845699906349182 2.5608348846435547 0.1190669983625412 -0.22699099779129028 0.9665910005569458 4.1931071281433105 0.03211800009012222 -0.9721270203590393 -0.232246994972229 1.671494960784912 0.0 0.0 0.0 1.0
0.9939619898796082 0.05132099986076355 -0.09698399901390076 2.54669189453125 0.10608399659395218 -0.2236350029706955 0.9688829779624939 4.206399917602539 0.0280349999666214 -0.9733210206031799 -0.22772899270057678 1.6732419729232788 0.0 0.0 0.0 1.0
0.9946330189704895 0.04609899967908859 -0.09262800216674805 2.5542919635772705 0.1007080003619194 -0.22606900334358215 0.968891978263855 4.221385955810547 0.02372400090098381 -0.9730200171470642 -0.2294979989528656 1.69364595413208 0.0 0.0 0.0 1.0
0.9955700039863586 0.041940998286008835 -0.0841509997844696 2.5520811080932617 0.09135299921035767 -0.2196899950504303 0.9712830185890198 4.227852821350098 0.02225000038743019 -0.974668025970459 -0.2225479930639267 1.688109040260315 0.0 0.0 0.0 1.0
0.9965130090713501 0.03800300136208534 -0.07427500188350677 2.5474400520324707 0.08077599853277206 -0.21654899418354034 0.972923994064331 4.2374091148376465 0.020889999344944954 -0.9755319952964783 -0.21886399388313293 1.6820969581604004 0.0 0.0 0.0 1.0
0.9971910119056702 0.03840399906039238 -0.06430099904537201 2.5423829555511475 0.07115600258111954 -0.21783599257469177 0.9733880162239075 4.250816822052002 0.023374000564217567 -0.9752299785614014 -0.21995599567890167 1.6884130239486694 0.0 0.0 0.0 1.0
0.9977830052375793 0.037643998861312866 -0.05488499999046326 2.5343921184539795 0.06174900010228157 -0.2159470021724701 0.9744510054588318 4.2610368728637695 0.02483000047504902 -0.9756789803504944 -0.21779300272464752 1.6873539686203003 0.0 0.0 0.0 1.0
0.9983320236206055 0.03554699942469597 -0.04549499973654747 2.5241200923919678 0.052111998200416565 -0.2155669927597046 0.9750970005989075 4.26751184463501 0.024855000898241997 -0.9758419990539551 -0.21705999970436096 1.690667986869812 0.0 0.0 0.0 1.0
0.9987760186195374 0.030865000560879707 -0.038649000227451324 2.5201590061187744 0.04441000148653984 -0.215597003698349 0.9754719734191895 4.277111053466797 0.021774999797344208 -0.9759950041770935 -0.21670299768447876 1.6976499557495117 0.0 0.0 0.0 1.0
0.9990670084953308 0.025324000045657158 -0.03497600182890892 2.5268099308013916 0.0395830012857914 -0.21335799992084503 0.9761719703674316 4.28830623626709 0.017257999628782272 -0.9766460061073303 -0.21416200697422028 1.7027349472045898 0.0 0.0 0.0 1.0
0.9994069933891296 0.019130999222397804 -0.028620000928640366 2.5297069549560547 0.031950000673532486 -0.20586499571800232 0.9780589938163757 4.293848037719727 0.012818999588489532 -0.978393018245697 -0.2063550055027008 1.6939929723739624 0.0 0.0 0.0 1.0
0.9996820092201233 0.008604000322520733 -0.023722000420093536 2.5395119190216064 0.024977000430226326 -0.20369499921798706 0.9787160158157349 4.304809093475342 0.0035890000872313976 -0.978996992111206 -0.20384499430656433 1.6898280382156372 0.0 0.0 0.0 1.0
0.9998649954795837 0.0024560000747442245 -0.0162540003657341 2.5414540767669678 0.016419000923633575 -0.1979130059480667 0.9800819754600525 4.302677154541016 -0.0008099999977275729 -0.9802169799804688 -0.19792699813842773 1.6684240102767944 0.0 0.0 0.0 1.0
0.999970018863678 -0.002816000021994114 -0.007284999825060368 2.5358920097351074 0.006552999839186668 -0.20501400530338287 0.9787369966506958 4.315276145935059 -0.0042489999905228615 -0.978754997253418 -0.20498999953269958 1.6757229566574097 0.0 0.0 0.0 1.0
0.9999819993972778 -0.005948999896645546 0.00034699999378062785 2.5340418815612793 -0.0015780000248923898 -0.20824800431728363 0.9780750274658203 4.325348854064941 -0.005745999980717897 -0.9780579805374146 -0.20825299620628357 1.6755030155181885 0.0 0.0 0.0 1.0
0.9999420046806335 -0.010029999539256096 0.0038040000945329666 2.544516086578369 -0.005834999959915876 -0.21111899614334106 0.9774429798126221 4.33619499206543 -0.009000999853014946 -0.9774090051651001 -0.21116599440574646 1.6742980480194092 0.0 0.0 0.0 1.0
0.9998739957809448 -0.013838999904692173 0.007811000104993582 2.552077054977417 -0.010634999722242355 -0.2174910008907318 0.9760050177574158 4.34968376159668 -0.011807999573647976 -0.9759640097618103 -0.21761000156402588 1.6788760423660278 0.0 0.0 0.0 1.0
0.9997659921646118 -0.017000999301671982 0.013384999707341194 2.5560901165008545 -0.016769999638199806 -0.21791499853134155 0.9758239984512329 4.358076095581055 -0.013673000037670135 -0.975820004940033 -0.21814900636672974 1.669638991355896 0.0 0.0 0.0 1.0
0.9995869994163513 -0.019953999668359756 0.02065899968147278 2.557404041290283 -0.024562999606132507 -0.22111399471759796 0.9749389886856079 4.364186763763428 -0.014886000193655491 -0.9750440120697021 -0.22151300311088562 1.669726014137268 0.0 0.0 0.0 1.0
0.9993990063667297 -0.023080000653862953 0.02584799937903881 2.564366102218628 -0.030432000756263733 -0.2278040051460266 0.9732310175895691 4.376049995422363 -0.01657399907708168 -0.9734330177307129 -0.22836999595165253 1.6759370565414429 0.0 0.0 0.0 1.0
0.9991729855537415 -0.02620300091803074 0.031098999083042145 2.569314956665039 -0.0362900011241436 -0.22939400374889374 0.9726570248603821 4.383813858032227 -0.018352000042796135 -0.9729809761047363 -0.23015600442886353 1.673285961151123 0.0 0.0 0.0 1.0
0.9989550113677979 -0.027967000380158424 0.03613600134849548 2.5734620094299316 -0.04162300005555153 -0.2306399941444397 0.9721490144729614 4.389492034912109 -0.01885399967432022 -0.9726369976997375 -0.231563001871109 1.6705700159072876 0.0 0.0 0.0 1.0
0.9987189769744873 -0.031018000096082687 0.039994001388549805 2.584700107574463 -0.04596500098705292 -0.22511999309062958 0.9732459783554077 4.385122776031494 -0.021183999255299568 -0.9738370180130005 -0.22625699639320374 1.6344239711761475 0.0 0.0 0.0 1.0
0.9985439777374268 -0.03182800114154816 0.04355800151824951 2.599720001220703 -0.049869999289512634 -0.23668000102043152 0.9703069925308228 4.399467945098877 -0.020573999732732773 -0.9710659980773926 -0.23792199790477753 1.6388920545578003 0.0 0.0 0.0 1.0
0.9981110095977783 -0.03373900055885315 0.05134499818086624 2.6051599979400635 -0.05806500092148781 -0.24493399262428284 0.9678000211715698 4.410502910614014 -0.020075999200344086 -0.968953013420105 -0.24642999470233917 1.643744945526123 0.0 0.0 0.0 1.0
0.9975289702415466 -0.036706000566482544 0.05990799888968468 2.6118669509887695 -0.06718499958515167 -0.2489359974861145 0.9661870002746582 4.4164018630981445 -0.02055099979043007 -0.9678239822387695 -0.2507860064506531 1.6366809606552124 0.0 0.0 0.0 1.0
0.9968760013580322 -0.040585000067949295 0.06775400042533875 2.624906063079834 -0.07587900012731552 -0.2541530132293701 0.96418297290802 4.423830986022949 -0.021911000832915306 -0.9663119912147522 -0.2564390003681183 1.6282659769058228 0.0 0.0 0.0 1.0
0.9958969950675964 -0.043783999979496 0.07919199764728546 2.629621982574463 -0.08790100365877151 -0.260235995054245 0.9615349769592285 4.427289009094238 -0.021491000428795815 -0.9645519852638245 -0.2630169987678528 1.6274830102920532 0.0 0.0 0.0 1.0
0.9947069883346558 -0.045781999826431274 0.09198600053787231 2.631938934326172 -0.10093600302934647 -0.2679640054702759 0.9581270217895508 4.436863899230957 -0.01921599917113781 -0.9623410105705261 -0.27116701006889343 1.6291760206222534 0.0 0.0 0.0 1.0
0.993598997592926 -0.04897100105881691 0.10179600119590759 2.645526885986328 -0.11131999641656876 -0.27135199308395386 0.9560210108757019 4.440816879272461 -0.01919499970972538 -0.9612339735031128 -0.275067001581192 1.6187130212783813 0.0 0.0 0.0 1.0
0.9921799898147583 -0.05199899896979332 0.1134679988026619 2.653341054916382 -0.12346699833869934 -0.2756040096282959 0.9533089995384216 4.442020893096924 -0.018299000337719917 -0.9598640203475952 -0.2798689901828766 1.613077998161316 0.0 0.0 0.0 1.0
0.9903370141983032 -0.05811600014567375 0.12591800093650818 2.6568551063537598 -0.13742199540138245 -0.2890940010547638 0.9473860263824463 4.45358419418335 -0.01865600049495697 -0.9555349946022034 -0.2942869961261749 1.6317989826202393 0.0 0.0 0.0 1.0
0.9880049824714661 -0.06527400016784668 0.13994799554347992 2.6613070964813232 -0.15304400026798248 -0.2931250035762787 0.9437450170516968 4.455485820770264 -0.020579999312758446 -0.9538429975509644 -0.2995989918708801 1.621785044670105 0.0 0.0 0.0 1.0
0.9858779907226562 -0.0687749981880188 0.15268999338150024 2.6715168952941895 -0.16648399829864502 -0.30401599407196045 0.9380069971084595 4.468984127044678 -0.018091000616550446 -0.9501810073852539 -0.3111729919910431 1.6346290111541748 0.0 0.0 0.0 1.0
0.9834020137786865 -0.07326400279998779 0.1659879982471466 2.677778959274292 -0.18057900667190552 -0.3062810003757477 0.9346569776535034 4.46847677230835 -0.01763799972832203 -0.9491180181503296 -0.314426988363266 1.6358280181884766 0.0 0.0 0.0 1.0
0.9805660247802734 -0.07992299646139145 0.17917299270629883 2.685014009475708 -0.19522599875926971 -0.30707699060440063 0.9314450025558472 4.467660903930664 -0.01942400075495243 -0.9483230113983154 -0.31671300530433655 1.629209041595459 0.0 0.0 0.0 1.0
0.9773439764976501 -0.08737599849700928 0.192781001329422 2.691169023513794 -0.21057799458503723 -0.30949199199676514 0.9272930026054382 4.473865032196045 -0.021359000355005264 -0.9468790292739868 -0.3208799958229065 1.6242790222167969 0.0 0.0 0.0 1.0
0.9739819765090942 -0.0934939980506897 0.2064410001039505 2.6959409713745117 -0.22554899752140045 -0.3112199902534485 0.9231849908828735 4.474195957183838 -0.022064000368118286 -0.9457280039787292 -0.3242110013961792 1.6238210201263428 0.0 0.0 0.0 1.0
0.9705250263214111 -0.09992899745702744 0.21930499374866486 2.705018997192383 -0.23982100188732147 -0.3106110095977783 0.9197859764099121 4.478116989135742 -0.023794999346137047 -0.9452700018882751 -0.3254219889640808 1.6183220148086548 0.0 0.0 0.0 1.0
0.9669420123100281 -0.10402200371026993 0.2328130006790161 2.7128849029541016 -0.25412899255752563 -0.3179379999637604 0.9134190082550049 4.485361099243164 -0.02099600061774254 -0.9423879981040955 -0.3338620066642761 1.6302419900894165 0.0 0.0 0.0 1.0
0.9621180295944214 -0.10865899920463562 0.2500450015068054 2.7158119678497314 -0.27195799350738525 -0.3179750144481659 0.908257007598877 4.487063884735107 -0.019182000309228897 -0.9418519735336304 -0.3354800045490265 1.6239850521087646 0.0 0.0 0.0 1.0
0.9560080170631409 -0.11561299860477448 0.26959800720214844 2.7151761054992676 -0.29276999831199646 -0.3187209963798523 0.9014999866485596 4.494296073913574 -0.018299000337719917 -0.9407719969749451 -0.3385480046272278 1.6247639656066895 0.0 0.0 0.0 1.0
0.9496639966964722 -0.12145499885082245 0.2887659966945648 2.711311101913452 -0.31272900104522705 -0.3134880065917969 0.8966190218925476 4.492554187774658 -0.018373999744653702 -0.9417930245399475 -0.33569100499153137 1.6118669509887695 0.0 0.0 0.0 1.0
0.945110023021698 -0.1273149996995926 0.3009270131587982 2.7262589931488037 -0.32612600922584534 -0.3105970025062561 0.8928449749946594 4.490128993988037 -0.020205000415444374 -0.9419770240783691 -0.3350690007209778 1.6066839694976807 0.0 0.0 0.0 1.0
0.9397050142288208 -0.13240300118923187 0.31531399488449097 2.7305479049682617 -0.34140199422836304 -0.3094089925289154 0.8875309824943542 4.495205879211426 -0.019951000809669495 -0.9416660070419312 -0.33595699071884155 1.6070380210876465 0.0 0.0 0.0 1.0
0.9352399706840515 -0.13883499801158905 0.325655996799469 2.7449660301208496 -0.35328298807144165 -0.306894987821579 0.8837460279464722 4.490902900695801 -0.022752000018954277 -0.9415630102157593 -0.3360689878463745 1.6075650453567505 0.0 0.0 0.0 1.0
0.928301990032196 -0.14318199455738068 0.34315499663352966 2.736103057861328 -0.3712260127067566 -0.3044010102748871 0.8772289752960205 4.493276119232178 -0.021146999672055244 -0.9417219758033752 -0.3357290029525757 1.6065510511398315 0.0 0.0 0.0 1.0
0.9233949780464172 -0.1521649956703186 0.3524009883403778 2.752305030822754 -0.38293400406837463 -0.3018060028553009 0.8730829954147339 4.487865924835205 -0.026496000587940216 -0.9411479830741882 -0.3369550108909607 1.6048940420150757 0.0 0.0 0.0 1.0
0.9170290231704712 -0.15771600604057312 0.3663100004196167 2.7531259059906006 -0.39793500304222107 -0.30069199204444885 0.8667359948158264 4.492982864379883 -0.026551999151706696 -0.9405900239944458 -0.33850398659706116 1.6060220003128052 0.0 0.0 0.0 1.0
0.9116140007972717 -0.16352500021457672 0.3771199882030487 2.758244037628174 -0.41007000207901 -0.2985909879207611 0.8617920279502869 4.4888739585876465 -0.02831999957561493 -0.9402679800987244 -0.33925700187683105 1.6107679605484009 0.0 0.0 0.0 1.0
0.9059150218963623 -0.16829299926757812 0.3885810077190399 2.761522054672241 -0.4223659932613373 -0.29319098591804504 0.8576980233192444 4.486638069152832 -0.030417000874876976 -0.9411249756813049 -0.33668699860572815 1.6047300100326538 0.0 0.0 0.0 1.0
0.8965319991111755 -0.17466400563716888 0.4070900082588196 2.7374351024627686 -0.44217100739479065 -0.2974120080471039 0.8461859822273254 4.502608776092529 -0.026724999770522118 -0.9386370182037354 -0.34387099742889404 1.6214799880981445 0.0 0.0 0.0 1.0
0.8900790214538574 -0.18064099550247192 0.4184820055961609 2.7371649742126465 -0.45502299070358276 -0.29837000370025635 0.8390049934387207 4.507213115692139 -0.026697000488638878 -0.9372000098228455 -0.34776899218559265 1.6237210035324097 0.0 0.0 0.0 1.0
0.8843629956245422 -0.18835599720478058 0.4271109998226166 2.748178005218506 -0.46583399176597595 -0.2972779870033264 0.8334410190582275 4.505210876464844 -0.03001200035214424 -0.936028003692627 -0.35064399242401123 1.6230180263519287 0.0 0.0 0.0 1.0
0.876708984375 -0.1932149976491928 0.44051000475883484 2.7430009841918945 -0.480118989944458 -0.295430988073349 0.8259580135345459 4.506575107574463 -0.029448000714182854 -0.935621976852417 -0.3517740070819855 1.6199480295181274 0.0 0.0 0.0 1.0
0.8718010187149048 -0.19997499883174896 0.4471830129623413 2.7609848976135254 -0.4887090027332306 -0.2925040125846863 0.8219519853591919 4.4965291023254395 -0.033567000180482864 -0.9351209998130798 -0.3527350127696991 1.6189379692077637 0.0 0.0 0.0 1.0
0.8612689971923828 -0.20537599921226501 0.4647980034351349 2.7507688999176025 -0.5071380138397217 -0.28971201181411743 0.8117129802703857 4.501958847045898 -0.03204900026321411 -0.9348199963569641 -0.3536739945411682 1.615422010421753 0.0 0.0 0.0 1.0
0.8527539968490601 -0.2110619992017746 0.47776898741722107 2.7566139698028564 -0.5213549733161926 -0.2886120080947876 0.8030520081520081 4.499928951263428 -0.03160399943590164 -0.9338930249214172 -0.3561530113220215 1.6116689443588257 0.0 0.0 0.0 1.0
0.8438969850540161 -0.21755999326705933 0.49041399359703064 2.7636520862579346 -0.5356600284576416 -0.2903690040111542 0.7929400205612183 4.501781940460205 -0.030110999941825867 -0.9318550229072571 -0.3615800142288208 1.612733006477356 0.0 0.0 0.0 1.0
0.8363159894943237 -0.22400100529193878 0.5004000067710876 2.7713510990142822 -0.5474089980125427 -0.29068899154663086 0.7847570180892944 4.494532108306885 -0.03032599948346615 -0.9302279949188232 -0.3657279908657074 1.6110399961471558 0.0 0.0 0.0 1.0
0.8269879817962646 -0.2301509976387024 0.512952983379364 2.7737009525299072 -0.5614719986915588 -0.2910740077495575 0.7746130228042603 4.498348236083984 -0.02896999940276146 -0.9286050200462341 -0.3699379861354828 1.6102410554885864 0.0 0.0 0.0 1.0
0.8152049779891968 -0.2402700036764145 0.5269839763641357 2.763093948364258 -0.5784130096435547 -0.29114800691604614 0.7620180249214172 4.507890224456787 -0.029659999534487724 -0.9260150194168091 -0.3763209879398346 1.6230590343475342 0.0 0.0 0.0 1.0
0.8059769868850708 -0.24644699692726135 0.5382050275802612 2.765444040298462 -0.5911639928817749 -0.28839099407196045 0.7532299757003784 4.508081912994385 -0.030417999252676964 -0.9252539873123169 -0.37812700867652893 1.625180959701538 0.0 0.0 0.0 1.0
0.7984700202941895 -0.25136300921440125 0.5470479726791382 2.7748939990997314 -0.6011599898338318 -0.2839590013027191 0.7469760179519653 4.499782085418701 -0.032423000782728195 -0.9253020286560059 -0.3778429925441742 1.6239680051803589 0.0 0.0 0.0 1.0
0.7873960137367249 -0.25588101148605347 0.5608320236206055 2.772217035293579 -0.6156629920005798 -0.2805419862270355 0.7363799810409546 4.505456924438477 -0.031089000403881073 -0.9251059889793396 -0.3784340023994446 1.6231650114059448 0.0 0.0 0.0 1.0
0.777131974697113 -0.26029300689697266 0.5729860067367554 2.772351026535034 -0.6285920143127441 -0.27674800157546997 0.726830005645752 4.502464771270752 -0.030616000294685364 -0.9250180125236511 -0.3786880075931549 1.6192970275878906 0.0 0.0 0.0 1.0
0.7669820189476013 -0.26528000831604004 0.5842639803886414 2.7730729579925537 -0.640978991985321 -0.27453699707984924 0.7167819738388062 4.500945091247559 -0.029745999723672867 -0.9242600202560425 -0.38060399889945984 1.618515968322754 0.0 0.0 0.0 1.0
0.7578859925270081 -0.27072399854660034 0.5935630202293396 2.7777369022369385 -0.651665985584259 -0.27140599489212036 0.7082859873771667 4.496579170227051 -0.030654000118374825 -0.9236059784889221 -0.38211700320243835 1.6169960498809814 0.0 0.0 0.0 1.0
0.7481510043144226 -0.2757979929447174 0.6034939885139465 2.777117967605591 -0.6628640294075012 -0.26998600363731384 0.698369026184082 4.497223854064941 -0.029673999175429344 -0.9225199818611145 -0.3848069906234741 1.6150280237197876 0.0 0.0 0.0 1.0
0.7391340136528015 -0.2810719907283783 0.61211097240448 2.779217004776001 -0.6729249954223633 -0.26874399185180664 0.6891649961471558 4.494075775146484 -0.029203999787569046 -0.9212899804115295 -0.38777801394462585 1.6135300397872925 0.0 0.0 0.0 1.0
0.7294690012931824 -0.28395599126815796 0.6222890019416809 2.7760419845581055 -0.6835039854049683 -0.2674719989299774 0.6791769862174988 4.490714073181152 -0.026412000879645348 -0.9207760095596313 -0.3891969919204712 1.6098220348358154 0.0 0.0 0.0 1.0
0.717631995677948 -0.2929910123348236 0.6317920088768005 2.7722370624542236 -0.6957820057868958 -0.2627359926700592 0.668474018573761 4.487203121185303 -0.029861999675631523 -0.9193080067634583 -0.3924050033092499 1.6126619577407837 0.0 0.0 0.0 1.0
0.7103639841079712 -0.30039799213409424 0.6365090012550354 2.7848289012908936 -0.7030410170555115 -0.25992199778556824 0.6619470119476318 4.478870868682861 -0.03340499848127365 -0.9177150130271912 -0.39583200216293335 1.616760015487671 0.0 0.0 0.0 1.0
0.7004989981651306 -0.30661898851394653 0.6444270014762878 2.786147117614746 -0.7128480076789856 -0.25772398710250854 0.6522480249404907 4.478415012359619 -0.033906999975442886 -0.9162769913673401 -0.3991070091724396 1.6179850101470947 0.0 0.0 0.0 1.0
0.6915619969367981 -0.3110570013523102 0.6519089937210083 2.7874948978424072 -0.7214909791946411 -0.25431200861930847 0.6440309882164001 4.472161769866943 -0.03454200178384781 -0.9157339930534363 -0.40029799938201904 1.6158920526504517 0.0 0.0 0.0 1.0
0.6818109750747681 -0.3143500089645386 0.6605439782142639 2.7887039184570312 -0.7307639718055725 -0.2514140009880066 0.6346459984779358 4.472325801849365 -0.033431001007556915 -0.9154099822044373 -0.4011319875717163 1.613966941833496 0.0 0.0 0.0 1.0
0.6728479862213135 -0.31878000497817993 0.6675739884376526 2.7933409214019775 -0.7389789819717407 -0.2476159930229187 0.6265760064125061 4.467477798461914 -0.03443799912929535 -0.9149129986763 -0.4021799862384796 1.6114009618759155 0.0 0.0 0.0 1.0
0.6621549725532532 -0.3218429982662201 0.6767330169677734 2.789695978164673 -0.7486960291862488 -0.24593199789524078 0.6156070232391357 4.471141815185547 -0.03169799968600273 -0.9142950177192688 -0.40380799770355225 1.6073709726333618 0.0 0.0 0.0 1.0
0.6538040041923523 -0.3252910077571869 0.6831740140914917 2.788938045501709 -0.7560809850692749 -0.2454179972410202 0.6067219972610474 4.46877384185791 -0.029698999598622322 -0.9132120013237 -0.40640199184417725 1.6056230068206787 0.0 0.0 0.0 1.0
0.6472920179367065 -0.3315509855747223 0.6863579750061035 2.795340061187744 -0.7615500092506409 -0.24294400215148926 0.6008489727973938 4.460328102111816 -0.03246600180864334 -0.9116209745407104 -0.40974798798561096 1.6052550077438354 0.0 0.0 0.0 1.0
0.6368849873542786 -0.33695900440216064 0.6934229731559753 2.790631055831909 -0.7703120112419128 -0.2412859946489334 0.5902550220489502 4.46574592590332 -0.031578000634908676 -0.9100769758224487 -0.41323500871658325 1.6042170524597168 0.0 0.0 0.0 1.0
0.6288610100746155 -0.3392829895019531 0.6995869874954224 2.786932945251465 -0.7769700288772583 -0.2404409945011139 0.5818129777908325 4.460607051849365 -0.029190000146627426 -0.9094370007514954 -0.4148159921169281 1.5992159843444824 0.0 0.0 0.0 1.0
0.621258020401001 -0.3459570109844208 0.7031009793281555 2.794214963912964 -0.7829959988594055 -0.23867200314998627 0.5744159817695618 4.453930854797363 -0.03091300092637539 -0.9073860049247742 -0.41916000843048096 1.5998640060424805 0.0 0.0 0.0 1.0
0.6109520196914673 -0.35132500529289246 0.7094420194625854 2.7937259674072266 -0.7910879850387573 -0.23664799332618713 0.5640730261802673 4.453741073608398 -0.030285000801086426 -0.9058529734611511 -0.4225099980831146 1.5987759828567505 0.0 0.0 0.0 1.0
0.6016799807548523 -0.3571380078792572 0.7144460082054138 2.797667980194092 -0.7981399893760681 -0.23425500094890594 0.5550640225410461 4.450047016143799 -0.030872000381350517 -0.90420001745224 -0.42599400877952576 1.5970220565795898 0.0 0.0 0.0 1.0
0.5919389724731445 -0.3623729944229126 0.7199259996414185 2.79744291305542 -0.8054029941558838 -0.23206700384616852 0.5454090237617493 4.4478960037231445 -0.030570000410079956 -0.902679979801178 -0.42922601103782654 1.5957529544830322 0.0 0.0 0.0 1.0
0.5830050110816956 -0.36863699555397034 0.7240250110626221 2.8012940883636475 -0.8118410110473633 -0.22930200397968292 0.536969006061554 4.445116996765137 -0.031925998628139496 -0.9008479714393616 -0.4329589903354645 1.5964360237121582 0.0 0.0 0.0 1.0
0.5740820169448853 -0.37116798758506775 0.7298380136489868 2.7971060276031494 -0.8181849718093872 -0.22556200623512268 0.5288630127906799 4.442596912384033 -0.03167299926280975 -0.9007530212402344 -0.4331749975681305 1.5918070077896118 0.0 0.0 0.0 1.0
0.5650460124015808 -0.37561100721359253 0.7346010208129883 2.7952160835266113 -0.8244220018386841 -0.2220589965581894 0.5205940008163452 4.441636085510254 -0.0324149988591671 -0.8997820019721985 -0.43513599038124084 1.5885850191116333 0.0 0.0 0.0 1.0
0.5562549829483032 -0.38273999094963074 0.7376239895820618 2.7978360652923584 -0.8303070068359375 -0.21943199634552002 0.5122889876365662 4.440776824951172 -0.03421499952673912 -0.8974180221557617 -0.4398519992828369 1.5887709856033325 0.0 0.0 0.0 1.0
0.54653000831604 -0.3876970112323761 0.7422909736633301 2.795706033706665 -0.8367300033569336 -0.2163279950618744 0.5030760169029236 4.440960884094238 -0.03446299955248833 -0.8960430026054382 -0.4426270127296448 1.5872160196304321 0.0 0.0 0.0 1.0
0.5315889716148376 -0.3930650055408478 0.7502760291099548 2.785562038421631 -0.8462269902229309 -0.20857800543308258 0.4903010129928589 4.452992916107178 -0.03622899949550629 -0.8955420255661011 -0.44350001215934753 1.5840330123901367 0.0 0.0 0.0 1.0
0.5244280099868774 -0.3983139991760254 0.7525429725646973 2.789846897125244 -0.8504940271377563 -0.2030699998140335 0.4852040112018585 4.443696975708008 -0.0404449999332428 -0.8944879770278931 -0.4452590048313141 1.584082007408142 0.0 0.0 0.0 1.0
0.5150330066680908 -0.4028030037879944 0.7566310167312622 2.7889089584350586 -0.8560879826545715 -0.1973699927330017 0.4776589870452881 4.44439697265625 -0.04306599870324135 -0.8937529921531677 -0.4464870095252991 1.5834790468215942 0.0 0.0 0.0 1.0
0.5062379837036133 -0.4060649871826172 0.7608109712600708 2.7907800674438477 -0.8611930012702942 -0.19149799644947052 0.4708240032196045 4.441408157348633 -0.04549200087785721 -0.8935549855232239 -0.44664400815963745 1.581436038017273 0.0 0.0 0.0 1.0
0.4983130097389221 -0.408841997385025 0.7645469903945923 2.7912650108337402 -0.8656899929046631 -0.18622000515460968 0.46465399861335754 4.433864116668701 -0.047596000134944916 -0.8934040069580078 -0.446725994348526 1.5788120031356812 0.0 0.0 0.0 1.0
0.49095800518989563 -0.4109860062599182 0.7681480050086975 2.7921810150146484 -0.8698650002479553 -0.1827850043773651 0.45817500352859497 4.428812026977539 -0.04789699986577034 -0.8931300044059753 -0.44724199175834656 1.5749980211257935 0.0 0.0 0.0 1.0
0.4816429913043976 -0.4146130084991455 0.7720850110054016 2.7884669303894043 -0.8751350045204163 -0.18085500597953796 0.4488089978694916 4.428089141845703 -0.046445999294519424 -0.8918449878692627 -0.4499500095844269 1.5721089839935303 0.0 0.0 0.0 1.0
0.4729740023612976 -0.41876301169395447 0.7751989960670471 2.7888169288635254 -0.8799279928207397 -0.17960000038146973 0.4398530125617981 4.427754878997803 -0.044968001544475555 -0.8901579976081848 -0.4534269869327545 1.569545030593872 0.0 0.0 0.0 1.0
0.4644390046596527 -0.42445600032806396 0.7772600054740906 2.7916150093078613 -0.8844010233879089 -0.1765509992837906 0.43204599618911743 4.421760082244873 -0.04615800082683563 -0.8880689740180969 -0.4573870003223419 1.5683619976043701 0.0 0.0 0.0 1.0
0.4533500075340271 -0.4288249909877777 0.7813979983329773 2.7913999557495117 -0.8901870250701904 -0.17339999973773956 0.4213069975376129 4.421329021453857 -0.04517199844121933 -0.8865900039672852 -0.4603460133075714 1.566938042640686 0.0 0.0 0.0 1.0
0.44102901220321655 -0.43179699778556824 0.7867940068244934 2.786007881164551 -0.8963540196418762 -0.16777600347995758 0.4103659987449646 4.420967102050781 -0.0451899990439415 -0.8862299919128418 -0.4610379934310913 1.5627260208129883 0.0 0.0 0.0 1.0
0.42933300137519836 -0.43609198927879333 0.7908830046653748 2.789328098297119 -0.9020839929580688 -0.16459399461746216 0.3989419937133789 4.420928001403809 -0.043800998479127884 -0.8847219944000244 -0.4640580117702484 1.562669038772583 0.0 0.0 0.0 1.0
0.41870900988578796 -0.43738698959350586 0.7958490252494812 2.788228988647461 -0.9071739912033081 -0.1614599972963333 0.3885430097579956 4.416446208953857 -0.04144600033760071 -0.884660005569458 -0.46439099311828613 1.5599989891052246 0.0 0.0 0.0 1.0
0.4089309871196747 -0.4399609863758087 0.7995060086250305 2.792764902114868 -0.9116929769515991 -0.1586659997701645 0.3790000081062317 4.4099249839782715 -0.03989100083708763 -0.8838890194892883 -0.4659929871559143 1.5577069520950317 0.0 0.0 0.0 1.0
0.39756301045417786 -0.44327399134635925 0.8033999800682068 2.791563034057617 -0.9168559908866882 -0.15726099908351898 0.3669390082359314 4.408233165740967 -0.03631100058555603 -0.8824830055236816 -0.46893998980522156 1.5560669898986816 0.0 0.0 0.0 1.0
0.3869929909706116 -0.4471859931945801 0.8063880205154419 2.793919086456299 -0.9214479923248291 -0.15510199964046478 0.3561989963054657 4.403386116027832 -0.03421499952673912 -0.8808910250663757 -0.4720819890499115 1.554366946220398 0.0 0.0 0.0 1.0
0.37511399388313293 -0.4508199989795685 0.8099700212478638 2.7970170974731445 -0.9264259934425354 -0.15215200185775757 0.3443619906902313 4.39985990524292 -0.03200700134038925 -0.8795520067214966 -0.47472500801086426 1.5531799793243408 0.0 0.0 0.0 1.0
0.3617449998855591 -0.4537079930305481 0.8144260048866272 2.7977991104125977 -0.9318180084228516 -0.1485379934310913 0.331138014793396 4.396069049835205 -0.029267000034451485 -0.8786839842796326 -0.47650599479675293 1.549146056175232 0.0 0.0 0.0 1.0
0.3495450019836426 -0.4607410132884979 0.8158040046691895 2.806591033935547 -0.9364349842071533 -0.1438090056180954 0.32001298666000366 4.389151096343994 -0.03012399934232235 -0.875806987285614 -0.48172101378440857 1.5492149591445923 0.0 0.0 0.0 1.0
0.33577001094818115 -0.46563300490379333 0.8188070058822632 2.811944007873535 -0.9414690136909485 -0.13829399645328522 0.30742698907852173 4.385039806365967 -0.02991200052201748 -0.8741059899330139 -0.48481398820877075 1.549551010131836 0.0 0.0 0.0 1.0
0.3174160122871399 -0.4680030047893524 0.8247550129890442 2.814094066619873 -0.947829008102417 -0.12955500185489655 0.2912670075893402 4.393312931060791 -0.02946300059556961 -0.8741790056228638 -0.4847100079059601 1.5485490560531616 0.0 0.0 0.0 1.0
0.3027929961681366 -0.4694570004940033 0.8294140100479126 2.815922975540161 -0.9526879787445068 -0.12487500160932541 0.27711600065231323 4.390750885009766 -0.026520999148488045 -0.874081015586853 -0.48505699634552 1.5478299856185913 0.0 0.0 0.0 1.0
0.28931599855422974 -0.4719280004501343 0.8328149914741516 2.8220748901367188 -0.9569100141525269 -0.11994899809360504 0.26445499062538147 4.3871331214904785 -0.024908000603318214 -0.8734400272369385 -0.48629501461982727 1.548656940460205 0.0 0.0 0.0 1.0
0.2769469916820526 -0.47365400195121765 0.8360339999198914 2.8282949924468994 -0.9605649709701538 -0.11399900168180466 0.25361400842666626 4.379939079284668 -0.024817999452352524 -0.8733019828796387 -0.48654699325561523 1.5487589836120605 0.0 0.0 0.0 1.0
0.26439398527145386 -0.47401800751686096 0.839883029460907 2.833437919616699 -0.9641720056533813 -0.11035799980163574 0.24123600125312805 4.377151012420654 -0.0216630008071661 -0.8735719919204712 -0.48621299862861633 1.5477770566940308 0.0 0.0 0.0 1.0
0.2516849935054779 -0.47573599219322205 0.8428109884262085 2.8401689529418945 -0.9676039814949036 -0.10573499649763107 0.22926799952983856 4.372310161590576 -0.01995600014925003 -0.8732100129127502 -0.4869360029697418 1.548393964767456 0.0 0.0 0.0 1.0
0.23970499634742737 -0.4763469994068146 0.8459519743919373 2.847203016281128 -0.9706699848175049 -0.10098599642515182 0.21818000078201294 4.366864204406738 -0.01850000023841858 -0.8734390139579773 -0.48658299446105957 1.549347996711731 0.0 0.0 0.0 1.0
0.22804400324821472 -0.4762769937515259 0.8492100238800049 2.8534250259399414 -0.9734749794006348 -0.09493599832057953 0.20816899836063385 4.3616180419921875 -0.018525000661611557 -0.8741559982299805 -0.4852930009365082 1.5493509769439697 0.0 0.0 0.0 1.0
0.21756599843502045 -0.47546300292015076 0.8524090051651001 2.8610260486602783 -0.9759079813957214 -0.09127800166606903 0.19817399978637695 4.358675003051758 -0.016419000923633575 -0.8749880194664001 -0.48386698961257935 1.549731969833374 0.0 0.0 0.0 1.0
0.20618300139904022 -0.4749790132045746 0.8555020093917847 2.867558002471924 -0.9783560037612915 -0.0843999981880188 0.18893299996852875 4.353346824645996 -0.017534999176859856 -0.8759409785270691 -0.4821009933948517 1.5494379997253418 0.0 0.0 0.0 1.0
0.19826899468898773 -0.47634100914001465 0.8566150069236755 2.8783669471740723 -0.9799609780311584 -0.0792739987373352 0.18273699283599854 4.345605850219727 -0.019138000905513763 -0.8756800293922424 -0.4825130105018616 1.5488439798355103 0.0 0.0 0.0 1.0
0.1879969984292984 -0.4767700135707855 0.8586900234222412 2.8841021060943604 -0.9820230007171631 -0.0761599987745285 0.1727139949798584 4.343792915344238 -0.016946999356150627 -0.8757230043411255 -0.4825170040130615 1.5486730337142944 0.0 0.0 0.0 1.0
0.17870700359344482 -0.4780550003051758 0.8599579930305481 2.8923110961914062 -0.9837960004806519 -0.07393299788236618 0.16334199905395508 4.336769104003906 -0.014507999643683434 -0.8752130270004272 -0.4835200011730194 1.551265001296997 0.0 0.0 0.0 1.0
0.1684260070323944 -0.4766319990158081 0.8628180027008057 2.8973329067230225 -0.9856439828872681 -0.07092899829149246 0.15321999788284302 4.33013916015625 -0.011831000447273254 -0.8762369751930237 -0.4817349910736084 1.5538610219955444 0.0 0.0 0.0 1.0
0.15778599679470062 -0.47316300868988037 0.8667299747467041 2.9051239490509033 -0.9874359965324402 -0.06794799864292145 0.1426669955253601 4.327394008636475 -0.008612999692559242 -0.8783509731292725 -0.47793900966644287 1.5558470487594604 0.0 0.0 0.0 1.0
0.1462399959564209 -0.4682979881763458 0.8713849782943726 2.9072799682617188 -0.9892410039901733 -0.06565099954605103 0.13073700666427612 4.325685024261475 -0.004017000086605549 -0.8811290264129639 -0.4728600084781647 1.5540059804916382 0.0 0.0 0.0 1.0
0.13605499267578125 -0.4674080014228821 0.8735100030899048 2.9135100841522217 -0.9907010197639465 -0.06530600041151047 0.11936400085687637 4.320278167724609 0.0012540000025182962 -0.8816270232200623 -0.47194600105285645 1.5542219877243042 0.0 0.0 0.0 1.0
0.1250230073928833 -0.4675709903240204 0.8750699758529663 2.921143054962158 -0.9921299815177917 -0.06499700248241425 0.10701800137758255 4.315624237060547 0.006837999913841486 -0.8815630078315735 -0.4720180034637451 1.5553710460662842 0.0 0.0 0.0 1.0
0.11382299661636353 -0.4679250121116638 0.8764079809188843 2.9284110069274902 -0.9934499859809875 -0.06252899765968323 0.09563899785280228 4.30910587310791 0.010049000382423401 -0.8815540075302124 -0.47197699546813965 1.5557960271835327 0.0 0.0 0.0 1.0
0.10236900299787521 -0.4675390124320984 0.8780249953269958 2.9324119091033936 -0.994638979434967 -0.06111399829387665 0.08342300355434418 4.306002140045166 0.014655999839305878 -0.8818579912185669 -0.4712879955768585 1.5558960437774658 0.0 0.0 0.0 1.0
0.0956059992313385 -0.4666549861431122 0.8792570233345032 2.940124988555908 -0.9953129887580872 -0.05775599926710129 0.07757200300693512 4.294879913330078 0.014582999981939793 -0.8825520277023315 -0.46998900175094604 1.5565929412841797 0.0 0.0 0.0 1.0
0.08306600153446198 -0.4658010005950928 0.880981981754303 2.945880889892578 -0.9963499903678894 -0.05629099905490875 0.06418099999427795 4.297298908233643 0.01969500072300434 -0.8830980062484741 -0.46877598762512207 1.5571589469909668 0.0 0.0 0.0 1.0
0.07343699783086777 -0.4650520086288452 0.8822320103645325 2.951766014099121 -0.9970409870147705 -0.054409999400377274 0.05431300029158592 4.291110992431641 0.02274399995803833 -0.8836100101470947 -0.4676719903945923 1.5559699535369873 0.0 0.0 0.0 1.0
0.06273200362920761 -0.46525999903678894 0.8829489946365356 2.9547228813171387 -0.9976810216903687 -0.052646998316049576 0.04314099997282028 4.285438060760498 0.026412999257445335 -0.8836079835891724 -0.4674830138683319 1.5539239645004272 0.0 0.0 0.0 1.0
0.050912000238895416 -0.46800100803375244 0.8822600245475769 2.960629940032959 -0.9982950091362 -0.04909700155258179 0.031564999371767044 4.280529975891113 0.028543999418616295 -0.8823630213737488 -0.46970298886299133 1.5551700592041016 0.0 0.0 0.0 1.0
0.03843500092625618 -0.4690360128879547 0.8823429942131042 2.966322898864746 -0.9987630248069763 -0.04590899869799614 0.019101999700069427 4.2781901359558105 0.03154800087213516 -0.8819850087165833 -0.47021999955177307 1.5569729804992676 0.0 0.0 0.0 1.0
0.02808699943125248 -0.46743500232696533 0.8835809826850891 2.9694690704345703 -0.9990869760513306 -0.041593000292778015 0.009755999781191349 4.270127773284912 0.03219100087881088 -0.8830490112304688 -0.4681769907474518 1.5559320449829102 0.0 0.0 0.0 1.0
0.01591300033032894 -0.46850699186325073 0.8833159804344177 2.973172903060913 -0.9993159770965576 -0.03694700077176094 -0.0015940000303089619 4.266611099243164 0.03338199853897095 -0.882686972618103 -0.4687750041484833 1.5531729459762573 0.0 0.0 0.0 1.0
0.001550000044517219 -0.4737589955329895 0.8806530237197876 2.978264093399048 -0.9993900060653687 -0.031456999480724335 -0.015163999982178211 4.2647881507873535 0.03488700091838837 -0.880092978477478 -0.4735189974308014 1.5545530319213867 0.0 0.0 0.0 1.0
-0.011869000270962715 -0.47740301489830017 0.878603994846344 2.986656904220581 -0.9992700219154358 -0.0262410007417202 -0.027758000418543816 4.262477874755859 0.03630800172686577 -0.878292977809906 -0.47674301266670227 1.5591139793395996 0.0 0.0 0.0 1.0
-0.027025999501347542 -0.4739390015602112 0.8801429867744446 2.9899380207061768 -0.9991559982299805 -0.014438999816775322 -0.03845499828457832 4.260589122772217 0.030933000147342682 -0.8804399967193604 -0.473147988319397 1.5594340562820435 0.0 0.0 0.0 1.0
-0.039847999811172485 -0.46980199217796326 0.8818719983100891 2.9956209659576416 -0.9988380074501038 -0.0052109998650848866 -0.047908999025821686 4.25419807434082 0.0271029993891716 -0.8827570080757141 -0.46904799342155457 1.5605549812316895 0.0 0.0 0.0 1.0
-0.05374699831008911 -0.4650050103664398 0.8836749792098999 2.997252941131592 -0.9982349872589111 0.002644000109285116 -0.05932300165295601 4.251051902770996 0.025249000638723373 -0.8853039741516113 -0.46432599425315857 1.5588209629058838 0.0 0.0 0.0 1.0
-0.06958100199699402 -0.4638870060443878 0.8831580281257629 3.0011210441589355 -0.9972739815711975 0.01053799968212843 -0.07303699851036072 4.24898099899292 0.024574000388383865 -0.8858320116996765 -0.46335500478744507 1.559136986732483 0.0 0.0 0.0 1.0
-0.08550900220870972 -0.4634140133857727 0.8820070028305054 3.0050899982452393 -0.9959989786148071 0.016673000529408455 -0.08780000358819962 4.248979091644287 0.025981999933719635 -0.8859850168228149 -0.46298500895500183 1.5594309568405151 0.0 0.0 0.0 1.0
-0.1023309975862503 -0.4628959894180298 0.880486011505127 3.011568069458008 -0.994363009929657 0.022880999371409416 -0.10353600233793259 4.249030113220215 0.027780000120401382 -0.8861169815063477 -0.46262800693511963 1.5605859756469727 0.0 0.0 0.0 1.0
-0.11961200088262558 -0.46155500411987305 0.8790109753608704 3.017091989517212 -0.9923970103263855 0.0297279991209507 -0.11943099647760391 4.251214027404785 0.028992999345064163 -0.8866130113601685 -0.46160200238227844 1.5616660118103027 0.0 0.0 0.0 1.0
-0.13608600199222565 -0.45954498648643494 0.8776670098304749 3.0229220390319824 -0.9902729988098145 0.03717700019478798 -0.13407999277114868 4.253321170806885 0.02898699976503849 -0.8873760104179382 -0.46013399958610535 1.5634080171585083 0.0 0.0 0.0 1.0
-0.1507440060377121 -0.45543399453163147 0.8774139881134033 3.0272910594940186 -0.9881700277328491 0.04407399892807007 -0.14689600467681885 4.252470970153809 0.028231000527739525 -0.8891779780387878 -0.4566900134086609 1.5649470090866089 0.0 0.0 0.0 1.0
-0.1669899970293045 -0.45207899808883667 0.8762069940567017 3.0362660884857178 -0.9855080246925354 0.04967299848794937 -0.16219200193881989 4.254034996032715 0.02979999966919422 -0.8905940055847168 -0.45382198691368103 1.5665730237960815 0.0 0.0 0.0 1.0
-0.18387100100517273 -0.44856300950050354 0.8746330142021179 3.0380609035491943 -0.9824849963188171 0.056474000215530396 -0.17757999897003174 4.258203983306885 0.030262000858783722 -0.8919659852981567 -0.451090008020401 1.5666630268096924 0.0 0.0 0.0 1.0
-0.2026430070400238 -0.44482100009918213 0.8723940253257751 3.0420639514923096 -0.9787579774856567 0.063680000603199 -0.19487999379634857 4.265791893005371 0.031132999807596207 -0.8933529853820801 -0.44827601313591003 1.5651060342788696 0.0 0.0 0.0 1.0
-0.22093500196933746 -0.4433690011501312 0.8686839938163757 3.0471549034118652 -0.9747999906539917 0.07220599800348282 -0.21107099950313568 4.270614147186279 0.030858000740408897 -0.8934260010719299 -0.4481489956378937 1.567667007446289 0.0 0.0 0.0 1.0
-0.23905199766159058 -0.43833398818969727 0.8664399981498718 3.0503621101379395 -0.9705619812011719 0.0808660015463829 -0.22686900198459625 4.275582790374756 0.029379000887274742 -0.8951669931411743 -0.4447610080242157 1.5684150457382202 0.0 0.0 0.0 1.0
-0.2555679976940155 -0.43468600511550903 0.8635579943656921 3.0569069385528564 -0.9664340019226074 0.09058599919080734 -0.2404160052537918 4.277243137359619 0.02627900056540966 -0.8960149884223938 -0.443246990442276 1.5693789720535278 0.0 0.0 0.0 1.0
-0.273591011762619 -0.43095600605010986 0.8598979711532593 3.0595920085906982 -0.961542010307312 0.10007300227880478 -0.25577598810195923 4.286858081817627 0.02417599968612194 -0.8968070149421692 -0.4417620003223419 1.568532943725586 0.0 0.0 0.0 1.0
-0.29009899497032166 -0.4286060035228729 0.8556519746780396 3.0630440711975098 -0.9567729830741882 0.11056199669837952 -0.2690010070800781 4.29166316986084 0.02069300040602684 -0.8967009782791138 -0.4421530067920685 1.5704820156097412 0.0 0.0 0.0 1.0
-0.30718299746513367 -0.42611899971961975 0.8509179949760437 3.068578004837036 -0.9514350295066833 0.11849399656057358 -0.2841309905052185 4.297821044921875 0.02024500072002411 -0.8968729972839355 -0.4418239891529083 1.5727640390396118 0.0 0.0 0.0 1.0
-0.324317991733551 -0.42122501134872437 0.8469870090484619 3.070868968963623 -0.9457880258560181 0.1278959959745407 -0.2985439896583557 4.302496910095215 0.017427999526262283 -0.8978930115699768 -0.4398689866065979 1.574916958808899 0.0 0.0 0.0 1.0
-0.3424820005893707 -0.41575199365615845 0.8425300121307373 3.0762789249420166 -0.9393969774246216 0.1367260068655014 -0.3143889904022217 4.3104329109191895 0.01551199983805418 -0.8991420269012451 -0.4373820126056671 1.575631022453308 0.0 0.0 0.0 1.0
-0.35756999254226685 -0.410631000995636 0.8387640118598938 3.0785911083221436 -0.9338399767875671 0.14829500019550323 -0.3255020081996918 4.309483051300049 0.009277000091969967 -0.8996610045433044 -0.436489999294281 1.5768530368804932 0.0 0.0 0.0 1.0
-0.3719229996204376 -0.4079369902610779 0.833823025226593 3.0799129009246826 -0.9282349944114685 0.15631599724292755 -0.3375590145587921 4.311625957489014 0.007362999953329563 -0.899528980255127 -0.43679898977279663 1.5766090154647827 0.0 0.0 0.0 1.0
-0.38711801171302795 -0.4061790108680725 0.8277429938316345 3.0815858840942383 -0.9220070242881775 0.16413000226020813 -0.3506630063056946 4.315793991088867 0.006574000231921673 -0.8989329934120178 -0.4380370080471039 1.5770620107650757 0.0 0.0 0.0 1.0
-0.4017699956893921 -0.4043619930744171 0.8216279745101929 3.0820019245147705 -0.9157170057296753 0.1709900051355362 -0.36362600326538086 4.319767951965332 0.0065460000187158585 -0.8984730243682861 -0.43898001313209534 1.5772889852523804 0.0 0.0 0.0 1.0
-0.4167320132255554 -0.40173599123954773 0.8154399991035461 3.0833470821380615 -0.9090070128440857 0.1779399961233139 -0.37688499689102173 4.324912071228027 0.006308999843895435 -0.8983020186424255 -0.4393340051174164 1.5779379606246948 0.0 0.0 0.0 1.0
-0.4320929944515228 -0.3987860083580017 0.8088669776916504 3.083733081817627 -0.9017950296401978 0.18323899805545807 -0.3913939893245697 4.329547882080078 0.007867000065743923 -0.8985509872436523 -0.4387989938259125 1.5764169692993164 0.0 0.0 0.0 1.0
-0.4470140039920807 -0.3985440135002136 0.8008379936218262 3.083333969116211 -0.8944690227508545 0.18897399306297302 -0.4052320122718811 4.331113815307617 0.010165000334382057 -0.8974699974060059 -0.44095900654792786 1.5759400129318237 0.0 0.0 0.0 1.0
-0.46456998586654663 -0.39834100008010864 0.7908849716186523 3.0844271183013916 -0.8854349851608276 0.19546300172805786 -0.42166200280189514 4.336730003356934 0.013376000337302685 -0.8961690068244934 -0.4435110092163086 1.5769599676132202 0.0 0.0 0.0 1.0
-0.48045700788497925 -0.3956010043621063 0.782725989818573 3.083122968673706 -0.8768969774246216 0.20186500251293182 -0.4362350106239319 4.339677810668945 0.014569999650120735 -0.8959630131721497 -0.4438900053501129 1.578268051147461 0.0 0.0 0.0 1.0
-0.4954339861869812 -0.3912529945373535 0.7755420207977295 3.084256887435913 -0.8685399889945984 0.20921799540519714 -0.4492950141429901 4.342629909515381 0.013531000353395939 -0.8961859941482544 -0.4434719979763031 1.579637050628662 0.0 0.0 0.0 1.0
-0.5097370147705078 -0.3872779905796051 0.7682340145111084 3.0877790451049805 -0.8602399826049805 0.2165369987487793 -0.46162599325180054 4.349030017852783 0.012426000088453293 -0.8961740136146545 -0.44352900981903076 1.5818109512329102 0.0 0.0 0.0 1.0
-0.5206909775733948 -0.3828209936618805 0.7631049752235413 3.084259033203125 -0.8536319732666016 0.21886500716209412 -0.4726629853248596 4.35199499130249 0.013927999883890152 -0.89752197265625 -0.44074898958206177 1.5828009843826294 0.0 0.0 0.0 1.0
-0.5311920046806335 -0.37641701102256775 0.7590420246124268 3.082887887954712 -0.8471500277519226 0.22211499512195587 -0.48270300030708313 4.3524699211120605 0.0131029998883605 -0.8994309902191162 -0.43686801195144653 1.585502028465271 0.0 0.0 0.0 1.0
-0.5407609939575195 -0.3704780042171478 0.7551980018615723 3.081418991088867 -0.8410490155220032 0.22250699996948242 -0.4930790066719055 4.353824138641357 0.014638000167906284 -0.9017959833145142 -0.43191400170326233 1.5852530002593994 0.0 0.0 0.0 1.0
-0.5504369735717773 -0.3655740022659302 0.7505829930305481 3.075309991836548 -0.8346999883651733 0.22248700261116028 -0.5037609934806824 4.359312057495117 0.017167000100016594 -0.9038000106811523 -0.42761000990867615 1.5856879949569702 0.0 0.0 0.0 1.0
-0.5583599805831909 -0.3624170124530792 0.7462490200996399 3.0742409229278564 -0.8293370008468628 0.22125700116157532 -0.5130749940872192 4.359384059906006 0.020834000781178474 -0.9053729772567749 -0.42410698533058167 1.5881270170211792 0.0 0.0 0.0 1.0
-0.5663790106773376 -0.35722899436950684 0.7426999807357788 3.0716800689697266 -0.8238149881362915 0.219882994890213 -0.5224760174751282 4.363839149475098 0.023336000740528107 -0.9077659845352173 -0.41882699728012085 1.5890849828720093 0.0 0.0 0.0 1.0
-0.5722270011901855 -0.35323798656463623 0.7401210069656372 3.0685338973999023 -0.8196589946746826 0.21690599620342255 -0.5301989912986755 4.366002082824707 0.02674899995326996 -0.9100409746170044 -0.41365399956703186 1.5908559560775757 0.0 0.0 0.0 1.0
-0.5783690214157104 -0.3477419912815094 0.7379459738731384 3.063314914703369 -0.8152459859848022 0.21381300687789917 -0.5381979942321777 4.367694854736328 0.029371999204158783 -0.9128850102424622 -0.4071590006351471 1.5905430316925049 0.0 0.0 0.0 1.0
-0.5851989984512329 -0.3435260057449341 0.7345280051231384 3.060950994491577 -0.810280978679657 0.2126390039920807 -0.5461040139198303 4.367568016052246 0.03141099959611893 -0.9147539734840393 -0.40278899669647217 1.5917689800262451 0.0 0.0 0.0 1.0
-0.5912879705429077 -0.34008800983428955 0.7312440276145935 3.055387020111084 -0.8057929873466492 0.21226300299167633 -0.5528489947319031 4.366458892822266 0.03280099853873253 -0.9161249995231628 -0.3995490074157715 1.5936659574508667 0.0 0.0 0.0 1.0
-0.5991100072860718 -0.3357219994068146 0.7268819808959961 3.0455620288848877 -0.7999359965324402 0.21219700574874878 -0.5613150000572205 4.368916034698486 0.034203000366687775 -0.9177489876747131 -0.39568600058555603 1.594059944152832 0.0 0.0 0.0 1.0
-0.6084960103034973 -0.33293700218200684 0.7203369736671448 3.046515941619873 -0.7926959991455078 0.21273499727249146 -0.5712940096855164 4.37022590637207 0.03696399927139282 -0.9186379909515381 -0.3933669924736023 1.5977749824523926 0.0 0.0 0.0 1.0
-0.6170539855957031 -0.32670000195503235 0.7158979773521423 3.0392749309539795 -0.7860429883003235 0.21294300258159637 -0.5803369879722595 4.372344017028809 0.03715100139379501 -0.9208269715309143 -0.38819798827171326 1.599951982498169 0.0 0.0 0.0 1.0
-0.6260030269622803 -0.32012900710105896 0.7110819816589355 3.0363619327545166 -0.778954029083252 0.2137330025434494 -0.5895320177078247 4.3731489181518555 0.03674500063061714 -0.9229490160942078 -0.3831639885902405 1.6027840375900269 0.0 0.0 0.0 1.0
-0.6348879933357239 -0.31275299191474915 0.7064719796180725 3.0315020084381104 -0.7717480063438416 0.21368299424648285 -0.5989530086517334 4.379021167755127 0.03636400029063225 -0.9254869818687439 -0.37703099846839905 1.60548996925354 0.0 0.0 0.0 1.0
-0.6433749794960022 -0.30534398555755615 0.7020210027694702 3.026578903198242 -0.7647340297698975 0.2139659970998764 -0.6077839732170105 4.381399154663086 0.035374000668525696 -0.9278920292854309 -0.37116700410842896 1.6085530519485474 0.0 0.0 0.0 1.0
-0.651049017906189 -0.2961939871311188 0.6988589763641357 3.016239881515503 -0.75832200050354 0.21389299631118774 -0.6157900094985962 4.381907939910889 0.0329120010137558 -0.930869996547699 -0.3638649880886078 1.6109100580215454 0.0 0.0 0.0 1.0
-0.6592040061950684 -0.2883569896221161 0.6944789886474609 3.00730299949646 -0.7512289881706238 0.21168899536132812 -0.6251749992370605 4.386634826660156 0.03325999900698662 -0.9338300228118896 -0.3561680018901825 1.6119170188903809 0.0 0.0 0.0 1.0
-0.6684209704399109 -0.28311601281166077 0.6877920031547546 3.0021939277648926 -0.7428810000419617 0.20858000218868256 -0.6360999941825867 4.39592981338501 0.03663000091910362 -0.9361299872398376 -0.34974101185798645 1.6079859733581543 0.0 0.0 0.0 1.0
-0.6776480078697205 -0.2813049852848053 0.6794559955596924 2.997567892074585 -0.734449028968811 0.21223700046539307 -0.6446239948272705 4.39715576171875 0.03713100031018257 -0.9358540177345276 -0.35042598843574524 1.6084109544754028 0.0 0.0 0.0 1.0
-0.6863260269165039 -0.28040799498558044 0.6710649728775024 2.992922067642212 -0.7262719869613647 0.21534200012683868 -0.6528059840202332 4.4014410972595215 0.03854300081729889 -0.9354140162467957 -0.3514479994773865 1.6128239631652832 0.0 0.0 0.0 1.0
-0.6937040090560913 -0.27590399980545044 0.6653209924697876 2.990834951400757 -0.7192530035972595 0.21652300655841827 -0.6601459980010986 4.407637119293213 0.038079001009464264 -0.9364799857139587 -0.3486480116844177 1.6192209720611572 0.0 0.0 0.0 1.0
-0.6993759870529175 -0.26624301075935364 0.663316011428833 2.986560106277466 -0.7139019966125488 0.21489199995994568 -0.6664569973945618 4.417232990264893 0.034898001700639725 -0.9396470189094543 -0.340362012386322 1.6195499897003174 0.0 0.0 0.0 1.0
-0.7024139761924744 -0.25627899169921875 0.6640300154685974 2.9723849296569824 -0.7111750245094299 0.21460899710655212 -0.6694570183753967 4.420999050140381 0.029061000794172287 -0.9424780011177063 -0.3330030143260956 1.6172360181808472 0.0 0.0 0.0 1.0
-0.7067840099334717 -0.25059500336647034 0.6615579724311829 2.96651291847229 -0.7069380283355713 0.21533000469207764 -0.6736999750137329 4.427998065948486 0.026372000575065613 -0.9438409805297852 -0.32934701442718506 1.616979956626892 0.0 0.0 0.0 1.0
-0.7120640277862549 -0.2460789978504181 0.6575779914855957 2.9566500186920166 -0.701665997505188 0.215938001871109 -0.6789960265159607 4.427907943725586 0.02508999966084957 -0.9448890089988708 -0.32642701268196106 1.6181689500808716 0.0 0.0 0.0 1.0
-0.7302770018577576 -0.23778900504112244 0.6404299736022949 2.944636106491089 -0.6826750040054321 0.21904000639915466 -0.6971200108528137 4.437265872955322 0.025488000363111496 -0.9462969899177551 -0.3222930133342743 1.6148970127105713 0.0 0.0 0.0 1.0
-0.7377640008926392 -0.23602600395679474 0.6324520111083984 2.939018964767456 -0.6745880246162415 0.222789004445076 -0.703773021697998 4.44133996963501 0.025205999612808228 -0.9458630084991455 -0.32358598709106445 1.6179159879684448 0.0 0.0 0.0 1.0
-0.7444859743118286 -0.23073799908161163 0.6264979839324951 2.9334309101104736 -0.6672869920730591 0.22676099836826324 -0.7094410061836243 4.447699069976807 0.021630000323057175 -0.9462239742279053 -0.3227890133857727 1.6211110353469849 0.0 0.0 0.0 1.0
-0.7490749955177307 -0.22184699773788452 0.624235987663269 2.9245290756225586 -0.6623020172119141 0.22863000631332397 -0.7135019898414612 4.454693794250488 0.015568999573588371 -0.9478989839553833 -0.3181909918785095 1.6210689544677734 0.0 0.0 0.0 1.0
-0.7530810236930847 -0.21311800181865692 0.6224550008773804 2.9192590713500977 -0.6578649878501892 0.23070600628852844 -0.7169309854507446 4.458749771118164 0.009186999872326851 -0.9493979811668396 -0.3139429986476898 1.6210219860076904 0.0 0.0 0.0 1.0
-0.7559570074081421 -0.20529499650001526 0.6215980052947998 2.91029691696167 -0.6546069979667664 0.23066900670528412 -0.7199180126190186 4.459291934967041 0.0044120000675320625 -0.9511290192604065 -0.3087640106678009 1.6194959878921509 0.0 0.0 0.0 1.0
-0.7598739862442017 -0.20075300335884094 0.6182969808578491 2.906203031539917 -0.6500660181045532 0.2309190034866333 -0.7239410281181335 4.465712070465088 0.0025569999124854803 -0.95203697681427 -0.30597200989723206 1.617941975593567 0.0 0.0 0.0 1.0
-0.7644460201263428 -0.19883300364017487 0.6132599711418152 2.9045801162719727 -0.6446809768676758 0.2314929962158203 -0.7285590171813965 4.473291873931885 0.0028959999326616526 -0.952301025390625 -0.30514800548553467 1.6199549436569214 0.0 0.0 0.0 1.0
-0.7687240242958069 -0.19731800258159637 0.6083829998970032 2.903532028198242 -0.6395620107650757 0.22970899939537048 -0.7336180210113525 4.479619979858398 0.0050050001591444016 -0.9530479907989502 -0.3027789890766144 1.6231739521026611 0.0 0.0 0.0 1.0
-0.7719119787216187 -0.19380000233650208 0.6054700016975403 2.8960349559783936 -0.6357049942016602 0.2269739955663681 -0.7378090023994446 4.4818220138549805 0.005561999976634979 -0.9544240236282349 -0.2984040081501007 1.6246190071105957 0.0 0.0 0.0 1.0
-0.7768949866294861 -0.19069600105285645 0.6000580191612244 2.8936920166015625 -0.6295779943466187 0.22296200692653656 -0.7442579865455627 4.490076065063477 0.008136999793350697 -0.9559929966926575 -0.29327601194381714 1.6247990131378174 0.0 0.0 0.0 1.0
-0.7796990275382996 -0.18751099705696106 0.597419023513794 2.8854870796203613 -0.6260939836502075 0.2201640009880066 -0.7480199933052063 4.4910888671875 0.00873200036585331 -0.9572709798812866 -0.2890610098838806 1.6214640140533447 0.0 0.0 0.0 1.0
-0.7836340069770813 -0.18510699272155762 0.5930039882659912 2.882169008255005 -0.6211770176887512 0.2217250019311905 -0.7516499757766724 4.496160984039307 0.007652000058442354 -0.9573789834976196 -0.2887359857559204 1.6234099864959717 0.0 0.0 0.0 1.0
-0.7882959842681885 -0.18418100476264954 0.5870839953422546 2.8865349292755127 -0.6152390241622925 0.22287000715732574 -0.756181001663208 4.496795177459717 0.00843099970370531 -0.9572910070419312 -0.28900301456451416 1.632835030555725 0.0 0.0 0.0 1.0
-0.7927740216255188 -0.17820300161838531 0.5828830003738403 2.887216091156006 -0.6094639897346497 0.21928200125694275 -0.7618860006332397 4.5006890296936035 0.007953999564051628 -0.9592490196228027 -0.28244999051094055 1.6326119899749756 0.0 0.0 0.0 1.0
-0.7972120046615601 -0.17202599346637726 0.5786709785461426 2.8791069984436035 -0.6036630272865295 0.21662400662899017 -0.7672449946403503 4.500226020812988 0.006632000207901001 -0.9609799981117249 -0.27654099464416504 1.6318620443344116 0.0 0.0 0.0 1.0
-0.8041620254516602 -0.16990700364112854 0.5696099996566772 2.8808629512786865 -0.5943400263786316 0.2150540053844452 -0.774927020072937 4.504485130310059 0.009169000200927258 -0.9617090225219727 -0.27392101287841797 1.6326839923858643 0.0 0.0 0.0 1.0
-0.8108749985694885 -0.1660590022802353 0.561165988445282 2.879272937774658 -0.5851420164108276 0.2144169956445694 -0.782069981098175 4.50701379776001 0.009545999579131603 -0.9625229835510254 -0.27103298902511597 1.6351059675216675 0.0 0.0 0.0 1.0
-0.8194479942321777 -0.16265499591827393 0.5495889782905579 2.882020950317383 -0.5730230212211609 0.21203599870204926 -0.7916349768638611 4.514104843139648 0.012230999767780304 -0.9636309742927551 -0.26695799827575684 1.634242057800293 0.0 0.0 0.0 1.0
-0.826682984828949 -0.15863999724388123 0.5398409962654114 2.8742239475250244 -0.5625190138816833 0.21094800531864166 -0.7994210124015808 4.51061487197876 0.012942000292241573 -0.9645379781723022 -0.26362600922584534 1.6311579942703247 0.0 0.0 0.0 1.0
-0.8357660174369812 -0.15721699595451355 0.5260969996452332 2.868917942047119 -0.5488569736480713 0.21154199540615082 -0.8087069988250732 4.509937763214111 0.01585100032389164 -0.9646419882774353 -0.26308900117874146 1.630059003829956 0.0 0.0 0.0 1.0
-0.8475940227508545 -0.15789000689983368 0.5066109895706177 2.8797619342803955 -0.5302010178565979 0.21293100714683533 -0.8206989765167236 4.515236854553223 0.021705999970436096 -0.9642260074615479 -0.26419299840927124 1.631870985031128 0.0 0.0 0.0 1.0
-0.8582249879837036 -0.15840299427509308 0.4882189929485321 2.8864641189575195 -0.5125849843025208 0.21528099477291107 -0.8312100172042847 4.521309852600098 0.026561999693512917 -0.9636200070381165 -0.26595500111579895 1.6339579820632935 0.0 0.0 0.0 1.0
-0.8653380274772644 -0.15445299446582794 0.4767949879169464 2.8706769943237305 -0.5005229711532593 0.2173209935426712 -0.8380029797554016 4.522296905517578 0.025815000757575035 -0.9638029932975769 -0.26536399126052856 1.6341609954833984 0.0 0.0 0.0 1.0
-0.8727790117263794 -0.14998699724674225 0.4645009934902191 2.8694849014282227 -0.4874249994754791 0.21716900169849396 -0.8457270264625549 4.516082763671875 0.02597299963235855 -0.9645419716835022 -0.26264798641204834 1.62991201877594 0.0 0.0 0.0 1.0
-0.8801969885826111 -0.1434590071439743 0.4524089992046356 2.86604905128479 -0.47400298714637756 0.21753600239753723 -0.8532289862632751 4.517538070678711 0.02398799918591976 -0.9654520153999329 -0.2594749927520752 1.6270109415054321 0.0 0.0 0.0 1.0
-0.8889999985694885 -0.13867899775505066 0.43640199303627014 2.8763010501861572 -0.45731499791145325 0.22045999765396118 -0.8615450263023376 4.523868083953857 0.02326899953186512 -0.965487003326416 -0.25940901041030884 1.6294569969177246 0.0 0.0 0.0 1.0
-0.89690101146698 -0.12984199821949005 0.42274001240730286 2.8827619552612305 -0.4418739974498749 0.22473600506782532 -0.8684700131416321 4.526739120483398 0.01775900088250637 -0.9657300114631653 -0.2589389979839325 1.6331650018692017 0.0 0.0 0.0 1.0
-0.9051420092582703 -0.11899500340223312 0.40811601281166077 2.8936688899993896 -0.42496100068092346 0.22790099680423737 -0.876052975654602 4.531280994415283 0.011235999874770641 -0.9663860201835632 -0.2568509876728058 1.6335910558700562 0.0 0.0 0.0 1.0
-0.9120029807090759 -0.10772600024938583 0.39578500390052795 2.895293951034546 -0.41016900539398193 0.23122799396514893 -0.8822100162506104 4.538067817687988 0.0035200000274926424 -0.9669169783592224 -0.25506699085235596 1.632464051246643 0.0 0.0 0.0 1.0
-0.9188219904899597 -0.09709200263023376 0.38254299759864807 2.898184061050415 -0.3946549892425537 0.23524700105190277 -0.8882039785385132 4.543702125549316 -0.003754999954253435 -0.9670739769935608 -0.25446799397468567 1.6304680109024048 0.0 0.0 0.0 1.0
-0.9249489903450012 -0.08998499810695648 0.36928701400756836 2.905653953552246 -0.3799940049648285 0.24099299311637878 -0.8930429816246033 4.547591209411621 -0.008635000325739384 -0.966346025466919 -0.257099986076355 1.633957028388977 0.0 0.0 0.0 1.0
-0.9311190247535706 -0.08297800272703171 0.3551520109176636 2.9177908897399902 -0.3644939959049225 0.24574600160121918 -0.8981940150260925 4.554296970367432 -0.012746999971568584 -0.9657760262489319 -0.2590630054473877 1.6360700130462646 0.0 0.0 0.0 1.0
-0.934831976890564 -0.07159599661827087 0.3477979898452759 2.90989089012146 -0.3543500006198883 0.251350998878479 -0.9006990194320679 4.551435947418213 -0.022933000698685646 -0.9652450084686279 -0.26034098863601685 1.6408129930496216 0.0 0.0 0.0 1.0
-0.9404460191726685 -0.06264299899339676 0.3341209888458252 2.9200329780578613 -0.33875998854637146 0.25459998846054077 -0.905771017074585 4.559638023376465 -0.02832699939608574 -0.9650160074234009 -0.26065799593925476 1.64506196975708 0.0 0.0 0.0 1.0
-0.9453060030937195 -0.053164999932050705 0.32182401418685913 2.922111988067627 -0.3244140148162842 0.2559239864349365 -0.9106360077857971 4.567592144012451 -0.033948998898267746 -0.9652339816093445 -0.2591730058193207 1.648805022239685 0.0 0.0 0.0 1.0
-0.9506850242614746 -0.04293600097298622 0.3071709871292114 2.934638023376465 -0.3076710104942322 0.25569599866867065 -0.9164919853210449 4.577119827270508 -0.03919199854135513 -0.9658030271530151 -0.2562969923019409 1.6467039585113525 0.0 0.0 0.0 1.0
-0.9537590146064758 -0.035764001309871674 0.29843801259994507 2.9310340881347656 -0.2973859906196594 0.25648701190948486 -0.9196609854698181 4.583008766174316 -0.04365500062704086 -0.9658859968185425 -0.25526300072669983 1.6439180374145508 0.0 0.0 0.0 1.0
-0.9568179845809937 -0.030195999890565872 0.28911399841308594 2.9325010776519775 -0.28685900568962097 0.25895199179649353 -0.9223099946975708 4.583614826202393 -0.04701700061559677 -0.9654179811477661 -0.2564319968223572 1.6503770351409912 0.0 0.0 0.0 1.0
-0.9602779746055603 -0.026491999626159668 0.2777850031852722 2.938131093978882 -0.2752299904823303 0.2539820075035095 -0.9272230267524719 4.592342853546143 -0.04598800092935562 -0.9668459892272949 -0.25118398666381836 1.6479179859161377 0.0 0.0 0.0 1.0
-0.9644110202789307 -0.023392999544739723 0.263372004032135 2.9501569271087646 -0.2606709897518158 0.25101399421691895 -0.9322249889373779 4.6042609214782715 -0.04430299997329712 -0.9677010178565979 -0.24817900359630585 1.6405329704284668 0.0 0.0 0.0 1.0
-0.9664419889450073 -0.021333999931812286 0.25599798560142517 2.936682939529419 -0.2529659867286682 0.25244399905204773 -0.9339600205421448 4.605447769165039 -0.04470000043511391 -0.9673770070075989 -0.24936899542808533 1.6320500373840332 0.0 0.0 0.0 1.0
-0.970408022403717 -0.020887000486254692 0.24056799709796906 2.948270082473755 -0.23770399391651154 0.2579750120639801 -0.9364539980888367 4.6140217781066895 -0.042500998824834824 -0.9659259915351868 -0.2553060054779053 1.6331490278244019 0.0 0.0 0.0 1.0
-0.975163996219635 -0.020695999264717102 0.22051499783992767 2.9742839336395264 -0.21810099482536316 0.26309001445770264 -0.939795970916748 4.628748893737793 -0.03856600075960159 -0.9645500183105469 -0.26107001304626465 1.6379549503326416 0.0 0.0 0.0 1.0
-0.9773939847946167 -0.019032999873161316 0.21057100594043732 2.9690399169921875 -0.2079470008611679 0.26654699444770813 -0.9411219954490662 4.635909080505371 -0.03821500018239021 -0.9636340141296387 -0.26447901129722595 1.6366419792175293 0.0 0.0 0.0 1.0
-0.9795029759407043 -0.017278000712394714 0.2006870061159134 2.9675960540771484 -0.19784200191497803 0.2697089910507202 -0.9423990249633789 4.644763946533203 -0.03784399852156639 -0.9627869725227356 -0.2675989866256714 1.6313179731369019 0.0 0.0 0.0 1.0
-0.9815070033073425 -0.017885999754071236 0.19058899581432343 2.967607021331787 -0.18811799585819244 0.2744179964065552 -0.9430299997329712 4.650166034698486 -0.03543400019407272 -0.9614440202713013 -0.272707998752594 1.6323230266571045 0.0 0.0 0.0 1.0
-0.9830549955368042 -0.01890300028026104 0.18233700096607208 2.96549391746521 -0.18033500015735626 0.2783139944076538 -0.9434090256690979 4.6529340744018555 -0.03291400149464607 -0.9603040218353271 -0.27700701355934143 1.6318620443344116 0.0 0.0 0.0 1.0
-0.9845290184020996 -0.01874700002372265 0.17421400547027588 2.9611918926239014 -0.17236000299453735 0.2825070023536682 -0.9436529874801636 4.656015872955322 -0.031525999307632446 -0.9590820074081421 -0.2813679873943329 1.632114052772522 0.0 0.0 0.0 1.0
-0.9859060049057007 -0.01858999952673912 0.1662610024213791 2.9556779861450195 -0.1646299958229065 0.2845590114593506 -0.9444169998168945 4.659923076629639 -0.029753999784588814 -0.9584789872169495 -0.283609002828598 1.6308989524841309 0.0 0.0 0.0 1.0
-0.9875450134277344 -0.018797999247908592 0.15620699524879456 2.9560630321502686 -0.15501700341701508 0.28600698709487915 -0.945605993270874 4.665472984313965 -0.0269009992480278 -0.9580429792404175 -0.2853589951992035 1.6329519748687744 0.0 0.0 0.0 1.0
-0.9888889789581299 -0.01717500016093254 0.14766299724578857 2.9527080059051514 -0.1463650017976761 0.28628599643707275 -0.9468989968299866 4.672082901000977 -0.026010999456048012 -0.9579899907112122 -0.28561899065971375 1.6333340406417847 0.0 0.0 0.0 1.0
-0.990077018737793 -0.015503999777138233 0.13966800272464752 2.949470043182373 -0.13824999332427979 0.2856299877166748 -0.9483159780502319 4.680747032165527 -0.02519099973142147 -0.9582149982452393 -0.2849389910697937 1.6325260400772095 0.0 0.0 0.0 1.0
-0.992106020450592 -0.014907999895513058 0.12450999766588211 2.9683070182800293 -0.1235940009355545 0.28415799140930176 -0.9507780075073242 4.6935648918151855 -0.021206000819802284 -0.9586619734764099 -0.2837580144405365 1.6348539590835571 0.0 0.0 0.0 1.0
-0.9929140210151672 -0.014337999746203423 0.1179639995098114 2.9612460136413574 -0.11713899672031403 0.28507301211357117 -0.951321005821228 4.700564861297607 -0.01998800039291382 -0.9583989977836609 -0.28473201394081116 1.6372100114822388 0.0 0.0 0.0 1.0
-0.9937940239906311 -0.013585000298917294 0.11040599644184113 2.95711088180542 -0.10966499894857407 0.2860339879989624 -0.9519230127334595 4.70435094833374 -0.018648000434041023 -0.9581230282783508 -0.28574898838996887 1.6363389492034912 0.0 0.0 0.0 1.0
-0.9945369958877563 -0.013956000097095966 0.10344400256872177 2.949183940887451 -0.10309299826622009 0.2865409851074219 -0.9525049924850464 4.7099289894104 -0.01634800061583519 -0.9579660296440125 -0.2864150106906891 1.6325199604034424 0.0 0.0 0.0 1.0
-0.9953939914703369 -0.014588000252842903 0.0947519987821579 2.9461100101470947 -0.09490600228309631 0.28966501355171204 -0.9524109959602356 4.716493129730225 -0.013551999814808369 -0.9570170044898987 -0.2897160053253174 1.634274959564209 0.0 0.0 0.0 1.0
-0.9961060285568237 -0.012994999997317791 0.08719699829816818 2.9407379627227783 -0.08716899901628494 0.29305899143218994 -0.9521120190620422 4.720591068267822 -0.013181000016629696 -0.9560059905052185 -0.29305100440979004 1.6394660472869873 0.0 0.0 0.0 1.0
-0.9966840147972107 -0.013256000354886055 0.08027999848127365 2.9364640712738037 -0.08064199984073639 0.2923389971256256 -0.9529079794883728 4.727320194244385 -0.010838000103831291 -0.9562230110168457 -0.2924390137195587 1.6410579681396484 0.0 0.0 0.0 1.0
-0.997111976146698 -0.011358999647200108 0.07508300244808197 2.925964117050171 -0.07513199746608734 0.29120001196861267 -0.9537069797515869 4.735824108123779 -0.011030999943614006 -0.9565950036048889 -0.2912119925022125 1.6421719789505005 0.0 0.0 0.0 1.0
-0.9975849986076355 -0.008956000208854675 0.06887099891901016 2.920142889022827 -0.06851500272750854 0.28909599781036377 -0.9548450112342834 4.743645191192627 -0.011358000338077545 -0.9572579860687256 -0.28901201486587524 1.6413630247116089 0.0 0.0 0.0 1.0
-0.9980180263519287 -0.0067969998344779015 0.06256099790334702 2.9186580181121826 -0.0618630014359951 0.2882159948348999 -0.9555649757385254 4.750150203704834 -0.011536999605596066 -0.9575409889221191 -0.28806599974632263 1.6440659761428833 0.0 0.0 0.0 1.0
-0.9982020258903503 -0.0045289997942745686 0.059773001819849014 2.909043073654175 -0.05858200043439865 0.2850860059261322 -0.9567099809646606 4.764791011810303 -0.012707999907433987 -0.9584910273551941 -0.284839004278183 1.6404629945755005 0.0 0.0 0.0 1.0
-0.9984269738197327 -0.0037360000424087048 0.05594699829816818 2.907327890396118 -0.05471299961209297 0.2832210063934326 -0.957493007183075 4.772928237915039 -0.012268999591469765 -0.9590479731559753 -0.2829799950122833 1.632593035697937 0.0 0.0 0.0 1.0
-0.9985120296478271 -0.004104000050574541 0.054388001561164856 2.8961000442504883 -0.053279001265764236 0.2867890000343323 -0.9565110206604004 4.785711765289307 -0.011672000400722027 -0.957984983921051 -0.28658100962638855 1.6287930011749268 0.0 0.0 0.0 1.0
-0.9986559748649597 -0.005973000079393387 0.05147799849510193 2.890052080154419 -0.05097600072622299 0.29213398694992065 -0.9550179839134216 4.7950968742370605 -0.009333999827504158 -0.9563590288162231 -0.2920460104942322 1.628937005996704 0.0 0.0 0.0 1.0
-0.9987750053405762 -0.008353999815881252 0.048785001039505005 2.885551929473877 -0.04907099902629852 0.29593199491500854 -0.9539480209350586 4.80778694152832 -0.006467999890446663 -0.9551730155944824 -0.29597899317741394 1.623721957206726 0.0 0.0 0.0 1.0
-0.9988420009613037 -0.01120499987155199 0.046796999871730804 2.8746819496154785 -0.04799399897456169 0.30228400230407715 -0.9520090222358704 4.821181774139404 -0.003478999948129058 -0.9531520009040833 -0.30247101187705994 1.6174949407577515 0.0 0.0 0.0 1.0
-0.9990400075912476 -0.012872000224888325 0.04187599942088127 2.8697869777679443 -0.04380200058221817 0.31213900446891785 -0.9490259885787964 4.825058937072754 -0.0008549999911338091 -0.9499490261077881 -0.31240299344062805 1.6244349479675293 0.0 0.0 0.0 1.0
-0.9991250038146973 -0.01319000031799078 0.039691001176834106 2.8605339527130127 -0.04182500019669533 0.3142409920692444 -0.9484220147132874 4.834946155548096 3.7000001611886546e-05 -0.9492520093917847 -0.31451699137687683 1.6243430376052856 0.0 0.0 0.0 1.0
-0.999288022518158 -0.01002699974924326 0.03638099879026413 2.854235887527466 -0.037687998265028 0.3143390119075775 -0.9485629796981812 4.847977161407471 -0.0019249999895691872 -0.949258029460907 -0.31449300050735474 1.6191990375518799 0.0 0.0 0.0 1.0
-0.999422013759613 -0.00850600004196167 0.03291799873113632 2.8513131141662598 -0.033914998173713684 0.31756898760795593 -0.9476289749145508 4.861550807952881 -0.0023930000606924295 -0.9481970071792603 -0.31767401099205017 1.6126400232315063 0.0 0.0 0.0 1.0
-0.9994670152664185 -0.009600999765098095 0.031215999275445938 2.843579053878784 -0.032641999423503876 0.32482200860977173 -0.9452120065689087 4.8700079917907715 -0.0010649999603629112 -0.9457269906997681 -0.32496199011802673 1.614974021911621 0.0 0.0 0.0 1.0
-0.9995830059051514 -0.00931399967521429 0.02734600007534027 2.844775915145874 -0.028888000175356865 0.3306190073490143 -0.9433220028877258 4.883559226989746 -0.00025499999173916876 -0.9437180161476135 -0.3307510018348694 1.609192967414856 0.0 0.0 0.0 1.0
-0.9996359944343567 -0.008112999610602856 0.025736000388860703 2.8387720584869385 -0.026962000876665115 0.33917298913002014 -0.9403380155563354 4.893816947937012 -0.0010999999940395355 -0.9406890273094177 -0.3392679989337921 1.6089600324630737 0.0 0.0 0.0 1.0
-0.9996860027313232 -0.0057230000384151936 0.024385999888181686 2.834886074066162 -0.02486100047826767 0.34564098715782166 -0.9380379915237427 4.902525901794434 -0.003060000017285347 -0.9383500218391418 -0.345674991607666 1.6075509786605835 0.0 0.0 0.0 1.0
-0.9997119903564453 -0.0021559998858720064 0.02392599917948246 2.832139015197754 -0.023166999220848083 0.35008400678634644 -0.9364320039749146 4.912402153015137 -0.006357000209391117 -0.9367160201072693 -0.3500329852104187 1.6050879955291748 0.0 0.0 0.0 1.0
-0.999737024307251 -0.0003020000003743917 0.022954000160098076 2.8317298889160156 -0.02157299965620041 0.35415399074554443 -0.9349380135536194 4.921559810638428 -0.007846999913454056 -0.9351869821548462 -0.35406801104545593 1.6038579940795898 0.0 0.0 0.0 1.0
-0.9997249841690063 0.0029770000837743282 0.023274999111890793 2.828084945678711 -0.020659999921917915 0.358599990606308 -0.9332630038261414 4.932094097137451 -0.011125000193715096 -0.9334869980812073 -0.35844001173973083 1.6004689931869507 0.0 0.0 0.0 1.0
-0.999705970287323 0.003938999958336353 0.023948000743985176 2.825026035308838 -0.02087399922311306 0.3638080060482025 -0.9312400221824646 4.93989896774292 -0.012380000203847885 -0.9314659833908081 -0.36361798644065857 1.5968250036239624 0.0 0.0 0.0 1.0
-0.9997100234031677 0.00469199987128377 0.02362300083041191 2.828950881958008 -0.020198000594973564 0.37094101309776306 -0.9284369945526123 4.945496082305908 -0.013117999769747257 -0.9286450147628784 -0.37073901295661926 1.592831015586853 0.0 0.0 0.0 1.0
-0.999692976474762 0.0039969999343156815 0.024467000737786293 2.827455997467041 -0.021112000569701195 0.3800869882106781 -0.9247099757194519 4.954216003417969 -0.012994999997317791 -0.9249420166015625 -0.3798860013484955 1.5916550159454346 0.0 0.0 0.0 1.0
-0.999629020690918 0.00304200011305511 0.02707899920642376 2.818403959274292 -0.023754000663757324 0.38964900374412537 -0.9206569790840149 4.9600629806518555 -0.013352000154554844 -0.9209579825401306 -0.38943299651145935 1.5951839685440063 0.0 0.0 0.0 1.0
-0.9996079802513123 0.0037360000424087048 0.027758000418543816 2.815713882446289 -0.024018999189138412 0.3954260051250458 -0.9181839823722839 4.967339038848877 -0.014406999573111534 -0.9184899926185608 -0.3951820135116577 1.594810962677002 0.0 0.0 0.0 1.0
-0.9996280074119568 0.0056050000712275505 0.026683999225497246 2.8168230056762695 -0.022234000265598297 0.3989669978618622 -0.9166960120201111 4.9747419357299805 -0.015783999115228653 -0.9169480204582214 -0.3986940085887909 1.5936789512634277 0.0 0.0 0.0 1.0
-0.9996910095214844 0.006624000146985054 0.02397800050675869 2.8192059993743896 -0.019300000742077827 0.4016590118408203 -0.915585994720459 4.983675956726074 -0.01569500006735325 -0.9157660007476807 -0.40140700340270996 1.5912209749221802 0.0 0.0 0.0 1.0
-0.9997000098228455 0.008572000078856945 0.02296599932014942 2.815790891647339 -0.01751900091767311 0.40549200773239136 -0.9139310121536255 4.991973876953125 -0.0171470008790493 -0.9140580296516418 -0.40522000193595886 1.5884720087051392 0.0 0.0 0.0 1.0
-0.9997609853744507 0.009116999804973602 0.01988700032234192 2.8194220066070557 -0.014414000324904919 0.4093509912490845 -0.9122629761695862 4.99832010269165 -0.016457999125123024 -0.9123309850692749 -0.4091219902038574 1.5870709419250488 0.0 0.0 0.0 1.0
-0.999796986579895 0.009723000228404999 0.01767599955201149 2.821593999862671 -0.012085000053048134 0.4129450023174286 -0.9106760025024414 5.005646228790283 -0.016154000535607338 -0.9107040166854858 -0.4127439856529236 1.5842649936676025 0.0 0.0 0.0 1.0
-0.9998639822006226 0.009331000037491322 0.013633999973535538 2.8275809288024902 -0.008500000461935997 0.4170910120010376 -0.9088249802589417 5.011606216430664 -0.014166999608278275 -0.9088169932365417 -0.41695401072502136 1.5815750360488892 0.0 0.0 0.0 1.0
-0.9998990297317505 0.008589000441133976 0.011371999979019165 2.828463077545166 -0.006697999779134989 0.42113399505615234 -0.9069740176200867 5.021341800689697 -0.012578999623656273 -0.9069579839706421 -0.4210340082645416 1.5791200399398804 0.0 0.0 0.0 1.0
-0.9999510049819946 0.007674000225961208 0.006221999879926443 2.8376920223236084 -0.0023620000574737787 0.42587199807167053 -0.9047809839248657 5.029804229736328 -0.009592999704182148 -0.9047510027885437 -0.42583298683166504 1.5790059566497803 0.0 0.0 0.0 1.0
-0.9999740123748779 0.006651000119745731 0.002997000003233552 2.8451719284057617 0.0001449999981559813 0.4288400113582611 -0.9033809900283813 5.037690162658691 -0.0072929998859763145 -0.9033560156822205 -0.42882901430130005 1.578713059425354 0.0 0.0 0.0 1.0
-0.9999740123748779 0.00711299991235137 0.0012339999666437507 2.851625919342041 0.0019460000330582261 0.43020299077033997 -0.9027299880981445 5.048669815063477 -0.0069519998505711555 -0.9027050137519836 -0.43020498752593994 1.5767240524291992 0.0 0.0 0.0 1.0
-0.9999769926071167 0.0066280001774430275 -0.001554999966174364 2.8617091178894043 0.004265999887138605 0.43207699060440063 -0.9018269777297974 5.057203769683838 -0.005305000115185976 -0.9018120169639587 -0.432096004486084 1.575253963470459 0.0 0.0 0.0 1.0
-0.9999650120735168 0.00790099985897541 -0.002759000053629279 2.8696060180664062 0.005923999939113855 0.435371994972229 -0.9002320170402527 5.064518928527832 -0.005911000072956085 -0.9002159833908081 -0.4354029893875122 1.5731849670410156 0.0 0.0 0.0 1.0
-0.9999549984931946 0.008561999537050724 -0.00405400013551116 2.877758026123047 0.007393000181764364 0.4378640055656433 -0.8990110158920288 5.074512958526611 -0.005921999923884869 -0.8990010023117065 -0.43790799379348755 1.5723880529403687 0.0 0.0 0.0 1.0
-0.9999269843101501 0.01063000038266182 -0.005700999870896339 2.8856959342956543 0.009794999845325947 0.43974098563194275 -0.8980709910392761 5.083217144012451 -0.007038999814540148 -0.898061990737915 -0.4398129880428314 1.5711580514907837 0.0 0.0 0.0 1.0
-0.9998700022697449 0.013787000440061092 -0.008317000232636929 2.893449068069458 0.013546000234782696 0.4410719871520996 -0.8973699808120728 5.094659805297852 -0.008704000152647495 -0.8973659873008728 -0.4412020146846771 1.5691790580749512 0.0 0.0 0.0 1.0
-0.9997979998588562 0.01524099987000227 -0.013106999918818474 2.904110908508301 0.01850299909710884 0.44290000200271606 -0.8963810205459595 5.105173110961914 -0.007857000455260277 -0.8964419960975647 -0.4430919885635376 1.569870948791504 0.0 0.0 0.0 1.0
-0.9996749758720398 0.018478000536561012 -0.017597999423742294 2.913444995880127 0.023972999304533005 0.44383400678634644 -0.8957890272140503 5.1154608726501465 -0.008741999976336956 -0.8959190249443054 -0.4441330134868622 1.5679899454116821 0.0 0.0 0.0 1.0
-0.9994850158691406 0.02320300042629242 -0.022189000621438026 2.923651933670044 0.03020000085234642 0.44494199752807617 -0.8950510025024414 5.127679824829102 -0.010894999839365482 -0.8952590227127075 -0.4454129934310913 1.5629910230636597 0.0 0.0 0.0 1.0
-0.9992160201072693 0.02976899966597557 -0.026108000427484512 2.935858964920044 0.03670400008559227 0.4490410089492798 -0.892756998538971 5.140007019042969 -0.014852999709546566 -0.8930150270462036 -0.44978201389312744 1.5581940412521362 0.0 0.0 0.0 1.0
-0.9990159869194031 0.03517000004649162 -0.027031000703573227 2.9448649883270264 0.04012199863791466 0.4565959870815277 -0.8887689709663391 5.151523113250732 -0.018915999680757523 -0.8889790177345276 -0.4575580060482025 1.5579839944839478 0.0 0.0 0.0 1.0
-0.9987319707870483 0.04083799943327904 -0.029440000653266907 2.955212116241455 0.045037999749183655 0.4634470045566559 -0.8849800229072571 5.158451080322266 -0.02249700017273426 -0.8851829767227173 -0.46469900012016296 1.5616780519485474 0.0 0.0 0.0 1.0
-0.998403012752533 0.046174000948667526 -0.032561998814344406 2.9621260166168213 0.050296999514102936 0.46378400921821594 -0.8845199942588806 5.169905185699463 -0.0257399994879961 -0.8847450017929077 -0.4653649926185608 1.5608359575271606 0.0 0.0 0.0 1.0
-0.9980059862136841 0.050641000270843506 -0.037689998745918274 2.970093011856079 0.05693700164556503 0.46427100896835327 -0.8838610053062439 5.17808723449707 -0.027261000126600266 -0.8842440247535706 -0.46622800827026367 1.5601450204849243 0.0 0.0 0.0 1.0
-0.9975870251655579 0.0539809986948967 -0.043671999126672745 2.9794299602508545 0.0638279989361763 0.4653039872646332 -0.882847011089325 5.190698146820068 -0.02733599953353405 -0.8835039734840393 -0.46762600541114807 1.55997896194458 0.0 0.0 0.0 1.0
-0.9971219897270203 0.05635000020265579 -0.05071999877691269 2.9911060333251953 0.07119999825954437 0.466170996427536 -0.8818249702453613 5.2006330490112305 -0.026047000661492348 -0.8828989863395691 -0.46884098649024963 1.5606509447097778 0.0 0.0 0.0 1.0
-0.996740996837616 0.05832299962639809 -0.0557360015809536 2.999983072280884 0.0766109973192215 0.46787500381469727 -0.8804680109024048 5.209165096282959 -0.025273999199271202 -0.8818680047988892 -0.47081801295280457 1.5637890100479126 0.0 0.0 0.0 1.0
-0.996425986289978 0.05819299817085266 -0.06122799962759018 3.009207010269165 0.08135200291872025 0.46595099568367004 -0.8810629844665527 5.2201151847839355 -0.022741999477148056 -0.8828949928283691 -0.46901899576187134 1.5658340454101562 0.0 0.0 0.0 1.0
-0.9962679743766785 0.05762699991464615 -0.06426399946212769 3.016416072845459 0.08372099697589874 0.46388500928878784 -0.8819310069084167 5.2305498123168945 -0.021012000739574432 -0.8840190172195435 -0.4669780135154724 1.5680700540542603 0.0 0.0 0.0 1.0
-0.9961749911308289 0.053631000220775604 -0.06899400055408478 3.0329248905181885 0.08596300333738327 0.45945701003074646 -0.8840299844741821 5.2420830726623535 -0.01571200042963028 -0.8865799903869629 -0.46230998635292053 1.5659079551696777 0.0 0.0 0.0 1.0
-0.9964990019798279 0.04789099842309952 -0.06853099912405014 3.038968086242676 0.08286900073289871 0.4571880102157593 -0.8855010271072388 5.254030227661133 -0.011075999587774277 -0.8880800008773804 -0.4595560133457184 1.5653369426727295 0.0 0.0 0.0 1.0
-0.9967160224914551 0.040605999529361725 -0.07005699723958969 3.0455729961395264 0.08087500184774399 0.4563319981098175 -0.8861269950866699 5.265878200531006 -0.004013000056147575 -0.8888829946517944 -0.4581179916858673 1.5657089948654175 0.0 0.0 0.0 1.0
-0.9967880249023438 0.03412099927663803 -0.07245899736881256 3.0547280311584473 0.08004099875688553 0.4562309980392456 -0.8862550258636475 5.273665904998779 0.0028180000372231007 -0.8892070055007935 -0.4574959874153137 1.5670429468154907 0.0 0.0 0.0 1.0
-0.9970700144767761 0.028555000200867653 -0.07096300274133682 3.063754081726074 0.07616899907588959 0.4558579921722412 -0.8867869973182678 5.280224800109863 0.007027000188827515 -0.8895940184593201 -0.4566980004310608 1.5700700283050537 0.0 0.0 0.0 1.0
-0.9976670145988464 0.02112399972975254 -0.06492000073194504 3.0735580921173096 0.06743200123310089 0.4534429907798767 -0.8887310028076172 5.288185119628906 0.010664000175893307 -0.8910350203514099 -0.4538100063800812 1.574666976928711 0.0 0.0 0.0 1.0
-0.9982330203056335 0.015944000333547592 -0.0572500005364418 3.0838589668273926 0.058336999267339706 0.44669899344444275 -0.8927800059318542 5.301354885101318 0.011339000426232815 -0.8945419788360596 -0.44683998823165894 1.5769200325012207 0.0 0.0 0.0 1.0
-0.9988669753074646 0.011938000097870827 -0.046059999614953995 3.0870249271392822 0.046615999191999435 0.43962201476097107 -0.8969730138778687 5.309913158416748 0.009541000239551067 -0.8981040120124817 -0.4396800100803375 1.5745660066604614 0.0 0.0 0.0 1.0
-0.9992849826812744 0.009095000103116035 -0.0366940014064312 3.0936059951782227 0.03697599843144417 0.43721601366996765 -0.8985959887504578 5.321200847625732 0.00786999985575676 -0.8993110060691833 -0.43724000453948975 1.5743769407272339 0.0 0.0 0.0 1.0
-0.9996410012245178 0.004827000200748444 -0.026362000033259392 3.0975589752197266 0.02583100087940693 0.4356769919395447 -0.8997319936752319 5.329386234283447 0.007143000140786171 -0.9000899791717529 -0.4356459975242615 1.572383999824524 0.0 0.0 0.0 1.0
-0.9998720288276672 0.0010789999505504966 -0.015946999192237854 3.100003957748413 0.014817999675869942 0.4366160035133362 -0.8995260000228882 5.343695163726807 0.005991999991238117 -0.8996480107307434 -0.4365760087966919 1.5704649686813354 0.0 0.0 0.0 1.0
-0.9999750256538391 -0.003364000003784895 -0.006171000190079212 3.102353096008301 0.00406000018119812 0.44024598598480225 -0.8978679776191711 5.350812911987305 0.005737000145018101 -0.8978710174560547 -0.44022101163864136 1.5696090459823608 0.0 0.0 0.0 1.0
-0.9999449849128723 -0.010153000243008137 0.0024500000290572643 3.1057839393615723 -0.0067010000348091125 0.44361400604248047 -0.8961930274963379 5.358169078826904 0.008011999540030956 -0.8961610198020935 -0.4436579942703247 1.5716910362243652 0.0 0.0 0.0 1.0
-0.9998350143432617 -0.01457700040191412 0.010861000046133995 3.112581968307495 -0.01619799993932247 0.4432719945907593 -0.8962410092353821 5.369163990020752 0.008249999955296516 -0.8962690234184265 -0.44343501329421997 1.5734150409698486 0.0 0.0 0.0 1.0
-0.9995729923248291 -0.018995000049471855 0.022203000262379646 3.118072032928467 -0.0282990001142025 0.44018301367759705 -0.897462010383606 5.380537986755371 0.007273999974131584 -0.8977069854736328 -0.44053301215171814 1.5741020441055298 0.0 0.0 0.0 1.0
-0.9990630149841309 -0.024202000349760056 0.03588100150227547 3.1235289573669434 -0.042844001203775406 0.4356369972229004 -0.899101972579956 5.394988059997559 0.006128999870270491 -0.8997970223426819 -0.4362660050392151 1.5712989568710327 0.0 0.0 0.0 1.0
-0.9982209801673889 -0.02954299934208393 0.05178600177168846 3.128880023956299 -0.05948200076818466 0.43429699540138245 -0.8988029956817627 5.408092021942139 0.004062999971210957 -0.900285005569458 -0.43528199195861816 1.565412998199463 0.0 0.0 0.0 1.0
-0.9969369769096375 -0.035735998302698135 0.06957399845123291 3.1317529678344727 -0.07820399850606918 0.44019100069999695 -0.894491970539093 5.41621208190918 0.0013389999512583017 -0.8971930146217346 -0.4416370093822479 1.5653899908065796 0.0 0.0 0.0 1.0
-0.9953209757804871 -0.043793998658657074 0.08612500131130219 3.1356360912323 -0.09661400318145752 0.4415149986743927 -0.8920369744300842 5.425437927246094 0.001041000010445714 -0.8961849808692932 -0.4436799883842468 1.569064974784851 0.0 0.0 0.0 1.0
-0.9936320185661316 -0.05130400136113167 0.10031300038099289 3.144603967666626 -0.11265300214290619 0.43589600920677185 -0.8929190039634705 5.439486980438232 0.0020840000361204147 -0.8985339999198914 -0.4388999938964844 1.5627779960632324 0.0 0.0 0.0 1.0
-0.9914399981498718 -0.0584460012614727 0.11675000190734863 3.1433329582214355 -0.1305609941482544 0.43991899490356445 -0.8884959816932678 5.457385063171387 0.00056900002527982 -0.8961340188980103 -0.44378501176834106 1.5534440279006958 0.0 0.0 0.0 1.0
-0.989188015460968 -0.06873299926519394 0.1295499950647354 3.151029109954834 -0.14664900302886963 0.4559270143508911 -0.8778520226478577 5.465253829956055 0.001272000023163855 -0.8873590230941772 -0.4610779881477356 1.5591280460357666 0.0 0.0 0.0 1.0
-0.9870390295982361 -0.07635799795389175 0.14115500450134277 3.158560037612915 -0.16047599911689758 0.46080198884010315 -0.8728740215301514 5.469567775726318 0.0016070000128820539 -0.8842120170593262 -0.46708300709724426 1.5663930177688599 0.0 0.0 0.0 1.0
-0.9849969744682312 -0.08071400225162506 0.15253199636936188 3.1663639545440674 -0.17256799340248108 0.4555380046367645 -0.8733299970626831 5.481112003326416 0.0010059999767690897 -0.8865500092506409 -0.4626320004463196 1.567052960395813 0.0 0.0 0.0 1.0
-0.9827089905738831 -0.08201800286769867 0.16599999368190765 3.175100088119507 -0.18512900173664093 0.45090800523757935 -0.8731610178947449 5.494970798492432 -0.003235999960452318 -0.8887940049171448 -0.45829498767852783 1.5631879568099976 0.0 0.0 0.0 1.0
-0.9795640110969543 -0.08648700267076492 0.18158799409866333 3.178618907928467 -0.20103000104427338 0.44981300830841064 -0.870203971862793 5.506164073944092 -0.006419000215828419 -0.8889250159263611 -0.45800700783729553 1.560096025466919 0.0 0.0 0.0 1.0
-0.976610004901886 -0.09453500062227249 0.19312399625778198 3.188478946685791 -0.21495099365711212 0.4520530104637146 -0.8657050132751465 5.515639781951904 -0.005462999921292067 -0.8869680166244507 -0.4618000090122223 1.5582280158996582 0.0 0.0 0.0 1.0
-0.9733629822731018 -0.10454100370407104 0.20405100286006927 3.1957130432128906 -0.22925500571727753 0.4546560049057007 -0.8606569766998291 5.5225419998168945 -0.0027989998925477266 -0.8845109939575195 -0.466511994600296 1.5608530044555664 0.0 0.0 0.0 1.0
-0.9701830148696899 -0.11277999728918076 0.21453799307346344 3.2038159370422363 -0.24237599968910217 0.45207399129867554 -0.8584190011024475 5.529336929321289 -0.0001740000006975606 -0.8848220109939575 -0.4659290015697479 1.5621240139007568 0.0 0.0 0.0 1.0
-0.9669950008392334 -0.1197270005941391 0.22491499781608582 3.2128539085388184 -0.2547900080680847 0.44819799065589905 -0.8568549752235413 5.53881311416626 0.001782999956049025 -0.8858799934387207 -0.4639109969139099 1.56256902217865 0.0 0.0 0.0 1.0
-0.964896023273468 -0.1261100023984909 0.23037299513816833 3.236677885055542 -0.26257601380348206 0.4450809955596924 -0.856128990650177 5.5524702072143555 0.005431999918073416 -0.8865659832954407 -0.4625700116157532 1.5617790222167969 0.0 0.0 0.0 1.0
-0.9616289734840393 -0.130840003490448 0.2411459982395172 3.243856906890869 -0.27430400252342224 0.441538006067276 -0.8542850017547607 5.559445858001709 0.005299000069499016 -0.8876519799232483 -0.4604850113391876 1.5626460313796997 0.0 0.0 0.0 1.0
-0.958869993686676 -0.13492600619792938 0.24972599744796753 3.252131938934326 -0.2837829887866974 0.4372200071811676 -0.8534079790115356 5.568190097808838 0.005962000228464603 -0.8891760110855103 -0.4575270116329193 1.5645849704742432 0.0 0.0 0.0 1.0
-0.956853985786438 -0.13660399615764618 0.2564559876918793 3.2623839378356934 -0.29051199555397034 0.4322719871997833 -0.8536649942398071 5.574542999267578 0.005754999816417694 -0.8913360238075256 -0.45330700278282166 1.564978003501892 0.0 0.0 0.0 1.0
-0.9559940099716187 -0.1352909952402115 0.260329008102417 3.272757053375244 -0.2933579981327057 0.4286620020866394 -0.854511022567749 5.5839619636535645 0.004013999830931425 -0.8932780027389526 -0.4494880139827728 1.5642600059509277 0.0 0.0 0.0 1.0
-0.9553750157356262 -0.13642099499702454 0.26200899481773376 3.285372018814087 -0.2953450083732605 0.42458099126815796 -0.8558629751205444 5.594363212585449 0.005514000076800585 -0.8950530290603638 -0.4459249973297119 1.5628759860992432 0.0 0.0 0.0 1.0
-0.9553149938583374 -0.13534800708293915 0.26278001070022583 3.2990219593048096 -0.29555100202560425 0.42327800393104553 -0.8564370274543762 5.600835800170898 0.004687999840825796 -0.8958330154418945 -0.444366991519928 1.5619479417800903 0.0 0.0 0.0 1.0
-0.9558719992637634 -0.1344349980354309 0.26121801137924194 3.3171160221099854 -0.29373699426651 0.421875 -0.8577529788017273 5.610421180725098 0.005111000034958124 -0.8966320157051086 -0.4427480101585388 1.5584959983825684 0.0 0.0 0.0 1.0
-0.9543840289115906 -0.1334110051393509 0.26711899042129517 3.346381902694702 -0.29858100414276123 0.42455801367759705 -0.8547509908676147 5.626763820648193 0.0006259999936446548 -0.8955180048942566 -0.4450260102748871 1.553637981414795 0.0 0.0 0.0 1.0
-0.9527519941329956 -0.13719899952411652 0.2709980010986328 3.360846996307373 -0.3037489950656891 0.42923998832702637 -0.8505820035934448 5.630710124969482 0.0003760000108741224 -0.8927090167999268 -0.4506329894065857 1.553954005241394 0.0 0.0 0.0 1.0
-0.9520390033721924 -0.1448020040988922 0.26954400539398193 3.389694929122925 -0.3059220016002655 0.43369799852371216 -0.8475369811058044 5.6356401443481445 0.005824000108987093 -0.8893470168113708 -0.4571959972381592 1.5584540367126465 0.0 0.0 0.0 1.0
-0.9507750272750854 -0.1464260071516037 0.27310699224472046 3.4004950523376465 -0.3098379969596863 0.4339680075645447 -0.8459749817848206 5.6423540115356445 0.0053530000150203705 -0.888949990272522 -0.45797398686408997 1.5565919876098633 0.0 0.0 0.0 1.0
-0.9501230120658875 -0.14859600365161896 0.27420198917388916 3.4159560203552246 -0.3118259906768799 0.4366219937801361 -0.8438760042190552 5.647017955780029 0.005673999898135662 -0.887287974357605 -0.4611800014972687 1.5564090013504028 0.0 0.0 0.0 1.0
-0.9500300288200378 -0.1500220000743866 0.2737469971179962 3.4320569038391113 -0.31208598613739014 0.4373430013656616 -0.8434060215950012 5.652396202087402 0.006808000151067972 -0.886693000793457 -0.46230798959732056 1.5548069477081299 0.0 0.0 0.0 1.0
-0.9499830007553101 -0.1489650011062622 0.2744840085506439 3.4505980014801025 -0.31226199865341187 0.4391860067844391 -0.8423830270767212 5.658308982849121 0.004935999866575003 -0.8859599828720093 -0.46373501420021057 1.5530840158462524 0.0 0.0 0.0 1.0
-0.9494540095329285 -0.14879299700260162 0.27640300989151 3.4695661067962646 -0.3138990104198456 0.4436059892177582 -0.8394529819488525 5.662859916687012 0.0022909999825060368 -0.8837839961051941 -0.4678890109062195 1.5534729957580566 0.0 0.0 0.0 1.0
-0.9477400183677673 -0.15133200585842133 0.2808710038661957 3.486454963684082 -0.31904101371765137 0.44504499435424805 -0.8367490172386169 5.668785095214844 0.0016270000487565994 -0.8826289772987366 -0.4700680077075958 1.550570011138916 0.0 0.0 0.0 1.0
-0.9456790089607239 -0.15442000329494476 0.2860870063304901 3.5029220581054688 -0.32510098814964294 0.44772401452064514 -0.8329780101776123 5.672718048095703 0.000539999979082495 -0.8807370066642761 -0.4736059904098511 1.5499919652938843 0.0 0.0 0.0 1.0
-0.9429810047149658 -0.15779200196266174 0.29306700825691223 3.516732931137085 -0.33284398913383484 0.450298011302948 -0.8285210132598877 5.674680233001709 -0.0012339999666437507 -0.8788250088691711 -0.47714298963546753 1.5516599416732788 0.0 0.0 0.0 1.0
-0.940339982509613 -0.1620579957962036 0.29916200041770935 3.5334649085998535 -0.34023499488830566 0.45039600133895874 -0.8254600167274475 5.677497863769531 -0.0009689999860711396 -0.8779979944229126 -0.47866299748420715 1.5496150255203247 0.0 0.0 0.0 1.0
-0.9385370016098022 -0.16697999835014343 0.30210399627685547 3.562069892883301 -0.3451789915561676 0.4518060088157654 -0.8226320147514343 5.67907190322876 0.0008699999889358878 -0.8763499855995178 -0.48167499899864197 1.5464760065078735 0.0 0.0 0.0 1.0
-0.9354419708251953 -0.17134900391101837 0.3091740012168884 3.57669997215271 -0.3534809947013855 0.45319899916648865 -0.8183289766311646 5.680714130401611 0.00010199999815085903 -0.8747860193252563 -0.48451000452041626 1.5443309545516968 0.0 0.0 0.0 1.0
-0.9321100115776062 -0.17603300511837006 0.3165160119533539 3.5924980640411377 -0.3621729910373688 0.45500001311302185 -0.813513994216919 5.67916202545166 -0.0008089999901130795 -0.8729190230369568 -0.48786500096321106 1.5454399585723877 0.0 0.0 0.0 1.0
-0.92877197265625 -0.18020600080490112 0.32389700412750244 3.607553005218506 -0.3706510066986084 0.4543150067329407 -0.8100709915161133 5.679368019104004 -0.001171999960206449 -0.8724240064620972 -0.4887489974498749 1.5445799827575684 0.0 0.0 0.0 1.0
-0.9253749847412109 -0.1838800013065338 0.3314639925956726 3.6212708950042725 -0.3790470063686371 0.45334601402282715 -0.8067219853401184 5.677955150604248 -0.001927000004798174 -0.8721619844436646 -0.4892140030860901 1.5428040027618408 0.0 0.0 0.0 1.0
-0.9222040176391602 -0.1886730045080185 0.337552011013031 3.6344850063323975 -0.3867020010948181 0.4518809914588928 -0.8039060235023499 5.677761077880859 -0.0008580000139772892 -0.8718979954719543 -0.4896869957447052 1.5390410423278809 0.0 0.0 0.0 1.0
-0.9197490215301514 -0.19255900382995605 0.3420259952545166 3.648845911026001 -0.3925029933452606 0.4542370140552521 -0.7997559905052185 5.672831058502197 -0.001361000002361834 -0.8698220252990723 -0.49336498975753784 1.536741018295288 0.0 0.0 0.0 1.0
-0.9176899790763855 -0.19805499911308289 0.3444100022315979 3.662868022918701 -0.3972960114479065 0.45747101306915283 -0.7955350279808044 5.66513204574585 1.9999999949504854e-06 -0.8668879866600037 -0.49850401282310486 1.5365240573883057 0.0 0.0 0.0 1.0
-0.9168339967727661 -0.2015489935874939 0.3446640074253082 3.6775460243225098 -0.39926499128341675 0.45922398567199707 -0.7935370206832886 5.658318042755127 0.0016589999431744218 -0.8651540279388428 -0.5015040040016174 1.537714958190918 0.0 0.0 0.0 1.0
-0.9163529872894287 -0.20216600596904755 0.3455809950828552 3.692378044128418 -0.40036800503730774 0.459428995847702 -0.7928619980812073 5.650697231292725 0.0015200000489130616 -0.8649010062217712 -0.5019400119781494 1.5385650396347046 0.0 0.0 0.0 1.0
-0.9169849753379822 -0.19971400499343872 0.3453289866447449 3.7104029655456543 -0.39892101287841797 0.46028000116348267 -0.793097972869873 5.649822235107422 -0.0005549999768845737 -0.8650180101394653 -0.5017399787902832 1.538862943649292 0.0 0.0 0.0 1.0
-0.9161689877510071 -0.19704599678516388 0.34901100397109985 3.7233400344848633 -0.4007689952850342 0.4600679874420166 -0.7922890186309814 5.6391191482543945 -0.00445199990645051 -0.8657429814338684 -0.5004690289497375 1.5389900207519531 0.0 0.0 0.0 1.0
-0.9159929752349854 -0.1940149962902069 0.35116198658943176 3.7417080402374268 -0.40111300349235535 0.4605199992656708 -0.7918530106544495 5.632359981536865 -0.008085999637842178 -0.8661869764328003 -0.49965500831604004 1.53997004032135 0.0 0.0 0.0 1.0
-0.9152950048446655 -0.18913500010967255 0.3556180000305176 3.759021043777466 -0.4025390148162842 0.4604490101337433 -0.7911700010299683 5.622209072113037 -0.01410599984228611 -0.8673030138015747 -0.49757999181747437 1.5401450395584106 0.0 0.0 0.0 1.0
-0.9141920208930969 -0.18399399518966675 0.3611089885234833 3.777878999710083 -0.40476900339126587 0.45934998989105225 -0.7906709909439087 5.612599849700928 -0.020397000014781952 -0.8689900040626526 -0.4944089949131012 1.5398019552230835 0.0 0.0 0.0 1.0
-0.912755012512207 -0.17826899886131287 0.36755698919296265 3.78987193107605 -0.4075950086116791 0.4575299918651581 -0.7902740240097046 5.602130889892578 -0.02728700079023838 -0.8711410164833069 -0.49027499556541443 1.5392999649047852 0.0 0.0 0.0 1.0
-0.9128980040550232 -0.17491699755191803 0.3688110113143921 3.806879997253418 -0.40709400177001953 0.4562540054321289 -0.7912690043449402 5.587475776672363 -0.02986600063741207 -0.8724889755249023 -0.4877209961414337 1.5382200479507446 0.0 0.0 0.0 1.0
-0.913972020149231 -0.17287400364875793 0.367110013961792 3.823033094406128 -0.4046419858932495 0.4559139907360077 -0.7927209734916687 5.574056148529053 -0.030330000445246696 -0.8730729818344116 -0.48664501309394836 1.5377140045166016 0.0 0.0 0.0 1.0
-0.915099024772644 -0.17210200428962708 0.3646570146083832 3.8400890827178955 -0.4021500051021576 0.4556480050086975 -0.7941420078277588 5.55574893951416 -0.029481999576091766 -0.8733649849891663 -0.48617398738861084 1.5371249914169312 0.0 0.0 0.0 1.0
-0.9178029894828796 -0.17104999721050262 0.3583030104637146 3.8558480739593506 -0.39610299468040466 0.4563579857349396 -0.7967690229415894 5.545597076416016 -0.027226999402046204 -0.8732010126113892 -0.48660001158714294 1.533661961555481 0.0 0.0 0.0 1.0
-0.921405017375946 -0.16368800401687622 0.3524470031261444 3.8753139972686768 -0.38719698786735535 0.46379899978637695 -0.7968500256538391 5.530325889587402 -0.03302900120615959 -0.8706880211830139 -0.4907259941101074 1.53814697265625 0.0 0.0 0.0 1.0
-0.9238600134849548 -0.15140199661254883 0.35151201486587524 3.8979361057281494 -0.3801969885826111 0.4685719907283783 -0.7974280118942261 5.512293815612793 -0.04397699981927872 -0.8703550100326538 -0.4904569983482361 1.5438859462738037 0.0 0.0 0.0 1.0
-0.9249150156974792 -0.13378700613975525 0.35585498809814453 3.913872003555298 -0.37534400820732117 0.4700790047645569 -0.7988380193710327 5.4944329261779785 -0.060405001044273376 -0.8724259734153748 -0.48499900102615356 1.5531920194625854 0.0 0.0 0.0 1.0
-0.926114022731781 -0.11767300218343735 0.3584209978580475 3.93082594871521 -0.37046200037002563 0.46303701400756836 -0.8052049875259399 5.480642795562744 -0.07121100276708603 -0.8784930109977722 -0.47241899371147156 1.558506965637207 0.0 0.0 0.0 1.0
-0.9267979860305786 -0.1085290014743805 0.35953599214553833 3.9428439140319824 -0.368257999420166 0.45047399401664734 -0.8133019804954529 5.473559856414795 -0.07369499653577805 -0.8861690163612366 -0.4574649930000305 1.5540250539779663 0.0 0.0 0.0 1.0
-0.9283049702644348 -0.10495799779891968 0.35669898986816406 3.9590630531311035 -0.36480098962783813 0.44262200593948364 -0.8191499710083008 5.467113018035889 -0.07190600037574768 -0.8905450105667114 -0.44917699694633484 1.5512269735336304 0.0 0.0 0.0 1.0
-0.9300119876861572 -0.1071000024676323 0.3515770137310028 3.9783010482788086 -0.3615249991416931 0.4387800097465515 -0.8226619958877563 5.458883762359619 -0.0661579966545105 -0.8921899795532227 -0.44679000973701477 1.5532920360565186 0.0 0.0 0.0 1.0
-0.9312260150909424 -0.10698600113391876 0.3483850061893463 3.9931681156158447 -0.3590260148048401 0.4334999918937683 -0.8265460133552551 5.453618049621582 -0.06259600073099136 -0.8947809934616089 -0.442097008228302 1.556501030921936 0.0 0.0 0.0 1.0
-0.9322909712791443 -0.10825400054454803 0.34512901306152344 4.011360168457031 -0.35714399814605713 0.426611989736557 -0.8309329748153687 5.4502458572387695 -0.05728499963879585 -0.8979330062866211 -0.4363889992237091 1.5559040307998657 0.0 0.0 0.0 1.0
-0.9319589734077454 -0.1071930006146431 0.34635600447654724 4.024885177612305 -0.3579770028591156 0.4235369861125946 -0.8321470022201538 5.439149856567383 -0.05749399960041046 -0.8995140194892883 -0.43309199810028076 1.5605119466781616 0.0 0.0 0.0 1.0
-0.9311410188674927 -0.10618700087070465 0.34885600209236145 4.033876895904541 -0.35989901423454285 0.4216800034046173 -0.8322610259056091 5.423830032348633 -0.05873100087046623 -0.9005060195922852 -0.4308609962463379 1.5687860250473022 0.0 0.0 0.0 1.0
-0.9308720231056213 -0.10667599737644196 0.34942498803138733 4.047836780548096 -0.3610230088233948 0.41527798771858215 -0.8349890112876892 5.416934013366699 -0.05603500083088875 -0.9034180045127869 -0.4250830113887787 1.5692169666290283 0.0 0.0 0.0 1.0
-0.9311559796333313 -0.10946600139141083 0.3478020131587982 4.058916091918945 -0.36107999086380005 0.4094749987125397 -0.8378260135650635 5.410315036773682 -0.05070300027728081 -0.9057310223579407 -0.4208109974861145 1.5671550035476685 0.0 0.0 0.0 1.0
-0.9329559803009033 -0.11355900019407272 0.34161099791526794 4.074559211730957 -0.357448011636734 0.40482598543167114 -0.8416330218315125 5.4072418212890625 -0.04271800071001053 -0.9073150157928467 -0.41827699542045593 1.5646649599075317 0.0 0.0 0.0 1.0
-0.9353309869766235 -0.11752799898386002 0.33368200063705444 4.0916619300842285 -0.35199400782585144 0.40368199348449707 -0.8444769978523254 5.394264221191406 -0.03545200079679489 -0.9073200225830078 -0.4189450144767761 1.5708709955215454 0.0 0.0 0.0 1.0
-0.9387810230255127 -0.11778999865055084 0.3237519860267639 4.10845422744751 -0.34331101179122925 0.3983359932899475 -0.8505679965019226 5.391860008239746 -0.028774000704288483 -0.9096450209617615 -0.4143890142440796 1.573112964630127 0.0 0.0 0.0 1.0
-0.9423540234565735 -0.11558999866247177 0.31401801109313965 4.120275974273682 -0.3337459862232208 0.39231398701667786 -0.8571479916572571 5.387813091278076 -0.024114999920129776 -0.9125400185585022 -0.4082770049571991 1.5745389461517334 0.0 0.0 0.0 1.0
-0.9475690126419067 -0.11312499642372131 0.2988559901714325 4.141018867492676 -0.3190250098705292 0.38848400115966797 -0.8644670248031616 5.3799238204956055 -0.018308000639081 -0.914484977722168 -0.40420499444007874 1.57663094997406 0.0 0.0 0.0 1.0
-0.9528639912605286 -0.10670199990272522 0.2840160131454468 4.155228137969971 -0.30294299125671387 0.3858430087566376 -0.8714069724082947 5.371674060821533 -0.01660499908030033 -0.9163730144500732 -0.39998099207878113 1.581652045249939 0.0 0.0 0.0 1.0
-0.9579629898071289 -0.09885799884796143 0.2693229913711548 4.169612884521484 -0.28648900985717773 0.3794499933719635 -0.8797399997711182 5.369853973388672 -0.015225999988615513 -0.9199159741401672 -0.3918200135231018 1.582466959953308 0.0 0.0 0.0 1.0
-0.9629999995231628 -0.08718299865722656 0.2550100088119507 4.187607765197754 -0.26877400279045105 0.38015198707580566 -0.8850110173225403 5.3570427894592285 -0.019783999770879745 -0.9208059906959534 -0.38951998949050903 1.5935970544815063 0.0 0.0 0.0 1.0
-0.9673960208892822 -0.07440900057554245 0.24209199845790863 4.202948093414307 -0.25203201174736023 0.37717100977897644 -0.8911910057067871 5.351740837097168 -0.024997999891638756 -0.9231500029563904 -0.3836280107498169 1.598902940750122 0.0 0.0 0.0 1.0
-0.9712939858436584 -0.06198100000619888 0.22966699302196503 4.216676235198975 -0.23604300618171692 0.37099000811576843 -0.8981369733810425 5.356052875518799 -0.029536999762058258 -0.9265660047531128 -0.3749699890613556 1.5989739894866943 0.0 0.0 0.0 1.0
-0.97530597448349 -0.04824100062251091 0.21552400290966034 4.23353385925293 -0.21796199679374695 0.3677450120449066 -0.9040229916572571 5.356561183929443 -0.03564700111746788 -0.9286749958992004 -0.36917799711227417 1.5960710048675537 0.0 0.0 0.0 1.0
-0.9786120057106018 -0.03486799821257591 0.20274099707603455 4.246047019958496 -0.20103499293327332 0.3711639940738678 -0.9065449833869934 5.353515148162842 -0.04363999888300896 -0.9279130101203918 -0.37023499608039856 1.5914249420166016 0.0 0.0 0.0 1.0
-0.9816190004348755 -0.02168699912726879 0.18961800634860992 4.258433818817139 -0.18349500000476837 0.3804740011692047 -0.906404972076416 5.341885089874268 -0.05248799920082092 -0.9245380163192749 -0.37745898962020874 1.6068669557571411 0.0 0.0 0.0 1.0
-0.9851419925689697 -0.009732999838888645 0.17146800458431244 4.270741939544678 -0.16255499422550201 0.3750399947166443 -0.9126449823379517 5.337943077087402 -0.055424999445676804 -0.9269580245018005 -0.37105000019073486 1.6107079982757568 0.0 0.0 0.0 1.0
-0.9886159896850586 -0.00028199999360367656 0.15046100318431854 4.282523155212402 -0.13989299535751343 0.36988499760627747 -0.9184849858283997 5.3416008949279785 -0.0553940013051033 -0.9290779829025269 -0.36571401357650757 1.6044930219650269 0.0 0.0 0.0 1.0
-0.9917190074920654 0.008045000024139881 0.12817299365997314 4.293707847595215 -0.11597300320863724 0.37262600660324097 -0.9207069873809814 5.334540843963623 -0.055167000740766525 -0.9279469847679138 -0.3686070144176483 1.6068869829177856 0.0 0.0 0.0 1.0
-0.9941239953041077 0.017883000895380974 0.10676100105047226 4.30664587020874 -0.09244800359010696 0.3728170096874237 -0.9232890009880066 5.331610202789307 -0.056313998997211456 -0.9277330040931702 -0.3689729869365692 1.6106120347976685 0.0 0.0 0.0 1.0
-0.9957159757614136 0.025840999558568 0.08878300338983536 4.316465854644775 -0.07274399697780609 0.3738259971141815 -0.924642026424408 5.320103168487549 -0.05708400160074234 -0.9271389842033386 -0.37034401297569275 1.6149979829788208 0.0 0.0 0.0 1.0
-0.9968309998512268 0.036876000463962555 0.07048500329256058 4.325159072875977 -0.05174100026488304 0.37246400117874146 -0.9266030192375183 5.316127777099609 -0.060423001646995544 -0.9273139834403992 -0.369376003742218 1.6186009645462036 0.0 0.0 0.0 1.0
-0.9975690245628357 0.044902998954057693 0.05328499898314476 4.327951908111572 -0.03301699832081795 0.3688090145587921 -0.9289190173149109 5.317587852478027 -0.06136300042271614 -0.9284200072288513 -0.36643001437187195 1.615710973739624 0.0 0.0 0.0 1.0
-0.9980869889259338 0.05281500145792961 0.03213199973106384 4.33378791809082 -0.010511999949812889 0.36719200015068054 -0.9300860166549683 5.314957141876221 -0.06092099845409393 -0.9286450147628784 -0.36593401432037354 1.6153570413589478 0.0 0.0 0.0 1.0
-0.9983239769935608 0.057055000215768814 0.009655999951064587 4.3406219482421875 0.01194700039923191 0.36648499965667725 -0.9303470253944397 5.3087158203125 -0.056620001792907715 -0.9286730289459229 -0.36655300855636597 1.6170719861984253 0.0 0.0 0.0 1.0
-0.9978910088539124 0.0642319992184639 -0.009380999952554703 4.33861780166626 0.032276999205350876 0.36559098958969116 -0.9302160143852234 5.306850910186768 -0.05632000043988228 -0.9285569787025452 -0.3668929934501648 1.6210490465164185 0.0 0.0 0.0 1.0
-0.9972919821739197 0.06649599969387054 -0.03141200169920921 4.345676898956299 0.053442999720573425 0.3618769943714142 -0.9306929707527161 5.3038787841796875 -0.050519999116659164 -0.9298520088195801 -0.36445099115371704 1.6189730167388916 0.0 0.0 0.0 1.0
-0.9963930249214172 0.0692560002207756 -0.04904000088572502 4.343324184417725 0.0707710012793541 0.35927900671958923 -0.9305430054664612 5.301764011383057 -0.04682699963450432 -0.9306570291519165 -0.3628849983215332 1.6169569492340088 0.0 0.0 0.0 1.0
-0.9951480031013489 0.07100699841976166 -0.06810499727725983 4.343515872955322 0.08921200037002563 0.3593130111694336 -0.9289429783821106 5.301311016082764 -0.04148999974131584 -0.930512011051178 -0.3639039993286133 1.6111170053482056 0.0 0.0 0.0 1.0
-0.9934419989585876 0.07322700321674347 -0.08780500292778015 4.341966152191162 0.1085669994354248 0.3633919954299927 -0.9252889752388 5.292866230010986 -0.03584799915552139 -0.9287539720535278 -0.3689590096473694 1.6117680072784424 0.0 0.0 0.0 1.0
-0.991025984287262 0.08100999891757965 -0.1063229963183403 4.3354997634887695 0.12879100441932678 0.36578699946403503 -0.9217450022697449 5.287528991699219 -0.03577899932861328 -0.9271669983863831 -0.37293800711631775 1.615360975265503 0.0 0.0 0.0 1.0
-0.988548994064331 0.08283499628305435 -0.12613099813461304 4.334951877593994 0.14786900579929352 0.3650889992713928 -0.9191539883613586 5.2863030433654785 -0.0300890002399683 -0.9272800087928772 -0.3731580078601837 1.611503005027771 0.0 0.0 0.0 1.0
-0.9858719706535339 0.08672299981117249 -0.1433030068874359 4.3298258781433105 0.1653449982404709 0.3670459985733032 -0.9153900146484375 5.279129981994629 -0.02678699977695942 -0.9261519908905029 -0.37619900703430176 1.6123069524765015 0.0 0.0 0.0 1.0
-0.982617974281311 0.0887719988822937 -0.16303899884223938 4.330999851226807 0.1844410002231598 0.36723899841308594 -0.9116560220718384 5.270969867706299 -0.02105499990284443 -0.925881028175354 -0.3772290050983429 1.607936978340149 0.0 0.0 0.0 1.0
-0.9796010255813599 0.09273400157690048 -0.178273007273674 4.32938289642334 0.20012900233268738 0.3700839877128601 -0.907185971736908 5.261828899383545 -0.018151000142097473 -0.9243580102920532 -0.3810940086841583 1.6088969707489014 0.0 0.0 0.0 1.0
-0.9769560098648071 0.09874600172042847 -0.1892240047454834 4.323588848114014 0.21259599924087524 0.3714730143547058 -0.9037759900093079 5.253921985626221 -0.018952999264001846 -0.9231780171394348 -0.3839060068130493 1.6107089519500732 0.0 0.0 0.0 1.0
-0.9743059873580933 0.10410699993371964 -0.19972600042819977 4.322054862976074 0.22434300184249878 0.3699739873409271 -0.9015480279922485 5.244596004486084 -0.019964000210165977 -0.9231910109519958 -0.3838239908218384 1.6122499704360962 0.0 0.0 0.0 1.0
-0.9720690250396729 0.1080780029296875 -0.20833100378513336 4.321534156799316 0.2337390035390854 0.36566799879074097 -0.9009180068969727 5.235139846801758 -0.021189000457525253 -0.9244490265846252 -0.3807159960269928 1.610882043838501 0.0 0.0 0.0 1.0
-0.9700289964675903 0.115618996322155 -0.21371999382972717 4.316760063171387 0.24148400127887726 0.36096400022506714 -0.900771975517273 5.230148792266846 -0.027000999078154564 -0.9253849983215332 -0.3780660033226013 1.6104090213775635 0.0 0.0 0.0 1.0
-0.9679369926452637 0.12380299717187881 -0.21856600046157837 4.312053203582764 0.24891899526119232 0.3558970093727112 -0.9007650017738342 5.224768161773682 -0.03373099863529205 -0.9262890219688416 -0.3753030002117157 1.606781005859375 0.0 0.0 0.0 1.0
-0.9654350280761719 0.12951399385929108 -0.22618800401687622 4.312579154968262 0.25800400972366333 0.3516800105571747 -0.8998640179634094 5.221038818359375 -0.03699899837374687 -0.9271180033683777 -0.37293899059295654 1.6032370328903198 0.0 0.0 0.0 1.0
-0.9637669920921326 0.13636399805545807 -0.22925500571727753 4.299304962158203 0.263359010219574 0.349931001663208 -0.8989940285682678 5.21619176864624 -0.04236700013279915 -0.9267969727516174 -0.3731650114059448 1.60515296459198 0.0 0.0 0.0 1.0
-0.9614049792289734 0.1382869929075241 -0.23785799741744995 4.293316841125488 0.27203500270843506 0.348349004983902 -0.8970230221748352 5.210474967956543 -0.04118900001049042 -0.9271079897880554 -0.3725239932537079 1.5994000434875488 0.0 0.0 0.0 1.0
-0.9582359790802002 0.14155800640583038 -0.2484849989414215 4.288236141204834 0.283270001411438 0.35053500533103943 -0.8926830291748047 5.205235958099365 -0.039264000952243805 -0.925790011882782 -0.375995010137558 1.59511399269104 0.0 0.0 0.0 1.0
-0.9548230171203613 0.14434300363063812 -0.2597639858722687 4.283358097076416 0.2949889898300171 0.3545750081539154 -0.887274980545044 5.198124885559082 -0.03596600145101547 -0.9238190054893494 -0.38113701343536377 1.5923500061035156 0.0 0.0 0.0 1.0
-0.9510440230369568 0.14782999455928802 -0.27140599489212036 4.276597023010254 0.30727899074554443 0.3583190143108368 -0.8815820217132568 5.190460205078125 -0.03307399898767471 -0.9218209981918335 -0.38620299100875854 1.5901609659194946 0.0 0.0 0.0 1.0
-0.9474300146102905 0.15230399370193481 -0.2813880145549774 4.268581867218018 0.3184239864349365 0.3626990020275116 -0.8758170008659363 5.183081150054932 -0.03133099898695946 -0.919376015663147 -0.3921299874782562 1.5900410413742065 0.0 0.0 0.0 1.0
-0.9435870051383972 0.15490500628948212 -0.2926560044288635 4.2600507736206055 0.32994499802589417 0.36535799503326416 -0.8704310059547424 5.179365158081055 -0.02790999971330166 -0.9178879857063293 -0.3958579897880554 1.5876009464263916 0.0 0.0 0.0 1.0
-0.9395689964294434 0.15529899299144745 -0.3051089942455292 4.252134799957275 0.34164100885391235 0.3676359951496124 -0.8649420142173767 5.176161766052246 -0.0221560001373291 -0.9169110059738159 -0.3984760046005249 1.581488013267517 0.0 0.0 0.0 1.0
-0.9339519739151001 0.15758100152015686 -0.32078298926353455 4.247389793395996 0.35705000162124634 0.3717760145664215 -0.8569120168685913 5.173291206359863 -0.01577400043606758 -0.9148499965667725 -0.4034850001335144 1.5723929405212402 0.0 0.0 0.0 1.0
-0.9279699921607971 0.16087299585342407 -0.33614298701286316 4.2427978515625 0.37257400155067444 0.3816629946231842 -0.8458859920501709 5.15994119644165 -0.007786999922245741 -0.9101939797401428 -0.4141089916229248 1.5695979595184326 0.0 0.0 0.0 1.0
-0.9218699932098389 0.1670760065317154 -0.3496290147304535 4.2335991859436035 0.38746899366378784 0.3864380121231079 -0.836978018283844 5.156219959259033 -0.004728999920189381 -0.9070559740066528 -0.4209829866886139 1.5666630268096924 0.0 0.0 0.0 1.0
-0.9137790203094482 0.17595399916172028 -0.3661249876022339 4.231884956359863 0.40619298815727234 0.38720399141311646 -0.8276960253715515 5.149318218231201 -0.0038709999062120914 -0.9050490260124207 -0.42528998851776123 1.5617300271987915 0.0 0.0 0.0 1.0
-0.906711995601654 0.1873989999294281 -0.377828985452652 4.2231669425964355 0.42171600461006165 0.39143601059913635 -0.8178830146789551 5.143595218658447 -0.005373999942094088 -0.9009220004081726 -0.43394899368286133 1.5611720085144043 0.0 0.0 0.0 1.0
-0.8987439870834351 0.19676199555397034 -0.39184701442718506 4.217058181762695 0.4384469985961914 0.39351600408554077 -0.808027982711792 5.138183116912842 -0.004790999926626682 -0.898015022277832 -0.4399400055408478 1.5587929487228394 0.0 0.0 0.0 1.0
-0.8901820182800293 0.20622900128364563 -0.4062579870223999 4.208920001983643 0.4555869996547699 0.39492401480674744 -0.797793984413147 5.133563995361328 -0.004087999928742647 -0.8952680230140686 -0.4455089867115021 1.5576380491256714 0.0 0.0 0.0 1.0
-0.8801569938659668 0.21632200479507446 -0.4225269854068756 4.203530788421631 0.47467100620269775 0.39478999376296997 -0.7866560220718384 5.125710964202881 -0.003361999988555908 -0.8929420113563538 -0.4501590132713318 1.5573019981384277 0.0 0.0 0.0 1.0
-0.869596004486084 0.22726300358772278 -0.4383539855480194 4.199886798858643 0.4937419891357422 0.3919669985771179 -0.7762600183486938 5.119737148284912 -0.004594999831169844 -0.8914669752120972 -0.4530619978904724 1.5579349994659424 0.0 0.0 0.0 1.0
-0.8586270213127136 0.23837700486183167 -0.4538019895553589 4.201014041900635 0.5125240087509155 0.38391798734664917 -0.7680659890174866 5.110933780670166 -0.00886599998921156 -0.892067015171051 -0.45181700587272644 1.5605510473251343 0.0 0.0 0.0 1.0
-0.8505849838256836 0.2444790005683899 -0.46554800868034363 4.198697090148926 0.525638997554779 0.3710240125656128 -0.7655349969863892 5.109076976776123 -0.014426999725401402 -0.8958629965782166 -0.44409599900245667 1.5558749437332153 0.0 0.0 0.0 1.0
-0.8415859937667847 0.25156301259994507 -0.47796300053596497 4.186458110809326 0.5398499965667725 0.3636170029640198 -0.7591739892959595 5.108067035675049 -0.017185000702738762 -0.8969389796257019 -0.44182100892066956 1.5510640144348145 0.0 0.0 0.0 1.0
-0.828016996383667 0.2644580006599426 -0.49441900849342346 4.181294918060303 0.5603669881820679 0.35978901386260986 -0.7460160255432129 5.101525783538818 -0.01940399967133999 -0.8947700262069702 -0.4461050033569336 1.552520990371704 0.0 0.0 0.0 1.0
-0.8139399886131287 0.2749969959259033 -0.5117400288581848 4.1792988777160645 0.5806009769439697 0.3545849919319153 -0.7329199910163879 5.094849109649658 -0.02009500004351139 -0.8936700224876404 -0.44827499985694885 1.551408052444458 0.0 0.0 0.0 1.0
-0.7989310026168823 0.28627800941467285 -0.5289170145988464 4.178369998931885 0.6010519862174988 0.3492070138454437 -0.7188810110092163 5.089560031890869 -0.021098000928759575 -0.8922439813613892 -0.4510610103607178 1.5496209859848022 0.0 0.0 0.0 1.0
-0.7840110063552856 0.2991900146007538 -0.5438849925994873 4.175909996032715 0.6203299760818481 0.3455730080604553 -0.7041090130805969 5.082808971405029 -0.022710999473929405 -0.8894180059432983 -0.45653000473976135 1.551252007484436 0.0 0.0 0.0 1.0
-0.767503023147583 0.3129569888114929 -0.5594609975814819 4.173759937286377 0.640496015548706 0.3382599949836731 -0.6894519925117493 5.075629234313965 -0.02652600035071373 -0.8874899744987488 -0.46006301045417786 1.5552870035171509 0.0 0.0 0.0 1.0
-0.7518699765205383 0.3231480121612549 -0.5746870040893555 4.172152042388916 0.6585710048675537 0.3268299996852875 -0.6778389811515808 5.070737838745117 -0.031216999515891075 -0.8881199955940247 -0.45855098962783813 1.5569109916687012 0.0 0.0 0.0 1.0
-0.7362579703330994 0.3329539895057678 -0.5891219973564148 4.171727180480957 0.6756970286369324 0.3143399953842163 -0.6668000221252441 5.065302848815918 -0.03682899847626686 -0.8890060186386108 -0.4564119875431061 1.5578550100326538 0.0 0.0 0.0 1.0
-0.7218459844589233 0.34056898951530457 -0.6024540066719055 4.173271179199219 0.6909000277519226 0.30440300703048706 -0.6557409763336182 5.062763214111328 -0.03993599861860275 -0.8895789980888367 -0.45503199100494385 1.554399013519287 0.0 0.0 0.0 1.0
-0.7086840271949768 0.3486180007457733 -0.6133769750595093 4.17106294631958 0.7043799757957458 0.3000980019569397 -0.6432650089263916 5.060280799865723 -0.0401809997856617 -0.887923002243042 -0.4582349956035614 1.5522329807281494 0.0 0.0 0.0 1.0
-0.6918870210647583 0.3559980094432831 -0.62813800573349 4.172126770019531 0.7209969758987427 0.2946920096874237 -0.6271529793739319 5.051117897033691 -0.03815799951553345 -0.88680499792099 -0.46056699752807617 1.5516350269317627 0.0 0.0 0.0 1.0
-0.6793310046195984 0.3632369935512543 -0.6376280188560486 4.1653828620910645 0.7327389717102051 0.28832700848579407 -0.6164109706878662 5.053013801574707 -0.04005799815058708 -0.8859609961509705 -0.46202701330184937 1.5509090423583984 0.0 0.0 0.0 1.0
-0.6643660068511963 0.369361013174057 -0.6497610211372375 4.165937900543213 0.7463570237159729 0.2817850112915039 -0.6029509902000427 5.050014019012451 -0.0396139994263649 -0.8855339884757996 -0.46288400888442993 1.5494120121002197 0.0 0.0 0.0 1.0
-0.6501269936561584 0.37616199254989624 -0.6601799726486206 4.165760040283203 0.758808970451355 0.27647900581359863 -0.5897189974784851 5.04618501663208 -0.03930399939417839 -0.8843430280685425 -0.46518200635910034 1.5487929582595825 0.0 0.0 0.0 1.0
-0.6353899836540222 0.3833020031452179 -0.6703429818153381 4.166874885559082 0.771170973777771 0.270363986492157 -0.5763670206069946 5.041773796081543 -0.03968600183725357 -0.8831660151481628 -0.46737799048423767 1.548079013824463 0.0 0.0 0.0 1.0
-0.6215130090713501 0.389165997505188 -0.6799060106277466 4.166367053985596 0.7824079990386963 0.2645930051803589 -0.5637630224227905 5.039581775665283 -0.03949800133705139 -0.8823500275611877 -0.46893399953842163 1.5475939512252808 0.0 0.0 0.0 1.0
-0.6085450053215027 0.3938570022583008 -0.6888769865036011 4.165167808532715 0.7925689816474915 0.2591930031776428 -0.551954984664917 5.038335800170898 -0.03883900120854378 -0.8818709850311279 -0.46988898515701294 1.5465519428253174 0.0 0.0 0.0 1.0
-0.5951449871063232 0.3982360064983368 -0.6980050206184387 4.1663818359375 0.802711009979248 0.25334200263023376 -0.5398820042610168 5.037725925445557 -0.03816600143909454 -0.8816050291061401 -0.4704430103302002 1.5453219413757324 0.0 0.0 0.0 1.0
-0.5827909708023071 0.4020000100135803 -0.7062230110168457 4.1659932136535645 0.811801016330719 0.2489439994096756 -0.5282109975814819 5.03712797164917 -0.036531001329422 -0.8811489939689636 -0.47142601013183594 1.5434989929199219 0.0 0.0 0.0 1.0
-0.568693995475769 0.4073910117149353 -0.7145770192146301 4.166360855102539 0.8218129873275757 0.24466200172901154 -0.5145530104637146 5.033631801605225 -0.034793999046087265 -0.8798720240592957 -0.47393599152565 1.5430480241775513 0.0 0.0 0.0 1.0
-0.5546470284461975 0.41154998540878296 -0.7231820225715637 4.16728401184082 0.8314539790153503 0.24027499556541443 -0.5009509921073914 5.028430938720703 -0.03240400180220604 -0.879144012928009 -0.4754529893398285 1.5421080589294434 0.0 0.0 0.0 1.0
-0.5422930121421814 0.4172790050506592 -0.7292439937591553 4.165212154388428 0.8395580053329468 0.2354689985513687 -0.48958900570869446 5.028258800506592 -0.032579999417066574 -0.8777430057525635 -0.4780229926109314 1.5424820184707642 0.0 0.0 0.0 1.0
-0.5294319987297058 0.4219309985637665 -0.7359859943389893 4.1655168533325195 0.8476719856262207 0.2283719927072525 -0.47885099053382874 5.027124881744385 -0.03396400064229965 -0.8773940205574036 -0.4785670042037964 1.5418089628219604 0.0 0.0 0.0 1.0
-0.5186089873313904 0.42654499411582947 -0.7410150170326233 4.163206100463867 0.8542400002479553 0.22167299687862396 -0.4702509939670563 5.02896785736084 -0.036320000886917114 -0.8768810033798218 -0.4793330132961273 1.5396430492401123 0.0 0.0 0.0 1.0
-0.5068510174751282 0.43182700872421265 -0.7460740208625793 4.161876201629639 0.8612220287322998 0.21611900627613068 -0.4599890112876892 5.0309529304504395 -0.03739500045776367 -0.87568199634552 -0.4814389944076538 1.5370479822158813 0.0 0.0 0.0 1.0
-0.49318501353263855 0.4377579987049103 -0.7517560124397278 4.161952972412109 0.869117021560669 0.21071100234985352 -0.4474790096282959 5.031492233276367 -0.03748499974608421 -0.8740530014038086 -0.4843820035457611 1.5358320474624634 0.0 0.0 0.0 1.0
-0.4809829890727997 0.44349101185798645 -0.7562869787216187 4.160445213317871 0.8758900165557861 0.20532099902629852 -0.4366469979286194 5.033769130706787 -0.038366999477148056 -0.8724439740180969 -0.48720601201057434 1.5344070196151733 0.0 0.0 0.0 1.0
-0.46911901235580444 0.4485900104045868 -0.7607200145721436 4.157958030700684 0.8823069930076599 0.20079100131988525 -0.42569500207901 5.034183025360107 -0.03821700066328049 -0.8708909749984741 -0.4899890124797821 1.534551978111267 0.0 0.0 0.0 1.0
-0.45662298798561096 0.4524880051612854 -0.765995979309082 4.155949115753174 0.8888339996337891 0.19493700563907623 -0.41469699144363403 5.035345077514648 -0.038325000554323196 -0.870203971862793 -0.4912000000476837 1.5335849523544312 0.0 0.0 0.0 1.0
-0.4431479871273041 0.4573639929294586 -0.7709980010986328 4.153802871704102 0.8956180214881897 0.18888400495052338 -0.40272900462150574 5.037591934204102 -0.03856400027871132 -0.8689889907836914 -0.49332699179649353 1.532312035560608 0.0 0.0 0.0 1.0
-0.42619699239730835 0.46277499198913574 -0.7773000001907349 4.152215003967285 0.9037629961967468 0.18020099401474 -0.38825199007987976 5.039636135101318 -0.03960299864411354 -0.8679670095443726 -0.49503999948501587 1.530809998512268 0.0 0.0 0.0 1.0
-0.41387900710105896 0.46719199419021606 -0.7813040018081665 4.147132873535156 0.9095820188522339 0.17740599811077118 -0.37574899196624756 5.042995929718018 -0.03693800047039986 -0.8661749958992004 -0.49837398529052734 1.5317529439926147 0.0 0.0 0.0 1.0
-0.3995870053768158 0.4701170027256012 -0.786969006061554 4.1469221115112305 0.9159979820251465 0.17130300402641296 -0.3627699911594391 5.0460710525512695 -0.03573499992489815 -0.8658210039138794 -0.4990769922733307 1.530519962310791 0.0 0.0 0.0 1.0
-0.38626500964164734 0.4733090102672577 -0.7916929721832275 4.144266128540039 0.921720027923584 0.1654130071401596 -0.35081401467323303 5.049365043640137 -0.03508700057864189 -0.8652269840240479 -0.5001519918441772 1.5292689800262451 0.0 0.0 0.0 1.0
-0.37237900495529175 0.47648999094963074 -0.7964239716529846 4.144084930419922 0.92746901512146 0.15990400314331055 -0.33798301219940186 5.05169677734375 -0.03369399905204773 -0.864516019821167 -0.5014740228652954 1.5290570259094238 0.0 0.0 0.0 1.0
-0.3594129979610443 0.47947999835014343 -0.8005759716033936 4.139566898345947 0.9325879812240601 0.1540440022945404 -0.32642000913619995 5.055552005767822 -0.033188000321388245 -0.8639270067214966 -0.5025230050086975 1.5291160345077515 0.0 0.0 0.0 1.0
-0.34574198722839355 0.4823170006275177 -0.8048809766769409 4.136730194091797 0.9377149939537048 0.14655299484729767 -0.31498199701309204 5.0588059425354 -0.03396400064229965 -0.8636509776115417 -0.5029450058937073 1.5283160209655762 0.0 0.0 0.0 1.0
-0.33115699887275696 0.48461899161338806 -0.8096160292625427 4.138678073883057 0.9429680109024048 0.13919299840927124 -0.30238398909568787 5.062161922454834 -0.03384799882769585 -0.8635789752006531 -0.5030760169029236 1.526947021484375 0.0 0.0 0.0 1.0
-0.31707799434661865 0.4872640073299408 -0.8136559724807739 4.135787010192871 0.9478170275688171 0.13274699449539185 -0.2898629903793335 5.065127849578857 -0.033229000866413116 -0.8631060123443604 -0.503928005695343 1.5273540019989014 0.0 0.0 0.0 1.0
-0.3026390075683594 0.4887019991874695 -0.8182780146598816 4.137574195861816 0.952564001083374 0.12615999579429626 -0.27695798873901367 5.06654691696167 -0.03211599960923195 -0.8632810115814209 -0.5037019848823547 1.527161955833435 0.0 0.0 0.0 1.0
-0.28672200441360474 0.4905009865760803 -0.8229209780693054 4.135589122772217 0.9575080275535583 0.118817999958992 -0.26279398798942566 5.060307025909424 -0.031122999265789986 -0.863303005695343 -0.5037260055541992 1.5271209478378296 0.0 0.0 0.0 1.0
-0.27469301223754883 0.4926069974899292 -0.8257619738578796 4.132818222045898 0.9609609842300415 0.11105699837207794 -0.2534169852733612 5.06766414642334 -0.03312800079584122 -0.8631370067596436 -0.5038819909095764 1.5257610082626343 0.0 0.0 0.0 1.0
-0.26196300983428955 0.49488401412963867 -0.8285319805145264 4.130375862121582 0.9645770192146301 0.10659199953079224 -0.2413100004196167 5.069083213806152 -0.031105000525712967 -0.8623970150947571 -0.5052769780158997 1.5275269746780396 0.0 0.0 0.0 1.0
-0.24947099387645721 0.4957149922847748 -0.8318840265274048 4.125916004180908 0.9678639769554138 0.09953799843788147 -0.23093600571155548 5.073433876037598 -0.03167400136590004 -0.8627619743347168 -0.5046169757843018 1.5268410444259644 0.0 0.0 0.0 1.0
-0.23641100525856018 0.4972800016403198 -0.834758996963501 4.124002933502197 0.9711400270462036 0.09300500154495239 -0.21963100135326385 5.076876163482666 -0.03158099949359894 -0.862591028213501 -0.5049160122871399 1.526885986328125 0.0 0.0 0.0 1.0
-0.2241619974374771 0.4988569915294647 -0.83719402551651 4.12238883972168 0.9740309715270996 0.08659899979829788 -0.209198996424675 5.081356048583984 -0.03186099976301193 -0.8623470067977905 -0.5053139925003052 1.5276789665222168 0.0 0.0 0.0 1.0
-0.21099300682544708 0.49876201152801514 -0.8406659960746765 4.124846935272217 0.976934015750885 0.07864200323820114 -0.1985359936952591 5.0843329429626465 -0.032910000532865524 -0.8631640076637268 -0.503849983215332 1.5260629653930664 0.0 0.0 0.0 1.0
-0.19875499606132507 0.5006579756736755 -0.8425189852714539 4.122498989105225 0.9795169830322266 0.07312999665737152 -0.1876160055398941 5.087588787078857 -0.03231799975037575 -0.8625509738922119 -0.5049369931221008 1.5268399715423584 0.0 0.0 0.0 1.0
-0.18533800542354584 0.5024210214614868 -0.8445259928703308 4.12244987487793 0.9821659922599792 0.06705600023269653 -0.17565199732780457 5.089079856872559 -0.031619999557733536 -0.8620190024375916 -0.5058889985084534 1.5274620056152344 0.0 0.0 0.0 1.0
-0.17297199368476868 0.5035359859466553 -0.8464829921722412 4.119511127471924 0.9844070076942444 0.06045600026845932 -0.16519300639629364 5.092477798461914 -0.03200500085949898 -0.861856997013092 -0.5061410069465637 1.5289130210876465 0.0 0.0 0.0 1.0
-0.15627799928188324 0.5011199712753296 -0.8511499762535095 4.123544216156006 0.9870539903640747 0.04774300009012222 -0.15312199294567108 5.0917439460754395 -0.0360959991812706 -0.8640599846839905 -0.5020939707756042 1.5254290103912354 0.0 0.0 0.0 1.0
-0.14307700097560883 0.5011730194091797 -0.8534370064735413 4.120474815368652 0.989018976688385 0.04015199840068817 -0.14222800731658936 5.09212589263916 -0.03701400011777878 -0.8644149899482727 -0.5014150142669678 1.5249220132827759 0.0 0.0 0.0 1.0
-0.13104699552059174 0.5018320083618164 -0.8549799919128418 4.1188178062438965 0.9906759858131409 0.03388100117444992 -0.1319590061903 5.094542026519775 -0.0372529998421669 -0.8643010258674622 -0.5015929937362671 1.5257220268249512 0.0 0.0 0.0 1.0
-0.12040500342845917 0.5024160146713257 -0.8562020063400269 4.113400936126709 0.992002010345459 0.027987999841570854 -0.12307900190353394 5.1031060218811035 -0.03787299990653992 -0.8641729950904846 -0.5017669796943665 1.5256240367889404 0.0 0.0 0.0 1.0
-0.10763099789619446 0.5023509860038757 -0.8579390048980713 4.112887859344482 0.9934620261192322 0.021314000710844994 -0.11215300112962723 5.105188846588135 -0.038054000586271286 -0.8644009828567505 -0.5013610124588013 1.525305986404419 0.0 0.0 0.0 1.0
-0.09690000116825104 0.502689003944397 -0.8590189814567566 4.109298229217529 0.9945520162582397 0.015588999725878239 -0.10306599736213684 5.110086917877197 -0.038419000804424286 -0.8643270134925842 -0.5014619827270508 1.5262880325317383 0.0 0.0 0.0 1.0
-0.08636999875307083 0.5020229816436768 -0.8605309724807739 4.108759880065918 0.9955090284347534 0.009878000244498253 -0.09415499866008759 5.117425918579102 -0.038766998797655106 -0.8647980093955994 -0.5006210207939148 1.5264029502868652 0.0 0.0 0.0 1.0
-0.0743430033326149 0.5010809898376465 -0.8622009754180908 4.108518123626709 0.9964709877967834 0.0035389999393373728 -0.08386299759149551 5.119075775146484 -0.03897099941968918 -0.8653929829597473 -0.49957600235939026 1.5259649753570557 0.0 0.0 0.0 1.0
-0.06321600079536438 0.5011299848556519 -0.8630599975585938 4.1063690185546875 0.9972440004348755 -0.0019340000580996275 -0.07416799664497375 5.122537136077881 -0.0388370007276535 -0.865369975566864 -0.4996269941329956 1.5263969898223877 0.0 0.0 0.0 1.0
-0.05260299891233444 0.5013800263404846 -0.863627016544342 4.1030659675598145 0.9978920221328735 -0.006531999912112951 -0.06457299739122391 5.1268630027771 -0.03801700100302696 -0.8652030229568481 -0.4999789893627167 1.527472972869873 0.0 0.0 0.0 1.0
-0.0389459989964962 0.4995589852333069 -0.8654040098190308 4.104681968688965 0.9985190033912659 -0.013461999595165253 -0.05270799994468689 5.1267619132995605 -0.037980999797582626 -0.8661760091781616 -0.49829500913619995 1.5278780460357666 0.0 0.0 0.0 1.0
-0.024311000481247902 0.4984560012817383 -0.8665739893913269 4.103325843811035 0.9990739822387695 -0.01868000067770481 -0.03877300024032593 5.122645854949951 -0.03551499918103218 -0.8667140007019043 -0.4975399971008301 1.5268080234527588 0.0 0.0 0.0 1.0
-0.015699999406933784 0.4988659918308258 -0.8665369749069214 4.101668834686279 0.9992979764938354 -0.02166000008583069 -0.030574999749660492 5.129706859588623 -0.034021999686956406 -0.8664079904556274 -0.4981760084629059 1.5285170078277588 0.0 0.0 0.0 1.0
-0.005102999974042177 0.49790799617767334 -0.8672149777412415 4.095102787017822 0.9994660019874573 -0.025450000539422035 -0.020493000745773315 5.130282878875732 -0.032274000346660614 -0.8668569922447205 -0.49751201272010803 1.532925009727478 0.0 0.0 0.0 1.0
0.0034719998948276043 0.49211999773979187 -0.8705210089683533 4.094902992248535 0.9994530081748962 -0.030344000086188316 -0.013167999684810638 5.13818883895874 -0.03289499878883362 -0.8699989914894104 -0.4919559955596924 1.532804012298584 0.0 0.0 0.0 1.0
0.011912999674677849 0.4897429943084717 -0.8717849850654602 4.085887908935547 0.9993860125541687 -0.03455999866127968 -0.005758000072091818 5.1467390060424805 -0.032947998493909836 -0.8711820244789124 -0.48985400795936584 1.532515048980713 0.0 0.0 0.0 1.0
0.02098100073635578 0.48738300800323486 -0.8729360103607178 4.090497016906738 0.9992809891700745 -0.03780899941921234 0.002908000024035573 5.154591083526611 -0.03158799931406975 -0.8723700046539307 -0.48782598972320557 1.5321630239486694 0.0 0.0 0.0 1.0
0.03037000074982643 0.4836080074310303 -0.8747580051422119 4.084533214569092 0.9990789890289307 -0.04123000055551529 0.011892000213265419 5.163558006286621 -0.03031500056385994 -0.8743129968643188 -0.4844149947166443 1.5327479839324951 0.0 0.0 0.0 1.0
0.04428299888968468 0.47932499647140503 -0.8765199780464172 4.079523086547852 0.998649001121521 -0.04510999843478203 0.025784999132156372 5.151185035705566 -0.027180999517440796 -0.8764780163764954 -0.48067501187324524 1.5351519584655762 0.0 0.0 0.0 1.0
0.044394999742507935 0.4726319909095764 -0.880141019821167 4.077532768249512 0.998615026473999 -0.0459120012819767 0.02571599930524826 5.169057846069336 -0.028255000710487366 -0.880062997341156 -0.474016010761261 1.5348960161209106 0.0 0.0 0.0 1.0
0.05439700186252594 0.46528199315071106 -0.8834890127182007 4.079878807067871 0.9981709718704224 -0.04871999844908714 0.03579999879002571 5.154812812805176 -0.02638700045645237 -0.8838210105895996 -0.4670810103416443 1.5359129905700684 0.0 0.0 0.0 1.0
0.048958998173475266 0.4636099934577942 -0.8846859931945801 4.080606937408447 0.9984729886054993 -0.045402999967336655 0.03146300092339516 5.175674915313721 -0.02558100037276745 -0.884876012802124 -0.4651249945163727 1.5283969640731812 0.0 0.0 0.0 1.0
0.05379600077867508 0.46975600719451904 -0.8811560273170471 4.079278945922852 0.998278021812439 -0.04599300026893616 0.03642699867486954 5.167939186096191 -0.02341499924659729 -0.8815969824790955 -0.4714210033416748 1.530635952949524 0.0 0.0 0.0 1.0
0.054377999156713486 0.4738210141658783 -0.878940999507904 4.073048114776611 0.9981589913368225 -0.04948199912905693 0.03507800027728081 5.181778907775879 -0.026870999485254288 -0.8792300224304199 -0.4756389856338501 1.5408049821853638 0.0 0.0 0.0 1.0
0.059078000485897064 0.4702700078487396 -0.8805429935455322 4.069375991821289 0.997829020023346 -0.05355200171470642 0.038346998393535614 5.1858811378479 -0.02912200056016445 -0.8808959722518921 -0.47241300344467163 1.5474170446395874 0.0 0.0 0.0 1.0
0.06407299637794495 0.461762011051178 -0.8846870064735413 4.069815158843994 0.99754399061203 -0.054777998477220535 0.04365599900484085 5.190849781036377 -0.028302999213337898 -0.8853110074996948 -0.4641369879245758 1.54932701587677 0.0 0.0 0.0 1.0
0.07145500183105469 0.45547598600387573 -0.8873760104179382 4.0693769454956055 0.9971269965171814 -0.05504399910569191 0.052039001137018204 5.194130897521973 -0.02514299936592579 -0.8885449767112732 -0.4581010043621063 1.5504909753799438 0.0 0.0 0.0 1.0
0.07962299883365631 0.44941800832748413 -0.8897659778594971 4.070847034454346 0.9966170191764832 -0.054138001054525375 0.06183899939060211 5.199188232421875 -0.020377999171614647 -0.8916800022125244 -0.4522089958190918 1.5429010391235352 0.0 0.0 0.0 1.0
0.09283500164747238 0.45097899436950684 -0.8876929879188538 4.061079978942871 0.9956079721450806 -0.0529090017080307 0.07724100351333618 5.19230318069458 -0.012133000418543816 -0.8909649848937988 -0.4539099931716919 1.5446449518203735 0.0 0.0 0.0 1.0
0.10286799818277359 0.4497930109500885 -0.8871889710426331 4.064524173736572 0.9946439862251282 -0.05554899945855141 0.0871649980545044 5.196757793426514 -0.010076000355184078 -0.8914039731025696 -0.45309799909591675 1.5467000007629395 0.0 0.0 0.0 1.0
0.1210319995880127 0.4459260106086731 -0.8868489861488342 4.060841083526611 0.9926279783248901 -0.06017399951815605 0.10521200299263 5.174026012420654 -0.0064489999786019325 -0.8930450081825256 -0.44992199540138245 1.5491210222244263 0.0 0.0 0.0 1.0
0.13154900074005127 0.4421670138835907 -0.8872330188751221 4.057565212249756 0.9912869930267334 -0.06479799747467041 0.11468400061130524 5.18096399307251 -0.006781000178307295 -0.8945890069007874 -0.44683900475502014 1.5443639755249023 0.0 0.0 0.0 1.0
0.14536799490451813 0.4385949969291687 -0.8868499994277954 4.0625200271606445 0.989333987236023 -0.0728679969906807 0.12612999975681305 5.188845157623291 -0.009302999824285507 -0.8957260251045227 -0.44451001286506653 1.5479719638824463 0.0 0.0 0.0 1.0
0.16038399934768677 0.4322989881038666 -0.8873519897460938 4.062859058380127 0.9869430065155029 -0.08375299721956253 0.13758200407028198 5.190639972686768 -0.014840999618172646 -0.897832989692688 -0.4400869905948639 1.5537580251693726 0.0 0.0 0.0 1.0
0.17927800118923187 0.4220220148563385 -0.888683021068573 4.0567851066589355 0.983618974685669 -0.09416799992322922 0.1537110060453415 5.177416801452637 -0.01881599985063076 -0.9016820192337036 -0.43199101090431213 1.5526670217514038 0.0 0.0 0.0 1.0
0.19549499452114105 0.41175898909568787 -0.8900759816169739 4.060511112213135 0.980472981929779 -0.10180699825286865 0.16825300455093384 5.167582035064697 -0.02133600041270256 -0.9055879712104797 -0.4236209988594055 1.5517159700393677 0.0 0.0 0.0 1.0
0.20949900150299072 0.402987003326416 -0.8909050226211548 4.06096887588501 0.9774770140647888 -0.1100509986281395 0.18007700145244598 5.172317981719971 -0.025475999340415 -0.9085649847984314 -0.4169659912586212 1.5494190454483032 0.0 0.0 0.0 1.0
0.22904999554157257 0.3989750146865845 -0.8878939747810364 4.0575079917907715 0.9730910062789917 -0.11737000197172165 0.1982879936695099 5.1599249839782715 -0.025100000202655792 -0.9094200134277344 -0.41512200236320496 1.5523200035095215 0.0 0.0 0.0 1.0
0.2433609962463379 0.3947800099849701 -0.8859599828720093 4.060686111450195 0.9694650173187256 -0.1274469941854477 0.2095090001821518 5.164041996002197 -0.030202999711036682 -0.9098939895629883 -0.41374099254608154 1.555994987487793 0.0 0.0 0.0 1.0
0.265080988407135 0.38830700516700745 -0.8825809955596924 4.056218147277832 0.9636989831924438 -0.13696399331092834 0.22918400168418884 5.139485836029053 -0.031888000667095184 -0.9112949967384338 -0.41051799058914185 1.5493830442428589 0.0 0.0 0.0 1.0
0.28577399253845215 0.38679400086402893 -0.8767690062522888 4.058578968048096 0.9575679898262024 -0.15093199908733368 0.24552500247955322 5.114798069000244 -0.03736500069499016 -0.9097309708595276 -0.41351398825645447 1.5549789667129517 0.0 0.0 0.0 1.0
0.3010909855365753 0.3799709975719452 -0.8746230006217957 4.060039043426514 0.9524809718132019 -0.1641560047864914 0.2565779983997345 5.1101789474487305 -0.0460829995572567 -0.910315990447998 -0.41134199500083923 1.5544190406799316 0.0 0.0 0.0 1.0
0.30964499711990356 0.3722350001335144 -0.8749629855155945 4.07371187210083 0.9494810104370117 -0.17045199871063232 0.26350000500679016 5.115221977233887 -0.051054999232292175 -0.912352979183197 -0.4062100052833557 1.550436019897461 0.0 0.0 0.0 1.0
0.32287999987602234 0.36766400933265686 -0.872107982635498 4.080451011657715 0.9449719786643982 -0.1765429973602295 0.27542901039123535 5.103544235229492 -0.05270000174641609 -0.9130480289459229 -0.4044339954853058 1.5453259944915771 0.0 0.0 0.0 1.0
0.33687400817871094 0.36717501282691956 -0.8670049905776978 4.083335876464844 0.9400720000267029 -0.18273299932479858 0.28787699341773987 5.089778900146484 -0.05272899940609932 -0.9120259881019592 -0.4067290127277374 1.5440449714660645 0.0 0.0 0.0 1.0
0.3460339903831482 0.3687100112438202 -0.8627359867095947 4.087977886199951 0.9366379976272583 -0.18916800618171692 0.29482999444007874 5.093935966491699 -0.05449499934911728 -0.9100930094718933 -0.4108070135116577 1.5477650165557861 0.0 0.0 0.0 1.0
0.35920798778533936 0.3670549988746643 -0.8580449819564819 4.093752861022949 0.9317179918289185 -0.19383400678634644 0.3071320056915283 5.087619781494141 -0.05358399823307991 -0.9097800254821777 -0.4116179943084717 1.5438899993896484 0.0 0.0 0.0 1.0
0.373647004365921 0.3678550124168396 -0.8515110015869141 4.0958781242370605 0.9261400103569031 -0.19892799854278564 0.32045799493789673 5.079531192779541 -0.051506999880075455 -0.9083560109138489 -0.41501399874687195 1.5440900325775146 0.0 0.0 0.0 1.0
0.3886840045452118 0.36944499611854553 -0.8440589904785156 4.094882011413574 0.9200270175933838 -0.2050980031490326 0.3338949978351593 5.074304103851318 -0.04975900053977966 -0.9063360095024109 -0.4196169972419739 1.5460950136184692 0.0 0.0 0.0 1.0
0.402646005153656 0.36970001459121704 -0.8373759984970093 4.100955009460449 0.9141380190849304 -0.20958399772644043 0.3470250070095062 5.067636966705322 -0.04720500111579895 -0.9052050113677979 -0.42234501242637634 1.5472970008850098 0.0 0.0 0.0 1.0
0.42332300543785095 0.37358298897743225 -0.8253690004348755 4.090579986572266 0.9051510095596313 -0.21332499384880066 0.3676869869232178 5.039412021636963 -0.03871000185608864 -0.9027339816093445 -0.4284540116786957 1.5557140111923218 0.0 0.0 0.0 1.0
0.4272040128707886 0.3713330030441284 -0.824383020401001 4.1106719970703125 0.903311014175415 -0.2146890014410019 0.37139999866485596 5.061363220214844 -0.039073001593351364 -0.9033380150794983 -0.42714598774909973 1.5464470386505127 0.0 0.0 0.0 1.0
0.4433630108833313 0.3689900040626526 -0.8168690204620361 4.109451770782471 0.8957369923591614 -0.21588300168514252 0.3886510133743286 5.0461530685424805 -0.03294000029563904 -0.904013991355896 -0.4262329936027527 1.547853946685791 0.0 0.0 0.0 1.0
0.454025000333786 0.36589500308036804 -0.8123930096626282 4.117033958435059 0.8905419707298279 -0.21524199843406677 0.4007570147514343 5.047428131103516 -0.02822599932551384 -0.9054239988327026 -0.42357000708580017 1.5437510013580322 0.0 0.0 0.0 1.0
0.4666920006275177 0.36573100090026855 -0.8052570223808289 4.118256092071533 0.88406902551651 -0.2185560017824173 0.4131050109863281 5.048011779785156 -0.02490900084376335 -0.904695987701416 -0.4253289997577667 1.5486819744110107 0.0 0.0 0.0 1.0
0.47668901085853577 0.36380401253700256 -0.800258994102478 4.1266350746154785 0.8787490129470825 -0.22186799347400665 0.4225800037384033 5.0530829429626465 -0.02381500042974949 -0.9046670198440552 -0.4254550039768219 1.5522940158843994 0.0 0.0 0.0 1.0
0.4882360100746155 0.35829100012779236 -0.7957720160484314 4.130549907684326 0.8724470138549805 -0.22281800210475922 0.43495699763298035 5.046730995178223 -0.021470999345183372 -0.9066309928894043 -0.4213779866695404 1.5504850149154663 0.0 0.0 0.0 1.0
0.4962199926376343 0.35344499349594116 -0.7929959893226624 4.1425371170043945 0.8678810000419617 -0.22658200562000275 0.4420889914035797 5.051218032836914 -0.023423999547958374 -0.9075999855995178 -0.41918298602104187 1.5495820045471191 0.0 0.0 0.0 1.0
0.5047420263290405 0.34940001368522644 -0.7894020080566406 4.14967679977417 0.8629480004310608 -0.22918899357318878 0.45032501220703125 5.0506110191345215 -0.023578999564051628 -0.9085109829902649 -0.41719499230384827 1.5478450059890747 0.0 0.0 0.0 1.0
0.5129979848861694 0.3460170030593872 -0.7855600118637085 4.156437873840332 0.858102023601532 -0.2303919941186905 0.4588890075683594 5.050006866455078 -0.022203000262379646 -0.9095010161399841 -0.4151090085506439 1.545335054397583 0.0 0.0 0.0 1.0
0.5309910178184509 0.34836000204086304 -0.7724599838256836 4.147767066955566 0.8472200036048889 -0.23581600189208984 0.4760339856147766 5.021748065948486 -0.01632699929177761 -0.9072129726409912 -0.4203540086746216 1.5595300197601318 0.0 0.0 0.0 1.0
0.5374169945716858 0.3495059907436371 -0.7674819827079773 4.158411026000977 0.8431159853935242 -0.24253299832344055 0.47993001341819763 5.033473014831543 -0.018401000648736954 -0.9049990177154541 -0.42501598596572876 1.5655289888381958 0.0 0.0 0.0 1.0
0.5473150014877319 0.3484809994697571 -0.7609249949455261 4.162073135375977 0.8367660045623779 -0.24570199847221375 0.48934000730514526 5.0292768478393555 -0.01643499918282032 -0.9045400023460388 -0.42607301473617554 1.568384051322937 0.0 0.0 0.0 1.0
0.5555959939956665 0.3436279892921448 -0.7571210265159607 4.173095226287842 0.8312299847602844 -0.2505980134010315 0.4962430000305176 5.036421775817871 -0.019209999591112137 -0.9050530195236206 -0.4248650074005127 1.5704760551452637 0.0 0.0 0.0 1.0
0.5658389925956726 0.3389520049095154 -0.7516229748725891 4.178243160247803 0.824275016784668 -0.25455600023269653 0.5057389736175537 5.034897804260254 -0.019909000024199486 -0.9057109951972961 -0.4234279990196228 1.5739589929580688 0.0 0.0 0.0 1.0
0.5759400129318237 0.3333419859409332 -0.7464420199394226 4.177558898925781 0.8171809911727905 -0.2599189877510071 0.5144479870796204 5.028803825378418 -0.02252800017595291 -0.9062700271606445 -0.4220989942550659 1.5797100067138672 0.0 0.0 0.0 1.0
0.581637978553772 0.32503798604011536 -0.7456859946250916 4.188704967498779 0.8130429983139038 -0.2611970007419586 0.5203239917755127 5.028189182281494 -0.025645999237895012 -0.9089149832725525 -0.4161919951438904 1.5821930170059204 0.0 0.0 0.0 1.0
0.584306001663208 0.319148987531662 -0.7461439967155457 4.1991047859191895 0.8110870122909546 -0.2601720094680786 0.5238779783248901 5.036747932434082 -0.026931000873446465 -0.9112930297851562 -0.4108780026435852 1.5856280326843262 0.0 0.0 0.0 1.0
0.5907909870147705 0.31155699491500854 -0.7442439794540405 4.21162223815918 0.8064280152320862 -0.25693100690841675 0.532597005367279 5.025934219360352 -0.02528499998152256 -0.9148330092430115 -0.4030410051345825 1.5759689807891846 0.0 0.0 0.0 1.0
0.5944579839706421 0.31003299355506897 -0.7419570088386536 4.226265907287598 0.8037819862365723 -0.25612500309944153 0.5369679927825928 5.030158996582031 -0.023555999621748924 -0.9155759811401367 -0.40145400166511536 1.5729620456695557 0.0 0.0 0.0 1.0
0.6048539876937866 0.30953699350357056 -0.7337160110473633 4.223386764526367 0.7961379885673523 -0.2556140124797821 0.5484750270843506 5.007565975189209 -0.017774000763893127 -0.9158869981765747 -0.40104299783706665 1.5706950426101685 0.0 0.0 0.0 1.0
0.6098970174789429 0.30815601348876953 -0.7301139831542969 4.227284908294678 0.7923200130462646 -0.2556549906730652 0.553957998752594 5.005698204040527 -0.01595200039446354 -0.9163410067558289 -0.40008100867271423 1.5761250257492065 0.0 0.0 0.0 1.0
0.6142860054969788 0.3048200011253357 -0.7278310060501099 4.236526012420654 0.788981020450592 -0.25215399265289307 0.5602930188179016 5.0014801025390625 -0.012737000361084938 -0.9184240102767944 -0.3953920006752014 1.5666879415512085 0.0 0.0 0.0 1.0
0.6190919876098633 0.30619901418685913 -0.7231640219688416 4.24724006652832 0.7852920293807983 -0.24897199869155884 0.566860020160675 4.9971208572387695 -0.00647599995136261 -0.9188339710235596 -0.3945919871330261 1.5586830377578735 0.0 0.0 0.0 1.0
0.6258959770202637 0.3080570101737976 -0.7164880037307739 4.25642204284668 0.7799050211906433 -0.24879500269889832 0.5743250250816345 4.9888691902160645 -0.0013340000296011567 -0.9182599782943726 -0.3959749937057495 1.5530099868774414 0.0 0.0 0.0 1.0
0.6312500238418579 0.3110029995441437 -0.7104939818382263 4.263772964477539 0.7755789756774902 -0.25443801283836365 0.5777009725570679 4.990537166595459 -0.0011099999537691474 -0.9157180190086365 -0.40182098746299744 1.559466004371643 0.0 0.0 0.0 1.0
0.6378189921379089 0.3113600015640259 -0.7044450044631958 4.263225078582764 0.7701860070228577 -0.25898998975753784 0.5828700065612793 4.985074996948242 -0.0009619999909773469 -0.9143189787864685 -0.40499401092529297 1.565817952156067 0.0 0.0 0.0 1.0
0.6411340236663818 0.3082360029220581 -0.7028070092201233 4.273309230804443 0.7674210071563721 -0.2617810070514679 0.5852659940719604 4.983960151672363 -0.003582000033929944 -0.9145830273628235 -0.40438300371170044 1.5686819553375244 0.0 0.0 0.0 1.0
0.6437789797782898 0.30462199449539185 -0.7019640207290649 4.2777419090271 0.7651789784431458 -0.26471298933029175 0.5868800282478333 4.984419822692871 -0.007042999844998121 -0.9149500131607056 -0.4035069942474365 1.5699080228805542 0.0 0.0 0.0 1.0
0.6470180153846741 0.29975900053977966 -0.7010790109634399 4.287169933319092 0.7624009847640991 -0.2670759856700897 0.5894179940223694 4.9787678718566895 -0.010557999834418297 -0.9158679842948914 -0.4013400077819824 1.5644079446792603 0.0 0.0 0.0 1.0
0.6513230204582214 0.2965799868106842 -0.6984400153160095 4.289420127868652 0.7586240172386169 -0.27440598607063293 0.5909249782562256 4.976383209228516 -0.016398999840021133 -0.9147359728813171 -0.4037190079689026 1.571498990058899 0.0 0.0 0.0 1.0
0.6538810133934021 0.2945300042629242 -0.6969159841537476 4.295351028442383 0.7563030123710632 -0.2801249921321869 0.5912150144577026 4.980885028839111 -0.02109299972653389 -0.9136639833450317 -0.405921995639801 1.5822060108184814 0.0 0.0 0.0 1.0
0.6572170257568359 0.28817299008369446 -0.6964349746704102 4.306457042694092 0.7532389760017395 -0.28349798917770386 0.5935149788856506 4.979569911956787 -0.026403000578284264 -0.914650022983551 -0.4033829867839813 1.5805740356445312 0.0 0.0 0.0 1.0
0.662775993347168 0.28339898586273193 -0.6931189894676208 4.305647850036621 0.748196005821228 -0.2883380055427551 0.5975480079650879 4.971883773803711 -0.030508000403642654 -0.9146289825439453 -0.40314099192619324 1.5827699899673462 0.0 0.0 0.0 1.0
0.6675509810447693 0.2786799967288971 -0.6904450058937073 4.3051018714904785 0.7437480092048645 -0.29299500584602356 0.6008269786834717 4.966509819030762 -0.03485900163650513 -0.9145990014076233 -0.4028570055961609 1.589426040649414 0.0 0.0 0.0 1.0
0.6730189919471741 0.27268001437187195 -0.6875249743461609 4.303883075714111 0.7386149764060974 -0.29634299874305725 0.6054990291595459 4.9590277671813965 -0.038635000586509705 -0.9153289794921875 -0.40084999799728394 1.5947339534759521 0.0 0.0 0.0 1.0
0.6792230010032654 0.264055997133255 -0.684785008430481 4.307753086090088 0.7327179908752441 -0.29760798811912537 0.6120079755783081 4.951576232910156 -0.04219299927353859 -0.9174439907073975 -0.39562100172042847 1.5920929908752441 0.0 0.0 0.0 1.0
0.6862999796867371 0.25461000204086304 -0.6812970042228699 4.314040184020996 0.7259600162506104 -0.2970210015773773 0.6202899813652039 4.937662124633789 -0.04442699998617172 -0.9203000068664551 -0.3886829912662506 1.5850239992141724 0.0 0.0 0.0 1.0
0.700203001499176 0.2395170032978058 -0.6725680232048035 4.313253879547119 0.7121400237083435 -0.30124399065971375 0.634119987487793 4.922682762145996 -0.050725001841783524 -0.922976016998291 -0.3815009891986847 1.587928056716919 0.0 0.0 0.0 1.0
0.7063450217247009 0.2344760000705719 -0.6679059863090515 4.310610771179199 0.7060289978981018 -0.30132800340652466 0.6408780217170715 4.911716938018799 -0.050988998264074326 -0.9242420196533203 -0.378387987613678 1.5882970094680786 0.0 0.0 0.0 1.0
0.7144129872322083 0.22946999967098236 -0.6610270142555237 4.3070549964904785 0.6979780197143555 -0.30039799213409424 0.6500669717788696 4.889763832092285 -0.049400001764297485 -0.9257990121841431 -0.3747740089893341 1.5850930213928223 0.0 0.0 0.0 1.0
0.7189009785652161 0.22871699929237366 -0.6564069986343384 4.3084259033203125 0.6933000087738037 -0.3040870130062103 0.6533499956130981 4.8896708488464355 -0.05017299950122833 -0.9247810244560242 -0.37717700004577637 1.5960090160369873 0.0 0.0 0.0 1.0
0.7244219779968262 0.22557200491428375 -0.6514059901237488 4.308959007263184 0.6876029968261719 -0.3037959933280945 0.6594769954681396 4.880557060241699 -0.0491349995136261 -0.9256489872932434 -0.3751809895038605 1.5977239608764648 0.0 0.0 0.0 1.0
0.7273210287094116 0.22070200741291046 -0.6498420238494873 4.315361976623535 0.6844459772109985 -0.3027780055999756 0.6632189750671387 4.880068778991699 -0.050383999943733215 -0.9271550178527832 -0.37127500772476196 1.5982019901275635 0.0 0.0 0.0 1.0
0.7334480285644531 0.2133360058069229 -0.6453999876976013 4.318429946899414 0.6779710054397583 -0.2981419861316681 0.6719130277633667 4.8630290031433105 -0.049077000468969345 -0.9303759932518005 -0.36330699920654297 1.5820989608764648 0.0 0.0 0.0 1.0
0.7409499883651733 0.21003499627113342 -0.6378700137138367 4.319876194000244 0.6698439717292786 -0.299001008272171 0.6796380281448364 4.84824800491333 -0.04797599837183952 -0.9308509826660156 -0.36223599314689636 1.5691720247268677 0.0 0.0 0.0 1.0
0.7483149766921997 0.2107439935207367 -0.6289759874343872 4.320917129516602 0.6615800261497498 -0.3062030076980591 0.6845089793205261 4.8443450927734375 -0.04833900183439255 -0.9283459782600403 -0.36855998635292053 1.5670299530029297 0.0 0.0 0.0 1.0
0.7567579746246338 0.21096199750900269 -0.6187180280685425 4.32358980178833 0.651977002620697 -0.3121680021286011 0.6909980177879333 4.835285186767578 -0.04736899957060814 -0.9263079762458801 -0.37377798557281494 1.562319040298462 0.0 0.0 0.0 1.0
0.7673259973526001 0.21334099769592285 -0.6047279834747314 4.3164520263671875 0.6396030187606812 -0.3223179876804352 0.6978679895401001 4.826083183288574 -0.04603099822998047 -0.9222779870033264 -0.383776992559433 1.5655440092086792 0.0 0.0 0.0 1.0
0.7756810188293457 0.2146809995174408 -0.5934900045394897 4.319523811340332 0.6296470165252686 -0.32754600048065186 0.7044559717178345 4.816151142120361 -0.04316199943423271 -0.9201229810714722 -0.3892439901828766 1.5624459981918335 0.0 0.0 0.0 1.0
0.7830169796943665 0.21561799943447113 -0.5834329724311829 4.320807933807373 0.6205700039863586 -0.3344070017337799 0.7092710137367249 4.809607982635498 -0.04217199981212616 -0.9174320101737976 -0.39565199613571167 1.5678600072860718 0.0 0.0 0.0 1.0
0.7880280017852783 0.21644100546836853 -0.576337993144989 4.331140041351318 0.6142200231552124 -0.3399539887905121 0.7121559977531433 4.805628776550293 -0.041788000613451004 -0.9151970148086548 -0.4008359909057617 1.571828007698059 0.0 0.0 0.0 1.0
0.7943099737167358 0.21663500368595123 -0.5675740242004395 4.333536148071289 0.6061069965362549 -0.3461019992828369 0.7161340117454529 4.804228782653809 -0.0412990003824234 -0.9128429889678955 -0.4062170088291168 1.5755449533462524 0.0 0.0 0.0 1.0
0.8029090166091919 0.21431100368499756 -0.5562450289726257 4.32866096496582 0.5947700142860413 -0.35036298632621765 0.7235289812088013 4.7948479652404785 -0.039827000349760056 -0.911765992641449 -0.4087750017642975 1.5776259899139404 0.0 0.0 0.0 1.0
0.8094940185546875 0.2096959948539734 -0.5484039783477783 4.33404016494751 0.5856130123138428 -0.35542699694633484 0.7285109758377075 4.797264099121094 -0.04215199872851372 -0.9108780026435852 -0.41051700711250305 1.5827419757843018 0.0 0.0 0.0 1.0
0.8194969892501831 0.20218099653720856 -0.536234974861145 4.33073616027832 0.5715720057487488 -0.35628899931907654 0.7391650080680847 4.781576156616211 -0.0416099987924099 -0.9122400283813477 -0.4075379967689514 1.5780210494995117 0.0 0.0 0.0 1.0
0.8273869752883911 0.19550000131130219 -0.5265079736709595 4.33518123626709 0.5599319934844971 -0.36004000902175903 0.7462220191955566 4.777870178222656 -0.04367699846625328 -0.9122229814529419 -0.4073599874973297 1.5796259641647339 0.0 0.0 0.0 1.0
0.8350239992141724 0.19063900411128998 -0.5161319971084595 4.3383097648620605 0.5484809875488281 -0.3628059923648834 0.7533529996871948 4.775514125823975 -0.04363799840211868 -0.9121559858322144 -0.4075140058994293 1.5759899616241455 0.0 0.0 0.0 1.0
0.8426129817962646 0.19015799462795258 -0.5038290023803711 4.341145992279053 0.5370510220527649 -0.3657900094985962 0.7601140141487122 4.772829055786133 -0.039753999561071396 -0.9110640287399292 -0.4103440046310425 1.5765299797058105 0.0 0.0 0.0 1.0
0.8495389819145203 0.1881369948387146 -0.49283701181411743 4.345664024353027 0.5261939764022827 -0.3685790002346039 0.7663350105285645 4.769952774047852 -0.03747300058603287 -0.9103599786758423 -0.41211798787117004 1.5762579441070557 0.0 0.0 0.0 1.0
0.8563460111618042 0.1851940006017685 -0.4820519983768463 4.344059944152832 0.5152789950370789 -0.3679859936237335 0.7739989757537842 4.758321762084961 -0.03404900059103966 -0.9112020134925842 -0.41054999828338623 1.570739984512329 0.0 0.0 0.0 1.0
0.8606370091438293 0.1856130063533783 -0.4741860032081604 4.347838878631592 0.5082200169563293 -0.37142398953437805 0.7770180106163025 4.759292125701904 -0.03189999982714653 -0.9097210168838501 -0.4139930009841919 1.5799039602279663 0.0 0.0 0.0 1.0
0.8646910190582275 0.18465499579906464 -0.46713200211524963 4.35479211807251 0.5014410018920898 -0.3718380033969879 0.7812129855155945 4.757411956787109 -0.02944199927151203 -0.9097470045089722 -0.4141179919242859 1.5801509618759155 0.0 0.0 0.0 1.0
0.8688859939575195 0.18356500566005707 -0.4597190022468567 4.357601165771484 0.4942840039730072 -0.37209001183509827 0.7856410145759583 4.755776882171631 -0.026839999482035637 -0.9098650217056274 -0.41403698921203613 1.5829099416732788 0.0 0.0 0.0 1.0
0.8736209869384766 0.1799509972333908 -0.45211100578308105 4.358622074127197 0.48596999049186707 -0.37018099427223206 0.7917069792747498 4.7540130615234375 -0.024893999099731445 -0.9113640189170837 -0.4108479917049408 1.5816129446029663 0.0 0.0 0.0 1.0
0.8776289820671082 0.176596000790596 -0.4456250071525574 4.3619890213012695 0.47873198986053467 -0.36976099014282227 0.7962989807128906 4.755585193634033 -0.024150999262928963 -0.9121900200843811 -0.4090549945831299 1.5834850072860718 0.0 0.0 0.0 1.0
0.881492018699646 0.17360900342464447 -0.4391250014305115 4.367527961730957 0.4716689884662628 -0.36772799491882324 0.8014389872550964 4.757404804229736 -0.022342000156641006 -0.9135850071907043 -0.40603500604629517 1.5845069885253906 0.0 0.0 0.0 1.0
0.8852059841156006 0.1716489940881729 -0.4323740005493164 4.374993801116943 0.46477800607681274 -0.3659220039844513 0.8062769770622253 4.7577738761901855 -0.019818000495433807 -0.9146789908409119 -0.4036949872970581 1.5851800441741943 0.0 0.0 0.0 1.0
0.8899850249290466 0.17164300382137299 -0.422450989484787 4.377994060516357 0.45577600598335266 -0.3632029891014099 0.8126199841499329 4.754231929779053 -0.01395499985665083 -0.9157630205154419 -0.40147700905799866 1.5815349817276 0.0 0.0 0.0 1.0
0.8949199914932251 0.1727679967880249 -0.41142401099205017 4.377811908721924 0.44617000222206116 -0.3612770140171051 0.8187869787216187 4.750974178314209 -0.007178000174462795 -0.9163140058517456 -0.40039798617362976 1.5761120319366455 0.0 0.0 0.0 1.0
0.9003030061721802 0.17182199656963348 -0.3999139964580536 4.378779888153076 0.43525201082229614 -0.3620319962501526 0.8243110179901123 4.744869232177734 -0.0031469999812543392 -0.9161930084228516 -0.40072399377822876 1.572551965713501 0.0 0.0 0.0 1.0
0.9016720056533813 0.17175500094890594 -0.39684799313545227 4.397212982177734 0.43241599202156067 -0.3624480068683624 0.8256199955940247 4.750370025634766 -0.002032000105828047 -0.9160410165786743 -0.401078999042511 1.5736019611358643 0.0 0.0 0.0 1.0
0.905206024646759 0.1711769998073578 -0.38897401094436646 4.397576808929443 0.4249739944934845 -0.3641029894351959 0.8287500143051147 4.753666877746582 0.00023600000713486224 -0.9154930114746094 -0.4023340046405792 1.5761040449142456 0.0 0.0 0.0 1.0
0.9070749878883362 0.17023000121116638 -0.38501501083374023 4.402771949768066 0.4209659993648529 -0.36347201466560364 0.8310689926147461 4.753429889678955 0.0015310000162571669 -0.9159200191497803 -0.4013569951057434 1.5750319957733154 0.0 0.0 0.0 1.0
0.9082520008087158 0.16898100078105927 -0.3827829957008362 4.407482147216797 0.4184210002422333 -0.36399200558662415 0.8321260213851929 4.754097938537598 0.0012839999981224537 -0.9159449934959412 -0.4013020098209381 1.5748989582061768 0.0 0.0 0.0 1.0
0.909214973449707 0.16820299625396729 -0.38083600997924805 4.405886173248291 0.4163239896297455 -0.363429993391037 0.8334230184555054 4.751187801361084 0.0017760000191628933 -0.9163110256195068 -0.4004630148410797 1.5685080289840698 0.0 0.0 0.0 1.0
0.9083939790725708 0.1701660007238388 -0.3819209933280945 4.411632061004639 0.41811099648475647 -0.3656480014324188 0.8315560221672058 4.750793933868408 0.001854000031016767 -0.9150660037994385 -0.4033010005950928 1.5701119899749756 0.0 0.0 0.0 1.0
0.9079639911651611 0.1715950071811676 -0.38230401277542114 4.411561965942383 0.4190390110015869 -0.36571601033210754 0.8310589790344238 4.749855041503906 0.00279000005684793 -0.9147719740867615 -0.40396198630332947 1.5671080350875854 0.0 0.0 0.0 1.0
0.9068289995193481 0.17246800661087036 -0.3845979869365692 4.412087917327881 0.4214920103549957 -0.36588600277900696 0.8297420144081116 4.748412132263184 0.0023849999997764826 -0.9145389795303345 -0.40448999404907227 1.5664550065994263 0.0 0.0 0.0 1.0
0.903980016708374 0.1720619946718216 -0.39142799377441406 4.417323112487793 0.4275740087032318 -0.36618199944496155 0.8264930248260498 4.74934196472168 -0.0011259999591857195 -0.9144970178604126 -0.40459001064300537 1.568716049194336 0.0 0.0 0.0 1.0
0.9020259976387024 0.17355899512767792 -0.3952549993991852 4.409608840942383 0.4316810071468353 -0.36456298828125 0.8250730037689209 4.739442825317383 -0.0008970000199042261 -0.9148610234260559 -0.40376800298690796 1.5662460327148438 0.0 0.0 0.0 1.0
0.8987839818000793 0.17491500079631805 -0.4019849896430969 4.4095611572265625 0.4383910000324249 -0.35725799202919006 0.8247309923171997 4.728160858154297 0.0006459999713115394 -0.917481005191803 -0.3977789878845215 1.5459630489349365 0.0 0.0 0.0 1.0
0.8946059942245483 0.17892299592494965 -0.4094719886779785 4.418078899383545 0.4468570053577423 -0.3568440079689026 0.8203549981117249 4.7266740798950195 0.0006629999843426049 -0.9168689846992493 -0.39918699860572815 1.541646957397461 0.0 0.0 0.0 1.0
0.8904150128364563 0.18532900512218475 -0.415708988904953 4.425790786743164 0.45514601469039917 -0.35910800099372864 0.8147900104522705 4.727038860321045 0.00171999994199723 -0.9147099852561951 -0.404107004404068 1.5402899980545044 0.0 0.0 0.0 1.0
0.8876929879188538 0.19236299395561218 -0.4183270037174225 4.427120208740234 0.4604080021381378 -0.36084601283073425 0.811057984828949 4.723867893218994 0.005065999925136566 -0.9125710129737854 -0.40888598561286926 1.5338399410247803 0.0 0.0 0.0 1.0
0.8852059841156006 0.1993740051984787 -0.42031100392341614 4.42970609664917 0.46514201164245605 -0.3650349974632263 0.8064690232276917 4.726158142089844 0.007360999938100576 -0.9093949794769287 -0.41586801409721375 1.5341049432754517 0.0 0.0 0.0 1.0
0.8816570043563843 0.20708100497722626 -0.4240260124206543 4.438248157501221 0.47176000475883484 -0.3656339943408966 0.8023430109024048 4.730294227600098 0.011113000102341175 -0.9074299931526184 -0.42005598545074463 1.5387879610061646 0.0 0.0 0.0 1.0
0.879368007183075 0.21128100156784058 -0.4266979992389679 4.444736003875732 0.47588300704956055 -0.3604309856891632 0.802262008190155 4.728221893310547 0.015706999227404594 -0.9085429906845093 -0.41749700903892517 1.5352699756622314 0.0 0.0 0.0 1.0
0.8776829838752747 0.21491900086402893 -0.42834800481796265 4.4487080574035645 0.4788750112056732 -0.3583970069885254 0.8013929724693298 4.729800224304199 0.018716000020503998 -0.9084939956665039 -0.4174779951572418 1.5364630222320557 0.0 0.0 0.0 1.0
0.8756009936332703 0.21907100081443787 -0.4305010139942169 4.453350067138672 0.48243600130081177 -0.3522469997406006 0.8019829988479614 4.727105140686035 0.024049000814557076 -0.9099069833755493 -0.4141159951686859 1.532817006111145 0.0 0.0 0.0 1.0
0.8731709718704224 0.22477200627326965 -0.4324919879436493 4.463306903839111 0.4866499900817871 -0.35236600041389465 0.7993810176849365 4.7335028648376465 0.027282999828457832 -0.908469021320343 -0.4170610010623932 1.5381009578704834 0.0 0.0 0.0 1.0
0.8730869889259338 0.2306080013513565 -0.4295800030231476 4.46124792098999 0.4862770140171051 -0.3478730022907257 0.8015729784965515 4.721735000610352 0.03540999814867973 -0.9087380170822144 -0.4158630073070526 1.5211210250854492 0.0 0.0 0.0 1.0
0.8704550266265869 0.23985399305820465 -0.4298590123653412 4.460999965667725 0.4904560148715973 -0.3481299877166748 0.7989109754562378 4.718623161315918 0.0419749990105629 -0.9062430262565613 -0.42066898941993713 1.5183039903640747 0.0 0.0 0.0 1.0
0.866349995136261 0.24771800637245178 -0.43367400765419006 4.465906143188477 0.49742698669433594 -0.35013601183891296 0.7937080264091492 4.7141900062561035 0.04477100074291229 -0.9033499956130981 -0.42656201124191284 1.515544056892395 0.0 0.0 0.0 1.0
0.8615700006484985 0.2575480043888092 -0.4374539852142334 4.472373008728027 0.5052739977836609 -0.3520039916038513 0.7879030108451843 4.714752197265625 0.04893700033426285 -0.8998680114746094 -0.4334090054035187 1.5184969902038574 0.0 0.0 0.0 1.0
0.8590660095214844 0.2649439871311188 -0.43796199560165405 4.472023010253906 0.5089240074157715 -0.3505040109157562 0.7862210273742676 4.712525844573975 0.05479700118303299 -0.8983049988746643 -0.43594199419021606 1.5187679529190063 0.0 0.0 0.0 1.0
0.8572589755058289 0.2703770101070404 -0.43818199634552 4.471691131591797 0.5113059878349304 -0.34685400128364563 0.7862939834594727 4.709280014038086 0.060610998421907425 -0.8981029987335205 -0.4355889856815338 1.519142985343933 0.0 0.0 0.0 1.0
0.8556129932403564 0.27306100726127625 -0.43973198533058167 4.477869033813477 0.513617992401123 -0.34248700737953186 0.7867019772529602 4.703369140625 0.06421499699354172 -0.8989660143852234 -0.43328601121902466 1.5189950466156006 0.0 0.0 0.0 1.0
0.8546419739723206 0.27537500858306885 -0.44017601013183594 4.479234218597412 0.5147070288658142 -0.33783599734306335 0.7879999876022339 4.700355052947998 0.06828799843788147 -0.9000200033187866 -0.43046700954437256 1.5187749862670898 0.0 0.0 0.0 1.0
0.8540149927139282 0.2746660113334656 -0.4418340027332306 4.48101282119751 0.5156610012054443 -0.33435899019241333 0.7888590097427368 4.690120220184326 0.06894200295209885 -0.9015340209007263 -0.42718198895454407 1.5168830156326294 0.0 0.0 0.0 1.0
0.8511599898338318 0.2762080132961273 -0.4463590085506439 4.481385231018066 0.5208029747009277 -0.33825498819351196 0.7838039994239807 4.691129207611084 0.06550999730825424 -0.8996070027351379 -0.4317589998245239 1.5287460088729858 0.0 0.0 0.0 1.0
0.847711980342865 0.27706199884414673 -0.45235100388526917 4.481208801269531 0.526777982711792 -0.33942899107933044 0.7792900204658508 4.687192916870117 0.06237100064754486 -0.8989019989967346 -0.4336880147457123 1.5322599411010742 0.0 0.0 0.0 1.0
0.844173014163971 0.2780750095844269 -0.45830899477005005 4.483431816101074 0.5326899886131287 -0.3392530083656311 0.7753379940986633 4.679718017578125 0.060120001435279846 -0.8986560106277466 -0.4345160126686096 1.5377049446105957 0.0 0.0 0.0 1.0
0.8419870138168335 0.27481698989868164 -0.4642559885978699 4.481207847595215 0.5365449786186218 -0.336652010679245 0.7738119959831238 4.667500019073486 0.05636399984359741 -0.9006339907646179 -0.4309079945087433 1.5425399541854858 0.0 0.0 0.0 1.0
0.8393549919128418 0.2687450051307678 -0.47250398993492126 4.478670120239258 0.5412529706954956 -0.3327780067920685 0.7722070217132568 4.656897068023682 0.05028799921274185 -0.9039000272750854 -0.424778014421463 1.5457030534744263 0.0 0.0 0.0 1.0
0.8354179859161377 0.2639870047569275 -0.48206600546836853 4.480165004730225 0.5476369857788086 -0.32545900344848633 0.7708250284194946 4.636895179748535 0.046594999730587006 -0.9079579710960388 -0.4164629876613617 1.540658950805664 0.0 0.0 0.0 1.0
0.8309289813041687 0.2615779936313629 -0.4910529851913452 4.479947090148926 0.5546900033950806 -0.32077598571777344 0.7677379846572876 4.620180130004883 0.04330600053071976 -0.9103189706802368 -0.41163700819015503 1.5369720458984375 0.0 0.0 0.0 1.0
0.8251659870147705 0.26283198595046997 -0.5000209808349609 4.483234882354736 0.5633710026741028 -0.318013995885849 0.7625489830970764 4.606616020202637 0.041409000754356384 -0.9109259843826294 -0.41048601269721985 1.5336649417877197 0.0 0.0 0.0 1.0
0.8205819725990295 0.2651039958000183 -0.5063250064849854 4.4880170822143555 0.5701410174369812 -0.3179979920387268 0.7575060129165649 4.592851161956787 0.039806999266147614 -0.910273015499115 -0.4120909869670868 1.5340490341186523 0.0 0.0 0.0 1.0
0.8180919885635376 0.266075998544693 -0.5098320245742798 4.486433982849121 0.5738840103149414 -0.3203909993171692 0.7536630034446716 4.579980850219727 0.03718600049614906 -0.9091500043869019 -0.4148060083389282 1.5338679552078247 0.0 0.0 0.0 1.0
0.8147420287132263 0.2664729952812195 -0.5149639844894409 4.487392902374268 0.5787410140037537 -0.3194809854030609 0.7503269910812378 4.563004016876221 0.035420000553131104 -0.9093539714813232 -0.4145140051841736 1.5239269733428955 0.0 0.0 0.0 1.0
0.8115959763526917 0.26697400212287903 -0.5196509957313538 4.494668006896973 0.5835059881210327 -0.3264569938182831 0.7436040043830872 4.554858207702637 0.028880000114440918 -0.9067260026931763 -0.4207319915294647 1.5323209762573242 0.0 0.0 0.0 1.0
0.8109639883041382 0.26572901010513306 -0.5212739706039429 4.494815826416016 0.5845299959182739 -0.3287320137023926 0.741795003414154 4.540804862976074 0.025756999850273132 -0.9062690138816833 -0.42191600799560547 1.5353679656982422 0.0 0.0 0.0 1.0
0.8107870221138 0.26144999265670776 -0.5237069725990295 4.49982213973999 0.5849270224571228 -0.32820698618888855 0.7417150139808655 4.527957916259766 0.022036999464035034 -0.9077029824256897 -0.4190349876880646 1.5368319749832153 0.0 0.0 0.0 1.0
0.8128989934921265 0.2573130130767822 -0.5224800109863281 4.501687049865723 0.5820519924163818 -0.32768699526786804 0.7442020177841187 4.510732173919678 0.020284000784158707 -0.9090719819068909 -0.41614601016044617 1.5324280261993408 0.0 0.0 0.0 1.0
0.8148840069770813 0.25410598516464233 -0.5209559798240662 4.509354114532471 0.5793650150299072 -0.3302150070667267 0.7451800107955933 4.493791103363037 0.017326999455690384 -0.9090589880943298 -0.4163070023059845 1.529953956604004 0.0 0.0 0.0 1.0
0.8180599808692932 0.2508609890937805 -0.5175390243530273 4.510494232177734 0.5749379992485046 -0.3332349956035614 0.7472620010375977 4.481062889099121 0.014996999874711037 -0.9088580012321472 -0.4168359935283661 1.5304410457611084 0.0 0.0 0.0 1.0
0.8208289742469788 0.2470480054616928 -0.5149819850921631 4.514197826385498 0.5710499882698059 -0.3361780047416687 0.7489230036735535 4.469912052154541 0.011895000003278255 -0.9088190197944641 -0.4170219898223877 1.5299689769744873 0.0 0.0 0.0 1.0
0.8225020170211792 0.24510399997234344 -0.5132399797439575 4.516636848449707 0.5686669945716858 -0.3378159999847412 0.7499989867210388 4.455060958862305 0.010447000153362751 -0.9087380170822144 -0.4172370135784149 1.5324490070343018 0.0 0.0 0.0 1.0
0.8230350017547607 0.24307000637054443 -0.5133529901504517 4.5185627937316895 0.5679200291633606 -0.3378010094165802 0.7505720257759094 4.444416046142578 0.009030000306665897 -0.9092900156974792 -0.4160659909248352 1.538527011871338 0.0 0.0 0.0 1.0
0.8227429986000061 0.2400439977645874 -0.5152410268783569 4.518877983093262 0.5683299899101257 -0.33184999227523804 0.7529119849205017 4.430610179901123 0.009748999960720539 -0.9122800230979919 -0.40945199131965637 1.5304490327835083 0.0 0.0 0.0 1.0
0.8215410113334656 0.24362200498580933 -0.5154790282249451 4.517644882202148 0.5699570178985596 -0.3274570107460022 0.7536050081253052 4.419404029846191 0.014798000454902649 -0.9129189848899841 -0.4078730046749115 1.5261919498443604 0.0 0.0 0.0 1.0
0.8181599974632263 0.25170600414276123 -0.5169699788093567 4.519183158874512 0.5745840072631836 -0.3241119980812073 0.7515349984169006 4.408977031707764 0.021609999239444733 -0.9119189977645874 -0.40980198979377747 1.529934048652649 0.0 0.0 0.0 1.0
0.8149250149726868 0.2563050091266632 -0.5198119878768921 4.518473148345947 0.5790089964866638 -0.3207310140132904 0.7495869994163513 4.395133972167969 0.02540300041437149 -0.9118329882621765 -0.4097749888896942 1.5341459512710571 0.0 0.0 0.0 1.0
0.8088529706001282 0.2600550055503845 -0.5273789763450623 4.512899875640869 0.5873739719390869 -0.31558099389076233 0.7452520132064819 4.389145851135254 0.027375999838113785 -0.9125679731369019 -0.40800800919532776 1.5383039712905884 0.0 0.0 0.0 1.0
0.801048994064331 0.2603749930858612 -0.5390040278434753 4.516994953155518 0.5980539917945862 -0.30970698595046997 0.7391970157623291 4.380063056945801 0.025536000728607178 -0.9144870042800903 -0.4038090109825134 1.5356659889221191 0.0 0.0 0.0 1.0
0.7936999797821045 0.26067599654197693 -0.5496259927749634 4.516225814819336 0.6079210042953491 -0.30761098861694336 0.7319890260696411 4.374299049377441 0.021740999072790146 -0.9151089787483215 -0.40262100100517273 1.5402339696884155 0.0 0.0 0.0 1.0
0.7860810160636902 0.2568559944629669 -0.5622289776802063 4.519897937774658 0.6179010272026062 -0.30212101340293884 0.7258939743041992 4.368989944458008 0.016589000821113586 -0.9180129766464233 -0.39620399475097656 1.5454009771347046 0.0 0.0 0.0 1.0
0.7794359922409058 0.251583993434906 -0.5737460255622864 4.52069091796875 0.6263009905815125 -0.290910005569458 0.723268985748291 4.361802101135254 0.015054999850690365 -0.9230800271034241 -0.38431400060653687 1.542402982711792 0.0 0.0 0.0 1.0
0.7722809910774231 0.2518390119075775 -0.5832319855690002 4.528319835662842 0.6350640058517456 -0.28205201029777527 0.7191240191459656 4.3544020652771 0.01660200022161007 -0.9257559776306152 -0.3777579963207245 1.5347000360488892 0.0 0.0 0.0 1.0
0.7649880051612854 0.26025500893592834 -0.589119017124176 4.526651859283447 0.6437559723854065 -0.2815900146961212 0.7115370035171509 4.354374885559082 0.019291000440716743 -0.9235659837722778 -0.3829540014266968 1.537551999092102 0.0 0.0 0.0 1.0
0.7586069703102112 0.2683280110359192 -0.5937299728393555 4.525078773498535 0.6511440277099609 -0.2800999879837036 0.7053769826889038 4.349114894866943 0.022969000041484833 -0.9217069745063782 -0.38720598816871643 1.53848397731781 0.0 0.0 0.0 1.0
0.7510520219802856 0.2762860059738159 -0.5996559858322144 4.526910781860352 0.6597049832344055 -0.2773500084877014 0.6984739899635315 4.346675872802734 0.026664000004529953 -0.9201869964599609 -0.3905709981918335 1.5422970056533813 0.0 0.0 0.0 1.0
0.7444800138473511 0.27892398834228516 -0.6065899729728699 4.529404163360596 0.6670799851417542 -0.2733989953994751 0.6930059790611267 4.340321063995361 0.027455000206828117 -0.9205729961395264 -0.38960498571395874 1.5417180061340332 0.0 0.0 0.0 1.0
0.736981987953186 0.2809010148048401 -0.6147779822349548 4.53502893447876 0.6753339767456055 -0.2683910131454468 0.686942994594574 4.3360209465026855 0.02796199917793274 -0.9214450120925903 -0.3875020146369934 1.5335630178451538 0.0 0.0 0.0 1.0
0.7328670024871826 0.29292601346969604 -0.6140850186347961 4.533681869506836 0.6795639991760254 -0.27117499709129333 0.6816570162773132 4.329431056976318 0.03315100073814392 -0.9168739914894104 -0.39779698848724365 1.533756971359253 0.0 0.0 0.0 1.0
0.7280179858207703 0.3032490015029907 -0.6148409843444824 4.5262131690979 0.6844429969787598 -0.2703799903392792 0.677075982093811 4.324380874633789 0.03908199816942215 -0.913748025894165 -0.40439799427986145 1.5417109727859497 0.0 0.0 0.0 1.0
0.7198579907417297 0.30475398898124695 -0.6236420273780823 4.524187088012695 0.6929579973220825 -0.2635419964790344 0.671085000038147 4.320084095001221 0.04016000032424927 -0.9152439832687378 -0.4008939862251282 1.546044945716858 0.0 0.0 0.0 1.0
0.710889995098114 0.3026700019836426 -0.6348429918289185 4.526980876922607 0.702114999294281 -0.2529749870300293 0.6656110286712646 4.312572002410889 0.04086099937558174 -0.918910026550293 -0.39234599471092224 1.5425690412521362 0.0 0.0 0.0 1.0
0.7040290236473083 0.30374500155448914 -0.6419360041618347 4.531843185424805 0.7088660001754761 -0.24577300250530243 0.6611390113830566 4.305569171905518 0.04304699972271919 -0.9205080270767212 -0.38834598660469055 1.5426199436187744 0.0 0.0 0.0 1.0
0.6987559795379639 0.3053179979324341 -0.6469320058822632 4.530368804931641 0.7138919830322266 -0.2397180050611496 0.657945990562439 4.299251079559326 0.045802000910043716 -0.9215840101242065 -0.385468989610672 1.542436957359314 0.0 0.0 0.0 1.0
0.6952990293502808 0.3048030138015747 -0.6508870124816895 4.533426761627197 0.7171750068664551 -0.2348880022764206 0.6561149954795837 4.290493965148926 0.0471000000834465 -0.922996997833252 -0.3819139897823334 1.539505958557129 0.0 0.0 0.0 1.0
0.6929910182952881 0.305292010307312 -0.65311598777771 4.537540912628174 0.7193499803543091 -0.23255500197410583 0.6545640230178833 4.281645774841309 0.047947999089956284 -0.9234259724617004 -0.3807699978351593 1.5369559526443481 0.0 0.0 0.0 1.0
0.6928510069847107 0.30845698714256287 -0.6517760157585144 4.526668071746826 0.7193710207939148 -0.23345300555229187 0.6542209982872009 4.271586894989014 0.049639999866485596 -0.9221460223197937 -0.3836430013179779 1.5402339696884155 0.0 0.0 0.0 1.0
0.6893079876899719 0.3080340027809143 -0.6557210087776184 4.526332855224609 0.7228990197181702 -0.2329069972038269 0.6505159735679626 4.259697914123535 0.047658998519182205 -0.9224259853363037 -0.3832220137119293 1.5426859855651855 0.0 0.0 0.0 1.0
0.6856780052185059 0.30476799607276917 -0.6610320210456848 4.525177001953125 0.7265819907188416 -0.23182299733161926 0.6467900276184082 4.24609899520874 0.04387800022959709 -0.923783004283905 -0.38039499521255493 1.5450199842453003 0.0 0.0 0.0 1.0
0.6816849708557129 0.298786997795105 -0.667855978012085 4.5259552001953125 0.730597972869873 -0.22915300726890564 0.6432070136070251 4.23305606842041 0.03914099931716919 -0.9263989925384521 -0.3745039999485016 1.543699026107788 0.0 0.0 0.0 1.0
0.6783490180969238 0.29556000232696533 -0.6726710200309753 4.526885986328125 0.7337589859962463 -0.22523799538612366 0.6409879922866821 4.2182159423828125 0.037939999252557755 -0.9283919930458069 -0.36965999007225037 1.541308045387268 0.0 0.0 0.0 1.0
0.6764540076255798 0.29401400685310364 -0.6752520203590393 4.529074192047119 0.7355120182037354 -0.22258999943733215 0.6399030089378357 4.201148986816406 0.03783600032329559 -0.9295210242271423 -0.3668229877948761 1.5367399454116821 0.0 0.0 0.0 1.0
0.6744160056114197 0.2956559956073761 -0.6765729784965515 4.532516956329346 0.7373260259628296 -0.22138600051403046 0.6382309794425964 4.180931091308594 0.038913000375032425 -0.9292880296707153 -0.36730098724365234 1.5327249765396118 0.0 0.0 0.0 1.0
0.6719939708709717 0.3009679913520813 -0.676639974117279 4.529623985290527 0.7394530177116394 -0.22284500300884247 0.635254979133606 4.166195869445801 0.04040500149130821 -0.927232027053833 -0.3723030090332031 1.5334769487380981 0.0 0.0 0.0 1.0
0.6688910126686096 0.30305299162864685 -0.6787809729576111 4.534505844116211 0.7423120141029358 -0.22382499277591705 0.6315659880638123 4.145246982574463 0.03946999832987785 -0.9263160228729248 -0.374673992395401 1.5294870138168335 0.0 0.0 0.0 1.0
0.6658819913864136 0.306086003780365 -0.6803770065307617 4.534854888916016 0.745074987411499 -0.22604799270629883 0.6275069713592529 4.127932071685791 0.03827400133013725 -0.9247779846191406 -0.3785789906978607 1.5295360088348389 0.0 0.0 0.0 1.0
0.6658110022544861 0.3070110082626343 -0.6800289750099182 4.538221836090088 0.745182991027832 -0.22793099284172058 0.6266980171203613 4.106873989105225 0.037404000759124756 -0.9240090250968933 -0.3805379867553711 1.5298399925231934 0.0 0.0 0.0 1.0
0.6683300137519836 0.3052619993686676 -0.6783429980278015 4.5472211837768555 0.7430300116539001 -0.23078100383281708 0.6282089948654175 4.083630084991455 0.03522000089287758 -0.9238809943199158 -0.3810569941997528 1.5302300453186035 0.0 0.0 0.0 1.0
0.6744570136070251 0.30061501264572144 -0.6743429899215698 4.552227020263672 0.7375969886779785 -0.23409199714660645 0.6333659887313843 4.059377193450928 0.032540999352931976 -0.9245709776878357 -0.37961798906326294 1.527451992034912 0.0 0.0 0.0 1.0
0.6807209849357605 0.2963680028915405 -0.6699140071868896 4.5608229637146 0.7320539951324463 -0.241799995303154 0.6368910074234009 4.033522129058838 0.02676899917423725 -0.9239580035209656 -0.3815560042858124 1.524543046951294 0.0 0.0 0.0 1.0
0.6848520040512085 0.2956629991531372 -0.6660040020942688 4.563910961151123 0.7283560037612915 -0.2503820061683655 0.6378139853477478 4.0105671882629395 0.021821999922394753 -0.9218959808349609 -0.38682299852371216 1.525820016860962 0.0 0.0 0.0 1.0
0.6884109973907471 0.2952679991722107 -0.6625009775161743 4.564608097076416 0.7251120209693909 -0.2582019865512848 0.6383919715881348 3.9857990741729736 0.017436999827623367 -0.9198629856109619 -0.391851007938385 1.5237480401992798 0.0 0.0 0.0 1.0
0.6896460056304932 0.2969000041484833 -0.6604840159416199 4.577416896820068 0.7240309715270996 -0.2664079964160919 0.6362429857254028 3.9534659385681152 0.012942000292241573 -0.9169939756393433 -0.3986920118331909 1.5181089639663696 0.0 0.0 0.0 1.0
0.6862789988517761 0.30892398953437805 -0.658473014831543 4.591261863708496 0.7272120118141174 -0.2745850086212158 0.6290990114212036 3.9220120906829834 0.013536999933421612 -0.9105870127677917 -0.41309499740600586 1.5196579694747925 0.0 0.0 0.0 1.0
0.6836240291595459 0.3188909888267517 -0.6564810276031494 4.593077182769775 0.7296789884567261 -0.2800639867782593 0.6238049864768982 3.8915469646453857 0.01506900042295456 -0.9054679870605469 -0.42414700984954834 1.5225030183792114 0.0 0.0 0.0 1.0
0.6787009835243225 0.32600900530815125 -0.6580910086631775 4.596267223358154 0.7343339920043945 -0.2878830134868622 0.6147180199623108 3.866008996963501 0.010950000025331974 -0.9004679918289185 -0.43478599190711975 1.5240139961242676 0.0 0.0 0.0 1.0
0.6731290221214294 0.33340299129486084 -0.6601060032844543 4.597489833831787 0.7394959926605225 -0.29553601145744324 0.6048169732093811 3.8427000045776367 0.006562000140547752 -0.8952659964561462 -0.4454840123653412 1.52907395362854 0.0 0.0 0.0 1.0
0.668470025062561 0.3351680040359497 -0.6639350056648254 4.602777004241943 0.7437390089035034 -0.3006719946861267 0.5970330238342285 3.819746971130371 0.0004799999878741801 -0.8928940296173096 -0.4502680003643036 1.5333000421524048 0.0 0.0 0.0 1.0
0.6657350063323975 0.3356890082359314 -0.6664149761199951 4.605062007904053 0.7461829781532288 -0.30278700590133667 0.5928999781608582 3.799644947052002 -0.0027520000003278255 -0.8919820189476013 -0.4520620107650757 1.5357489585876465 0.0 0.0 0.0 1.0
0.6637349724769592 0.336203008890152 -0.6681489944458008 4.608841896057129 0.7479529976844788 -0.30404001474380493 0.5900220274925232 3.776777982711792 -0.004776999820023775 -0.8913630247116089 -0.4532659947872162 1.536599040031433 0.0 0.0 0.0 1.0
0.6606389880180359 0.3410570025444031 -0.6687570214271545 4.609508037567139 0.7506930232048035 -0.3048880100250244 0.5860909819602966 3.755152940750122 -0.004005999770015478 -0.8892260193824768 -0.4574509859085083 1.539942979812622 0.0 0.0 0.0 1.0
0.656665027141571 0.3446280062198639 -0.6708379983901978 4.607670783996582 0.7541720271110535 -0.3048489987850189 0.5816289782524109 3.732548952102661 -0.004058000165969133 -0.8878620266914368 -0.4600920081138611 1.5431849956512451 0.0 0.0 0.0 1.0
0.6498630046844482 0.34731701016426086 -0.6760540008544922 4.605441093444824 0.7600299715995789 -0.30361801385879517 0.5746039748191833 3.713747978210449 -0.0056929998099803925 -0.8872359991073608 -0.46128201484680176 1.5476759672164917 0.0 0.0 0.0 1.0
0.6417930126190186 0.3447900116443634 -0.6849979758262634 4.611149787902832 0.7668219804763794 -0.29937100410461426 0.5677679777145386 3.695719003677368 -0.009308000095188618 -0.8896610140800476 -0.4565269947052002 1.5461699962615967 0.0 0.0 0.0 1.0
0.6335049867630005 0.3433310091495514 -0.6933940052986145 4.6152777671813965 0.773652970790863 -0.29441800713539124 0.5610520243644714 3.677194118499756 -0.011521000415086746 -0.8918759822845459 -0.45213401317596436 1.5440150499343872 0.0 0.0 0.0 1.0
0.6286100149154663 0.34655100107192993 -0.6962419748306274 4.614325046539307 0.7776610255241394 -0.29125601053237915 0.5571479797363281 3.6620659828186035 -0.009704000316560268 -0.8916680216789246 -0.45258599519729614 1.5443099737167358 0.0 0.0 0.0 1.0
0.6260820031166077 0.34956198930740356 -0.6970130205154419 4.6145339012146 0.7797210216522217 -0.28920599818229675 0.5553330183029175 3.6479170322418213 -0.007457000203430653 -0.8911600112915039 -0.4536280035972595 1.543002963066101 0.0 0.0 0.0 1.0
0.6239519715309143 0.35382500290870667 -0.6967719793319702 4.614887237548828 0.7814459800720215 -0.2883700132369995 0.5533400177955627 3.635068893432617 -0.005142000038176775 -0.8897479772567749 -0.4564239978790283 1.541558027267456 0.0 0.0 0.0 1.0
0.6246880292892456 0.359593003988266 -0.6931509971618652 4.609879016876221 0.7808740139007568 -0.2892250120639801 0.5537009835243225 3.6238420009613037 -0.0013699999544769526 -0.8871539831161499 -0.4614720046520233 1.5427390336990356 0.0 0.0 0.0 1.0
0.6271340250968933 0.36256301403045654 -0.6893849968910217 4.6025710105896 0.7789080142974854 -0.2891620099544525 0.5564960241317749 3.6133999824523926 0.0024210000410676003 -0.8859649896621704 -0.46374601125717163 1.5452959537506104 0.0 0.0 0.0 1.0
0.6299239993095398 0.3615350127220154 -0.6873779892921448 4.597744941711426 0.7766370177268982 -0.2868430018424988 0.5608530044555664 3.598721981048584 0.00559900002554059 -0.8871380090713501 -0.46147000789642334 1.5449949502944946 0.0 0.0 0.0 1.0
0.6321840286254883 0.3595849871635437 -0.6863250136375427 4.590788841247559 0.7747880220413208 -0.2854590117931366 0.5641080141067505 3.585681915283203 0.006926999893039465 -0.888375997543335 -0.4590640068054199 1.5442240238189697 0.0 0.0 0.0 1.0
0.633637011051178 0.3575870096683502 -0.6860299706459045 4.58313512802124 0.7736020088195801 -0.2851719856262207 0.5658770203590393 3.573529005050659 0.006713999900966883 -0.8892750144004822 -0.4573250114917755 1.5426130294799805 0.0 0.0 0.0 1.0
0.6352720260620117 0.35406699776649475 -0.6863420009613037 4.577897071838379 0.7722669839859009 -0.2845889925956726 0.5679910182952881 3.556027889251709 0.005781999789178371 -0.8908680081367493 -0.45422500371932983 1.5393630266189575 0.0 0.0 0.0 1.0
0.6353949904441833 0.3518669903278351 -0.6873589754104614 4.569575786590576 0.7721840143203735 -0.2869980037212372 0.5668900012969971 3.5464420318603516 0.0021989999804645777 -0.8909670114517212 -0.4540629982948303 1.538962960243225 0.0 0.0 0.0 1.0
0.6365659832954407 0.3501240015029907 -0.6871659755706787 4.560469150543213 0.7712219953536987 -0.28821301460266113 0.5675830245018005 3.534311056137085 0.000674000009894371 -0.8912619948387146 -0.4534899890422821 1.5383540391921997 0.0 0.0 0.0 1.0
0.6403110027313232 0.34553098678588867 -0.6860100030899048 4.549996852874756 0.7681099772453308 -0.2914850115776062 0.5701259970664978 3.5235869884490967 -0.002966000000014901 -0.8919900059700012 -0.4520469903945923 1.5380560159683228 0.0 0.0 0.0 1.0
0.6467570066452026 0.33771800994873047 -0.6838510036468506 4.53589391708374 0.7626109719276428 -0.29977598786354065 0.5732010006904602 3.512460947036743 -0.011421999894082546 -0.8922340273857117 -0.45142900943756104 1.538728952407837 0.0 0.0 0.0 1.0
0.6527400016784668 0.32732999324798584 -0.6832180023193359 4.5198140144348145 0.7572749853134155 -0.30762600898742676 0.576108992099762 3.4987149238586426 -0.021598000079393387 -0.8934329748153687 -0.44867798686027527 1.540626049041748 0.0 0.0 0.0 1.0
0.6569910049438477 0.31346601247787476 -0.6856399774551392 4.503159999847412 0.7530109882354736 -0.3169640004634857 0.5766350030899048 3.4856209754943848 -0.036566998809576035 -0.8951389789581299 -0.4442859888076782 1.5425740480422974 0.0 0.0 0.0 1.0
0.6597239971160889 0.2981790006160736 -0.6898220181465149 4.493044853210449 0.7498499751091003 -0.3221360146999359 0.5778869986534119 3.4716379642486572 -0.04990300163626671 -0.8985090255737305 -0.4361110031604767 1.5423749685287476 0.0 0.0 0.0 1.0
0.6642429828643799 0.2850779891014099 -0.6910219788551331 4.484134197235107 0.7453089952468872 -0.3235650062561035 0.5829409956932068 3.4601070880889893 -0.057406000792980194 -0.902239978313446 -0.4273970127105713 1.540442943572998 0.0 0.0 0.0 1.0
0.6732100248336792 0.2780410051345825 -0.6851869821548462 4.473844051361084 0.7371919751167297 -0.324739009141922 0.5925310254096985 3.444870948791504 -0.05775900185108185 -0.9040120244026184 -0.42358699440956116 1.5312459468841553 0.0 0.0 0.0 1.0
0.684831976890564 0.280692994594574 -0.672469973564148 4.458509922027588 0.7263280153274536 -0.33734801411628723 0.5988690257072449 3.4356789588928223 -0.058758001774549484 -0.8985589742660522 -0.43490201234817505 1.5313060283660889 0.0 0.0 0.0 1.0
0.691815972328186 0.2814899981021881 -0.664946973323822 4.441524982452393 0.7191600203514099 -0.3512580096721649 0.5995230078697205 3.4234960079193115 -0.06480800360441208 -0.8929629921913147 -0.44544199109077454 1.5387799739837646 0.0 0.0 0.0 1.0
0.6922060251235962 0.2816779911518097 -0.6644610166549683 4.426677227020264 0.7188330292701721 -0.3510870039463043 0.6000149846076965 3.4109039306640625 -0.06427299976348877 -0.8929700255393982 -0.44550400972366333 1.543936014175415 0.0 0.0 0.0 1.0
0.6928489804267883 0.2819409966468811 -0.663677990436554 4.416283130645752 0.7186179757118225 -0.3460119962692261 0.6032119989395142 3.396678924560547 -0.05956999957561493 -0.8948659896850586 -0.44234201312065125 1.545915961265564 0.0 0.0 0.0 1.0
0.6946709752082825 0.2837800085544586 -0.6609860062599182 4.402499198913574 0.7174550294876099 -0.3396050035953522 0.6082159876823425 3.382728099822998 -0.05187400057911873 -0.8967379927635193 -0.4395129978656769 1.5493830442428589 0.0 0.0 0.0 1.0
0.6964510083198547 0.28329798579216003 -0.6593160033226013 4.388448238372803 0.7161719799041748 -0.33241599798202515 0.6136749982833862 3.3665080070495605 -0.0453139990568161 -0.8995789885520935 -0.4344019889831543 1.5498130321502686 0.0 0.0 0.0 1.0
0.6979730129241943 0.2838680148124695 -0.657459020614624 4.372774124145508 0.7149890065193176 -0.32791098952293396 0.6174669861793518 3.3504369258880615 -0.04030900076031685 -0.9010509848594666 -0.43183600902557373 1.5503499507904053 0.0 0.0 0.0 1.0
0.6981210112571716 0.28589099645614624 -0.6564249992370605 4.359694957733154 0.7150819897651672 -0.3243100047111511 0.6192579865455627 3.338542938232422 -0.03584500029683113 -0.9017149806022644 -0.4308429956436157 1.550786018371582 0.0 0.0 0.0 1.0
0.6987879872322083 0.28837600350379944 -0.6546260118484497 4.345205783843994 0.7147179841995239 -0.3192780017852783 0.6222860217094421 3.328092098236084 -0.029555000364780426 -0.9027190208435059 -0.4292150139808655 1.5523229837417603 0.0 0.0 0.0 1.0
0.7009530067443848 0.29085901379585266 -0.651203989982605 4.3282790184021 0.7128829956054688 -0.313293993473053 0.6274110078811646 3.3145101070404053 -0.021530000492930412 -0.904017984867096 -0.426952987909317 1.5533469915390015 0.0 0.0 0.0 1.0
0.6999109983444214 0.29518499970436096 -0.6503779888153076 4.317367076873779 0.7141370177268982 -0.30398300290107727 0.6305580139160156 3.3045449256896973 -0.011572999879717827 -0.9057930111885071 -0.42356398701667786 1.5504720211029053 0.0 0.0 0.0 1.0
0.701682984828949 0.29659101366996765 -0.6478239893913269 4.303050994873047 0.7124710083007812 -0.2986440062522888 0.6349769830703735 3.2948970794677734 -0.005140000022947788 -0.9071090221405029 -0.4208660125732422 1.5473599433898926 0.0 0.0 0.0 1.0
0.7049949765205383 0.299576997756958 -0.6428340077400208 4.287621974945068 0.7092099785804749 -0.2952379882335663 0.6402000188827515 3.2828569412231445 0.0020000000949949026 -0.9072420001029968 -0.42060500383377075 1.5451289415359497 0.0 0.0 0.0 1.0
0.7092189788818359 0.301349014043808 -0.637336015701294 4.269824028015137 0.7049540281295776 -0.29413801431655884 0.6453859806060791 3.272022008895874 0.007021000143140554 -0.9070119857788086 -0.4210459887981415 1.5451550483703613 0.0 0.0 0.0 1.0
0.714697003364563 0.29917800426483154 -0.6322190165519714 4.253346920013428 0.6993780136108398 -0.29420900344848633 0.6513919830322266 3.262547016143799 0.00887800008058548 -0.9077079892158508 -0.41950899362564087 1.5451380014419556 0.0 0.0 0.0 1.0
0.7208229899406433 0.2946870028972626 -0.6273549795150757 4.236495018005371 0.6930609941482544 -0.294638991355896 0.6579170227050781 3.2477939128875732 0.009037000127136707 -0.9090369939804077 -0.4166190028190613 1.5421890020370483 0.0 0.0 0.0 1.0
0.7254949808120728 0.29254698753356934 -0.6229550242424011 4.218782901763916 0.6881679892539978 -0.29642200469970703 0.6622380018234253 3.2321860790252686 0.009077999740839005 -0.9091479778289795 -0.41637399792671204 1.5382080078125 0.0 0.0 0.0 1.0
0.7293260097503662 0.2914229929447174 -0.6189960241317749 4.197772026062012 0.6841369867324829 -0.30228498578071594 0.6637619733810425 3.2175989151000977 0.006322000175714493 -0.9075779914855957 -0.41983699798583984 1.5362130403518677 0.0 0.0 0.0 1.0
0.7325249910354614 0.2923550009727478 -0.6147649884223938 4.17856502532959 0.6807270050048828 -0.30906200408935547 0.6641470193862915 3.2039239406585693 0.004166000057011843 -0.9049909710884094 -0.4254100024700165 1.535794973373413 0.0 0.0 0.0 1.0
0.7373319864273071 0.2907179892063141 -0.6097739934921265 4.157866954803467 0.6755300164222717 -0.3178200125694275 0.66531902551651 3.1922740936279297 -0.00037799999699927866 -0.9024819731712341 -0.4307279884815216 1.541458010673523 0.0 0.0 0.0 1.0
0.7422429919242859 0.28637000918388367 -0.6058610081672668 4.140466213226318 0.6701260209083557 -0.3206929862499237 0.669393002986908 3.1821770668029785 -0.002601000014692545 -0.9028559923171997 -0.4299359917640686 1.5466779470443726 0.0 0.0 0.0 1.0
0.7489050030708313 0.2774510085582733 -0.6017990112304688 4.125050067901611 0.6626430153846741 -0.32276999950408936 0.6758130192756653 3.1744790077209473 -0.0067369998432695866 -0.9048979878425598 -0.42557498812675476 1.550408959388733 0.0 0.0 0.0 1.0
0.7577250003814697 0.26849299669265747 -0.5947809815406799 4.103385925292969 0.6525009870529175 -0.3254280090332031 0.6843529939651489 3.157994031906128 -0.009813999757170677 -0.9066470265388489 -0.4217759966850281 1.5516339540481567 0.0 0.0 0.0 1.0
0.7634490132331848 0.26167500019073486 -0.5904849767684937 4.080700874328613 0.645704984664917 -0.3297800123691559 0.6887009739875793 3.141979932785034 -0.014514000155031681 -0.9070680141448975 -0.4207350015640259 1.5525449514389038 0.0 0.0 0.0 1.0
0.766618013381958 0.2576979994773865 -0.5881230235099792 4.061491966247559 0.6417660117149353 -0.33717599511146545 0.6888020038604736 3.1328670978546143 -0.020796999335289 -0.905485987663269 -0.42386698722839355 1.559169054031372 0.0 0.0 0.0 1.0
0.7707329988479614 0.2525300085544586 -0.5849779844284058 4.050205230712891 0.6367120146751404 -0.3396500051021576 0.6922690272331238 3.1282119750976562 -0.023869000375270844 -0.906017005443573 -0.4225679934024811 1.5642980337142944 0.0 0.0 0.0 1.0
0.7802579998970032 0.24654699862003326 -0.5748140215873718 4.0357489585876465 0.6250659823417664 -0.33990299701690674 0.7026799917221069 3.121954917907715 -0.022136999294161797 -0.9075689911842346 -0.4193199872970581 1.5662070512771606 0.0 0.0 0.0 1.0
0.7916619777679443 0.24419699609279633 -0.560034990310669 4.0162811279296875 0.6107659935951233 -0.33938300609588623 0.7153909802436829 3.111140012741089 -0.015370000153779984 -0.9083979725837708 -0.41782400012016296 1.566437005996704 0.0 0.0 0.0 1.0
0.8020889759063721 0.24258899688720703 -0.5457140207290649 3.996462106704712 0.5971350073814392 -0.33967500925064087 0.7266709804534912 3.1012070178985596 -0.009083000011742115 -0.9087200164794922 -0.4173080027103424 1.565161943435669 0.0 0.0 0.0 1.0
0.808929979801178 0.24666300415992737 -0.5336570143699646 3.974714994430542 0.5879009962081909 -0.34276100993156433 0.732725977897644 3.097372055053711 -0.0021800000686198473 -0.9064620137214661 -0.42228299379348755 1.5665700435638428 0.0 0.0 0.0 1.0
0.8126220107078552 0.25283700227737427 -0.5250890254974365 3.956183910369873 0.582768976688385 -0.3447369933128357 0.7358909845352173 3.099277973175049 0.005042999982833862 -0.9040079712867737 -0.42748698592185974 1.5709949731826782 0.0 0.0 0.0 1.0
0.8168479800224304 0.2543169856071472 -0.517765998840332 3.940264940261841 0.5767549872398376 -0.3435629904270172 0.741159975528717 3.0974009037017822 0.010603999719023705 -0.9040399789810181 -0.4273169934749603 1.5725630521774292 0.0 0.0 0.0 1.0
0.8210629820823669 0.2564229965209961 -0.5100039839744568 3.9243149757385254 0.5705599784851074 -0.34075799584388733 0.7472249865531921 3.09230899810791 0.01781800016760826 -0.9045060276985168 -0.42608800530433655 1.5697530508041382 0.0 0.0 0.0 1.0
0.8253690004348755 0.25839900970458984 -0.5019919872283936 3.9056999683380127 0.5641210079193115 -0.341060996055603 0.7519609928131104 3.08799409866333 0.023096000775694847 -0.9038289785385132 -0.42726999521255493 1.5672080516815186 0.0 0.0 0.0 1.0
0.8298590183258057 0.26192399859428406 -0.4926759898662567 3.8846800327301025 0.5572090148925781 -0.3428089916706085 0.7563070058822632 3.084167957305908 0.029201000928878784 -0.9021520018577576 -0.43042999505996704 1.5648789405822754 0.0 0.0 0.0 1.0
0.8329579830169678 0.26485100388526917 -0.485834002494812 3.8672540187835693 0.5522890090942383 -0.3439300060272217 0.7594010233879089 3.086271047592163 0.03403500095009804 -0.9008700251579285 -0.4327540099620819 1.5627779960632324 0.0 0.0 0.0 1.0
0.8375399708747864 0.26656201481819153 -0.47693899273872375 3.8465960025787354 0.5449860095977783 -0.3453649878501892 0.764011025428772 3.085848093032837 0.0389380007982254 -0.8998159766197205 -0.43452998995780945 1.559278964996338 0.0 0.0 0.0 1.0
0.8422899842262268 0.26669201254844666 -0.46842700242996216 3.8242149353027344 0.537418007850647 -0.3484460115432739 0.7679629921913147 3.084304094314575 0.04158800095319748 -0.898589015007019 -0.4368169903755188 1.5563950538635254 0.0 0.0 0.0 1.0
0.8462520241737366 0.26570600271224976 -0.4617980122566223 3.8015530109405518 0.531129002571106 -0.35248199105262756 0.7704920172691345 3.0860021114349365 0.04194900020956993 -0.8973050117492676 -0.43941301107406616 1.55446195602417 0.0 0.0 0.0 1.0
0.8502079844474792 0.2631849944591522 -0.45593899488449097 3.779999017715454 0.5248439908027649 -0.35619300603866577 0.7730889916419983 3.08630108833313 0.04106299951672554 -0.8965830206871033 -0.44096899032592773 1.5523689985275269 0.0 0.0 0.0 1.0
0.8538939952850342 0.25798898935317993 -0.45200198888778687 3.7561709880828857 0.5190830230712891 -0.3593420088291168 0.7755169868469238 3.0867679119110107 0.037650998681783676 -0.89683598279953 -0.44075798988342285 1.549088954925537 0.0 0.0 0.0 1.0
0.8566970229148865 0.2504569888114929 -0.4509339928627014 3.7342569828033447 0.5149989724159241 -0.3659819960594177 0.7751349806785583 3.091172933578491 0.029103999957442284 -0.8962860107421875 -0.44251999258995056 1.5495740175247192 0.0 0.0 0.0 1.0
0.8591820001602173 0.2414660006761551 -0.45111098885536194 3.7076730728149414 0.5112659931182861 -0.37008100748062134 0.77565997838974 3.0941169261932373 0.020347999408841133 -0.8970699906349182 -0.4414199888706207 1.5483989715576172 0.0 0.0 0.0 1.0
0.8606799840927124 0.23465299606323242 -0.4518499970436096 3.6815500259399414 0.5089830160140991 -0.37402400374412537 0.7752689719200134 3.0996649265289307 0.012916999869048595 -0.89724200963974 -0.4413500130176544 1.5463930368423462 0.0 0.0 0.0 1.0
0.8622249960899353 0.22806300222873688 -0.4522770047187805 3.6559269428253174 0.506496012210846 -0.3785820007324219 0.7746859788894653 3.1060829162597656 0.005452999845147133 -0.8970299959182739 -0.4419359862804413 1.54830002784729 0.0 0.0 0.0 1.0
0.8642269968986511 0.22188399732112885 -0.45153000950813293 3.632827043533325 0.5030999779701233 -0.378601998090744 0.776885986328125 3.1088500022888184 0.0014280000468716025 -0.8985700011253357 -0.4388270080089569 1.543336033821106 0.0 0.0 0.0 1.0
0.8673809766769409 0.22366799414157867 -0.44454801082611084 3.60550594329834 0.4976300001144409 -0.38294899463653564 0.7782769799232483 3.1115949153900146 0.003836000105366111 -0.896282970905304 -0.4434660077095032 1.5356090068817139 0.0 0.0 0.0 1.0
0.8703140020370483 0.22841300070285797 -0.4363270103931427 3.5796449184417725 0.4924759864807129 -0.3952470123767853 0.7754009962081909 3.1201889514923096 0.004654999822378159 -0.889723002910614 -0.45647698640823364 1.5402220487594604 0.0 0.0 0.0 1.0
0.8737930059432983 0.22723199427127838 -0.4299440085887909 3.554128885269165 0.4862860143184662 -0.4016990065574646 0.7759929895401001 3.130635976791382 0.003622000105679035 -0.8871319890022278 -0.46150100231170654 1.547842025756836 0.0 0.0 0.0 1.0
0.8767619729042053 0.22525300085544586 -0.4249120056629181 3.5270509719848633 0.48088300228118896 -0.398934006690979 0.780771017074585 3.1305789947509766 0.0063599999994039536 -0.8888829946517944 -0.45809000730514526 1.5476369857788086 0.0 0.0 0.0 1.0
0.8768050074577332 0.229544997215271 -0.4225189983844757 3.501678943634033 0.4806720018386841 -0.39473798871040344 0.7830309867858887 3.130902051925659 0.01295700017362833 -0.8896579742431641 -0.45644399523735046 1.542593002319336 0.0 0.0 0.0 1.0
0.8749129772186279 0.23750799894332886 -0.4220390021800995 3.478956937789917 0.4839800000190735 -0.39815399050712585 0.7792540192604065 3.13633394241333 0.01704300008714199 -0.8860380053520203 -0.4632990062236786 1.5444660186767578 0.0 0.0 0.0 1.0
0.8737469911575317 0.2437400072813034 -0.42089998722076416 3.4525439739227295 0.48593899607658386 -0.4006290137767792 0.7767620086669922 3.1409249305725098 0.020702999085187912 -0.8832259774208069 -0.46849098801612854 1.547752022743225 0.0 0.0 0.0 1.0
0.8732659816741943 0.24625200033187866 -0.42043599486351013 3.428436040878296 0.4866989850997925 -0.40006300806999207 0.7765780091285706 3.1410300731658936 0.02303300052881241 -0.8827850222587585 -0.46921199560165405 1.5497549772262573 0.0 0.0 0.0 1.0
0.8732249736785889 0.24564999341964722 -0.4208729863166809 3.4039220809936523 0.4867880046367645 -0.3994610011577606 0.7768329977989197 3.1463260650634766 0.022707000374794006 -0.8832259774208069 -0.4683989882469177 1.554015040397644 0.0 0.0 0.0 1.0
0.8737789988517761 0.2431190013885498 -0.42119300365448 3.3801119327545166 0.4857740104198456 -0.3951509892940521 0.7796670198440552 3.1488640308380127 0.023117000237107277 -0.8858609795570374 -0.4633750021457672 1.5529049634933472 0.0 0.0 0.0 1.0
0.8748149871826172 0.242808997631073 -0.41921699047088623 3.354343891143799 0.48378899693489075 -0.39239001274108887 0.7822909951210022 3.148937940597534 0.025450000539422035 -0.8871719837188721 -0.4607369899749756 1.5499099493026733 0.0 0.0 0.0 1.0
0.8756899833679199 0.2430340051651001 -0.4172540009021759 3.331087112426758 0.48216700553894043 -0.3933880031108856 0.7827900052070618 3.152362108230591 0.026101000607013702 -0.8866680264472961 -0.461668998003006 1.5489130020141602 0.0 0.0 0.0 1.0
0.8771169781684875 0.24330300092697144 -0.41408899426460266 3.3066389560699463 0.4794510006904602 -0.3930020034313202 0.784650981426239 3.151887893676758 0.02817000076174736 -0.8867660164833069 -0.46136099100112915 1.5440529584884644 0.0 0.0 0.0 1.0
0.878902018070221 0.24356000125408173 -0.4101339876651764 3.279616117477417 0.4761979877948761 -0.3980810046195984 0.7840710282325745 3.1566250324249268 0.027701999992132187 -0.884427011013031 -0.46585699915885925 1.5417029857635498 0.0 0.0 0.0 1.0
0.8790339827537537 0.24277199804782867 -0.4103190004825592 3.258213996887207 0.4761129915714264 -0.4022029936313629 0.7820159792900085 3.1666159629821777 0.024819999933242798 -0.8827769756317139 -0.4691370129585266 1.5420860052108765 0.0 0.0 0.0 1.0
0.8796020150184631 0.23759399354457855 -0.4121280014514923 3.240339994430542 0.4753110110759735 -0.4034219980239868 0.7818769812583923 3.176845073699951 0.0195080004632473 -0.8836290240287781 -0.46778199076652527 1.5420030355453491 0.0 0.0 0.0 1.0
0.8840799927711487 0.23220400512218475 -0.4055669903755188 3.214674949645996 0.4669559895992279 -0.40389901399612427 0.7866500020027161 3.1782009601593018 0.018854999914765358 -0.8848429918289185 -0.46550801396369934 1.5374339818954468 0.0 0.0 0.0 1.0
0.8899790048599243 0.22481299936771393 -0.39673200249671936 3.185995101928711 0.455716997385025 -0.40775299072265625 0.7912390232086182 3.181757926940918 0.01611199975013733 -0.884984016418457 -0.46534299850463867 1.534337043762207 0.0 0.0 0.0 1.0
0.8950679898262024 0.21789300441741943 -0.389070987701416 3.157727003097534 0.44577598571777344 -0.4142239987850189 0.793537974357605 3.1915578842163086 0.011744000017642975 -0.8837090134620667 -0.4678899943828583 1.5395020246505737 0.0 0.0 0.0 1.0
0.900638997554779 0.20603099465370178 -0.3826240003108978 3.13203501701355 0.4345319867134094 -0.4154140055179596 0.7991330027580261 3.1995270252227783 0.005698999855667353 -0.8859919905662537 -0.4636650085449219 1.5446840524673462 0.0 0.0 0.0 1.0
0.9073770046234131 0.19228699803352356 -0.3737559914588928 3.106419086456299 0.4203149974346161 -0.4111259877681732 0.8088949918746948 3.2065389156341553 0.0018789999885484576 -0.8910679817199707 -0.45386698842048645 1.5474820137023926 0.0 0.0 0.0 1.0
0.9144520163536072 0.1791429966688156 -0.3628840148448944 3.076772928237915 0.40469300746917725 -0.40633100271224976 0.8192179799079895 3.208254098892212 -0.0006939999875612557 -0.8959929943084717 -0.4440680146217346 1.5447089672088623 0.0 0.0 0.0 1.0
0.918819010257721 0.16957199573516846 -0.35639500617980957 3.053715944290161 0.3946399986743927 -0.40748700499534607 0.8235380053520203 3.2128970623016357 -0.005578000098466873 -0.8973299860954285 -0.44132599234580994 1.5460139513015747 0.0 0.0 0.0 1.0
0.9233480095863342 0.16114899516105652 -0.3485099971294403 3.0321569442749023 0.3838590085506439 -0.40866100788116455 0.8280389904975891 3.2243659496307373 -0.008984999731183052 -0.898347020149231 -0.43919500708580017 1.5499800443649292 0.0 0.0 0.0 1.0
0.9300959706306458 0.14926600456237793 -0.3356190025806427 3.013235092163086 0.36715298891067505 -0.40495601296424866 0.8373820185661316 3.2327940464019775 -0.010917999781668186 -0.9020699858665466 -0.4314520061016083 1.54933500289917 0.0 0.0 0.0 1.0
0.9380040168762207 0.13995499908924103 -0.317113995552063 2.993293046951294 0.34649500250816345 -0.403654009103775 0.8467620015144348 3.2448060512542725 -0.00949500035494566 -0.9041439890861511 -0.42712199687957764 1.5494970083236694 0.0 0.0 0.0 1.0
0.9454650282859802 0.13311700522899628 -0.29728201031684875 2.968179941177368 0.32568100094795227 -0.4014280140399933 0.8560299873352051 3.25175404548645 -0.005384999793022871 -0.9061650037765503 -0.4228900074958801 1.5457619428634644 0.0 0.0 0.0 1.0
0.9512770175933838 0.13120800256729126 -0.2790279984474182 2.9512479305267334 0.3083359897136688 -0.40112900733947754 0.8625689744949341 3.2568130493164062 0.0012499999720603228 -0.9065759778022766 -0.4220399856567383 1.5399140119552612 0.0 0.0 0.0 1.0
0.9577029943466187 0.13392600417137146 -0.25469499826431274 2.9277570247650146 0.2874949872493744 -0.407366007566452 0.866832971572876 3.263482093811035 0.012337000109255314 -0.9033920168876648 -0.4286389946937561 1.53445303440094 0.0 0.0 0.0 1.0
0.9660059809684753 0.1355780065059662 -0.22011800110340118 2.885946035385132 0.25735199451446533 -0.4233959913253784 0.8686230182647705 3.29026198387146 0.02456899918615818 -0.8957430124282837 -0.44389399886131287 1.540302038192749 0.0 0.0 0.0 1.0
0.9682809710502625 0.1344739943742752 -0.21059100329875946 2.869149923324585 0.248306006193161 -0.4239040017127991 0.8710049986839294 3.2985219955444336 0.02785700000822544 -0.8956689834594727 -0.44384899735450745 1.538135051727295 0.0 0.0 0.0 1.0
0.9703500270843506 0.13251399993896484 -0.20214100182056427 2.8515219688415527 0.23993200063705444 -0.42699700593948364 0.8718410134315491 3.3132131099700928 0.029217999428510666 -0.8944910168647766 -0.44613099098205566 1.5375980138778687 0.0 0.0 0.0 1.0
0.9728249907493591 0.12940900027751923 -0.19200499355793 2.8304150104522705 0.22949500381946564 -0.4288260042667389 0.8737509846687317 3.324803113937378 0.030734000727534294 -0.8940709829330444 -0.4468710124492645 1.5379970073699951 0.0 0.0 0.0 1.0
0.9747530221939087 0.12679700553417206 -0.18379099667072296 2.812150001525879 0.22086699306964874 -0.42668798565864563 0.8770149946212769 3.3391571044921875 0.03278199955821037 -0.8954660296440125 -0.4439209997653961 1.535720944404602 0.0 0.0 0.0 1.0
0.9759640097618103 0.11995399743318558 -0.18195100128650665 2.8115499019622803 0.21610499918460846 -0.42474499344825745 0.8791419863700867 3.3568599224090576 0.02817399986088276 -0.8973309993743896 -0.4404579997062683 1.5350879430770874 0.0 0.0 0.0 1.0
0.977940022945404 0.11459899693727493 -0.17464299499988556 2.7964460849761963 0.20710599422454834 -0.4230540096759796 0.8821179866790771 3.3741700649261475 0.02720700018107891 -0.8988280296325684 -0.43745601177215576 1.5319730043411255 0.0 0.0 0.0 1.0
0.9800840020179749 0.10842200368642807 -0.16637299954891205 2.7797629833221436 0.19694499671459198 -0.42329201102256775 0.8843290209770203 3.390101909637451 0.025456000119447708 -0.8994830250740051 -0.43621501326560974 1.528275966644287 0.0 0.0 0.0 1.0
0.9824810028076172 0.10193599760532379 -0.156016007065773 2.7576301097869873 0.1848209947347641 -0.42539000511169434 0.885936975479126 3.415869951248169 0.023941999301314354 -0.8992509841918945 -0.4367769956588745 1.5293519496917725 0.0 0.0 0.0 1.0
0.9847739934921265 0.0953269973397255 -0.1453700065612793 2.738128900527954 0.17232699692249298 -0.4252850115299225 0.8885030150413513 3.4312350749969482 0.022874999791383743 -0.9000260233879089 -0.43523699045181274 1.527999997138977 0.0 0.0 0.0 1.0
0.9863680005073547 0.08773499727249146 -0.13921299576759338 2.7218689918518066 0.1634809970855713 -0.42606601119041443 0.8897989988327026 3.4520370960235596 0.01875299960374832 -0.9004279971122742 -0.4346019923686981 1.533856987953186 0.0 0.0 0.0 1.0
0.9878429770469666 0.07765199989080429 -0.13467100262641907 2.694077968597412 0.15490899980068207 -0.41922301054000854 0.894569993019104 3.4729630947113037 0.013008000329136848 -0.9045569896697998 -0.4261550009250641 1.5361499786376953 0.0 0.0 0.0 1.0
0.9884510040283203 0.06914100050926208 -0.13484999537467957 2.677406072616577 0.15138199925422668 -0.40963101387023926 0.899603009223938 3.4872219562530518 0.0069599999114871025 -0.9096270203590393 -0.4153670072555542 1.5341540575027466 0.0 0.0 0.0 1.0
0.988690972328186 0.06540700048208237 -0.13495400547981262 2.6615920066833496 0.1498969942331314 -0.40320101380348206 0.9027510285377502 3.4993979930877686 0.004633000120520592 -0.9127709865570068 -0.4084460139274597 1.5200179815292358 0.0 0.0 0.0 1.0
0.9888039827346802 0.06694699823856354 -0.13336299359798431 2.648861885070801 0.14911200106143951 -0.4086860120296478 0.9004120230674744 3.5148820877075195 0.0057760002091526985 -0.9102169871330261 -0.4140920042991638 1.5130590200424194 0.0 0.0 0.0 1.0
0.9878960251808167 0.07294899970293045 -0.13689400255680084 2.6644299030303955 0.15491999685764313 -0.4194810092449188 0.8944470286369324 3.537393093109131 0.007823999971151352 -0.9048280119895935 -0.4257049858570099 1.5164339542388916 0.0 0.0 0.0 1.0
0.9886279702186584 0.07552699744701385 -0.13004299998283386 2.6474080085754395 0.14994899928569794 -0.429300993680954 0.8906270265579224 3.557981014251709 0.01143800001591444 -0.8999980092048645 -0.4357439875602722 1.52435302734375 0.0 0.0 0.0 1.0
0.9890900254249573 0.07624799758195877 -0.12604199349880219 2.6330299377441406 0.14674900472164154 -0.435342013835907 0.8882240056991577 3.576678991317749 0.012853999622166157 -0.8970310091972351 -0.44178199768066406 1.528573989868164 0.0 0.0 0.0 1.0
0.9894750118255615 0.07586900144815445 -0.12321799993515015 2.614619016647339 0.14409899711608887 -0.4389359951019287 0.8868880271911621 3.5937459468841553 0.013202999718487263 -0.8953099846839905 -0.4452489912509918 1.5305119752883911 0.0 0.0 0.0 1.0
0.9900360107421875 0.07462199777364731 -0.11941400170326233 2.595463991165161 0.140174999833107 -0.44165000319480896 0.8861700296401978 3.6077539920806885 0.013388999737799168 -0.8940790295600891 -0.44770899415016174 1.534458041191101 0.0 0.0 0.0 1.0
0.9908170104026794 0.07182099670171738 -0.11456000059843063 2.5805130004882812 0.13457900285720825 -0.44194599986076355 0.8868889808654785 3.62556791305542 0.013067999854683876 -0.8941619992256165 -0.44755300879478455 1.5373589992523193 0.0 0.0 0.0 1.0
0.9919059872627258 0.06725399941205978 -0.10770200192928314 2.5727028846740723 0.1263909935951233 -0.44168201088905334 0.8882240056991577 3.644382953643799 0.012167000211775303 -0.894648015499115 -0.44660699367523193 1.5399190187454224 0.0 0.0 0.0 1.0
0.993412971496582 0.06402300298213959 -0.09503400325775146 2.551798105239868 0.1135609969496727 -0.4392620027065277 0.891152024269104 3.660315990447998 0.015309000387787819 -0.8960750102996826 -0.44363999366760254 1.5410850048065186 0.0 0.0 0.0 1.0
0.994500994682312 0.060304999351501465 -0.08562300354242325 2.549607038497925 0.10339300334453583 -0.4351930022239685 0.8943809866905212 3.678410053253174 0.016673000529408455 -0.8983150124549866 -0.43903499841690063 1.5390889644622803 0.0 0.0 0.0 1.0
0.9957550168037415 0.05706699937582016 -0.0722149983048439 2.541198968887329 0.0898440033197403 -0.43220001459121704 0.8972910046577454 3.6909759044647217 0.01999399997293949 -0.8999699950218201 -0.43549299240112305 1.538573980331421 0.0 0.0 0.0 1.0
0.9967619776725769 0.04889800027012825 -0.0638279989361763 2.5493431091308594 0.07864099740982056 -0.4274519979953766 0.9006109833717346 3.7051939964294434 0.01675499975681305 -0.9027150273323059 -0.4299139976501465 1.5308150053024292 0.0 0.0 0.0 1.0
0.99794602394104 0.04262299835681915 -0.047821998596191406 2.5343549251556396 0.061438001692295074 -0.4254249930381775 0.9029060006141663 3.7247889041900635 0.018139999359846115 -0.9039890170097351 -0.4271700084209442 1.5302549600601196 0.0 0.0 0.0 1.0
0.9987919926643372 0.036722999066114426 -0.03265799954533577 2.522819995880127 0.045111000537872314 -0.42145898938179016 0.9057250022888184 3.7409000396728516 0.01949699968099594 -0.9061040282249451 -0.4226059913635254 1.5296239852905273 0.0 0.0 0.0 1.0
0.9993709921836853 0.030257999897003174 -0.018473999574780464 2.525161027908325 0.029433000832796097 -0.4176729917526245 0.9081209897994995 3.7561399936676025 0.01976200006902218 -0.9080939888954163 -0.418300986289978 1.5238300561904907 0.0 0.0 0.0 1.0
0.9997590184211731 0.021810999140143394 0.0023960000835359097 2.5102250576019287 0.0069320001639425755 -0.41757699847221375 0.908614993095398 3.7761850357055664 0.02081800065934658 -0.9083799719810486 -0.4176270067691803 1.525056004524231 0.0 0.0 0.0 1.0
0.9997490048408508 0.011719999834895134 0.019075000658631325 2.503351926803589 -0.012470000423491001 -0.41610100865364075 0.9092329740524292 3.7950289249420166 0.01859300024807453 -0.9092429876327515 -0.4158500134944916 1.5286359786987305 0.0 0.0 0.0 1.0
0.9994509816169739 0.0012860000133514404 0.03310199826955795 2.504251003265381 -0.029606999829411507 -0.41350099444389343 0.9100220203399658 3.81016206741333 0.014857999980449677 -0.9105029702186584 -0.41323599219322205 1.5303280353546143 0.0 0.0 0.0 1.0
0.9986670017242432 -0.008351000025868416 0.05093599855899811 2.493180990219116 -0.04983999952673912 -0.41260001063346863 0.9095479846000671 3.8275909423828125 0.013420999981462955 -0.9108740091323853 -0.41246598958969116 1.5400370359420776 0.0 0.0 0.0 1.0
0.9973239898681641 -0.019797999411821365 0.07038400322198868 2.4792590141296387 -0.07235000282526016 -0.40608900785446167 0.9109650254249573 3.8479878902435303 0.010546999983489513 -0.9136189818382263 -0.40643399953842163 1.5459710359573364 0.0 0.0 0.0 1.0
0.9954890012741089 -0.031165000051259995 0.08961699903011322 2.4754528999328613 -0.09461600333452225 -0.39659300446510315 0.9131050109863281 3.8650550842285156 0.007085000164806843 -0.9174659848213196 -0.3977530002593994 1.5584720373153687 0.0 0.0 0.0 1.0
0.9935070276260376 -0.05095199868083 0.10172300040721893 2.4896740913391113 -0.11344700306653976 -0.3763990104198456 0.9194859862327576 3.876689910888672 -0.008561000227928162 -0.925055980682373 -0.37973499298095703 1.5493489503860474 0.0 0.0 0.0 1.0
0.9906820058822632 -0.06545499712228775 0.11943800002336502 2.4746010303497314 -0.1351429969072342 -0.3635460138320923 0.9217219948768616 3.8808560371398926 -0.016909999772906303 -0.9292740225791931 -0.3690040111541748 1.5251590013504028 0.0 0.0 0.0 1.0
0.9878680109977722 -0.07895500212907791 0.1337289959192276 2.472656011581421 -0.15354500710964203 -0.36757200956344604 0.9172319769859314 3.8962290287017822 -0.02326500043272972 -0.9266380071640015 -0.375234991312027 1.5345619916915894 0.0 0.0 0.0 1.0
0.9839100241661072 -0.08742000162601471 0.1558150053024292 2.4786651134490967 -0.17721900343894958 -0.36684998869895935 0.9132440090179443 3.921783924102783 -0.02267500013113022 -0.9261639714241028 -0.37643998861312866 1.550125002861023 0.0 0.0 0.0 1.0
0.9783220291137695 -0.09742800146341324 0.1827400028705597 2.4794130325317383 -0.20564499497413635 -0.35302498936653137 0.9127339720726013 3.930953025817871 -0.024413999170064926 -0.9305279850959778 -0.3654080033302307 1.546565055847168 0.0 0.0 0.0 1.0
0.9723799824714661 -0.10583599656820297 0.20803000032901764 2.471669912338257 -0.23202300071716309 -0.3414660096168518 0.9108049869537354 3.934968948364258 -0.02536099962890148 -0.9339159727096558 -0.35659098625183105 1.531682014465332 0.0 0.0 0.0 1.0
0.966850996017456 -0.11353500187397003 0.22870899736881256 2.473021984100342 -0.25412800908088684 -0.3407289981842041 0.9051650166511536 3.9425950050354004 -0.02483999915421009 -0.9332810044288635 -0.3582870066165924 1.5234140157699585 0.0 0.0 0.0 1.0
0.9611999988555908 -0.12236399948596954 0.2472279965877533 2.478518009185791 -0.27483800053596497 -0.34802600741386414 0.8962929844856262 3.960103988647461 -0.023631999269127846 -0.9294649958610535 -0.36815300583839417 1.528689980506897 0.0 0.0 0.0 1.0
0.9549940228462219 -0.13023099303245544 0.266508013010025 2.4736220836639404 -0.29583901166915894 -0.35280901193618774 0.8876969814300537 3.97790789604187 -0.021578999236226082 -0.9265879988670349 -0.3754580020904541 1.5374170541763306 0.0 0.0 0.0 1.0
0.9502739906311035 -0.13327699899673462 0.281453013420105 2.4717769622802734 -0.3108839988708496 -0.35329699516296387 0.8823450207710266 3.990591049194336 -0.018160000443458557 -0.9259690046310425 -0.37716200947761536 1.5402050018310547 0.0 0.0 0.0 1.0
0.9419909715652466 -0.141976997256279 0.3041299879550934 2.4406869411468506 -0.3352459967136383 -0.35426199436187744 0.8729879856109619 4.003651142120361 -0.01620200090110302 -0.9243059754371643 -0.38130900263786316 1.5622550249099731 0.0 0.0 0.0 1.0
0.9377790093421936 -0.14490599930286407 0.3155510127544403 2.4510650634765625 -0.34686100482940674 -0.348921000957489 0.8705980181694031 4.008533954620361 -0.01605300046503544 -0.9258819818496704 -0.37747299671173096 1.5608570575714111 0.0 0.0 0.0 1.0
0.9323340058326721 -0.15049999952316284 0.328792005777359 2.452272891998291 -0.3611910045146942 -0.34439200162887573 0.8665649890899658 4.019167900085449 -0.017185000702738762 -0.9266840219497681 -0.37544798851013184 1.5648900270462036 0.0 0.0 0.0 1.0
0.927141010761261 -0.15523500740528107 0.34104299545288086 2.4560821056365967 -0.3742069900035858 -0.3363710045814514 0.8641899824142456 4.029579162597656 -0.019435999915003777 -0.9288470149040222 -0.369953989982605 1.5678809881210327 0.0 0.0 0.0 1.0
0.922872006893158 -0.15947699546813965 0.35053500533103943 2.463732957839966 -0.3843809962272644 -0.32559600472450256 0.863851010799408 4.036476135253906 -0.023631999269127846 -0.9319630265235901 -0.3617840111255646 1.5706650018692017 0.0 0.0 0.0 1.0
0.91880202293396 -0.16006800532341003 0.3608050048351288 2.4692111015319824 -0.39397498965263367 -0.3158389925956726 0.8631510138511658 4.0434041023254395 -0.02420699968934059 -0.9352139830589294 -0.3532559871673584 1.5711729526519775 0.0 0.0 0.0 1.0
0.9135950207710266 -0.15952399373054504 0.3740270137786865 2.467318058013916 -0.40599700808525085 -0.30675798654556274 0.8608520030975342 4.050288200378418 -0.02259100042283535 -0.938323974609375 -0.34501901268959045 1.570227026939392 0.0 0.0 0.0 1.0
0.9093829989433289 -0.15859200060367584 0.38454100489616394 2.4678618907928467 -0.41544198989868164 -0.30016300082206726 0.8586670160293579 4.05245304107666 -0.020752999931573868 -0.9406120181083679 -0.3388490080833435 1.568444013595581 0.0 0.0 0.0 1.0
0.9057130217552185 -0.15864700078964233 0.3930850028991699 2.468492031097412 -0.42350199818611145 -0.29889699816703796 0.8551639914512634 4.060327053070068 -0.018177000805735588 -0.9410060048103333 -0.3379020094871521 1.5672290325164795 0.0 0.0 0.0 1.0
0.9027150273323059 -0.15966099500656128 0.3995180130004883 2.4714770317077637 -0.42991700768470764 -0.2988109886646271 0.8519880175590515 4.063094139099121 -0.016649000346660614 -0.9408619999885559 -0.3383820056915283 1.5670520067214966 0.0 0.0 0.0 1.0
0.8954970240592957 -0.1629820019006729 0.41415101289749146 2.4557979106903076 -0.44485700130462646 -0.299235999584198 0.8441320061683655 4.075098991394043 -0.013648999854922295 -0.9401569962501526 -0.34046900272369385 1.5757280588150024 0.0 0.0 0.0 1.0
0.890093982219696 -0.1656379997730255 0.42461299896240234 2.4637680053710938 -0.45559900999069214 -0.2973270118236542 0.8390629887580872 4.0817341804504395 -0.012732000090181828 -0.9402980208396912 -0.3401139974594116 1.577576994895935 0.0 0.0 0.0 1.0
0.8842920064926147 -0.16596899926662445 0.4364430010318756 2.4666969776153564 -0.4668329954147339 -0.29474401473999023 0.8337820172309875 4.080211162567139 -0.009743000380694866 -0.9410529732704163 -0.3381200134754181 1.574545979499817 0.0 0.0 0.0 1.0
0.8765490055084229 -0.1671849936246872 0.45134299993515015 2.4633259773254395 -0.48128700256347656 -0.29490798711776733 0.8254650235176086 4.084518909454346 -0.004900999832898378 -0.9407860040664673 -0.3389660120010376 1.5741850137710571 0.0 0.0 0.0 1.0
0.8685629963874817 -0.1681559979915619 0.4661790132522583 2.4634110927581787 -0.4955790042877197 -0.29484501481056213 0.8169869780540466 4.084255218505859 6.900000153109431e-05 -0.9406329989433289 -0.3394260108470917 1.572633981704712 0.0 0.0 0.0 1.0
0.8602749705314636 -0.17001700401306152 0.480646014213562 2.4666550159454346 -0.5098050236701965 -0.29622501134872437 0.8076819777488708 4.084977149963379 0.005059000104665756 -0.939864993095398 -0.34150999784469604 1.5686169862747192 0.0 0.0 0.0 1.0
0.84996098279953 -0.17469699680805206 0.49703800678253174 2.463361978530884 -0.5267549753189087 -0.29926198720932007 0.7955949902534485 4.085794925689697 0.009755999781191349 -0.9380419850349426 -0.3463839888572693 1.5643800497055054 0.0 0.0 0.0 1.0
0.8396810293197632 -0.18540899455547333 0.5104489922523499 2.4692349433898926 -0.5430070161819458 -0.3019689917564392 0.7835549712181091 4.090521812438965 0.008860999718308449 -0.9351140260696411 -0.35423699021339417 1.5692110061645508 0.0 0.0 0.0 1.0
0.8281670212745667 -0.1923139989376068 0.5264549851417542 2.4656569957733154 -0.5604010224342346 -0.3000760078430176 0.7719489932060242 4.092206954956055 0.009518999606370926 -0.9343289732933044 -0.3562859892845154 1.5682220458984375 0.0 0.0 0.0 1.0
0.8177040219306946 -0.19971300661563873 0.5398839712142944 2.473351001739502 -0.5755940079689026 -0.29535600543022156 0.7625330090522766 4.085418224334717 0.007170000113546848 -0.9342809915542603 -0.35646700859069824 1.5705419778823853 0.0 0.0 0.0 1.0
0.8001419901847839 -0.20686599612236023 0.5630099773406982 2.452049970626831 -0.5997549891471863 -0.28874900937080383 0.7462700009346008 4.090464115142822 0.008190000429749489 -0.9347890019416809 -0.35510900616645813 1.5719239711761475 0.0 0.0 0.0 1.0
0.7871450185775757 -0.21549899876117706 0.577895998954773 2.4546189308166504 -0.6167410016059875 -0.2837510108947754 0.7342450022697449 4.08730411529541 0.005748999770730734 -0.9343690276145935 -0.3562609851360321 1.5691839456558228 0.0 0.0 0.0 1.0
0.774055004119873 -0.22466300427913666 0.591916024684906 2.4458720684051514 -0.6331080198287964 -0.28003498911857605 0.7216339707374573 4.082192897796631 0.0036329999566078186 -0.9333310127258301 -0.35899901390075684 1.564998984336853 0.0 0.0 0.0 1.0
0.7593899965286255 -0.23801299929618835 0.605538010597229 2.4365360736846924 -0.6506339907646179 -0.27627500891685486 0.7073519825935364 4.090465068817139 -0.0010639999527484179 -0.9311400055885315 -0.36465999484062195 1.563999056816101 0.0 0.0 0.0 1.0
0.7488210201263428 -0.2528490126132965 0.6126459836959839 2.4427969455718994 -0.6626819968223572 -0.2703999876976013 0.6983820199966431 4.087581157684326 -0.010925999842584133 -0.9289519786834717 -0.3700389862060547 1.5688190460205078 0.0 0.0 0.0 1.0
0.7379500269889832 -0.2615480124950409 0.6221110224723816 2.4327940940856934 -0.6745740175247192 -0.2592740058898926 0.691178023815155 4.083596229553223 -0.019478999078273773 -0.9297149777412415 -0.36776500940322876 1.5694119930267334 0.0 0.0 0.0 1.0
0.7277119755744934 -0.26717299222946167 0.6317070126533508 2.427825927734375 -0.685437023639679 -0.250095009803772 0.6838340163230896 4.077855110168457 -0.0247150007635355 -0.9306300282478333 -0.36512699723243713 1.5654419660568237 0.0 0.0 0.0 1.0
0.715707004070282 -0.27480900287628174 0.6420620083808899 2.424314022064209 -0.6978960037231445 -0.24645599722862244 0.6724590063095093 4.074345111846924 -0.026558000594377518 -0.9293760061264038 -0.36817800998687744 1.5613340139389038 0.0 0.0 0.0 1.0
0.7019510269165039 -0.2847369909286499 0.6528319716453552 2.421207904815674 -0.7117210030555725 -0.24594900012016296 0.6579989790916443 4.074131011962891 -0.026792999356985092 -0.9265170097351074 -0.37529799342155457 1.5600110292434692 0.0 0.0 0.0 1.0
0.689303994178772 -0.2952370047569275 0.6615859866142273 2.4211039543151855 -0.7239360213279724 -0.24556399881839752 0.644681990146637 4.070135116577148 -0.027871999889612198 -0.9233279824256897 -0.3830009996891022 1.5604749917984009 0.0 0.0 0.0 1.0
0.6708289980888367 -0.30257299542427063 0.6770809888839722 2.3999741077423096 -0.7411879897117615 -0.24266600608825684 0.625901997089386 4.083686828613281 -0.02507700026035309 -0.9217180013656616 -0.387050986289978 1.5571650266647339 0.0 0.0 0.0 1.0
0.6594640016555786 -0.30992600321769714 0.6848750114440918 2.4007699489593506 -0.7512760162353516 -0.23983299732208252 0.614870011806488 4.079366207122803 -0.026309000328183174 -0.9200140237808228 -0.39100098609924316 1.5568569898605347 0.0 0.0 0.0 1.0
0.6479920148849487 -0.3167009949684143 0.6926810145378113 2.398818016052246 -0.7610920071601868 -0.2345529943704605 0.6047509908676147 4.075982093811035 -0.029054999351501465 -0.9190679788589478 -0.39302700757980347 1.5571839809417725 0.0 0.0 0.0 1.0
0.6377800107002258 -0.3203369975090027 0.7004430294036865 2.3929638862609863 -0.7696319818496704 -0.22958999872207642 0.5957810282707214 4.071014881134033 -0.030036000534892082 -0.919061005115509 -0.3929699957370758 1.5545790195465088 0.0 0.0 0.0 1.0
0.6274009943008423 -0.32482200860977173 0.7077130079269409 2.388288974761963 -0.7780529856681824 -0.2245829999446869 0.5866820216178894 4.067131042480469 -0.031626999378204346 -0.918724000453949 -0.39363300800323486 1.5496059656143188 0.0 0.0 0.0 1.0
0.61701899766922 -0.3332720100879669 0.7128940224647522 2.3846399784088135 -0.7861629724502563 -0.22059300541877747 0.5773100256919861 4.062963008880615 -0.03514200076460838 -0.9166619777679443 -0.39811599254608154 1.548619031906128 0.0 0.0 0.0 1.0
0.6079000234603882 -0.3391000032424927 0.7179620265960693 2.38305401802063 -0.7931129932403564 -0.21627800166606903 0.5693820118904114 4.0598602294921875 -0.03779799863696098 -0.915552020072937 -0.40042001008987427 1.5463110208511353 0.0 0.0 0.0 1.0
0.5988050103187561 -0.3450480103492737 0.7227550148963928 2.382962942123413 -0.7998999953269958 -0.2127089947462082 0.5611720085144043 4.05527400970459 -0.03989500179886818 -0.9141650199890137 -0.4033760130405426 1.542978048324585 0.0 0.0 0.0 1.0
0.589381992816925 -0.350616991519928 0.7278029918670654 2.3814480304718018 -0.8068569898605347 -0.21072399616241455 0.5518850088119507 4.050187110900879 -0.0401340015232563 -0.9125040173530579 -0.4070949852466583 1.5365430116653442 0.0 0.0 0.0 1.0
0.5798720121383667 -0.3590730130672455 0.731311023235321 2.3787879943847656 -0.8137819766998291 -0.2125069946050644 0.5409240126609802 4.045860767364502 -0.038823001086711884 -0.9087939858436584 -0.41543400287628174 1.5312379598617554 0.0 0.0 0.0 1.0
0.5666469931602478 -0.36802199482917786 0.7372050285339355 2.360100030899048 -0.8232309818267822 -0.21523499488830566 0.5253229737281799 4.051084995269775 -0.034657999873161316 -0.9045630097389221 -0.42493000626564026 1.5277609825134277 0.0 0.0 0.0 1.0
0.5607830286026001 -0.3759079873561859 0.7377099990844727 2.3667030334472656 -0.8273090124130249 -0.21899400651454926 0.5173019766807556 4.043212890625 -0.0329039990901947 -0.9004080295562744 -0.43380099534988403 1.5280979871749878 0.0 0.0 0.0 1.0
0.5533750057220459 -0.379613995552063 0.7413970232009888 2.3634889125823975 -0.8324459791183472 -0.22163400053977966 0.5078510046005249 4.037628173828125 -0.028467999771237373 -0.8982049822807312 -0.43865400552749634 1.523197054862976 0.0 0.0 0.0 1.0
0.5462650060653687 -0.3846299946308136 0.7440789937973022 2.360680103302002 -0.8372730016708374 -0.22545699775218964 0.49814000725746155 4.03403902053833 -0.02384199947118759 -0.895114004611969 -0.44519999623298645 1.5188319683074951 0.0 0.0 0.0 1.0
0.5399580001831055 -0.39076200127601624 0.7454860210418701 2.3620660305023193 -0.8413829803466797 -0.2266159951686859 0.49063101410865784 4.027429103851318 -0.022780999541282654 -0.8921610116958618 -0.4511440098285675 1.5160069465637207 0.0 0.0 0.0 1.0
0.531682014465332 -0.3968600034713745 0.7482089996337891 2.3606410026550293 -0.846697986125946 -0.22778399288654327 0.4808500111103058 4.023342132568359 -0.020400000736117363 -0.8891670107841492 -0.45712900161743164 1.510241985321045 0.0 0.0 0.0 1.0
0.523967981338501 -0.40563100576400757 0.7489460110664368 2.363007068634033 -0.8515390157699585 -0.2304850071668625 0.47091200947761536 4.017294883728027 -0.01839599944651127 -0.8845000267028809 -0.46617698669433594 1.5044620037078857 0.0 0.0 0.0 1.0
0.5152760148048401 -0.41628599166870117 0.7491300106048584 2.364461898803711 -0.8568699955940247 -0.23365099728107452 0.45954498648643494 4.012148857116699 -0.016266999766230583 -0.8787000179290771 -0.4770979881286621 1.5010730028152466 0.0 0.0 0.0 1.0
0.5069370269775391 -0.4268040060997009 0.7489010095596313 2.3653109073638916 -0.8618419766426086 -0.23524600267410278 0.449319988489151 4.00510311126709 -0.015595000237226486 -0.8732110261917114 -0.4870930016040802 1.4973859786987305 0.0 0.0 0.0 1.0
0.49917200207710266 -0.4365450143814087 0.7485030293464661 2.36618709564209 -0.8663849830627441 -0.23718500137329102 0.4394550025463104 3.9990429878234863 -0.014307999983429909 -0.8678550124168396 -0.496612012386322 1.49311101436615 0.0 0.0 0.0 1.0
0.4892680048942566 -0.4461730122566223 0.7493640184402466 2.3565690517425537 -0.8720160126686096 -0.23617799580097198 0.42872801423072815 3.9907569885253906 -0.014303999952971935 -0.8632209897041321 -0.5046240091323853 1.4872779846191406 0.0 0.0 0.0 1.0
0.4820280075073242 -0.4557340145111084 0.7483019828796387 2.3571460247039795 -0.8760629892349243 -0.23823699355125427 0.4192349910736084 3.9822640419006348 -0.01278700027614832 -0.8576419949531555 -0.514087975025177 1.4843230247497559 0.0 0.0 0.0 1.0
0.4733729958534241 -0.4650849997997284 0.7480729818344116 2.357806921005249 -0.8807870149612427 -0.23883099853992462 0.40887001156806946 3.974600076675415 -0.011495999991893768 -0.8524410128593445 -0.5226969718933105 1.4818110466003418 0.0 0.0 0.0 1.0
0.4656429886817932 -0.4734970033168793 0.7476480007171631 2.359205961227417 -0.8849179744720459 -0.23976600170135498 0.3992899954319 3.9665169715881348 -0.009801999665796757 -0.8475340008735657 -0.5306509733200073 1.4791009426116943 0.0 0.0 0.0 1.0
0.4587309956550598 -0.4820750057697296 0.7464380264282227 2.36147403717041 -0.8885080218315125 -0.23852400481700897 0.39199501276016235 3.957969903945923 -0.01092700008302927 -0.8430370092391968 -0.5377449989318848 1.4773859977722168 0.0 0.0 0.0 1.0
0.45207199454307556 -0.48999300599098206 0.7453439831733704 2.3625059127807617 -0.8918759822845459 -0.23546400666236877 0.3861519992351532 3.9480319023132324 -0.01370999962091446 -0.8393239974975586 -0.5434589982032776 1.4767060279846191 0.0 0.0 0.0 1.0
0.4474239945411682 -0.4968020021915436 0.7436389923095703 2.3649349212646484 -0.8941119909286499 -0.2304760068655014 0.3839850127696991 3.9356489181518555 -0.019373999908566475 -0.836700975894928 -0.5473170280456543 1.4763469696044922 0.0 0.0 0.0 1.0
0.44236600399017334 -0.5025569796562195 0.7427979707717896 2.36580491065979 -0.8964980244636536 -0.22509799897670746 0.38160601258277893 3.9260590076446533 -0.02457600086927414 -0.8347259759902954 -0.550117015838623 1.4757310152053833 0.0 0.0 0.0 1.0
0.43904799222946167 -0.5079709887504578 0.7410809993743896 2.3674559593200684 -0.8979319930076599 -0.2197200059890747 0.3813680112361908 3.9125781059265137 -0.030894000083208084 -0.8328800201416016 -0.5525910258293152 1.473680019378662 0.0 0.0 0.0 1.0
0.4342690110206604 -0.514274001121521 0.7395489811897278 2.3681271076202393 -0.9001209735870361 -0.21628199517726898 0.3781589865684509 3.901792049407959 -0.034526001662015915 -0.8299059867858887 -0.5568339824676514 1.4721699953079224 0.0 0.0 0.0 1.0
0.41987699270248413 -0.5197780132293701 0.7439990043640137 2.3589510917663574 -0.9067599773406982 -0.20538699626922607 0.3682419955730438 3.898237943649292 -0.03859600052237511 -0.8292449712753296 -0.5575510263442993 1.4643700122833252 0.0 0.0 0.0 1.0
0.411639004945755 -0.5273939967155457 0.7432420253753662 2.3573060035705566 -0.9105340242385864 -0.20357100665569305 0.3598420023918152 3.888345956802368 -0.03847600147128105 -0.8248720169067383 -0.5640090107917786 1.4608240127563477 0.0 0.0 0.0 1.0
0.40540701150894165 -0.5359609723091125 0.7405340075492859 2.3566579818725586 -0.9133650064468384 -0.20422500371932983 0.3522160053253174 3.877005100250244 -0.03753900155425072 -0.8191689848899841 -0.5723220109939575 1.4586999416351318 0.0 0.0 0.0 1.0
0.40162399411201477 -0.5429909825325012 0.7374680042266846 2.356726884841919 -0.9150429964065552 -0.20508599281311035 0.3473280072212219 3.8612639904022217 -0.037351999431848526 -0.8143100142478943 -0.5792279839515686 1.454934000968933 0.0 0.0 0.0 1.0
0.39443299174308777 -0.5534279942512512 0.7335799932479858 2.3577020168304443 -0.9181720018386841 -0.20505300164222717 0.3389880061149597 3.8505749702453613 -0.0371830016374588 -0.8072609901428223 -0.5890219807624817 1.4551589488983154 0.0 0.0 0.0 1.0
0.38811299204826355 -0.5613120198249817 0.7309569716453552 2.3581409454345703 -0.9208210110664368 -0.2033260017633438 0.33278700709342957 3.8390719890594482 -0.03817500174045563 -0.8022390007972717 -0.5957810282707214 1.453395962715149 0.0 0.0 0.0 1.0
0.3826169967651367 -0.5681430101394653 0.7285730242729187 2.3585760593414307 -0.9230149984359741 -0.20040300488471985 0.32845500111579895 3.8272509574890137 -0.04060100018978119 -0.7981560230255127 -0.6010810136795044 1.4524259567260742 0.0 0.0 0.0 1.0
0.37589699029922485 -0.5742570161819458 0.727275013923645 2.357032060623169 -0.9256479740142822 -0.19599199295043945 0.32367199659347534 3.815526008605957 -0.043331000953912735 -0.794867992401123 -0.6052330136299133 1.4491939544677734 0.0 0.0 0.0 1.0
0.37011000514030457 -0.5808990001678467 0.7249659895896912 2.3556880950927734 -0.92780601978302 -0.1917790025472641 0.3199959993362427 3.801400899887085 -0.046852000057697296 -0.7910609841346741 -0.6099410057067871 1.4452890157699585 0.0 0.0 0.0 1.0
0.36275699734687805 -0.5893539786338806 0.7218509912490845 2.3557538986206055 -0.9306129813194275 -0.18867099285125732 0.3136279881000519 3.791121006011963 -0.048645999282598495 -0.7855349779129028 -0.6169019937515259 1.443194031715393 0.0 0.0 0.0 1.0
0.35088199377059937 -0.5968989729881287 0.7215219736099243 2.3527379035949707 -0.9349849820137024 -0.18068699538707733 0.305213987827301 3.7828478813171387 -0.05181200057268143 -0.7817059755325317 -0.621491014957428 1.437991976737976 0.0 0.0 0.0 1.0
0.34622201323509216 -0.6039190292358398 0.7179219722747803 2.3520700931549072 -0.9366580247879028 -0.17933399975299835 0.3008520007133484 3.7705109119415283 -0.052942998707294464 -0.7766090035438538 -0.6277549862861633 1.4341139793395996 0.0 0.0 0.0 1.0
0.33837398886680603 -0.6128770112991333 0.7140629887580872 2.3501169681549072 -0.9394999742507935 -0.17703799903392792 0.29325300455093384 3.7610409259796143 -0.05331199988722801 -0.7700909972190857 -0.6357030272483826 1.4304779767990112 0.0 0.0 0.0 1.0
0.333499014377594 -0.6213520169258118 0.7090139985084534 2.3503670692443848 -0.9412670135498047 -0.17727699875831604 0.2873860001564026 3.748342990875244 -0.05287599936127663 -0.7632139921188354 -0.6439800262451172 1.4263689517974854 0.0 0.0 0.0 1.0
0.32938000559806824 -0.6280900239944458 0.7049909830093384 2.350985050201416 -0.9427760243415833 -0.17781299352645874 0.2820590138435364 3.7330870628356934 -0.05180199816823006 -0.7575520277023315 -0.6507160067558289 1.4220930337905884 0.0 0.0 0.0 1.0
0.32055699825286865 -0.6358609795570374 0.702085018157959 2.3516058921813965 -0.9458330273628235 -0.1746309995651245 0.2736879885196686 3.721951961517334 -0.05142199993133545 -0.7517880201339722 -0.6573969721794128 1.4191839694976807 0.0 0.0 0.0 1.0
0.3117690086364746 -0.6426860094070435 0.6998249888420105 2.3517820835113525 -0.948747992515564 -0.1704549938440323 0.26612600684165955 3.711172103881836 -0.051747001707553864 -0.74692702293396 -0.6628890037536621 1.4163639545440674 0.0 0.0 0.0 1.0
0.3023439943790436 -0.6498000025749207 0.6973869800567627 2.3536601066589355 -0.9517560005187988 -0.16556400060653687 0.2583580017089844 3.7008910179138184 -0.05241899937391281 -0.7418550252914429 -0.668507993221283 1.4150359630584717 0.0 0.0 0.0 1.0
0.2914850115776062 -0.655489981174469 0.6966850161552429 2.3546218872070312 -0.9550930261611938 -0.1588899940252304 0.25010499358177185 3.6907050609588623 -0.053245000541210175 -0.7383000254631042 -0.6723669767379761 1.4132169485092163 0.0 0.0 0.0 1.0
0.28207799792289734 -0.6588109731674194 0.6974239945411682 2.3546040058135986 -0.9578940272331238 -0.1527930051088333 0.24309399724006653 3.6794021129608154 -0.05359100177884102 -0.7366290092468262 -0.6741700172424316 1.4100209474563599 0.0 0.0 0.0 1.0
0.26729699969291687 -0.6653950214385986 0.6969950199127197 2.3557660579681396 -0.9621149897575378 -0.14395099878311157 0.23154599964618683 3.6749210357666016 -0.05373699963092804 -0.7324810028076172 -0.6786640286445618 1.411376953125 0.0 0.0 0.0 1.0
0.25576600432395935 -0.6700980067253113 0.6968160271644592 2.356372117996216 -0.9652860164642334 -0.13751700520515442 0.22206400334835052 3.6666929721832275 -0.052981000393629074 -0.7294229865074158 -0.6820080280303955 1.4095360040664673 0.0 0.0 0.0 1.0
0.24537700414657593 -0.6734700202941895 0.6973000168800354 2.358064889907837 -0.9680609703063965 -0.13204999268054962 0.2131199985742569 3.6549839973449707 -0.05145199969410896 -0.7273250222206116 -0.68436199426651 1.407636046409607 0.0 0.0 0.0 1.0
0.23316499590873718 -0.6755239963531494 0.6995009779930115 2.358531951904297 -0.9711830019950867 -0.12523899972438812 0.20277899503707886 3.645493984222412 -0.04937700182199478 -0.7266240119934082 -0.6852589845657349 1.4056639671325684 0.0 0.0 0.0 1.0
0.21939200162887573 -0.6779149770736694 0.7016400098800659 2.3591880798339844 -0.9745749831199646 -0.1187329962849617 0.1900169998407364 3.6376938819885254 -0.0455080009996891 -0.7254890203475952 -0.6867280006408691 1.403372049331665 0.0 0.0 0.0 1.0
0.20587299764156342 -0.6815230250358582 0.7022410035133362 2.3601839542388916 -0.9777510166168213 -0.11374200135469437 0.17625699937343597 3.6292190551757812 -0.04024900123476982 -0.7229040265083313 -0.6897760033607483 1.401224970817566 0.0 0.0 0.0 1.0
0.191552996635437 -0.6850069761276245 0.7029029726982117 2.361057996749878 -0.9808819890022278 -0.10856100171804428 0.16151000559329987 3.621561050415039 -0.034327998757362366 -0.7204020023345947 -0.6927070021629333 1.3991800546646118 0.0 0.0 0.0 1.0
0.17609399557113647 -0.6885480284690857 0.7034860253334045 2.361362934112549 -0.9839829802513123 -0.1030149981379509 0.14548000693321228 3.6151680946350098 -0.027699999511241913 -0.7178369760513306 -0.6956599950790405 1.3966870307922363 0.0 0.0 0.0 1.0
0.15895399451255798 -0.6927030086517334 0.7034879922866821 2.3626770973205566 -0.9870359897613525 -0.09545200318098068 0.12903299927711487 3.610569953918457 -0.022231999784708023 -0.7148780226707458 -0.6988949775695801 1.3945790529251099 0.0 0.0 0.0 1.0
0.14129500091075897 -0.6970090270042419 0.7030029892921448 2.3661439418792725 -0.9898179769515991 -0.08713900297880173 0.11254599690437317 3.6045939922332764 -0.017186999320983887 -0.7117480039596558 -0.7022250294685364 1.3945430517196655 0.0 0.0 0.0 1.0
0.12131799757480621 -0.7014939785003662 0.7022730112075806 2.3720180988311768 -0.9924790263175964 -0.07406900078058243 0.09746500104665756 3.601741075515747 -0.016354000195860863 -0.7088159918785095 -0.7052040100097656 1.3997900485992432 0.0 0.0 0.0 1.0
0.10205300152301788 -0.7012019753456116 0.7056210041046143 2.3768489360809326 -0.9946560263633728 -0.060773998498916626 0.08346199989318848 3.5930869579315186 -0.015641000121831894 -0.7103679776191711 -0.7036569714546204 1.4026809930801392 0.0 0.0 0.0 1.0
0.07731900364160538 -0.6988620162010193 0.7110649943351746 2.37768292427063 -0.9968820214271545 -0.04293699935078621 0.06619799882173538 3.5897269248962402 -0.015731999650597572 -0.7139670252799988 -0.7000030279159546 1.40202796459198 0.0 0.0 0.0 1.0
0.0530409999191761 -0.6982290148735046 0.71390700340271 2.3806910514831543 -0.9984390139579773 -0.024546999484300613 0.05017299950122833 3.5858991146087646 -0.017508000135421753 -0.7154539823532104 -0.6984410285949707 1.4035550355911255 0.0 0.0 0.0 1.0
0.027358999475836754 -0.696461021900177 0.7170730233192444 2.3828909397125244 -0.999405026435852 -0.003982999827712774 0.034262001514434814 3.584135055541992 -0.02100599929690361 -0.7175840139389038 -0.6961550116539001 1.405390977859497 0.0 0.0 0.0 1.0
0.0030479999259114265 -0.6933959722518921 0.720550000667572 2.384813070297241 -0.9996730089187622 0.01618500053882599 0.01980300061404705 3.5801539421081543 -0.025394000113010406 -0.7203750014305115 -0.693120002746582 1.4058599472045898 0.0 0.0 0.0 1.0
-0.023360000923275948 -0.6905180215835571 0.7229380011558533 2.386101007461548 -0.9993150234222412 0.03689099848270416 0.0029460000805556774 3.578376054763794 -0.028704000636935234 -0.7223740220069885 -0.6909070014953613 1.4062819480895996 0.0 0.0 0.0 1.0
-0.05215299874544144 -0.688148021697998 0.7236930131912231 2.3893370628356934 -0.9981210231781006 0.05925700068473816 -0.015583000145852566 3.57853102684021 -0.03215999901294708 -0.7231460213661194 -0.6899459958076477 1.409034013748169 0.0 0.0 0.0 1.0
-0.07719799876213074 -0.6831039786338806 0.7262300252914429 2.3928871154785156 -0.9963560104370117 0.0793439969420433 -0.031279999762773514 3.574984073638916 -0.03625499829649925 -0.7259989976882935 -0.686739981174469 1.4118499755859375 0.0 0.0 0.0 1.0
-0.10369499772787094 -0.6764529943466187 0.7291489839553833 2.3934719562530518 -0.99378502368927 0.10029900074005127 -0.04827899858355522 3.572808027267456 -0.04047499969601631 -0.7296239733695984 -0.6826500296592712 1.4139419794082642 0.0 0.0 0.0 1.0
-0.12108200043439865 -0.6732479929924011 0.7294350266456604 2.3965179920196533 -0.9918910264968872 0.11063999682664871 -0.0625310018658638 3.566412925720215 -0.03860599920153618 -0.7310919761657715 -0.6811860203742981 1.4189610481262207 0.0 0.0 0.0 1.0
-0.14723700284957886 -0.6671299934387207 0.7302449941635132 2.398386001586914 -0.988336980342865 0.12825100123882294 -0.0821089968085289 3.565145969390869 -0.038878001272678375 -0.733817994594574 -0.6782330274581909 1.4215220212936401 0.0 0.0 0.0 1.0
-0.17257200181484222 -0.660116970539093 0.7310709953308105 2.3996810913085938 -0.9842590093612671 0.1442990005016327 -0.10204300284385681 3.564176082611084 -0.03813200071454048 -0.7371730208396912 -0.6746280193328857 1.4247260093688965 0.0 0.0 0.0 1.0
-0.19708099961280823 -0.6506620049476624 0.7333469986915588 2.398458957672119 -0.9796820282936096 0.1590770035982132 -0.12214100360870361 3.565484046936035 -0.03718699887394905 -0.7425180077552795 -0.6687930226325989 1.4248180389404297 0.0 0.0 0.0 1.0
-0.2204899936914444 -0.6423559784889221 0.7340049743652344 2.397775888442993 -0.9746670126914978 0.1740490049123764 -0.14046700298786163 3.5658750534057617 -0.03752300143241882 -0.7463819980621338 -0.6644600033760071 1.4260629415512085 0.0 0.0 0.0 1.0
-0.24170100688934326 -0.6349499821662903 0.733771026134491 2.3987929821014404 -0.9695799946784973 0.18816600739955902 -0.1565520018339157 3.565669059753418 -0.03866799920797348 -0.749288022518158 -0.6611149907112122 1.4290659427642822 0.0 0.0 0.0 1.0
-0.26185598969459534 -0.6263359785079956 0.7342579960823059 2.399709939956665 -0.9642360210418701 0.20210200548171997 -0.17147499322891235 3.565006971359253 -0.04099399968981743 -0.7529000043869019 -0.6568570137023926 1.4313730001449585 0.0 0.0 0.0 1.0
-0.28180500864982605 -0.6164659857749939 0.7352250218391418 2.3995070457458496 -0.9584280252456665 0.2165980041027069 -0.1857450008392334 3.56514310836792 -0.04474300146102905 -0.7570040225982666 -0.6518759727478027 1.4332000017166138 0.0 0.0 0.0 1.0
-0.3013559877872467 -0.6067090034484863 0.7355870008468628 2.3986120223999023 -0.9522539973258972 0.23110899329185486 -0.19950300455093384 3.5645639896392822 -0.04896099865436554 -0.7605869770050049 -0.6473870277404785 1.4345359802246094 0.0 0.0 0.0 1.0
-0.3207550048828125 -0.5973809957504272 0.7350180149078369 2.397094964981079 -0.9457470178604126 0.2444079965353012 -0.2140749990940094 3.5640459060668945 -0.0517599992454052 -0.7638069987297058 -0.6433659791946411 1.4354130029678345 0.0 0.0 0.0 1.0
-0.3345550000667572 -0.5939419865608215 0.7316460013389587 2.398974895477295 -0.9411759972572327 0.2497590035200119 -0.22761400043964386 3.559864044189453 -0.04754599928855896 -0.764756977558136 -0.642562985420227 1.4413570165634155 0.0 0.0 0.0 1.0
-0.35404399037361145 -0.584721028804779 0.7299010157585144 2.395724058151245 -0.9339569807052612 0.26173698902130127 -0.24334600567817688 3.559303045272827 -0.04875300079584122 -0.7678509950637817 -0.6387709975242615 1.4382480382919312 0.0 0.0 0.0 1.0
-0.37355899810791016 -0.5787950158119202 0.7248790264129639 2.3949179649353027 -0.9263970255851746 0.27267199754714966 -0.25968900322914124 3.558651924133301 -0.04734700173139572 -0.7685350179672241 -0.6380529999732971 1.4392410516738892 0.0 0.0 0.0 1.0
-0.39401501417160034 -0.5715519785881042 0.7197780013084412 2.3940439224243164 -0.9178770184516907 0.28515100479125977 -0.27602800726890564 3.560858964920044 -0.047481000423431396 -0.7694270014762878 -0.6369680166244507 1.4394969940185547 0.0 0.0 0.0 1.0
-0.41200000047683716 -0.5634130239486694 0.7161160111427307 2.3926351070404053 -0.909850001335144 0.296889990568161 -0.2898780107498169 3.559907913208008 -0.04928699880838394 -0.7709869742393494 -0.6349409818649292 1.4404799938201904 0.0 0.0 0.0 1.0
-0.42844098806381226 -0.5544509887695312 0.7134590148925781 2.3917829990386963 -0.9020379781723022 0.30841800570487976 -0.30200299620628357 3.5586659908294678 -0.05259700119495392 -0.7729570269584656 -0.6322739720344543 1.4407310485839844 0.0 0.0 0.0 1.0
-0.44362398982048035 -0.5461300015449524 0.7105910181999207 2.390362024307251 -0.8944529891014099 0.31947898864746094 -0.3128710091114044 3.557987928390503 -0.056150998920202255 -0.774387001991272 -0.6302160024642944 1.442803978919983 0.0 0.0 0.0 1.0
-0.45783600211143494 -0.5367100238800049 0.7087510228157043 2.387737989425659 -0.8870450258255005 0.3291099965572357 -0.3237859904766083 3.5557069778442383 -0.059477999806404114 -0.7769359946250916 -0.6267650127410889 1.4424200057983398 0.0 0.0 0.0 1.0
-0.4743880033493042 -0.5272489786148071 0.7049570083618164 2.3854410648345947 -0.8782110214233398 0.33878999948501587 -0.33758899569511414 3.5578958988189697 -0.06083900108933449 -0.7792490124702454 -0.6237540245056152 1.4417200088500977 0.0 0.0 0.0 1.0
-0.4892730116844177 -0.5203800201416016 0.6998689770698547 2.3848140239715576 -0.8699859976768494 0.34745898842811584 -0.3498519957065582 3.554927110671997 -0.06111900135874748 -0.7800490260124207 -0.6227260231971741 1.4430149793624878 0.0 0.0 0.0 1.0
-0.5081210136413574 -0.5143280029296875 0.6908550262451172 2.387622117996216 -0.8595049977302551 0.35436001420021057 -0.36834800243377686 3.5648839473724365 -0.05536000058054924 -0.7809579968452454 -0.6221250295639038 1.4472399950027466 0.0 0.0 0.0 1.0
-0.5215590000152588 -0.5029820203781128 0.689191997051239 2.3795430660247803 -0.851294994354248 0.360942006111145 -0.38081198930740356 3.558403968811035 -0.05721599981188774 -0.7853220105171204 -0.6164389848709106 1.4438790082931519 0.0 0.0 0.0 1.0
-0.5361909866333008 -0.4943690001964569 0.6841769814491272 2.3793880939483643 -0.8423119783401489 0.36605098843574524 -0.39562198519706726 3.5557610988616943 -0.05485999956727028 -0.7884200215339661 -0.6126859784126282 1.444000005722046 0.0 0.0 0.0 1.0
-0.5511639714241028 -0.48518499732017517 0.6788330078125 2.3760199546813965 -0.8326169848442078 0.3729200065135956 -0.4094870090484619 3.553844928741455 -0.05447300150990486 -0.7909020185470581 -0.609512984752655 1.4441349506378174 0.0 0.0 0.0 1.0
-0.5667049884796143 -0.475147008895874 0.6731129884719849 2.371790885925293 -0.822163999080658 0.37944701313972473 -0.4243429899215698 3.555619955062866 -0.05378599837422371 -0.7938870191574097 -0.6056820154190063 1.4436479806900024 0.0 0.0 0.0 1.0
-0.5784569978713989 -0.4678109884262085 0.6682369709014893 2.368259906768799 -0.8140990138053894 0.38258999586105347 -0.43688398599624634 3.5500450134277344 -0.05128199979662895 -0.7967290282249451 -0.6021569967269897 1.4420599937438965 0.0 0.0 0.0 1.0
-0.5942639708518982 -0.4601300060749054 0.6596450209617615 2.368091106414795 -0.8028600215911865 0.3879460096359253 -0.4526750147342682 3.553255081176758 -0.047616999596357346 -0.7986109852790833 -0.5999619960784912 1.4412480592727661 0.0 0.0 0.0 1.0
-0.6070629954338074 -0.45443201065063477 0.6518939733505249 2.3645179271698 -0.7934619784355164 0.39155301451683044 -0.4659450054168701 3.5498709678649902 -0.04351099953055382 -0.8001109957695007 -0.5982720255851746 1.440938949584961 0.0 0.0 0.0 1.0
-0.6201270222663879 -0.4491010010242462 0.6432340145111084 2.3629400730133057 -0.783519983291626 0.39555901288986206 -0.4791969954967499 3.548654079437256 -0.03923000022768974 -0.8011500239372253 -0.5971770286560059 1.4410079717636108 0.0 0.0 0.0 1.0
-0.633529007434845 -0.44249600172042847 0.6346960067749023 2.3598499298095703 -0.7728610038757324 0.400532990694046 -0.49219799041748047 3.546241044998169 -0.036421000957489014 -0.802353024482727 -0.5957369804382324 1.4395380020141602 0.0 0.0 0.0 1.0
-0.6488519906997681 -0.4399139881134033 0.6208599805831909 2.3697519302368164 -0.7603710293769836 0.405689001083374 -0.5072000026702881 3.554965019226074 -0.02875100076198578 -0.801181972026825 -0.5977299809455872 1.4483139514923096 0.0 0.0 0.0 1.0
-0.6612920165061951 -0.4351060092449188 0.6110450029373169 2.3713669776916504 -0.7497559785842896 0.4090690016746521 -0.5201240181922913 3.5530290603637695 -0.023649999871850014 -0.8020880222320557 -0.5967370271682739 1.4498770236968994 0.0 0.0 0.0 1.0
-0.6769310235977173 -0.4260770082473755 0.600184977054596 2.3719940185546875 -0.7357969880104065 0.41295701265335083 -0.5367209911346436 3.561422109603882 -0.019166000187397003 -0.804938018321991 -0.5930500030517578 1.4482100009918213 0.0 0.0 0.0 1.0
-0.6884279847145081 -0.42037099599838257 0.5910620093345642 2.370692014694214 -0.7251570224761963 0.41534700989723206 -0.5492119789123535 3.5583739280700684 -0.014623000286519527 -0.8067070245742798 -0.5907710194587708 1.4488379955291748 0.0 0.0 0.0 1.0
-0.7010160088539124 -0.41289499402046204 0.5814579725265503 2.3695430755615234 -0.7130560278892517 0.4187690019607544 -0.5623030066490173 3.557358980178833 -0.01132499985396862 -0.8087959885597229 -0.5879809856414795 1.447532057762146 0.0 0.0 0.0 1.0
-0.7127919793128967 -0.40471699833869934 0.5728269815444946 2.3646440505981445 -0.7013189792633057 0.4216510057449341 -0.574770987033844 3.555250883102417 -0.008914000354707241 -0.8114269971847534 -0.5843859910964966 1.4473049640655518 0.0 0.0 0.0 1.0
-0.7243350148200989 -0.39719200134277344 0.5635390281677246 2.364203929901123 -0.6894099712371826 0.4258689880371094 -0.5859609842300415 3.551270008087158 -0.007255000062286854 -0.8129420280456543 -0.5823000073432922 1.4474090337753296 0.0 0.0 0.0 1.0
-0.735148012638092 -0.3891099989414215 0.5551130175590515 2.3605968952178955 -0.6778720021247864 0.43027201294898987 -0.5961170196533203 3.547830104827881 -0.006893999874591827 -0.8145300149917603 -0.580079972743988 1.446308970451355 0.0 0.0 0.0 1.0
-0.7449309825897217 -0.38174599409103394 0.5471270084381104 2.3589789867401123 -0.6671090126037598 0.4344089925289154 -0.6051899790763855 3.545088052749634 -0.006647999864071608 -0.8158180117607117 -0.5782709717750549 1.4462080001831055 0.0 0.0 0.0 1.0
-0.7527610063552856 -0.3742220103740692 0.5415800213813782 2.3531739711761475 -0.6582480072975159 0.43759098649024963 -0.6125540137290955 3.53934907913208 -0.007759000174701214 -0.8176010251045227 -0.5757330060005188 1.4455369710922241 0.0 0.0 0.0 1.0
-0.7587900161743164 -0.37042999267578125 0.5357419848442078 2.345634937286377 -0.6513010263442993 0.4400089979171753 -0.6182230114936829 3.535845994949341 -0.006723000202327967 -0.8180310130119324 -0.5751360058784485 1.4500999450683594 0.0 0.0 0.0 1.0
-0.7693279981613159 -0.3644160032272339 0.524724006652832 2.347538948059082 -0.6388400197029114 0.4442169964313507 -0.6281359791755676 3.5365970134735107 -0.004188000224530697 -0.8184580206871033 -0.5745519995689392 1.4517370462417603 0.0 0.0 0.0 1.0
-0.7776640057563782 -0.3575339913368225 0.5171160101890564 2.3442389965057373 -0.6286669969558716 0.447750985622406 -0.6358439922332764 3.532979965209961 -0.004203000105917454 -0.819566011428833 -0.5729699730873108 1.4533179998397827 0.0 0.0 0.0 1.0
-0.786404013633728 -0.3497309982776642 0.5091729760169983 2.346648931503296 -0.6177039742469788 0.44958099722862244 -0.6452270150184631 3.530052900314331 -0.003258999902755022 -0.8219280242919922 -0.5695819854736328 1.4557050466537476 0.0 0.0 0.0 1.0
-0.793586015701294 -0.341623991727829 0.5035009980201721 2.3418350219726562 -0.6084470152854919 0.4503600001335144 -0.6534280180931091 3.527477979660034 -0.003530000103637576 -0.8249059915542603 -0.5652599930763245 1.455847978591919 0.0 0.0 0.0 1.0
-0.8012359738349915 -0.33588099479675293 0.49518200755119324 2.341506004333496 -0.5983459949493408 0.4520680010318756 -0.6615250110626221 3.5249381065368652 -0.001661999966017902 -0.8263279795646667 -0.5631870031356812 1.4582630395889282 0.0 0.0 0.0 1.0
-0.8079699873924255 -0.3294290006160736 0.4885300099849701 2.336743116378784 -0.5892230272293091 0.4524570107460022 -0.669402003288269 3.523914098739624 -0.0005179999861866236 -0.8287100195884705 -0.5596789717674255 1.4592169523239136 0.0 0.0 0.0 1.0
-0.8143600225448608 -0.3224410116672516 0.48254498839378357 2.3335978984832764 -0.5803599953651428 0.45175701379776 -0.6775680184364319 3.5201470851898193 0.0004820000031031668 -0.8318340182304382 -0.5550249814987183 1.459934949874878 0.0 0.0 0.0 1.0
-0.8209109902381897 -0.3170740008354187 0.47494199872016907 2.334522008895874 -0.5710449814796448 0.4505220055580139 -0.6862490177154541 3.517174005508423 0.0036200000904500484 -0.8345620036125183 -0.5509030222892761 1.4615780115127563 0.0 0.0 0.0 1.0
-0.8274499773979187 -0.3102230131626129 0.4680689871311188 2.33138108253479 -0.5615289807319641 0.45206499099731445 -0.6930530071258545 3.514448881149292 0.0034030000679194927 -0.8363010287284851 -0.5482609868049622 1.4657829999923706 0.0 0.0 0.0 1.0
-0.8275499939918518 -0.3077459931373596 0.469525009393692 2.3118679523468018 -0.5613809823989868 0.4484109878540039 -0.6955419778823853 3.500814914703369 0.0035099999513477087 -0.8391780257225037 -0.543844997882843 1.466992974281311 0.0 0.0 0.0 1.0
-0.8331990242004395 -0.3007569909095764 0.46403101086616516 2.3085319995880127 -0.5529729723930359 0.45218199491500854 -0.6998230218887329 3.493549108505249 0.0006500000017695129 -0.8396890163421631 -0.543067991733551 1.4770489931106567 0.0 0.0 0.0 1.0
-0.8390309810638428 -0.2946859896183014 0.45736899971961975 2.3078320026397705 -0.5440809726715088 0.4521780014038086 -0.7067610025405884 3.490077018737793 0.0014600000577047467 -0.8418400287628174 -0.5397250056266785 1.4789459705352783 0.0 0.0 0.0 1.0
-0.843966007232666 -0.28898999094963074 0.4518910050392151 2.302846908569336 -0.5363900065422058 0.4505319893360138 -0.713657021522522 3.4890389442443848 0.002647999906912446 -0.8446930050849915 -0.5352450013160706 1.4796429872512817 0.0 0.0 0.0 1.0
-0.8492180109024048 -0.2838279902935028 0.4452750086784363 2.301387071609497 -0.5280299782752991 0.4506340026855469 -0.7198010087013245 3.4856390953063965 0.0036430000327527523 -0.8463870286941528 -0.5325570106506348 1.4819810390472412 0.0 0.0 0.0 1.0
-0.8543710112571716 -0.2794860005378723 0.4381070137023926 2.2989749908447266 -0.5196359753608704 0.45062899589538574 -0.7258870005607605 3.483944892883301 0.005452000070363283 -0.847832977771759 -0.5302349925041199 1.4822570085525513 0.0 0.0 0.0 1.0
-0.858847975730896 -0.2758289873600006 0.43162399530410767 2.2955470085144043 -0.5121740102767944 0.44981199502944946 -0.7316740155220032 3.4822781085968018 0.007666999939829111 -0.8494629859924316 -0.5275920033454895 1.483057975769043 0.0 0.0 0.0 1.0
-0.8633580207824707 -0.27150899171829224 0.42531800270080566 2.2944350242614746 -0.5045160055160522 0.4498949944972992 -0.7369250059127808 3.4793291091918945 0.008733999915421009 -0.8508099913597107 -0.5254009962081909 1.4845370054244995 0.0 0.0 0.0 1.0
-0.8673520088195801 -0.2681860029697418 0.4192569851875305 2.2903990745544434 -0.4975709915161133 0.44840899109840393 -0.7425310015678406 3.4790139198303223 0.011137000285089016 -0.852645993232727 -0.5223699808120728 1.4837989807128906 0.0 0.0 0.0 1.0
-0.871990978717804 -0.2644500136375427 0.4119440019130707 2.290827989578247 -0.48935800790786743 0.4490950107574463 -0.7475579977035522 3.4759950637817383 0.012690000236034393 -0.8534520268440247 -0.5210180282592773 1.4862840175628662 0.0 0.0 0.0 1.0
-0.8756290078163147 -0.2610360085964203 0.4063670039176941 2.2893569469451904 -0.4827190041542053 0.4450730085372925 -0.7542499899864197 3.4783499240875244 0.016023000702261925 -0.8566039800643921 -0.5157259702682495 1.4816240072250366 0.0 0.0 0.0 1.0
-0.8795880079269409 -0.2560740113258362 0.4009389877319336 2.288090944290161 -0.47552499175071716 0.44808900356292725 -0.7570289969444275 3.473175048828125 0.014198999851942062 -0.8565300107002258 -0.5159029960632324 1.4893749952316284 0.0 0.0 0.0 1.0
-0.8823260068893433 -0.2523060142993927 0.3972940146923065 2.2833499908447266 -0.47041499614715576 0.4467329978942871 -0.7610120177268982 3.471426010131836 0.014523999765515327 -0.8583539724349976 -0.5128530263900757 1.4932169914245605 0.0 0.0 0.0 1.0
-0.885591983795166 -0.2464829981327057 0.3936670124530792 2.2825729846954346 -0.46425798535346985 0.4444639980792999 -0.7661049962043762 3.469743013381958 0.01386099960654974 -0.8612189888954163 -0.5080450177192688 1.4936619997024536 0.0 0.0 0.0 1.0
-0.8891429901123047 -0.24165500700473785 0.3886229991912842 2.2835350036621094 -0.45741501450538635 0.4432939887046814 -0.7708839774131775 3.4673869609832764 0.014014000073075294 -0.8631880283355713 -0.5046889781951904 1.4962420463562012 0.0 0.0 0.0 1.0
-0.8919389843940735 -0.2358900010585785 0.3857469856739044 2.2811410427093506 -0.45198601484298706 0.441754013299942 -0.7749590277671814 3.4665908813476562 0.012400000356137753 -0.865568995475769 -0.5006369948387146 1.4977070093154907 0.0 0.0 0.0 1.0
-0.8941649794578552 -0.23220400512218475 0.3828200101852417 2.279144048690796 -0.44756001234054565 0.43942201137542725 -0.7788439989089966 3.4658548831939697 0.012631000019609928 -0.8677499890327454 -0.4968410134315491 1.4982939958572388 0.0 0.0 0.0 1.0
-0.89621901512146 -0.22912000119686127 0.3798620104789734 2.2788169384002686 -0.44339999556541443 0.43624600768089294 -0.7829980254173279 3.465811014175415 0.013686999678611755 -0.8701689839363098 -0.49256399273872375 1.4991199970245361 0.0 0.0 0.0 1.0
-0.8979079723358154 -0.22488300502300262 0.37840399146080017 2.2767670154571533 -0.4400140047073364 0.4346599876880646 -0.7857850193977356 3.464972972869873 0.012232000008225441 -0.8720660209655762 -0.4892359972000122 1.500656008720398 0.0 0.0 0.0 1.0
-0.8993589878082275 -0.2213679999113083 0.3770290017127991 2.2772679328918457 -0.4370650053024292 0.432794988155365 -0.7884560227394104 3.4632089138031006 0.011362999677658081 -0.8738909959793091 -0.4859899878501892 1.503309965133667 0.0 0.0 0.0 1.0
-0.8996359705924988 -0.2216159999370575 0.3762190043926239 2.2762129306793213 -0.4363879859447479 0.42710599303245544 -0.7919250130653381 3.4645819664001465 0.014817999675869942 -0.8766229748725891 -0.4809510111808777 1.5028940439224243 0.0 0.0 0.0 1.0
-0.9003009796142578 -0.21803300082683563 0.3767229914665222 2.275506019592285 -0.43506500124931335 0.42430099844932556 -0.7941579818725586 3.464289903640747 0.013309000059962273 -0.8788800239562988 -0.4768570065498352 1.5024900436401367 0.0 0.0 0.0 1.0
-0.9009019732475281 -0.21534399688243866 0.3768320083618164 2.2762451171875 -0.43383100628852844 0.420991986989975 -0.7965899705886841 3.463671922683716 0.012896999716758728 -0.8811320066452026 -0.4726960062980652 1.50478994846344 0.0 0.0 0.0 1.0
-0.9016119837760925 -0.2114180028438568 0.37735798954963684 2.2758700847625732 -0.4324130117893219 0.4188860058784485 -0.7984690070152283 3.4625630378723145 0.010741000063717365 -0.8830839991569519 -0.46909299492836 1.5078790187835693 0.0 0.0 0.0 1.0
-0.9021279811859131 -0.20873099565505981 0.37762001156806946 2.276439905166626 -0.4313350021839142 0.41444000601768494 -0.801367998123169 3.461920976638794 0.01076900027692318 -0.8858169913291931 -0.4639109969139099 1.5111140012741089 0.0 0.0 0.0 1.0
-0.9029939770698547 -0.20404799282550812 0.37810999155044556 2.278088092803955 -0.4295549988746643 0.409837007522583 -0.8046839833259583 3.4611198902130127 0.009229999966919422 -0.8890429735183716 -0.4577299952507019 1.513664960861206 0.0 0.0 0.0 1.0
-0.9034619927406311 -0.19980399310588837 0.379254013299942 2.279772996902466 -0.4285919964313507 0.40442100167274475 -0.8079310059547424 3.460416078567505 0.008050000295042992 -0.8924810290336609 -0.4510140120983124 1.515707015991211 0.0 0.0 0.0 1.0
-0.9038649797439575 -0.19791899621486664 0.37928399443626404 2.2811059951782227 -0.42771801352500916 0.3989590108394623 -0.8111039996147156 3.4598538875579834 0.009213999845087528 -0.8953549861907959 -0.4452579915523529 1.51863694190979 0.0 0.0 0.0 1.0
-0.9047520160675049 -0.19548599421977997 0.37843000888824463 2.280421018600464 -0.42581599950790405 0.3937639892101288 -0.8146359920501709 3.45973801612854 0.010238000191748142 -0.8981850147247314 -0.43950000405311584 1.5204440355300903 0.0 0.0 0.0 1.0
-0.9053410291671753 -0.1953269988298416 0.37709999084472656 2.2811410427093506 -0.42446601390838623 0.38767099380493164 -0.8182539939880371 3.459826946258545 0.013636000454425812 -0.9008659720420837 -0.43388399481773376 1.52321195602417 0.0 0.0 0.0 1.0
-0.9057689905166626 -0.19729399681091309 0.37504398822784424 2.281994104385376 -0.42335399985313416 0.3819429874420166 -0.8215180039405823 3.460599899291992 0.018835000693798065 -0.9028810262680054 -0.4294779896736145 1.5276570320129395 0.0 0.0 0.0 1.0
-0.9059529900550842 -0.19677400588989258 0.37487301230430603 2.2815260887145996 -0.4229130148887634 0.3790369927883148 -0.8230890035629272 3.4560680389404297 0.019872000440955162 -0.9042180180549622 -0.42660799622535706 1.534309983253479 0.0 0.0 0.0 1.0
-0.9068970084190369 -0.19575299322605133 0.3731189966201782 2.285022020339966 -0.42077600955963135 0.37446799874305725 -0.8262699842453003 3.4541831016540527 0.02202400006353855 -0.9063420295715332 -0.42197200655937195 1.5382909774780273 0.0 0.0 0.0 1.0
-0.9072970151901245 -0.19270899891853333 0.37373098731040955 2.2870030403137207 -0.41992899775505066 0.36939701437950134 -0.8289790153503418 3.4528510570526123 0.021696999669075012 -0.9090710282325745 -0.41607698798179626 1.5428509712219238 0.0 0.0 0.0 1.0
-0.9071980118751526 -0.18880599737167358 0.37595799565315247 2.2885050773620605 -0.42016398906707764 0.36131399869918823 -0.832414984703064 3.45318603515625 0.02132599987089634 -0.9131289720535278 -0.4071120023727417 1.5449620485305786 0.0 0.0 0.0 1.0
-0.9068650007247925 -0.184456005692482 0.3789080083370209 2.288999080657959 -0.42096999287605286 0.35496199131011963 -0.8347370028495789 3.4534199237823486 0.019474999979138374 -0.9165030121803284 -0.39955300092697144 1.5496100187301636 0.0 0.0 0.0 1.0
-0.9067299962043762 -0.18084700405597687 0.3809660077095032 2.2916951179504395 -0.42126500606536865 0.3468739986419678 -0.8379819989204407 3.4532859325408936 0.019399000331759453 -0.9203109741210938 -0.39070600271224976 1.5517810583114624 0.0 0.0 0.0 1.0
-0.9066759943962097 -0.17890100181102753 0.3820109963417053 2.2953779697418213 -0.4212949872016907 0.33856600522994995 -0.8413580060005188 3.4543700218200684 0.021183999255299568 -0.9237790107727051 -0.3823400139808655 1.5529420375823975 0.0 0.0 0.0 1.0
-0.9065880179405212 -0.17634199559688568 0.3834089934825897 2.297100067138672 -0.4214319884777069 0.33042100071907043 -0.8445219993591309 3.454284906387329 0.022237999364733696 -0.9272140264511108 -0.3738720118999481 1.5559560060501099 0.0 0.0 0.0 1.0
-0.906404972076416 -0.17374800145626068 0.38502201437950134 2.2980918884277344 -0.4217579960823059 0.3216109871864319 -0.8477540016174316 3.455509901046753 0.023468000814318657 -0.9307940006256104 -0.3647890090942383 1.5563440322875977 0.0 0.0 0.0 1.0
-0.9049490094184875 -0.17707400023937225 0.386927992105484 2.297961950302124 -0.42447200417518616 0.31184399127960205 -0.8500450253486633 3.459376096725464 0.02985999919474125 -0.9334869980812073 -0.35736599564552307 1.5587730407714844 0.0 0.0 0.0 1.0
-0.9044280052185059 -0.17617900669574738 0.3885509967803955 2.3035659790039062 -0.425588995218277 0.30907899141311646 -0.8504959940910339 3.456573963165283 0.029746999964118004 -0.9345759749412537 -0.3545190095901489 1.571181058883667 0.0 0.0 0.0 1.0
-0.9030759930610657 -0.17455600202083588 0.39240801334381104 2.3048388957977295 -0.42841100692749023 0.30165600776672363 -0.8517439961433411 3.458712100982666 0.03030500002205372 -0.937300980091095 -0.3472000062465668 1.5758450031280518 0.0 0.0 0.0 1.0
-0.9011939764022827 -0.17278699576854706 0.39748498797416687 2.3119161128997803 -0.4323509931564331 0.29410800337791443 -0.8523929715156555 3.456712007522583 0.030378999188542366 -0.9400240182876587 -0.33975300192832947 1.5820389986038208 0.0 0.0 0.0 1.0
-0.8985030055046082 -0.1712840050458908 0.40417200326919556 2.314276933670044 -0.4378249943256378 0.28326401114463806 -0.8532710075378418 3.457411050796509 0.03166399896144867 -0.9436230063438416 -0.3295060098171234 1.5872290134429932 0.0 0.0 0.0 1.0
-0.8960260152816772 -0.16764399409294128 0.4111360013484955 2.3180649280548096 -0.44295600056648254 0.2740060091018677 -0.8536459803581238 3.4563651084899902 0.030455000698566437 -0.9470040202140808 -0.3197749853134155 1.5953459739685059 0.0 0.0 0.0 1.0
-0.8937940001487732 -0.16261599957942963 0.41795700788497925 2.323399066925049 -0.4475249946117401 0.2626950144767761 -0.8548169732093811 3.458712100982666 0.029211999848484993 -0.9510769844055176 -0.3075700104236603 1.5989999771118164 0.0 0.0 0.0 1.0
-0.8898130059242249 -0.15943799912929535 0.4275670051574707 2.3261520862579346 -0.4554400146007538 0.2519170045852661 -0.8538810014724731 3.458043098449707 0.028429999947547913 -0.9545249938964844 -0.2967739999294281 1.606637954711914 0.0 0.0 0.0 1.0
-0.8864240050315857 -0.15504199266433716 0.43613699078559875 2.3273239135742188 -0.46195900440216064 0.237076997756958 -0.8546280264854431 3.4626240730285645 0.02910500019788742 -0.9590389728546143 -0.28177401423454285 1.6055920124053955 0.0 0.0 0.0 1.0
-0.882856011390686 -0.1526689976453781 0.44413599371910095 2.3289880752563477 -0.46867701411247253 0.22575600445270538 -0.8540359735488892 3.462491035461426 0.030117999762296677 -0.9621469974517822 -0.27086201310157776 1.6130609512329102 0.0 0.0 0.0 1.0
-0.8770099878311157 -0.15582400560379028 0.45450299978256226 2.3247430324554443 -0.47892099618911743 0.2075430005788803 -0.8529719710350037 3.4656031131744385 0.03858499974012375 -0.9657359719276428 -0.25664401054382324 1.6071100234985352 0.0 0.0 0.0 1.0
-0.8729580044746399 -0.15799100697040558 0.46150100231170654 2.324225902557373 -0.48608899116516113 0.20269399881362915 -0.8500779867172241 3.4649720191955566 0.04076100140810013 -0.9664130210876465 -0.2537420094013214 1.6374770402908325 0.0 0.0 0.0 1.0
-0.8696560263633728 -0.15171299874782562 0.4697670042514801 2.3235530853271484 -0.49203699827194214 0.18932299315929413 -0.8497390151023865 3.4638679027557373 0.0399789996445179 -0.9701240062713623 -0.23929500579833984 1.636368989944458 0.0 0.0 0.0 1.0
-0.8652099967002869 -0.148716002702713 0.47884801030158997 2.3217411041259766 -0.4998460114002228 0.18044500052928925 -0.8471090197563171 3.4598031044006348 0.03957299888134003 -0.9722779989242554 -0.23045800626277924 1.6595970392227173 0.0 0.0 0.0 1.0
-0.852645993232727 -0.12613600492477417 0.5070340037345886 2.334062099456787 -0.5211889743804932 0.13693100214004517 -0.8423849940299988 3.4692749977111816 0.0368259996175766 -0.9825170040130615 -0.18249499797821045 1.6657010316848755 0.0 0.0 0.0 1.0
-0.8465780019760132 -0.11793199926614761 0.5190349817276001 2.3288180828094482 -0.531121015548706 0.12327700108289719 -0.8382800221443176 3.468353033065796 0.03487500175833702 -0.9853399991989136 -0.16699999570846558 1.671463966369629 0.0 0.0 0.0 1.0
-0.8427429795265198 -0.10658100247383118 0.5276600122451782 2.3277618885040283 -0.5372939705848694 0.10616499930620193 -0.8366860151290894 3.4705450534820557 0.03315600007772446 -0.9886199831962585 -0.14673499763011932 1.654392957687378 0.0 0.0 0.0 1.0
-0.8389620184898376 -0.10327400267124176 0.5343000292778015 2.3321640491485596 -0.5431849956512451 0.09930600225925446 -0.83371901512146 3.4697179794311523 0.033041998744010925 -0.9896829724311829 -0.13941100239753723 1.6705009937286377 0.0 0.0 0.0 1.0
-0.8360649943351746 -0.0944330021739006 0.5404419898986816 2.3348379135131836 -0.5476070046424866 0.08350100368261337 -0.8325589895248413 3.4775540828704834 0.033493999391794205 -0.9920229911804199 -0.12152499705553055 1.6545950174331665 0.0 0.0 0.0 1.0
-0.8336309790611267 -0.08872699737548828 0.5451480150222778 2.3424859046936035 -0.551285982131958 0.07326400279998779 -0.8310930132865906 3.48442006111145 0.03380100056529045 -0.9933580160140991 -0.10998900234699249 1.6580489873886108 0.0 0.0 0.0 1.0
-0.8199710249900818 -0.07328899949789047 0.5676940083503723 2.294435977935791 -0.571690022945404 0.05526699870824814 -0.8186060190200806 3.458259105682373 0.028620000928640366 -0.9957780241966248 -0.08721599727869034 1.613556981086731 0.0 0.0 0.0 1.0
-0.818149983882904 -0.07397200167179108 0.5702279806137085 2.307111978530884 -0.5743259787559509 0.05691500008106232 -0.8166459798812866 3.4610390663146973 0.027953999117016792 -0.9956349730491638 -0.08905000239610672 1.6555999517440796 0.0 0.0 0.0 1.0
-0.8117179870605469 -0.06638900190591812 0.5802649855613708 2.298952102661133 -0.583495020866394 0.048854000866413116 -0.8106459975242615 3.448237895965576 0.025469999760389328 -0.9965969920158386 -0.07839400321245193 1.6615649461746216 0.0 0.0 0.0 1.0
-0.8067299723625183 -0.061264000833034515 0.5877360105514526 2.2940709590911865 -0.5904300212860107 0.04305899888277054 -0.8059399724006653 3.4450769424438477 0.024066999554634094 -0.9971929788589478 -0.07090900093317032 1.6788760423660278 0.0 0.0 0.0 1.0
-0.8045380115509033 -0.055858999490737915 0.591268002986908 2.301215887069702 -0.5934799909591675 0.038120999932289124 -0.8039460182189941 3.4516260623931885 0.022367000579833984 -0.9977110028266907 -0.06382100284099579 1.686352014541626 0.0 0.0 0.0 1.0
-0.8016560077667236 -0.04705699905753136 0.5959309935569763 2.3004870414733887 -0.5974060297012329 0.027525000274181366 -0.8014659881591797 3.459567070007324 0.02131200022995472 -0.9985129833221436 -0.05017799884080887 1.6714140176773071 0.0 0.0 0.0 1.0
-0.7986599802970886 -0.042667001485824585 0.6002680063247681 2.305232048034668 -0.6013860106468201 0.020390000194311142 -0.7986980080604553 3.4598400592803955 0.021838000044226646 -0.9988809823989868 -0.041944000869989395 1.6757060289382935 0.0 0.0 0.0 1.0
-0.7929149866104126 -0.03714099898934364 0.6081990003585815 2.296273946762085 -0.6089879870414734 0.01476799976080656 -0.793042004108429 3.4516589641571045 0.020472999662160873 -0.9992009997367859 -0.034327998757362366 1.6755739450454712 0.0 0.0 0.0 1.0
-0.7905300259590149 -0.03186900168657303 0.6115930080413818 2.296552896499634 -0.6120529770851135 0.006399000063538551 -0.7907909750938416 3.461031913757324 0.02128800004720688 -0.9994720220565796 -0.024563999846577644 1.6692980527877808 0.0 0.0 0.0 1.0
-0.7888609766960144 -0.027528999373316765 0.6139540076255798 2.308933973312378 -0.6142479777336121 0.0029009999707341194 -0.7891079783439636 3.4641590118408203 0.01994200050830841 -0.9996169805526733 -0.01919800043106079 1.6802259683609009 0.0 0.0 0.0 1.0
-0.774802029132843 -0.012581000104546547 0.632079005241394 2.261612892150879 -0.6319000124931335 -0.015600999817252159 -0.7748929858207703 3.4329519271850586 0.019610000774264336 -0.9997990131378174 0.004137999843806028 1.6333869695663452 0.0 0.0 0.0 1.0
-0.777758002281189 -0.017566999420523643 0.6283190250396729 2.2951889038085938 -0.6283149719238281 -0.00648100022226572 -0.7779330015182495 3.455286979675293 0.01773799955844879 -0.9998250007629395 -0.00599699979647994 1.6959969997406006 0.0 0.0 0.0 1.0
-0.7761679887771606 -0.011289999820291996 0.630424976348877 2.2989249229431152 -0.6302890181541443 -0.013518000021576881 -0.7762429714202881 3.464776039123535 0.01728600077331066 -0.999845027923584 0.0033770001027733088 1.6932480335235596 0.0 0.0 0.0 1.0
-0.7701600193977356 -0.002400000113993883 0.6378459930419922 2.2885589599609375 -0.6376749873161316 -0.020589999854564667 -0.7700309753417969 3.4544870853424072 0.014980999752879143 -0.9997850060462952 0.014325999654829502 1.6904209852218628 0.0 0.0 0.0 1.0
-0.7625030279159546 0.003258999902755022 0.6469770073890686 2.2806670665740967 -0.6468380093574524 -0.025172999128699303 -0.7622119784355164 3.4393808841705322 0.01380200032144785 -0.9996780157089233 0.0213019996881485 1.707139015197754 0.0 0.0 0.0 1.0
-0.7594889998435974 0.012400000356137753 0.6504020094871521 2.286072015762329 -0.6503710150718689 -0.035881999880075455 -0.7587689757347107 3.4431610107421875 0.013929000124335289 -0.9992790222167969 0.03531700000166893 1.6962950229644775 0.0 0.0 0.0 1.0
-0.7517690062522888 0.017348000779747963 0.6591989994049072 2.2747650146484375 -0.6592869758605957 -0.04039100185036659 -0.7508059740066528 3.4262139797210693 0.01360000018030405 -0.9990329742431641 0.041802000254392624 1.707366943359375 0.0 0.0 0.0 1.0
-0.7504919767379761 0.02205600030720234 0.6605119705200195 2.2808070182800293 -0.6607069969177246 -0.047919001430273056 -0.7491130232810974 3.4333078861236572 0.015128999948501587 -0.9986079931259155 0.05053599923849106 1.7044270038604736 0.0 0.0 0.0 1.0
-0.7468630075454712 0.022929999977350235 0.6645830273628235 2.27361798286438 -0.6647970080375671 -0.04906199872493744 -0.7454109787940979 3.4311470985412598 0.015514000318944454 -0.9985330104827881 0.051885999739170074 1.7208750247955322 0.0 0.0 0.0 1.0
-0.7463170289993286 0.026714999228715897 0.665054976940155 2.282244920730591 -0.6653620004653931 -0.05618700012564659 -0.7444040179252625 3.4348950386047363 0.0174809992313385 -0.9980630278587341 0.05970900133252144 1.7183400392532349 0.0 0.0 0.0 1.0
-0.7301750183105469 0.033647000789642334 0.6824309825897217 2.242238998413086 -0.6827110052108765 -0.07596699893474579 -0.7267289757728577 3.3801140785217285 0.027389999479055405 -0.9965429902076721 0.07844000309705734 1.6851739883422852 0.0 0.0 0.0 1.0
-0.7312549948692322 0.03412799909710884 0.6812499761581421 2.2581400871276855 -0.6814150214195251 -0.08143100142478943 -0.7273529767990112 3.3971619606018066 0.03065199963748455 -0.9960950016975403 0.08280199766159058 1.693729043006897 0.0 0.0 0.0 1.0
-0.727632999420166 0.03981199860572815 0.6848099827766418 2.258057117462158 -0.685230016708374 -0.08843699842691422 -0.7229380011558533 3.398730993270874 0.03178099915385246 -0.9952859878540039 0.09162899851799011 1.689689040184021 0.0 0.0 0.0 1.0
-0.719294011592865 0.04258200153708458 0.6933990120887756 2.246941089630127 -0.6938549876213074 -0.09342200309038162 -0.7140290141105652 3.3850231170654297 0.03437399864196777 -0.9947159886360168 0.09674400091171265 1.6950620412826538 0.0 0.0 0.0 1.0
-0.7149249911308289 0.04549799859523773 0.6977189779281616 2.2461140155792236 -0.6982790231704712 -0.09767600148916245 -0.7091299891471863 3.387666940689087 0.035886000841856 -0.9941779971122742 0.10160200297832489 1.6983699798583984 0.0 0.0 0.0 1.0
-0.7110720276832581 0.04602700099349022 0.7016109824180603 2.253683090209961 -0.7020639777183533 -0.10111799836158752 -0.7048979997634888 3.393156051635742 0.03850200027227402 -0.9938089847564697 0.10421600192785263 1.702707052230835 0.0 0.0 0.0 1.0
-0.7055760025978088 0.04645000025629997 0.7071099877357483 2.2521541118621826 -0.7075560092926025 -0.1012130007147789 -0.6993719935417175 3.395359992980957 0.039083000272512436 -0.9937800168991089 0.1042800024151802 1.7095140218734741 0.0 0.0 0.0 1.0
-0.6989150047302246 0.04862299934029579 0.7135499715805054 2.2558889389038086 -0.7140669822692871 -0.10368700325489044 -0.6923559904098511 3.389997959136963 0.040320999920368195 -0.9934210181236267 0.10718899965286255 1.7091740369796753 0.0 0.0 0.0 1.0
-0.6905440092086792 0.0521170012652874 0.7214099764823914 2.2556419372558594 -0.7221530079841614 -0.10560200363397598 -0.6836259961128235 3.3835480213165283 0.040553998202085495 -0.9930419921875 0.11055900156497955 1.7091009616851807 0.0 0.0 0.0 1.0
-0.6826679706573486 0.05464399978518486 0.7286829948425293 2.2578909397125244 -0.729544997215271 -0.10770100355148315 -0.6753990054130554 3.3849220275878906 0.04157299920916557 -0.9926810264587402 0.11338900029659271 1.7086349725723267 0.0 0.0 0.0 1.0
-0.6695749759674072 0.05455499887466431 0.7407379746437073 2.2565701007843018 -0.7415329813957214 -0.10603500157594681 -0.6624839901924133 3.3694961071014404 0.0424019992351532 -0.9928650259971619 0.11145299673080444 1.717702031135559 0.0 0.0 0.0 1.0
-0.6549839973449707 0.05605100095272064 0.7535610198974609 2.2443079948425293 -0.754410982131958 -0.10544300079345703 -0.6478790044784546 3.3592450618743896 0.043143000453710556 -0.9928449988365173 0.11134900152683258 1.7190519571304321 0.0 0.0 0.0 1.0
-0.6444730162620544 0.06167000159621239 0.7621369957923889 2.246190071105957 -0.7634680271148682 -0.10677800327539444 -0.6369580030441284 3.362920045852661 0.04209800064563751 -0.9923689961433411 0.115898996591568 1.7131110429763794 0.0 0.0 0.0 1.0
-0.6323130130767822 0.06398200243711472 0.7720659971237183 2.2477409839630127 -0.7736070156097412 -0.10537499934434891 -0.6248430013656616 3.3631598949432373 0.041377000510692596 -0.9923719763755798 0.11612699925899506 1.718809962272644 0.0 0.0 0.0 1.0
-0.6214330196380615 0.06603299826383591 0.7806789875030518 2.256895065307617 -0.7824389934539795 -0.10333900153636932 -0.614093005657196 3.368695020675659 0.04012500122189522 -0.9924520254135132 0.11588499695062637 1.720378041267395 0.0 0.0 0.0 1.0
-0.6069949865341187 0.06860700249671936 0.7917389869689941 2.2553160190582275 -0.7937769889831543 -0.10048799961805344 -0.5998499989509583 3.3688559532165527 0.038405999541282654 -0.9925699830055237 0.11545500159263611 1.7214939594268799 0.0 0.0 0.0 1.0
-0.5903890132904053 0.07215099781751633 0.8038870096206665 2.2518560886383057 -0.8062719702720642 -0.0983320027589798 -0.5833150148391724 3.3608388900756836 0.03696100041270256 -0.9925349950790405 0.11622799932956696 1.7189799547195435 0.0 0.0 0.0 1.0
-0.5765680074691772 0.07315000146627426 0.8137680292129517 2.255748987197876 -0.816277027130127 -0.09486199915409088 -0.5698180198669434 3.363616943359375 0.03551299870014191 -0.9927999973297119 0.11440499871969223 1.720716953277588 0.0 0.0 0.0 1.0
-0.5636399984359741 0.07291299849748611 0.8227959871292114 2.2615010738372803 -0.8252819776535034 -0.09181500226259232 -0.5572059750556946 3.3693270683288574 0.03491799905896187 -0.99310302734375 0.11192400008440018 1.7205469608306885 0.0 0.0 0.0 1.0
-0.553022027015686 0.06892599910497665 0.8303110003471375 2.270811080932617 -0.8324750065803528 -0.08631599694490433 -0.547298014163971 3.3788840770721436 0.033946000039577484 -0.9938809871673584 0.10511399805545807 1.7270439863204956 0.0 0.0 0.0 1.0
-0.5418490171432495 0.0706930011510849 0.8374980092048645 2.284998893737793 -0.8398950099945068 -0.0825980007648468 -0.5364270210266113 3.3793389797210693 0.03125400096178055 -0.9940729737281799 0.10413099825382233 1.7179980278015137 0.0 0.0 0.0 1.0
-0.5225880146026611 0.07091899961233139 0.8496310114860535 2.2756760120391846 -0.8520380258560181 -0.0791729986667633 -0.517458975315094 3.3591389656066895 0.030570000410079956 -0.9943349957466125 0.10180000215768814 1.713502049446106 0.0 0.0 0.0 1.0
-0.5133510231971741 0.06940100342035294 0.8553680181503296 2.2883219718933105 -0.8576120138168335 -0.07773599773645401 -0.5083900094032288 3.3755710124969482 0.031209999695420265 -0.9945560097694397 0.09942500293254852 1.7092609405517578 0.0 0.0 0.0 1.0
-0.5039799809455872 0.06768699735403061 0.8610590100288391 2.2971351146698 -0.8632060289382935 -0.07372000068426132 -0.4994420111179352 3.396127939224243 0.02967200055718422 -0.994979977607727 0.09558200091123581 1.7118589878082275 0.0 0.0 0.0 1.0
-0.47394201159477234 0.07105900347232819 0.8776839971542358 2.2781190872192383 -0.8801620006561279 -0.06805600225925446 -0.46977001428604126 3.3433279991149902 0.026350000873208046 -0.9951480031013489 0.0947979986667633 1.7068560123443604 0.0 0.0 0.0 1.0
-0.44326499104499817 0.06915400177240372 0.8937199711799622 2.260380983352661 -0.8958820104598999 -0.06778199970722198 -0.4390920102596283 3.2973170280456543 0.030213000252842903 -0.9953010082244873 0.09199900180101395 1.7027970552444458 0.0 0.0 0.0 1.0
-0.4181959927082062 0.06843400001525879 0.9057750105857849 2.2569010257720947 -0.9078829884529114 -0.06370499730110168 -0.414355993270874 3.2675249576568604 0.029346000403165817 -0.9956200122833252 0.08877100050449371 1.7040619850158691 0.0 0.0 0.0 1.0
-0.4027490019798279 0.07049400359392166 0.9125919938087463 2.256309986114502 -0.9149789810180664 -0.05784099921584129 -0.39933499693870544 3.2758219242095947 0.02463500015437603 -0.9958339929580688 0.08779600262641907 1.7007620334625244 0.0 0.0 0.0 1.0
-0.38617101311683655 0.07082299888134003 0.919704020023346 2.262598991394043 -0.9221580028533936 -0.0537399984896183 -0.3830629885196686 3.279876947402954 0.0222960002720356 -0.9960399866104126 0.08606299757957458 1.6955560445785522 0.0 0.0 0.0 1.0
-0.36887601017951965 0.06955000013113022 0.9268730282783508 2.27065110206604 -0.9292830228805542 -0.04806499928236008 -0.36622801423072815 3.2818620204925537 0.019078999757766724 -0.9964200258255005 0.08236200362443924 1.6966290473937988 0.0 0.0 0.0 1.0
-0.35116299986839294 0.05724199861288071 0.9345629811286926 2.288944959640503 -0.936053991317749 -0.04498999938368797 -0.3489679992198944 3.2846240997314453 0.02206999994814396 -0.9973459839820862 0.06938000023365021 1.7197229862213135 0.0 0.0 0.0 1.0
-0.33854201436042786 0.055396001785993576 0.9393190145492554 2.3009989261627197 -0.9407680034637451 -0.03965900093317032 -0.33672499656677246 3.307905912399292 0.018598999828100204 -0.9976770281791687 0.06554099917411804 1.7194570302963257 0.0 0.0 0.0 1.0
-0.3144089877605438 0.05115300044417381 0.9479089975357056 2.307229995727539 -0.9491580128669739 -0.03345699980854988 -0.31301701068878174 3.287872076034546 0.01570199988782406 -0.9981300234794617 0.05907199904322624 1.7233599424362183 0.0 0.0 0.0 1.0
-0.29739800095558167 0.048287998884916306 0.9535319805145264 2.311713933944702 -0.954692006111145 -0.026391999796032906 -0.2964229881763458 3.2933249473571777 0.010851999744772911 -0.9984850287437439 0.05394899845123291 1.7245310544967651 0.0 0.0 0.0 1.0
-0.28228700160980225 0.04438000172376633 0.9583029747009277 2.3211660385131836 -0.9592940211296082 -0.02169400081038475 -0.2815749943256378 3.30115008354187 0.008293000049889088 -0.9987789988517761 0.04869699850678444 1.7218070030212402 0.0 0.0 0.0 1.0
-0.26879599690437317 0.036559998989105225 0.9625030159950256 2.3274149894714355 -0.9631749987602234 -0.01693199947476387 -0.2683410048484802 3.3125059604644775 0.0064860000275075436 -0.9991880059242249 0.039765000343322754 1.7286959886550903 0.0 0.0 0.0 1.0
-0.24903899431228638 0.03415900096297264 0.9678909778594971 2.3274459838867188 -0.9684879779815674 -0.012175999581813812 -0.24876199662685394 3.2940878868103027 0.003287999890744686 -0.9993420243263245 0.036114998161792755 1.717829942703247 0.0 0.0 0.0 1.0
-0.2438579946756363 0.028649000450968742 0.9693880081176758 2.3427469730377197 -0.9698079824447632 -0.00964100006967783 -0.2436780035495758 3.325201988220215 0.002365000080317259 -0.9995430111885071 0.030136000365018845 1.7149490118026733 0.0 0.0 0.0 1.0
-0.2214069962501526 0.02297399938106537 0.9749109745025635 2.3378889560699463 -0.975180983543396 -0.004273000173270702 -0.2213679999113083 3.291929006576538 -0.0009200000204145908 -0.9997270107269287 0.023350000381469727 1.7174010276794434 0.0 0.0 0.0 1.0
-0.21458399295806885 0.02091200090944767 0.9764819741249084 2.3485939502716064 -0.9767000079154968 -0.0012499999720603228 -0.21460500359535217 3.311800956726074 -0.003266999963670969 -0.9997810125350952 0.02069300040602684 1.707515001296997 0.0 0.0 0.0 1.0
-0.21536199748516083 0.0036929999478161335 0.9765269756317139 2.376862049102783 -0.9764670133590698 0.010960999876260757 -0.21538999676704407 3.3589351177215576 -0.011500000022351742 -0.9999330043792725 0.0012450000504031777 1.7451740503311157 0.0 0.0 0.0 1.0
-0.20715199410915375 -0.007158999796956778 0.9782829880714417 2.3831450939178467 -0.9782230257987976 0.014750000089406967 -0.2070309966802597 3.3720390796661377 -0.01294699963182211 -0.9998660087585449 -0.010058999992907047 1.7500840425491333 0.0 0.0 0.0 1.0
-0.19557100534439087 -0.014957999810576439 0.9805759787559509 2.392254114151001 -0.9805099964141846 0.022120999172329903 -0.1952199935913086 3.3630969524383545 -0.01877100020647049 -0.9996439814567566 -0.01899299956858158 1.751528024673462 0.0 0.0 0.0 1.0
-0.1793919950723648 -0.013237999752163887 0.98368901014328 2.386315107345581 -0.983555018901825 0.02371099963784218 -0.17904800176620483 3.3467559814453125 -0.02095399983227253 -0.9996309876441956 -0.01727299951016903 1.7272249460220337 0.0 0.0 0.0 1.0
-0.16803300380706787 -0.01082799956202507 0.985722005367279 2.387228012084961 -0.9855380058288574 0.024089999496936798 -0.1677359938621521 3.350198984146118 -0.021929999813437462 -0.9996510148048401 -0.014720000326633453 1.7063909769058228 0.0 0.0 0.0 1.0
-0.1541610062122345 -0.01715799979865551 0.9878969788551331 2.387608051300049 -0.9877840280532837 0.025693999603390694 -0.15369699895381927 3.3468689918518066 -0.022746000438928604 -0.9995229840278625 -0.020910000428557396 1.7127900123596191 0.0 0.0 0.0 1.0
-0.145236998796463 -0.019471999257802963 0.989205002784729 2.3941099643707275 -0.9891149997711182 0.026724999770522118 -0.14469699561595917 3.359945058822632 -0.023618999868631363 -0.9994530081748962 -0.023141000419855118 1.6987969875335693 0.0 0.0 0.0 1.0
-0.1292330026626587 -0.021844999864697456 0.9913740158081055 2.3978259563446045 -0.9913139939308167 0.027456000447273254 -0.1286199986934662 3.347662925720215 -0.024410000070929527 -0.9993849992752075 -0.025203000754117966 1.682023048400879 0.0 0.0 0.0 1.0
-0.12031400203704834 -0.03800800070166588 0.9920079708099365 2.4061520099639893 -0.9924579858779907 0.02825300022959709 -0.11928600072860718 3.360045909881592 -0.023492999374866486 -0.998878002166748 -0.041120000183582306 1.7077029943466187 0.0 0.0 0.0 1.0
-0.10662999749183655 -0.04559599980711937 0.9932529926300049 2.4060750007629395 -0.9940770268440247 0.025981999933719635 -0.10552500188350677 3.3548851013183594 -0.02099600061774254 -0.9986220002174377 -0.048096999526023865 1.6871709823608398 0.0 0.0 0.0 1.0
-0.10429699718952179 -0.06415200233459473 0.9924749732017517 2.4178500175476074 -0.994288980960846 0.029425999149680138 -0.10258500277996063 3.3847460746765137 -0.022623000666499138 -0.9975060224533081 -0.06685499846935272 1.6948670148849487 0.0 0.0 0.0 1.0
-0.08994899690151215 -0.06496600061655045 0.9938250184059143 2.4202969074249268 -0.9957640171051025 0.024946000427007675 -0.08849400281906128 3.371074914932251 -0.019043000414967537 -0.9975759983062744 -0.0669339969754219 1.6405049562454224 0.0 0.0 0.0 1.0
-0.08136399835348129 -0.08211600035429001 0.9932960271835327 2.4249889850616455 -0.9965370297431946 0.023857999593019485 -0.07965700328350067 3.372844934463501 -0.017156999558210373 -0.9963369965553284 -0.08377300202846527 1.6462939977645874 0.0 0.0 0.0 1.0
-0.06955400109291077 -0.09533499926328659 0.993012011051178 2.4249279499053955 -0.9974210262298584 0.024325000122189522 -0.06752700358629227 3.3641889095306396 -0.0177180003374815 -0.9951480031013489 -0.09678100049495697 1.646016001701355 0.0 0.0 0.0 1.0
-0.060474999248981476 -0.10402899980545044 0.9927340149879456 2.427248954772949 -0.9980400204658508 0.02232000045478344 -0.058458998799324036 3.3702149391174316 -0.016076000407338142 -0.9943240284919739 -0.10517500340938568 1.6348259449005127 0.0 0.0 0.0 1.0
-0.053109001368284225 -0.11603999882936478 0.9918239712715149 2.4305639266967773 -0.9984779953956604 0.02094700001180172 -0.0510139986872673 3.3818700313568115 -0.014856000430881977 -0.9930239915847778 -0.11697500199079514 1.6379940509796143 0.0 0.0 0.0 1.0
-0.03867899999022484 -0.12809999287128448 0.9910069704055786 2.4359021186828613 -0.999098002910614 0.0223580002784729 -0.036104001104831696 3.365020990371704 -0.017532000318169594 -0.9915090203285217 -0.12884999811649323 1.6364580392837524 0.0 0.0 0.0 1.0
-0.03409399837255478 -0.14117099344730377 0.9893980026245117 2.437448024749756 -0.9993020296096802 0.019926000386476517 -0.031592998653650284 3.379901885986328 -0.015255000442266464 -0.9897850155830383 -0.14175200462341309 1.6375830173492432 0.0 0.0 0.0 1.0
-0.0270990002900362 -0.15158799290657043 0.9880719780921936 2.441106081008911 -0.9995279908180237 0.018459999933838844 -0.024581000208854675 3.3859379291534424 -0.014514000155031681 -0.9882720112800598 -0.1520169973373413 1.6276350021362305 0.0 0.0 0.0 1.0
-0.014294000342488289 -0.16199299693107605 0.9866880178451538 2.440068006515503 -0.9997590184211731 0.018737999722361565 -0.01140700001269579 3.369096040725708 -0.016641000285744667 -0.9866139888763428 -0.1622209995985031 1.6228749752044678 0.0 0.0 0.0 1.0
-0.020917000249028206 -0.17561599612236023 0.9842360019683838 2.436624050140381 -0.9995880126953125 0.02304599992930889 -0.017131000757217407 3.422347068786621 -0.019673999398946762 -0.984188973903656 -0.17602600157260895 1.6222660541534424 0.0 0.0 0.0 1.0
-0.012546000070869923 -0.1829800009727478 0.983036994934082 2.4353079795837402 -0.9997360110282898 0.02121499925851822 -0.00880999956279993 3.416184902191162 -0.01924300007522106 -0.9828879833221436 -0.1831980049610138 1.6020710468292236 0.0 0.0 0.0 1.0
-0.005282999947667122 -0.19646699726581573 0.9804959893226624 2.436000108718872 -0.9998300075531006 0.018339000642299652 -0.001711999997496605 3.4143760204315186 -0.01764499954879284 -0.980338990688324 -0.1965309977531433 1.599179983139038 0.0 0.0 0.0 1.0
-0.0004889999981969595 -0.20909200608730316 0.977895975112915 2.4343810081481934 -0.9998840093612671 0.0149940000846982 0.0027069998905062675 3.419651985168457 -0.01522899977862835 -0.9777809977531433 -0.20907500386238098 1.593487024307251 0.0 0.0 0.0 1.0
0.005233000032603741 -0.222788006067276 0.974852979183197 2.435965061187744 -0.9998760223388672 0.013341999612748623 0.008415999822318554 3.4213669300079346 -0.01488099992275238 -0.974776029586792 -0.22269000113010406 1.5882879495620728 0.0 0.0 0.0 1.0
0.01039000041782856 -0.23569799959659576 0.9717710018157959 2.4358139038085938 -0.9998409748077393 0.011618000455200672 0.013508000411093235 3.4266750812530518 -0.014473999850451946 -0.9717569947242737 -0.2355400025844574 1.5862469673156738 0.0 0.0 0.0 1.0
0.019074000418186188 -0.24734699726104736 0.9687389731407166 2.4368019104003906 -0.9997190237045288 0.008942999877035618 0.021967999637126923 3.4242429733276367 -0.014096999540925026 -0.9688860177993774 -0.24710699915885925 1.584267020225525 0.0 0.0 0.0 1.0
0.025899000465869904 -0.25614699721336365 0.9662910103797913 2.43658709526062 -0.999563992023468 0.007065999787300825 0.0286640003323555 3.432512044906616 -0.014170999638736248 -0.9666119813919067 -0.25585201382637024 1.5813649892807007 0.0 0.0 0.0 1.0
0.036486998200416565 -0.26411598920822144 0.9638000130653381 2.4341020584106445 -0.9991940259933472 0.0065009999088943005 0.03960900008678436 3.4280529022216797 -0.01672700047492981 -0.9644690155982971 -0.2636660039424896 1.5756750106811523 0.0 0.0 0.0 1.0
0.04686100035905838 -0.27365800738334656 0.9606850147247314 2.4383299350738525 -0.9987580180168152 0.003432000055909157 0.049695998430252075 3.4269120693206787 -0.01689700037240982 -0.9618210196495056 -0.2731580138206482 1.5692909955978394 0.0 0.0 0.0 1.0
0.05681600049138069 -0.29077500104904175 0.9551029801368713 2.43853497505188 -0.9982489943504333 -0.0007319999858736992 0.05916000157594681 3.424349069595337 -0.016503000631928444 -0.9567909836769104 -0.29030799865722656 1.5810240507125854 0.0 0.0 0.0 1.0
0.06125500053167343 -0.3023250102996826 0.9512349963188171 2.43703293800354 -0.9980170130729675 -0.004714000038802624 0.06276900321245193 3.432529926300049 -0.014492999762296677 -0.9531940221786499 -0.3020150065422058 1.5774569511413574 0.0 0.0 0.0 1.0
0.06883899867534637 -0.31405699253082275 0.9469050168991089 2.4398601055145264 -0.9975389838218689 -0.009000999853014946 0.06953500211238861 3.4319469928741455 -0.013314999639987946 -0.9493610262870789 -0.3139039874076843 1.5766559839248657 0.0 0.0 0.0 1.0
0.07443299889564514 -0.3213759958744049 0.944021999835968 2.4356939792633057 -0.9971320033073425 -0.011008000001311302 0.07487300038337708 3.4365689754486084 -0.013670999556779861 -0.9468880295753479 -0.32127299904823303 1.5734050273895264 0.0 0.0 0.0 1.0
0.08274900168180466 -0.3286150097846985 0.9408320188522339 2.4372189044952393 -0.9964659810066223 -0.01359300035983324 0.08289500325918198 3.4379379749298096 -0.01445200014859438 -0.9443659782409668 -0.32857900857925415 1.5720139741897583 0.0 0.0 0.0 1.0
0.09132599830627441 -0.33423298597335815 0.9380559921264648 2.4361519813537598 -0.9957079887390137 -0.016442999243736267 0.09108100086450577 3.4401140213012695 -0.015018000267446041 -0.94234699010849 -0.3343000113964081 1.5670629739761353 0.0 0.0 0.0 1.0
0.09983699768781662 -0.3422139883041382 0.9343029856681824 2.434612989425659 -0.9949060082435608 -0.02112399972975254 0.09857600182294846 3.4430370330810547 -0.0139979999512434 -0.9393849968910217 -0.34257999062538147 1.5640339851379395 0.0 0.0 0.0 1.0
0.10948300361633301 -0.3493120074272156 0.9305880069732666 2.4327590465545654 -0.9938910007476807 -0.025317000225186348 0.10742799937725067 3.442164897918701 -0.013965999707579613 -0.9366649985313416 -0.34994998574256897 1.5581170320510864 0.0 0.0 0.0 1.0
0.11746499687433243 -0.3585749864578247 0.9260810017585754 2.4330270290374756 -0.9929890036582947 -0.029972000047564507 0.11434700340032578 3.4452059268951416 -0.013244999572634697 -0.9330199956893921 -0.35958200693130493 1.553670048713684 0.0 0.0 0.0 1.0
0.1264829933643341 -0.3696869909763336 0.92050701379776 2.4370388984680176 -0.9918910264968872 -0.03552800044417381 0.12202300131320953 3.4470479488372803 -0.012405999936163425 -0.9284769892692566 -0.37118300795555115 1.5519030094146729 0.0 0.0 0.0 1.0
0.1324629932641983 -0.3777120113372803 0.9163990020751953 2.427107095718384 -0.9911220073699951 -0.03981399908661842 0.12685400247573853 3.4515750408172607 -0.011428999714553356 -0.9250670075416565 -0.37963300943374634 1.5463839769363403 0.0 0.0 0.0 1.0
0.1375489979982376 -0.3865489959716797 0.9119539856910706 2.4273529052734375 -0.9904590249061584 -0.04580400139093399 0.12997500598430634 3.4588139057159424 -0.008469999767839909 -0.9211310148239136 -0.38916099071502686 1.5399069786071777 0.0 0.0 0.0 1.0
0.14465700089931488 -0.39660200476646423 0.9065210223197937 2.426103115081787 -0.9894559979438782 -0.051291000097990036 0.135452002286911 3.458885908126831 -0.007224000059068203 -0.9165570139884949 -0.39983999729156494 1.5343530178070068 0.0 0.0 0.0 1.0
0.15118199586868286 -0.40902799367904663 0.8999109864234924 2.4311139583587646 -0.9884859919548035 -0.05675499886274338 0.14026600122451782 3.459691047668457 -0.006298999767750502 -0.9107549786567688 -0.412898987531662 1.5336710214614868 0.0 0.0 0.0 1.0
0.1572279930114746 -0.4178850054740906 0.8947910070419312 2.431541919708252 -0.9875540137290955 -0.0628340020775795 0.1441829949617386 3.4607880115509033 -0.004027999937534332 -0.9063249826431274 -0.42256298661231995 1.5320229530334473 0.0 0.0 0.0 1.0
0.16265100240707397 -0.4251999855041504 0.8903650045394897 2.430907964706421 -0.9866799712181091 -0.0677649974822998 0.14788399636745453 3.460073947906494 -0.0025450000539422035 -0.9025589823722839 -0.4305590093135834 1.52817702293396 0.0 0.0 0.0 1.0
0.1674100011587143 -0.43309101462364197 0.8856670260429382 2.4331068992614746 -0.9858859777450562 -0.07219500094652176 0.15105000138282776 3.461658000946045 -0.0014779999619349837 -0.898455023765564 -0.43906399607658386 1.526473045349121 0.0 0.0 0.0 1.0
0.17314399778842926 -0.43919599056243896 0.8815490007400513 2.4355978965759277 -0.9848949909210205 -0.0756940022110939 0.1557299941778183 3.458919048309326 -0.0016680000117048621 -0.8951969742774963 -0.4456680119037628 1.523398995399475 0.0 0.0 0.0 1.0
0.1764329969882965 -0.4452989995479584 0.877826988697052 2.4347000122070312 -0.9843119978904724 -0.0784749984741211 0.1580280065536499 3.4597809314727783 -0.0014819999923929572 -0.8919370174407959 -0.45215800404548645 1.5196620225906372 0.0 0.0 0.0 1.0
0.18097400665283203 -0.4506619870662689 0.8741580247879028 2.4358038902282715 -0.9834880232810974 -0.08218800276517868 0.16123799979686737 3.457637071609497 -0.000818000000435859 -0.888903021812439 -0.4580940008163452 1.5154069662094116 0.0 0.0 0.0 1.0
0.18433299660682678 -0.455392986536026 0.8709989786148071 2.43322491645813 -0.9828640222549438 -0.08550599962472916 0.1633020043373108 3.458604097366333 0.00010900000052060932 -0.8861749768257141 -0.4633510112762451 1.5098340511322021 0.0 0.0 0.0 1.0
0.18793700635433197 -0.4607270061969757 0.8674160242080688 2.4335639476776123 -0.9821789860725403 -0.0899680033326149 0.16501599550247192 3.4594509601593018 0.0020119999535381794 -0.8829699754714966 -0.4694249927997589 1.504269003868103 0.0 0.0 0.0 1.0
0.19311299920082092 -0.4666439890861511 0.8631049990653992 2.434370994567871 -0.9811689853668213 -0.09524600207805634 0.16803400218486786 3.455251932144165 0.0037960000336170197 -0.8793020248413086 -0.4762499928474426 1.5005120038986206 0.0 0.0 0.0 1.0
0.19784200191497803 -0.47154200077056885 0.8593649864196777 2.437030076980591 -0.980201005935669 -0.10235100239515305 0.16949999332427979 3.451772928237915 0.008030000142753124 -0.8758839964866638 -0.48245498538017273 1.4973419904708862 0.0 0.0 0.0 1.0
0.2008969932794571 -0.47541099786758423 0.8565189838409424 2.438451051712036 -0.9795200228691101 -0.10951399803161621 0.16896100342273712 3.448777914047241 0.01347499992698431 -0.8729209899902344 -0.4876750111579895 1.4936100244522095 0.0 0.0 0.0 1.0
0.20346100628376007 -0.47940000891685486 0.8536859750747681 2.443411111831665 -0.9789450168609619 -0.11428400129079819 0.16913700103759766 3.4437739849090576 0.016479000449180603 -0.870123028755188 -0.4925589859485626 1.4921679496765137 0.0 0.0 0.0 1.0
0.20509399473667145 -0.4806700050830841 0.8525800108909607 2.4478890895843506 -0.9785789847373962 -0.11662200093269348 0.1696549952030182 3.441061019897461 0.017882000654935837 -0.8691120147705078 -0.4942919909954071 1.4897979497909546 0.0 0.0 0.0 1.0
0.2070160061120987 -0.4806880056858063 0.8521050214767456 2.4500679969787598 -0.978181004524231 -0.11727400124073029 0.17148999869823456 3.4334869384765625 0.017495999112725258 -0.8690149784088135 -0.4944770038127899 1.4820150136947632 0.0 0.0 0.0 1.0
0.20597100257873535 -0.4861850142478943 0.8492349982261658 2.4543778896331787 -0.9783899784088135 -0.11840999871492386 0.1695069968700409 3.426424026489258 0.018146000802516937 -0.8657969832420349 -0.5000669956207275 1.4744919538497925 0.0 0.0 0.0 1.0
0.20258300006389618 -0.49754801392555237 0.8434489965438843 2.462393045425415 -0.9790629744529724 -0.12040399760007858 0.16412900388240814 3.419459104537964 0.019891999661922455 -0.8590400218963623 -0.5115230083465576 1.4715909957885742 0.0 0.0 0.0 1.0
0.19458599388599396 -0.5073760151863098 0.8394680023193359 2.470388889312744 -0.9806550145149231 -0.11918099969625473 0.1552799940109253 3.4160408973693848 0.0212629996240139 -0.85344398021698 -0.5207509994506836 1.4692679643630981 0.0 0.0 0.0 1.0
0.1878349930047989 -0.5130230188369751 0.8375710248947144 2.4782938957214355 -0.9818789958953857 -0.11989499628543854 0.1467610001564026 3.4107489585876465 0.025127999484539032 -0.8499600291252136 -0.5262470245361328 1.4651819467544556 0.0 0.0 0.0 1.0
0.18061299622058868 -0.5189629793167114 0.8354979753494263 2.4874279499053955 -0.9832080006599426 -0.11781299859285355 0.1393660008907318 3.404644012451172 0.026107000187039375 -0.8466389775276184 -0.5315269827842712 1.4604660272598267 0.0 0.0 0.0 1.0
0.17526400089263916 -0.5271880030632019 0.8314779996871948 2.5003089904785156 -0.9841809868812561 -0.11603700369596481 0.13388000428676605 3.399266004562378 0.025901999324560165 -0.8417890071868896 -0.5391860008239746 1.4591269493103027 0.0 0.0 0.0 1.0
0.16976700723171234 -0.5351930260658264 0.8274949789047241 2.513982057571411 -0.9851899743080139 -0.1126829981803894 0.1292400062084198 3.394418954849243 0.024075999855995178 -0.8371809720993042 -0.5463969707489014 1.4577219486236572 0.0 0.0 0.0 1.0
0.16590000689029694 -0.539870023727417 0.8252379894256592 2.527116060256958 -0.9858819842338562 -0.1100429967045784 0.12620499730110168 3.3864970207214355 0.022677000612020493 -0.8345239758491516 -0.5505040287971497 1.4534330368041992 0.0 0.0 0.0 1.0
0.1619189977645874 -0.545117974281311 0.8225740194320679 2.543081045150757 -0.9865540266036987 -0.10821200162172318 0.12248600274324417 3.37719988822937 0.02224300056695938 -0.8313459753990173 -0.5553100109100342 1.4525010585784912 0.0 0.0 0.0 1.0
0.1567309945821762 -0.5476980209350586 0.8218650221824646 2.5594000816345215 -0.9873989820480347 -0.10532499849796295 0.11810900270938873 3.3678441047668457 0.02187499962747097 -0.830020010471344 -0.5573049783706665 1.450659990310669 0.0 0.0 0.0 1.0
0.14820599555969238 -0.5509420037269592 0.821278989315033 2.5785820484161377 -0.9887059926986694 -0.10126200318336487 0.11048900336027145 3.3595550060272217 0.022290999069809914 -0.8283780217170715 -0.5597270131111145 1.451058030128479 0.0 0.0 0.0 1.0
0.13902899622917175 -0.5513709783554077 0.8225939869880676 2.5945138931274414 -0.9900609850883484 -0.09519299864768982 0.10352600365877151 3.3497300148010254 0.021223999559879303 -0.8288120031356812 -0.5591260194778442 1.447983980178833 0.0 0.0 0.0 1.0
0.13300299644470215 -0.5557190179824829 0.8206620216369629 2.6170260906219482 -0.9909070134162903 -0.0915369987487793 0.09860900044441223 3.3373770713806152 0.020322000607848167 -0.8263159990310669 -0.56284099817276 1.4522240161895752 0.0 0.0 0.0 1.0
0.1229109987616539 -0.5554800033569336 0.8223959803581238 2.638231039047241 -0.9922549724578857 -0.0838090032339096 0.09168999642133713 3.332710027694702 0.017992999404668808 -0.8272960186004639 -0.5614789724349976 1.4540330171585083 0.0 0.0 0.0 1.0
0.11560399830341339 -0.5539460182189941 0.8244869709014893 2.6616759300231934 -0.9931889772415161 -0.0765869989991188 0.08780200034379959 3.3248140811920166 0.014507999643683434 -0.8290219902992249 -0.5590270161628723 1.457746982574463 0.0 0.0 0.0 1.0
0.11003799736499786 -0.5483009815216064 0.829010009765625 2.682974100112915 -0.9938669800758362 -0.06986399739980698 0.08571299910545349 3.3154170513153076 0.01092199981212616 -0.8333579897880554 -0.5526270270347595 1.4606349468231201 0.0 0.0 0.0 1.0
0.1049169972538948 -0.5398449897766113 0.8352000117301941 2.700895071029663 -0.99446702003479 -0.06142299994826317 0.08522199839353561 3.3050880432128906 0.005293999798595905 -0.8395199775695801 -0.5433030128479004 1.4599360227584839 0.0 0.0 0.0 1.0
0.1011350005865097 -0.5333709716796875 0.8398140072822571 2.7210960388183594 -0.994871973991394 -0.05509300157427788 0.08481799811124802 3.2960920333862305 0.0010290000354871154 -0.8440849781036377 -0.5362079739570618 1.4621440172195435 0.0 0.0 0.0 1.0
0.09899699687957764 -0.527534008026123 0.8437460064888 2.7410969734191895 -0.9950860142707825 -0.050870999693870544 0.08494800329208374 3.286813974380493 -0.0018909999635070562 -0.8480100035667419 -0.5299779772758484 1.4624090194702148 0.0 0.0 0.0 1.0
0.09730099886655807 -0.5248050093650818 0.8456429839134216 2.757481098175049 -0.9952449798583984 -0.04744499921798706 0.08506999909877777 3.276141881942749 -0.004523000214248896 -0.8498989939689636 -0.5269269943237305 1.4600809812545776 0.0 0.0 0.0 1.0
0.09606000036001205 -0.5276979804039001 0.843982994556427 2.776719093322754 -0.9953650236129761 -0.04706199839711189 0.0838640034198761 3.2614688873291016 -0.004534999839961529 -0.8481280207633972 -0.5297729969024658 1.4587899446487427 0.0 0.0 0.0 1.0
0.094480000436306 -0.5351960062980652 0.8394269943237305 2.7948269844055176 -0.9955270290374756 -0.05021800100803375 0.08003100007772446 3.2448649406433105 -0.0006779999821446836 -0.8432340025901794 -0.5375469923019409 1.4598159790039062 0.0 0.0 0.0 1.0
0.09224099665880203 -0.5432239770889282 0.8345059752464294 2.81181001663208 -0.9957150220870972 -0.05583500117063522 0.0737140029668808 3.234684944152832 0.006550999823957682 -0.8377289772033691 -0.5460469722747803 1.4651999473571777 0.0 0.0 0.0 1.0
0.08972600102424622 -0.5421329736709595 0.8354889750480652 2.828521966934204 -0.9958400130271912 -0.0622280016541481 0.0665690004825592 3.2291479110717773 0.015901999548077583 -0.8379859924316406 -0.5454609990119934 1.4715850353240967 0.0 0.0 0.0 1.0
0.08615399897098541 -0.5386369824409485 0.8381220102310181 2.8507769107818604 -0.9960150122642517 -0.06603100150823593 0.05994800105690956 3.2228550910949707 0.023051999509334564 -0.839946985244751 -0.5421800017356873 1.4766989946365356 0.0 0.0 0.0 1.0
0.08326300233602524 -0.5345330238342285 0.8410369753837585 2.8648109436035156 -0.9962469935417175 -0.06466799974441528 0.05752899870276451 3.21091890335083 0.02363700047135353 -0.8426700234413147 -0.5379109978675842 1.480705976486206 0.0 0.0 0.0 1.0
0.07727500051259995 -0.52742600440979 0.8460800051689148 2.878412961959839 -0.9967960119247437 -0.05843700096011162 0.05461199954152107 3.199779987335205 0.02063800022006035 -0.8475890159606934 -0.5302519798278809 1.4836070537567139 0.0 0.0 0.0 1.0
0.06949800252914429 -0.5204809904098511 0.8510410189628601 2.891658067703247 -0.9974370002746582 -0.05081399902701378 0.05037600174546242 3.1911070346832275 0.017024999484419823 -0.8523600101470947 -0.522678017616272 1.4843260049819946 0.0 0.0 0.0 1.0
0.060965001583099365 -0.5178819894790649 0.8532770276069641 2.9050209522247314 -0.9980930089950562 -0.03990799933671951 0.04709099978208542 3.179939031600952 0.00966500025242567 -0.8545209765434265 -0.5193279981613159 1.4827059507369995 0.0 0.0 0.0 1.0
0.05297299847006798 -0.519474983215332 0.8528419733047485 2.916766881942749 -0.9985799789428711 -0.0324850007891655 0.042238999158144 3.169616937637329 0.005762000102549791 -0.8538680076599121 -0.5204570293426514 1.4830060005187988 0.0 0.0 0.0 1.0
0.044783998280763626 -0.519806981086731 0.8531100153923035 2.927309989929199 -0.9989759922027588 -0.028843000531196594 0.034866999834775925 3.1568100452423096 0.00648199999704957 -0.8537970185279846 -0.5205659866333008 1.482211947441101 0.0 0.0 0.0 1.0
0.03628699854016304 -0.5210229754447937 0.852770984172821 2.9367730617523193 -0.9992790222167969 -0.02846900001168251 0.025126999244093895 3.143570899963379 0.01118599995970726 -0.8530679941177368 -0.521681010723114 1.4812159538269043 0.0 0.0 0.0 1.0
0.028310000896453857 -0.5253869891166687 0.8503919839859009 2.957304000854492 -0.9995139837265015 -0.02601500041782856 0.01720299944281578 3.128757953643799 0.013085000216960907 -0.8504660129547119 -0.5258679986000061 1.48272705078125 0.0 0.0 0.0 1.0
0.022035999223589897 -0.5276989936828613 0.8491460084915161 2.972804069519043 -0.9996690154075623 -0.022895000874996185 0.011714999563992023 3.12579607963562 0.013259000144898891 -0.8491230010986328 -0.5280290246009827 1.4838470220565796 0.0 0.0 0.0 1.0
0.023121999576687813 -0.5283939838409424 0.8486850261688232 2.9857609272003174 -0.9996809959411621 -0.02090200036764145 0.014221999794244766 3.11678409576416 0.010223999619483948 -0.8487420082092285 -0.5287079811096191 1.4822969436645508 0.0 0.0 0.0 1.0
0.02758600004017353 -0.530131995677948 0.847465991973877 3.0016419887542725 -0.9995999932289124 -0.019991999492049217 0.020031999796628952 3.107419013977051 0.0063229999504983425 -0.8476790189743042 -0.5304710268974304 1.4809340238571167 0.0 0.0 0.0 1.0
0.03555700182914734 -0.5306800007820129 0.8468260169029236 3.0155200958251953 -0.9993540048599243 -0.02331399917602539 0.027350999414920807 3.0969979763031006 0.0052280002273619175 -0.8472520112991333 -0.5311660170555115 1.4792159795761108 0.0 0.0 0.0 1.0
0.047860000282526016 -0.5315679907798767 0.845661997795105 3.029707908630371 -0.9988390207290649 -0.03015900030732155 0.03757200017571449 3.089776039123535 0.0055320002138614655 -0.8464789986610413 -0.5323939919471741 1.4779770374298096 0.0 0.0 0.0 1.0
0.06936299800872803 -0.5313010215759277 0.8443390130996704 3.0483179092407227 -0.9975770115852356 -0.0415630005300045 0.05579899996519089 3.0799241065979004 0.005446999799460173 -0.8461629748344421 -0.5328959822654724 1.4782439470291138 0.0 0.0 0.0 1.0
0.09521199762821198 -0.5281109809875488 0.8438209891319275 3.0639240741729736 -0.9954349994659424 -0.05613899976015091 0.07718399912118912 3.0681099891662598 0.006610000040382147 -0.8473179936408997 -0.5310459733009338 1.477550983428955 0.0 0.0 0.0 1.0
0.11986900120973587 -0.5253440141677856 0.8424050211906433 3.080409049987793 -0.9927610158920288 -0.06987500190734863 0.09768799692392349 3.0534679889678955 0.007542999926954508 -0.8480160236358643 -0.5299170017242432 1.476462960243225 0.0 0.0 0.0 1.0
0.14057500660419464 -0.5229099988937378 0.8407170176506042 3.0986969470977783 -0.9899970293045044 -0.0845400020480156 0.11295399814844131 3.0403571128845215 0.012009999714791775 -0.8481860160827637 -0.5295630097389221 1.4796680212020874 0.0 0.0 0.0 1.0
0.1682939976453781 -0.5135560035705566 0.8413900136947632 3.1012680530548096 -0.9855239987373352 -0.10540399700403214 0.1327890008687973 3.0132689476013184 0.02049100026488304 -0.8515580296516418 -0.523859977722168 1.4791630506515503 0.0 0.0 0.0 1.0
0.189860999584198 -0.5056989789009094 0.8415589928627014 3.11722993850708 -0.9813849925994873 -0.12300299853086472 0.14749400317668915 3.002995014190674 0.028927000239491463 -0.8538960218429565 -0.5196390151977539 1.483947992324829 0.0 0.0 0.0 1.0
0.21424999833106995 -0.48978498578071594 0.8451079726219177 3.129486083984375 -0.9759839773178101 -0.14224199950695038 0.16499300301074982 2.9877920150756836 0.03939799964427948 -0.8601620197296143 -0.5084969997406006 1.4855910539627075 0.0 0.0 0.0 1.0
0.23392100632190704 -0.47869598865509033 0.8462449908256531 3.143712043762207 -0.9710839986801147 -0.15775500237941742 0.17919200658798218 2.9786999225616455 0.04772000014781952 -0.8636919856071472 -0.5017560124397278 1.4814599752426147 0.0 0.0 0.0 1.0
0.256864994764328 -0.4771760106086731 0.8404300212860107 3.1521201133728027 -0.9649890065193176 -0.1743839979171753 0.19592399895191193 2.965909957885742 0.05306699872016907 -0.8613319993019104 -0.5052629709243774 1.4776420593261719 0.0 0.0 0.0 1.0
0.2830750048160553 -0.47940099239349365 0.830689013004303 3.16790509223938 -0.9571760296821594 -0.1960110068321228 0.2130579948425293 2.958465099334717 0.060683999210596085 -0.8554270267486572 -0.5143569707870483 1.4825999736785889 0.0 0.0 0.0 1.0
0.310249000787735 -0.4754840135574341 0.8232020139694214 3.183089017868042 -0.9482340216636658 -0.21653999388217926 0.23229700326919556 2.947999954223633 0.06780300289392471 -0.8526579737663269 -0.5180519819259644 1.4892909526824951 0.0 0.0 0.0 1.0
0.33476200699806213 -0.4678640067577362 0.8179469704627991 3.201869010925293 -0.9393829703330994 -0.23398399353027344 0.25062400102615356 2.9399139881134033 0.07412800192832947 -0.8522650003433228 -0.5178319811820984 1.498136043548584 0.0 0.0 0.0 1.0
0.3545370101928711 -0.45418599247932434 0.8173239827156067 3.217819929122925 -0.9317160248756409 -0.2452619969844818 0.26786598563194275 2.936638116836548 0.07879699766635895 -0.8564820289611816 -0.5101270079612732 1.5063589811325073 0.0 0.0 0.0 1.0
0.37519198656082153 -0.43597298860549927 0.8180209994316101 3.229490041732788 -0.9235380291938782 -0.2514370083808899 0.2895820140838623 2.931356906890869 0.07943099737167358 -0.8641219735145569 -0.49697399139404297 1.5103700160980225 0.0 0.0 0.0 1.0
0.4012869894504547 -0.42399099469184875 0.8119109869003296 3.237910032272339 -0.912975013256073 -0.25655901432037354 0.3172590136528015 2.9164609909057617 0.07378800213336945 -0.8685669898986816 -0.49004799127578735 1.511944055557251 0.0 0.0 0.0 1.0
0.4248630106449127 -0.41559600830078125 0.804220974445343 3.251823902130127 -0.9028069972991943 -0.25985199213027954 0.3426620066165924 2.912337064743042 0.0665690004825592 -0.8716409802436829 -0.48560500144958496 1.513558030128479 0.0 0.0 0.0 1.0
0.4482469856739044 -0.4100790023803711 0.794297993183136 3.268784999847412 -0.8919649720191956 -0.2637670040130615 0.3671860098838806 2.909950017929077 0.05893399938941002 -0.8730760216712952 -0.4840089976787567 1.519199013710022 0.0 0.0 0.0 1.0
0.4699839949607849 -0.39957499504089355 0.7870550155639648 3.2867090702056885 -0.881201982498169 -0.2638910114765167 0.39223000407218933 2.90120792388916 0.050971001386642456 -0.8778960108757019 -0.47613099217414856 1.5199860334396362 0.0 0.0 0.0 1.0
0.48746299743652344 -0.38911300897598267 0.7816460132598877 3.298150062561035 -0.8718590140342712 -0.2654609978199005 0.41157400608062744 2.896106004714966 0.04734800010919571 -0.8821120262145996 -0.46865400671958923 1.51779305934906 0.0 0.0 0.0 1.0
0.5054330229759216 -0.3815639913082123 0.7739160060882568 3.312969923019409 -0.8615900278091431 -0.2719169855117798 0.4286290109157562 2.894092082977295 0.04689199849963188 -0.8834419846534729 -0.4661880135536194 1.5165510177612305 0.0 0.0 0.0 1.0
0.5222939848899841 -0.37748199701309204 0.7646679878234863 3.325371026992798 -0.8516110181808472 -0.277536004781723 0.44467198848724365 2.893415927886963 0.044367000460624695 -0.8834490180015564 -0.46642300486564636 1.5135680437088013 0.0 0.0 0.0 1.0
0.5407860279083252 -0.3743320107460022 0.7532770037651062 3.3427059650421143 -0.8400589823722839 -0.28615400195121765 0.46088701486587524 2.891702890396118 0.04302800074219704 -0.8820390105247498 -0.4692089855670929 1.512220025062561 0.0 0.0 0.0 1.0
0.5589529871940613 -0.36953499913215637 0.7423040270805359 3.3585379123687744 -0.8281199932098389 -0.2944459915161133 0.4769900143146515 2.8882579803466797 0.04230400174856186 -0.8813319802284241 -0.47060099244117737 1.5105600357055664 0.0 0.0 0.0 1.0
0.5740990042686462 -0.3654699921607971 0.732695996761322 3.378911018371582 -0.8177279829978943 -0.3013949990272522 0.49039000272750854 2.8864049911499023 0.04160799831151962 -0.8806779980659485 -0.47188499569892883 1.5101150274276733 0.0 0.0 0.0 1.0
0.5825989842414856 -0.3646259903907776 0.7263789772987366 3.3937039375305176 -0.8117390275001526 -0.3058139979839325 0.4975520074367523 2.885572910308838 0.04071599990129471 -0.8795040249824524 -0.4741480052471161 1.5115690231323242 0.0 0.0 0.0 1.0
0.592287003993988 -0.35769298672676086 0.7219780087471008 3.4074690341949463 -0.8045780062675476 -0.3104099929332733 0.5062609910964966 2.8916380405426025 0.0430230014026165 -0.8807389736175537 -0.47164401412010193 1.5097459554672241 0.0 0.0 0.0 1.0
0.6044300198554993 -0.35119500756263733 0.7150710225105286 3.428807020187378 -0.7955690026283264 -0.3130050003528595 0.518746018409729 2.8906290531158447 0.04163999855518341 -0.8824350237846375 -0.46858900785446167 1.506160020828247 0.0 0.0 0.0 1.0
0.6152470111846924 -0.3455199897289276 0.7085800170898438 3.4477949142456055 -0.7871860265731812 -0.3177590072154999 0.5285519957542419 2.8882179260253906 0.042532000690698624 -0.8829749822616577 -0.46748900413513184 1.5014220476150513 0.0 0.0 0.0 1.0
0.6249750256538391 -0.3412260115146637 0.702118992805481 3.4707090854644775 -0.7792670130729675 -0.3261210024356842 0.5351529717445374 2.8907101154327393 0.04636799916625023 -0.8815950155258179 -0.46972399950027466 1.4988189935684204 0.0 0.0 0.0 1.0
0.6348729729652405 -0.33581700921058655 0.6958190202713013 3.4915060997009277 -0.7707939743995667 -0.33712199330329895 0.5405780076980591 2.89237904548645 0.0530409999191761 -0.879531979560852 -0.47287601232528687 1.4978790283203125 0.0 0.0 0.0 1.0
0.6440230011940002 -0.3267030119895935 0.6917369961738586 3.5133190155029297 -0.7624750137329102 -0.3476170003414154 0.5457050204277039 2.8939549922943115 0.06217600032687187 -0.8788790106773376 -0.4729759991168976 1.5 0.0 0.0 0.0 1.0
0.649586021900177 -0.3161669969558716 0.6914309859275818 3.5359299182891846 -0.7569230198860168 -0.35440200567245483 0.5490589737892151 2.8961520195007324 0.07145000249147415 -0.8800219893455505 -0.4695279896259308 1.503857970237732 0.0 0.0 0.0 1.0
0.6521689891815186 -0.3059540092945099 0.693589985370636 3.554698944091797 -0.7542579770088196 -0.35356301069259644 0.5532519817352295 2.9001760482788086 0.0759579986333847 -0.8839600086212158 -0.4613510072231293 1.5015050172805786 0.0 0.0 0.0 1.0
0.6567980051040649 -0.30094799399375916 0.6914089918136597 3.5701870918273926 -0.7501230239868164 -0.35440900921821594 0.5583099722862244 2.9074180126190186 0.07701999694108963 -0.8853390216827393 -0.4585230052471161 1.4996329545974731 0.0 0.0 0.0 1.0
0.6692579984664917 -0.2992689907550812 0.6800969839096069 3.595400094985962 -0.7392690181732178 -0.3601660132408142 0.5690010190010071 2.90434193611145 0.07466299831867218 -0.8835830092430115 -0.46228501200675964 1.5018110275268555 0.0 0.0 0.0 1.0
0.6792550086975098 -0.29384300112724304 0.6725090146064758 3.6140151023864746 -0.7297570109367371 -0.36768200993537903 0.5764240026473999 2.9119720458984375 0.0778919979929924 -0.8823080062866211 -0.4641839861869812 1.5040570497512817 0.0 0.0 0.0 1.0
0.6867570281028748 -0.28974801301956177 0.6666420102119446 3.6369340419769287 -0.7225649952888489 -0.3719930052757263 0.5826839804649353 2.9085559844970703 0.07915399968624115 -0.8818539977073669 -0.46483099460601807 1.5028250217437744 0.0 0.0 0.0 1.0
0.6927279829978943 -0.28392699360847473 0.6629589796066284 3.654871940612793 -0.7160159945487976 -0.3807680010795593 0.5850949883460999 2.909907102584839 0.08630900084972382 -0.8800010085105896 -0.4670650064945221 1.5028740167617798 0.0 0.0 0.0 1.0
0.7005090117454529 -0.27899301052093506 0.6568490266799927 3.676872968673706 -0.7078160047531128 -0.3890039920806885 0.5896369814872742 2.916753053665161 0.09101200103759766 -0.8779739737510681 -0.4699769914150238 1.5071109533309937 0.0 0.0 0.0 1.0
0.7091180086135864 -0.2719379961490631 0.650538980960846 3.6953189373016357 -0.6988840103149414 -0.393216997385025 0.597445011138916 2.9199299812316895 0.09333500266075134 -0.8783109784126282 -0.4688909947872162 1.5095750093460083 0.0 0.0 0.0 1.0
0.7168059945106506 -0.2672039866447449 0.6440430283546448 3.713555097579956 -0.690949022769928 -0.39631199836730957 0.6045870184898376 2.918745994567871 0.09369400143623352 -0.8783730268478394 -0.4687030017375946 1.50900399684906 0.0 0.0 0.0 1.0
0.7224370241165161 -0.2658019959926605 0.6383050084114075 3.733670949935913 -0.6851570010185242 -0.3993299901485443 0.609175980091095 2.9196200370788574 0.09297399967908859 -0.8774309754371643 -0.4706070125102997 1.5088679790496826 0.0 0.0 0.0 1.0
0.7277929782867432 -0.26482999324798584 0.6325989961624146 3.7534899711608887 -0.679527997970581 -0.4029169976711273 0.6131070256233215 2.9213829040527344 0.0925149992108345 -0.87608402967453 -0.4731999933719635 1.510321021080017 0.0 0.0 0.0 1.0
0.7339739799499512 -0.26305899024009705 0.626164972782135 3.7732739448547363 -0.673009991645813 -0.4056670069694519 0.6184599995613098 2.9233829975128174 0.09132300317287445 -0.8753479719161987 -0.4747900068759918 1.511922001838684 0.0 0.0 0.0 1.0
0.7390400171279907 -0.2628839910030365 0.6202520132064819 3.796225070953369 -0.6680489778518677 -0.4045960009098053 0.6245099902153015 2.918692111968994 0.08677799999713898 -0.8758969902992249 -0.47463199496269226 1.5102720260620117 0.0 0.0 0.0 1.0
0.7436959743499756 -0.25810301303863525 0.6166849732398987 3.8086841106414795 -0.6624739766120911 -0.40829700231552124 0.628030002117157 2.92364501953125 0.08969400078058243 -0.8756009936332703 -0.4746350049972534 1.5083489418029785 0.0 0.0 0.0 1.0
0.749180018901825 -0.2570909857749939 0.6104369759559631 3.8277599811553955 -0.6565430164337158 -0.410165011882782 0.6330209970474243 2.9227828979492188 0.08763600140810013 -0.8750249743461609 -0.47607898712158203 1.506227970123291 0.0 0.0 0.0 1.0
0.7540199756622314 -0.25588300824165344 0.604960024356842 3.845099925994873 -0.6510249972343445 -0.4135270118713379 0.6365240216255188 2.9270269870758057 0.08729100227355957 -0.8737959861755371 -0.4783940017223358 1.5060909986495972 0.0 0.0 0.0 1.0
0.7614759802818298 -0.25372499227523804 0.5964710116386414 3.864332914352417 -0.6426349878311157 -0.41575101017951965 0.6435610055923462 2.9259729385375977 0.08469600230455399 -0.8733699917793274 -0.4796369969844818 1.5044050216674805 0.0 0.0 0.0 1.0
0.7696430087089539 -0.2512890100479126 0.5869439840316772 3.8840789794921875 -0.6331890225410461 -0.41844600439071655 0.6511340141296387 2.9265480041503906 0.08198200166225433 -0.8727869987487793 -0.4811669886112213 1.5031579732894897 0.0 0.0 0.0 1.0
0.7777040004730225 -0.2475389987230301 0.5778409838676453 3.9033150672912598 -0.6233879923820496 -0.4221459925174713 0.6581640243530273 2.9300220012664795 0.08101200312376022 -0.8720769882202148 -0.4826180040836334 1.5039260387420654 0.0 0.0 0.0 1.0
0.7858570218086243 -0.24162699282169342 0.5692489743232727 3.923285961151123 -0.613099992275238 -0.4247629940509796 0.6660969853401184 2.9282710552215576 0.08084899932146072 -0.8724640011787415 -0.4819450080394745 1.5025980472564697 0.0 0.0 0.0 1.0
0.792805016040802 -0.2374729961156845 0.5613080263137817 3.9432830810546875 -0.6041479706764221 -0.4277069866657257 0.6723629832267761 2.929234027862549 0.0804079994559288 -0.8721659779548645 -0.4825569987297058 1.5005220174789429 0.0 0.0 0.0 1.0
0.7994080185890198 -0.23415899276733398 0.5532770156860352 3.960468053817749 -0.5953869819641113 -0.43197101354599 0.6774320006370544 2.931313991546631 0.08037299662828445 -0.870959997177124 -0.48473700881004333 1.5029890537261963 0.0 0.0 0.0 1.0
0.8101710081100464 -0.22966699302196503 0.539330005645752 3.9904749393463135 -0.5812990069389343 -0.43342599272727966 0.6886460185050964 2.9302399158477783 0.0756009966135025 -0.8714330196380615 -0.4846540093421936 1.511031985282898 0.0 0.0 0.0 1.0
0.8170179724693298 -0.21805599331855774 0.5337910056114197 3.999440908432007 -0.5715699791908264 -0.4284220039844513 0.6998299956321716 2.9309210777282715 0.07608500123023987 -0.8768730163574219 -0.47466298937797546 1.5076849460601807 0.0 0.0 0.0 1.0
0.8264610171318054 -0.21245700120925903 0.5213670134544373 4.0184431076049805 -0.5584409832954407 -0.4268859922885895 0.7112749814987183 2.92425799369812 0.07144899666309357 -0.8789939880371094 -0.47145000100135803 1.5019880533218384 0.0 0.0 0.0 1.0
0.8352599740028381 -0.20755299925804138 0.5091779828071594 4.034587860107422 -0.5451310276985168 -0.43369999527931213 0.7174509763717651 2.922697067260742 0.07192199677228928 -0.8768270015716553 -0.4753960072994232 1.4994299411773682 0.0 0.0 0.0 1.0
0.8441370129585266 -0.2028149962425232 0.49628499150276184 4.053816795349121 -0.5310119986534119 -0.4438610076904297 0.7218130230903625 2.9224770069122314 0.07388699799776077 -0.872842013835907 -0.48237699270248413 1.5009180307388306 0.0 0.0 0.0 1.0
0.852403998374939 -0.19506999850273132 0.4851349890232086 4.072457790374756 -0.5168769955635071 -0.45458099246025085 0.7253919839859009 2.926222085952759 0.07903099805116653 -0.869081974029541 -0.4883140027523041 1.5083030462265015 0.0 0.0 0.0 1.0
0.8598120212554932 -0.18115699291229248 0.4773949980735779 4.090696811676025 -0.5033310055732727 -0.4580110013484955 0.7327229976654053 2.9291810989379883 0.0859140008687973 -0.8702920079231262 -0.48498499393463135 1.5151909589767456 0.0 0.0 0.0 1.0
0.8653759956359863 -0.1673080027103424 0.472368985414505 4.103947162628174 -0.49294400215148926 -0.45381200313568115 0.7423350214958191 2.9302620887756348 0.09016799926757812 -0.875249981880188 -0.47519201040267944 1.513043999671936 0.0 0.0 0.0 1.0
0.8700510263442993 -0.16323600709438324 0.46514999866485596 4.112482070922852 -0.4851070046424866 -0.4512780010700226 0.7490119934082031 2.928133964538574 0.0876460000872612 -0.877327024936676 -0.47182199358940125 1.5050749778747559 0.0 0.0 0.0 1.0
0.8778589963912964 -0.16280199587345123 0.4503990113735199 4.125460147857666 -0.4715319871902466 -0.45835399627685547 0.7533720135688782 2.933518886566162 0.08379200100898743 -0.8737319707870483 -0.47913700342178345 1.5068479776382446 0.0 0.0 0.0 1.0
0.887802004814148 -0.16151699423789978 0.4309520125389099 4.148268222808838 -0.4532780051231384 -0.4689669907093048 0.7580299973487854 2.9411768913269043 0.07966700196266174 -0.8683220148086548 -0.4895620048046112 1.5167670249938965 0.0 0.0 0.0 1.0
0.8939809799194336 -0.15568499267101288 0.4201909899711609 4.160546779632568 -0.4409080147743225 -0.47299298644065857 0.7628089785575867 2.948364019393921 0.0799890011548996 -0.8672029972076416 -0.4914889931678772 1.5192409753799438 0.0 0.0 0.0 1.0
0.8979989886283875 -0.15170300006866455 0.41301798820495605 4.170815944671631 -0.4330280125141144 -0.47112399339675903 0.7684590220451355 2.957195997238159 0.07800500094890594 -0.8689240217208862 -0.4887610077857971 1.5198249816894531 0.0 0.0 0.0 1.0
0.9036700129508972 -0.14571599662303925 0.402675986289978 4.18080997467041 -0.42149099707603455 -0.46882399916648865 0.7762410044670105 2.9638609886169434 0.07567299902439117 -0.8711889982223511 -0.4850800037384033 1.5197949409484863 0.0 0.0 0.0 1.0
0.9108269810676575 -0.1408970057964325 0.3879980146884918 4.192355155944824 -0.4068019986152649 -0.46587300300598145 0.7857949733734131 2.972182035446167 0.0700410008430481 -0.8735619783401489 -0.4816470146179199 1.5183030366897583 0.0 0.0 0.0 1.0
0.9190250039100647 -0.13460400700569153 0.37050700187683105 4.206604957580566 -0.3887229859828949 -0.46557798981666565 0.7950670123100281 2.9809110164642334 0.06548099964857101 -0.8747109770774841 -0.48020100593566895 1.5193350315093994 0.0 0.0 0.0 1.0
0.9259030222892761 -0.12766699492931366 0.35553500056266785 4.219405174255371 -0.37260499596595764 -0.4636180102825165 0.803879976272583 2.9901089668273926 0.062203001230955124 -0.8767889738082886 -0.4768350124359131 1.5163040161132812 0.0 0.0 0.0 1.0
0.9319319725036621 -0.11857499927282333 0.34269800782203674 4.2342448234558105 -0.35714098811149597 -0.4639529883861542 0.8106780052185059 2.9999310970306396 0.06287000328302383 -0.877888023853302 -0.4747210144996643 1.51534104347229 0.0 0.0 0.0 1.0
0.936214029788971 -0.1109199970960617 0.3334670066833496 4.249894142150879 -0.34553399682044983 -0.4636319875717163 0.8158749938011169 3.0111539363861084 0.06410899758338928 -0.8790580034255981 -0.4723849892616272 1.5130360126495361 0.0 0.0 0.0 1.0
0.9389790296554565 -0.10446900129318237 0.32772698998451233 4.262187957763672 -0.3373959958553314 -0.4651679992675781 0.8184030055999756 3.0263750553131104 0.0669500008225441 -0.8790370225906372 -0.47203001379966736 1.513443946838379 0.0 0.0 0.0 1.0
0.9423879981040955 -0.1001729965209961 0.3191690146923065 4.276927947998047 -0.3277699947357178 -0.4672040045261383 0.821150004863739 3.042469024658203 0.06685999780893326 -0.8784570097923279 -0.4731220006942749 1.521752953529358 0.0 0.0 0.0 1.0
0.9453020095825195 -0.09159699827432632 0.31307101249694824 4.285523891448975 -0.3188369870185852 -0.4621649980545044 0.8274940252304077 3.0592548847198486 0.06889399886131287 -0.8820509910583496 -0.46608999371528625 1.5238720178604126 0.0 0.0 0.0 1.0
0.9492200016975403 -0.08190900087356567 0.3037639856338501 4.299098968505859 -0.3069170117378235 -0.45333200693130493 0.8368350267410278 3.075058937072754 0.06916200369596481 -0.8875709772109985 -0.45545101165771484 1.5257970094680786 0.0 0.0 0.0 1.0
0.9521790146827698 -0.07185699790716171 0.29697099328041077 4.30537223815918 -0.2971299886703491 -0.444254994392395 0.8451930284500122 3.0930240154266357 0.0711980015039444 -0.8930140137672424 -0.44436100125312805 1.5258450508117676 0.0 0.0 0.0 1.0
0.9567989706993103 -0.06494399905204773 0.2834019958972931 4.313799858093262 -0.28246599435806274 -0.43863001465797424 0.8531219959259033 3.111711025238037 0.06890399754047394 -0.8963180184364319 -0.43802499771118164 1.5275110006332397 0.0 0.0 0.0 1.0
0.9622939825057983 -0.05624600127339363 0.26613301038742065 4.318551063537598 -0.2637290060520172 -0.43252599239349365 0.8621879816055298 3.1333138942718506 0.06661500036716461 -0.8998649716377258 -0.43105098605155945 1.531330943107605 0.0 0.0 0.0 1.0
0.9681990146636963 -0.046448998153209686 0.24583299458026886 4.330793857574463 -0.2419539988040924 -0.4237779974937439 0.8728520274162292 3.147352933883667 0.06363499909639359 -0.904574990272522 -0.4215399920940399 1.533722996711731 0.0 0.0 0.0 1.0
0.9725340008735657 -0.037994999438524246 0.2296369969844818 4.3382978439331055 -0.22428399324417114 -0.4167720079421997 0.8809069991111755 3.161386013031006 0.06223699823021889 -0.9082170128822327 -0.4138459861278534 1.5309569835662842 0.0 0.0 0.0 1.0
0.9762160181999207 -0.02893099933862686 0.21486200392246246 4.348107814788818 -0.20718400180339813 -0.4163860082626343 0.8852670192718506 3.1789660453796387 0.06385400146245956 -0.9087280035018921 -0.4124769866466522 1.5347599983215332 0.0 0.0 0.0 1.0
0.9788519740104675 -0.019012000411748886 0.203685000538826 4.353498935699463 -0.19305700063705444 -0.41516798734664917 0.889024019241333 3.195446014404297 0.06766100227832794 -0.9095460176467896 -0.41005799174308777 1.5368479490280151 0.0 0.0 0.0 1.0
0.981378972530365 -0.01476799976080656 0.19151300191879272 4.358802795410156 -0.1807049959897995 -0.40900900959968567 0.8944590091705322 3.205652952194214 0.06512100249528885 -0.9124109745025635 -0.4040620028972626 1.5311529636383057 0.0 0.0 0.0 1.0
0.9844040274620056 -0.011163000017404556 0.17556700110435486 4.368741035461426 -0.16512499749660492 -0.4028730094432831 0.9002379775047302 3.2176549434661865 0.06068199872970581 -0.9151880145072937 -0.39843299984931946 1.5273070335388184 0.0 0.0 0.0 1.0
0.9867439866065979 -0.006717999931424856 0.16214600205421448 4.367477893829346 -0.1512719988822937 -0.3998590111732483 0.9040070176124573 3.237823963165283 0.058761999011039734 -0.9165520071983337 -0.39557498693466187 1.529392957687378 0.0 0.0 0.0 1.0
0.9915570020675659 -0.004263000097125769 0.12960299849510193 4.380345821380615 -0.12069299817085266 -0.3958050012588501 0.9103689789772034 3.2657361030578613 0.04741699993610382 -0.9183250069618225 -0.3929780125617981 1.5339369773864746 0.0 0.0 0.0 1.0
0.9932469725608826 -0.0022269999608397484 0.11599799990653992 4.389348983764648 -0.10761400312185287 -0.3913150131702423 0.9139429926872253 3.2755889892578125 0.04335600137710571 -0.9202539920806885 -0.38891199231147766 1.5358519554138184 0.0 0.0 0.0 1.0
0.994297981262207 0.0002010000025620684 0.10664000362157822 4.390740871429443 -0.09822099655866623 -0.3877260088920593 0.9165269732475281 3.2936298847198486 0.041531000286340714 -0.9217749834060669 -0.38549500703811646 1.5396699905395508 0.0 0.0 0.0 1.0
0.995373010635376 0.0005789999850094318 0.09608399868011475 4.3940629959106445 -0.08855000138282776 -0.38266798853874207 0.9196329712867737 3.3055078983306885 0.037300001829862595 -0.9238860011100769 -0.3808459937572479 1.5396549701690674 0.0 0.0 0.0 1.0
0.9966570138931274 -0.0002770000137388706 0.08170399814844131 4.402706146240234 -0.07573500275611877 -0.3783409893512726 0.9225630164146423 3.3160998821258545 0.0306560005992651 -0.9256659746170044 -0.3770979940891266 1.5457019805908203 0.0 0.0 0.0 1.0
0.9975720047950745 0.0009219999774359167 0.06963799893856049 4.403875827789307 -0.06432899832725525 -0.37090998888015747 0.9264379739761353 3.330712080001831 0.026683999225497246 -0.9286680221557617 -0.36994999647140503 1.5502899885177612 0.0 0.0 0.0 1.0
0.9985039830207825 0.0008730000117793679 0.054662998765707016 4.411249160766602 -0.05065099895000458 -0.3614639937877655 0.9310089945793152 3.3436219692230225 0.02057100087404251 -0.9323859810829163 -0.36087900400161743 1.5550119876861572 0.0 0.0 0.0 1.0
0.9991919994354248 -0.0030819999519735575 0.04008200019598007 4.412810802459717 -0.03862899914383888 -0.34958499670028687 0.9361079931259155 3.3494179248809814 0.011126999743282795 -0.9369000196456909 -0.3494209945201874 1.5529170036315918 0.0 0.0 0.0 1.0
0.9997860193252563 -0.005038000177592039 0.020092999562621117 4.423488140106201 -0.020604999735951424 -0.341605007648468 0.9396179914474487 3.362955093383789 0.0021299999207258224 -0.939831018447876 -0.34163498878479004 1.5602190494537354 0.0 0.0 0.0 1.0
0.9999909996986389 -0.0024300001095980406 0.0035699999425560236 4.428907871246338 -0.004172000102698803 -0.3305239975452423 0.943789005279541 3.371155023574829 -0.0011139999842271209 -0.9437950253486633 -0.3305310010910034 1.559944987297058 0.0 0.0 0.0 1.0
0.9999290108680725 0.0008820000221021473 -0.011896000243723392 4.4365410804748535 0.011547000147402287 -0.32186201214790344 0.9467160105705261 3.3810629844665527 -0.002993999980390072 -0.9467859864234924 -0.32184898853302 1.5641030073165894 0.0 0.0 0.0 1.0
0.9996510148048401 0.005828999914228916 -0.025770999491214752 4.444880962371826 0.02630000002682209 -0.3129329979419708 0.9494109749794006 3.3877339363098145 -0.002529999939724803 -0.9497569799423218 -0.31297698616981506 1.5669809579849243 0.0 0.0 0.0 1.0
0.9993100166320801 0.007096000015735626 -0.03646000102162361 4.44826602935791 0.03689099848270416 -0.30384400486946106 0.952006995677948 3.3931479454040527 -0.0043219998478889465 -0.9526950120925903 -0.3038960099220276 1.5647540092468262 0.0 0.0 0.0 1.0
0.99857097864151 0.00430699996650219 -0.05325999855995178 4.459869861602783 0.0520780012011528 -0.30152300000190735 0.9520360231399536 3.4023609161376953 -0.011958999559283257 -0.953449010848999 -0.3013159930706024 1.5652459859848022 0.0 0.0 0.0 1.0
0.9973629713058472 0.007891000248491764 -0.07214000076055527 4.467054843902588 0.0711899995803833 -0.2993229925632477 0.9514920115470886 3.417829990386963 -0.01408500038087368 -0.9541190266609192 -0.2990950047969818 1.5726590156555176 0.0 0.0 0.0 1.0
0.9959560036659241 0.01654900051653385 -0.08830700069665909 4.473651885986328 0.08932799845933914 -0.28769800066947937 0.9535459876060486 3.424901008605957 -0.009624999947845936 -0.9575780034065247 -0.2880130112171173 1.5802090167999268 0.0 0.0 0.0 1.0
0.9942989945411682 0.024588000029325485 -0.103753000497818 4.484783172607422 0.10652899742126465 -0.27096399664878845 0.9566770195960999 3.431375026702881 -0.0045900000259280205 -0.9622759819030762 -0.272038996219635 1.581758975982666 0.0 0.0 0.0 1.0
0.9927160143852234 0.04378899931907654 -0.11223500221967697 4.482854843139648 0.11981599777936935 -0.26152199506759644 0.9577320218086243 3.4336040019989014 0.012586000375449657 -0.9642040133476257 -0.2648639976978302 1.5897430181503296 0.0 0.0 0.0 1.0
0.9906709790229797 0.05996999889612198 -0.12236800044775009 4.488540172576904 0.13368800282478333 -0.25362199544906616 0.9580209851264954 3.4377520084381104 0.026417000219225883 -0.9654430150985718 -0.2592729926109314 1.595484972000122 0.0 0.0 0.0 1.0
0.9884949922561646 0.0728669986128807 -0.13254399597644806 4.503374099731445 0.1466210037469864 -0.24640199542045593 0.9580129981040955 3.4381139278411865 0.03714799880981445 -0.9664250016212463 -0.25425100326538086 1.5914380550384521 0.0 0.0 0.0 1.0
0.9864140152931213 0.08780600130558014 -0.13884499669075012 4.508090019226074 0.15639500319957733 -0.24323700368404388 0.9572759866714478 3.4412829875946045 0.05028200149536133 -0.9659850001335144 -0.2536650002002716 1.5981420278549194 0.0 0.0 0.0 1.0
0.984076976776123 0.09765899926424026 -0.14850999414920807 4.517405033111572 0.16791899502277374 -0.23687799274921417 0.9569180011749268 3.4434449672698975 0.05827299878001213 -0.9666190147399902 -0.24950499832630157 1.5989220142364502 0.0 0.0 0.0 1.0
0.9815220236778259 0.10333699733018875 -0.16104599833488464 4.5265212059021 0.18126699328422546 -0.2325509935617447 0.9555429816246033 3.4515950679779053 0.061292000114917755 -0.9670789837837219 -0.24698500335216522 1.6033740043640137 0.0 0.0 0.0 1.0
0.9791449904441833 0.10755699872970581 -0.17235800623893738 4.534491062164307 0.19302499294281006 -0.22783899307250977 0.9543750286102295 3.4575560092926025 0.06338000297546387 -0.967739999294281 -0.24384799599647522 1.6133370399475098 0.0 0.0 0.0 1.0
0.9769989848136902 0.10895700007677078 -0.18330499529838562 4.546480178833008 0.2032639980316162 -0.21596699953079224 0.9550089836120605 3.4579720497131348 0.06446699798107147 -0.9703019857406616 -0.23314699530601501 1.6188340187072754 0.0 0.0 0.0 1.0
0.9753450155258179 0.1099499985575676 -0.19134800136089325 4.550944805145264 0.21039900183677673 -0.20162799954414368 0.9565969705581665 3.460292100906372 0.06659699976444244 -0.9732720255851746 -0.2197899967432022 1.6224160194396973 0.0 0.0 0.0 1.0
0.9734259843826294 0.10873399674892426 -0.20154300332069397 4.564091205596924 0.2192070037126541 -0.18775899708271027 0.9574419856071472 3.4592111110687256 0.06626500189304352 -0.976177990436554 -0.20660500228405 1.6239739656448364 0.0 0.0 0.0 1.0
0.9725289940834045 0.11034099757671356 -0.20496700704097748 4.560239791870117 0.22228099405765533 -0.178739994764328 0.9584590196609497 3.4597771167755127 0.06912200152873993 -0.9776899814605713 -0.1983560025691986 1.626438021659851 0.0 0.0 0.0 1.0
0.9706659913063049 0.1083419993519783 -0.21463699638843536 4.568758964538574 0.23120799660682678 -0.17572900652885437 0.9569029808044434 3.45912504196167 0.06595499813556671 -0.9784590005874634 -0.1956239938735962 1.635970950126648 0.0 0.0 0.0 1.0
0.968271017074585 0.10453499853610992 -0.22698800265789032 4.578894138336182 0.2424270063638687 -0.17242200672626495 0.9547250270843506 3.4715380668640137 0.06066400185227394 -0.9794610142707825 -0.19229300320148468 1.647894024848938 0.0 0.0 0.0 1.0
0.9660369753837585 0.1002350002527237 -0.23816999793052673 4.593082904815674 0.252003014087677 -0.16158199310302734 0.9541419744491577 3.4704809188842773 0.05715399980545044 -0.9817559719085693 -0.18135300278663635 1.6530719995498657 0.0 0.0 0.0 1.0
0.9650470018386841 0.09556099772453308 -0.24403299391269684 4.595887184143066 0.2561439871788025 -0.14691999554634094 0.955407977104187 3.472356081008911 0.05544599890708923 -0.9845219850540161 -0.16626200079917908 1.652204990386963 0.0 0.0 0.0 1.0
0.9646819829940796 0.08771000057458878 -0.24838800728321075 4.598576068878174 0.2586669921875 -0.13710999488830566 0.9561859965324402 3.474884033203125 0.049810998141765594 -0.9866650104522705 -0.15495499968528748 1.6591429710388184 0.0 0.0 0.0 1.0
0.9646300077438354 0.08030799776315689 -0.2510780096054077 4.599071979522705 0.25969600677490234 -0.12600700557231903 0.9574339985847473 3.4699409008026123 0.0452519990503788 -0.9887740015983582 -0.14240600168704987 1.654526948928833 0.0 0.0 0.0 1.0
0.963729977607727 0.07193499803543091 -0.25700199604034424 4.609612941741943 0.2642349898815155 -0.12195999920368195 0.956716001033783 3.473599910736084 0.0374779999256134 -0.9899250268936157 -0.13654400408267975 1.660277009010315 0.0 0.0 0.0 1.0
0.9632520079612732 0.06853900104761124 -0.2597070038318634 4.602087020874023 0.2662859857082367 -0.11706399917602539 0.956758975982666 3.477025032043457 0.035172998905181885 -0.9907569885253906 -0.13101300597190857 1.6706360578536987 0.0 0.0 0.0 1.0
0.961588978767395 0.06328999996185303 -0.267098993062973 4.607605934143066 0.2725070118904114 -0.10319600254297256 0.95660400390625 3.478576898574829 0.032979998737573624 -0.9926459789276123 -0.11647900193929672 1.667855978012085 0.0 0.0 0.0 1.0
0.962552011013031 0.05995900183916092 -0.2643829882144928 4.562417030334473 0.26833200454711914 -0.07179199904203415 0.9606480002403259 3.4635961055755615 0.03861900046467781 -0.9956160187721252 -0.0851920023560524 1.6026910543441772 0.0 0.0 0.0 1.0
0.9598259925842285 0.05188100039958954 -0.2757599949836731 4.575228214263916 0.27906298637390137 -0.07385700196027756 0.957427978515625 3.4817519187927246 0.029306000098586082 -0.9959189891815186 -0.08536799997091293 1.6428840160369873 0.0 0.0 0.0 1.0
0.957751989364624 0.0467349998652935 -0.2837730050086975 4.581092834472656 0.28634798526763916 -0.06315500289201736 0.9560419917106628 3.4830288887023926 0.02675900049507618 -0.9969090223312378 -0.0738689973950386 1.6355680227279663 0.0 0.0 0.0 1.0
0.9569410085678101 0.04377499967813492 -0.28696200251579285 4.572525978088379 0.2891809940338135 -0.057743001729249954 0.9555310010910034 3.4783129692077637 0.025258999317884445 -0.9973710179328918 -0.06791599839925766 1.640354037284851 0.0 0.0 0.0 1.0
0.9552519917488098 0.042576998472213745 -0.2927129864692688 4.574926853179932 0.29459699988365173 -0.048023998737335205 0.9544140100479126 3.47639799118042 0.02657799981534481 -0.9979389905929565 -0.058417998254299164 1.6271109580993652 0.0 0.0 0.0 1.0
0.9535409808158875 0.041241999715566635 -0.2984260022640228 4.574573040008545 0.30015599727630615 -0.045226000249385834 0.9528170228004456 3.4764180183410645 0.02579900063574314 -0.9981250166893005 -0.055502999573946 1.6386879682540894 0.0 0.0 0.0 1.0
0.951367974281311 0.03889999911189079 -0.30559098720550537 4.571286201477051 0.3069849908351898 -0.037014998495578766 0.9509940147399902 3.473541021347046 0.025682000443339348 -0.9985569715499878 -0.04715700075030327 1.6307909488677979 0.0 0.0 0.0 1.0
0.9473220109939575 0.03453600034117699 -0.3184170126914978 4.5813679695129395 0.3195120096206665 -0.032924000173807144 0.9470099806785583 3.481947898864746 0.02222299948334694 -0.9988610148429871 -0.04222499951720238 1.6332730054855347 0.0 0.0 0.0 1.0
0.9440469741821289 0.03393299877643585 -0.3280610144138336 4.572679042816162 0.32892200350761414 -0.023871999233961105 0.9440550208091736 3.4734768867492676 0.024203000590205193 -0.9991390109062195 -0.03369800001382828 1.6271289587020874 0.0 0.0 0.0 1.0
0.9397249817848206 0.02940399944782257 -0.34066399931907654 4.577304840087891 0.341387003660202 -0.024536000564694405 0.9396029710769653 3.4835829734802246 0.019269999116659164 -0.9992669820785522 -0.03309499844908714 1.6472519636154175 0.0 0.0 0.0 1.0
0.9395340085029602 0.027761999517679214 -0.34132999181747437 4.543698787689209 0.3416750133037567 -0.008678000420331955 0.9397779703140259 3.453387975692749 0.023127999156713486 -0.999576985836029 -0.017638999968767166 1.6161869764328003 0.0 0.0 0.0 1.0
0.9356340169906616 0.026009999215602875 -0.3520120084285736 4.550469875335693 0.3522930145263672 -0.007009000051766634 0.9358639717102051 3.463637113571167 0.021873999387025833 -0.9996370077133179 -0.015721000730991364 1.6215039491653442 0.0 0.0 0.0 1.0
0.9340860247612 0.026593999937176704 -0.35605698823928833 4.536627769470215 0.3562439978122711 -0.0024739999789744616 0.9343900084495544 3.4533960819244385 0.023969000205397606 -0.9996430277824402 -0.011784999631345272 1.6265079975128174 0.0 0.0 0.0 1.0
0.9275370240211487 0.020840000361204147 -0.37314900755882263 4.5756988525390625 0.37320399284362793 0.001303000026382506 0.9277480244636536 3.471169948577881 0.019819999113678932 -0.9997820258140564 -0.006568999961018562 1.6243720054626465 0.0 0.0 0.0 1.0
0.9251310229301453 0.01995900087058544 -0.3791219890117645 4.563218116760254 0.3792229890823364 -0.0013599999947473407 0.9253039956092834 3.473680019378662 0.017952999100089073 -0.9998000264167786 -0.008826999925076962 1.6505390405654907 0.0 0.0 0.0 1.0
0.9214000105857849 0.016081999987363815 -0.38828301429748535 4.56145715713501 0.38829100131988525 0.0027650000993162394 0.9215329885482788 3.4705960750579834 0.015893999487161636 -0.9998670220375061 -0.003696999978274107 1.649407982826233 0.0 0.0 0.0 1.0
0.9183909893035889 0.014247000217437744 -0.3954170048236847 4.543138027191162 0.39534398913383484 0.0077149998396635056 0.9185010194778442 3.46453595161438 0.016137000173330307 -0.9998689889907837 0.0014530000044032931 1.645516037940979 0.0 0.0 0.0 1.0
0.9136899709701538 0.011969000101089478 -0.4062359929084778 4.542143821716309 0.4062129855155945 0.0043750000186264515 0.9137679934501648 3.4697790145874023 0.012714000418782234 -0.9999189972877502 -0.0008650000090710819 1.6662479639053345 0.0 0.0 0.0 1.0
0.9092659950256348 0.010262000374495983 -0.4160900115966797 4.537953853607178 0.41599899530410767 0.009925000369548798 0.9093109965324402 3.4675400257110596 0.01346100028604269 -0.9998980164527893 0.004755000118166208 1.6548080444335938 0.0 0.0 0.0 1.0
0.9021040201187134 0.008635999634861946 -0.4314329922199249 4.556211948394775 0.43139100074768066 0.006409999914467335 0.9021419882774353 3.4855639934539795 0.01055699959397316 -0.9999420046806335 0.0020570000633597374 1.669145941734314 0.0 0.0 0.0 1.0
-inf -inf -inf -inf -inf -inf -inf -inf -inf -inf -inf -inf -inf -inf -inf -inf
-inf -inf -inf -inf -inf -inf -inf -inf -inf -inf -inf -inf -inf -inf -inf -inf
-inf -inf -inf -inf -inf -inf -inf -inf -inf -inf -inf -inf -inf -inf -inf -inf
-inf -inf -inf -inf -inf -inf -inf -inf -inf -inf -inf -inf -inf -inf -inf -inf
-inf -inf -inf -inf -inf -inf -inf -inf -inf -inf -inf -inf -inf -inf -inf -inf
-inf -inf -inf -inf -inf -inf -inf -inf -inf -inf -inf -inf -inf -inf -inf -inf
-inf -inf -inf -inf -inf -inf -inf -inf -inf -inf -inf -inf -inf -inf -inf -inf
-inf -inf -inf -inf -inf -inf -inf -inf -inf -inf -inf -inf -inf -inf -inf -inf
-inf -inf -inf -inf -inf -inf -inf -inf -inf -inf -inf -inf -inf -inf -inf -inf
-inf -inf -inf -inf -inf -inf -inf -inf -inf -inf -inf -inf -inf -inf -inf -inf
-inf -inf -inf -inf -inf -inf -inf -inf -inf -inf -inf -inf -inf -inf -inf -inf
-inf -inf -inf -inf -inf -inf -inf -inf -inf -inf -inf -inf -inf -inf -inf -inf
-inf -inf -inf -inf -inf -inf -inf -inf -inf -inf -inf -inf -inf -inf -inf -inf
-inf -inf -inf -inf -inf -inf -inf -inf -inf -inf -inf -inf -inf -inf -inf -inf
-inf -inf -inf -inf -inf -inf -inf -inf -inf -inf -inf -inf -inf -inf -inf -inf
-inf -inf -inf -inf -inf -inf -inf -inf -inf -inf -inf -inf -inf -inf -inf -inf
-inf -inf -inf -inf -inf -inf -inf -inf -inf -inf -inf -inf -inf -inf -inf -inf
-inf -inf -inf -inf -inf -inf -inf -inf -inf -inf -inf -inf -inf -inf -inf -inf
-inf -inf -inf -inf -inf -inf -inf -inf -inf -inf -inf -inf -inf -inf -inf -inf
-inf -inf -inf -inf -inf -inf -inf -inf -inf -inf -inf -inf -inf -inf -inf -inf
0.7435610294342041 0.07837100327014923 -0.6640589833259583 4.607481956481934 0.668379008769989 -0.057888999581336975 0.7415649890899658 3.404542922973633 0.019675999879837036 -0.9952419996261597 -0.09542500227689743 1.693938970565796 0.0 0.0 0.0 1.0
0.7347409725189209 0.08114700019359589 -0.6734769940376282 4.61368989944458 0.678043007850647 -0.05809599906206131 0.7327229976654053 3.4064619541168213 0.02033199928700924 -0.9950079917907715 -0.09770700335502625 1.6741340160369873 0.0 0.0 0.0 1.0
0.7332599759101868 0.08817700296640396 -0.6742069721221924 4.5859198570251465 0.6795409917831421 -0.06071100011467934 0.7311210036277771 3.3827919960021973 0.02353600040078163 -0.9942529797554016 -0.1044360026717186 1.6648900508880615 0.0 0.0 0.0 1.0
0.7290769815444946 0.09269800037145615 -0.6781259775161743 4.5740838050842285 0.683929979801178 -0.06070699915289879 0.7270179986953735 3.3684868812561035 0.026226000860333443 -0.9938420057296753 -0.10765799880027771 1.6405260562896729 0.0 0.0 0.0 1.0
0.7191740274429321 0.10364899784326553 -0.6870560050010681 4.578467845916748 0.6942840218544006 -0.06797400116920471 0.716484010219574 3.3868350982666016 0.027559999376535416 -0.9922890067100525 -0.12084700167179108 1.6495170593261719 0.0 0.0 0.0 1.0
0.7149950265884399 0.11277200281620026 -0.6899740099906921 4.565059185028076 0.6983780264854431 -0.06946299970149994 0.7123500108718872 3.3729441165924072 0.03240500018000603 -0.9911900162696838 -0.12842300534248352 1.64369797706604 0.0 0.0 0.0 1.0
0.7096400260925293 0.11869800090789795 -0.6944940090179443 4.554845809936523 0.7037500143051147 -0.07202599942684174 0.7067869901657104 3.3654849529266357 0.03387200087308884 -0.9903150200843811 -0.13464699685573578 1.6264439821243286 0.0 0.0 0.0 1.0
0.7014489769935608 0.1270419955253601 -0.7013049721717834 4.556324005126953 0.7119320034980774 -0.07864300161600113 0.6978309750556946 3.3685169219970703 0.033500999212265015 -0.9887750148773193 -0.14560900628566742 1.6279670000076294 0.0 0.0 0.0 1.0
0.6948590278625488 0.13579699397087097 -0.7062079906463623 4.548202037811279 0.7182649970054626 -0.0824510008096695 0.690867006778717 3.363415002822876 0.035590000450611115 -0.9872999787330627 -0.1548299938440323 1.6211609840393066 0.0 0.0 0.0 1.0
0.6841779947280884 0.1436769962310791 -0.7150229811668396 4.554529190063477 0.7284759879112244 -0.08759299665689468 0.6794490218162537 3.37827205657959 0.03499099984765053 -0.9857410192489624 -0.16459499299526215 1.6158039569854736 0.0 0.0 0.0 1.0
0.6770529747009277 0.15276500582695007 -0.7199040055274963 4.542181968688965 0.7352160215377808 -0.09719900041818619 0.6708269715309143 3.3804779052734375 0.03250499814748764 -0.9834709763526917 -0.17812399566173553 1.6220589876174927 0.0 0.0 0.0 1.0
0.6686720252037048 0.15785199403762817 -0.7266089916229248 4.54450798034668 0.7428759932518005 -0.09998299926519394 0.6619200110435486 3.3806118965148926 0.03183700144290924 -0.9823880195617676 -0.1841209977865219 1.6134380102157593 0.0 0.0 0.0 1.0
0.6601420044898987 0.16313199698925018 -0.7332119941711426 4.543385982513428 0.750540018081665 -0.10420200228691101 0.6525580286979675 3.3810060024261475 0.03005100041627884 -0.981086015701294 -0.19122500717639923 1.606313943862915 0.0 0.0 0.0 1.0
0.6532490253448486 0.1720159947872162 -0.7373440265655518 4.536448001861572 0.7564979791641235 -0.10808899998664856 0.645002007484436 3.3746469020843506 0.031252000480890274 -0.9791460037231445 -0.20073899626731873 1.5998109579086304 0.0 0.0 0.0 1.0
0.6462119817733765 0.18240299820899963 -0.741038978099823 4.52921199798584 0.7624930143356323 -0.11378999799489975 0.6369109749794006 3.373075008392334 0.03185199946165085 -0.9766169786453247 -0.21261300146579742 1.596403956413269 0.0 0.0 0.0 1.0
0.6387929916381836 0.1933159977197647 -0.7446960210800171 4.521702766418457 0.7687180042266846 -0.12026699632406235 0.6281790137290955 3.373610019683838 0.03187499940395355 -0.9737380146980286 -0.22543099522590637 1.5951989889144897 0.0 0.0 0.0 1.0
0.6307250261306763 0.2031330019235611 -0.7489479780197144 4.519192218780518 0.7753210067749023 -0.12440799921751022 0.6191930174827576 3.3734889030456543 0.03260299935936928 -0.9712160229682922 -0.23596100509166718 1.5915449857711792 0.0 0.0 0.0 1.0
0.6229270100593567 0.21157099306583405 -0.7531269788742065 4.513537883758545 0.7816339731216431 -0.1292169988155365 0.6102060079574585 3.3737170696258545 0.031785998493433 -0.9687830209732056 -0.24586400389671326 1.5887130498886108 0.0 0.0 0.0 1.0
0.6157190203666687 0.22045999765396118 -0.7564970254898071 4.513576030731201 0.7872509956359863 -0.13122299313545227 0.602508008480072 3.368833065032959 0.03355899825692177 -0.9665290117263794 -0.25435400009155273 1.5829800367355347 0.0 0.0 0.0 1.0
0.60868901014328 0.23044799268245697 -0.7592049837112427 4.506388187408447 0.7926740050315857 -0.13544699549674988 0.5944089889526367 3.3692190647125244 0.03414800018072128 -0.9636120200157166 -0.26511499285697937 1.5776660442352295 0.0 0.0 0.0 1.0
0.6005650162696838 0.2415820062160492 -0.7622069716453552 4.509628772735596 0.7988839745521545 -0.1416579931974411 0.5845659971237183 3.3718841075897217 0.03324799984693527 -0.9599850177764893 -0.27807098627090454 1.5765639543533325 0.0 0.0 0.0 1.0
0.5957769751548767 0.2526969909667969 -0.7623609900474548 4.507367134094238 0.8024190068244934 -0.14678600430488586 0.5784270167350769 3.3669350147247314 0.0342629998922348 -0.9563459753990173 -0.2902210056781769 1.572450041770935 0.0 0.0 0.0 1.0
0.5898900032043457 0.26381900906562805 -0.7631710171699524 4.506299018859863 0.8067259788513184 -0.15160000324249268 0.5711489915847778 3.3672449588775635 0.03498300164937973 -0.952584981918335 -0.3022559881210327 1.5685019493103027 0.0 0.0 0.0 1.0
0.5856299996376038 0.2738400101661682 -0.7629209756851196 4.502552032470703 0.8097839951515198 -0.15598200261592865 0.5656149983406067 3.3646740913391113 0.035886000841856 -0.949042022228241 -0.3130989968776703 1.5641640424728394 0.0 0.0 0.0 1.0
0.5812860131263733 0.2841370105743408 -0.7624779939651489 4.499557018280029 0.8129090070724487 -0.16147899627685547 0.5595570206642151 3.365186929702759 0.03586700186133385 -0.9450880289077759 -0.32484298944473267 1.5617090463638306 0.0 0.0 0.0 1.0
0.5770059823989868 0.29335200786590576 -0.7622389793395996 4.500251770019531 0.8159610033035278 -0.1662980020046234 0.5536720156669617 3.3645009994506836 0.03566199913620949 -0.9414299726486206 -0.33531901240348816 1.5582729578018188 0.0 0.0 0.0 1.0
0.5739259719848633 0.3025360107421875 -0.7609739899635315 4.49936580657959 0.8181099891662598 -0.17082099616527557 0.5491049885749817 3.3631649017333984 0.03613400086760521 -0.9377059936523438 -0.34554600715637207 1.5552799701690674 0.0 0.0 0.0 1.0
0.5707290172576904 0.31169700622558594 -0.7596799731254578 4.496685981750488 0.8202869892120361 -0.17430399358272552 0.5447440147399902 3.362783908843994 0.037379998713731766 -0.9340580105781555 -0.35516101121902466 1.5536479949951172 0.0 0.0 0.0 1.0
0.5686770081520081 0.3181630074977875 -0.758538007736206 4.496409893035889 0.8216950297355652 -0.1774120032787323 0.5416120290756226 3.359757900238037 0.03774699941277504 -0.9312880039215088 -0.36232200264930725 1.5491360425949097 0.0 0.0 0.0 1.0
0.5661960244178772 0.325749009847641 -0.7571719884872437 4.494534969329834 0.8234429955482483 -0.18237599730491638 0.5372899770736694 3.3616080284118652 0.036931999027729034 -0.9276999831199646 -0.3714970052242279 1.5480730533599854 0.0 0.0 0.0 1.0
0.5640900135040283 0.3309440016746521 -0.7564910054206848 4.492280006408691 0.8248890042304993 -0.18492600321769714 0.5341920256614685 3.3612658977508545 0.03689299896359444 -0.9253529906272888 -0.3773069977760315 1.542672038078308 0.0 0.0 0.0 1.0
0.5625119805335999 0.33856499195098877 -0.7542909979820251 4.488190174102783 0.825842022895813 -0.18641400337219238 0.5321990251541138 3.3559300899505615 0.03957400098443031 -0.9222930073738098 -0.384460985660553 1.5381560325622559 0.0 0.0 0.0 1.0
0.5594050288200378 0.3461669981479645 -0.7531499862670898 4.490468978881836 0.8279039859771729 -0.18894299864768982 0.5280860066413879 3.354969024658203 0.04050299897789955 -0.9189500212669373 -0.39228901267051697 1.534561038017273 0.0 0.0 0.0 1.0
0.5564450025558472 0.3545989990234375 -0.7514179944992065 4.488638877868652 0.8298540115356445 -0.1921360045671463 0.5238580107688904 3.3564610481262207 0.04138600081205368 -0.9150649905204773 -0.4011780023574829 1.5328609943389893 0.0 0.0 0.0 1.0
0.5530480146408081 0.36187800765037537 -0.7504550218582153 4.486495018005371 0.8320689797401428 -0.19403299689292908 0.5196279883384705 3.357059955596924 0.04242900013923645 -0.9118090271949768 -0.4084169864654541 1.529718041419983 0.0 0.0 0.0 1.0
0.5492720007896423 0.3677619993686676 -0.7503679990768433 4.486211776733398 0.834617018699646 -0.19693000614643097 0.5144249796867371 3.3585729598999023 0.041416000574827194 -0.9088289737701416 -0.41510799527168274 1.5268809795379639 0.0 0.0 0.0 1.0
0.5446680188179016 0.37346601486206055 -0.7509059906005859 4.486496925354004 0.8377220034599304 -0.2001190036535263 0.5081089735031128 3.3605480194091797 0.03949100151658058 -0.905800998210907 -0.4218589961528778 1.5273430347442627 0.0 0.0 0.0 1.0
0.5420839786529541 0.37437400221824646 -0.7523220181465149 4.487337112426758 0.8395249843597412 -0.20223699510097504 0.5042799711227417 3.3627920150756836 0.03664100170135498 -0.9049559831619263 -0.4239259958267212 1.5268269777297974 0.0 0.0 0.0 1.0
0.540427029132843 0.3732829988002777 -0.7540550231933594 4.489810943603516 0.8406800031661987 -0.20272000133991241 0.502157986164093 3.365694046020508 0.034584999084472656 -0.9052979946136475 -0.4233669936656952 1.523803949356079 0.0 0.0 0.0 1.0
0.5399360060691833 0.37313300371170044 -0.7544810175895691 4.494214057922363 0.8410009741783142 -0.20247000455856323 0.5017200112342834 3.3668220043182373 0.03444800153374672 -0.9054160118103027 -0.4231260120868683 1.5178940296173096 0.0 0.0 0.0 1.0
0.5418379902839661 0.37709900736808777 -0.7511379718780518 4.4989399909973145 0.8397709727287292 -0.20611999928951263 0.5022940039634705 3.3680920600891113 0.03458999842405319 -0.9029459953308105 -0.4283599853515625 1.511726975440979 0.0 0.0 0.0 1.0
0.543487012386322 0.386106014251709 -0.7453479766845703 4.504249095916748 0.8386449813842773 -0.21167300641536713 0.5018659830093384 3.3770248889923096 0.036003999412059784 -0.8978400230407715 -0.43884700536727905 1.5067410469055176 0.0 0.0 0.0 1.0
0.5484870076179504 0.39767399430274963 -0.7355390191078186 4.507195949554443 0.8351590037345886 -0.2175319939851761 0.5051630139350891 3.3799469470977783 0.04088699817657471 -0.8913670182228088 -0.4514339864253998 1.5018789768218994 0.0 0.0 0.0 1.0
0.5548980236053467 0.4087519943714142 -0.7245749831199646 4.509116172790527 0.8307510018348694 -0.22614100575447083 0.5086380243301392 3.3859570026397705 0.04405000060796738 -0.8841840028762817 -0.46505698561668396 1.4978870153427124 0.0 0.0 0.0 1.0
0.5597739815711975 0.41885000467300415 -0.7149950265884399 4.512524127960205 0.8273239731788635 -0.2337930053472519 0.5107589960098267 3.390923023223877 0.04677100107073784 -0.8774430155754089 -0.47739601135253906 1.4936070442199707 0.0 0.0 0.0 1.0
0.5641890168190002 0.42700299620628357 -0.7066529989242554 4.516510009765625 0.8243129849433899 -0.2427069991827011 0.5114700198173523 3.395843982696533 0.04688899964094162 -0.8710690140724182 -0.4889169931411743 1.4880419969558716 0.0 0.0 0.0 1.0
0.5684689879417419 0.43549400568008423 -0.6979889869689941 4.518607139587402 0.8214629888534546 -0.25386399030685425 0.5106379985809326 3.4007630348205566 0.04518600180745125 -0.8636540174484253 -0.5020560026168823 1.4849779605865479 0.0 0.0 0.0 1.0
0.5709949731826782 0.44273000955581665 -0.6913419961929321 4.523989200592041 0.8197649717330933 -0.26218798756599426 0.5091590285301208 3.4072461128234863 0.044158998876810074 -0.8574659824371338 -0.5126429796218872 1.4812519550323486 0.0 0.0 0.0 1.0
0.5741869807243347 0.44983699917793274 -0.6840729713439941 4.528518199920654 0.817596971988678 -0.27121099829673767 0.5079169869422913 3.415579080581665 0.042952001094818115 -0.8509359955787659 -0.5235109925270081 1.4765000343322754 0.0 0.0 0.0 1.0
0.578141987323761 0.4595690071582794 -0.674202024936676 4.533592224121094 0.8147159814834595 -0.2799760103225708 0.5077900290489197 3.423686981201172 0.04460399970412254 -0.8428580164909363 -0.5362840294837952 1.4739949703216553 0.0 0.0 0.0 1.0
0.5884559750556946 0.4561789929866791 -0.6675480008125305 4.538225173950195 0.8075600266456604 -0.29118698835372925 0.5128909945487976 3.424186944961548 0.03958899900317192 -0.8408989906311035 -0.5397419929504395 1.4616930484771729 0.0 0.0 0.0 1.0
0.5966669917106628 0.46272900700569153 -0.6556450128555298 4.540116786956787 0.8014839887619019 -0.3027479946613312 0.515720009803772 3.4330739974975586 0.040144000202417374 -0.8332020044326782 -0.5515099763870239 1.457731008529663 0.0 0.0 0.0 1.0
0.6008120179176331 0.47238001227378845 -0.6448900103569031 4.5453619956970215 0.7982990145683289 -0.3124080002307892 0.5148969888687134 3.4440109729766846 0.04175800085067749 -0.8241720199584961 -0.5647990107536316 1.4559849500656128 0.0 0.0 0.0 1.0
0.6032789945602417 0.4801670014858246 -0.636784017086029 4.55146598815918 0.7964280247688293 -0.3207550048828125 0.5126579999923706 3.459841012954712 0.04191000014543533 -0.8164290189743042 -0.5759230256080627 1.457589030265808 0.0 0.0 0.0 1.0
0.6089969873428345 0.4830929934978485 -0.6290810108184814 4.556520938873291 0.792044997215271 -0.328125 0.5147799849510193 3.470402956008911 0.04226899892091751 -0.8117600083351135 -0.5824589729309082 1.4590229988098145 0.0 0.0 0.0 1.0
0.6151229739189148 0.48321300745010376 -0.6229990124702454 4.563652038574219 0.787289023399353 -0.33392998576164246 0.518330991268158 3.482367992401123 0.042426999658346176 -0.8093180060386658 -0.5858370065689087 1.4598180055618286 0.0 0.0 0.0 1.0
0.6225759983062744 0.48198699951171875 -0.6165120005607605 4.57086706161499 0.7813839912414551 -0.3397200107574463 0.5234779715538025 3.496429920196533 0.0428679995238781 -0.8076379895210266 -0.5881180167198181 1.4611279964447021 0.0 0.0 0.0 1.0
0.6301490068435669 0.4816800057888031 -0.609013020992279 4.5765790939331055 0.7751399874687195 -0.34427401423454285 0.5297489762306213 3.510392904281616 0.04550199955701828 -0.8058909773826599 -0.5903130173683167 1.4643930196762085 0.0 0.0 0.0 1.0
0.6380419731140137 0.47689899802207947 -0.604541003704071 4.587109088897705 0.7687100172042847 -0.3490560054779053 0.5359519720077515 3.5279459953308105 0.044576000422239304 -0.806676983833313 -0.5893099904060364 1.46623694896698 0.0 0.0 0.0 1.0
0.6460750102996826 0.47119399905204773 -0.6004689931869507 4.595143795013428 0.7620639801025391 -0.3539389967918396 0.5422040224075317 3.5460100173950195 0.04295400157570839 -0.8079010248184204 -0.5877519845962524 1.4694379568099976 0.0 0.0 0.0 1.0
0.6570500135421753 0.4641300141811371 -0.5940269827842712 4.595656871795654 0.7526339888572693 -0.3591969907283783 0.5518329739570618 3.5604259967803955 0.042750000953674316 -0.8096669912338257 -0.5853310227394104 1.474424958229065 0.0 0.0 0.0 1.0
0.6670830249786377 0.45636001229286194 -0.5888429880142212 4.600654125213623 0.7437580227851868 -0.3626439869403839 0.5615280270576477 3.575758934020996 0.04271800071001053 -0.8125429749488831 -0.5813350081443787 1.4786800146102905 0.0 0.0 0.0 1.0
0.6734430193901062 0.4476729929447174 -0.5882710218429565 4.613192081451416 0.7381640076637268 -0.36433500051498413 0.5677800178527832 3.596280097961426 0.03985200077295303 -0.8166080117225647 -0.5758150219917297 1.4808679819107056 0.0 0.0 0.0 1.0
0.680866003036499 0.43559300899505615 -0.588795006275177 4.626972198486328 0.7315559983253479 -0.3656960129737854 0.5754070281982422 3.6197009086608887 0.03532300144433975 -0.8225119709968567 -0.5676509737968445 1.482272982597351 0.0 0.0 0.0 1.0
0.6925780177116394 0.4227289855480194 -0.584496021270752 4.6379852294921875 0.7206000089645386 -0.36868101358413696 0.5872049927711487 3.638094902038574 0.032735999673604965 -0.8278740048408508 -0.5599589943885803 1.4812569618225098 0.0 0.0 0.0 1.0
0.7028710246086121 0.4159409999847412 -0.5770320296287537 4.652061939239502 0.7105249762535095 -0.37226399779319763 0.597137987613678 3.656730890274048 0.03356499969959259 -0.8297060132026672 -0.5571900010108948 1.479222059249878 0.0 0.0 0.0 1.0
0.7115880250930786 0.4144879877567291 -0.5673109889030457 4.665032863616943 0.7015150189399719 -0.374345988035202 0.6064170002937317 3.677496910095215 0.038982000201940536 -0.8294969797134399 -0.5571500062942505 1.4784959554672241 0.0 0.0 0.0 1.0
0.7213379740715027 0.41392800211906433 -0.5552800297737122 4.675734043121338 0.6909189820289612 -0.3745270073413849 0.618353009223938 3.6978280544281006 0.047986000776290894 -0.8296949863433838 -0.5561519861221313 1.4777679443359375 0.0 0.0 0.0 1.0
0.7295259833335876 0.4141730070114136 -0.5442919731140137 4.691600799560547 0.6815509796142578 -0.3735769987106323 0.6292279958724976 3.718858003616333 0.057273998856544495 -0.8300009965896606 -0.5548139810562134 1.4762159585952759 0.0 0.0 0.0 1.0
0.7413809895515442 0.41345199942588806 -0.5285940170288086 4.703776836395264 0.6678439974784851 -0.37724798917770386 0.6416140198707581 3.736440896987915 0.06586600095033646 -0.828698992729187 -0.5558059811592102 1.4742339849472046 0.0 0.0 0.0 1.0
0.754135012626648 0.41185200214385986 -0.5115259885787964 4.713642120361328 0.6524969935417175 -0.3817079961299896 0.654636025428772 3.7518301010131836 0.07435999810695648 -0.8274520039558411 -0.5565909743309021 1.466845989227295 0.0 0.0 0.0 1.0
0.764369010925293 0.41284599900245667 -0.49527600407600403 4.725955009460449 0.6396039724349976 -0.388357013463974 0.6633899807929993 3.7671399116516113 0.0815339982509613 -0.8238549828529358 -0.5609059929847717 1.4639320373535156 0.0 0.0 0.0 1.0
0.7724679708480835 0.41394200921058655 -0.48160800337791443 4.734344005584717 0.6294010281562805 -0.3980660140514374 0.6673809885978699 3.7827210426330566 0.08454500138759613 -0.8186550140380859 -0.5680279731750488 1.4675589799880981 0.0 0.0 0.0 1.0
0.7778469920158386 0.4127340018749237 -0.47392600774765015 4.743730068206787 0.6224560141563416 -0.4020349979400635 0.6715030074119568 3.79996395111084 0.08661700040102005 -0.8173239827156067 -0.5696300268173218 1.4714829921722412 0.0 0.0 0.0 1.0
0.7824599742889404 0.41081398725509644 -0.46796199679374695 4.755527019500732 0.6163470149040222 -0.40386301279067993 0.6760259866714478 3.8145689964294434 0.08872800320386887 -0.8173900246620178 -0.5692110061645508 1.4736549854278564 0.0 0.0 0.0 1.0
0.7865949869155884 0.4080379903316498 -0.4634369909763336 4.766645908355713 0.6111099720001221 -0.4070039987564087 0.6788910031318665 3.8300399780273438 0.08839300274848938 -0.8172230124473572 -0.5695030093193054 1.4751009941101074 0.0 0.0 0.0 1.0
0.7892940044403076 0.4058080017566681 -0.4607970118522644 4.773652076721191 0.6077200174331665 -0.40911900997161865 0.6806600093841553 3.8450839519500732 0.08769600093364716 -0.8172770142555237 -0.5695329904556274 1.4791409969329834 0.0 0.0 0.0 1.0
0.7923650145530701 0.4002009928226471 -0.46042999625205994 4.781552791595459 0.604200005531311 -0.4105829894542694 0.6829079985618591 3.858112096786499 0.08425600081682205 -0.8193050026893616 -0.5671330094337463 1.480963945388794 0.0 0.0 0.0 1.0
0.7957749962806702 0.39239001274108887 -0.4612720012664795 4.794155120849609 0.6006600260734558 -0.4144060015678406 0.6837220191955566 3.874650001525879 0.0771310031414032 -0.8211569786071777 -0.5654670000076294 1.4809050559997559 0.0 0.0 0.0 1.0
0.7994089722633362 0.38469499349594116 -0.46147099137306213 4.800457954406738 0.5967400074005127 -0.4194130003452301 0.6841009855270386 3.889219045639038 0.06962399929761887 -0.8222540020942688 -0.5648450255393982 1.4833810329437256 0.0 0.0 0.0 1.0
0.8005110025405884 0.3821749985218048 -0.46165499091148376 4.802865028381348 0.595757007598877 -0.4235830008983612 0.6823859810829163 3.9079558849334717 0.06524199992418289 -0.821291983127594 -0.5667660236358643 1.4919929504394531 0.0 0.0 0.0 1.0
0.8011789917945862 0.3745400011539459 -0.4667240083217621 4.813621997833252 0.5956659913063049 -0.42432698607444763 0.6820039749145508 3.9212570190429688 0.05739400163292885 -0.8244190216064453 -0.5630630254745483 1.4899940490722656 0.0 0.0 0.0 1.0
0.8017370104789734 0.37122800946235657 -0.46841099858283997 4.8214111328125 0.5953570008277893 -0.42703598737716675 0.6805809736251831 3.936065912246704 0.052622001618146896 -0.8245189785957336 -0.5633829832077026 1.4886150360107422 0.0 0.0 0.0 1.0
0.8031489849090576 0.36970698833465576 -0.46719199419021606 4.824557781219482 0.5937150120735168 -0.4314559996128082 0.6792269945144653 3.948582887649536 0.04954199865460396 -0.8228989839553833 -0.5660240054130554 1.4912220239639282 0.0 0.0 0.0 1.0
0.8022000193595886 0.3673959970474243 -0.47063198685646057 4.831821918487549 0.5953199863433838 -0.4321480095386505 0.6773790121078491 3.9629199504852295 0.04548399895429611 -0.8235710263252258 -0.5653870105743408 1.4915709495544434 0.0 0.0 0.0 1.0
0.8002660274505615 0.3661450147628784 -0.47488099336624146 4.837369918823242 0.5980889797210693 -0.43035900592803955 0.6760780215263367 3.974569082260132 0.04317399859428406 -0.8250629901885986 -0.563389003276825 1.4902050495147705 0.0 0.0 0.0 1.0
0.7976740002632141 0.3665989935398102 -0.4788750112056732 4.842274188995361 0.6016820073127747 -0.4295539855957031 0.6733959913253784 3.986733913421631 0.04116300120949745 -0.825281023979187 -0.5632200241088867 1.4892120361328125 0.0 0.0 0.0 1.0
0.7949529886245728 0.36722999811172485 -0.4828999936580658 4.848347187042236 0.6054159998893738 -0.4290130138397217 0.6703879833221436 3.9989728927612305 0.0390160009264946 -0.8252819776535034 -0.563372015953064 1.487064003944397 0.0 0.0 0.0 1.0
0.7907419800758362 0.36998599767684937 -0.4876849949359894 4.8557209968566895 0.6110979914665222 -0.4304490089416504 0.6642839908599854 4.011782169342041 0.03585200011730194 -0.8233010172843933 -0.5664719939231873 1.4858900308609009 0.0 0.0 0.0 1.0
0.784072995185852 0.3768399953842163 -0.4931739866733551 4.858057975769043 0.6196579933166504 -0.42995700240135193 0.6566280126571655 4.027711868286133 0.03539999946951866 -0.8204439878463745 -0.5706300139427185 1.4912240505218506 0.0 0.0 0.0 1.0
0.7759569883346558 0.3794519901275635 -0.5038920044898987 4.870307922363281 0.6298369765281677 -0.4222779870033264 0.6519089937210083 4.043031215667725 0.034584999084472656 -0.8232240080833435 -0.5666630268096924 1.4927730560302734 0.0 0.0 0.0 1.0
0.771793007850647 0.3779500126838684 -0.5113610029220581 4.874208927154541 0.6350330114364624 -0.4167819917201996 0.6504049897193909 4.051464080810547 0.03269499912858009 -0.826708972454071 -0.561680018901825 1.4932730197906494 0.0 0.0 0.0 1.0
0.7674520015716553 0.37725698947906494 -0.5183590054512024 4.879125118255615 0.6402850151062012 -0.41008999943733215 0.6495090126991272 4.057167053222656 0.032457999885082245 -0.8303639888763428 -0.5562760233879089 1.490826964378357 0.0 0.0 0.0 1.0
0.7610909938812256 0.38149699568748474 -0.5245950222015381 4.884148120880127 0.6477439999580383 -0.4043929874897003 0.6456739902496338 4.066374778747559 0.03418000042438507 -0.8312199711799622 -0.5548920035362244 1.4895349740982056 0.0 0.0 0.0 1.0
0.7550510168075562 0.3854590058326721 -0.5303959846496582 4.884912967681885 0.6547949910163879 -0.40161898732185364 0.6402699947357178 4.07641077041626 0.03378099948167801 -0.8307369947433472 -0.5556390285491943 1.490636944770813 0.0 0.0 0.0 1.0
0.7490109801292419 0.3882099986076355 -0.5369139909744263 4.883584976196289 0.6617169976234436 -0.3974840044975281 0.6357179880142212 4.087460041046143 0.0333780013024807 -0.8314449787139893 -0.5546039938926697 1.4956549406051636 0.0 0.0 0.0 1.0
0.7451350092887878 0.38489899039268494 -0.544634997844696 4.882722854614258 0.6662769913673401 -0.3939470052719116 0.6331520080566406 4.094167232513428 0.029141999781131744 -0.8346610069274902 -0.5499929785728455 1.4936779737472534 0.0 0.0 0.0 1.0
0.7393739819526672 0.38295599818229675 -0.5537779927253723 4.886325836181641 0.6729729771614075 -0.394910991191864 0.6254220008850098 4.100889205932617 0.020816000178456306 -0.8350989818572998 -0.549705982208252 1.4884450435638428 0.0 0.0 0.0 1.0
0.7317919731140137 0.3869990110397339 -0.5609920024871826 4.881772994995117 0.6813690066337585 -0.39765799045562744 0.6144959926605225 4.107917785644531 0.014725999906659126 -0.8319259881973267 -0.5546919703483582 1.4886749982833862 0.0 0.0 0.0 1.0
0.7226939797401428 0.39050400257110596 -0.5702810287475586 4.87805700302124 0.6911320090293884 -0.3997640013694763 0.6021010279655457 4.118696212768555 0.007145000156015158 -0.8292739987373352 -0.5587970018386841 1.4875600337982178 0.0 0.0 0.0 1.0
0.7118970155715942 0.39737001061439514 -0.5790510177612305 4.880063056945801 0.7022839784622192 -0.40331798791885376 0.5866270065307617 4.138041019439697 -0.00043399998685345054 -0.8242759704589844 -0.5661879777908325 1.4904179573059082 0.0 0.0 0.0 1.0
0.7056540250778198 0.4006560146808624 -0.5844029784202576 4.874527931213379 0.7085340023040771 -0.40566399693489075 0.5774229764938354 4.148074150085449 -0.0057230000384151936 -0.8215299844741821 -0.5701360106468201 1.4904910326004028 0.0 0.0 0.0 1.0
0.6997219920158386 0.40256500244140625 -0.5901950001716614 4.865049839019775 0.7143470048904419 -0.40564799308776855 0.5702260136604309 4.15831995010376 -0.009858000092208385 -0.8206040263175964 -0.5714120268821716 1.4899510145187378 0.0 0.0 0.0 1.0
0.6908910274505615 0.40644899010658264 -0.5978869795799255 4.858424186706543 0.7228459715843201 -0.4029949903488159 0.5613279938697815 4.170763969421387 -0.01279400009661913 -0.8199970126152039 -0.5722259879112244 1.4880820512771606 0.0 0.0 0.0 1.0
0.6829249858856201 0.4115599989891052 -0.6035169959068298 4.844913959503174 0.730368971824646 -0.3996509909629822 0.5539309978485107 4.183084011077881 -0.013220000080764294 -0.8190829753875732 -0.5735219717025757 1.4886449575424194 0.0 0.0 0.0 1.0
0.6743260025978088 0.4160969853401184 -0.6100389957427979 4.8335700035095215 0.7383289933204651 -0.39381900429725647 0.5475190281867981 4.197001934051514 -0.012423999607563019 -0.8196160197257996 -0.5727789998054504 1.4871330261230469 0.0 0.0 0.0 1.0
0.6669120192527771 0.4210050106048584 -0.6148030161857605 4.819878101348877 0.7450399994850159 -0.3900110125541687 0.5411159992218018 4.210247993469238 -0.011966999620199203 -0.8189299702644348 -0.5737689733505249 1.4864649772644043 0.0 0.0 0.0 1.0
0.6579729914665222 0.42570099234580994 -0.6211689710617065 4.808231830596924 0.7529529929161072 -0.3845599889755249 0.5340179800987244 4.225886821746826 -0.011544999666512012 -0.8190810084342957 -0.5735629796981812 1.4863380193710327 0.0 0.0 0.0 1.0
0.6498110294342041 0.4299519956111908 -0.6268069744110107 4.796969890594482 0.7600460052490234 -0.37700700759887695 0.5293359756469727 4.24106502532959 -0.008720999583601952 -0.8203700184822083 -0.5717660188674927 1.4847780466079712 0.0 0.0 0.0 1.0
0.6440160274505615 0.4356299936771393 -0.6288629770278931 4.783051013946533 0.7650070190429688 -0.3696120083332062 0.5274009704589844 4.256818771362305 -0.0026829999405890703 -0.8207399845123291 -0.571295976638794 1.4850590229034424 0.0 0.0 0.0 1.0
0.6429529786109924 0.44125398993492126 -0.6260240077972412 4.765304088592529 0.7658990025520325 -0.36701101064682007 0.5279219746589661 4.267972946166992 0.0031900000758469105 -0.818901002407074 -0.5739269852638245 1.4899890422821045 0.0 0.0 0.0 1.0
0.6387490034103394 0.44485801458358765 -0.6277750134468079 4.746819972991943 0.7693780064582825 -0.361191987991333 0.5268759727478027 4.284707069396973 0.007637000177055597 -0.8195379972457886 -0.5729749798774719 1.4957120418548584 0.0 0.0 0.0 1.0
0.6344069838523865 0.441646009683609 -0.6344109773635864 4.7285051345825195 0.7729619741439819 -0.3543910086154938 0.5262479782104492 4.298837184906006 0.007586000021547079 -0.8242310285568237 -0.5662040114402771 1.4991689920425415 0.0 0.0 0.0 1.0
0.6270899772644043 0.4365749955177307 -0.6451050043106079 4.7132568359375 0.7789360284805298 -0.3471269905567169 0.5222659707069397 4.312067031860352 0.004075000062584877 -0.830003023147583 -0.557744026184082 1.498703956604004 0.0 0.0 0.0 1.0
0.6180099844932556 0.4347679913043976 -0.6550120115280151 4.695786952972412 0.7861700057983398 -0.34170201420783997 0.5149530172348022 4.321971893310547 6.600000051548705e-05 -0.8331969976425171 -0.5529770255088806 1.4988689422607422 0.0 0.0 0.0 1.0
0.6041110157966614 0.4351400136947632 -0.6676099896430969 4.682281970977783 0.7968860268592834 -0.33477699756622314 0.502888023853302 4.3367600440979 -0.004674000199884176 -0.8358100056648254 -0.5490000247955322 1.5013320446014404 0.0 0.0 0.0 1.0
0.5922210216522217 0.43664801120758057 -0.6772099733352661 4.668059825897217 0.8057609796524048 -0.3259890079498291 0.4944489896297455 4.350441932678223 -0.004863000009208918 -0.8384929895401001 -0.5448920130729675 1.502498984336853 0.0 0.0 0.0 1.0
0.583171010017395 0.44124698638916016 -0.6820650100708008 4.652729034423828 0.8123469948768616 -0.3187359869480133 0.48836401104927063 4.365358829498291 -0.0019099999917671084 -0.8388739824295044 -0.5443230271339417 1.505715012550354 0.0 0.0 0.0 1.0
0.575203001499176 0.44553300738334656 -0.6860330104827881 4.63942813873291 0.8179960250854492 -0.30818799138069153 0.48569899797439575 4.3748979568481445 0.0049669998697936535 -0.8405479788780212 -0.5417140126228333 1.506392002105713 0.0 0.0 0.0 1.0
0.5676130056381226 0.4495140016078949 -0.689749002456665 4.623618125915527 0.8232520222663879 -0.30122700333595276 0.48116499185562134 4.386528015136719 0.008519000373780727 -0.8409519791603088 -0.5410429835319519 1.5064220428466797 0.0 0.0 0.0 1.0
0.5584930181503296 0.4550749957561493 -0.6935359835624695 4.612565994262695 0.8294680118560791 -0.2980070114135742 0.4724139869213104 4.394835948944092 0.008305000141263008 -0.839106023311615 -0.5439050197601318 1.5064630508422852 0.0 0.0 0.0 1.0
0.5477889776229858 0.4606209993362427 -0.6983950138092041 4.597517013549805 0.8365769982337952 -0.29351601004600525 0.46258699893951416 4.410286903381348 0.008088000118732452 -0.8376619815826416 -0.5461300015449524 1.5077019929885864 0.0 0.0 0.0 1.0
0.5394650101661682 0.4639529883861542 -0.7026559710502625 4.585966110229492 0.8419830203056335 -0.29081499576568604 0.4544129967689514 4.42545223236084 0.006484000012278557 -0.8367639780044556 -0.5475249886512756 1.508774995803833 0.0 0.0 0.0 1.0
0.5337910056114197 0.465844988822937 -0.7057300209999084 4.576162815093994 0.8456050157546997 -0.289682000875473 0.4483720064163208 4.441589832305908 0.004433999769389629 -0.83610600233078 -0.5485510230064392 1.5092320442199707 0.0 0.0 0.0 1.0
0.530119001865387 0.4665749967098236 -0.7080129981040955 4.563302993774414 0.8479179739952087 -0.2886640131473541 0.4446449875831604 4.455777168273926 0.003082999959588051 -0.8360509872436523 -0.5486429929733276 1.5109150409698486 0.0 0.0 0.0 1.0
0.5252010226249695 0.46594300866127014 -0.712082028388977 4.554419994354248 0.8509759902954102 -0.28572601079940796 0.44068199396133423 4.4702911376953125 0.0018720000516623259 -0.8374119997024536 -0.5465700030326843 1.5107159614562988 0.0 0.0 0.0 1.0
0.5193970203399658 0.4676010012626648 -0.7152450084686279 4.546123027801514 0.85453200340271 -0.28301000595092773 0.43552300333976746 4.485837936401367 0.001230000052601099 -0.8374099731445312 -0.5465750098228455 1.5094009637832642 0.0 0.0 0.0 1.0
0.5136020183563232 0.46966201066970825 -0.7180740237236023 4.535995960235596 0.858027994632721 -0.2825149893760681 0.42892199754714966 4.501808166503906 -0.0014179999707266688 -0.8364229798316956 -0.5480830073356628 1.5083849430084229 0.0 0.0 0.0 1.0
0.5062329769134521 0.4726249873638153 -0.7213559746742249 4.524712085723877 0.8623930215835571 -0.2800849974155426 0.42170000076293945 4.520516872406006 -0.0027340000960975885 -0.8355709910392761 -0.5493760108947754 1.5087300539016724 0.0 0.0 0.0 1.0
0.4979479908943176 0.47460898756980896 -0.7258059978485107 4.517568111419678 0.8671969771385193 -0.27658700942993164 0.41408899426460266 4.5376458168029785 -0.004219000227749348 -0.8356109857559204 -0.5493059754371643 1.5067490339279175 0.0 0.0 0.0 1.0
0.48903900384902954 0.4768489897251129 -0.7303799986839294 4.51553201675415 0.8722079992294312 -0.2766039967536926 0.4034140110015869 4.5539751052856445 -0.00965800043195486 -0.8343290090560913 -0.551181972026825 1.506477952003479 0.0 0.0 0.0 1.0
0.4807809889316559 0.4780479967594147 -0.7350640296936035 4.503798007965088 0.8767690062522888 -0.2728399932384491 0.3960239887237549 4.57072114944458 -0.011235999874770641 -0.8348829746246338 -0.5503140091896057 1.5068089962005615 0.0 0.0 0.0 1.0
0.47088098526000977 0.47630301117897034 -0.7425670027732849 4.49571418762207 0.8820710182189941 -0.2684209942817688 0.3871699869632721 4.593803882598877 -0.014910000376403332 -0.8373079895973206 -0.5465279817581177 1.505120038986206 0.0 0.0 0.0 1.0
0.46140000224113464 0.4761109948158264 -0.7486180067062378 4.488072872161865 0.8870459794998169 -0.26288801431655884 0.37952399253845215 4.6138200759887695 -0.016107000410556793 -0.8391709923744202 -0.543628990650177 1.5030909776687622 0.0 0.0 0.0 1.0
0.4513840079307556 0.47864699363708496 -0.7530930042266846 4.475935935974121 0.892175018787384 -0.2577989995479584 0.37089601159095764 4.6374030113220215 -0.016618000343441963 -0.8393080234527588 -0.5434030294418335 1.5039559602737427 0.0 0.0 0.0 1.0
0.4403490126132965 0.47957301139831543 -0.7590140104293823 4.4673662185668945 0.897678017616272 -0.25055399537086487 0.36248698830604553 4.660608768463135 -0.016334999352693558 -0.8409709930419922 -0.5408329963684082 1.505066990852356 0.0 0.0 0.0 1.0
0.42998000979423523 0.47735199332237244 -0.766323983669281 4.460512161254883 0.9026539921760559 -0.2444480061531067 0.35420501232147217 4.680531978607178 -0.0182460006326437 -0.8440260291099548 -0.5359920263290405 1.5053269863128662 0.0 0.0 0.0 1.0
0.4172709882259369 0.4759570062160492 -0.7741770148277283 4.450907230377197 0.9085839986801147 -0.23627300560474396 0.3444559872150421 4.705021858215332 -0.018970999866724014 -0.8471360206604004 -0.5310369729995728 1.5075269937515259 0.0 0.0 0.0 1.0
0.40555500984191895 0.4735899865627289 -0.7818170189857483 4.445746898651123 0.9139289855957031 -0.22512799501419067 0.33771398663520813 4.7288818359375 -0.016070999205112457 -0.8514869809150696 -0.5241289734840393 1.506382942199707 0.0 0.0 0.0 1.0
0.3968279957771301 0.47620800137519836 -0.7846999764442444 4.445405960083008 0.9178680181503296 -0.21214500069618225 0.33542901277542114 4.7497878074646 -0.006736000068485737 -0.8533589839935303 -0.5212810039520264 1.5038319826126099 0.0 0.0 0.0 1.0
0.38729798793792725 0.48594701290130615 -0.783490002155304 4.449471950531006 0.9219440221786499 -0.20015199482440948 0.33159899711608887 4.770644187927246 0.0043219998478889465 -0.8507620096206665 -0.5255339741706848 1.502817988395691 0.0 0.0 0.0 1.0
0.38151100277900696 0.4964509904384613 -0.7797340154647827 4.446381092071533 0.9242330193519592 -0.190652996301651 0.33082500100135803 4.78344202041626 0.01558000035583973 -0.8468700051307678 -0.5315729975700378 1.5068429708480835 0.0 0.0 0.0 1.0
0.3711700141429901 0.5017399787902832 -0.7813379764556885 4.43398380279541 0.9282950162887573 -0.18021200597286224 0.32525700330734253 4.801515102386475 0.022388000041246414 -0.8460379838943481 -0.5326520204544067 1.516037940979004 0.0 0.0 0.0 1.0
0.3589229881763458 0.4964590072631836 -0.7903810143470764 4.426459789276123 0.9330549836158752 -0.16894899308681488 0.31759199500083923 4.817516803741455 0.024136999621987343 -0.8514599800109863 -0.5238639712333679 1.5162309408187866 0.0 0.0 0.0 1.0
0.3458069860935211 0.4954040050506592 -0.7968639731407166 4.4210968017578125 0.9379720091819763 -0.15986299514770508 0.3076559901237488 4.830383777618408 0.025025999173521996 -0.8538259863853455 -0.5199570059776306 1.514765977859497 0.0 0.0 0.0 1.0
0.33266401290893555 0.49775201082229614 -0.8009849786758423 4.410023212432861 0.9427559971809387 -0.15447600185871124 0.2955490052700043 4.844695091247559 0.02337699942290783 -0.8534520268440247 -0.5206469893455505 1.514670968055725 0.0 0.0 0.0 1.0
0.3169110119342804 0.5016930103302002 -0.8049049973487854 4.405031204223633 0.9482110142707825 -0.14833499491214752 0.2808780074119568 4.862016201019287 0.021518999710679054 -0.8522329926490784 -0.5227199792861938 1.513990044593811 0.0 0.0 0.0 1.0
0.30395400524139404 0.5079630017280579 -0.8059689998626709 4.39095401763916 0.9525290131568909 -0.14663900434970856 0.2668069899082184 4.8800458908081055 0.01734199933707714 -0.8488060235977173 -0.5284209847450256 1.5171209573745728 0.0 0.0 0.0 1.0
0.2908230125904083 0.5094119906425476 -0.8098899722099304 4.380086898803711 0.9566980004310608 -0.14396800100803375 0.25298601388931274 4.896148204803467 0.01227600034326315 -0.848393976688385 -0.5292230248451233 1.5188239812850952 0.0 0.0 0.0 1.0
0.2773979902267456 0.5093240141868591 -0.8146399855613708 4.366178035736084 0.9607070088386536 -0.1385899931192398 0.2404879927635193 4.909828186035156 0.009585999883711338 -0.8493419885635376 -0.5277559757232666 1.517899990081787 0.0 0.0 0.0 1.0
0.26274099946022034 0.5118460059165955 -0.8179129958152771 4.362246036529541 0.9648309946060181 -0.1320749968290329 0.2272849977016449 4.929714202880859 0.008309000171720982 -0.8488640189170837 -0.5285459756851196 1.5170539617538452 0.0 0.0 0.0 1.0
0.25480398535728455 0.5142589807510376 -0.8189089894294739 4.350729942321777 0.966946005821228 -0.1271740049123764 0.221002995967865 4.937994956970215 0.00950899999588728 -0.8481540083885193 -0.5296649932861328 1.5155329704284668 0.0 0.0 0.0 1.0
0.24724000692367554 0.5171459913253784 -0.8194100260734558 4.334916114807129 0.9689229726791382 -0.1251550018787384 0.21336500346660614 4.951438903808594 0.007786999922245741 -0.846697986125946 -0.5320180058479309 1.5144740343093872 0.0 0.0 0.0 1.0
0.23889799416065216 0.518750011920929 -0.8208690285682678 4.323138236999512 0.9710310101509094 -0.12310200184583664 0.20480500161647797 4.966062068939209 0.005191999953240156 -0.8460170030593872 -0.5331310033798218 1.5141570568084717 0.0 0.0 0.0 1.0
0.22860099375247955 0.5176510214805603 -0.8244869709014893 4.306657791137695 0.9735199809074402 -0.12081299722194672 0.1940699964761734 4.985525131225586 0.0008510000188834965 -0.8470190167427063 -0.5315619707107544 1.5141220092773438 0.0 0.0 0.0 1.0
0.2204979956150055 0.5150539875030518 -0.828311026096344 4.294795036315918 0.9753860235214233 -0.117917001247406 0.1863279938697815 5.001708984375 -0.0017030000453814864 -0.8490080237388611 -0.5283769965171814 1.5108909606933594 0.0 0.0 0.0 1.0
0.21446800231933594 0.515330970287323 -0.8297209739685059 4.283130168914795 0.9767259955406189 -0.11576800048351288 0.1805640012025833 5.015607833862305 -0.003005000064149499 -0.8491359949111938 -0.5281670093536377 1.505128026008606 0.0 0.0 0.0 1.0
0.20599499344825745 0.5192350149154663 -0.8294339776039124 4.270471096038818 0.978551983833313 -0.10790300369262695 0.17547999322414398 5.041082859039307 0.0016169999726116657 -0.8477929830551147 -0.5303260087966919 1.5035990476608276 0.0 0.0 0.0 1.0
0.2011290043592453 0.5210809707641602 -0.8294709920883179 4.255250930786133 0.9794560074806213 -0.09436599910259247 0.17821499705314636 5.065447807312012 0.01459100004285574 -0.8482750058174133 -0.5293560028076172 1.50198495388031 0.0 0.0 0.0 1.0
0.20428399741649628 0.5230159759521484 -0.8274800181388855 4.245075225830078 0.9783610105514526 -0.08073099702596664 0.1905059963464737 5.088980197906494 0.0328340008854866 -0.8484910130500793 -0.528190016746521 1.499587059020996 0.0 0.0 0.0 1.0
0.19590899348258972 0.5287579894065857 -0.8258540034294128 4.263538837432861 0.9795309901237488 -0.06579399853944778 0.19023899734020233 5.154079914093018 0.046254001557826996 -0.846219003200531 -0.5308240056037903 1.4993760585784912 0.0 0.0 0.0 1.0
0.19083699584007263 0.5382670164108276 -0.8208839893341064 4.250186920166016 0.9804080128669739 -0.06294500082731247 0.18664899468421936 5.19386100769043 0.04879600182175636 -0.8404210209846497 -0.5397340059280396 1.5140290260314941 0.0 0.0 0.0 1.0
0.18895600736141205 0.5408369898796082 -0.8196290135383606 4.221855163574219 0.980771005153656 -0.0624300017952919 0.18490999937057495 5.176449775695801 0.048836998641490936 -0.838808000087738 -0.5422329902648926 1.5163569450378418 0.0 0.0 0.0 1.0
0.16488300263881683 0.5398070216178894 -0.8254830241203308 4.204917907714844 0.9854679703712463 -0.05552700161933899 0.1605280041694641 5.198216915130615 0.040817998349666595 -0.8399559855461121 -0.5411180257797241 1.522726058959961 0.0 0.0 0.0 1.0
0.14155100286006927 0.5331259965896606 -0.8341100215911865 4.188948154449463 0.9891380071640015 -0.042458999902009964 0.14072099328041077 5.2213311195373535 0.03960699960589409 -0.8449699878692627 -0.5333459973335266 1.5137850046157837 0.0 0.0 0.0 1.0
0.12998999655246735 0.5350930094718933 -0.8347319960594177 4.1708149909973145 0.9904950261116028 -0.03188899904489517 0.13380399346351624 5.228331089019775 0.04497800022363663 -0.8441910147666931 -0.5341519713401794 1.5074009895324707 0.0 0.0 0.0 1.0
0.11881600320339203 0.5436260104179382 -0.8308749794960022 4.155479907989502 0.9916139841079712 -0.02211800031363964 0.12733100354671478 5.245524883270264 0.050843000411987305 -0.8390359878540039 -0.5416949987411499 1.5076769590377808 0.0 0.0 0.0 1.0
0.1088699996471405 0.554843008518219 -0.8248010277748108 4.128511905670166 0.9926990270614624 -0.017340000718832016 0.11936599761247635 5.260834217071533 0.051927000284194946 -0.8317750096321106 -0.5526800155639648 1.5260709524154663 0.0 0.0 0.0 1.0
0.09952600300312042 0.5510849952697754 -0.8284929990768433 4.1113409996032715 0.9938579797744751 -0.014574999921023846 0.10969600081443787 5.272323131561279 0.04837600141763687 -0.8343219757080078 -0.5491510033607483 1.5315779447555542 0.0 0.0 0.0 1.0
0.08715400099754333 0.544202983379364 -0.8344150185585022 4.098045825958252 0.9952409863471985 -0.010912000201642513 0.09683500230312347 5.299215793609619 0.04359300062060356 -0.8388829827308655 -0.5425630211830139 1.5387099981307983 0.0 0.0 0.0 1.0
0.08229400217533112 0.5362709760665894 -0.840025007724762 4.084242820739746 0.9958879947662354 -0.012205000035464764 0.08977100253105164 5.309869766235352 0.03788900002837181 -0.8439580202102661 -0.53507000207901 1.536864995956421 0.0 0.0 0.0 1.0
0.0772010013461113 0.5270050168037415 -0.8463490009307861 4.07542610168457 0.9964730143547058 -0.012772000394761562 0.08294100314378738 5.320178985595703 0.03290100023150444 -0.8497660160064697 -0.5261319875717163 1.5375720262527466 0.0 0.0 0.0 1.0
0.06499700248241425 0.5200949907302856 -0.8516319990158081 4.054072856903076 0.9974539875984192 -0.00875800009816885 0.07077699899673462 5.334253787994385 0.02935199998319149 -0.8540639877319336 -0.5193399786949158 1.5362370014190674 0.0 0.0 0.0 1.0
0.048353999853134155 0.5125439763069153 -0.8572980165481567 4.038662910461426 0.9986339807510376 -0.007792000193148851 0.051667001098394394 5.349762916564941 0.019801000133156776 -0.8586260080337524 -0.5122209787368774 1.5363999605178833 0.0 0.0 0.0 1.0
0.028442999348044395 0.5062950253486633 -0.861890971660614 4.017459869384766 0.999547004699707 -0.005931000225245953 0.02950200065970421 5.346456050872803 0.009824000298976898 -0.862339973449707 -0.5062339901924133 1.550739049911499 0.0 0.0 0.0 1.0
-0.0038499999791383743 0.4874809980392456 -0.8731250166893005 3.9947879314422607 0.9999859929084778 -0.0013409999664872885 -0.005158000160008669 5.345088958740234 -0.00368599989451468 -0.8731330037117004 -0.48746898770332336 1.5472079515457153 0.0 0.0 0.0 1.0
-0.03776799887418747 0.46980199217796326 -0.8819630146026611 3.9834930896759033 0.9991670250892639 0.004124999977648258 -0.04058999940752983 5.354094982147217 -0.015430999919772148 -0.8827620148658752 -0.4695670008659363 1.5299279689788818 0.0 0.0 0.0 1.0
-0.06795600056648254 0.4636560082435608 -0.8834050297737122 3.9699249267578125 0.9974870085716248 0.013770000077784061 -0.0695049986243248 5.380989074707031 -0.02006099931895733 -0.8859080076217651 -0.46342599391937256 1.5187779664993286 0.0 0.0 0.0 1.0
-0.08140400052070618 0.46180498600006104 -0.8832380175590515 3.9623000621795654 0.9965789914131165 0.025023000314831734 -0.07876700162887573 5.3821539878845215 -0.014274000190198421 -0.8866289854049683 -0.46226200461387634 1.5044009685516357 0.0 0.0 0.0 1.0
-0.09853599965572357 0.46511900424957275 -0.8797469735145569 3.9507699012756348 0.9951159954071045 0.04084499925374985 -0.08986400067806244 5.404819965362549 -0.0058639999479055405 -0.8843050003051758 -0.4668720066547394 1.496279001235962 0.0 0.0 0.0 1.0
-0.12387099862098694 0.47896501421928406 -0.8690509796142578 3.938091993331909 0.9922980070114136 0.060589998960494995 -0.10804499685764313 5.438436031341553 0.0009059999720193446 -0.8757410049438477 -0.48278099298477173 1.5094640254974365 0.0 0.0 0.0 1.0
-0.13935500383377075 0.48299500346183777 -0.8644629716873169 3.9230079650878906 0.9901890158653259 0.07704400271177292 -0.11657699942588806 5.4352521896362305 0.01029600016772747 -0.8722270131111145 -0.48899200558662415 1.5110809803009033 0.0 0.0 0.0 1.0
-0.16387799382209778 0.48338499665260315 -0.859932005405426 3.9034879207611084 0.9864140152931213 0.09042099863290787 -0.13715499639511108 5.449079990386963 0.011458000168204308 -0.8707259893417358 -0.4916360080242157 1.511667013168335 0.0 0.0 0.0 1.0
-0.18286700546741486 0.4803920090198517 -0.857778012752533 3.8970789909362793 0.9830690026283264 0.09962999820709229 -0.153780996799469 5.457371234893799 0.011584999971091747 -0.8713769912719727 -0.4904780089855194 1.5081599950790405 0.0 0.0 0.0 1.0
-0.19854199886322021 0.48148301243782043 -0.8536710143089294 3.881294012069702 0.980023980140686 0.10781800001859665 -0.16711799800395966 5.468841075897217 0.011575999669730663 -0.8697980046272278 -0.49327200651168823 1.5076099634170532 0.0 0.0 0.0 1.0
-0.21094100177288055 0.48188599944114685 -0.8504649996757507 3.8713300228118896 0.9774050116539001 0.11602199822664261 -0.17668600380420685 5.47501802444458 0.013530000112950802 -0.8685190081596375 -0.4954710006713867 1.5040689706802368 0.0 0.0 0.0 1.0
-0.2309119999408722 0.48441600799560547 -0.8438130021095276 3.856372117996216 0.972881019115448 0.1269969940185547 -0.19332599639892578 5.494162082672119 0.013512000441551208 -0.8655710220336914 -0.5006049871444702 1.5062799453735352 0.0 0.0 0.0 1.0
-0.2478329986333847 0.48690199851989746 -0.8375589847564697 3.847332000732422 0.9686809778213501 0.13825400173664093 -0.20625999569892883 5.500953197479248 0.015367000363767147 -0.8624460101127625 -0.5059159994125366 1.50593101978302 0.0 0.0 0.0 1.0
-0.2668440043926239 0.4905950129032135 -0.8295239806175232 3.830535888671875 0.9636179804801941 0.14948000013828278 -0.22157399356365204 5.508938789367676 0.015293999575078487 -0.8584709763526917 -0.5126349925994873 1.5212689638137817 0.0 0.0 0.0 1.0
-0.28578001260757446 0.4821679890155792 -0.8281570076942444 3.8152949810028076 0.9581459760665894 0.15899799764156342 -0.23806500434875488 5.5131402015686035 0.016888000071048737 -0.8615300059318542 -0.5074260234832764 1.5303770303726196 0.0 0.0 0.0 1.0
-0.30865201354026794 0.4703100025653839 -0.8267660140991211 3.8128631114959717 0.9510480165481567 0.16683200001716614 -0.26014599204063416 5.5391411781311035 0.015581999905407429 -0.8665890097618103 -0.4987800121307373 1.522568941116333 0.0 0.0 0.0 1.0
-0.33519598841667175 0.46027201414108276 -0.8220670223236084 3.8071560859680176 0.9420250058174133 0.1778939962387085 -0.2845059931278229 5.559879779815674 0.015290999785065651 -0.8697720170021057 -0.49321699142456055 1.50633704662323 0.0 0.0 0.0 1.0
-0.3636929988861084 0.4564099907875061 -0.8120449781417847 3.793407917022705 0.9313719868659973 0.19365599751472473 -0.3082920014858246 5.567314147949219 0.01655000075697899 -0.8684399724006653 -0.4955179989337921 1.5043209791183472 0.0 0.0 0.0 1.0
-0.38432198762893677 0.45442599058151245 -0.803613007068634 3.7846360206604004 0.9230170249938965 0.20645099878311157 -0.32468199729919434 5.555152893066406 0.018363000825047493 -0.8665300011634827 -0.498786985874176 1.5055079460144043 0.0 0.0 0.0 1.0
-0.4087670147418976 0.45225799083709717 -0.7926989793777466 3.7731170654296875 0.9124670028686523 0.21936899423599243 -0.3453710079193115 5.556466102600098 0.017696000635623932 -0.8644890189170837 -0.5023409724235535 1.5124950408935547 0.0 0.0 0.0 1.0
-0.42902201414108276 0.4468809962272644 -0.7850080132484436 3.76482892036438 0.9030659794807434 0.23174400627613068 -0.3616180121898651 5.551865100860596 0.020320000126957893 -0.8640559911727905 -0.5029860138893127 1.5184210538864136 0.0 0.0 0.0 1.0
-0.4492360055446625 0.439536988735199 -0.7778139710426331 3.7520248889923096 0.8931919932365417 0.240323007106781 -0.38006898760795593 5.553544998168945 0.019872000440955162 -0.865477979183197 -0.5005519986152649 1.5195269584655762 0.0 0.0 0.0 1.0
-0.46860599517822266 0.43377599120140076 -0.7695749998092651 3.739572048187256 0.8832420110702515 0.24691100418567657 -0.3986470103263855 5.558619022369385 0.017092999070882797 -0.8665300011634827 -0.4988330006599426 1.522439956665039 0.0 0.0 0.0 1.0
-0.4835970103740692 0.42825600504875183 -0.7633680105209351 3.730894088745117 0.8751929998397827 0.24964800477027893 -0.4143829941749573 5.554285049438477 0.013112000189721584 -0.8684890270233154 -0.4955359995365143 1.526365041732788 0.0 0.0 0.0 1.0
-0.5010989904403687 0.41994500160217285 -0.756667971611023 3.714298963546753 0.8653299808502197 0.25349000096321106 -0.4323750138282776 5.552530765533447 0.010234000161290169 -0.871429979801178 -0.49041399359703064 1.5308899879455566 0.0 0.0 0.0 1.0
-0.5321509838104248 0.40015798807144165 -0.7461159825325012 3.6907849311828613 0.8465920090675354 0.2617320120334625 -0.46344101428985596 5.589016914367676 0.009832999669015408 -0.8782770037651062 -0.47805100679397583 1.5196080207824707 0.0 0.0 0.0 1.0
-0.5468639731407166 0.39088499546051025 -0.7403709888458252 3.67524790763855 0.8371449708938599 0.2672399878501892 -0.4772529900074005 5.584208011627197 0.011304999701678753 -0.8807910084724426 -0.4733709990978241 1.5227760076522827 0.0 0.0 0.0 1.0
-0.5603839755058289 0.38088101148605347 -0.73545902967453 3.6655728816986084 0.8280919790267944 0.2740499973297119 -0.48903998732566833 5.58656120300293 0.015286000445485115 -0.8830779790878296 -0.46897798776626587 1.518407940864563 0.0 0.0 0.0 1.0
-0.5742830038070679 0.37299200892448425 -0.7287489771842957 3.6485800743103027 0.8183850049972534 0.28450000286102295 -0.49930599331855774 5.591930866241455 0.021091999486088753 -0.8831400275230408 -0.4686340093612671 1.516860008239746 0.0 0.0 0.0 1.0
-0.5842559933662415 0.36469799280166626 -0.7250109910964966 3.6335690021514893 0.8111180067062378 0.2921989858150482 -0.5066630244255066 5.594854831695557 0.02706800028681755 -0.884090006351471 -0.46653199195861816 1.5137020349502563 0.0 0.0 0.0 1.0
-0.5932160019874573 0.3563989996910095 -0.7218539714813232 3.6176559925079346 0.8043429851531982 0.2997860014438629 -0.5129920244216919 5.59225606918335 0.0335719995200634 -0.8849340081214905 -0.46450498700141907 1.5133310556411743 0.0 0.0 0.0 1.0
-0.6028850078582764 0.34808099269866943 -0.7178919911384583 3.612230062484741 0.7968429923057556 0.30741000175476074 -0.5201349854469299 5.5893449783325195 0.03963800147175789 -0.8856289982795715 -0.4626980125904083 1.502148985862732 0.0 0.0 0.0 1.0
-0.6223660111427307 0.35207799077033997 -0.699072003364563 3.589888095855713 0.7818250060081482 0.32245999574661255 -0.5336369872093201 5.580512046813965 0.03754099830985069 -0.8786699771881104 -0.47595199942588806 1.5102100372314453 0.0 0.0 0.0 1.0
-0.6477869749069214 0.34452998638153076 -0.6794639825820923 3.579845905303955 0.7609819769859314 0.3345000147819519 -0.5558930039405823 5.5689802169799805 0.03575899824500084 -0.8771600127220154 -0.47886601090431213 1.5177379846572876 0.0 0.0 0.0 1.0
-0.6725289821624756 0.33019301295280457 -0.662326991558075 3.560215950012207 0.7394390106201172 0.3367510139942169 -0.5829480290412903 5.583858013153076 0.030554000288248062 -0.8817999958992004 -0.47063198685646057 1.5174230337142944 0.0 0.0 0.0 1.0
-0.6953169703483582 0.309596985578537 -0.6486020088195801 3.5410139560699463 0.7180870175361633 0.3366369903087616 -0.6091200113296509 5.630280017852783 0.02976199984550476 -0.8892840147018433 -0.4563870131969452 1.499076008796692 0.0 0.0 0.0 1.0
-0.6981559991836548 0.30136799812316895 -0.6494280099868774 3.537292003631592 0.7148510217666626 0.34358999133110046 -0.6090440154075623 5.6241068840026855 0.03959000110626221 -0.8894519805908203 -0.45531201362609863 1.4992140531539917 0.0 0.0 0.0 1.0
-0.7050359845161438 0.2947399914264679 -0.6450219750404358 3.522475004196167 0.7078279852867126 0.34842801094055176 -0.6144739985466003 5.629252910614014 0.04363400116562843 -0.8897899985313416 -0.45427900552749634 1.4985359907150269 0.0 0.0 0.0 1.0
-0.712149977684021 0.2899259924888611 -0.6393629908561707 3.5183138847351074 0.7005500197410583 0.35254499316215515 -0.6204370260238647 5.626916885375977 0.045524001121520996 -0.8897500038146973 -0.4541729986667633 1.4976439476013184 0.0 0.0 0.0 1.0
-0.723688006401062 0.2902980148792267 -0.6261019706726074 3.504206895828247 0.6889089941978455 0.3577820062637329 -0.6303949952125549 5.62851095199585 0.04100500047206879 -0.8875359892845154 -0.4589110016822815 1.495339035987854 0.0 0.0 0.0 1.0
-0.7351490259170532 0.2924650013446808 -0.6115710139274597 3.4922680854797363 0.6769700050354004 0.36408600211143494 -0.6396510004997253 5.631522178649902 0.03558899834752083 -0.884253978729248 -0.46564799547195435 1.4940929412841797 0.0 0.0 0.0 1.0
-0.7452790141105652 0.29563701152801514 -0.5976269841194153 3.482266902923584 0.6661170125007629 0.3692629933357239 -0.6480219960212708 5.63193416595459 0.02910199947655201 -0.8810470104217529 -0.47213301062583923 1.4967000484466553 0.0 0.0 0.0 1.0
-0.7544869780540466 0.29432299733161926 -0.5866209864616394 3.4733240604400635 0.6557180285453796 0.37615299224853516 -0.6546319723129272 5.628314971923828 0.027986999601125717 -0.8785690069198608 -0.4767949879169464 1.4995850324630737 0.0 0.0 0.0 1.0
-0.7627959847450256 0.291143000125885 -0.5773890018463135 3.466917037963867 0.6460570096969604 0.3810090124607086 -0.6613940000534058 5.63087797164917 0.027431000024080276 -0.8775349855422974 -0.4787270128726959 1.497594952583313 0.0 0.0 0.0 1.0
-0.7724609971046448 0.28746500611305237 -0.5662750005722046 3.4552319049835205 0.634568989276886 0.3845289945602417 -0.6704180240631104 5.639108180999756 0.02502799965441227 -0.8772119879722595 -0.479449987411499 1.4952640533447266 0.0 0.0 0.0 1.0
-0.7841529846191406 0.28328800201416016 -0.5521339774131775 3.4344840049743652 0.6201440095901489 0.39058101177215576 -0.6803439855575562 5.652101993560791 0.022919999435544014 -0.8758959770202637 -0.48195499181747437 1.4967379570007324 0.0 0.0 0.0 1.0
-0.7903730273246765 0.28048399090766907 -0.5446460247039795 3.4333689212799072 0.6122220158576965 0.393902987241745 -0.6855840086936951 5.6473541259765625 0.02224300056695938 -0.875311017036438 -0.4830490052700043 1.4950460195541382 0.0 0.0 0.0 1.0
-0.7997689843177795 0.2793700098991394 -0.5313389897346497 3.42421293258667 0.6001070141792297 0.3948889970779419 -0.6956530213356018 5.651834964752197 0.015475999563932419 -0.8752229809761047 -0.483473002910614 1.4903379678726196 0.0 0.0 0.0 1.0
-0.8098000288009644 0.2785950005054474 -0.516340970993042 3.414249897003174 0.5866379737854004 0.39789900183677673 -0.7053599953651428 5.6530938148498535 0.00894199963659048 -0.8741059899330139 -0.48565301299095154 1.4926819801330566 0.0 0.0 0.0 1.0
-0.81836998462677 0.27827298641204834 -0.5028259754180908 3.4030818939208984 0.5746899843215942 0.39482399821281433 -0.7168290019035339 5.659233093261719 -0.0009459999855607748 -0.8756020069122314 -0.48303401470184326 1.4903199672698975 0.0 0.0 0.0 1.0
-0.8255620002746582 0.27778899669647217 -0.4912030100822449 3.3940858840942383 0.5642439723014832 0.3929640054702759 -0.7260910272598267 5.664089202880859 -0.008674999698996544 -0.8765919804573059 -0.48115700483322144 1.4879839420318604 0.0 0.0 0.0 1.0
-0.8333690166473389 0.27588799595832825 -0.4789380133152008 3.385891914367676 0.5525599718093872 0.3952609896659851 -0.733788013458252 5.667612075805664 -0.013137999922037125 -0.8761590123176575 -0.4818440079689026 1.4865479469299316 0.0 0.0 0.0 1.0
-0.8419470191001892 0.27029600739479065 -0.4669739902019501 3.3800859451293945 0.5393760204315186 0.3990370035171509 -0.7415140271186829 5.674441814422607 -0.014088000170886517 -0.8761900067329407 -0.4817599952220917 1.4816910028457642 0.0 0.0 0.0 1.0
-0.851688027381897 0.2623000144958496 -0.45368000864982605 3.3673739433288574 0.5239350199699402 0.4081920087337494 -0.7475770115852356 5.682095050811768 -0.01090100035071373 -0.8744019865989685 -0.4850809872150421 1.4839539527893066 0.0 0.0 0.0 1.0
-0.8699079751968384 0.24318599700927734 -0.42909300327301025 3.3588929176330566 0.49320900440216064 0.4248589873313904 -0.7591050267219543 5.688126087188721 -0.002300000051036477 -0.8719840049743652 -0.4895299971103668 1.479416012763977 0.0 0.0 0.0 1.0
-0.8840469717979431 0.23276899755001068 -0.40531298518180847 3.3420019149780273 0.46739301085472107 0.4436509907245636 -0.7646679878234863 5.700532913208008 0.0018269999418407679 -0.865444004535675 -0.5010039806365967 1.4913369417190552 0.0 0.0 0.0 1.0
-0.8955360054969788 0.22221499681472778 -0.38553300499916077 3.3316590785980225 0.44498398900032043 0.4514339864253998 -0.7734320163726807 5.712870121002197 0.0021750000305473804 -0.864192008972168 -0.5031570196151733 1.4885250329971313 0.0 0.0 0.0 1.0
-0.9141910076141357 0.2077769935131073 -0.3479689955711365 3.31364107131958 0.40525200963020325 0.47912299633026123 -0.7785959839820862 5.717409133911133 0.004945000167936087 -0.8528010249137878 -0.522212028503418 1.4903819561004639 0.0 0.0 0.0 1.0
-0.9217579960823059 0.19909299910068512 -0.332751989364624 3.3068881034851074 0.3876979947090149 0.4891290068626404 -0.7813079953193665 5.720180988311768 0.007205999922007322 -0.8491849899291992 -0.5280470252037048 1.4894839525222778 0.0 0.0 0.0 1.0
-0.9288910031318665 0.1925559937953949 -0.3163590133190155 3.2975571155548096 0.3703089952468872 0.49602198600769043 -0.7853879928588867 5.722075939178467 0.005690000019967556 -0.8466899991035461 -0.5320559740066528 1.4896739721298218 0.0 0.0 0.0 1.0
-0.9354709982872009 0.18584899604320526 -0.300588995218277 3.292083978652954 0.3533860146999359 0.5000889897346497 -0.7905870079994202 5.722733020782471 0.0033919999841600657 -0.8457959890365601 -0.5334960222244263 1.4908519983291626 0.0 0.0 0.0 1.0
-0.9425410032272339 0.17931999266147614 -0.2818860113620758 3.2833480834960938 0.3340829908847809 0.5010259747505188 -0.7983490228652954 5.726998805999756 -0.0019280000124126673 -0.846651017665863 -0.5321459770202637 1.488345980644226 0.0 0.0 0.0 1.0
-0.9492689967155457 0.17381399869918823 -0.26206299662590027 3.2767388820648193 0.3143700063228607 0.5040389895439148 -0.8044350147247314 5.725868225097656 -0.0077320002019405365 -0.8460100293159485 -0.5331109762191772 1.4859700202941895 0.0 0.0 0.0 1.0
-0.9561790227890015 0.1666640043258667 -0.24071800708770752 3.26882004737854 0.2925510108470917 0.5111150145530701 -0.8081920146942139 5.725741863250732 -0.011661999858915806 -0.8431990146636963 -0.5374749898910522 1.4863300323486328 0.0 0.0 0.0 1.0
-0.9620620012283325 0.1589049994945526 -0.221778005361557 3.261544942855835 0.2724890112876892 0.5189939737319946 -0.8101819753646851 5.722972869873047 -0.013640999794006348 -0.8398780226707458 -0.5426049828529358 1.4867299795150757 0.0 0.0 0.0 1.0
-0.9677579998970032 0.15062899887561798 -0.20187799632549286 3.2491719722747803 0.25137099623680115 0.5265870094299316 -0.8121070265769958 5.719089031219482 -0.016019999980926514 -0.8366699814796448 -0.5474730134010315 1.4909820556640625 0.0 0.0 0.0 1.0
-0.972432017326355 0.1420069932937622 -0.1849599927663803 3.2463901042938232 0.23248299956321716 0.5288469791412354 -0.8162549734115601 5.7147369384765625 -0.018099000677466393 -0.8367530107498169 -0.5472819805145264 1.4934109449386597 0.0 0.0 0.0 1.0
-0.977541983127594 0.13414999842643738 -0.1625259965658188 3.239362955093384 0.2093539983034134 0.5299239754676819 -0.8217980265617371 5.70668888092041 -0.024118000641465187 -0.8373680114746094 -0.5461080074310303 1.495816946029663 0.0 0.0 0.0 1.0
-0.9821950197219849 0.12574300169944763 -0.1395760029554367 3.235491991043091 0.18542300164699554 0.5295150279998779 -0.8277869820594788 5.70552921295166 -0.030181000009179115 -0.8389289975166321 -0.5434030294418335 1.494426965713501 0.0 0.0 0.0 1.0
-0.9864820241928101 0.11477299779653549 -0.11696399748325348 3.2278010845184326 0.16045700013637543 0.5316159725189209 -0.8316479921340942 5.700891971588135 -0.033270999789237976 -0.8391730189323425 -0.5428460240364075 1.4928170442581177 0.0 0.0 0.0 1.0
-0.9896780252456665 0.10266800224781036 -0.09998500347137451 3.2236320972442627 0.13976000249385834 0.5371320247650146 -0.8318390250205994 5.690988063812256 -0.03169799968600273 -0.8372269868850708 -0.5459370017051697 1.496546983718872 0.0 0.0 0.0 1.0
-0.9924880266189575 0.09098999947309494 -0.08178099989891052 3.2131989002227783 0.11816199868917465 0.5397359728813171 -0.8335000276565552 5.679779052734375 -0.031700000166893005 -0.8369029760360718 -0.5464329719543457 1.4984639883041382 0.0 0.0 0.0 1.0
-0.9944450259208679 0.08194100111722946 -0.06605999916791916 3.207158088684082 0.09993399679660797 0.5380589962005615 -0.8369619846343994 5.666706085205078 -0.033038001507520676 -0.8389149904251099 -0.5432599782943726 1.5001469850540161 0.0 0.0 0.0 1.0
-0.9961259961128235 0.0719200000166893 -0.05060100182890892 3.201220989227295 0.0812549963593483 0.5327510237693787 -0.8423619866371155 5.655941963195801 -0.03362499922513962 -0.8432109951972961 -0.5365309715270996 1.5018830299377441 0.0 0.0 0.0 1.0
-0.9973139762878418 0.06372799724340439 -0.03609500080347061 3.19337797164917 0.06426700204610825 0.5251079797744751 -0.8486049771308899 5.6464152336120605 -0.03512600064277649 -0.8486459851264954 -0.5277940034866333 1.4975889921188354 0.0 0.0 0.0 1.0
-0.998412013053894 0.05356299877166748 -0.017448000609874725 3.1706130504608154 0.042892999947071075 0.5220460295677185 -0.8518379926681519 5.638956069946289 -0.03651899844408035 -0.8512340188026428 -0.523514986038208 1.490494966506958 0.0 0.0 0.0 1.0
-0.9992150068283081 0.039087001234292984 -0.006552999839186668 3.16001296043396 0.02606699988245964 0.5236039757728577 -0.8515639901161194 5.623349189758301 -0.029853999614715576 -0.8510649800300598 -0.5242109894752502 1.487962007522583 0.0 0.0 0.0 1.0
-0.9997410178184509 0.022718999534845352 0.001484000007621944 3.1467180252075195 0.0106819998472929 0.5256239771842957 -0.8506500124931335 5.608767032623291 -0.02010500058531761 -0.850413978099823 -0.5257310271263123 1.4856539964675903 0.0 0.0 0.0 1.0
-0.9999439716339111 0.009596000425517559 0.00445799995213747 3.1423768997192383 0.0012860000133514404 0.5284240245819092 -0.8489800095558167 5.595043182373047 -0.010502999648451805 -0.8489260077476501 -0.5284069776535034 1.4834500551223755 0.0 0.0 0.0 1.0
-0.9998769760131836 -5.8000001445179805e-05 0.01570500060915947 3.133012056350708 -0.01333099976181984 0.5317720174789429 -0.8467829823493958 5.577433109283447 -0.008302000351250172 -0.84688800573349 -0.5317069888114929 1.4825700521469116 0.0 0.0 0.0 1.0
-0.9993640184402466 -0.01135099958628416 0.03379800170660019 3.1258180141448975 -0.03466000035405159 0.5315409898757935 -0.8463230133056641 5.560293197631836 -0.008357999846339226 -0.8469560146331787 -0.5315970182418823 1.4835209846496582 0.0 0.0 0.0 1.0
-0.9984689950942993 -0.022607000544667244 0.05049600079655647 3.119399070739746 -0.05480000004172325 0.5296990275382996 -0.8464140295982361 5.547725200653076 -0.007612999994307756 -0.847885012626648 -0.5301259756088257 1.4832600355148315 0.0 0.0 0.0 1.0
-0.9972609877586365 -0.0364530012011528 0.06435900181531906 3.1072850227355957 -0.07388400286436081 0.5317990183830261 -0.843641996383667 5.535318851470947 -0.0034719998948276043 -0.8460860252380371 -0.5330359935760498 1.4768760204315186 0.0 0.0 0.0 1.0
-0.9959790110588074 -0.05241600051522255 0.07265099883079529 3.0985779762268066 -0.0894870012998581 0.544031023979187 -0.8342800140380859 5.520229816436768 0.0042050001211464405 -0.837427020072937 -0.54653400182724 1.4762400388717651 0.0 0.0 0.0 1.0
-0.9942619800567627 -0.06813099980354309 0.08247800171375275 3.0910630226135254 -0.10647200047969818 0.5552669763565063 -0.8248289823532104 5.500500202178955 0.01039899978786707 -0.8288769721984863 -0.5593349933624268 1.48055100440979 0.0 0.0 0.0 1.0
-0.9918109774589539 -0.08476299792528152 0.09553299844264984 3.086225986480713 -0.12668199837207794 0.5579149723052979 -0.8201720118522644 5.484854221343994 0.016220999881625175 -0.8255580067634583 -0.564083993434906 1.4852579832077026 0.0 0.0 0.0 1.0
-0.9892070293426514 -0.09670200198888779 0.11008299887180328 3.0812110900878906 -0.14538800716400146 0.5543919801712036 -0.8194590210914612 5.472109794616699 0.01821500062942505 -0.826619029045105 -0.5624669790267944 1.4859189987182617 0.0 0.0 0.0 1.0
-0.9864420294761658 -0.107014000415802 0.1244179978966713 3.0701839923858643 -0.16301900148391724 0.5517160296440125 -0.8179450035095215 5.456610202789307 0.018888000398874283 -0.8271380066871643 -0.5616809725761414 1.4887230396270752 0.0 0.0 0.0 1.0
-0.9843999743461609 -0.11436600238084793 0.13370700180530548 3.0606460571289062 -0.17478199303150177 0.5483490228652954 -0.8177800178527832 5.443159103393555 0.020207999274134636 -0.8283920288085938 -0.5597839951515198 1.4889960289001465 0.0 0.0 0.0 1.0
-0.9830960035324097 -0.1169549971818924 0.1408649981021881 3.0515129566192627 -0.18214499950408936 0.546746015548706 -0.8172469735145569 5.42848014831543 0.018564000725746155 -0.8290899991989136 -0.5588070154190063 1.4911580085754395 0.0 0.0 0.0 1.0
-0.9817579984664917 -0.1169700026512146 0.1498979926109314 3.0438520908355713 -0.18960300087928772 0.5433400273323059 -0.8178219795227051 5.414978981018066 0.014214999973773956 -0.8313239812850952 -0.5556060075759888 1.4936280250549316 0.0 0.0 0.0 1.0
-0.979544997215271 -0.11832000315189362 0.16276399791240692 3.0341060161590576 -0.20100699365139008 0.5376620292663574 -0.8188499808311462 5.4031782150268555 0.009374000132083893 -0.8348169922828674 -0.5504469871520996 1.4933520555496216 0.0 0.0 0.0 1.0
-0.9770140051841736 -0.12067099660634995 0.17573100328445435 3.0254130363464355 -0.21311600506305695 0.5337889790534973 -0.8183220028877258 5.39131498336792 0.00494399992749095 -0.8369629979133606 -0.547236979007721 1.4937059879302979 0.0 0.0 0.0 1.0
-0.9744880199432373 -0.12281599640846252 0.1878570020198822 3.0174059867858887 -0.22443999350070953 0.5303969979286194 -0.8174999952316284 5.378559112548828 0.0007639999967068434 -0.8388059735298157 -0.5444300174713135 1.4929039478302002 0.0 0.0 0.0 1.0
-0.9712049961090088 -0.127033993601799 0.20155400037765503 3.0048530101776123 -0.2382269948720932 0.528689980506897 -0.8146989941596985 5.368861198425293 -0.003065000055357814 -0.8392549753189087 -0.5437290072441101 1.4897090196609497 0.0 0.0 0.0 1.0
-0.9670299887657166 -0.13582299649715424 0.21541699767112732 2.9944570064544678 -0.25462400913238525 0.5302289724349976 -0.8087170124053955 5.355384826660156 -0.004377999808639288 -0.8369050025939941 -0.5473319888114929 1.492110013961792 0.0 0.0 0.0 1.0
-0.9630550146102905 -0.1439789980649948 0.22758600115776062 2.9888839721679688 -0.26927798986434937 0.5269190073013306 -0.8061299920082092 5.345579147338867 -0.003854000009596348 -0.8376309871673584 -0.546222984790802 1.4907209873199463 0.0 0.0 0.0 1.0
-0.9578179717063904 -0.15375399589538574 0.2427860051393509 2.9744789600372314 -0.2873539924621582 0.5230309963226318 -0.8024129867553711 5.335153102874756 -0.0036100000143051147 -0.8383299708366394 -0.5451509952545166 1.4885809421539307 0.0 0.0 0.0 1.0
-0.9530439972877502 -0.16314899921417236 0.2551259994506836 2.964060068130493 -0.3028219938278198 0.5201799869537354 -0.7985680103302002 5.320941925048828 -0.002426000079140067 -0.838329017162323 -0.5451599955558777 1.4891749620437622 0.0 0.0 0.0 1.0
-0.9481019973754883 -0.17287300527095795 0.266865998506546 2.9541449546813965 -0.3179660141468048 0.5141119956970215 -0.7966089844703674 5.309821128845215 0.0005130000063218176 -0.8401209712028503 -0.5423979759216309 1.4901219606399536 0.0 0.0 0.0 1.0
-0.9423609972000122 -0.18328100442886353 0.27993500232696533 2.940293073654175 -0.3345690071582794 0.5052859783172607 -0.7954559922218323 5.299901962280273 0.00434499979019165 -0.8432639837265015 -0.5374820232391357 1.48854398727417 0.0 0.0 0.0 1.0
-0.9372810125350952 -0.1935809999704361 0.28988000750541687 2.926578998565674 -0.3484500050544739 0.4982079863548279 -0.7939590215682983 5.291569232940674 0.009274999611079693 -0.8451719880104065 -0.5344139933586121 1.486644983291626 0.0 0.0 0.0 1.0
-0.9328280091285706 -0.20238499343395233 0.29811400175094604 2.91552996635437 -0.36009299755096436 0.4941459894180298 -0.791297972202301 5.281266212463379 0.012834999710321426 -0.8454939723014832 -0.533831000328064 1.4874529838562012 0.0 0.0 0.0 1.0
-0.9274349808692932 -0.21166899800300598 0.30831798911094666 2.9047279357910156 -0.37362799048423767 0.4885140061378479 -0.7885149717330933 5.273001194000244 0.016286000609397888 -0.8464930057525635 -0.5321509838104248 1.4889869689941406 0.0 0.0 0.0 1.0
-0.9207820296287537 -0.21933799982070923 0.3225710093975067 2.8900060653686523 -0.3897539973258972 0.48362499475479126 -0.7837079763412476 5.264625072479248 0.015893999487161636 -0.8473470211029053 -0.530800998210907 1.4881689548492432 0.0 0.0 0.0 1.0
-0.9122560024261475 -0.22943399846553802 0.33933600783348083 2.8735830783843994 -0.409400999546051 0.48359501361846924 -0.7736449837684631 5.2472968101501465 0.013399000279605389 -0.8446869850158691 -0.5350930094718933 1.4946119785308838 0.0 0.0 0.0 1.0
-0.9061409831047058 -0.23584899306297302 0.3511190116405487 2.862924098968506 -0.422758013010025 0.47824299335479736 -0.7697799801826477 5.23852014541626 0.013632000423967838 -0.8459669947624207 -0.5330619812011719 1.4959609508514404 0.0 0.0 0.0 1.0
-0.8988379836082458 -0.2416439950466156 0.3656480014324188 2.8480169773101807 -0.4381349980831146 0.4738610088825226 -0.763867974281311 5.227705001831055 0.01131800003349781 -0.846796989440918 -0.5317969918251038 1.4989449977874756 0.0 0.0 0.0 1.0
-0.8919289708137512 -0.24970200657844543 0.3769780099391937 2.8378639221191406 -0.45194798707962036 0.4658069908618927 -0.7607679963111877 5.217978000640869 0.014367000199854374 -0.848924994468689 -0.5283190011978149 1.503972053527832 0.0 0.0 0.0 1.0
-0.884460985660553 -0.25801700353622437 0.38878899812698364 2.8231399059295654 -0.46616798639297485 0.4521369934082031 -0.7604339718818665 5.209305763244629 0.02041899971663952 -0.8538150191307068 -0.5201770067214966 1.5050009489059448 0.0 0.0 0.0 1.0
-0.8790130019187927 -0.26521798968315125 0.39622798562049866 2.8095030784606934 -0.4760420024394989 0.44137701392173767 -0.7606379985809326 5.206006050109863 0.02684899978339672 -0.8572319746017456 -0.5142300128936768 1.5029590129852295 0.0 0.0 0.0 1.0
-0.8734539747238159 -0.2733519971370697 0.40293601155281067 2.799448013305664 -0.4859359860420227 0.4371269941329956 -0.7568269968032837 5.196585178375244 0.03074599988758564 -0.8568540215492249 -0.5146409869194031 1.504017949104309 0.0 0.0 0.0 1.0
-0.8674740195274353 -0.2810029983520508 0.4105199873447418 2.7916529178619385 -0.49639201164245605 0.43429499864578247 -0.7516530156135559 5.188981056213379 0.032930001616477966 -0.8558189868927002 -0.5162270069122314 1.5070559978485107 0.0 0.0 0.0 1.0
-0.8607119917869568 -0.28601300716400146 0.42115598917007446 2.7831809520721436 -0.5081009864807129 0.4309769868850708 -0.7457169890403748 5.1801958084106445 0.031776998192071915 -0.8558369874954224 -0.5162699818611145 1.51078200340271 0.0 0.0 0.0 1.0
-0.8555799722671509 -0.2853899896144867 0.43189799785614014 2.775455951690674 -0.5169709920883179 0.42764800786972046 -0.7415249943733215 5.169925212860107 0.026923000812530518 -0.8577119708061218 -0.5134249925613403 1.5134940147399902 0.0 0.0 0.0 1.0
-0.851252019405365 -0.28326401114463806 0.4417380094528198 2.7652978897094727 -0.5243909955024719 0.42772001028060913 -0.7362539768218994 5.158050060272217 0.019613999873399734 -0.8583809733390808 -0.5126379728317261 1.519858956336975 0.0 0.0 0.0 1.0
-0.847756028175354 -0.28046900033950806 0.4501650035381317 2.761044979095459 -0.5301640033721924 0.42346200346946716 -0.7345799803733826 5.151762008666992 0.01539899967610836 -0.8614050149917603 -0.5076860189437866 1.5216569900512695 0.0 0.0 0.0 1.0
-0.842972993850708 -0.27748799324035645 0.4608660042285919 2.753878116607666 -0.5378640294075012 0.41885098814964294 -0.7316190004348755 5.142963886260986 0.009980999864637852 -0.8646180033683777 -0.502331018447876 1.5217880010604858 0.0 0.0 0.0 1.0
-0.8375290036201477 -0.2747330069541931 0.47230100631713867 2.7446229457855225 -0.546379029750824 0.41480201482772827 -0.7276059985160828 5.130619049072266 0.003986000083386898 -0.8674460053443909 -0.4975169897079468 1.521386981010437 0.0 0.0 0.0 1.0
-0.8336920142173767 -0.27310600876808167 0.4799700081348419 2.7370009422302246 -0.5522300004959106 0.4122009873390198 -0.7246609926223755 5.117893218994141 6.600000051548705e-05 -0.8691970109939575 -0.49446600675582886 1.521101951599121 0.0 0.0 0.0 1.0
-0.8312370181083679 -0.27135398983955383 0.48519399762153625 2.7294650077819824 -0.555912971496582 0.40999698638916016 -0.7230939865112305 5.105449199676514 -0.0027129999361932278 -0.8707870244979858 -0.49165400862693787 1.5210750102996826 0.0 0.0 0.0 1.0
-0.8298360109329224 -0.26739099621772766 0.48976999521255493 2.720592975616455 -0.5579599738121033 0.40908798575401306 -0.7220309972763062 5.091936111450195 -0.007294000126421452 -0.8724390268325806 -0.4886690080165863 1.5190390348434448 0.0 0.0 0.0 1.0
-0.8287889957427979 -0.2666560113430023 0.4919399917125702 2.7107419967651367 -0.5594890117645264 0.40910500288009644 -0.7208369970321655 5.07781982421875 -0.009038999676704407 -0.872655987739563 -0.48825201392173767 1.5174540281295776 0.0 0.0 0.0 1.0
-0.8291599750518799 -0.26505398750305176 0.4921790063381195 2.7038369178771973 -0.5589150190353394 0.4094589948654175 -0.721081018447876 5.063484191894531 -0.010401999577879906 -0.8729779720306396 -0.4876500070095062 1.5165959596633911 0.0 0.0 0.0 1.0
-0.8300970196723938 -0.2641730010509491 0.49107199907302856 2.697411060333252 -0.5575349926948547 0.4085189998149872 -0.7226809859275818 5.048418998718262 -0.009699000045657158 -0.8736850023269653 -0.48639601469039917 1.5153919458389282 0.0 0.0 0.0 1.0
-0.8303620219230652 -0.2647860050201416 0.4902929961681366 2.690061092376709 -0.5571730136871338 0.4065139889717102 -0.7240890264511108 5.033271789550781 -0.007583000231534243 -0.8744339942932129 -0.48508599400520325 1.5130549669265747 0.0 0.0 0.0 1.0
-0.8315010070800781 -0.26837700605392456 0.486395001411438 2.6868419647216797 -0.5555239915847778 0.4026220142841339 -0.7275230288505554 5.016820907592773 -0.0005830000154674053 -0.8751400113105774 -0.4838699996471405 1.5141170024871826 0.0 0.0 0.0 1.0
-0.833528995513916 -0.2678689956665039 0.4831939935684204 2.681241035461426 -0.5524560213088989 0.3966740071773529 -0.7331039905548096 4.999180793762207 0.004705000203102827 -0.8780069947242737 -0.478626012802124 1.5147910118103027 0.0 0.0 0.0 1.0
-0.8360919952392578 -0.267069011926651 0.47919198870658875 2.6779699325561523 -0.5484660267829895 0.3883509933948517 -0.7405200004577637 4.984831809997559 0.011675000190734863 -0.8819630146026611 -0.4711749851703644 1.5125099420547485 0.0 0.0 0.0 1.0
-0.8352259993553162 -0.26917898654937744 0.4795210063457489 2.6721320152282715 -0.5495989918708801 0.3793950080871582 -0.7443130016326904 4.971095085144043 0.018425999209284782 -0.8852130174636841 -0.4648210108280182 1.5067429542541504 0.0 0.0 0.0 1.0
-0.833083987236023 -0.2741920053958893 0.4804059863090515 2.667412042617798 -0.5526880025863647 0.37724798917770386 -0.7431150078773499 4.958209991455078 0.022523999214172363 -0.8845919966697693 -0.4658220112323761 1.4996999502182007 0.0 0.0 0.0 1.0
-0.8275189995765686 -0.2850100100040436 0.4837169945240021 2.668466091156006 -0.5608800053596497 0.38124600052833557 -0.7348920106887817 4.941248893737793 0.025035999715328217 -0.8794440031051636 -0.4753440022468567 1.500257968902588 0.0 0.0 0.0 1.0
-0.8197519779205322 -0.29490798711776733 0.4909540116786957 2.6666109561920166 -0.5721169710159302 0.3823859989643097 -0.7255780100822449 4.92329216003418 0.0262449998408556 -0.8756769895553589 -0.4821839928627014 1.5009249448776245 0.0 0.0 0.0 1.0
-0.8125280141830444 -0.30501800775527954 0.496751993894577 2.6622350215911865 -0.5821959972381592 0.38208499550819397 -0.7176769971847534 4.9029011726379395 0.029102999716997147 -0.8723390102386475 -0.4880349934101105 1.502689003944397 0.0 0.0 0.0 1.0
-0.8093850016593933 -0.31083300709724426 0.4982770085334778 2.661073923110962 -0.5863999724388123 0.38135001063346863 -0.7146379947662354 4.88615083694458 0.03211500123143196 -0.870606005191803 -0.49093198776245117 1.5038399696350098 0.0 0.0 0.0 1.0
-0.8054760098457336 -0.31454798579216003 0.5022640228271484 2.6521410942077637 -0.5917879939079285 0.3817810118198395 -0.7099509835243225 4.865344047546387 0.03155900165438652 -0.869081974029541 -0.49366098642349243 1.504173994064331 0.0 0.0 0.0 1.0
-0.807541012763977 -0.31435900926589966 0.49905499815940857 2.6521050930023193 -0.5889679789543152 0.38455501198768616 -0.7107980251312256 4.849503993988037 0.03153099864721298 -0.8679260015487671 -0.4956910014152527 1.5036280155181885 0.0 0.0 0.0 1.0
-0.8092150092124939 -0.311379998922348 0.49821001291275024 2.6537439823150635 -0.586883008480072 0.38917699456214905 -0.7100070118904114 4.8367109298706055 0.027191000059247017 -0.8669390082359314 -0.4976719915866852 1.5047039985656738 0.0 0.0 0.0 1.0
-0.8079450130462646 -0.3076910078525543 0.5025449991226196 2.64792799949646 -0.5889089703559875 0.39228999614715576 -0.70660799741745 4.8235859870910645 0.02027300000190735 -0.8668540120124817 -0.4981510043144226 1.5015530586242676 0.0 0.0 0.0 1.0
-0.8080499768257141 -0.30652400851249695 0.5030879974365234 2.6415278911590576 -0.5889269709587097 0.39885199069976807 -0.702908992767334 4.805414199829102 0.014800000004470348 -0.8642690181732178 -0.5028129816055298 1.5005580186843872 0.0 0.0 0.0 1.0
-0.8109009861946106 -0.30535900592803955 0.49919500946998596 2.637990951538086 -0.5850480198860168 0.40470001101493835 -0.7028059959411621 4.79081916809082 0.012582999654114246 -0.8619589805603027 -0.5068219900131226 1.5006519556045532 0.0 0.0 0.0 1.0
-0.814520001411438 -0.3021720051765442 0.4952259957790375 2.636352062225342 -0.580053985118866 0.4099529981613159 -0.7038999795913696 4.776586055755615 0.009680000133812428 -0.8605989813804626 -0.5091919898986816 1.5015250444412231 0.0 0.0 0.0 1.0
-0.8179939985275269 -0.29690098762512207 0.49268200993537903 2.635698080062866 -0.575203001499176 0.41433000564575195 -0.7053170204162598 4.762357234954834 0.005276999901980162 -0.8603379726409912 -0.5096979737281799 1.5038479566574097 0.0 0.0 0.0 1.0
-0.8197579979896545 -0.28929901123046875 0.494269996881485 2.6324501037597656 -0.5727109909057617 0.41422000527381897 -0.7074069976806641 4.751608848571777 -8.399999933317304e-05 -0.8629760146141052 -0.5052449703216553 1.5031030178070068 0.0 0.0 0.0 1.0
-0.8194260001182556 -0.2818390130996704 0.4991070032119751 2.627821922302246 -0.5731369853019714 0.4140799939632416 -0.7071430087089539 4.739033222198486 -0.007368999999016523 -0.8655089735984802 -0.5008400082588196 1.500859022140503 0.0 0.0 0.0 1.0
-0.8161739706993103 -0.2771730124950409 0.5069869756698608 2.62106990814209 -0.5776010155677795 0.41481301188468933 -0.7030699849128723 4.724483966827393 -0.015433000400662422 -0.8666639924049377 -0.4986549913883209 1.4983060359954834 0.0 0.0 0.0 1.0
-0.8164550065994263 -0.27430200576782227 0.5080940127372742 2.6193981170654297 -0.57710200548172 0.41636601090431213 -0.7025610208511353 4.713523864746094 -0.018838999792933464 -0.8668320178985596 -0.4982439875602722 1.4955919981002808 0.0 0.0 0.0 1.0
-0.8157569766044617 -0.27468499541282654 0.50900799036026 2.6182990074157715 -0.5780460238456726 0.41774100065231323 -0.700967013835907 4.701330184936523 -0.02008800022304058 -0.8660489916801453 -0.4995560050010681 1.4940749406814575 0.0 0.0 0.0 1.0
-0.8142880201339722 -0.2732430100440979 0.5121250152587891 2.615194082260132 -0.5799490213394165 0.41999301314353943 -0.6980429887771606 4.689119815826416 -0.0243539996445179 -0.8654159903526306 -0.5004630088806152 1.4927159547805786 0.0 0.0 0.0 1.0
-0.8119779825210571 -0.2711859941482544 0.5168660283088684 2.6098949909210205 -0.5829030275344849 0.422668993473053 -0.6939560174942017 4.675634860992432 -0.030271999537944794 -0.8647599816322327 -0.501272976398468 1.4910420179367065 0.0 0.0 0.0 1.0
-0.8098099827766418 -0.2693440020084381 0.5212110280990601 2.608191967010498 -0.585614025592804 0.42493098974227905 -0.6902819871902466 4.661150932312012 -0.035555001348257065 -0.8642259836196899 -0.5018460154533386 1.4899170398712158 0.0 0.0 0.0 1.0
-0.8061990141868591 -0.2667180001735687 0.5281130075454712 2.6056950092315674 -0.5901100039482117 0.4267280101776123 -0.6853269934654236 4.648356914520264 -0.04257199913263321 -0.8641560077667236 -0.5014209747314453 1.4874229431152344 0.0 0.0 0.0 1.0
