0.5895400047302246 0.43839800357818604 -0.6784170269966125 4.47028112411499 0.806850016117096 -0.35903000831604004 0.4691390097141266 2.635051965713501 -0.03790299966931343 -0.8239570260047913 -0.5653839707374573 1.4906920194625854 0.0 0.0 0.0 1.0
0.597009003162384 0.4392229914665222 -0.671314001083374 4.470883846282959 0.8014630079269409 -0.3632259964942932 0.4751040041446686 2.6361889839172363 -0.035162001848220825 -0.8216750025749207 -0.5688700079917908 1.4898500442504883 0.0 0.0 0.0 1.0
0.6070500016212463 0.4395799934864044 -0.662011981010437 4.470714092254639 0.793844997882843 -0.37325599789619446 0.48009398579597473 2.6382908821105957 -0.03606000170111656 -0.816976010799408 -0.575543999671936 1.489024043083191 0.0 0.0 0.0 1.0
0.6132310032844543 0.43862101435661316 -0.65693199634552 4.470839977264404 0.7890130281448364 -0.37961098551750183 0.48306700587272644 2.6403050422668457 -0.037494998425245285 -0.8145599961280823 -0.5788660049438477 1.4888789653778076 0.0 0.0 0.0 1.0
0.618323028087616 0.4382140040397644 -0.6524149775505066 4.472146034240723 0.7850750088691711 -0.3829520046710968 0.48683100938796997 2.643156051635742 -0.03650699928402901 -0.8132140040397644 -0.5808190107345581 1.4888869524002075 0.0 0.0 0.0 1.0
0.6228600144386292 0.4367220103740692 -0.6490910053253174 4.47213077545166 0.781499981880188 -0.38561999797821045 0.490464985370636 2.6441569328308105 -0.03610600158572197 -0.8127549886703491 -0.5814849734306335 1.4904539585113525 0.0 0.0 0.0 1.0
0.6248639822006226 0.43380001187324524 -0.649124026298523 4.471837043762207 0.779902994632721 -0.38517099618911743 0.493351012468338 2.6447219848632812 -0.03600800037384033 -0.8145310282707214 -0.5790010094642639 1.491750955581665 0.0 0.0 0.0 1.0
0.6238170266151428 0.4305649995803833 -0.6522769927978516 4.4726481437683105 0.7806519865989685 -0.3837060034275055 0.49330800771713257 2.644896984100342 -0.037882000207901 -0.8169350028038025 -0.5754839777946472 1.4926910400390625 0.0 0.0 0.0 1.0
0.6227779984474182 0.4272890090942383 -0.6554170250892639 4.474215984344482 0.781404972076416 -0.3818899989128113 0.4935239851474762 2.6452560424804688 -0.039420001208782196 -0.8195019960403442 -0.5717189908027649 1.4926669597625732 0.0 0.0 0.0 1.0
0.6228460073471069 0.4258829951286316 -0.656266987323761 4.475553035736084 0.7813420295715332 -0.381071001291275 0.49425700306892395 2.6453230381011963 -0.03958899900317192 -0.8206139802932739 -0.5701090097427368 1.4916269779205322 0.0 0.0 0.0 1.0
0.6248689889907837 0.4258350133895874 -0.654371976852417 4.474049091339111 0.7797229886054993 -0.38291698694229126 0.49538499116897583 2.6468710899353027 -0.03961800038814545 -0.8197799921035767 -0.5713070034980774 1.4921000003814697 0.0 0.0 0.0 1.0
0.6259580254554749 0.4286780059337616 -0.6514689922332764 4.4745659828186035 0.7790279984474182 -0.3822219967842102 0.49701300263404846 2.6490089893341064 -0.03594699874520302 -0.8186219930648804 -0.5732070207595825 1.4932329654693604 0.0 0.0 0.0 1.0
0.6272770166397095 0.43009400367736816 -0.6492630243301392 4.47376823425293 0.7781019806861877 -0.38131600618362427 0.4991550147533417 2.6498661041259766 -0.03289100155234337 -0.8183010220527649 -0.5738480091094971 1.4948810338974 0.0 0.0 0.0 1.0
0.6272259950637817 0.43034300208091736 -0.6491479873657227 4.4736552238464355 0.7781890034675598 -0.380297988653183 0.4997960031032562 2.651041030883789 -0.031785998493433 -0.8186439871788025 -0.5734210014343262 1.4967440366744995 0.0 0.0 0.0 1.0
0.626816987991333 0.42701900005340576 -0.6517329812049866 4.474792957305908 0.778473973274231 -0.37847501039505005 0.5007349848747253 2.6528539657592773 -0.03284100070595741 -0.8212260007858276 -0.5696579813957214 1.4981709718704224 0.0 0.0 0.0 1.0
0.6257740259170532 0.42583999037742615 -0.6535040140151978 4.475580215454102 0.7792779803276062 -0.3774639964103699 0.500245988368988 2.654705047607422 -0.03364900127053261 -0.822301983833313 -0.5680549740791321 1.499519944190979 0.0 0.0 0.0 1.0
0.6243460178375244 0.4242419898509979 -0.65590500831604 4.477075099945068 0.7803900241851807 -0.3757390081882477 0.4998120069503784 2.6566810607910156 -0.034407999366521835 -0.8239169716835022 -0.5656650066375732 1.5004210472106934 0.0 0.0 0.0 1.0
0.6241130232810974 0.42285600304603577 -0.6570199728012085 4.480097770690918 0.7805899977684021 -0.37414300441741943 0.5006970167160034 2.660038948059082 -0.03409700095653534 -0.8253539800643921 -0.5635849833488464 1.5006860494613647 0.0 0.0 0.0 1.0
0.6272929906845093 0.42204299569129944 -0.6545090079307556 4.483827114105225 0.7781400084495544 -0.3738049864768982 0.5047450065612793 2.6651570796966553 -0.03163500130176544 -0.8259230256080627 -0.5628949999809265 1.5015310049057007 0.0 0.0 0.0 1.0
0.633903980255127 0.4200659990310669 -0.6493920087814331 4.485918998718262 0.7728559970855713 -0.3758620023727417 0.5112929940223694 2.669990062713623 -0.029304999858140945 -0.8259980082511902 -0.5629109740257263 1.5039089918136597 0.0 0.0 0.0 1.0
0.6388239860534668 0.41659700870513916 -0.6467999815940857 4.489871978759766 0.7688379883766174 -0.3764289915561676 0.5169039964675903 2.6767640113830566 -0.028133999556303024 -0.8274949789047241 -0.5607669949531555 1.5058610439300537 0.0 0.0 0.0 1.0
0.6451039910316467 0.4105350077152252 -0.6444389820098877 4.497653007507324 0.7635930180549622 -0.3769179880619049 0.5242689847946167 2.685123920440674 -0.0276699997484684 -0.8302980065345764 -0.5566329956054688 1.5060540437698364 0.0 0.0 0.0 1.0
0.6541479825973511 0.4069559872150421 -0.6375550031661987 4.502036094665527 0.7560369968414307 -0.3766689896583557 0.5352839827537537 2.6913928985595703 -0.02230999991297722 -0.8321700096130371 -0.5540710091590881 1.5073100328445435 0.0 0.0 0.0 1.0
0.6626999974250793 0.40344300866127014 -0.6309220194816589 4.509313106536865 0.7486609816551208 -0.37749800086021423 0.5449789762496948 2.698848009109497 -0.018303999677300453 -0.8335040211677551 -0.5522099733352661 1.5094020366668701 0.0 0.0 0.0 1.0
0.6711859703063965 0.4006350040435791 -0.6236990094184875 4.516378879547119 0.7411749958992004 -0.37745100259780884 0.5551490187644958 2.706763982772827 -0.013004000298678875 -0.8348789811134338 -0.5502809882164001 1.5119359493255615 0.0 0.0 0.0 1.0
0.6790800094604492 0.3990519940853119 -0.6161230206489563 4.523495197296143 0.7340390086174011 -0.37606799602508545 0.5654720067977905 2.715667963027954 -0.006051999982446432 -0.8362600207328796 -0.54830002784729 1.5156869888305664 0.0 0.0 0.0 1.0
0.6888890266418457 0.3950369954109192 -0.6077640056610107 4.529979228973389 0.7248659729957581 -0.37607601284980774 0.5771790146827698 2.722886085510254 -0.0005590000073425472 -0.8381609916687012 -0.5454229712486267 1.5191090106964111 0.0 0.0 0.0 1.0
0.6979770064353943 0.3897320032119751 -0.6007800102233887 4.535314083099365 0.7161139845848083 -0.37646499276161194 0.5877540111541748 2.731964111328125 0.002893999917432666 -0.8404660224914551 -0.5418559908866882 1.5249660015106201 0.0 0.0 0.0 1.0
0.7067149877548218 0.38128501176834106 -0.5959659814834595 4.540737152099609 0.7074769735336304 -0.37435799837112427 0.5994430184364319 2.7388060092926025 0.00545400008559227 -0.8452680110931396 -0.5343149900436401 1.5301549434661865 0.0 0.0 0.0 1.0
0.713962972164154 0.3729749917984009 -0.5925760269165039 4.548419952392578 0.7001150250434875 -0.3684360086917877 0.6116319894790649 2.7435390949249268 0.00979700032621622 -0.8515539765357971 -0.5241760015487671 1.5332740545272827 0.0 0.0 0.0 1.0
0.7203440070152283 0.36670100688934326 -0.5887579917907715 4.550887107849121 0.6935009956359863 -0.3652369976043701 0.6210129857063293 2.751568078994751 0.012690000236034393 -0.8556470274925232 -0.5174040198326111 1.5363930463790894 0.0 0.0 0.0 1.0
0.7247380018234253 0.3606170117855072 -0.587119996547699 4.558650016784668 0.6888840198516846 -0.36205801367759705 0.6279749870300293 2.759316921234131 0.013887000270187855 -0.8595749735832214 -0.5108209848403931 1.5415070056915283 0.0 0.0 0.0 1.0
0.7273290157318115 0.35382500290870667 -0.5880470275878906 4.563752174377441 0.6860790252685547 -0.3536910116672516 0.6357660293579102 2.7621068954467773 0.01696299947798252 -0.8658580183982849 -0.5000020265579224 1.544888973236084 0.0 0.0 0.0 1.0
0.7275019884109497 0.3464699983596802 -0.5921990275382996 4.573078155517578 0.685899019241333 -0.34606799483299255 0.6401410102844238 2.764388084411621 0.01684900000691414 -0.871891975402832 -0.4894079864025116 1.5442509651184082 0.0 0.0 0.0 1.0
0.7310190200805664 0.3420490026473999 -0.5904340147972107 4.584217071533203 0.6821619868278503 -0.34568899869918823 0.644324004650116 2.770211935043335 0.016284000128507614 -0.8737859725952148 -0.48603901267051697 1.5454679727554321 0.0 0.0 0.0 1.0
0.7393969893455505 0.33721399307250977 -0.5827329754829407 4.592471122741699 0.6730549931526184 -0.34837499260902405 0.6524050235748291 2.7774600982666016 0.016990000382065773 -0.8745980262756348 -0.48455101251602173 1.5484689474105835 0.0 0.0 0.0 1.0
0.7492240071296692 0.3325839936733246 -0.5727580189704895 4.597830772399902 0.6619920134544373 -0.34893599152565 0.663332998752594 2.781337022781372 0.020757999271154404 -0.8761460185050964 -0.48159798979759216 1.5515010356903076 0.0 0.0 0.0 1.0
0.7568110227584839 0.3249090015888214 -0.5671600103378296 4.607748031616211 0.6533210277557373 -0.34918999671936035 0.6717420220375061 2.787087917327881 0.020207999274134636 -0.8789200186729431 -0.47654101252555847 1.5518039464950562 0.0 0.0 0.0 1.0
0.7634699940681458 0.31714800000190735 -0.5626109838485718 4.617077827453613 0.6456040143966675 -0.35107898712158203 0.6781870126724243 2.79075288772583 0.01756500080227852 -0.8809999823570251 -0.47279098629951477 1.5506349802017212 0.0 0.0 0.0 1.0
0.770350992679596 0.3110089898109436 -0.55662602186203 4.6278300285339355 0.6374379992485046 -0.35483598709106445 0.6839330196380615 2.7947230339050293 0.015197999775409698 -0.8816829919815063 -0.47159698605537415 1.5473400354385376 0.0 0.0 0.0 1.0
0.7795689702033997 0.3085800111293793 -0.5450230240821838 4.626787185668945 0.6261399984359741 -0.3633269965648651 0.6898859739303589 2.7943849563598633 0.01486399956047535 -0.879073977470398 -0.4764530062675476 1.5475859642028809 0.0 0.0 0.0 1.0
0.784654974937439 0.30651798844337463 -0.5388540029525757 4.637080192565918 0.6198179721832275 -0.37114399671554565 0.691431999206543 2.8012518882751465 0.0119439996778965 -0.8765270113945007 -0.4812049865722656 1.5479170083999634 0.0 0.0 0.0 1.0
0.7905889749526978 0.30252501368522644 -0.532397985458374 4.643613815307617 0.6122840046882629 -0.3780510127544403 0.6943960189819336 2.805666923522949 0.008798000402748585 -0.8749600052833557 -0.48411500453948975 1.5482540130615234 0.0 0.0 0.0 1.0
0.7965289950370789 0.2960300147533417 -0.5271689891815186 4.649721145629883 0.6045870184898376 -0.38437798619270325 0.6976590156555176 2.8080549240112305 0.0038960000965744257 -0.874426007270813 -0.4851439893245697 1.5467040538787842 0.0 0.0 0.0 1.0
0.8012139797210693 0.28963300585746765 -0.5236120223999023 4.660988807678223 0.598376989364624 -0.38978099822998047 0.7000110149383545 2.8117899894714355 -0.001348000019788742 -0.874176025390625 -0.4856080114841461 1.5436689853668213 0.0 0.0 0.0 1.0
0.8056439757347107 0.28571900725364685 -0.5189430117607117 4.669064998626709 0.5923730134963989 -0.396806001663208 0.701170027256012 2.8191308975219727 -0.005582000128924847 -0.8723009824752808 -0.48893699049949646 1.5421350002288818 0.0 0.0 0.0 1.0
0.809332013130188 0.2832759916782379 -0.5145249962806702 4.679710865020752 0.5872880220413208 -0.4031670093536377 0.7018179893493652 2.8238580226898193 -0.00863100029528141 -0.8701789975166321 -0.4926609992980957 1.5386300086975098 0.0 0.0 0.0 1.0
0.8127049803733826 0.28382501006126404 -0.5088739991188049 4.686913967132568 0.582610011100769 -0.4088220000267029 0.7024459838867188 2.829056978225708 -0.008666999638080597 -0.8673570156097412 -0.49761098623275757 1.537423014640808 0.0 0.0 0.0 1.0
0.8161320090293884 0.2826550006866455 -0.504019021987915 4.6946001052856445 0.5777850151062012 -0.41368699073791504 0.7035819888114929 2.832737922668457 -0.009634999558329582 -0.8654299974441528 -0.5009369850158691 1.5365769863128662 0.0 0.0 0.0 1.0
0.8182039856910706 0.28102099895477295 -0.501567006111145 4.702770233154297 0.5748119950294495 -0.4174000024795532 0.703823983669281 2.836777925491333 -0.011563999578356743 -0.8641780018806458 -0.5030519962310791 1.5352829694747925 0.0 0.0 0.0 1.0
0.8192009925842285 0.27806898951530457 -0.5015850067138672 4.7073588371276855 0.5733270049095154 -0.41893699765205383 0.704122006893158 2.8396430015563965 -0.014337999746203423 -0.8643900156021118 -0.5026180148124695 1.5311039686203003 0.0 0.0 0.0 1.0
0.819674015045166 0.2747879922389984 -0.5026180148124695 4.7151899337768555 0.5725569725036621 -0.420087993144989 0.7040629982948303 2.8419480323791504 -0.01767599955201149 -0.8648800253868103 -0.5016670227050781 1.5276910066604614 0.0 0.0 0.0 1.0
0.8201959729194641 0.27300798892974854 -0.5027369856834412 4.722078800201416 0.5717229843139648 -0.42227599024772644 0.703432023525238 2.845180034637451 -0.020251000300049782 -0.8643779754638672 -0.5024340152740479 1.5241010189056396 0.0 0.0 0.0 1.0
0.8210129737854004 0.27432501316070557 -0.50068199634552 4.726931095123291 0.5705500245094299 -0.4253459870815277 0.702534019947052 2.8481359481811523 -0.020239999517798424 -0.8624539971351624 -0.5057309865951538 1.5232130289077759 0.0 0.0 0.0 1.0
0.820563018321991 0.2762010097503662 -0.5003889799118042 4.732158184051514 0.5712199807167053 -0.42630499601364136 0.7014070153236389 2.854346990585327 -0.01958799920976162 -0.8613809943199158 -0.5075820088386536 1.522637963294983 0.0 0.0 0.0 1.0
0.8197590112686157 0.2762170135974884 -0.501695990562439 4.736576080322266 0.5723659992218018 -0.42541199922561646 0.70101398229599 2.8607161045074463 -0.01979600079357624 -0.8618170022964478 -0.506833016872406 1.524148941040039 0.0 0.0 0.0 1.0
0.8195670247077942 0.27392300963401794 -0.5032659769058228 4.739089012145996 0.5725880265235901 -0.4241740107536316 0.701583981513977 2.8633780479431152 -0.021291999146342278 -0.8631590008735657 -0.5044839978218079 1.522657036781311 0.0 0.0 0.0 1.0
0.8190060257911682 0.2725850045681 -0.5049020051956177 4.742255210876465 0.5732709765434265 -0.4259360134601593 0.6999559998512268 2.8670690059661865 -0.024258000776171684 -0.8627139925956726 -0.5051090121269226 1.519834041595459 0.0 0.0 0.0 1.0
0.8173459768295288 0.2736299932003021 -0.5070229768753052 4.744152069091797 0.5755230188369751 -0.4287090003490448 0.6964060068130493 2.873560905456543 -0.02680799923837185 -0.8610079884529114 -0.5078840255737305 1.521456003189087 0.0 0.0 0.0 1.0
0.8159599900245667 0.27262699604034424 -0.509788990020752 4.7443318367004395 0.5773450136184692 -0.42959800362586975 0.6943479776382446 2.8806490898132324 -0.02970699965953827 -0.8608840107917786 -0.5079339742660522 1.5239510536193848 0.0 0.0 0.0 1.0
0.8066620230674744 0.26524800062179565 -0.5281479954719543 4.7478837966918945 0.589497983455658 -0.42505401372909546 0.6868919730186462 2.9121079444885254 -0.042295001447200775 -0.8654320240020752 -0.4992380142211914 1.5260930061340332 0.0 0.0 0.0 1.0
0.8060709834098816 0.26617300510406494 -0.5285850167274475 4.742599964141846 0.590499997138977 -0.4213170111179352 0.6883329749107361 2.915074110031128 -0.03948599845170975 -0.8669739961624146 -0.4967859983444214 1.5250740051269531 0.0 0.0 0.0 1.0
0.8032810091972351 0.26745399832725525 -0.5321729779243469 4.740664005279541 0.5943779945373535 -0.41718900203704834 0.6875090003013611 2.9219820499420166 -0.03813900053501129 -0.8685749769210815 -0.4940890073776245 1.5224109888076782 0.0 0.0 0.0 1.0
0.7994999885559082 0.26953598856925964 -0.536795973777771 4.740457057952881 0.5994979739189148 -0.41375601291656494 0.6851329803466797 2.9307661056518555 -0.03743499889969826 -0.8695729970932007 -0.4923839867115021 1.5200639963150024 0.0 0.0 0.0 1.0
0.7972909808158875 0.27276599407196045 -0.5384479761123657 4.73674201965332 0.6025440096855164 -0.4123019874095917 0.6833360195159912 2.9380979537963867 -0.03561199828982353 -0.8692560195922852 -0.49307799339294434 1.5175210237503052 0.0 0.0 0.0 1.0
0.7933719754219055 0.27743300795555115 -0.5418409705162048 4.733627796173096 0.6077280044555664 -0.41219401359558105 0.6787940263748169 2.950330972671509 -0.035023998469114304 -0.8678290247917175 -0.4956279993057251 1.5159720182418823 0.0 0.0 0.0 1.0
0.7889469861984253 0.2825399935245514 -0.5456500053405762 4.729457855224609 0.6135089993476868 -0.4116300046443939 0.6739199757575989 2.959434986114502 -0.03419699892401695 -0.8664479851722717 -0.49809500575065613 1.5131479501724243 0.0 0.0 0.0 1.0
0.7834780216217041 0.28810399770736694 -0.5505980253219604 4.725062847137451 0.6205189824104309 -0.4103879928588867 0.6682350039482117 2.9712719917297363 -0.03343699872493744 -0.8652039766311646 -0.5003039836883545 1.5112760066986084 0.0 0.0 0.0 1.0
0.7778440117835999 0.2929610013961792 -0.5559960007667542 4.723787784576416 0.6275879740715027 -0.4085969924926758 0.6627079844474792 2.9839870929718018 -0.033031001687049866 -0.8644199967384338 -0.5016829967498779 1.505929946899414 0.0 0.0 0.0 1.0
0.7732139825820923 0.30272701382637024 -0.5572220087051392 4.721344947814941 0.6334859728813171 -0.40880098938941956 0.6569460034370422 2.9958341121673584 -0.02891799993813038 -0.8609520196914673 -0.5078629851341248 1.5004470348358154 0.0 0.0 0.0 1.0
0.7655090093612671 0.31768500804901123 -0.5595290064811707 4.721381187438965 0.642920970916748 -0.41207000613212585 0.6456400156021118 3.0238800048828125 -0.02545499987900257 -0.8539760112762451 -0.5196890234947205 1.502851963043213 0.0 0.0 0.0 1.0
0.7632750272750854 0.3279919922351837 -0.55662602186203 4.7121758460998535 0.6458449959754944 -0.41026800870895386 0.643867015838623 3.035983085632324 -0.01718199998140335 -0.8509420156478882 -0.5249789953231812 1.5042979717254639 0.0 0.0 0.0 1.0
0.7580620050430298 0.3348050117492676 -0.559686005115509 4.707056999206543 0.6520969867706299 -0.4029949903488159 0.6421560049057007 3.051203966140747 -0.010553999803960323 -0.8517640233039856 -0.5238199830055237 1.5029059648513794 0.0 0.0 0.0 1.0
0.7528070211410522 0.3398880064487457 -0.5637000203132629 4.702147960662842 0.6581929922103882 -0.3990429937839508 0.6383939981460571 3.062613010406494 -0.007957999594509602 -0.8516110181808472 -0.5241140127182007 1.500020980834961 0.0 0.0 0.0 1.0
0.7440130114555359 0.3510270118713379 -0.5685279965400696 4.694037914276123 0.6681540012359619 -0.39578700065612793 0.6300179958343506 3.073765993118286 -0.0038620000705122948 -0.8486059904098511 -0.5290110111236572 1.500825047492981 0.0 0.0 0.0 1.0
0.7327719926834106 0.36181700229644775 -0.5763099789619446 4.684271812438965 0.6804730296134949 -0.39111000299453735 0.6196690201759338 3.0851550102233887 -0.0011940000113099813 -0.8462399840354919 -0.5328009724617004 1.5037280321121216 0.0 0.0 0.0 1.0
0.7193549871444702 0.37198400497436523 -0.5866469740867615 4.676228046417236 0.6946380138397217 -0.38238999247550964 0.6093080043792725 3.0967888832092285 0.0023240000009536743 -0.8458160161972046 -0.533469021320343 1.5068780183792114 0.0 0.0 0.0 1.0
0.7061370015144348 0.3817700147628784 -0.596340000629425 4.671558856964111 0.7080389857292175 -0.3722130060195923 0.6001160144805908 3.1114819049835205 0.007141000125557184 -0.8459960222244263 -0.533141016960144 1.5087080001831055 0.0 0.0 0.0 1.0
0.697501003742218 0.3923720121383667 -0.5996130108833313 4.665863037109375 0.7163410186767578 -0.36002999544143677 0.5976899862289429 3.12314510345459 0.018637999892234802 -0.8464170098304749 -0.5321930050849915 1.508991003036499 0.0 0.0 0.0 1.0
0.6919379830360413 0.4010629951953888 -0.6003090143203735 4.657976150512695 0.7213289737701416 -0.3493669927120209 0.598019003868103 3.129940986633301 0.030115000903606415 -0.8468120098114014 -0.5310389995574951 1.5100769996643066 0.0 0.0 0.0 1.0
0.6767449975013733 0.4156250059604645 -0.6076779961585999 4.650349140167236 0.7351580262184143 -0.337242990732193 0.5880550146102905 3.14833402633667 0.03947500139474869 -0.8447030186653137 -0.5337780117988586 1.5216039419174194 0.0 0.0 0.0 1.0
0.6602110266685486 0.4216029942035675 -0.6215890049934387 4.639159202575684 0.7500410079956055 -0.32655400037765503 0.5751529932022095 3.1601901054382324 0.039503999054431915 -0.8459389805793762 -0.5318139791488647 1.5355850458145142 0.0 0.0 0.0 1.0
0.642756998538971 0.4180459976196289 -0.6419510245323181 4.634468078613281 0.7652490139007568 -0.31159499287605286 0.5632960200309753 3.1643779277801514 0.03545499965548515 -0.853314995765686 -0.5201889872550964 1.5392789840698242 0.0 0.0 0.0 1.0
0.6251999735832214 0.41611599922180176 -0.6602820158004761 4.6346211433410645 0.7797629833221436 -0.2971850037574768 0.5510450005531311 3.169424057006836 0.033073000609874725 -0.8593770265579224 -0.5102710127830505 1.541862964630127 0.0 0.0 0.0 1.0
0.6115099787712097 0.41596099734306335 -0.6730769872665405 4.632990837097168 0.7904679775238037 -0.2836889922618866 0.5428439974784851 3.170032024383545 0.03485700115561485 -0.8640009760856628 -0.502282977104187 1.5436040163040161 0.0 0.0 0.0 1.0
0.5990769863128662 0.41706201434135437 -0.6834949851036072 4.629493236541748 0.7998480200767517 -0.2725580036640167 0.5347480177879333 3.1728270053863525 0.03673100098967552 -0.8670470118522644 -0.4968700110912323 1.5495460033416748 0.0 0.0 0.0 1.0
0.5865880250930786 0.41450199484825134 -0.6957740187644958 4.624899864196777 0.809158980846405 -0.2635819911956787 0.5251529812812805 3.174424886703491 0.03428399935364723 -0.8710409998893738 -0.490011990070343 1.5551120042800903 0.0 0.0 0.0 1.0
0.5694779753684998 0.4092940092086792 -0.7128620147705078 4.623391151428223 0.8215399980545044 -0.254177987575531 0.5103579759597778 3.1759519577026367 0.027692999690771103 -0.8762829899787903 -0.48100098967552185 1.558980941772461 0.0 0.0 0.0 1.0
0.5519750118255615 0.40294501185417175 -0.7300400137901306 4.623164176940918 0.8336269855499268 -0.24595700204372406 0.4945409893989563 3.175477981567383 0.019713999703526497 -0.88155597448349 -0.471668004989624 1.5619349479675293 0.0 0.0 0.0 1.0
0.5344930291175842 0.39931100606918335 -0.7448940277099609 4.627852916717529 0.8450819849967957 -0.2396170049905777 0.47793298959732056 3.1790120601654053 0.012354999780654907 -0.8849490284919739 -0.4655250012874603 1.563992977142334 0.0 0.0 0.0 1.0
0.5182870030403137 0.3960849940776825 -0.757955014705658 4.639156818389893 0.8552029728889465 -0.2374259978532791 0.4607129991054535 3.186336040496826 0.0025229998864233494 -0.8869869709014893 -0.46178799867630005 1.5595899820327759 0.0 0.0 0.0 1.0
0.5022379755973816 0.3990350067615509 -0.7671560049057007 4.638716220855713 0.8647300004959106 -0.23183000087738037 0.4455310106277466 3.186629056930542 -6.70000008540228e-05 -0.8871440291404724 -0.46149200201034546 1.5636069774627686 0.0 0.0 0.0 1.0
0.48061999678611755 0.39996299147605896 -0.7804059982299805 4.637925148010254 0.8769260048866272 -0.22143100202083588 0.42657798528671265 3.18776798248291 -0.0021909999195486307 -0.8893809914588928 -0.4571619927883148 1.568904995918274 0.0 0.0 0.0 1.0
0.4574289917945862 0.39792901277542114 -0.7952430248260498 4.642913818359375 0.8892430067062378 -0.20719300210475922 0.40782099962234497 3.1871840953826904 -0.0024850000627338886 -0.8937129974365234 -0.44863200187683105 1.5727720260620117 0.0 0.0 0.0 1.0
0.43526598811149597 0.3973599970340729 -0.8078659772872925 4.649125099182129 0.900301992893219 -0.1917549967765808 0.39075198769569397 3.1867098808288574 0.00035700001171790063 -0.8974040150642395 -0.44120800495147705 1.5730619430541992 0.0 0.0 0.0 1.0
0.41378599405288696 0.39991599321365356 -0.8178309798240662 4.654606819152832 0.9103720188140869 -0.17981700599193573 0.3726769983768463 3.189439058303833 0.001979999942705035 -0.8987399935722351 -0.4384779930114746 1.578037977218628 0.0 0.0 0.0 1.0
0.39215800166130066 0.4006119966506958 -0.8280829787254333 4.661438941955566 0.9198790192604065 -0.16503700613975525 0.355787992477417 3.189246892929077 0.005869000218808651 -0.9012619853019714 -0.4332349896430969 1.5790530443191528 0.0 0.0 0.0 1.0
0.36963599920272827 0.4014570116996765 -0.8379740118980408 4.669014930725098 0.9291390180587769 -0.1516129970550537 0.33721500635147095 3.1907970905303955 0.008329000324010849 -0.9032419919967651 -0.429051011800766 1.5825979709625244 0.0 0.0 0.0 1.0
0.34476301074028015 0.4013440012931824 -0.8485640287399292 4.678285121917725 0.9385899901390076 -0.13421399891376495 0.3178600072860718 3.1897690296173096 0.01368200033903122 -0.9060410261154175 -0.4229699969291687 1.5844850540161133 0.0 0.0 0.0 1.0
0.3153209984302521 0.4025450050830841 -0.8593779802322388 4.6916680335998535 0.9487299919128418 -0.11274699866771698 0.29529398679733276 3.1909749507904053 0.021976999938488007 -0.9084299802780151 -0.41745901107788086 1.5844199657440186 0.0 0.0 0.0 1.0
0.28698599338531494 0.409060001373291 -0.8662030100822449 4.707292079925537 0.9574530124664307 -0.09380599856376648 0.2729189991950989 3.1951370239257812 0.030385000631213188 -0.9076730012893677 -0.4185769855976105 1.5837290287017822 0.0 0.0 0.0 1.0
0.2574929893016815 0.41657400131225586 -0.8718739748001099 4.718457221984863 0.9654669761657715 -0.07390200346708298 0.24982500076293945 3.198101043701172 0.0396369993686676 -0.9060930013656616 -0.4212169945240021 1.5868250131607056 0.0 0.0 0.0 1.0
0.2325029969215393 0.41795098781585693 -0.8782129883766174 4.730114936828613 0.9713699817657471 -0.05447100102901459 0.23124299943447113 3.1958329677581787 0.04881099984049797 -0.9068350195884705 -0.4186500012874603 1.58707594871521 0.0 0.0 0.0 1.0
0.20577600598335266 0.4187780022621155 -0.8844659924507141 4.74619197845459 0.9768760204315186 -0.03428800031542778 0.21104100346565247 3.1948020458221436 0.05805300176143646 -0.9074410200119019 -0.4161500036716461 1.5848259925842285 0.0 0.0 0.0 1.0
0.18011300265789032 0.42140400409698486 -0.8888069987297058 4.764148235321045 0.9813460111618042 -0.015231999568641186 0.19164399802684784 3.1932809352874756 0.06722100079059601 -0.9067450165748596 -0.41628700494766235 1.5796740055084229 0.0 0.0 0.0 1.0
0.15492500364780426 0.4304549992084503 -0.8892160058021545 4.7768330574035645 0.9850090146064758 0.001816999982111156 0.17249499261379242 3.192823886871338 0.07586699724197388 -0.9026100039482117 -0.42372098565101624 1.5769670009613037 0.0 0.0 0.0 1.0
0.12889699637889862 0.4414919912815094 -0.8879579901695251 4.786932945251465 0.9883750081062317 0.015602000057697296 0.15123100578784943 3.191390037536621 0.08062200248241425 -0.8971289992332458 -0.434349000453949 1.5808210372924805 0.0 0.0 0.0 1.0
0.10083899646997452 0.4441869854927063 -0.8902410268783569 4.799160003662109 0.991549015045166 0.028535999357700348 0.1265529990196228 3.1893789768218994 0.08161699771881104 -0.8954790234565735 -0.43755701184272766 1.5817420482635498 0.0 0.0 0.0 1.0
0.07335499674081802 0.4451020061969757 -0.8924700021743774 4.814823150634766 0.9939919710159302 0.04026399925351143 0.1017799973487854 3.1852970123291016 0.08123700320720673 -0.894573986530304 -0.43947499990463257 1.578768014907837 0.0 0.0 0.0 1.0
0.04670799896121025 0.44935399293899536 -0.892130970954895 4.829259872436523 0.9957950115203857 0.04951599985361099 0.0770760029554367 3.1849160194396973 0.07880999892950058 -0.891979992389679 -0.44515201449394226 1.576990008354187 0.0 0.0 0.0 1.0
0.029418999329209328 0.4551270008087158 -0.8899409770965576 4.842610836029053 0.9964159727096558 0.057280998677015305 0.062233999371528625 3.1765410900115967 0.07930099964141846 -0.8885819911956787 -0.4518109858036041 1.5773539543151855 0.0 0.0 0.0 1.0
0.009925000369548798 0.4587000012397766 -0.8885350227355957 4.853507995605469 0.9967380166053772 0.06662999838590622 0.045531999319791794 3.176366090774536 0.08008900284767151 -0.886089026927948 -0.4565429985523224 1.5783309936523438 0.0 0.0 0.0 1.0
-0.007031000219285488 0.45967599749565125 -0.8880590200424194 4.8664422035217285 0.9972509741783142 0.06873100250959396 0.027681000530719757 3.1834800243377686 0.0737610012292862 -0.8854230046272278 -0.4588960111141205 1.5767170190811157 0.0 0.0 0.0 1.0
-0.019387999549508095 0.4621109962463379 -0.8866099715232849 4.8777971267700195 0.9973369836807251 0.07129599899053574 0.015351000241935253 3.181920051574707 0.0703049972653389 -0.8839520215988159 -0.46226200461387634 1.5742299556732178 0.0 0.0 0.0 1.0
-0.0315760001540184 0.4659779965877533 -0.8842319846153259 4.8866658210754395 0.9973430037498474 0.07279899716377258 0.0027489999774843454 3.179759979248047 0.065652996301651 -0.8817960023880005 -0.46703898906707764 1.5730459690093994 0.0 0.0 0.0 1.0
-0.04401399940252304 0.4694269895553589 -0.8818730115890503 4.896115779876709 0.9972010254859924 0.07404399663209915 -0.010355999693274498 3.175692081451416 0.06043599918484688 -0.8798609972000122 -0.47137200832366943 1.5715550184249878 0.0 0.0 0.0 1.0
-0.05724800005555153 0.47162899374961853 -0.8799359798431396 4.905770778656006 0.9969050288200378 0.07457900047302246 -0.024884000420570374 3.171602964401245 0.053888000547885895 -0.8786370158195496 -0.47443899512290955 1.5709830522537231 0.0 0.0 0.0 1.0
-0.0706000030040741 0.4719330072402954 -0.878803014755249 4.913074016571045 0.9964309930801392 0.07423800230026245 -0.040181998163461685 3.1698451042175293 0.0462770015001297 -0.8785030245780945 -0.475490003824234 1.57047700881958 0.0 0.0 0.0 1.0
-0.08267500251531601 0.4721829891204834 -0.8776149749755859 4.919165134429932 0.9957470297813416 0.07505399733781815 -0.053422000259160995 3.1662840843200684 0.04064299911260605 -0.8782989978790283 -0.47637999057769775 1.5705560445785522 0.0 0.0 0.0 1.0
-0.09536299854516983 0.4711480140686035 -0.8768839836120605 4.927657127380371 0.9947659969329834 0.07756700366735458 -0.06650599837303162 3.1627368927001953 0.036681998521089554 -0.8786370158195496 -0.47607898712158203 1.569200038909912 0.0 0.0 0.0 1.0
-0.10658600181341171 0.4687640070915222 -0.8768690228462219 4.937561988830566 0.9938340187072754 0.07733500003814697 -0.0794610008597374 3.1617560386657715 0.03056499920785427 -0.8799309730529785 -0.4741170108318329 1.5635210275650024 0.0 0.0 0.0 1.0
-0.11918800324201584 0.47007399797439575 -0.8745430111885071 4.945237159729004 0.9923329949378967 0.08541300147771835 -0.0893310010433197 3.1599230766296387 0.032705001533031464 -0.8784850239753723 -0.4766499996185303 1.5602469444274902 0.0 0.0 0.0 1.0
-0.1388310045003891 0.4764519929885864 -0.8681700229644775 4.959533214569092 0.9892190098762512 0.10797599703073502 -0.09893099963665009 3.1558480262756348 0.046606000512838364 -0.8725450038909912 -0.48630601167678833 1.5531820058822632 0.0 0.0 0.0 1.0
-0.14504000544548035 0.4829629957675934 -0.8635450005531311 4.966081142425537 0.9880470037460327 0.11675799638032913 -0.10064999759197235 3.151287078857422 0.05221499875187874 -0.8678209781646729 -0.49412500858306885 1.548887014389038 0.0 0.0 0.0 1.0
-0.15280799567699432 0.4923270046710968 -0.8568919897079468 4.970992088317871 0.9867010116577148 0.12462399899959564 -0.10435400158166885 3.147481918334961 0.05541300028562546 -0.8614420294761658 -0.5048230290412903 1.54784095287323 0.0 0.0 0.0 1.0
-0.16013899445533752 0.49900200963020325 -0.8516759872436523 4.9734930992126465 0.9854450225830078 0.1306779980659485 -0.10872600227594376 3.1420650482177734 0.057041000574827194 -0.8566910028457642 -0.5126659870147705 1.548619031906128 0.0 0.0 0.0 1.0
-0.16714100539684296 0.5010259747505188 -0.8491389751434326 4.9781951904296875 0.9843909740447998 0.13295100629329681 -0.11531700193881989 3.1360130310058594 0.05511600151658058 -0.8551589846611023 -0.5154269933700562 1.5470069646835327 0.0 0.0 0.0 1.0
-0.1746550053358078 0.5025579929351807 -0.8467180132865906 4.983735084533691 0.9833570122718811 0.13274000585079193 -0.12405399978160858 3.1309499740600586 0.05004899948835373 -0.8542929887771606 -0.5173770189285278 1.5449169874191284 0.0 0.0 0.0 1.0
-0.18290700018405914 0.5048310160636902 -0.8436170220375061 4.986876964569092 0.9822160005569458 0.13082300126552582 -0.13467000424861908 3.1263298988342285 0.042378999292850494 -0.8532469868659973 -0.5197820067405701 1.5441529750823975 0.0 0.0 0.0 1.0
-0.1912900060415268 0.5047929883003235 -0.8417789936065674 4.990520000457764 0.9808740019798279 0.12974999845027924 -0.1450909972190857 3.1208300590515137 0.03598000109195709 -0.8534330129623413 -0.5199580192565918 1.543666958808899 0.0 0.0 0.0 1.0
-0.1965930014848709 0.5043269991874695 -0.8408359885215759 4.996382236480713 0.9801350235939026 0.1240060031414032 -0.1547829955816269 3.1147029399871826 0.026208000257611275 -0.854561984539032 -0.5186870098114014 1.5384819507598877 0.0 0.0 0.0 1.0
-0.2067600041627884 0.50764000415802 -0.8363919854164124 4.9987688064575195 0.9782199859619141 0.12326700240373611 -0.1670050024986267 3.1076769828796387 0.018321000039577484 -0.8527050018310547 -0.5220710039138794 1.537742018699646 0.0 0.0 0.0 1.0
-0.21972599625587463 0.5090739727020264 -0.8322039842605591 5.0003252029418945 0.9754970073699951 0.12446299940347672 -0.18142400681972504 3.098634958267212 0.011219999752938747 -0.8516759872436523 -0.5239480137825012 1.5385229587554932 0.0 0.0 0.0 1.0
-0.23546600341796875 0.5069339871406555 -0.829200029373169 5.0050129890441895 0.9718620181083679 0.12831300497055054 -0.1975329965353012 3.0926640033721924 0.006260999944061041 -0.8523809909820557 -0.5228840112686157 1.5357340574264526 0.0 0.0 0.0 1.0
-0.24961499869823456 0.5057129859924316 -0.8258000016212463 5.010286808013916 0.9683359861373901 0.13411100208759308 -0.21056999266147614 3.084467887878418 0.004261000081896782 -0.852213978767395 -0.5231770277023315 1.5324289798736572 0.0 0.0 0.0 1.0
-0.262474000453949 0.5062389969825745 -0.8214799761772156 5.015921115875244 0.96492999792099 0.141292005777359 -0.22123700380325317 3.078610897064209 0.0040699997916817665 -0.8507400155067444 -0.5255709886550903 1.5278120040893555 0.0 0.0 0.0 1.0
-0.2740829885005951 0.5100889801979065 -0.8152830004692078 5.017568111419678 0.9617030024528503 0.14727599918842316 -0.23116199672222137 3.071686029434204 0.002157999901100993 -0.847419023513794 -0.5309209823608398 1.5262030363082886 0.0 0.0 0.0 1.0
-0.2867799997329712 0.5126199722290039 -0.8093069791793823 5.019211769104004 0.9579960107803345 0.15346400439739227 -0.24226300418376923 3.065155029296875 9.999999747378752e-06 -0.844789981842041 -0.5350990295410156 1.5258140563964844 0.0 0.0 0.0 1.0
-0.30042698979377747 0.5139939785003662 -0.8034629821777344 5.020932197570801 0.9537910223007202 0.15737800300121307 -0.2559579908847809 3.0600619316101074 -0.005113000050187111 -0.8432329893112183 -0.5375239849090576 1.5263140201568604 0.0 0.0 0.0 1.0
-0.3146960139274597 0.5127130150794983 -0.7988060116767883 5.020359039306641 0.9491469860076904 0.16171899437904358 -0.27012500166893005 3.0528039932250977 -0.009314999915659428 -0.8431919813156128 -0.5375319719314575 1.5303130149841309 0.0 0.0 0.0 1.0
-0.3301979899406433 0.5044220089912415 -0.7978270053863525 5.022322177886963 0.9437879920005798 0.16273599863052368 -0.2877179980278015 3.0499069690704346 -0.015296000055968761 -0.8479830026626587 -0.5298020243644714 1.5323660373687744 0.0 0.0 0.0 1.0
-0.34903600811958313 0.49414199590682983 -0.796239972114563 5.021714210510254 0.9369369745254517 0.16770899295806885 -0.30663201212882996 3.0450689792633057 -0.017983000725507736 -0.853052020072937 -0.5215160250663757 1.5367369651794434 0.0 0.0 0.0 1.0
-0.3663119971752167 0.4810349941253662 -0.7965049743652344 5.024843215942383 0.9303640127182007 0.17514100670814514 -0.32210099697113037 3.0404438972473145 -0.01544100046157837 -0.8590289950370789 -0.5116940140724182 1.5381829738616943 0.0 0.0 0.0 1.0
-0.37749600410461426 0.47078099846839905 -0.7974089980125427 5.027932167053223 0.9259470105171204 0.18179500102996826 -0.33101698756217957 3.0352540016174316 -0.010870999656617641 -0.8633170127868652 -0.5045459866523743 1.5397249460220337 0.0 0.0 0.0 1.0
-0.3852030038833618 0.46336299180984497 -0.7980679869651794 5.028584957122803 0.9228140115737915 0.18797600269317627 -0.33627399802207947 3.0312089920043945 -0.005799000151455402 -0.8660020232200623 -0.5000069737434387 1.5433050394058228 0.0 0.0 0.0 1.0
-0.38865599036216736 0.4575650095939636 -0.7997379899024963 5.026115894317627 0.9213759899139404 0.18971000611782074 -0.3392280042171478 3.027446985244751 -0.003501000115647912 -0.8687030076980591 -0.49532198905944824 1.5503920316696167 0.0 0.0 0.0 1.0
-0.39398300647735596 0.4470120072364807 -0.8030920028686523 5.025539875030518 0.9191150069236755 0.18962199985980988 -0.3453559875488281 3.0233519077301025 -0.002094999887049198 -0.8741989731788635 -0.4855639934539795 1.5573630332946777 0.0 0.0 0.0 1.0
-0.40282198786735535 0.4336099922657013 -0.8060500025749207 5.024755001068115 0.9152770042419434 0.18908600509166718 -0.35568898916244507 3.0200839042663574 -0.001816999982111156 -0.8810380101203918 -0.47304099798202515 1.5641779899597168 0.0 0.0 0.0 1.0
-0.4110710024833679 0.418285995721817 -0.8099730014801025 5.028042793273926 0.9116020202636719 0.1896899938583374 -0.36469000577926636 3.0180509090423584 0.0010989999864250422 -0.8882870078086853 -0.45928698778152466 1.5671800374984741 0.0 0.0 0.0 1.0
-0.41653698682785034 0.4063650071620941 -0.8132429718971252 5.02713680267334 0.9091060161590576 0.1908479928970337 -0.37027400732040405 3.014765977859497 0.004738999996334314 -0.8935570120811462 -0.4489240050315857 1.5714410543441772 0.0 0.0 0.0 1.0
-0.4190559983253479 0.40131300687789917 -0.8144569993019104 5.031908988952637 0.9079509973526001 0.18929900228977203 -0.37388598918914795 3.0165998935699463 0.004131000023335218 -0.8961660265922546 -0.4436990022659302 1.580610990524292 0.0 0.0 0.0 1.0
-0.424019992351532 0.394428014755249 -0.8152499794960022 5.026637077331543 0.9056500196456909 0.18676599860191345 -0.3806779980659485 3.0147130489349365 0.0021100000012665987 -0.8997470140457153 -0.4364069998264313 1.590762972831726 0.0 0.0 0.0 1.0
-0.4308289885520935 0.38298699259757996 -0.8171340227127075 5.024052143096924 0.9024339914321899 0.18335500359535217 -0.3898650109767914 3.0126171112060547 0.0005130000063218176 -0.9053739905357361 -0.4246149957180023 1.5975919961929321 0.0 0.0 0.0 1.0
-0.43912699818611145 0.36904099583625793 -0.8191310167312622 5.022240161895752 0.8984240293502808 0.18161700665950775 -0.3998120129108429 3.012890100479126 0.0012209999840706587 -0.9114949703216553 -0.4113079905509949 1.601444959640503 0.0 0.0 0.0 1.0
-0.4455850124359131 0.3574959933757782 -0.8207619786262512 5.020275115966797 0.8952320218086243 0.18160100281238556 -0.40691500902175903 3.0113840103149414 0.0035800000187009573 -0.9160879850387573 -0.4009610116481781 1.605455994606018 0.0 0.0 0.0 1.0
-0.4507319927215576 0.34663599729537964 -0.8226079940795898 5.016079902648926 0.8926290273666382 0.18265600502490997 -0.4121290147304535 3.0125091075897217 0.007395999971777201 -0.9200440049171448 -0.39174601435661316 1.6129909753799438 0.0 0.0 0.0 1.0
-0.45212799310684204 0.33625099062919617 -0.8261449933052063 5.010254859924316 0.8919060230255127 0.17992599308490753 -0.4148859977722168 3.009028911590576 0.009139000438153744 -0.9244250059127808 -0.3812539875507355 1.6231030225753784 0.0 0.0 0.0 1.0
-0.4549669921398163 0.3205449879169464 -0.8308159708976746 5.009513854980469 0.8904290199279785 0.17617399990558624 -0.4196400046348572 3.006819009780884 0.01185499969869852 -0.9307060241699219 -0.36557599902153015 1.6259020566940308 0.0 0.0 0.0 1.0
-0.46035099029541016 0.3074530065059662 -0.8327959775924683 5.00344181060791 0.8876519799232483 0.17243100702762604 -0.4270150065422058 3.005669116973877 0.012312999926507473 -0.9358100295066833 -0.35229000449180603 1.633931040763855 0.0 0.0 0.0 1.0
-0.46582600474357605 0.29391300678253174 -0.8346379995346069 4.994190216064453 0.8847799897193909 0.16867299377918243 -0.43441298604011536 3.011228084564209 0.013101000338792801 -0.9408320188522339 -0.33862099051475525 1.640604019165039 0.0 0.0 0.0 1.0
-0.4678640067577362 0.2811239957809448 -0.837897002696991 4.987917900085449 0.8836039900779724 0.16879500448703766 -0.43675199151039124 3.01267409324646 0.018650999292731285 -0.9447100162506104 -0.32737499475479126 1.6421730518341064 0.0 0.0 0.0 1.0
-0.4698750078678131 0.2711839973926544 -0.8400459885597229 4.978342056274414 0.882332980632782 0.1729460060596466 -0.43769699335098267 3.018744945526123 0.026587000116705894 -0.9468629956245422 -0.3205380141735077 1.6443630456924438 0.0 0.0 0.0 1.0
-0.47026699781417847 0.2675290107727051 -0.8409969806671143 4.9697418212890625 0.8820539712905884 0.173566997051239 -0.4380120038986206 3.0235109329223633 0.028788000345230103 -0.9477880001068115 -0.31759798526763916 1.6518759727478027 0.0 0.0 0.0 1.0
-0.4701539874076843 0.25922998785972595 -0.8436560034751892 4.961411952972412 0.8818519711494446 0.17690999805927277 -0.4370810091495514 3.023499011993408 0.03594600036740303 -0.9494749903678894 -0.3117769956588745 1.6526730060577393 0.0 0.0 0.0 1.0
-0.4674539864063263 0.24861200153827667 -0.8483380079269409 4.956679821014404 0.8825139999389648 0.18717800080776215 -0.43143200874328613 3.0247669219970703 0.051530998200178146 -0.950344979763031 -0.3069010078907013 1.6490010023117065 0.0 0.0 0.0 1.0
-0.4568620026111603 0.2426149994134903 -0.8558120131492615 4.9484710693359375 0.8865759968757629 0.20263400673866272 -0.4158399999141693 3.028762102127075 0.07252799719572067 -0.9487239718437195 -0.30767199397087097 1.6377910375595093 0.0 0.0 0.0 1.0
-0.43994998931884766 0.2540209889411926 -0.8613460063934326 4.935689926147461 0.894070029258728 0.21378600597381592 -0.39361700415611267 3.0261130332946777 0.08415699750185013 -0.9432759881019592 -0.3211680054664612 1.6452499628067017 0.0 0.0 0.0 1.0
-0.4308150112628937 0.2593050003051758 -0.8643829822540283 4.920213222503662 0.8980399966239929 0.2176550030708313 -0.38229599595069885 3.0220999717712402 0.08900599926710129 -0.9409499764442444 -0.3266350030899048 1.6592379808425903 0.0 0.0 0.0 1.0
-0.42965400218963623 0.2542780041694641 -0.8664519786834717 4.908030986785889 0.898872971534729 0.21199600398540497 -0.38351601362228394 3.018821954727173 0.08616500347852707 -0.9436100125312805 -0.31964901089668274 1.6727650165557861 0.0 0.0 0.0 1.0
-0.4331130087375641 0.23529399931430817 -0.8700860142707825 4.903238773345947 0.8961439728736877 0.2159149944782257 -0.3876950144767761 3.0189709663391113 0.09664200246334076 -0.9476379752159119 -0.30437299609184265 1.669975996017456 0.0 0.0 0.0 1.0
-0.42920199036598206 0.22658999264240265 -0.8743240237236023 4.890861988067627 0.8970580101013184 0.21971799433231354 -0.3834199905395508 3.011630058288574 0.10522600263357162 -0.9488840103149414 -0.2975679934024811 1.6724690198898315 0.0 0.0 0.0 1.0
-0.4239580035209656 0.21606600284576416 -0.8795310258865356 4.886074066162109 0.8981710076332092 0.22511500120162964 -0.3776400089263916 3.0107929706573486 0.11640100181102753 -0.9500730037689209 -0.2895039916038513 1.672767996788025 0.0 0.0 0.0 1.0
-0.4184040129184723 0.2072650045156479 -0.8842960000038147 4.876095771789551 0.8996769785881042 0.2281160056591034 -0.37221500277519226 3.004369020462036 0.12457499653100967 -0.9513170123100281 -0.2819159924983978 1.6827470064163208 0.0 0.0 0.0 1.0
-0.419638991355896 0.1950010061264038 -0.8864970207214355 4.864569187164307 0.89860999584198 0.22705699503421783 -0.3754270076751709 3.005321979522705 0.1280760020017624 -0.9541590213775635 -0.27051201462745667 1.6908979415893555 0.0 0.0 0.0 1.0
-0.42013901472091675 0.18031099438667297 -0.889365017414093 4.85796594619751 0.8980919718742371 0.22307899594306946 -0.37903401255607605 2.994601011276245 0.1300549954175949 -0.9579790234565735 -0.2556599974632263 1.6951580047607422 0.0 0.0 0.0 1.0
-0.425601989030838 0.1627569943666458 -0.8901529908180237 4.851219177246094 0.8953239917755127 0.21854299306869507 -0.3881149888038635 2.9972569942474365 0.1313689947128296 -0.9621589779853821 -0.2387319952249527 1.6922630071640015 0.0 0.0 0.0 1.0
-0.42800700664520264 0.15446899831295013 -0.8904770016670227 4.843417167663574 0.8943279981613159 0.21447700262069702 -0.3926529884338379 2.9932799339294434 0.1303340047597885 -0.9644370079040527 -0.22994400560855865 1.7000750303268433 0.0 0.0 0.0 1.0
-0.4299890100955963 0.15001800656318665 -0.8902829885482788 4.835852146148682 0.8939110040664673 0.20904000103473663 -0.39651599526405334 2.990281105041504 0.12661999464035034 -0.9663310050964355 -0.22398799657821655 1.7070930004119873 0.0 0.0 0.0 1.0
-0.4278799891471863 0.1448650062084198 -0.8921509981155396 4.833140850067139 0.8951429724693298 0.2044910043478012 -0.39610999822616577 2.977673053741455 0.1250550001859665 -0.9680899977684021 -0.2171729952096939 1.7099310159683228 0.0 0.0 0.0 1.0
-0.4330419898033142 0.1390880048274994 -0.8905779719352722 4.824747085571289 0.8934329748153687 0.19708700478076935 -0.4036499857902527 2.983625888824463 0.11937899887561798 -0.9704700112342834 -0.20961299538612366 1.7103509902954102 0.0 0.0 0.0 1.0
-0.44880399107933044 0.13182500004768372 -0.883853018283844 4.80578088760376 0.8868290185928345 0.18749499320983887 -0.4223499894142151 3.007236957550049 0.11004199832677841 -0.9733790159225464 -0.20105500519275665 1.7007670402526855 0.0 0.0 0.0 1.0
-0.4374859929084778 0.1302720010280609 -0.8897389769554138 4.818930149078369 0.8922590017318726 0.1858139932155609 -0.41151899099349976 2.9647879600524902 0.11171700060367584 -0.9739109873771667 -0.19752800464630127 1.6986249685287476 0.0 0.0 0.0 1.0
-0.44554999470710754 0.12769800424575806 -0.8861029744148254 4.810434818267822 0.888841986656189 0.1813730001449585 -0.4207890033721924 2.970421075820923 0.10698100179433823 -0.9750880002975464 -0.19431500136852264 1.6972349882125854 0.0 0.0 0.0 1.0
-0.4497070014476776 0.1284639984369278 -0.8838890194892883 4.8086137771606445 0.8869689702987671 0.18069900572299957 -0.42501100897789 2.959597110748291 0.1051189973950386 -0.9751129746437073 -0.19520600140094757 1.7031409740447998 0.0 0.0 0.0 1.0
-0.45796799659729004 0.13083800673484802 -0.8792870044708252 4.804855823516846 0.8830680251121521 0.18073299527168274 -0.4330439865589142 2.9568591117858887 0.10225799679756165 -0.9747909903526306 -0.1983090043067932 1.7087290287017822 0.0 0.0 0.0 1.0
-0.46639299392700195 0.1316169947385788 -0.8747310042381287 4.8011298179626465 0.8788290023803711 0.18149900436401367 -0.44126901030540466 2.9517879486083984 0.10068400204181671 -0.9745439887046814 -0.20031799376010895 1.701246976852417 0.0 0.0 0.0 1.0
-0.47472700476646423 0.13649700582027435 -0.869484007358551 4.801150798797607 0.8744069933891296 0.1856520026922226 -0.4482699930667877 2.9432199001312256 0.1002340018749237 -0.9730889797210693 -0.20748800039291382 1.6994659900665283 0.0 0.0 0.0 1.0
-0.48461198806762695 0.1427990049123764 -0.8629940152168274 4.79627799987793 0.8695619702339172 0.18572600185871124 -0.4575679898262024 2.938317060470581 0.09494099766016006 -0.9721699953079224 -0.2141769975423813 1.7001069784164429 0.0 0.0 0.0 1.0
-0.4988049864768982 0.14459200203418732 -0.8545680046081543 4.794405937194824 0.8622739911079407 0.1824589967727661 -0.4724310040473938 2.941267967224121 0.08761399984359741 -0.9725229740142822 -0.21568900346755981 1.6923110485076904 0.0 0.0 0.0 1.0
-0.5135440230369568 0.14826700091362 -0.8451560139656067 4.793420791625977 0.8539590239524841 0.1845339983701706 -0.486519992351532 2.9326109886169434 0.0838249996304512 -0.9715780019760132 -0.22137999534606934 1.6965819597244263 0.0 0.0 0.0 1.0
-0.5510209798812866 0.14816400408744812 -0.8212329745292664 4.775123119354248 0.8300549983978271 0.19865700602531433 -0.5210989713668823 2.9724979400634766 0.08593600243330002 -0.9688050150871277 -0.23244799673557281 1.6979119777679443 0.0 0.0 0.0 1.0
-0.5646119713783264 0.15734900534152985 -0.8102189898490906 4.778356075286865 0.8213059902191162 0.204244002699852 -0.5326730012893677 2.9608941078186035 0.081666000187397 -0.9661909937858582 -0.24455000460147858 1.7049150466918945 0.0 0.0 0.0 1.0
-0.582360029220581 0.16134199500083923 -0.7967590093612671 4.778632164001465 0.8093209862709045 0.20732399821281433 -0.549560010433197 2.958095073699951 0.07652100175619125 -0.9648759961128235 -0.25131499767303467 1.7010200023651123 0.0 0.0 0.0 1.0
-0.601161003112793 0.16453799605369568 -0.7820050120353699 4.778899192810059 0.7959139943122864 0.21094700694084167 -0.5674690008163452 2.960577964782715 0.07159099727869034 -0.9635499715805054 -0.2577719986438751 1.6995810270309448 0.0 0.0 0.0 1.0
-0.6175310015678406 0.16391900181770325 -0.7692760229110718 4.781613826751709 0.7833380103111267 0.21641400456428528 -0.5827059745788574 2.9568378925323486 0.0709649994969368 -0.9624429941177368 -0.2620460093021393 1.6934210062026978 0.0 0.0 0.0 1.0
-0.6347209811210632 0.16599200665950775 -0.7547029852867126 4.782792091369629 0.7697610259056091 0.22152499854564667 -0.5986610054969788 2.9561290740966797 0.0678120031952858 -0.9609230160713196 -0.2683809995651245 1.6886210441589355 0.0 0.0 0.0 1.0
-0.6550480127334595 0.17202599346637726 -0.7357439994812012 4.779435157775879 0.7529929876327515 0.22924299538135529 -0.6168050169944763 2.959594964981079 0.06255800276994705 -0.9580469727516174 -0.27970001101493835 1.693429946899414 0.0 0.0 0.0 1.0
-0.6770449876785278 0.17533299326896667 -0.7147510051727295 4.7769927978515625 0.733780026435852 0.2352139949798584 -0.6373710036277771 2.9652349948883057 0.056366998702287674 -0.9559980034828186 -0.2879059910774231 1.6904510259628296 0.0 0.0 0.0 1.0
-0.6965559720993042 0.1731880009174347 -0.6962869763374329 4.779860019683838 0.715300977230072 0.24357500672340393 -0.6549929976463318 2.9649109840393066 0.056161001324653625 -0.9542940258979797 -0.2935450077056885 1.6846749782562256 0.0 0.0 0.0 1.0
-0.7149800062179565 0.17144200205802917 -0.6777979731559753 4.784270763397217 0.6967430114746094 0.2550019919872284 -0.6704639792442322 2.96594500541687 0.05789399892091751 -0.9516199827194214 -0.3017730116844177 1.6814340353012085 0.0 0.0 0.0 1.0
-0.7595739960670471 0.15602800250053406 -0.6314290165901184 4.785830020904541 0.6461439728736877 0.29216399788856506 -0.7050809860229492 2.9895710945129395 0.07446800172328949 -0.9435549974441528 -0.3227370083332062 1.6556049585342407 0.0 0.0 0.0 1.0
-0.7767019867897034 0.14716500043869019 -0.612434983253479 4.7938151359558105 0.6250399947166443 0.30024001002311707 -0.7205420136451721 3.006922960281372 0.07783900201320648 -0.9424430131912231 -0.3251810073852539 1.629073977470398 0.0 0.0 0.0 1.0
-0.7902320027351379 0.1423799991607666 -0.596036970615387 4.799921989440918 0.6067709922790527 0.31797099113464355 -0.7285069823265076 3.011056900024414 0.0857980027794838 -0.9373490214347839 -0.3376629948616028 1.6197350025177002 0.0 0.0 0.0 1.0
-0.8015990257263184 0.13944199681282043 -0.5813729763031006 4.799199104309082 0.5908970236778259 0.3327769935131073 -0.734915018081665 3.017951011657715 0.09098999947309494 -0.9326390027999878 -0.3491489887237549 1.612699031829834 0.0 0.0 0.0 1.0
-0.8115490078926086 0.1372849941253662 -0.5679270029067993 4.79954195022583 0.576399028301239 0.34726399183273315 -0.7397109866142273 3.021272897720337 0.09566999971866608 -0.9276639819145203 -0.3609530031681061 1.6092740297317505 0.0 0.0 0.0 1.0
-0.8206779956817627 0.13725699484348297 -0.554660975933075 4.804295063018799 0.5630829930305481 0.3592129945755005 -0.7442470192909241 3.0249440670013428 0.09708800166845322 -0.9231070280075073 -0.37208500504493713 1.6029540300369263 0.0 0.0 0.0 1.0
-0.8300409913063049 0.13697099685668945 -0.5406200289726257 4.809974193572998 0.5489209890365601 0.3719879984855652 -0.7485389709472656 3.0300230979919434 0.09857600182294846 -0.9180759787559509 -0.38395199179649353 1.5958820581436157 0.0 0.0 0.0 1.0
-0.8392919898033142 0.1383260041475296 -0.5257899761199951 4.811466217041016 0.5345609784126282 0.386352002620697 -0.751649022102356 3.033845901489258 0.09916699677705765 -0.9119200110435486 -0.3982059955596924 1.58748197555542 0.0 0.0 0.0 1.0
-0.848209023475647 0.14114099740982056 -0.5105100274085999 4.813461780548096 0.5206480026245117 0.3992370069026947 -0.7546759843826294 3.040601968765259 0.0972990021109581 -0.9059190154075623 -0.4121209979057312 1.5800930261611938 0.0 0.0 0.0 1.0
-0.8564350008964539 0.1451530009508133 -0.4954279959201813 4.8184099197387695 0.5075650215148926 0.41207700967788696 -0.7566840052604675 3.040721893310547 0.09431900084018707 -0.8995130062103271 -0.42659199237823486 1.5758219957351685 0.0 0.0 0.0 1.0
-0.8720260262489319 0.14428800344467163 -0.4677079916000366 4.792776107788086 0.4812780022621155 0.4267440140247345 -0.7656769752502441 3.06174898147583 0.0891140028834343 -0.8927879929542542 -0.44157400727272034 1.5777950286865234 0.0 0.0 0.0 1.0
-0.8781939744949341 0.1449439972639084 -0.45581498742103577 4.800274848937988 0.4702509939670563 0.4357909858226776 -0.7674310207366943 3.061552047729492 0.0874050036072731 -0.8883000016212463 -0.45086899399757385 1.5729609727859497 0.0 0.0 0.0 1.0
-0.8846489787101746 0.14725899696350098 -0.4423919916152954 4.799176216125488 0.4587939977645874 0.4440140128135681 -0.7696490287780762 3.0661540031433105 0.08309099823236465 -0.8838359713554382 -0.46035799384117126 1.5699989795684814 0.0 0.0 0.0 1.0
-0.8907650113105774 0.14640800654888153 -0.43023499846458435 4.799635887145996 0.44708600640296936 0.45219698548316956 -0.771772027015686 3.0718839168548584 0.08155699819326401 -0.8798199892044067 -0.46825799345970154 1.5650219917297363 0.0 0.0 0.0 1.0
-0.8967440128326416 0.14770600199699402 -0.41717201471328735 4.799048900604248 0.43567100167274475 0.46019700169563293 -0.7735689878463745 3.075247049331665 0.07772000133991241 -0.8754439949989319 -0.4770300090312958 1.5619829893112183 0.0 0.0 0.0 1.0
-0.901934027671814 0.15042899549007416 -0.4048280119895935 4.803460121154785 0.42587700486183167 0.46545401215553284 -0.7758740186691284 3.0798749923706055 0.07171499729156494 -0.8721950054168701 -0.48387399315834045 1.5550919771194458 0.0 0.0 0.0 1.0
-0.9077600240707397 0.15315000712871552 -0.3905330002307892 4.807717800140381 0.4143480062484741 0.4726540148258209 -0.7777619957923889 3.0831239223480225 0.06547199934720993 -0.8678380250930786 -0.4925140142440796 1.5536710023880005 0.0 0.0 0.0 1.0
-0.913873016834259 0.15593400597572327 -0.3748610019683838 4.811337947845459 0.4018990099430084 0.4783490002155304 -0.7808070182800293 3.084800958633423 0.05756000056862831 -0.8642140030860901 -0.4998199939727783 1.5497390031814575 0.0 0.0 0.0 1.0
-0.9193130135536194 0.1591240018606186 -0.3599199950695038 4.815159797668457 0.3903160095214844 0.48528599739074707 -0.7824010252952576 3.0863990783691406 0.050165001302957535 -0.8597540259361267 -0.5082380175590515 1.5474660396575928 0.0 0.0 0.0 1.0
-0.9252039790153503 0.16048400104045868 -0.34386301040649414 4.814486980438232 0.37713199853897095 0.48930999636650085 -0.7863510251045227 3.0961780548095703 0.042059000581502914 -0.857217013835907 -0.5132349729537964 1.5374200344085693 0.0 0.0 0.0 1.0
-0.9299299716949463 0.16182099282741547 -0.33021798729896545 4.816160202026367 0.36596399545669556 0.49530500173568726 -0.7878730297088623 3.098712921142578 0.03606399893760681 -0.8535140156745911 -0.519819974899292 1.5336240530014038 0.0 0.0 0.0 1.0
-0.9338110089302063 0.16196900606155396 -0.3190020024776459 4.82383918762207 0.3563089966773987 0.5014140009880066 -0.7884340286254883 3.0992109775543213 0.032249998301267624 -0.8499109745025635 -0.5259379744529724 1.5348860025405884 0.0 0.0 0.0 1.0
-0.9391400218009949 0.16064999997615814 -0.30365699529647827 4.8229899406433105 0.34250500798225403 0.5062440037727356 -0.7914590239524841 3.1028740406036377 0.026575999334454536 -0.8472949862480164 -0.5304570198059082 1.5288640260696411 0.0 0.0 0.0 1.0
-0.942654013633728 0.16161200404167175 -0.2920359969139099 4.831070899963379 0.3330169916152954 0.5141860246658325 -0.790386974811554 3.0998589992523193 0.022424999624490738 -0.8423150181770325 -0.538519024848938 1.530711054801941 0.0 0.0 0.0 1.0
-0.9471259713172913 0.16189900040626526 -0.27702099084854126 4.832120895385742 0.32049399614334106 0.518667995929718 -0.7926329970359802 3.1044530868530273 0.015355999581515789 -0.839506983757019 -0.5431320071220398 1.5258369445800781 0.0 0.0 0.0 1.0
-0.9513170123100281 0.16275900602340698 -0.2617360055446625 4.832984924316406 0.308118999004364 0.5234180092811584 -0.7944160103797913 3.106673002243042 0.007699000183492899 -0.8363869786262512 -0.5480849742889404 1.5213559865951538 0.0 0.0 0.0 1.0
-0.9550300240516663 0.16205400228500366 -0.24830499291419983 4.838490009307861 0.29649001359939575 0.531141996383667 -0.7937139868736267 3.1082770824432373 0.003260999917984009 -0.8316410183906555 -0.5553039908409119 1.5202909708023071 0.0 0.0 0.0 1.0
-0.9581660032272339 0.16185800731182098 -0.23604999482631683 4.841268062591553 0.28621000051498413 0.5388690233230591 -0.792277991771698 3.109616994857788 -0.0010369999799877405 -0.8266940116882324 -0.5626509785652161 1.5178910493850708 0.0 0.0 0.0 1.0
-0.960893988609314 0.16112999618053436 -0.22520999610424042 4.846456050872803 0.2768779993057251 0.5455440282821655 -0.7910249829292297 3.1132659912109375 -0.004596000071614981 -0.8224470019340515 -0.568822979927063 1.5143890380859375 0.0 0.0 0.0 1.0
-0.9638479948043823 0.16058099269866943 -0.21262699365615845 4.845449924468994 0.26628801226615906 0.5524640083312988 -0.7898569703102112 3.116041898727417 -0.009367999620735645 -0.8179219961166382 -0.5752530097961426 1.5110969543457031 0.0 0.0 0.0 1.0
-0.9667189717292786 0.15719899535179138 -0.20184700191020966 4.849203109741211 0.2555840015411377 0.5581899881362915 -0.7893670201301575 3.123703956604004 -0.01141900010406971 -0.8146849870681763 -0.5797910094261169 1.5018939971923828 0.0 0.0 0.0 1.0
-0.968595027923584 0.1557610034942627 -0.19381000101566315 4.859055995941162 0.2481759935617447 0.5578550100326538 -0.7919639945030212 3.134788990020752 -0.01523900032043457 -0.8151909708976746 -0.5789920091629028 1.486968994140625 0.0 0.0 0.0 1.0
-0.9710249900817871 0.15401600301265717 -0.18272699415683746 4.863618850708008 0.2382420003414154 0.5639410018920898 -0.7907029986381531 3.1363179683685303 -0.018734000623226166 -0.8113260269165039 -0.5842940211296082 1.48512601852417 0.0 0.0 0.0 1.0
-0.973143994808197 0.15246500074863434 -0.17246900498867035 4.870150089263916 0.22907300293445587 0.5673999786376953 -0.7909380197525024 3.1413159370422363 -0.022731000557541847 -0.8092039823532104 -0.5870869755744934 1.4798239469528198 0.0 0.0 0.0 1.0
-0.9763649702072144 0.14737999439239502 -0.15807999670505524 4.868052005767822 0.21460199356079102 0.574409008026123 -0.7899370193481445 3.1445789337158203 -0.025617999956011772 -0.8051919937133789 -0.5924609899520874 1.4771230220794678 0.0 0.0 0.0 1.0
-0.9784579873085022 0.14288300275802612 -0.14900699257850647 4.871459007263184 0.2047639936208725 0.5798299908638 -0.7885869741439819 3.1476330757141113 -0.026277000084519386 -0.802111029624939 -0.5965970158576965 1.4715030193328857 0.0 0.0 0.0 1.0
-0.9804139733314514 0.1401360034942627 -0.13838399946689606 4.873970985412598 0.19487500190734863 0.5885969996452332 -0.7845879793167114 3.146497964859009 -0.02849699929356575 -0.7961879968643188 -0.6043769717216492 1.4714879989624023 0.0 0.0 0.0 1.0
-0.9822959899902344 0.1356630027294159 -0.12919099628925323 4.882665157318115 0.18502800166606903 0.5946699976921082 -0.7823889851570129 3.1483728885650635 -0.029315000399947166 -0.7924410104751587 -0.6092439889907837 1.4686930179595947 0.0 0.0 0.0 1.0
-0.9841359853744507 0.13326199352741241 -0.11711599677801132 4.885849952697754 0.17418299615383148 0.6003890037536621 -0.7805079817771912 3.1489179134368896 -0.03369700163602829 -0.7885259985923767 -0.6140769720077515 1.469694972038269 0.0 0.0 0.0 1.0
-0.9860919713973999 0.1265619993209839 -0.10772400349378586 4.892794132232666 0.16277100145816803 0.6044430136680603 -0.7798429727554321 3.1481740474700928 -0.03358500078320503 -0.7865309715270996 -0.6166369915008545 1.4676820039749146 0.0 0.0 0.0 1.0
-0.9886429905891418 0.11873500049114227 -0.09212499856948853 4.889204025268555 0.14605499804019928 0.6147310137748718 -0.7750959992408752 3.1445090770721436 -0.035399001091718674 -0.7797480225563049 -0.625091016292572 1.4775370359420776 0.0 0.0 0.0 1.0
-0.9903159737586975 0.11188700050115585 -0.0821940004825592 4.89353609085083 0.13414700329303741 0.6186509728431702 -0.7741289734840393 3.1462390422821045 -0.03576499968767166 -0.7776579856872559 -0.6276689767837524 1.474581003189087 0.0 0.0 0.0 1.0
-0.9918299913406372 0.10522700101137161 -0.07210800051689148 4.898593902587891 0.12225300073623657 0.6227099895477295 -0.7728430032730103 3.148329973220825 -0.036421999335289 -0.7753450274467468 -0.6304870247840881 1.4715770483016968 0.0 0.0 0.0 1.0
-0.9932019710540771 0.09858299791812897 -0.061893999576568604 4.903386116027832 0.11028199642896652 0.6267840266227722 -0.7713490128517151 3.1484739780426025 -0.037248000502586365 -0.7729309797286987 -0.6333950161933899 1.4696240425109863 0.0 0.0 0.0 1.0
-0.9943749904632568 0.09302899986505508 -0.050634000450372696 4.907564163208008 0.09823600202798843 0.6313260197639465 -0.7692710161209106 3.1470460891723633 -0.039597999304533005 -0.7699180245399475 -0.636913001537323 1.4704819917678833 0.0 0.0 0.0 1.0
-0.9953820109367371 0.08729899674654007 -0.0399090014398098 4.914999008178711 0.08635800331830978 0.6329330205917358 -0.7693750262260437 3.149791955947876 -0.041905999183654785 -0.7692689895629883 -0.6375489830970764 1.4674429893493652 0.0 0.0 0.0 1.0
-0.9962490200996399 0.08210200071334839 -0.027317000553011894 4.92445707321167 0.07351399958133698 0.6366230249404907 -0.7676640152931213 3.146027088165283 -0.045635998249053955 -0.7667930126190186 -0.640271008014679 1.4714570045471191 0.0 0.0 0.0 1.0
-0.9969040155410767 0.0776820033788681 -0.012159000150859356 4.93513298034668 0.05886999890208244 0.6349009871482849 -0.7703480124473572 3.147653102874756 -0.05212299898266792 -0.7686780095100403 -0.637507975101471 1.4715789556503296 0.0 0.0 0.0 1.0
-0.9975929856300354 0.06897599995136261 0.007102999836206436 4.938405990600586 0.03828499838709831 0.6333069801330566 -0.7729529738426208 3.145829916000366 -0.05781399831175804 -0.7708200216293335 -0.6344239711761475 1.4754420518875122 0.0 0.0 0.0 1.0
-0.9980959892272949 0.05677200108766556 0.02409599907696247 4.943052768707275 0.016964999958872795 0.6283619999885559 -0.7777360081672668 3.149733066558838 -0.05929499864578247 -0.7758470177650452 -0.6281290054321289 1.4723659753799438 0.0 0.0 0.0 1.0
-0.9982830286026001 0.04670500010251999 0.03534200042486191 4.951470851898193 0.0021559998858720064 0.6323180198669434 -0.7747060060501099 3.1451659202575684 -0.05852999910712242 -0.7732999920845032 -0.6313329935073853 1.4809060096740723 0.0 0.0 0.0 1.0
-0.9982380270957947 0.036010000854730606 0.047168999910354614 4.956234931945801 -0.013811999931931496 0.6320379972457886 -0.7748140096664429 3.1445820331573486 -0.05771400034427643 -0.7741000056266785 -0.6304270029067993 1.482928991317749 0.0 0.0 0.0 1.0
-0.9980610013008118 0.026499999687075615 0.056324999779462814 4.9666972160339355 -0.0270019993185997 0.6309829950332642 -0.7753270268440247 3.1452739238739014 -0.05608699843287468 -0.7753440141677856 -0.6290439963340759 1.485666036605835 0.0 0.0 0.0 1.0
-0.9975640177726746 0.01868000067770481 0.06720499694347382 4.975273132324219 -0.04036799818277359 0.6311140060424805 -0.7746390104293823 3.1422579288482666 -0.05688399821519852 -0.7754650115966797 -0.6288229823112488 1.490975022315979 0.0 0.0 0.0 1.0
-0.9966920018196106 0.010476999916136265 0.080595001578331 4.978696823120117 -0.056168001145124435 0.6279360055923462 -0.7762349843978882 3.1420838832855225 -0.058740999549627304 -0.778194010257721 -0.6252700090408325 1.494757056236267 0.0 0.0 0.0 1.0
-0.9960200190544128 0.0031530000269412994 0.08906900137662888 4.985473155975342 -0.06778600066900253 0.6220390200614929 -0.7800459861755371 3.1455209255218506 -0.057863999158144 -0.7829800248146057 -0.619350016117096 1.4934760332107544 0.0 0.0 0.0 1.0
-0.9952999949455261 -0.003512999974191189 0.09677500277757645 4.992992877960205 -0.07818800210952759 0.6187630295753479 -0.7816770076751709 3.146904945373535 -0.057133998721838 -0.7855700254440308 -0.616129994392395 1.4960969686508179 0.0 0.0 0.0 1.0
-0.9942520260810852 -0.011067000217735767 0.10649099946022034 4.99811315536499 -0.09078899770975113 0.6143310070037842 -0.7838079929351807 3.1484580039978027 -0.056745998561382294 -0.7889710068702698 -0.6118050217628479 1.4969710111618042 0.0 0.0 0.0 1.0
-0.9932690262794495 -0.019240999594330788 0.11421799659729004 5.0064921379089355 -0.10206200182437897 0.6116459965705872 -0.7845209836959839 3.148732900619507 -0.05476599931716919 -0.7908980250358582 -0.6094930171966553 1.5008800029754639 0.0 0.0 0.0 1.0
-0.9920390248298645 -0.026455000042915344 0.1231210008263588 5.011565208435059 -0.1137780025601387 0.60732102394104 -0.7862669825553894 3.1496829986572266 -0.0539730004966259 -0.7940160036087036 -0.6054959893226624 1.5022410154342651 0.0 0.0 0.0 1.0
-0.9907330274581909 -0.03548699989914894 0.1311040073633194 5.013760089874268 -0.12571799755096436 0.6049339771270752 -0.7862889766693115 3.151747941970825 -0.051405999809503555 -0.7954850196838379 -0.6037889719009399 1.5033299922943115 0.0 0.0 0.0 1.0
-0.9901589751243591 -0.04175199940800667 0.13357000052928925 5.024861812591553 -0.1314759999513626 0.6044930219650269 -0.7856860160827637 3.1502599716186523 -0.0479389987885952 -0.7955160140991211 -0.6040340065956116 1.5087100267410278 0.0 0.0 0.0 1.0
-0.9890959858894348 -0.04664599895477295 0.13969099521636963 5.027632236480713 -0.13945400714874268 0.6016070246696472 -0.7865250110626221 3.1504530906677246 -0.04735000059008598 -0.7974290251731873 -0.6015520095825195 1.5079699754714966 0.0 0.0 0.0 1.0
-0.9883099794387817 -0.05134600028395653 0.14354899525642395 5.032419204711914 -0.14542900025844574 0.6000760197639465 -0.7866119742393494 3.15238094329834 -0.04575100168585777 -0.7982929944992065 -0.6005290150642395 1.5088269710540771 0.0 0.0 0.0 1.0
-0.9873189926147461 -0.056710999459028244 0.14826999604701996 5.034273147583008 -0.15243400633335114 0.5994229912757874 -0.7857829928398132 3.1501920223236084 -0.04431400075554848 -0.7984210252761841 -0.6004670262336731 1.5103759765625 0.0 0.0 0.0 1.0
-0.9868800044059753 -0.05805100128054619 0.15065300464630127 5.038456916809082 -0.1552180051803589 0.5979059934616089 -0.7863940000534058 3.1485819816589355 -0.04442499950528145 -0.7994610071182251 -0.5990729928016663 1.5121010541915894 0.0 0.0 0.0 1.0
-0.9864619970321655 -0.06131799891591072 0.15209099650382996 5.041103839874268 -0.1584859937429428 0.5946769714355469 -0.7881889939308167 3.1486849784851074 -0.042114999145269394 -0.8016229867935181 -0.596343994140625 1.5119730234146118 0.0 0.0 0.0 1.0
-0.98642498254776 -0.06293600052595139 0.15167300403118134 5.044119834899902 -0.15921500325202942 0.5926809906959534 -0.7895439863204956 3.149122953414917 -0.04020300135016441 -0.8029739856719971 -0.5946559906005859 1.5106749534606934 0.0 0.0 0.0 1.0
-0.9862560033798218 -0.06587199866771698 0.15152400732040405 5.046082973480225 -0.16081799566745758 0.5930719971656799 -0.7889249920845032 3.1458261013031006 -0.03789599984884262 -0.8024500012397766 -0.5955150127410889 1.5117590427398682 0.0 0.0 0.0 1.0
-0.9861770272254944 -0.06714499741792679 0.1514810025691986 5.046443939208984 -0.16155500710010529 0.5927370190620422 -0.7890260219573975 3.141525983810425 -0.03680900111794472 -0.8025919795036316 -0.5953919887542725 1.5119450092315674 0.0 0.0 0.0 1.0
-0.9860020279884338 -0.06877899914979935 0.15188300609588623 5.044857025146484 -0.16297900676727295 0.5897290110588074 -0.7909849882125854 3.141170024871826 -0.03516700118780136 -0.8046669960021973 -0.5926839709281921 1.5087850093841553 0.0 0.0 0.0 1.0
-0.9860020279884338 -0.06845399737358093 0.15203000605106354 5.0393290519714355 -0.16303600370883942 0.5867170095443726 -0.7932100296020508 3.1383891105651855 -0.0348999984562397 -0.806892991065979 -0.5896649956703186 1.5069960355758667 0.0 0.0 0.0 1.0
-0.9868249893188477 -0.06788299977779388 0.1468600034713745 5.039433002471924 -0.15862399339675903 0.5846430063247681 -0.7956330180168152 3.1328749656677246 -0.03185100108385086 -0.8084459900856018 -0.5877079963684082 1.5060570240020752 0.0 0.0 0.0 1.0
-0.9878460168838501 -0.06717000156641006 0.14017300307750702 5.040761947631836 -0.15285299718379974 0.583512008190155 -0.7975900173187256 3.128122091293335 -0.028217999264597893 -0.8093219995498657 -0.5866870284080505 1.5044440031051636 0.0 0.0 0.0 1.0
-0.9886879920959473 -0.06585100293159485 0.13475599884986877 5.03950309753418 -0.14770300686359406 0.583611011505127 -0.7984870076179504 3.122119903564453 -0.02606399916112423 -0.8093590140342712 -0.5867360234260559 1.503559947013855 0.0 0.0 0.0 1.0
-0.9893090128898621 -0.06654500216245651 0.12976400554180145 5.038613796234131 -0.14404800534248352 0.5846449732780457 -0.7983989715576172 3.113353967666626 -0.022735999897122383 -0.8085560202598572 -0.5879799723625183 1.5039210319519043 0.0 0.0 0.0 1.0
-0.9902700185775757 -0.06538599729537964 0.12283799797296524 5.036149978637695 -0.13776299357414246 0.5852519869804382 -0.7990630269050598 3.1044209003448486 -0.01964399963617325 -0.8082110285758972 -0.5885649919509888 1.5042070150375366 0.0 0.0 0.0 1.0
-0.9917529821395874 -0.06295900046825409 0.11163400113582611 5.03632116317749 -0.12726999819278717 0.5865150094032288 -0.7998759746551514 3.0929911136627197 -0.015115000307559967 -0.8074870109558105 -0.5896909832954407 1.5064740180969238 0.0 0.0 0.0 1.0
-0.9932249784469604 -0.05774100124835968 0.10084199905395508 5.037393093109131 -0.11551100015640259 0.5851590037345886 -0.8026490211486816 3.084501028060913 -0.012663000263273716 -0.8088600039482117 -0.5878649950027466 1.504302978515625 0.0 0.0 0.0 1.0
-0.9944599866867065 -0.05281899869441986 0.09087599813938141 5.037980079650879 -0.10456600040197372 0.5850269794464111 -0.8042449951171875 3.0739378929138184 -0.010685999877750874 -0.8092920184135437 -0.5873090028762817 1.5056489706039429 0.0 0.0 0.0 1.0
-0.9951289892196655 -0.053888000547885895 0.08254499733448029 5.035918235778809 -0.09843800216913223 0.587805986404419 -0.8029909729957581 3.0592589378356934 -0.005249000154435635 -0.8072050213813782 -0.5902479887008667 1.5110820531845093 0.0 0.0 0.0 1.0
-0.9958230257034302 -0.049674998968839645 0.07660199701786041 5.026209831237793 -0.09117700159549713 0.5842790007591248 -0.8064150214195251 3.0535120964050293 -0.00469799991697073 -0.8100320100784302 -0.5863680243492126 1.5032199621200562 0.0 0.0 0.0 1.0
-0.9967039823532104 -0.04657899960875511 0.0664139986038208 5.026566028594971 -0.08111000061035156 0.5845590233802795 -0.8072869777679443 3.041548013687134 -0.0012199999764561653 -0.8100129961967468 -0.5864109992980957 1.5035250186920166 0.0 0.0 0.0 1.0
-0.9975159764289856 -0.04250900074839592 0.05615900084376335 5.0242109298706055 -0.07041600346565247 0.5845450162887573 -0.8083000183105469 3.0280449390411377 0.0015330000314861536 -0.810247004032135 -0.5860859751701355 1.5046050548553467 0.0 0.0 0.0 1.0
-0.998341977596283 -0.03819400072097778 0.04306099936366081 5.026019096374512 -0.057273998856544495 0.5848780274391174 -0.8090969920158386 3.0161728858947754 0.005716999992728233 -0.8102220296859741 -0.5860949754714966 1.5055789947509766 0.0 0.0 0.0 1.0
-0.9989449977874756 -0.03166700154542923 0.033263999968767166 5.02096700668335 -0.045517999678850174 0.586093008518219 -0.8089640140533447 3.0007169246673584 0.006122000049799681 -0.8096240162849426 -0.5869160294532776 1.5079289674758911 0.0 0.0 0.0 1.0
-0.9994199872016907 -0.02598699927330017 0.021983999758958817 5.021770000457764 -0.03304300084710121 0.5856509804725647 -0.8098899722099304 2.9875431060791016 0.00817199982702732 -0.8101469874382019 -0.5861700177192688 1.5072189569473267 0.0 0.0 0.0 1.0
-0.999692976474762 -0.022463999688625336 0.01040900032967329 5.023458003997803 -0.02158699929714203 0.5850189924240112 -0.8107320070266724 2.9746720790863037 0.012122999876737595 -0.8107079863548279 -0.5853250026702881 1.5068459510803223 0.0 0.0 0.0 1.0
-0.9998279809951782 -0.018511999398469925 -0.0009449999779462814 5.021359920501709 -0.010088000446557999 0.5862529873847961 -0.810064971446991 2.9583981037139893 0.015549999661743641 -0.8099169731140137 -0.586338996887207 1.5096089839935303 0.0 0.0 0.0 1.0
-0.9998260140419006 -0.012357000261545181 -0.01397900003939867 5.022034168243408 0.004038000013679266 0.58815997838974 -0.8087350130081177 2.9400830268859863 0.018216000869870186 -0.808650016784668 -0.5880079865455627 1.5128430128097534 0.0 0.0 0.0 1.0
-0.9995440244674683 -0.006978999823331833 -0.029366999864578247 5.034179210662842 0.019602999091148376 0.5897579789161682 -0.807341992855072 2.9209940433502197 0.022954000160098076 -0.8075500130653381 -0.589352011680603 1.517583966255188 0.0 0.0 0.0 1.0
-0.9992849826812744 0.00018000000272877514 -0.037801001220941544 5.032846927642822 0.030611999332904816 0.5905609726905823 -0.8064119815826416 2.901710033416748 0.022179000079631805 -0.8069930076599121 -0.5901449918746948 1.5242830514907837 0.0 0.0 0.0 1.0
-0.9988880157470703 0.007809999864548445 -0.04649300128221512 5.031937122344971 0.042187999933958054 0.5882449746131897 -0.8075820207595825 2.8834760189056396 0.021042000502347946 -0.8086450099945068 -0.5879200100898743 1.528365969657898 0.0 0.0 0.0 1.0
-0.9983580112457275 0.015740999951958656 -0.055066000670194626 5.030902862548828 0.05387900024652481 0.5841569900512695 -0.8098499774932861 2.8651299476623535 0.019419999793171883 -0.8114879727363586 -0.5840460062026978 1.5321019887924194 0.0 0.0 0.0 1.0
-0.9977610111236572 0.021842999383807182 -0.06320600211620331 5.028497219085693 0.06417199969291687 0.5787220001220703 -0.812995970249176 2.846951961517334 0.018820999190211296 -0.81523197889328 -0.578827977180481 1.5372450351715088 0.0 0.0 0.0 1.0
-0.9969040155410767 0.02841700054705143 -0.07330600172281265 5.02738094329834 0.07639999687671661 0.5702149868011475 -0.8179349899291992 2.8321659564971924 0.018557000905275345 -0.8210039734840393 -0.5706210136413574 1.5364539623260498 0.0 0.0 0.0 1.0
-0.9958959817886353 0.035672999918460846 -0.08317700028419495 5.025771141052246 0.08876299858093262 0.564424991607666 -0.8206989765167236 2.815321922302246 0.017669999971985817 -0.8247129917144775 -0.5652750134468079 1.5388749837875366 0.0 0.0 0.0 1.0
-0.9949280023574829 0.04179000109434128 -0.09149699658155441 5.024177074432373 0.09916699677705765 0.5598769783973694 -0.8226199746131897 2.798151969909668 0.016850000247359276 -0.827521026134491 -0.5611820220947266 1.5435489416122437 0.0 0.0 0.0 1.0
-0.9938889741897583 0.04710200056433678 -0.0998309999704361 5.02193021774292 0.10917600244283676 0.5529549717903137 -0.826026976108551 2.7804338932037354 0.016294000670313835 -0.8318790197372437 -0.554718017578125 1.5470730066299438 0.0 0.0 0.0 1.0
-0.9930019974708557 0.051440998911857605 -0.10630200058221817 5.016936779022217 0.11709500104188919 0.5457630157470703 -0.8297179937362671 2.768734931945801 0.015333999879658222 -0.8363590240478516 -0.5479679703712463 1.5468629598617554 0.0 0.0 0.0 1.0
-0.9913849830627441 0.0592540018260479 -0.11681400239467621 5.0256218910217285 0.13025200366973877 0.5400699973106384 -0.8314800262451172 2.759474992752075 0.013818999752402306 -0.8395310044288635 -0.5431349873542786 1.5434319972991943 0.0 0.0 0.0 1.0
-0.9910039901733398 0.06577900052070618 -0.11654999852180481 5.018025875091553 0.1336439996957779 0.5324349999427795 -0.8358539938926697 2.748667001724243 0.007073999848216772 -0.8439109921455383 -0.5364360213279724 1.5419869422912598 0.0 0.0 0.0 1.0
-0.9905040264129639 0.06945600360631943 -0.11864600330591202 5.014848232269287 0.13741600513458252 0.526826024055481 -0.838791012763977 2.7350409030914307 0.004246999975293875 -0.8471300005912781 -0.5313680171966553 1.544469952583313 0.0 0.0 0.0 1.0
-0.9899640083312988 0.06999000161886215 -0.12276999652385712 5.010769844055176 0.14122000336647034 0.52252197265625 -0.840848982334137 2.722338914871216 0.005299000069499016 -0.8497480154037476 -0.5271620154380798 1.5438810586929321 0.0 0.0 0.0 1.0
-0.9893980026245117 0.07135500013828278 -0.12649300694465637 5.003745079040527 0.1450899988412857 0.5240039825439453 -0.8392670154571533 2.7087559700012207 0.006397000048309565 -0.8487210273742676 -0.5288019776344299 1.545065999031067 0.0 0.0 0.0 1.0
-0.9884949922561646 0.06860099732875824 -0.13479800522327423 4.992239952087402 0.15063700079917908 0.5267090201377869 -0.8365920186042786 2.6740219593048096 0.013608000241219997 -0.8472729921340942 -0.5309839844703674 1.5544400215148926 0.0 0.0 0.0 1.0
-0.9883909821510315 0.06837700307369232 -0.13567499816417694 4.9827399253845215 0.15132400393486023 0.5228210091590881 -0.8389040231704712 2.6611011028289795 0.013571999967098236 -0.8496959805488586 -0.5270990133285522 1.5540239810943604 0.0 0.0 0.0 1.0
-0.9882060289382935 0.067330002784729 -0.1375340074300766 4.976953983306885 0.15238100290298462 0.5211279988288879 -0.8397650122642517 2.6469459533691406 0.015131999738514423 -0.8508179783821106 -0.5252419710159302 1.5541139841079712 0.0 0.0 0.0 1.0
-0.9881410002708435 0.06528899818658829 -0.13898000121116638 4.967868804931641 0.15256699919700623 0.5197619795799255 -0.840578019618988 2.6308810710906982 0.01735600084066391 -0.851813018321991 -0.5235589742660522 1.5549169778823853 0.0 0.0 0.0 1.0
-0.987820029258728 0.06436499953269958 -0.1416659951210022 4.957636833190918 0.15439699590206146 0.518576979637146 -0.8409749865531921 2.6151020526885986 0.019334999844431877 -0.8526049852371216 -0.5221989750862122 1.554837942123413 0.0 0.0 0.0 1.0
-0.9869800209999084 0.0653420016169548 -0.14697200059890747 4.951564788818359 0.15935300290584564 0.521340012550354 -0.8383380174636841 2.5943191051483154 0.021842999383807182 -0.8508430123329163 -0.5249649882316589 1.559438943862915 0.0 0.0 0.0 1.0
-0.987280011177063 0.06516700237989426 -0.14501899480819702 4.932293891906738 0.15771600604057312 0.516605019569397 -0.8415729999542236 2.5796821117401123 0.020075000822544098 -0.8537399768829346 -0.5203120112419128 1.556825041770935 0.0 0.0 0.0 1.0
-0.9869040250778198 0.06742999702692032 -0.14653800427913666 4.921482086181641 0.16029000282287598 0.511847972869873 -0.8439900279045105 2.5645689964294434 0.018094999715685844 -0.8564260005950928 -0.515953004360199 1.5546189546585083 0.0 0.0 0.0 1.0
-0.9866639971733093 0.07185100018978119 -0.1460530012845993 4.9092841148376465 0.16220900416374207 0.5084840059280396 -0.8456550240516663 2.5479540824890137 0.013504999689757824 -0.8580690026283264 -0.5133569836616516 1.553617000579834 0.0 0.0 0.0 1.0
-0.9864429831504822 0.07587499916553497 -0.14551299810409546 4.896331787109375 0.1638209968805313 0.5075839757919312 -0.8458849787712097 2.5270180702209473 0.009677999652922153 -0.8582550287246704 -0.5131329894065857 1.5571199655532837 0.0 0.0 0.0 1.0
-0.9862009882926941 0.08008000254631042 -0.14489400386810303 4.879387855529785 0.16548100113868713 0.5022209882736206 -0.8487579822540283 2.51411509513855 0.004800000227987766 -0.861024022102356 -0.508542001247406 1.551969051361084 0.0 0.0 0.0 1.0
-0.9857820272445679 0.0817049965262413 -0.14682699739933014 4.860579013824463 0.16797299683094025 0.5019019842147827 -0.8484569787979126 2.5039210319519043 0.004368999972939491 -0.8610569834709167 -0.5084900259971619 1.54277503490448 0.0 0.0 0.0 1.0
-0.9840909838676453 0.09239699691534042 -0.15174899995326996 4.845183849334717 0.17766399681568146 0.5097000002861023 -0.841808021068573 2.4854540824890137 -0.00043399998685345054 -0.8553760051727295 -0.5180069804191589 1.5422450304031372 0.0 0.0 0.0 1.0
-0.9827060103416443 0.10341800004243851 -0.15360300242900848 4.827808856964111 0.1850389987230301 0.5168229937553406 -0.835856020450592 2.459846019744873 -0.0070569999516010284 -0.849822998046875 -0.5270209908485413 1.5544500350952148 0.0 0.0 0.0 1.0
-0.9812440276145935 0.11135900020599365 -0.1573529988527298 4.810204029083252 0.1923000067472458 0.5084090232849121 -0.839368999004364 2.441567897796631 -0.013472000136971474 -0.8538849949836731 -0.5202879905700684 1.5545539855957031 0.0 0.0 0.0 1.0
-0.9805189967155457 0.11213000118732452 -0.16127599775791168 4.7954230308532715 0.19602400064468384 0.5061249732971191 -0.8398879766464233 2.4321000576019287 -0.012551000341773033 -0.855139970779419 -0.5182449817657471 1.5478880405426025 0.0 0.0 0.0 1.0
-0.9795359969139099 0.11512099951505661 -0.1650959998369217 4.778885841369629 0.2009119987487793 0.5103849768638611 -0.8361470103263855 2.418591022491455 -0.011996000073850155 -0.8522059917449951 -0.5230690240859985 1.5444339513778687 0.0 0.0 0.0 1.0
-0.9784619808197021 0.11816199868917465 -0.16926400363445282 4.761035919189453 0.20614999532699585 0.5167710185050964 -0.8309329748153687 2.3993051052093506 -0.010714000090956688 -0.8479300141334534 -0.5299999713897705 1.5481070280075073 0.0 0.0 0.0 1.0
-0.9774709939956665 0.12244100123643875 -0.17192399501800537 4.742587089538574 0.21069900691509247 0.5178850293159485 -0.8290969729423523 2.3873770236968994 -0.01247899979352951 -0.846642017364502 -0.5320159792900085 1.5466179847717285 0.0 0.0 0.0 1.0
-0.9761980175971985 0.12841099500656128 -0.1747789978981018 4.721405029296875 0.2163809984922409 0.5219560265541077 -0.8250709772109985 2.3719239234924316 -0.014720999635756016 -0.8432509899139404 -0.5373179912567139 1.5495959520339966 0.0 0.0 0.0 1.0
-0.9742270112037659 0.13382700085639954 -0.1815830022096634 4.699193000793457 0.22506999969482422 0.5231080055236816 -0.8220109939575195 2.3566739559173584 -0.01501999981701374 -0.8416939973831177 -0.5397459864616394 1.5530949831008911 0.0 0.0 0.0 1.0
-0.9712520241737366 0.1367509961128235 -0.1948550045490265 4.676712989807129 0.23780199885368347 0.5197920203208923 -0.820527970790863 2.349256992340088 -0.010924000293016434 -0.8432760238647461 -0.5373690128326416 1.550068974494934 0.0 0.0 0.0 1.0
-0.9666020274162292 0.14417800307273865 -0.21187999844551086 4.654253005981445 0.25617700815200806 0.5198479890823364 -0.8149430155754089 2.3373711109161377 -0.007350999861955643 -0.8420040011405945 -0.539421021938324 1.5505590438842773 0.0 0.0 0.0 1.0
-0.9553840160369873 0.1586959958076477 -0.2491140067577362 4.610414981842041 0.29536500573158264 0.517212986946106 -0.8032749891281128 2.3138179779052734 0.0013689999468624592 -0.8410149812698364 -0.5410100221633911 1.5536609888076782 0.0 0.0 0.0 1.0
-0.9482640027999878 0.1678670048713684 -0.2694750130176544 4.5891499519348145 0.3174540102481842 0.5129749774932861 -0.7975460290908813 2.30480694770813 0.004352000076323748 -0.8418300151824951 -0.5397250056266785 1.5512670278549194 0.0 0.0 0.0 1.0
-0.9367740154266357 0.1845410019159317 -0.2973180115222931 4.582709789276123 0.3498690128326416 0.5102660059928894 -0.7856339812278748 2.282273054122925 0.006730000022798777 -0.8399839997291565 -0.5425689816474915 1.5517929792404175 0.0 0.0 0.0 1.0
-0.9269409775733948 0.19906100630760193 -0.31804999709129333 4.562298774719238 0.3751479983329773 0.506833016872406 -0.7761340141296387 2.271505117416382 0.0066999997943639755 -0.8387460112571716 -0.5444819927215576 1.5505269765853882 0.0 0.0 0.0 1.0
-0.9158599972724915 0.21479099988937378 -0.33921200037002563 4.542266845703125 0.40145498514175415 0.5021560192108154 -0.7659459710121155 2.2587060928344727 0.0058189998380839825 -0.8376780152320862 -0.5461339950561523 1.5529060363769531 0.0 0.0 0.0 1.0
-0.9044569730758667 0.23023700714111328 -0.3590930104255676 4.519865036010742 0.4265500009059906 0.49494999647140503 -0.7570199966430664 2.250951051712036 0.0034390001092106104 -0.8378639817237854 -0.545868992805481 1.5528650283813477 0.0 0.0 0.0 1.0
-0.8916419744491577 0.2449049949645996 -0.38078200817108154 4.500378131866455 0.4527370035648346 0.4852890074253082 -0.7480130195617676 2.244070053100586 0.001597000053152442 -0.8393549919128418 -0.543582022190094 1.5503580570220947 0.0 0.0 0.0 1.0
-0.8769069910049438 0.2611429989337921 -0.403533011674881 4.477299213409424 0.48065799474716187 0.4795149862766266 -0.734188973903656 2.2333528995513916 0.0017719999887049198 -0.8377770185470581 -0.5460100173950195 1.5545380115509033 0.0 0.0 0.0 1.0
-0.8594290018081665 0.27710598707199097 -0.42964398860931396 4.454209804534912 0.5112450122833252 0.47118398547172546 -0.7187590003013611 2.228595018386841 0.0032689999788999557 -0.8373759984970093 -0.5466179847717285 1.5547059774398804 0.0 0.0 0.0 1.0
-0.8390200138092041 0.2935590147972107 -0.45811399817466736 4.432844161987305 0.5440750122070312 0.46072301268577576 -0.7012249827384949 2.2227160930633545 0.005212999880313873 -0.8375899791717529 -0.5462740063667297 1.5544240474700928 0.0 0.0 0.0 1.0
-0.8159949779510498 0.3086329996585846 -0.4887720048427582 4.417425155639648 0.5779889822006226 0.44882699847221375 -0.6815299987792969 2.2171928882598877 0.00903099961578846 -0.8386300206184387 -0.5446270108222961 1.5514580011367798 0.0 0.0 0.0 1.0
-0.7960839867591858 0.3257890045642853 -0.5100110173225403 4.394835948944092 0.6050950288772583 0.4431320130825043 -0.6614329814910889 2.214392900466919 0.010514999739825726 -0.8351619839668274 -0.5499039888381958 1.5522559881210327 0.0 0.0 0.0 1.0
-0.7632120251655579 0.34766900539398193 -0.5446410179138184 4.412108898162842 0.6461349725723267 0.41618600487709045 -0.6397650241851807 2.1999199390411377 0.004246000200510025 -0.8401870131492615 -0.5422790050506592 1.5327119827270508 0.0 0.0 0.0 1.0
-0.743619978427887 0.36206498742103577 -0.5620830059051514 4.396029949188232 0.668569028377533 0.4110659956932068 -0.6197100281715393 2.1939780712127686 0.006678000092506409 -0.8366199731826782 -0.547743022441864 1.5346980094909668 0.0 0.0 0.0 1.0
-0.7247719764709473 0.3736709952354431 -0.5788570046424866 4.377318859100342 0.6888899803161621 0.40725699067115784 -0.5996429920196533 2.1910560131073 0.011675000190734863 -0.8333730101585388 -0.5525869727134705 1.5364689826965332 0.0 0.0 0.0 1.0
-0.7021210193634033 0.3851870000362396 -0.5988789796829224 4.362634181976318 0.7118380069732666 0.4005729854106903 -0.5769129991531372 2.1891109943389893 0.017674999311566353 -0.831367015838623 -0.5554419755935669 1.5345139503479004 0.0 0.0 0.0 1.0
-0.6809359788894653 0.3946389853954315 -0.6169170141220093 4.3463568687438965 0.7318570017814636 0.397381991147995 -0.553600013256073 2.186772108078003 0.026680000126361847 -0.8284609913825989 -0.5594109892845154 1.5361859798431396 0.0 0.0 0.0 1.0
-0.6578329801559448 0.40608900785446167 -0.6343079805374146 4.333385944366455 0.7526950240135193 0.3841780126094818 -0.5346570014953613 2.187735080718994 0.026568999513983727 -0.8291559815406799 -0.5583860278129578 1.534162998199463 0.0 0.0 0.0 1.0
-0.636555016040802 0.4114449918270111 -0.6523110270500183 4.322857856750488 0.7706869840621948 0.3711259961128235 -0.5179839730262756 2.188973903656006 0.028968000784516335 -0.8324530124664307 -0.5533379912376404 1.5311609506607056 0.0 0.0 0.0 1.0
-0.6143029928207397 0.41708600521087646 -0.6698279976844788 4.312655925750732 0.7883449792861938 0.36079901456832886 -0.49833500385284424 2.186547040939331 0.03382499888539314 -0.8341839909553528 -0.5504469871520996 1.5324219465255737 0.0 0.0 0.0 1.0
-0.5927500128746033 0.42227500677108765 -0.6858069896697998 4.298865795135498 0.8043529987335205 0.3535279929637909 -0.47753000259399414 2.188563108444214 0.0408019982278347 -0.8346859812736511 -0.5492119789123535 1.533339023590088 0.0 0.0 0.0 1.0
-0.5674729943275452 0.42873498797416687 -0.7029650211334229 4.290013790130615 0.8221290111541748 0.34229201078414917 -0.45490598678588867 2.187674045562744 0.0455860011279583 -0.8360750079154968 -0.5467180013656616 1.5328680276870728 0.0 0.0 0.0 1.0
-0.5271379947662354 0.43338900804519653 -0.7309569716453552 4.312292098999023 0.847881019115448 0.3257099986076355 -0.4183430075645447 2.159212112426758 0.05677499994635582 -0.8402900099754333 -0.539156973361969 1.5289069414138794 0.0 0.0 0.0 1.0
-0.5072720050811768 0.43579500913619995 -0.7434759736061096 4.3035759925842285 0.8596130013465881 0.3170900046825409 -0.40064701437950134 2.1589009761810303 0.061149001121520996 -0.8423399925231934 -0.5354670286178589 1.5306719541549683 0.0 0.0 0.0 1.0
-0.49000900983810425 0.43911799788475037 -0.7530379891395569 4.292226791381836 0.8692640066146851 0.31090599298477173 -0.38433998823165894 2.162014961242676 0.06535399705171585 -0.8429189920425415 -0.5340570211410522 1.5329430103302002 0.0 0.0 0.0 1.0
-0.4697969853878021 0.4423210024833679 -0.7639650106430054 4.2835540771484375 0.8799499869346619 0.30382001399993896 -0.365215003490448 2.1650381088256836 0.07056599855422974 -0.843828022480011 -0.5319539904594421 1.5337320566177368 0.0 0.0 0.0 1.0
-0.44997599720954895 0.4455319941043854 -0.7739660143852234 4.275384902954102 0.889739990234375 0.298101007938385 -0.3456850051879883 2.1679189205169678 0.07670599967241287 -0.8441789746284485 -0.5305460095405579 1.5346159934997559 0.0 0.0 0.0 1.0
-0.42853298783302307 0.4488399922847748 -0.7841569781303406 4.269566059112549 0.8996790051460266 0.29197800159454346 -0.32453998923301697 2.1705050468444824 0.08329000324010849 -0.8445659875869751 -0.5289340019226074 1.5338250398635864 0.0 0.0 0.0 1.0
-0.40628498792648315 0.4552209973335266 -0.7922790050506592 4.262340068817139 0.9095770120620728 0.28421899676322937 -0.30313101410865784 2.1730360984802246 0.08718899637460709 -0.8437970280647278 -0.5295320153236389 1.5340800285339355 0.0 0.0 0.0 1.0
-0.38583099842071533 0.46296900510787964 -0.7979940176010132 4.253783226013184 0.9182140231132507 0.276654988527298 -0.28345200419425964 2.1760730743408203 0.08953899890184402 -0.8420940041542053 -0.5318470001220703 1.5369629859924316 0.0 0.0 0.0 1.0
-0.3672969937324524 0.4673359990119934 -0.8041700124740601 4.248569011688232 0.9256880283355713 0.26782000064849854 -0.26715800166130066 2.1827609539031982 0.09052000194787979 -0.842536985874176 -0.5309780240058899 1.5368249416351318 0.0 0.0 0.0 1.0
-0.34755200147628784 0.4731130003929138 -0.8095499873161316 4.242531776428223 0.9330260157585144 0.26023098826408386 -0.2484789937734604 2.187314033508301 0.09311100095510483 -0.8416910171508789 -0.5318710207939148 1.537485957145691 0.0 0.0 0.0 1.0
-0.33113399147987366 0.4807490110397339 -0.8119300007820129 4.240304946899414 0.9392099976539612 0.25068199634552 -0.23461300134658813 2.193347930908203 0.09074600040912628 -0.8402609825134277 -0.5345339775085449 1.5367419719696045 0.0 0.0 0.0 1.0
-0.3102929890155792 0.48903200030326843 -0.8152089715003967 4.233182907104492 0.9462599754333496 0.24111700057983398 -0.21553300321102142 2.1975769996643066 0.09115800261497498 -0.8382779955863953 -0.537568986415863 1.5384169816970825 0.0 0.0 0.0 1.0
-0.29206401109695435 0.4940829873085022 -0.8188899755477905 4.226090908050537 0.9521980285644531 0.23038099706172943 -0.20060700178146362 2.206666946411133 0.0895410031080246 -0.8383359909057617 -0.5377510190010071 1.541072964668274 0.0 0.0 0.0 1.0
-0.27333900332450867 0.49737200140953064 -0.8233510255813599 4.221193790435791 0.957522988319397 0.22241699695587158 -0.1835239976644516 2.2135140895843506 0.09184800088405609 -0.8385419845581055 -0.5370399951934814 1.5396740436553955 0.0 0.0 0.0 1.0
-0.2557139992713928 0.5018510222434998 -0.8262900114059448 4.217441082000732 0.9621949791908264 0.21501100063323975 -0.1671849936246872 2.2237629890441895 0.09375900030136108 -0.8378040194511414 -0.5378599762916565 1.538282036781311 0.0 0.0 0.0 1.0
-0.23691600561141968 0.5085960030555725 -0.8277680277824402 4.209366798400879 0.9669349789619446 0.20621000230312347 -0.15004700422286987 2.2309699058532715 0.09438099712133408 -0.8359469771385193 -0.5406339764595032 1.5404690504074097 0.0 0.0 0.0 1.0
-0.22066399455070496 0.5122730135917664 -0.829990029335022 4.20389986038208 0.970894992351532 0.19660599529743195 -0.13677899539470673 2.2437028884887695 0.0931129977107048 -0.8360159993171692 -0.5407469868659973 1.5419280529022217 0.0 0.0 0.0 1.0
-0.20207199454307556 0.5154910087585449 -0.8327280282974243 4.198025226593018 0.9750530123710632 0.18563899397850037 -0.12168999761343002 2.252450942993164 0.09185700118541718 -0.8365439772605896 -0.5401440262794495 1.5428450107574463 0.0 0.0 0.0 1.0
-0.18489700555801392 0.5180649757385254 -0.835116982460022 4.191114902496338 0.9784529805183411 0.17649699747562408 -0.10714200139045715 2.2640819549560547 0.09188900142908096 -0.8369330167770386 -0.5395359992980957 1.545470952987671 0.0 0.0 0.0 1.0
-0.16377200186252594 0.5207430124282837 -0.8378580212593079 4.182941913604736 0.9823219776153564 0.16415399312973022 -0.08998499810695648 2.2735540866851807 0.09067899733781815 -0.8377829790115356 -0.5384209752082825 1.5503870248794556 0.0 0.0 0.0 1.0
-0.1484609991312027 0.517445981502533 -0.8427389860153198 4.179304122924805 0.9844729900360107 0.15804600715637207 -0.07638800144195557 2.2835330963134766 0.0936649963259697 -0.8409940004348755 -0.5328750014305115 1.552366018295288 0.0 0.0 0.0 1.0
-0.13053399324417114 0.5103060007095337 -0.8500279784202576 4.175722122192383 0.9870730042457581 0.14730900526046753 -0.06314399838447571 2.299086093902588 0.09299399703741074 -0.8472819924354553 -0.5229390263557434 1.5525330305099487 0.0 0.0 0.0 1.0
-0.11360999941825867 0.506816029548645 -0.8545349836349487 4.167708873748779 0.9893540143966675 0.13644300401210785 -0.05061100050806999 2.3142130374908447 0.09094499796628952 -0.8511880040168762 -0.5169219970703125 1.558966040611267 0.0 0.0 0.0 1.0
-0.09498400241136551 0.4993239939212799 -0.8611930012702942 4.162597179412842 0.9914730191230774 0.12498000264167786 -0.03688900172710419 2.3264319896698 0.08921299874782562 -0.8573539853096008 -0.5069370269775391 1.5628639459609985 0.0 0.0 0.0 1.0
-0.07737600058317184 0.4908500015735626 -0.8678010106086731 4.156816005706787 0.9930620193481445 0.11525099724531174 -0.0233559999614954 2.342132091522217 0.08855099976062775 -0.8635879755020142 -0.49636200070381165 1.56939697265625 0.0 0.0 0.0 1.0
-0.05899500101804733 0.47986099123954773 -0.875357985496521 4.151010990142822 0.9943429827690125 0.10583300143480301 -0.008996999822556973 2.357343912124634 0.08832500129938126 -0.8709369897842407 -0.4833909869194031 1.575003981590271 0.0 0.0 0.0 1.0
-0.04066099971532822 0.4677410125732422 -0.8829299807548523 4.147154808044434 0.9944750070571899 0.10453800112009048 0.009581999853253365 2.3743391036987305 0.09678100049495697 -0.8776620030403137 -0.46940699219703674 1.5758589506149292 0.0 0.0 0.0 1.0
-0.016347000375390053 0.466280996799469 -0.8844850063323975 4.141599178314209 0.9947119951248169 0.0972839966416359 0.03290199860930443 2.3911149501800537 0.10138799995183945 -0.8792709708213806 -0.46540701389312744 1.5798070430755615 0.0 0.0 0.0 1.0
0.0075159999541938305 0.46608099341392517 -0.8847100138664246 4.136137008666992 0.9941459894180298 0.09187500178813934 0.05684699863195419 2.4039530754089355 0.10777799785137177 -0.879958987236023 -0.462662011384964 1.5850939750671387 0.0 0.0 0.0 1.0
0.031012000516057014 0.4632889926433563 -0.8856639862060547 4.130833148956299 0.993162989616394 0.08548399806022644 0.07949300110340118 2.416604995727539 0.11253800243139267 -0.8820739984512329 -0.45747101306915283 1.5909130573272705 0.0 0.0 0.0 1.0
0.054444000124931335 0.46252700686454773 -0.8849319815635681 4.122745990753174 0.992563009262085 0.0715709999203682 0.09847400337457657 2.4225099086761475 0.10888200253248215 -0.8837109804153442 -0.4551909863948822 1.5987370014190674 0.0 0.0 0.0 1.0
0.0764240026473999 0.4600520133972168 -0.8845970034599304 4.1196208000183105 0.9908080101013184 0.0642779991030693 0.11902999877929688 2.4349160194396973 0.11162000149488449 -0.885562002658844 -0.4509109854698181 1.601425051689148 0.0 0.0 0.0 1.0
0.09619300067424774 0.46026599407196045 -0.8825539946556091 4.117608070373535 0.9887239933013916 0.05804700031876564 0.13803699612617493 2.452863931655884 0.11476399749517441 -0.8858810067176819 -0.4494920074939728 1.6038769483566284 0.0 0.0 0.0 1.0
0.12022799998521805 0.46249398589134216 -0.8784329891204834 4.112987995147705 0.9858419895172119 0.048558998852968216 0.16049499809741974 2.4662721157073975 0.11688400059938431 -0.8852919936180115 -0.45010700821876526 1.6066550016403198 0.0 0.0 0.0 1.0
0.1440110057592392 0.46298500895500183 -0.8745880126953125 4.110473155975342 0.982587993144989 0.03794899955391884 0.1818840056657791 2.4788599014282227 0.11739999800920486 -0.8855530023574829 -0.4494589865207672 1.6090470552444458 0.0 0.0 0.0 1.0
0.16635100543498993 0.4608680009841919 -0.8717380166053772 4.108602046966553 0.9792709946632385 0.026396000757813454 0.2008260041475296 2.4920809268951416 0.11556500196456909 -0.8870760202407837 -0.44692400097846985 1.6106699705123901 0.0 0.0 0.0 1.0
0.18664899468421936 0.45936399698257446 -0.8684160113334656 4.108216762542725 0.9758780002593994 0.015201999805867672 0.2177879959344864 2.5047049522399902 0.11324600130319595 -0.8881180286407471 -0.4454460144042969 1.6105619668960571 0.0 0.0 0.0 1.0
0.20449499785900116 0.4605419933795929 -0.8637610077857971 4.1073760986328125 0.972599983215332 0.004102000035345554 0.2324489951133728 2.522178888320923 0.11059600114822388 -0.887628972530365 -0.4470840096473694 1.6102789640426636 0.0 0.0 0.0 1.0
0.22517399489879608 0.4641819894313812 -0.8566399812698364 4.104013919830322 0.9680280089378357 -0.006837999913841486 0.25074800848960876 2.5354249477386475 0.11053500324487686 -0.8857139945030212 -0.4508810043334961 1.6132140159606934 0.0 0.0 0.0 1.0
0.24721300601959229 0.4637489914894104 -0.8507779836654663 4.102013111114502 0.9628180265426636 -0.01885399967432022 0.2694920003414154 2.5493319034576416 0.10893700271844864 -0.8857660293579102 -0.4511669874191284 1.6147630214691162 0.0 0.0 0.0 1.0
0.2861909866333008 0.46112701296806335 -0.8399149775505066 4.091271877288818 0.9519879817962646 -0.03740999847650528 0.3038400113582611 2.516771078109741 0.10868799686431885 -0.8865450024604797 -0.4496940076351166 1.6091630458831787 0.0 0.0 0.0 1.0
0.3078800141811371 0.4615580141544342 -0.8319699764251709 4.089836120605469 0.9451320171356201 -0.0479619987308979 0.3231489956378937 2.5311789512634277 0.10924900323152542 -0.8858129978179932 -0.450998991727829 1.6102830171585083 0.0 0.0 0.0 1.0
0.33027899265289307 0.46241599321365356 -0.8228530287742615 4.087450981140137 0.9374020099639893 -0.058713000267744064 0.34326300024986267 2.543118953704834 0.11041799932718277 -0.8847169876098633 -0.4528610110282898 1.6100399494171143 0.0 0.0 0.0 1.0
0.35295501351356506 0.462675005197525 -0.8132370114326477 4.085689067840576 0.9292299747467041 -0.07176800072193146 0.3624660074710846 2.5559239387512207 0.10933999717235565 -0.8836179971694946 -0.4552620053291321 1.6073709726333618 0.0 0.0 0.0 1.0
0.3748219907283783 0.4646579921245575 -0.8022469878196716 4.084071159362793 0.9205960035324097 -0.0842449963092804 0.3813219964504242 2.565376043319702 0.10959900170564651 -0.8814730048179626 -0.4593389928340912 1.6058310270309448 0.0 0.0 0.0 1.0
0.39814698696136475 0.4659290015697479 -0.7901830077171326 4.0765228271484375 0.9109039902687073 -0.09909400343894958 0.4005430042743683 2.575500965118408 0.10832300037145615 -0.879256010055542 -0.46386998891830444 1.6045140027999878 0.0 0.0 0.0 1.0
0.419964998960495 0.46591100096702576 -0.7788169980049133 4.074079990386963 0.9012789726257324 -0.11348000168800354 0.41811299324035645 2.5866119861602783 0.10642299801111221 -0.8775240182876587 -0.46757298707962036 1.6029740571975708 0.0 0.0 0.0 1.0
0.4435720145702362 0.4624220132827759 -0.7677289843559265 4.07200813293457 0.8900859951972961 -0.1270959973335266 0.43771401047706604 2.5943570137023926 0.10483299940824509 -0.877502977848053 -0.4679720103740692 1.5958470106124878 0.0 0.0 0.0 1.0
0.46604499220848083 0.4630340039730072 -0.7539240121841431 4.069244861602783 0.8786900043487549 -0.14257599413394928 0.45560500025749207 2.605937957763672 0.10346899926662445 -0.8747979998588562 -0.4733099937438965 1.5958980321884155 0.0 0.0 0.0 1.0
0.4898119866847992 0.4625079929828644 -0.7390329837799072 4.060057163238525 0.8659899830818176 -0.16017499566078186 0.4737139940261841 2.6177000999450684 0.10072200000286102 -0.8720260262489319 -0.4789830148220062 1.5947879552841187 0.0 0.0 0.0 1.0
0.5185149908065796 0.45047399401664734 -0.7267839908599854 4.0554962158203125 0.8493059873580933 -0.17281700670719147 0.4988119900226593 2.609199047088623 0.09910199791193008 -0.8759040236473083 -0.4721980094909668 1.5713109970092773 0.0 0.0 0.0 1.0
0.5382959842681885 0.44870200753211975 -0.7133749723434448 4.054938793182373 0.8374390006065369 -0.18985499441623688 0.5124959945678711 2.6259069442749023 0.09452000260353088 -0.8732820153236389 -0.477959007024765 1.5755640268325806 0.0 0.0 0.0 1.0
0.5613499879837036 0.44464099407196045 -0.697983980178833 4.049225807189941 0.8223659992218018 -0.2051900029182434 0.5306710004806519 2.6381819248199463 0.09273900091648102 -0.8718900084495544 -0.4808410108089447 1.5724589824676514 0.0 0.0 0.0 1.0
0.5881230235099792 0.4375250041484833 -0.6802080273628235 4.042004108428955 0.8037149906158447 -0.22227799892425537 0.5519369840621948 2.642819881439209 0.09029100090265274 -0.8712999820709229 -0.4823729991912842 1.5665650367736816 0.0 0.0 0.0 1.0
0.610821008682251 0.4306580126285553 -0.6644030213356018 4.035708904266357 0.7870619893074036 -0.23889900743961334 0.5687369704246521 2.6552340984344482 0.08620499819517136 -0.8703219890594482 -0.4848789870738983 1.566398024559021 0.0 0.0 0.0 1.0
0.6331769824028015 0.41957399249076843 -0.6504189968109131 4.030938148498535 0.7695299983024597 -0.2509939968585968 0.5872189998626709 2.662403106689453 0.08313000202178955 -0.8723300099372864 -0.48179900646209717 1.56100594997406 0.0 0.0 0.0 1.0
0.6557869911193848 0.4085659980773926 -0.6348360180854797 4.0262131690979 0.7506099939346313 -0.26286500692367554 0.606207013130188 2.669842004776001 0.08079999685287476 -0.8740569949150085 -0.4790570139884949 1.5554230213165283 0.0 0.0 0.0 1.0
0.6794310212135315 0.39866799116134644 -0.6159849762916565 4.017358779907227 0.7297120094299316 -0.27929699420928955 0.6241099834442139 2.6793289184570312 0.07677000015974045 -0.8735309839248657 -0.48067599534988403 1.553905963897705 0.0 0.0 0.0 1.0
0.7014840245246887 0.3899590075016022 -0.5965330004692078 4.010337829589844 0.7086160182952881 -0.29231899976730347 0.6421939730644226 2.6865949630737305 0.07605099678039551 -0.8732020258903503 -0.48138898611068726 1.5533180236816406 0.0 0.0 0.0 1.0
0.7240099906921387 0.3773359954357147 -0.5774310231208801 4.002412796020508 0.6860629916191101 -0.3070189952850342 0.6595889925956726 2.693018913269043 0.07160399854183197 -0.8737030029296875 -0.4811609983444214 1.551300048828125 0.0 0.0 0.0 1.0
0.74310702085495 0.36750999093055725 -0.5592210292816162 3.982635021209717 0.665818989276886 -0.3225109875202179 0.6728090047836304 2.7008140087127686 0.06690900027751923 -0.8723090291023254 -0.48435500264167786 1.5525109767913818 0.0 0.0 0.0 1.0
0.7613459825515747 0.3558039963245392 -0.5419920086860657 3.971890926361084 0.6457729935646057 -0.3417719900608063 0.6827660202980042 2.713021993637085 0.057693000882864 -0.869825005531311 -0.4899759888648987 1.5617289543151855 0.0 0.0 0.0 1.0
0.7799429893493652 0.34340399503707886 -0.5232229828834534 3.965466022491455 0.6233519911766052 -0.3516179919242859 0.6984249949455261 2.716027021408081 0.05586700141429901 -0.8708840012550354 -0.488303005695343 1.5567710399627686 0.0 0.0 0.0 1.0
0.7993810176849365 0.33143898844718933 -0.5011370182037354 3.960503101348877 0.5984799861907959 -0.36563101410865784 0.7128369808197021 2.7241530418395996 0.053029999136924744 -0.8697479963302612 -0.49063798785209656 1.5570989847183228 0.0 0.0 0.0 1.0
0.8174890279769897 0.31956198811531067 -0.4791580140590668 3.9509990215301514 0.5738800168037415 -0.3815790116786957 0.7246099710464478 2.7311770915985107 0.04872100055217743 -0.867339015007019 -0.4953269958496094 1.558189034461975 0.0 0.0 0.0 1.0
0.8322539925575256 0.3072870075702667 -0.46143999695777893 3.9397149085998535 0.5526919960975647 -0.3947260081768036 0.7339770197868347 2.7350831031799316 0.04339899867773056 -0.8658900260925293 -0.4983479976654053 1.5580639839172363 0.0 0.0 0.0 1.0
0.8433430194854736 0.2946850061416626 -0.4493680000305176 3.9353508949279785 0.5361379981040955 -0.4047119915485382 0.7407860159873962 2.7422590255737305 0.03643399849534035 -0.8656610250473022 -0.49930301308631897 1.557610034942627 0.0 0.0 0.0 1.0
0.8550750017166138 0.283037006855011 -0.43443799018859863 3.928802013397217 0.5174689888954163 -0.4129219949245453 0.7494800090789795 2.7475030422210693 0.0327409990131855 -0.8656700253486633 -0.4995419979095459 1.5556459426879883 0.0 0.0 0.0 1.0
0.8682469725608826 0.27070799469947815 -0.4157699942588806 3.9245688915252686 0.4953249990940094 -0.42517998814582825 0.757544994354248 2.754671096801758 0.02829599939286709 -0.8636770248413086 -0.503250002861023 1.5543659925460815 0.0 0.0 0.0 1.0
0.8811200261116028 0.2576029896736145 -0.39657101035118103 3.9180610179901123 0.47232499718666077 -0.4383319914340973 0.7647050023078918 2.7619540691375732 0.023159999400377274 -0.8611069917678833 -0.5078949928283691 1.5530489683151245 0.0 0.0 0.0 1.0
0.889864981174469 0.24751900136470795 -0.38324201107025146 3.913188934326172 0.45569899678230286 -0.44196200370788574 0.7726629972457886 2.7675139904022217 0.021870000287890434 -0.8622090220451355 -0.5060809850692749 1.54692804813385 0.0 0.0 0.0 1.0
0.9006549715995789 0.23489299416542053 -0.36557701230049133 3.911046028137207 0.4341149926185608 -0.44937801361083984 0.7807719707489014 2.77380108833313 0.019115999341011047 -0.8619080185890198 -0.5067049860954285 1.5442490577697754 0.0 0.0 0.0 1.0
0.9117810130119324 0.22551099956035614 -0.34321901202201843 3.911742925643921 0.41015198826789856 -0.45787501335144043 0.7887489795684814 2.7833189964294434 0.02072099968791008 -0.8599389791488647 -0.5099760293960571 1.542011022567749 0.0 0.0 0.0 1.0
0.9236950278282166 0.22151899337768555 -0.31259799003601074 3.901185989379883 0.3818430006504059 -0.4654650092124939 0.7984600067138672 2.7894859313964844 0.03137100115418434 -0.8568969964981079 -0.5145329833030701 1.5415879487991333 0.0 0.0 0.0 1.0
0.9336699843406677 0.2154020071029663 -0.28611499071121216 3.895864963531494 0.35600200295448303 -0.4711810052394867 0.8070020079612732 2.7971930503845215 0.03901800140738487 -0.8553310036659241 -0.5166109800338745 1.5411980152130127 0.0 0.0 0.0 1.0
0.9436650276184082 0.20291300117969513 -0.2613840103149414 3.892296075820923 0.3283259868621826 -0.47582098841667175 0.8159629702568054 2.805546998977661 0.0411980003118515 -0.8558160066604614 -0.515637993812561 1.5410159826278687 0.0 0.0 0.0 1.0
0.9534260034561157 0.18741700053215027 -0.23633599281311035 3.8904290199279785 0.2987540066242218 -0.47886401414871216 0.8254910111427307 2.8130180835723877 0.04153800010681152 -0.8576499819755554 -0.5125529766082764 1.5401170253753662 0.0 0.0 0.0 1.0
0.9627919793128967 0.1737460047006607 -0.2069849967956543 3.886981964111328 0.2664960026741028 -0.4833599925041199 0.8338720202445984 2.821268081665039 0.04483399912714958 -0.8580060005187988 -0.5116779804229736 1.5417389869689941 0.0 0.0 0.0 1.0
0.97114098072052 0.1599860042333603 -0.1768849939107895 3.8846750259399414 0.23338699340820312 -0.4846709966659546 0.8429849743843079 2.829490900039673 0.0491349995136261 -0.8599410057067871 -0.5080230236053467 1.540490984916687 0.0 0.0 0.0 1.0
0.9784510135650635 0.14600500464439392 -0.14599700272083282 3.881377935409546 0.19945399463176727 -0.48552900552749634 0.8511639833450317 2.837311029434204 0.053387999534606934 -0.8619419932365417 -0.5041880011558533 1.5409469604492188 0.0 0.0 0.0 1.0
0.9840570092201233 0.13135500252246857 -0.1199060007929802 3.8755650520324707 0.16928499937057495 -0.4850510060787201 0.8579440116882324 2.8454980850219727 0.05453500151634216 -0.8645640015602112 -0.49955499172210693 1.5416209697723389 0.0 0.0 0.0 1.0
0.9881420135498047 0.1219479963183403 -0.09329299628734589 3.8734309673309326 0.14135800302028656 -0.4853399991989136 0.8628219962120056 2.8506979942321777 0.05994100123643875 -0.8657789826393127 -0.4968239963054657 1.5401170253753662 0.0 0.0 0.0 1.0
0.9914420247077942 0.11085999757051468 -0.06893400102853775 3.8690569400787354 0.11464899778366089 -0.48689600825309753 0.8659030199050903 2.8631720542907715 0.06243100017309189 -0.8663960099220276 -0.49543899297714233 1.5449650287628174 0.0 0.0 0.0 1.0
0.9940840005874634 0.09673599898815155 -0.04938599839806557 3.862612009048462 0.09012400358915329 -0.48089900612831116 0.8721320033073425 2.8716259002685547 0.06061699986457825 -0.8714230060577393 -0.48677200078964233 1.5476080179214478 0.0 0.0 0.0 1.0
0.9959499835968018 0.08286900073289871 -0.03487899899482727 3.860280990600586 0.06996600329875946 -0.4707010090351105 0.8795139789581299 2.8764710426330566 0.056467000395059586 -0.8783929944038391 -0.474592000246048 1.5469659566879272 0.0 0.0 0.0 1.0
0.9971050024032593 0.07334800064563751 -0.02004300057888031 3.8571720123291016 0.05194700136780739 -0.4646179974079132 0.8839859962463379 2.8821399211883545 0.0555259995162487 -0.8824679851531982 -0.46708300709724426 1.5479340553283691 0.0 0.0 0.0 1.0
0.9981250166893005 0.06104600057005882 -0.004298000130802393 3.857844114303589 0.03189399838447571 -0.4589659869670868 0.8878809809684753 2.8899619579315186 0.05222899839282036 -0.8863540291786194 -0.4600529968738556 1.5491130352020264 0.0 0.0 0.0 1.0
0.9987090229988098 0.04955799877643585 0.011107999831438065 3.859626054763794 0.012474999763071537 -0.45139598846435547 0.8922359943389893 2.8985650539398193 0.04923199862241745 -0.8909459710121155 -0.4514319896697998 1.549041986465454 0.0 0.0 0.0 1.0
0.9987900257110596 0.04013799875974655 0.028415000066161156 3.860105037689209 -0.0076049999333918095 -0.44480100274086 0.895596981048584 2.9078190326690674 0.04858599975705147 -0.8947290182113647 -0.44395801424980164 1.5525130033493042 0.0 0.0 0.0 1.0
0.998583972454071 0.026030000299215317 0.046390000730752945 3.8645999431610107 -0.030319999903440475 -0.43803301453590393 0.8984469771385193 2.9147770404815674 0.043706998229026794 -0.8985819816589355 -0.4366239905357361 1.5508029460906982 0.0 0.0 0.0 1.0
0.9969760179519653 0.012128000147640705 0.0767579972743988 3.844567060470581 -0.06371600180864334 -0.4378960132598877 0.8967649936676025 2.919361114501953 0.044488001614809036 -0.8989440202713013 -0.4357990026473999 1.5534729957580566 0.0 0.0 0.0 1.0
0.9949809908866882 0.004945999942719936 0.09994400292634964 3.8414769172668457 -0.08778200298547745 -0.4363330006599426 0.8954929709434509 2.928961992263794 0.048037998378276825 -0.8997719883918762 -0.4337089955806732 1.5549609661102295 0.0 0.0 0.0 1.0
0.9925150275230408 -0.0005339999916031957 0.12211800366640091 3.8421061038970947 -0.110275998711586 -0.43352600932121277 0.8943679928779602 2.9363059997558594 0.05246400088071823 -0.9011409878730774 -0.4303399920463562 1.5556520223617554 0.0 0.0 0.0 1.0
0.9893749952316284 -0.00944599974900484 0.14507600665092468 3.843297004699707 -0.1349480003118515 -0.4309079945087433 0.8922489881515503 2.9492061138153076 0.054085999727249146 -0.9023470282554626 -0.42760398983955383 1.5584269762039185 0.0 0.0 0.0 1.0
0.9857270121574402 -0.018031999468803406 0.16738399863243103 3.8414649963378906 -0.15904299914836884 -0.42578500509262085 0.890736997127533 2.9571549892425537 0.0552080012857914 -0.9046450257301331 -0.4225749969482422 1.5612709522247314 0.0 0.0 0.0 1.0
0.9822450280189514 -0.025939999148249626 0.18579800426959991 3.8421850204467773 -0.17959800362586975 -0.41620200872421265 0.8913580179214478 2.964081048965454 0.054207999259233475 -0.9089019894599915 -0.4134719967842102 1.5618230104446411 0.0 0.0 0.0 1.0
0.9787439703941345 -0.0337739996612072 0.2022850066423416 3.8424301147460938 -0.1983480006456375 -0.40662598609924316 0.8918030261993408 2.969630002975464 0.05213399976491928 -0.9129700064659119 -0.4046820104122162 1.562656044960022 0.0 0.0 0.0 1.0
0.9748380184173584 -0.040688998997211456 0.21916800737380981 3.844672918319702 -0.21687200665473938 -0.40046799182891846 0.8902760148048401 2.9783360958099365 0.05154599994421005 -0.9154070019721985 -0.3992150127887726 1.5681079626083374 0.0 0.0 0.0 1.0
0.9691200256347656 -0.04402799904346466 0.24262699484825134 3.8421919345855713 -0.24011099338531494 -0.3925530016422272 0.8878340125083923 2.9861929416656494 0.056154001504182816 -0.9186750054359436 -0.3910030126571655 1.5702149868011475 0.0 0.0 0.0 1.0
0.962897002696991 -0.05021300166845322 0.265157014131546 3.8417649269104004 -0.2637470066547394 -0.38319799304008484 0.8852099776268005 2.9925930500030518 0.057158999145030975 -0.9222999811172485 -0.3822239935398102 1.570924997329712 0.0 0.0 0.0 1.0
0.953728973865509 -0.06384599953889847 0.29381099343299866 3.8378870487213135 -0.29589301347732544 -0.3727790117263794 0.8794789910316467 3.0022408962249756 0.05337600037455559 -0.9257209897041321 -0.37442201375961304 1.5731979608535767 0.0 0.0 0.0 1.0
0.9457100033760071 -0.06618800014257431 0.3181999921798706 3.839369058609009 -0.3196389973163605 -0.3666810095310211 0.873714029788971 3.0102880001068115 0.05884899944067001 -0.9279890060424805 -0.3679310083389282 1.5778629779815674 0.0 0.0 0.0 1.0
0.9299119710922241 -0.07547300308942795 0.3599550127983093 3.841952085494995 -0.36252400279045105 -0.35301700234413147 0.8625289797782898 3.0210039615631104 0.061973001807928085 -0.9325680136680603 -0.35563498735427856 1.585108995437622 0.0 0.0 0.0 1.0
0.9221289753913879 -0.07835499942302704 0.37886399030685425 3.841275930404663 -0.381879985332489 -0.34129199385643005 0.8588870167732239 3.0252299308776855 0.062004998326301575 -0.9366859793663025 -0.34463798999786377 1.583400011062622 0.0 0.0 0.0 1.0
0.9148920178413391 -0.08126000314950943 0.39543500542640686 3.838494062423706 -0.39917999505996704 -0.32824599742889404 0.8561019897460938 3.0310540199279785 0.06023300066590309 -0.941091001033783 -0.3327470123767853 1.5890239477157593 0.0 0.0 0.0 1.0
0.9098430275917053 -0.07975900173187256 0.4072139859199524 3.8394720554351807 -0.4108780026435852 -0.31033599376678467 0.8572459816932678 3.034205913543701 0.057999998331069946 -0.9472749829292297 -0.31512799859046936 1.5929900407791138 0.0 0.0 0.0 1.0
0.9040600061416626 -0.07591799646615982 0.4206089973449707 3.835530996322632 -0.4236510097980499 -0.2893269956111908 0.8583760261535645 3.0381219387054443 0.05652699992060661 -0.9542149901390076 -0.2937319874763489 1.60132896900177 0.0 0.0 0.0 1.0
0.8990979790687561 -0.06698600202798843 0.4325900077819824 3.8344860076904297 -0.43421098589897156 -0.26180800795555115 0.8619260191917419 3.0401721000671387 0.05551899969577789 -0.9627919793128967 -0.26447799801826477 1.5952750444412231 0.0 0.0 0.0 1.0
0.8940610289573669 -0.05596400052309036 0.4444350004196167 3.836538076400757 -0.4446290135383606 -0.23138099908828735 0.8653140068054199 3.0413661003112793 0.05440700054168701 -0.9712520241737366 -0.23175199329853058 1.5997289419174194 0.0 0.0 0.0 1.0
0.8872159719467163 -0.04397900030016899 0.4592530131340027 3.8335208892822266 -0.45834800601005554 -0.19747400283813477 0.8665570020675659 3.0459799766540527 0.052581001073122025 -0.9793210029602051 -0.195360004901886 1.6120049953460693 0.0 0.0 0.0 1.0
0.8783090114593506 -0.04027299955487251 0.47639399766921997 3.8233649730682373 -0.4754279851913452 -0.1786549985408783 0.8614240288734436 3.0515170097351074 0.05041800066828728 -0.9830870032310486 -0.1760610044002533 1.6333149671554565 0.0 0.0 0.0 1.0
0.8670709729194641 -0.03818799927830696 0.49671798944473267 3.822031021118164 -0.4962269961833954 -0.15448999404907227 0.8543369770050049 3.051145076751709 0.044112998992204666 -0.9872559905052185 -0.15290400385856628 1.6337779760360718 0.0 0.0 0.0 1.0
0.8631100058555603 -0.037383999675512314 0.5036299824714661 3.8227059841156006 -0.5033289790153503 -0.14510899782180786 0.8518239855766296 3.0513710975646973 0.0412370003759861 -0.9887089729309082 -0.14406199753284454 1.6390949487686157 0.0 0.0 0.0 1.0
0.8603919744491577 -0.03079400025308132 0.5087010264396667 3.824928045272827 -0.5081210136413574 -0.12865599989891052 0.851622998714447 3.0484819412231445 0.03922300040721893 -0.9912109971046448 -0.12634199857711792 1.6486740112304688 0.0 0.0 0.0 1.0
0.8571119904518127 -0.020742999389767647 0.5147119760513306 3.8267030715942383 -0.5137519836425781 -0.10744500160217285 0.8511840105056763 3.0462069511413574 0.037647001445293427 -0.9939950108528137 -0.10274899750947952 1.6532310247421265 0.0 0.0 0.0 1.0
0.8528239727020264 -0.014325999654829502 0.5220019817352295 3.8255228996276855 -0.5210469961166382 -0.08970999717712402 0.8488010168075562 3.045145034790039 0.034669000655412674 -0.995864987373352 -0.08397100120782852 1.6557860374450684 0.0 0.0 0.0 1.0
0.8488039970397949 -0.010088999755680561 0.5286110043525696 3.823129892349243 -0.5277640223503113 -0.07588999718427658 0.8459939956665039 3.0448009967803955 0.03158099949359894 -0.997065007686615 -0.06973999738693237 1.659487009048462 0.0 0.0 0.0 1.0
0.8469560146331787 -0.007400999777019024 0.5316110253334045 3.8245420455932617 -0.5308740139007568 -0.06622300297021866 0.8448590040206909 3.040329933166504 0.02895200066268444 -0.997776985168457 -0.06001700088381767 1.67085599899292 0.0 0.0 0.0 1.0
0.8449270129203796 -0.0007970000151544809 0.5348799824714661 3.8255109786987305 -0.5340849757194519 -0.0558059997856617 0.8435869812965393 3.037415027618408 0.029177000746130943 -0.9984409809112549 -0.04757700115442276 1.6747750043869019 0.0 0.0 0.0 1.0
0.8435800075531006 0.0053369998931884766 0.5369769930839539 3.8287088871002197 -0.5361829996109009 -0.046921998262405396 0.8427969813346863 3.0344460010528564 0.029694000259041786 -0.9988840222358704 -0.036720000207424164 1.6809309720993042 0.0 0.0 0.0 1.0
0.8401510119438171 0.00963400024920702 0.5422670245170593 3.8236451148986816 -0.5415130257606506 -0.040720999240875244 0.8397060036659241 3.0352540016174316 0.030170999467372894 -0.9991239905357361 -0.028994999825954437 1.6965110301971436 0.0 0.0 0.0 1.0
0.8402169942855835 0.019061999395489693 0.541916012763977 3.8293230533599854 -0.5413389801979065 -0.02845500037074089 0.8403229713439941 3.0299060344696045 0.03143899887800217 -0.999413013458252 -0.01358999963849783 1.7006679773330688 0.0 0.0 0.0 1.0
0.8400149941444397 0.027458999305963516 0.5418689846992493 3.8313090801239014 -0.5415830016136169 -0.017590999603271484 0.8404629826545715 3.0239639282226562 0.032611001282930374 -0.9994680285453796 9.500000305706635e-05 1.705230951309204 0.0 0.0 0.0 1.0
0.8405560255050659 0.03747300058603287 0.5404260158538818 3.8370048999786377 -0.5410079956054688 0.006800999864935875 0.8409900069236755 3.0117690563201904 0.027838999405503273 -0.9992740154266357 0.025989999994635582 1.7184449434280396 0.0 0.0 0.0 1.0
0.8399609923362732 0.04458700120449066 0.5408120155334473 3.840111017227173 -0.5418949723243713 0.016450999304652214 0.8402860164642334 3.006092071533203 0.028568999841809273 -0.9988700151443481 0.03798000141978264 1.7271430492401123 0.0 0.0 0.0 1.0
0.8392320275306702 0.05350799858570099 0.5411339998245239 3.84512996673584 -0.5429630279541016 0.028172999620437622 0.8392840027809143 2.998271942138672 0.029663000255823135 -0.998170018196106 0.05269699916243553 1.7270450592041016 0.0 0.0 0.0 1.0
0.8370699882507324 0.05657200142741203 0.5441629886627197 3.8495240211486816 -0.5463830232620239 0.03569300100207329 0.836775004863739 2.9917969703674316 0.027915000915527344 -0.997759997844696 0.060787998139858246 1.7369840145111084 0.0 0.0 0.0 1.0
0.8353539705276489 0.0614980012178421 0.5462610125541687 3.8552980422973633 -0.5490570068359375 0.044828999787569046 0.8345819711685181 2.983376979827881 0.026837000623345375 -0.9970999956130981 0.07121399790048599 1.7390860319137573 0.0 0.0 0.0 1.0
0.833844006061554 0.06577599793672562 0.5480669736862183 3.861812114715576 -0.5513299703598022 0.05034799873828888 0.8327670097351074 2.9751219749450684 0.027181999757885933 -0.9965630173683167 0.07824599742889404 1.7421859502792358 0.0 0.0 0.0 1.0
0.832735002040863 0.06737799942493439 0.5495569705963135 3.868669033050537 -0.5530290007591248 0.05338900163769722 0.8314499855041504 2.966325044631958 0.026681000366806984 -0.9962980151176453 0.0817210003733635 1.7465150356292725 0.0 0.0 0.0 1.0
0.8310319781303406 0.06869299709796906 0.5519670248031616 3.8744781017303467 -0.5554969906806946 0.05172299966216087 0.8299090266227722 2.9608991146087646 0.028459999710321426 -0.9962959885597229 0.08114200085401535 1.752648949623108 0.0 0.0 0.0 1.0
0.8308510184288025 0.061344001442193985 0.5531030297279358 3.884619951248169 -0.5559800267219543 0.048788998275995255 0.8297629952430725 2.9492509365081787 0.02391500025987625 -0.9969239830970764 0.07464300096035004 1.7643699645996094 0.0 0.0 0.0 1.0
0.8306679725646973 0.05242199823260307 0.5542939901351929 3.8918240070343018 -0.5565209984779358 0.04853399842977524 0.8294150233268738 2.941066026687622 0.01657699979841709 -0.9974449872970581 0.0694890022277832 1.7715599536895752 0.0 0.0 0.0 1.0
0.8317390084266663 0.04547100141644478 0.5533009767532349 3.8997480869293213 -0.5550749897956848 0.05000599846243858 0.830295979976654 2.9314088821411133 0.010085999965667725 -0.997713029384613 0.06683100014925003 1.7759900093078613 0.0 0.0 0.0 1.0
0.8331220149993896 0.03844200074672699 0.551751971244812 3.9074440002441406 -0.5530850291252136 0.053700000047683716 0.8313930034637451 2.921962022781372 0.0023320000618696213 -0.9978169798851013 0.06600099802017212 1.7762819528579712 0.0 0.0 0.0 1.0
0.83399498462677 0.032846998423337936 0.5507929921150208 3.913348913192749 -0.5517719984054565 0.04976800084114075 0.8325089812278748 2.9133310317993164 -6.600000051548705e-05 -0.9982209801673889 0.05962999910116196 1.7861690521240234 0.0 0.0 0.0 1.0
0.8346430063247681 0.026014000177383423 0.5501760244369507 3.9225409030914307 -0.5507799983024597 0.04584699869155884 0.833391010761261 2.903438091278076 -0.0035439999774098396 -0.9986100196838379 0.05259399861097336 1.7831389904022217 0.0 0.0 0.0 1.0
0.8329169750213623 0.016163000836968422 0.5531619787216187 3.929797887802124 -0.5533750057220459 0.033532001078128815 0.8322569727897644 2.896385908126831 -0.005096999928355217 -0.9993069767951965 0.03687399998307228 1.7873120307922363 0.0 0.0 0.0 1.0
0.8305490016937256 0.0039980001747608185 0.5569310188293457 3.9365079402923584 -0.5569139719009399 0.016745999455451965 0.8304020166397095 2.8891348838806152 -0.006006999872624874 -0.9998520016670227 0.016134999692440033 1.7912449836730957 0.0 0.0 0.0 1.0
0.8272240161895752 -0.012431000359356403 0.5617349743843079 3.9426159858703613 -0.5617340207099915 0.003871999913826585 0.8273090124130249 2.8812708854675293 -0.01245999988168478 -0.9999150037765503 -0.0037799999117851257 1.7903250455856323 0.0 0.0 0.0 1.0
0.8235009908676147 -0.027130000293254852 0.56666499376297 3.9421050548553467 -0.5668560266494751 0.0008089999901130795 0.8238170146942139 2.8754498958587646 -0.022808000445365906 -0.9996320009231567 -0.014712999574840069 1.7696410417556763 0.0 0.0 0.0 1.0
0.8222119808197021 -0.0356299988925457 0.5680649876594543 3.949937105178833 -0.5686389803886414 -0.007833000272512436 0.8225499987602234 2.8675789833068848 -0.02485799975693226 -0.9993339776992798 -0.026700999587774277 1.7712210416793823 0.0 0.0 0.0 1.0
0.8210629820823669 -0.03788800165057182 0.5695779919624329 3.9566829204559326 -0.5703520178794861 -0.013333999551832676 0.821291983127594 2.856942892074585 -0.02352200075984001 -0.999193012714386 -0.03255699947476387 1.7655409574508667 0.0 0.0 0.0 1.0
0.8181089758872986 -0.04166699945926666 0.5735520124435425 3.9618659019470215 -0.5746110081672668 -0.01965700089931488 0.8181909918785095 2.8501110076904297 -0.02281700074672699 -0.9989380240440369 -0.040024999529123306 1.7601490020751953 0.0 0.0 0.0 1.0
0.816428005695343 -0.04499199986457825 0.5756919980049133 3.9688539505004883 -0.5771070122718811 -0.02937600016593933 0.8161399960517883 2.842094898223877 -0.019807999953627586 -0.9985550045967102 -0.04994799941778183 1.7551720142364502 0.0 0.0 0.0 1.0
0.8146669864654541 -0.0544699989259243 0.577364981174469 3.97239089012146 -0.5795390009880066 -0.03999200090765953 0.813962996006012 2.836427927017212 -0.021246999502182007 -0.9977139830589294 -0.06414800137281418 1.7544729709625244 0.0 0.0 0.0 1.0
0.8155400156974792 -0.06196599826216698 0.5753740072250366 3.979849100112915 -0.578311026096344 -0.05075500160455704 0.8142359852790833 2.826781988143921 -0.021252000704407692 -0.9967870116233826 -0.07722800225019455 1.7538429498672485 0.0 0.0 0.0 1.0
0.81632000207901 -0.06905200332403183 0.5734580159187317 3.985382080078125 -0.5772160291671753 -0.06130300089716911 0.814287006855011 2.818444013595581 -0.021074000746011734 -0.9957280158996582 -0.08990100026130676 1.7520099878311157 0.0 0.0 0.0 1.0
0.8171790242195129 -0.0761839970946312 0.5713269710540771 3.9910531044006348 -0.5759710073471069 -0.07040300220251083 0.8144329786300659 2.8126509189605713 -0.02182300016283989 -0.9946050047874451 -0.10141099989414215 1.7502989768981934 0.0 0.0 0.0 1.0
0.8196759819984436 -0.08354700356721878 0.5667009949684143 4.002326011657715 -0.5723659992218018 -0.07976999878883362 0.8161090016365051 2.8001880645751953 -0.022978000342845917 -0.9933059811592102 -0.11320500075817108 1.7472100257873535 0.0 0.0 0.0 1.0
0.819346010684967 -0.0998070016503334 0.5645449757575989 4.013904094696045 -0.572517991065979 -0.09104499965906143 0.8148220181465149 2.786362886428833 -0.0299260001629591 -0.9908329844474792 -0.13173900544643402 1.7253719568252563 0.0 0.0 0.0 1.0
0.8194860219955444 -0.10723000019788742 0.5629770159721375 4.025323867797852 -0.5723099708557129 -0.1015940010547638 0.8137199878692627 2.7774009704589844 -0.030060000717639923 -0.9890300035476685 -0.1446239948272705 1.726269006729126 0.0 0.0 0.0 1.0
0.8181440234184265 -0.11451800167560577 0.5634949803352356 4.035967826843262 -0.5742030143737793 -0.11069700121879578 0.8111950159072876 2.7700679302215576 -0.030518999323248863 -0.9872339963912964 -0.15632300078868866 1.718291997909546 0.0 0.0 0.0 1.0
0.8152769804000854 -0.1225690022110939 0.5659509897232056 4.043333053588867 -0.5782769918441772 -0.12114399671554565 0.8067960143089294 2.7628700733184814 -0.03032599948346615 -0.9850389957427979 -0.16964499652385712 1.7144180536270142 0.0 0.0 0.0 1.0
0.8134710192680359 -0.13696299493312836 0.5652480125427246 4.067033767700195 -0.5807650089263916 -0.1390630006790161 0.8021060228347778 2.7470200061798096 -0.03125299885869026 -0.9807659983634949 -0.19266700744628906 1.7005870342254639 0.0 0.0 0.0 1.0
0.8134390115737915 -0.1443530023097992 0.5634530186653137 4.080153942108154 -0.5806909799575806 -0.1459140032529831 0.8009420037269592 2.7386720180511475 -0.03340199962258339 -0.9787089824676514 -0.20251700282096863 1.6978449821472168 0.0 0.0 0.0 1.0
0.8118469715118408 -0.14935700595378876 0.5644429922103882 4.089859962463379 -0.5829449892044067 -0.1529570072889328 0.7979840040206909 2.7313899993896484 -0.03284899890422821 -0.9768810272216797 -0.21124500036239624 1.6980539560317993 0.0 0.0 0.0 1.0
0.8031309843063354 -0.163673996925354 0.5728809833526611 4.109453201293945 -0.594946026802063 -0.16876499354839325 0.7858480215072632 2.7189409732818604 -0.0319410003721714 -0.9719719886779785 -0.23291699588298798 1.692044973373413 0.0 0.0 0.0 1.0
0.798084020614624 -0.1703840047121048 0.5779539942741394 4.127287864685059 -0.6018990278244019 -0.18100300431251526 0.7777889966964722 2.7089450359344482 -0.027910999953746796 -0.9686110019683838 -0.24700899422168732 1.691938042640686 0.0 0.0 0.0 1.0
0.7901110053062439 -0.17725500464439392 0.586775004863739 4.1389360427856445 -0.6124849915504456 -0.19048699736595154 0.7671869993209839 2.7030189037323 -0.02421499975025654 -0.9655539989471436 -0.2590720057487488 1.6890219449996948 0.0 0.0 0.0 1.0
0.7793449759483337 -0.1835779994726181 0.5990999937057495 4.1482930183410645 -0.6263059973716736 -0.199195995926857 0.753699004650116 2.7034919261932373 -0.019023999571800232 -0.9626110196113586 -0.27021899819374084 1.6705909967422485 0.0 0.0 0.0 1.0
0.7702469825744629 -0.19092600047588348 0.6084960103034973 4.159224987030029 -0.6376720070838928 -0.21608200669288635 0.7393800020217896 2.7000010013580322 -0.009681999683380127 -0.9575260281562805 -0.2881839871406555 1.6788239479064941 0.0 0.0 0.0 1.0
0.7613270282745361 -0.20075300335884094 0.6165059804916382 4.173553943634033 -0.6483330130577087 -0.22586899995803833 0.7270810008049011 2.6927490234375 -0.006713999900966883 -0.9532480239868164 -0.3021160066127777 1.680050015449524 0.0 0.0 0.0 1.0
0.7529820203781128 -0.21001200377941132 0.6236289739608765 4.185870170593262 -0.6580010056495667 -0.2297700047492981 0.7171059846878052 2.685359001159668 -0.007309999782592058 -0.9503160119056702 -0.31119999289512634 1.6751350164413452 0.0 0.0 0.0 1.0
0.7461280226707458 -0.21765799820423126 0.6292210221290588 4.197259902954102 -0.6657570004463196 -0.23272399604320526 0.7089490294456482 2.6766979694366455 -0.007873999886214733 -0.9478740096092224 -0.3185479938983917 1.6694400310516357 0.0 0.0 0.0 1.0
0.73922199010849 -0.22351300716400146 0.6352890133857727 4.208025932312012 -0.6734300255775452 -0.2361299991607666 0.7005249857902527 2.67112398147583 -0.006566000171005726 -0.9456660151481628 -0.3250730037689209 1.669523000717163 0.0 0.0 0.0 1.0
0.7318860292434692 -0.22984400391578674 0.6414939761161804 4.217228889465332 -0.6813899874687195 -0.23707500100135803 0.6924620270729065 2.663814067840576 -0.007075999863445759 -0.9439110159873962 -0.33012500405311584 1.66348397731781 0.0 0.0 0.0 1.0
0.7242770195007324 -0.23778200149536133 0.647212028503418 4.227933883666992 -0.6894500255584717 -0.2374739944934845 0.6842989921569824 2.6552560329437256 -0.009018000215291977 -0.9418420195579529 -0.33593499660491943 1.6565929651260376 0.0 0.0 0.0 1.0
0.7163439989089966 -0.24625100195407867 0.6528480052947998 4.233096122741699 -0.6976839900016785 -0.24022899568080902 0.6749280095100403 2.64963698387146 -0.009368999861180782 -0.9389619827270508 -0.34389200806617737 1.655869960784912 0.0 0.0 0.0 1.0
0.7085710167884827 -0.25738799571990967 0.6570219993591309 4.243290901184082 -0.7055019736289978 -0.24000300467014313 0.6668329834938049 2.642683982849121 -0.01394800003618002 -0.9360290169715881 -0.3516469895839691 1.6528420448303223 0.0 0.0 0.0 1.0
0.6953849792480469 -0.26354101300239563 0.6685699820518494 4.2453999519348145 -0.7185419797897339 -0.239765003323555 0.6528480052947998 2.6442859172821045 -0.011753000319004059 -0.9343760013580322 -0.35609400272369385 1.6330369710922241 0.0 0.0 0.0 1.0
0.6898300051689148 -0.2724960148334503 0.6707310080528259 4.255939960479736 -0.7238699793815613 -0.24406400322914124 0.6453260183334351 2.6376030445098877 -0.012148000299930573 -0.9306870102882385 -0.36561399698257446 1.6308369636535645 0.0 0.0 0.0 1.0
0.6819720268249512 -0.2896749973297119 0.6715670228004456 4.2639241218566895 -0.7310569882392883 -0.24275299906730652 0.6376739740371704 2.6333000659942627 -0.021693000569939613 -0.9258289933204651 -0.37731900811195374 1.6340910196304321 0.0 0.0 0.0 1.0
0.6748170256614685 -0.3052789866924286 0.6718829870223999 4.276851177215576 -0.737392008304596 -0.24242499470710754 0.6304630041122437 2.6278929710388184 -0.029586000367999077 -0.9208880066871643 -0.38870298862457275 1.628654956817627 0.0 0.0 0.0 1.0
0.6668540239334106 -0.3214539885520935 0.6722890138626099 4.284388065338135 -0.7443720102310181 -0.2451460063457489 0.6211389899253845 2.625473976135254 -0.03485799953341484 -0.9146419763565063 -0.40275800228118896 1.6282099485397339 0.0 0.0 0.0 1.0
0.6599709987640381 -0.33441200852394104 0.6727610230445862 4.294506072998047 -0.7503560185432434 -0.2487269937992096 0.6124550104141235 2.619051933288574 -0.03747899830341339 -0.9090120196342468 -0.4150809943675995 1.6227229833602905 0.0 0.0 0.0 1.0
0.650367021560669 -0.34653300046920776 0.6759719848632812 4.303462982177734 -0.7585819959640503 -0.24976199865341187 0.6018080115318298 2.6146531105041504 -0.0397149994969368 -0.9041759967803955 -0.4253099858760834 1.6138930320739746 0.0 0.0 0.0 1.0
0.638949990272522 -0.36073198914527893 0.6794220209121704 4.3129119873046875 -0.7681249976158142 -0.2514820098876953 0.5888469815254211 2.6126420497894287 -0.04155400022864342 -0.8981249928474426 -0.4377720057964325 1.6153639554977417 0.0 0.0 0.0 1.0
0.6261559724807739 -0.37250998616218567 0.6849560141563416 4.319394111633301 -0.7785469889640808 -0.25099900364875793 0.5752080082893372 2.6139779090881348 -0.04234699904918671 -0.8934400081634521 -0.44718098640441895 1.6138279438018799 0.0 0.0 0.0 1.0
0.6155110001564026 -0.3820360004901886 0.6893439888954163 4.330465793609619 -0.7868160009384155 -0.2474139928817749 0.5654259920120239 2.6085000038146973 -0.04546000063419342 -0.8904119729995728 -0.45287901163101196 1.6146819591522217 0.0 0.0 0.0 1.0
0.5988839864730835 -0.3815079927444458 0.7041230201721191 4.327083110809326 -0.8001400232315063 -0.24841700494289398 0.5459529757499695 2.616342067718506 -0.033369001001119614 -0.8903599977493286 -0.4540329873561859 1.6059670448303223 0.0 0.0 0.0 1.0
0.5847859978675842 -0.38718700408935547 0.71281898021698 4.333607196807861 -0.8106139898300171 -0.2458910048007965 0.531453013420105 2.617003917694092 -0.030494999140501022 -0.8886079788208008 -0.4576529860496521 1.6005710363388062 0.0 0.0 0.0 1.0
0.5684469938278198 -0.39549100399017334 0.7214260101318359 4.338469982147217 -0.8221870064735413 -0.2415280044078827 0.5154340267181396 2.615281105041504 -0.02960599958896637 -0.8861439824104309 -0.46246299147605896 1.5953019857406616 0.0 0.0 0.0 1.0
0.5500329732894897 -0.4067949950695038 0.7293699979782104 4.339937210083008 -0.8345400094985962 -0.23455500602722168 0.498524010181427 2.6138529777526855 -0.03171899914741516 -0.882893979549408 -0.4684999883174896 1.5900700092315674 0.0 0.0 0.0 1.0
0.5321580171585083 -0.4215019941329956 0.7342640161514282 4.350228786468506 -0.8457589745521545 -0.22499099373817444 0.4838089942932129 2.6124770641326904 -0.03872299939393997 -0.8784729838371277 -0.4762200117111206 1.5957380533218384 0.0 0.0 0.0 1.0
0.5161589980125427 -0.4290730059146881 0.7412670254707336 4.355852127075195 -0.8552780151367188 -0.21213099360466003 0.4727579951286316 2.609710931777954 -0.04560200124979019 -0.8780069947242737 -0.4764699935913086 1.5964629650115967 0.0 0.0 0.0 1.0
0.5025190114974976 -0.4322830140590668 0.7487369775772095 4.359811782836914 -0.8631479740142822 -0.2012619972229004 0.46310800313949585 2.606220006942749 -0.049501001834869385 -0.8789910078048706 -0.474261999130249 1.5917210578918457 0.0 0.0 0.0 1.0
0.4869770109653473 -0.43769600987434387 0.7558280229568481 4.357076168060303 -0.8719609975814819 -0.19372400641441345 0.4496169984340668 2.604231119155884 -0.05037299916148186 -0.8780050277709961 -0.47599300742149353 1.5853300094604492 0.0 0.0 0.0 1.0
0.47158798575401306 -0.4482159912586212 0.7594119906425476 4.363955020904541 -0.8803449869155884 -0.18953000009059906 0.4348219931125641 2.598543882369995 -0.05096299946308136 -0.8736019730567932 -0.4839650094509125 1.582442045211792 0.0 0.0 0.0 1.0
0.4504849910736084 -0.4596410095691681 0.7653710246086121 4.367620944976807 -0.8912090063095093 -0.18061600625514984 0.4160830080509186 2.599133014678955 -0.0530100017786026 -0.8695449829101562 -0.4910010099411011 1.5803109407424927 0.0 0.0 0.0 1.0
0.4230070114135742 -0.4674539864063263 0.7762420177459717 4.360124111175537 -0.9042959809303284 -0.16335099935531616 0.39441901445388794 2.600338935852051 -0.05757300183176994 -0.8687940239906311 -0.4918160140514374 1.5745869874954224 0.0 0.0 0.0 1.0
0.4070110023021698 -0.47287601232528687 0.7814919948577881 4.364442825317383 -0.9113799929618835 -0.15303799510002136 0.38205501437187195 2.590367078781128 -0.06106700003147125 -0.8677369952201843 -0.493257999420166 1.5702240467071533 0.0 0.0 0.0 1.0
0.3859510123729706 -0.4788919985294342 0.7884820103645325 4.364169120788574 -0.9204270243644714 -0.14236900210380554 0.36406800150871277 2.5896189212799072 -0.06209399923682213 -0.8662520051002502 -0.49573299288749695 1.5656160116195679 0.0 0.0 0.0 1.0
0.3673759996891022 -0.48670700192451477 0.7925599813461304 4.367496013641357 -0.9278609752655029 -0.13306500017642975 0.3483780026435852 2.5825159549713135 -0.06409599632024765 -0.8633710145950317 -0.5004810094833374 1.5626519918441772 0.0 0.0 0.0 1.0
0.3451859951019287 -0.4981189966201782 0.7954390048980713 4.37175989151001 -0.9360719919204712 -0.12137600034475327 0.3302060067653656 2.580656051635742 -0.06793499737977982 -0.8585720062255859 -0.5081729888916016 1.5620290040969849 0.0 0.0 0.0 1.0
0.32424598932266235 -0.5067999958992004 0.7987599968910217 4.3712639808654785 -0.943202018737793 -0.1086290031671524 0.31395700573921204 2.57533597946167 -0.07234500348567963 -0.8551920056343079 -0.5132380127906799 1.5573660135269165 0.0 0.0 0.0 1.0
0.30344998836517334 -0.5163519978523254 0.8008109927177429 4.376183986663818 -0.950098991394043 -0.10018199682235718 0.2954230010509491 2.5758469104766846 -0.0723159983754158 -0.8504959940910339 -0.520986020565033 1.558313012123108 0.0 0.0 0.0 1.0
0.2839440107345581 -0.52360600233078 0.8032510280609131 4.379343032836914 -0.9557200074195862 -0.08701600134372711 0.2811189889907837 2.568527936935425 -0.07729999721050262 -0.8475049734115601 -0.5251280069351196 1.5548880100250244 0.0 0.0 0.0 1.0
0.2660770118236542 -0.5282660126686096 0.8063120245933533 4.382112979888916 -0.9610210061073303 -0.08019000291824341 0.2645919919013977 2.561897039413452 -0.07511699944734573 -0.8452839851379395 -0.5290110111236572 1.5501530170440674 0.0 0.0 0.0 1.0
0.24444200098514557 -0.5341470241546631 0.8092809915542603 4.382078170776367 -0.966920018196106 -0.07152500003576279 0.24484799802303314 2.5598719120025635 -0.07289999723434448 -0.8423600196838379 -0.5339609980583191 1.542078971862793 0.0 0.0 0.0 1.0
0.21298100054264069 -0.5430759787559509 0.8122239708900452 4.3863959312438965 -0.9738590121269226 -0.05079999938607216 0.2213989943265915 2.56707501411438 -0.07897499948740005 -0.8381450176239014 -0.5396990180015564 1.5386689901351929 0.0 0.0 0.0 1.0
0.19570399820804596 -0.5494470000267029 0.8122860193252563 4.383123874664307 -0.9775149822235107 -0.04298299923539162 0.20643700659275055 2.550834894180298 -0.07851199805736542 -0.8344219923019409 -0.5455049872398376 1.5303690433502197 0.0 0.0 0.0 1.0
0.17146800458431244 -0.5574600100517273 0.8123040199279785 4.387514114379883 -0.982134997844696 -0.03184700012207031 0.18546199798583984 2.5489909648895264 -0.0775189995765686 -0.8295930027961731 -0.5529620051383972 1.5266000032424927 0.0 0.0 0.0 1.0
0.14828500151634216 -0.5659520030021667 0.8109930157661438 4.3915910720825195 -0.9857879877090454 -0.01912200078368187 0.16690100729465485 2.5409390926361084 -0.07895000278949738 -0.8242160081863403 -0.5607450008392334 1.5251319408416748 0.0 0.0 0.0 1.0
0.12507900595664978 -0.5716680288314819 0.8108950257301331 4.391826152801514 -0.9888479709625244 -0.005237999837845564 0.14883600175380707 2.533066987991333 -0.08083800226449966 -0.820468008518219 -0.5659480094909668 1.5194220542907715 0.0 0.0 0.0 1.0
0.10246700048446655 -0.5771650075912476 0.8101739883422852 4.395549774169922 -0.9910690188407898 0.010641999542713165 0.13292700052261353 2.5255470275878906 -0.08534199744462967 -0.8165580034255981 -0.5709189772605896 1.5176830291748047 0.0 0.0 0.0 1.0
0.07938899844884872 -0.5804619789123535 0.8104079961776733 4.397410869598389 -0.9926009774208069 0.028894999995827675 0.1179329976439476 2.5179080963134766 -0.09187299758195877 -0.8137750029563904 -0.573872983455658 1.5157719850540161 0.0 0.0 0.0 1.0
0.05698699876666069 -0.5835080146789551 0.81010502576828 4.401821136474609 -0.9936109781265259 0.04602399840950966 0.1030460000038147 2.5117170810699463 -0.09741300344467163 -0.8108019828796387 -0.5771579742431641 1.5153950452804565 0.0 0.0 0.0 1.0
0.034738000482320786 -0.5842329859733582 0.810841977596283 4.400416851043701 -0.9939669966697693 0.06425700336694717 0.08888199925422668 2.5031869411468506 -0.10403099656105042 -0.809037983417511 -0.5784760117530823 1.5105429887771606 0.0 0.0 0.0 1.0
0.012595999985933304 -0.5875539779663086 0.8090869784355164 4.402711868286133 -0.994035005569458 0.08030299842357635 0.07378999888896942 2.4945380687713623 -0.10832799971103668 -0.8051900267601013 -0.5830379724502563 1.5088499784469604 0.0 0.0 0.0 1.0
-0.020031999796628952 -0.5897430181503296 0.807341992855072 4.403390884399414 -0.9931510090827942 0.1047080010175705 0.0518449991941452 2.4950311183929443 -0.11511100083589554 -0.8007739782333374 -0.5878009796142578 1.506505012512207 0.0 0.0 0.0 1.0
-0.04278099909424782 -0.5921239852905273 0.8047099709510803 4.4052581787109375 -0.992313027381897 0.11880099773406982 0.034662000834941864 2.485016107559204 -0.1161239966750145 -0.7970420122146606 -0.5926550030708313 1.5036829710006714 0.0 0.0 0.0 1.0
-0.06592900305986404 -0.593949019908905 0.801796019077301 4.4050750732421875 -0.9911260008811951 0.13192899525165558 0.016232000663876534 2.4788930416107178 -0.11542099714279175 -0.7936109900474548 -0.5973770022392273 1.4992480278015137 0.0 0.0 0.0 1.0
-0.08887899667024612 -0.5972470045089722 0.7971169948577881 4.40769100189209 -0.9895449876785278 0.14420799911022186 -0.00228599994443357 2.471946954727173 -0.11358500272035599 -0.7889869809150696 -0.6038200259208679 1.4964079856872559 0.0 0.0 0.0 1.0
-0.11003600060939789 -0.6002709865570068 0.7921910285949707 4.409681797027588 -0.9878050088882446 0.15437300503253937 -0.020232999697327614 2.4646599292755127 -0.11014799773693085 -0.7847570180892944 -0.6099370121955872 1.4931880235671997 0.0 0.0 0.0 1.0
-0.13119499385356903 -0.6026099920272827 0.7871770262718201 4.411388874053955 -0.9856389760971069 0.16444699466228485 -0.03838200122117996 2.4571878910064697 -0.10632000118494034 -0.7809079885482788 -0.6155310273170471 1.4915440082550049 0.0 0.0 0.0 1.0
-0.1511940062046051 -0.6053060293197632 0.7815009951591492 4.414955139160156 -0.9830330014228821 0.175135999917984 -0.05453300103545189 2.4481470584869385 -0.10385999828577042 -0.7764869928359985 -0.6215149760246277 1.4915000200271606 0.0 0.0 0.0 1.0
-0.17092199623584747 -0.6052079796791077 0.7775009870529175 4.4130120277404785 -0.9800959825515747 0.18531499803066254 -0.07120999693870544 2.4416160583496094 -0.10098599642515182 -0.774196982383728 -0.6248360276222229 1.4864050149917603 0.0 0.0 0.0 1.0
-0.1891860067844391 -0.60663902759552 0.7721379995346069 4.415486812591553 -0.9769499897956848 0.1954679936170578 -0.08579599857330322 2.4337780475616455 -0.09888099879026413 -0.7705720067024231 -0.6296359896659851 1.4860589504241943 0.0 0.0 0.0 1.0
-0.20780399441719055 -0.6051579713821411 0.7685059905052185 4.414257049560547 -0.973475992679596 0.20482100546360016 -0.10194200277328491 2.428766965866089 -0.0957150012254715 -0.7693060040473938 -0.6316699981689453 1.4812610149383545 0.0 0.0 0.0 1.0
-0.2304069995880127 -0.6024150252342224 0.7642049789428711 4.412597179412842 -0.9683420062065125 0.21946600079536438 -0.11895100027322769 2.4298999309539795 -0.09605900198221207 -0.7674180269241333 -0.6339100003242493 1.4762099981307983 0.0 0.0 0.0 1.0
-0.24579499661922455 -0.6022710204124451 0.7595099806785583 4.411532878875732 -0.9646440148353577 0.2288690060377121 -0.13069500029087067 2.422516107559204 -0.09511400014162064 -0.7647799849510193 -0.6372320055961609 1.4726409912109375 0.0 0.0 0.0 1.0
-0.26169899106025696 -0.6009169816970825 0.7552559971809387 4.41101598739624 -0.9606279730796814 0.23783400654792786 -0.1436299979686737 2.4173879623413086 -0.0933149978518486 -0.7631080150604248 -0.6394990086555481 1.4689830541610718 0.0 0.0 0.0 1.0
-0.27645599842071533 -0.6013529896736145 0.7496309876441956 4.4118452072143555 -0.9567409753799438 0.24580299854278564 -0.1556529998779297 2.411036968231201 -0.090658999979496 -0.760233998298645 -0.643293023109436 1.4670209884643555 0.0 0.0 0.0 1.0
-0.2913379967212677 -0.6010239720344543 0.7442389726638794 4.411202907562256 -0.9523950219154358 0.2552739977836609 -0.1666709929704666 2.401197910308838 -0.08981099724769592 -0.7573680281639099 -0.6467829942703247 1.4648690223693848 0.0 0.0 0.0 1.0
-0.3069539964199066 -0.5991799831390381 0.739434003829956 4.411444187164307 -0.9474400281906128 0.26601600646972656 -0.17774400115013123 2.3939108848571777 -0.0902009978890419 -0.7551289796829224 -0.6493409872055054 1.4629100561141968 0.0 0.0 0.0 1.0
-0.32098299264907837 -0.5958589911460876 0.7361530065536499 4.411343097686768 -0.9425619840621948 0.27685898542404175 -0.1868869960308075 2.387058973312378 -0.0924530029296875 -0.7538570165634155 -0.650501012802124 1.4610270261764526 0.0 0.0 0.0 1.0
-0.3323819935321808 -0.5915740132331848 0.7345489859580994 4.411653995513916 -0.9384580254554749 0.2849949896335602 -0.19512799382209778 2.38067889213562 -0.09391000121831894 -0.7541999816894531 -0.6498939990997314 1.4597690105438232 0.0 0.0 0.0 1.0
-0.3432439863681793 -0.5882620215415955 0.7322090268135071 4.4103169441223145 -0.9345719814300537 0.29158198833465576 -0.20384900271892548 2.375149965286255 -0.09358300268650055 -0.754272997379303 -0.6498579978942871 1.4558700323104858 0.0 0.0 0.0 1.0
-0.35398098826408386 -0.5881230235099792 0.7271919846534729 4.406630039215088 -0.9309790134429932 0.29582399129867554 -0.21392899751663208 2.368623971939087 -0.08930499851703644 -0.7527279853820801 -0.6522470116615295 1.4507609605789185 0.0 0.0 0.0 1.0
-0.375901997089386 -0.5881010293960571 0.7161239981651306 4.413238048553467 -0.9227700233459473 0.3082920014858246 -0.23119500279426575 2.3687469959259033 -0.08481000363826752 -0.7477250099182129 -0.6585699915885925 1.4494869709014893 0.0 0.0 0.0 1.0
-0.3896239995956421 -0.5892860293388367 0.7077670097351074 4.412281036376953 -0.9174090027809143 0.3158940076828003 -0.24201700091362 2.3603410720825195 -0.08096200227737427 -0.7436079978942871 -0.6636959910392761 1.447172999382019 0.0 0.0 0.0 1.0
-0.40364500880241394 -0.588808000087738 0.7002679705619812 4.412415981292725 -0.9117590188980103 0.32239699363708496 -0.25446999073028564 2.3564789295196533 -0.07593099772930145 -0.7411919832229614 -0.6669849753379822 1.4443010091781616 0.0 0.0 0.0 1.0
-0.41503798961639404 -0.588919997215271 0.6934810280799866 4.412912845611572 -0.9067649841308594 0.33000698685646057 -0.26243600249290466 2.3476390838623047 -0.07429999858140945 -0.7377449870109558 -0.6709780097007751 1.4444299936294556 0.0 0.0 0.0 1.0
-0.4250450134277344 -0.5875239968299866 0.6885870099067688 4.412347793579102 -0.9023950099945068 0.3345800042152405 -0.2715489864349365 2.342184066772461 -0.07084599882364273 -0.7367990016937256 -0.6723899841308594 1.4425179958343506 0.0 0.0 0.0 1.0
-0.43439000844955444 -0.5872079730033875 0.6830019950866699 4.413107872009277 -0.8982599973678589 0.33847400546073914 -0.28029200434684753 2.3373379707336426 -0.06658899784088135 -0.7352700233459473 -0.6744949817657471 1.4421360492706299 0.0 0.0 0.0 1.0
-0.44369998574256897 -0.5882179737091064 0.6761130094528198 4.410904884338379 -0.8941469788551331 0.34130001068115234 -0.2898539900779724 2.3331120014190674 -0.06026099994778633 -0.7331529855728149 -0.6773890256881714 1.4398380517959595 0.0 0.0 0.0 1.0
-0.45329099893569946 -0.5904380083084106 0.6677650213241577 4.411081790924072 -0.8897500038146973 0.34474998712539673 -0.2991510033607483 2.327397108078003 -0.053582001477479935 -0.7297469973564148 -0.6816149950027466 1.4388229846954346 0.0 0.0 0.0 1.0
-0.46358999609947205 -0.5904189944267273 0.660673975944519 4.41195821762085 -0.8846719861030579 0.35000699758529663 -0.3079789876937866 2.322381019592285 -0.049403999000787735 -0.7272549867630005 -0.6845870018005371 1.4398930072784424 0.0 0.0 0.0 1.0
-0.4714129865169525 -0.5887479782104492 0.6566169857978821 4.413087844848633 -0.8805680274963379 0.3553229868412018 -0.31360098719596863 2.3148889541625977 -0.04867900162935257 -0.7260310053825378 -0.6859359741210938 1.4427059888839722 0.0 0.0 0.0 1.0
-0.47964000701904297 -0.5861390233039856 0.6529830098152161 4.419871807098389 -0.8763989806175232 0.35668298602104187 -0.32357698678970337 2.315653085708618 -0.04324699938297272 -0.7274739742279053 -0.6847710013389587 1.446099042892456 0.0 0.0 0.0 1.0
-0.4866900146007538 -0.582817018032074 0.6507359743118286 4.422532081604004 -0.8725709915161133 0.36003199219703674 -0.33014699816703796 2.3109428882598877 -0.041871000081300735 -0.728492021560669 -0.6837729811668396 1.4500210285186768 0.0 0.0 0.0 1.0
-0.4931449890136719 -0.5775020122528076 0.6506149768829346 4.422555923461914 -0.8690339922904968 0.3612929880619049 -0.33800598978996277 2.3084869384765625 -0.03986300155520439 -0.732092022895813 -0.6800379753112793 1.4508039951324463 0.0 0.0 0.0 1.0
-0.5006579756736755 -0.5719919800758362 0.6497439742088318 4.422626972198486 -0.8648380041122437 0.3629179894924164 -0.34690800309181213 2.3058509826660156 -0.03737499937415123 -0.7356060147285461 -0.6763780117034912 1.4525619745254517 0.0 0.0 0.0 1.0
-0.5072129964828491 -0.5681470036506653 0.6480309963226318 4.424260139465332 -0.8611249923706055 0.3643049895763397 -0.3546060025691986 2.302902936935425 -0.034612998366355896 -0.7378960251808167 -0.6740260124206543 1.455265998840332 0.0 0.0 0.0 1.0
-0.5121359825134277 -0.5638939738273621 0.6478729844093323 4.4249701499938965 -0.85828697681427 0.36458998918533325 -0.36113500595092773 2.300808906555176 -0.032565999776124954 -0.7410110235214233 -0.6707029938697815 1.457237958908081 0.0 0.0 0.0 1.0
-0.5165560245513916 -0.5583930015563965 0.6491280198097229 4.424439907073975 -0.8557100296020508 0.36365601420402527 -0.36812299489974976 2.301635980606079 -0.03050200082361698 -0.7456219792366028 -0.6656709909439087 1.4572930335998535 0.0 0.0 0.0 1.0
-0.5183209776878357 -0.5544589757919312 0.6510900259017944 4.426279067993164 -0.8547059893608093 0.36138299107551575 -0.37266701459884644 2.3011059761047363 -0.028665000572800636 -0.7496520280838013 -0.6612120270729065 1.4594299793243408 0.0 0.0 0.0 1.0
-0.5193629860877991 -0.5510349869728088 0.6531640291213989 4.428708076477051 -0.8541219830513 0.35902199149131775 -0.37626999616622925 2.300523042678833 -0.027163000777363777 -0.7533019781112671 -0.6571140289306641 1.4629579782485962 0.0 0.0 0.0 1.0
-0.518962025642395 -0.5483289957046509 0.655754029750824 4.430897235870361 -0.8544039726257324 0.35600700974464417 -0.3784869909286499 2.299021005630493 -0.025916999205946922 -0.7566990256309509 -0.6532490253448486 1.4665570259094238 0.0 0.0 0.0 1.0
-0.516834020614624 -0.5466830134391785 0.6588029861450195 4.435242176055908 -0.8557929992675781 0.35006698966026306 -0.38088399171829224 2.2998600006103516 -0.022401999682188034 -0.7606520056724548 -0.6487730145454407 1.4714139699935913 0.0 0.0 0.0 1.0
-0.5147500038146973 -0.5439010262489319 0.6627240180969238 4.440992832183838 -0.8570359945297241 0.34703901410102844 -0.38085898756980896 2.2977418899536133 -0.02284199930727482 -0.7640259861946106 -0.6447809934616089 1.478044033050537 0.0 0.0 0.0 1.0
-0.5141289830207825 -0.5382869839668274 0.6677709817886353 4.445731163024902 -0.8574240207672119 0.34274598956108093 -0.3838610053062439 2.3008370399475098 -0.022249000146985054 -0.7699170112609863 -0.6377559900283813 1.4809670448303223 0.0 0.0 0.0 1.0
-0.5092840194702148 -0.5347939729690552 0.6742590069770813 4.451735019683838 -0.8602820038795471 0.3375990092754364 -0.3820219933986664 2.299323081970215 -0.023326000198721886 -0.7746109962463379 -0.6320070028305054 1.4876060485839844 0.0 0.0 0.0 1.0
-0.5052220225334167 -0.5274329781532288 0.6830559968948364 4.456584930419922 -0.8625980019569397 0.3324489891529083 -0.3813149929046631 2.3038361072540283 -0.025963999330997467 -0.7818520069122314 -0.6229230165481567 1.48934805393219 0.0 0.0 0.0 1.0
-0.499783992767334 -0.5241190195083618 0.6895760297775269 4.465455055236816 -0.8657249808311462 0.32722601294517517 -0.37874001264572144 2.3078479766845703 -0.027141999453306198 -0.7862719893455505 -0.6172850131988525 1.4935510158538818 0.0 0.0 0.0 1.0
-0.49091601371765137 -0.5202900171279907 0.6987839937210083 4.472752094268799 -0.8706520199775696 0.3216019868850708 -0.37220498919487 2.3090779781341553 -0.03107599914073944 -0.7911189794540405 -0.6108719706535339 1.4989320039749146 0.0 0.0 0.0 1.0
-0.4828599989414215 -0.5116680264472961 0.7106620073318481 4.485397815704346 -0.8749979734420776 0.3143349885940552 -0.36820200085639954 2.3168458938598633 -0.034988999366760254 -0.7996180057525635 -0.5994889736175537 1.506456971168518 0.0 0.0 0.0 1.0
-0.4692800045013428 -0.5017390251159668 0.7266600131988525 4.494861125946045 -0.8822289705276489 0.3018609881401062 -0.36132100224494934 2.321134090423584 -0.038061000406742096 -0.8106409907341003 -0.5843049883842468 1.5140550136566162 0.0 0.0 0.0 1.0
-0.45529600977897644 -0.4887259900569916 0.7442119717597961 4.503683090209961 -0.8893910050392151 0.28823599219322205 -0.35482901334762573 2.326280117034912 -0.04109400138258934 -0.8234480023384094 -0.5659019947052002 1.5184799432754517 0.0 0.0 0.0 1.0
-0.436396986246109 -0.4879859983921051 0.7559279799461365 4.515563011169434 -0.8990880250930786 0.2688339948654175 -0.3454990088939667 2.3278350830078125 -0.03462100028991699 -0.8304200172424316 -0.5560610294342041 1.5291379690170288 0.0 0.0 0.0 1.0
-0.42013800144195557 -0.4819589853286743 0.7688949704170227 4.525569915771484 -0.9067699909210205 0.2560259997844696 -0.33499300479888916 2.3270111083984375 -0.03540400043129921 -0.8379539847373962 -0.544592022895813 1.5375570058822632 0.0 0.0 0.0 1.0
-0.4024290144443512 -0.47638198733329773 0.7817360162734985 4.536387920379639 -0.9148200154304504 0.24098700284957886 -0.324084997177124 2.329340934753418 -0.03400000184774399 -0.8455680012702942 -0.5327839851379395 1.5433670282363892 0.0 0.0 0.0 1.0
-0.3877739906311035 -0.46952199935913086 0.7932090163230896 4.542780876159668 -0.9212480187416077 0.22593499720096588 -0.3166309893131256 2.3360049724578857 -0.03054800070822239 -0.8535240292549133 -0.5201579928398132 1.5426900386810303 0.0 0.0 0.0 1.0
-0.3703249990940094 -0.46756601333618164 0.8026469945907593 4.556000232696533 -0.9284449815750122 0.21343599259853363 -0.3040330111980438 2.3396189212799072 -0.029159000143408775 -0.857804000377655 -0.5131499767303467 1.5506750345230103 0.0 0.0 0.0 1.0
-0.3339709937572479 -0.4557519853115082 0.825078010559082 4.578210830688477 -0.9421619772911072 0.18757300078868866 -0.277754008769989 2.350553035736084 -0.028175000101327896 -0.8701189756393433 -0.49203601479530334 1.559865951538086 0.0 0.0 0.0 1.0
-0.31658801436424255 -0.4505850076675415 0.8347129821777344 4.5887298583984375 -0.9481300115585327 0.17690399289131165 -0.2641099989414215 2.3496789932250977 -0.02865999937057495 -0.875029981136322 -0.4832189977169037 1.5666559934616089 0.0 0.0 0.0 1.0
-0.30486899614334106 -0.44249799847602844 0.8433570265769958 4.597001075744629 -0.9519619941711426 0.1682800054550171 -0.25583401322364807 2.3547348976135254 -0.028713999316096306 -0.8808389902114868 -0.47254499793052673 1.5689510107040405 0.0 0.0 0.0 1.0
-0.2953979969024658 -0.43611299991607666 0.8500270247459412 4.60664701461792 -0.9548749923706055 0.16352799534797668 -0.24793599545955658 2.3598599433898926 -0.03087499924004078 -0.8849089741706848 -0.46473899483680725 1.5708550214767456 0.0 0.0 0.0 1.0
-0.2845290005207062 -0.4298720061779022 0.8568860292434692 4.616898059844971 -0.957984983921051 0.16121500730514526 -0.23722299933433533 2.3635671138763428 -0.03616800159215927 -0.8883799910545349 -0.45768100023269653 1.5743210315704346 0.0 0.0 0.0 1.0
-0.26622799038887024 -0.4267979860305786 0.8642719984054565 4.6231231689453125 -0.9632930159568787 0.14988799393177032 -0.22271199524402618 2.3645830154418945 -0.03449099883437157 -0.8918390274047852 -0.4510349929332733 1.5788689851760864 0.0 0.0 0.0 1.0
-0.25382500886917114 -0.42013800144195557 0.8712390065193176 4.633921146392822 -0.966463029384613 0.1464889943599701 -0.21092599630355835 2.3690810203552246 -0.03900900110602379 -0.8955579996109009 -0.4432309865951538 1.5830639600753784 0.0 0.0 0.0 1.0
-0.24233900010585785 -0.4158099889755249 0.8765689730644226 4.6418070793151855 -0.9693199992179871 0.14206300675868988 -0.2005929946899414 2.3754279613494873 -0.041120000183582306 -0.8982869982719421 -0.43748000264167786 1.583096981048584 0.0 0.0 0.0 1.0
-0.22853100299835205 -0.41342198848724365 0.8813940286636353 4.648025989532471 -0.9726390242576599 0.13583700358867645 -0.18847499787807465 2.3772709369659424 -0.04180600121617317 -0.9003499746322632 -0.4331530034542084 1.5817090272903442 0.0 0.0 0.0 1.0
-0.2158380001783371 -0.41464099287986755 0.8840169906616211 4.656940937042236 -0.9755210280418396 0.13061200082302094 -0.17691700160503387 2.381165027618408 -0.042107000946998596 -0.9005630016326904 -0.43268200755119324 1.5833630561828613 0.0 0.0 0.0 1.0
-0.20388099551200867 -0.41525301337242126 0.8865650296211243 4.66546106338501 -0.9780240058898926 0.1267240047454834 -0.16555899381637573 2.385895013809204 -0.04360000044107437 -0.9008359909057617 -0.4319640100002289 1.5851140022277832 0.0 0.0 0.0 1.0
-0.18910199403762817 -0.4157879948616028 0.889585018157959 4.67493200302124 -0.9808570146560669 0.12285599857568741 -0.15108099579811096 2.387984037399292 -0.046473000198602676 -0.9011250138282776 -0.43105998635292053 1.5868899822235107 0.0 0.0 0.0 1.0
-0.17551399767398834 -0.4129990041255951 0.8936589956283569 4.681364059448242 -0.9833160042762756 0.11762399971485138 -0.13876399397850037 2.3950109481811523 -0.04780599847435951 -0.9031040072441101 -0.4267530143260956 1.585121989250183 0.0 0.0 0.0 1.0
-0.15937399864196777 -0.41204598546028137 0.897117018699646 4.687298774719238 -0.9859610199928284 0.11228299885988235 -0.12358599901199341 2.397576093673706 -0.04980799928307533 -0.9042180180549622 -0.4241560101509094 1.585211992263794 0.0 0.0 0.0 1.0
-0.14576900005340576 -0.411655992269516 0.8996059894561768 4.694118976593018 -0.9880449771881104 0.10670000314712524 -0.11127399653196335 2.4048640727996826 -0.05018100142478943 -0.9050710201263428 -0.4222880005836487 1.5820369720458984 0.0 0.0 0.0 1.0
-0.1287810057401657 -0.41728800535202026 0.8996040225028992 4.694102764129639 -0.9905290007591248 0.09769199788570404 -0.09648299962282181 2.406446933746338 -0.04762300103902817 -0.9035080075263977 -0.42591598629951477 1.578950047492981 0.0 0.0 0.0 1.0
-0.11735399812459946 -0.4250420033931732 0.8975340127944946 4.701253890991211 -0.9920499920845032 0.0915369987487793 -0.08636400103569031 2.4137420654296875 -0.04544899985194206 -0.9005339741706848 -0.4324049949645996 1.5782870054244995 0.0 0.0 0.0 1.0
-0.09949299693107605 -0.4311319887638092 0.8967869877815247 4.706999778747559 -0.9940509796142578 0.08321599662303925 -0.07027799636125565 2.4117279052734375 -0.0443280003964901 -0.8984429836273193 -0.436845988035202 1.5768040418624878 0.0 0.0 0.0 1.0
-0.09405499696731567 -0.4336499869823456 0.8961589932441711 4.715310096740723 -0.9946560263633728 0.07943399995565414 -0.06595499813556671 2.4283030033111572 -0.042583998292684555 -0.8975729942321777 -0.4388040006160736 1.5788140296936035 0.0 0.0 0.0 1.0
-0.0764710009098053 -0.43529999256134033 0.8970320224761963 4.725100994110107 -0.9961779713630676 0.0714540034532547 -0.050248999148607254 2.425550937652588 -0.0422229990363121 -0.897445023059845 -0.4390999972820282 1.580976963043213 0.0 0.0 0.0 1.0
-0.07216200232505798 -0.4338330030441284 0.8980990052223206 4.730340003967285 -0.9966509938240051 0.06609199941158295 -0.04815499857068062 2.4429800510406494 -0.03846599906682968 -0.8985660076141357 -0.4371500015258789 1.5784929990768433 0.0 0.0 0.0 1.0
-0.06739500164985657 -0.43410399556159973 0.8983380198478699 4.737284183502197 -0.997111976146698 0.060913000255823135 -0.04537000134587288 2.456923007965088 -0.03502500057220459 -0.8988010287284851 -0.4369550049304962 1.5774339437484741 0.0 0.0 0.0 1.0
-0.060784999281167984 -0.43438899517059326 0.8986719846725464 4.744688034057617 -0.9977160096168518 0.05303199961781502 -0.041850000619888306 2.4656639099121094 -0.029479000717401505 -0.899163007736206 -0.43661999702453613 1.576537013053894 0.0 0.0 0.0 1.0
-0.05787000060081482 -0.4349150061607361 0.89860999584198 4.7519941329956055 -0.9980520009994507 0.04625200107693672 -0.04188799858093262 2.4754419326782227 -0.02334499917924404 -0.8992829918861389 -0.43674400448799133 1.5749269723892212 0.0 0.0 0.0 1.0
-0.05951699987053871 -0.43566399812698364 0.898140013217926 4.761116981506348 -0.9980859756469727 0.04114000126719475 -0.0461839996278286 2.4875199794769287 -0.016829000785946846 -0.8991690278053284 -0.43727800250053406 1.5731890201568604 0.0 0.0 0.0 1.0
-0.06042499840259552 -0.4374060034751892 0.8972309827804565 4.773148059844971 -0.9981030225753784 0.037094999104738235 -0.0491349995136261 2.4974310398101807 -0.01179100014269352 -0.8984990119934082 -0.4388180077075958 1.57566499710083 0.0 0.0 0.0 1.0
-0.06251999735832214 -0.4374600052833557 0.8970609903335571 4.784675121307373 -0.9980069994926453 0.035124000161886215 -0.05242700129747391 2.5050549507141113 -0.008573999628424644 -0.8985509872436523 -0.43878400325775146 1.5806950330734253 0.0 0.0 0.0 1.0
-0.0659869983792305 -0.4343000054359436 0.8983479738235474 4.794033050537109 -0.9978100061416626 0.03286400064826012 -0.05740499868988991 2.51682710647583 -0.004592000041157007 -0.9001690149307251 -0.43551701307296753 1.5826280117034912 0.0 0.0 0.0 1.0
-0.06955599784851074 -0.4297870099544525 0.9002469778060913 4.8046698570251465 -0.9975770115852356 0.031334999948740005 -0.062116000801324844 2.529758930206299 -0.0015119999879971147 -0.9023870229721069 -0.43092501163482666 1.5852450132369995 0.0 0.0 0.0 1.0
-0.07302799820899963 -0.4229680001735687 0.9031969904899597 4.815359115600586 -0.997327983379364 0.032666999846696854 -0.06534100323915482 2.5420920848846436 -0.0018680000212043524 -0.9055560231208801 -0.42422300577163696 1.5878280401229858 0.0 0.0 0.0 1.0
-0.07661899924278259 -0.4159820079803467 0.9061390161514282 4.825366020202637 -0.9970539808273315 0.03518800064921379 -0.06815200299024582 2.554421901702881 -0.0035349999088793993 -0.9086920022964478 -0.41745200753211975 1.590651035308838 0.0 0.0 0.0 1.0
-0.08151999861001968 -0.4095599949359894 0.9086329936981201 4.833372116088867 -0.996662974357605 0.037363000214099884 -0.07257699966430664 2.5699710845947266 -0.004224999807775021 -0.9115179777145386 -0.41123899817466736 1.5884369611740112 0.0 0.0 0.0 1.0
-0.0859059989452362 -0.40865999460220337 0.9086350202560425 4.842229843139648 -0.9962679743766785 0.04286700114607811 -0.07491199672222137 2.5824060440063477 -0.008336000144481659 -0.9116799831390381 -0.4108180105686188 1.5896819829940796 0.0 0.0 0.0 1.0
-0.09072499722242355 -0.40862399339675903 0.9081820249557495 4.851476192474365 -0.9957929849624634 0.04900199919939041 -0.07743000239133835 2.594693899154663 -0.01286299992352724 -0.9113860130310059 -0.4113500118255615 1.5913840532302856 0.0 0.0 0.0 1.0
-0.10264600068330765 -0.40637001395225525 0.907925009727478 4.870662212371826 -0.994583010673523 0.05694799870252609 -0.08695399761199951 2.6213290691375732 -0.01636900007724762 -0.9119319915771484 -0.41001400351524353 1.5900410413742065 0.0 0.0 0.0 1.0
-0.11066199839115143 -0.4078429937362671 0.9063209891319275 4.8775529861450195 -0.9937540292739868 0.058605000376701355 -0.09496500343084335 2.6373450756073 -0.01438399963080883 -0.9111689925193787 -0.4117810130119324 1.587427020072937 0.0 0.0 0.0 1.0
-0.11710499972105026 -0.4133070111274719 0.9030299782752991 4.888670921325684 -0.9929919838905334 0.06328199803829193 -0.09980899840593338 2.646994113922119 -0.015893999487161636 -0.9083899855613708 -0.417822003364563 1.5912050008773804 0.0 0.0 0.0 1.0
-0.12438900023698807 -0.41539299488067627 0.9010969996452332 4.898688793182373 -0.9920859932899475 0.06775999814271927 -0.10571199655532837 2.6583468914031982 -0.017146000638604164 -0.9071149826049805 -0.42053401470184326 1.5923370122909546 0.0 0.0 0.0 1.0
-0.12895099818706512 -0.41350001096725464 0.9013260006904602 4.908010005950928 -0.9914969801902771 0.06977500021457672 -0.1098409965634346 2.668086051940918 -0.017470000311732292 -0.9078270196914673 -0.41898199915885925 1.5941920280456543 0.0 0.0 0.0 1.0
-0.13223199546337128 -0.40859800577163696 0.9030849933624268 4.916037082672119 -0.9911059737205505 0.06826300173997879 -0.11423599720001221 2.675550937652588 -0.01496999990195036 -0.9101579785346985 -0.4139910042285919 1.59244704246521 0.0 0.0 0.0 1.0
-0.13893499970436096 -0.40556299686431885 0.9034460186958313 4.925296783447266 -0.9902589917182922 0.06533099710941315 -0.1229579970240593 2.6860759258270264 -0.0091559998691082 -0.9117289781570435 -0.4106900095939636 1.5894149541854858 0.0 0.0 0.0 1.0
-0.1439249962568283 -0.40786099433898926 0.9016289710998535 4.933629989624023 -0.9895849823951721 0.06192199885845184 -0.129953995347023 2.6927599906921387 -0.002827000105753541 -0.910942018032074 -0.4125249981880188 1.5869510173797607 0.0 0.0 0.0 1.0
-0.150395005941391 -0.41383200883865356 0.8978440165519714 4.944066047668457 -0.9886090159416199 0.05769899860024452 -0.13900500535964966 2.7007288932800293 0.00571999978274107 -0.9085230231285095 -0.41779598593711853 1.5851759910583496 0.0 0.0 0.0 1.0
-0.1565849930047989 -0.42083799839019775 0.8935189843177795 4.957147121429443 -0.9875649809837341 0.05384200066328049 -0.147707000374794 2.7085540294647217 0.014051999896764755 -0.9055359959602356 -0.4240359961986542 1.5862059593200684 0.0 0.0 0.0 1.0
-0.15977300703525543 -0.4243119955062866 0.8913090229034424 4.967677116394043 -0.9869239926338196 0.04917199909687042 -0.15350499749183655 2.714024066925049 0.021307000890374184 -0.9041799902915955 -0.4266200065612793 1.5859630107879639 0.0 0.0 0.0 1.0
-0.16239500045776367 -0.4252690076828003 0.8903779983520508 4.976983070373535 -0.9862840175628662 0.042945001274347305 -0.15937499701976776 2.717026948928833 0.02954000048339367 -0.9040470123291016 -0.4264099895954132 1.5810420513153076 0.0 0.0 0.0 1.0
-0.16652700304985046 -0.42843300104141235 0.8880959749221802 4.987395763397217 -0.985388994216919 0.039666999131441116 -0.16563400626182556 2.7240231037139893 0.03573499992489815 -0.9027019739151001 -0.4287790060043335 1.5770399570465088 0.0 0.0 0.0 1.0
-0.16804400086402893 -0.43505600094795227 0.8845829963684082 5.001819133758545 -0.9849730134010315 0.03781500086188316 -0.16851699352264404 2.7286601066589355 0.03986300155520439 -0.8996090292930603 -0.4348730146884918 1.5788780450820923 0.0 0.0 0.0 1.0
-0.1692260056734085 -0.43573901057243347 0.884020984172821 5.014875888824463 -0.9847480058670044 0.037974998354911804 -0.16978999972343445 2.734419107437134 0.04041299968957901 -0.8992720246315002 -0.4355199933052063 1.576969027519226 0.0 0.0 0.0 1.0
-0.16718800365924835 -0.437050998210907 0.8837609887123108 5.027185916900635 -0.985077977180481 0.036896001547575 -0.1681089997291565 2.7375569343566895 0.04086500033736229 -0.8986799716949463 -0.43669798970222473 1.5741519927978516 0.0 0.0 0.0 1.0
-0.16470099985599518 -0.4404110014438629 0.8825600147247314 5.042829990386963 -0.9854990243911743 0.03645100072026253 -0.16572199761867523 2.7439370155334473 0.04081600159406662 -0.897055983543396 -0.44002801179885864 1.5736119747161865 0.0 0.0 0.0 1.0
-0.15799300372600555 -0.44246000051498413 0.8827610015869141 5.058180809020996 -0.9866859912872314 0.03580300137400627 -0.15864799916744232 2.747781991958618 0.0385890007019043 -0.8960729837417603 -0.44222500920295715 1.5724530220031738 0.0 0.0 0.0 1.0
-0.15039600431919098 -0.44403499364852905 0.8832970261573792 5.072342872619629 -0.9878960251808167 0.03317699953913689 -0.151528000831604 2.7538650035858154 0.037978000938892365 -0.8953949809074402 -0.4436500072479248 1.569923996925354 0.0 0.0 0.0 1.0
-0.1421010047197342 -0.4471989870071411 0.8830739855766296 5.087588787078857 -0.9891960024833679 0.03167799860239029 -0.14313499629497528 2.754146099090576 0.036035001277923584 -0.8938729763031006 -0.44686898589134216 1.5686450004577637 0.0 0.0 0.0 1.0
-0.13707399368286133 -0.4490300118923187 0.8829399943351746 5.103512763977051 -0.9899899959564209 0.0318479984998703 -0.13749699294567108 2.756103992462158 0.03361999988555908 -0.8929489850997925 -0.4489009976387024 1.5686980485916138 0.0 0.0 0.0 1.0
-0.13099899888038635 -0.4482080042362213 0.8842779994010925 5.1215620040893555 -0.9909449815750122 0.03269299864768982 -0.13022899627685547 2.7591919898986816 0.0294599998742342 -0.893330991268158 -0.4484330117702484 1.5693010091781616 0.0 0.0 0.0 1.0
-0.12296000123023987 -0.4468599855899811 0.8861129879951477 5.137837886810303 -0.9921079874038696 0.033250000327825546 -0.120899997651577 2.761362075805664 0.02456199936568737 -0.8939859867095947 -0.44742199778556824 1.569870948791504 0.0 0.0 0.0 1.0
-0.1008870005607605 -0.4442470073699951 0.890205979347229 5.167823791503906 -0.9947860240936279 0.03161200135946274 -0.09696300327777863 2.7654149532318115 0.014933999627828598 -0.895346999168396 -0.4451200067996979 1.5667740106582642 0.0 0.0 0.0 1.0
-0.09040900319814682 -0.44515299797058105 0.8908780217170715 5.1830058097839355 -0.9958419799804688 0.03040499985218048 -0.08586899936199188 2.76751708984375 0.011137999594211578 -0.8949379920959473 -0.4460510015487671 1.565688967704773 0.0 0.0 0.0 1.0
-0.07894600182771683 -0.4465569853782654 0.8912649750709534 5.198476791381836 -0.9968389868736267 0.02736400067806244 -0.07458700239658356 2.7691080570220947 0.008918000385165215 -0.894336998462677 -0.4473060071468353 1.5662120580673218 0.0 0.0 0.0 1.0
-0.06663600355386734 -0.4464319944381714 0.8923329710960388 5.212189197540283 -0.9977620244026184 0.024813000112771988 -0.0620959997177124 2.7715179920196533 0.00558099988847971 -0.8944730162620544 -0.44708600640296936 1.5662599802017212 0.0 0.0 0.0 1.0
-0.051809001713991165 -0.44595301151275635 0.8935559988021851 5.227147102355957 -0.99863600730896 0.017319999635219574 -0.049258001148700714 2.7763030529022217 0.006490999832749367 -0.8948889970779419 -0.44624200463294983 1.5668359994888306 0.0 0.0 0.0 1.0
-0.034240998327732086 -0.44207000732421875 0.8963260054588318 5.236560821533203 -0.9993709921836853 0.00687999976798892 -0.03478400036692619 2.7783219814300537 0.009209999814629555 -0.8969539999961853 -0.4420279860496521 1.5633749961853027 0.0 0.0 0.0 1.0
-0.01897899992763996 -0.4430589973926544 0.8962910175323486 5.247939109802246 -0.9997180104255676 -0.004395999945700169 -0.02334200032055378 2.779995918273926 0.01428299956023693 -0.896481990814209 -0.4428510069847107 1.5611629486083984 0.0 0.0 0.0 1.0
-0.0078119998797774315 -0.44526201486587524 0.8953660130500793 5.259130001068115 -0.9997209906578064 -0.016482999548316002 -0.016920000314712524 2.783637046813965 0.02229199931025505 -0.8952479958534241 -0.4450089931488037 1.5595099925994873 0.0 0.0 0.0 1.0
0.0036440000403672457 -0.4490250051021576 0.8935120105743408 5.271574020385742 -0.9994189739227295 -0.03191699832677841 -0.011963999830186367 2.7895240783691406 0.033890001475811005 -0.8929489850997925 -0.44888100028038025 1.5589920282363892 0.0 0.0 0.0 1.0
0.0128389997407794 -0.45222899317741394 0.8918099999427795 5.283421993255615 -0.9992309808731079 -0.03886500000953674 -0.00532200001180172 2.7935750484466553 0.037066999822854996 -0.8910549879074097 -0.4523800015449524 1.5617300271987915 0.0 0.0 0.0 1.0
0.02250799909234047 -0.4510659873485565 0.8922070264816284 5.296296119689941 -0.9990270137786865 -0.04400800168514252 0.0029539999086409807 2.800334930419922 0.03793200105428696 -0.8914049863815308 -0.4516170024871826 1.5660550594329834 0.0 0.0 0.0 1.0
0.033247001469135284 -0.44526201486587524 0.8947830200195312 5.306306838989258 -0.998682975769043 -0.04979600012302399 0.01232799980789423 2.8072919845581055 0.03906700015068054 -0.8940150141716003 -0.4463309943675995 1.5679680109024048 0.0 0.0 0.0 1.0
0.04402400180697441 -0.4395909905433655 0.8971189856529236 5.3140549659729 -0.9982489943504333 -0.05486200004816055 0.02210400067269802 2.811738967895508 0.03950100019574165 -0.8965209722518921 -0.4412359893321991 1.5680890083312988 0.0 0.0 0.0 1.0
0.05131100118160248 -0.435698002576828 0.8986290097236633 5.322707176208496 -0.9977980256080627 -0.06023300066590309 0.02776999957859516 2.819667100906372 0.04202700033783913 -0.8980749845504761 -0.43782898783683777 1.5686949491500854 0.0 0.0 0.0 1.0
0.057982999831438065 -0.4330039918422699 0.899524986743927 5.33201789855957 -0.9973459839820862 -0.06486000120639801 0.033066000789403915 2.8251259326934814 0.04402599856257439 -0.899055004119873 -0.43561598658561707 1.5694169998168945 0.0 0.0 0.0 1.0
0.06226399913430214 -0.43137499690055847 0.9000219702720642 5.338764190673828 -0.9970939755439758 -0.06654399633407593 0.03708599880337715 2.831787109375 0.0438929982483387 -0.899715006351471 -0.43426400423049927 1.5704489946365356 0.0 0.0 0.0 1.0
0.06564299762248993 -0.4308890104293823 0.9000139832496643 5.347628116607666 -0.996878981590271 -0.06795299798250198 0.040174998342990875 2.8429698944091797 0.04384800046682358 -0.8998429775238037 -0.4340049922466278 1.5737030506134033 0.0 0.0 0.0 1.0
0.06975100189447403 -0.42900601029396057 0.9006040096282959 5.356356143951416 -0.9966080188751221 -0.06948500126600266 0.0440870001912117 2.8543710708618164 0.043664999306201935 -0.9006249904632568 -0.4323979914188385 1.5787550210952759 0.0 0.0 0.0 1.0
0.0743890032172203 -0.42215999960899353 0.9034640192985535 5.363446235656738 -0.9962469935417175 -0.0716560035943985 0.04854600131511688 2.8677289485931396 0.044245000928640366 -0.9036849737167358 -0.4259060025215149 1.581725001335144 0.0 0.0 0.0 1.0
0.07953999936580658 -0.41538000106811523 0.9061639904975891 5.370966911315918 -0.9959729909896851 -0.07083199918270111 0.05495399981737137 2.8773980140686035 0.04135800153017044 -0.9068859815597534 -0.4193420112133026 1.5891660451889038 0.0 0.0 0.0 1.0
0.08274299651384354 -0.4032439887523651 0.9113439917564392 5.376144886016846 -0.9957399964332581 -0.07078400254249573 0.059085000306367874 2.886173963546753 0.040681999176740646 -0.9123510122299194 -0.407382994890213 1.5958399772644043 0.0 0.0 0.0 1.0
0.08323600143194199 -0.38839998841285706 0.9177240133285522 5.382191181182861 -0.9957730174064636 -0.0683090016245842 0.061404999345541 2.8952829837799072 0.03883900120854378 -0.9189559817314148 -0.39244401454925537 1.5978219509124756 0.0 0.0 0.0 1.0
0.0791269987821579 -0.3812769949436188 0.921068012714386 5.386653900146484 -0.9962059855461121 -0.0638360008597374 0.05915699899196625 2.906873941421509 0.03624200075864792 -0.9222540259361267 -0.38488200306892395 1.6018869876861572 0.0 0.0 0.0 1.0
0.07511000335216522 -0.37599700689315796 0.923570990562439 5.395442008972168 -0.9966409802436829 -0.05861299857497215 0.05719099938869476 2.9170010089874268 0.03263000026345253 -0.9247649908065796 -0.3791370093822479 1.6134059429168701 0.0 0.0 0.0 1.0
0.07350300252437592 -0.3596389889717102 0.9301919937133789 5.4011712074279785 -0.9968630075454712 -0.05394100025296211 0.05791600048542023 2.9249460697174072 0.029347000643610954 -0.9315310120582581 -0.3624750077724457 1.6202960014343262 0.0 0.0 0.0 1.0
0.07214900106191635 -0.3419640064239502 0.936939001083374 5.404232978820801 -0.9969350099563599 -0.05322600156068802 0.05734200030565262 2.9335219860076904 0.030260000377893448 -0.9382050037384033 -0.34475600719451904 1.6229020357131958 0.0 0.0 0.0 1.0
0.06926099956035614 -0.32903099060058594 0.9417759776115417 5.407660961151123 -0.9970229864120483 -0.054882001131772995 0.05415000021457672 2.9401979446411133 0.033868998289108276 -0.9427229762077332 -0.3318530023097992 1.6238059997558594 0.0 0.0 0.0 1.0
0.062244001775979996 -0.3207789957523346 0.9451069831848145 5.412878036499023 -0.9973629713058472 -0.05540600046515465 0.046879999339580536 2.9469540119171143 0.03732699900865555 -0.9455320239067078 -0.3233819901943207 1.627555012702942 0.0 0.0 0.0 1.0
0.056554000824689865 -0.3114030063152313 0.9485939741134644 5.41296911239624 -0.9970700144767761 -0.06663099676370621 0.03756999969482422 2.958383083343506 0.05150600150227547 -0.9479389786720276 -0.31425899267196655 1.6264649629592896 0.0 0.0 0.0 1.0
0.051229000091552734 -0.3060329854488373 0.9506419897079468 5.420486927032471 -0.9973940253257751 -0.06410499662160873 0.03311099857091904 2.9590439796447754 0.050808001309633255 -0.9498599767684937 -0.30851900577545166 1.6393309831619263 0.0 0.0 0.0 1.0
0.04484499990940094 -0.2960529923439026 0.954118013381958 5.424229145050049 -0.9976130127906799 -0.06348100304603577 0.027191000059247017 2.9648630619049072 0.05251799896359444 -0.95305997133255 -0.2981930077075958 1.6450059413909912 0.0 0.0 0.0 1.0
0.03839699923992157 -0.28519201278686523 0.9577010273933411 5.4278411865234375 -0.9977859854698181 -0.0630280002951622 0.02123500034213066 2.969054937362671 0.05430600047111511 -0.9563959836959839 -0.286980003118515 1.650154948234558 0.0 0.0 0.0 1.0
0.028860999271273613 -0.27181699872016907 0.9619160294532776 5.431591987609863 -0.9978600144386292 -0.06433200091123581 0.011760000139474869 2.979883909225464 0.05868599936366081 -0.9601960182189941 -0.27309200167655945 1.6480669975280762 0.0 0.0 0.0 1.0
0.022935999557375908 -0.26257601380348206 0.9646390080451965 5.43366003036499 -0.9979569911956787 -0.0635640025138855 0.006424999795854092 2.9783849716186523 0.05962999910116196 -0.9628159999847412 -0.263496994972229 1.6520099639892578 0.0 0.0 0.0 1.0
0.014313999563455582 -0.25409701466560364 0.9670730233192444 5.4352498054504395 -0.9979130029678345 -0.06453999876976013 -0.0021869998890906572 2.9810729026794434 0.06297100335359573 -0.9650229811668396 -0.2544899880886078 1.6532410383224487 0.0 0.0 0.0 1.0
0.006188000086694956 -0.24896599352359772 0.9684929847717285 5.439911842346191 -0.9978179931640625 -0.06520599871873856 -0.010386999696493149 2.979727029800415 0.06573700159788132 -0.966314971446991 -0.24882599711418152 1.6579899787902832 0.0 0.0 0.0 1.0
-0.005115999840199947 -0.2433219999074936 0.9699320197105408 5.443171977996826 -0.9974610209465027 -0.06765499711036682 -0.022234000265598297 2.987746000289917 0.07103099673986435 -0.9675830006599426 -0.24235799908638 1.6584359407424927 0.0 0.0 0.0 1.0
-0.01342300046235323 -0.23775500059127808 0.9712330102920532 5.4464030265808105 -0.9970160126686096 -0.07066100090742111 -0.031076999381184578 2.9894299507141113 0.07601799815893173 -0.9687520265579224 -0.23609699308872223 1.6597880125045776 0.0 0.0 0.0 1.0
-0.018185999244451523 -0.22764399647712708 0.9735739827156067 5.446310997009277 -0.9961130023002625 -0.07981099933385849 -0.037268999963998795 2.9908430576324463 0.0861859992146492 -0.9704679846763611 -0.22530800104141235 1.6473569869995117 0.0 0.0 0.0 1.0
-0.025930000469088554 -0.22168900072574615 0.9747719764709473 5.449006080627441 -0.995622992515564 -0.08185400068759918 -0.04510100185871124 2.9935851097106934 0.08978699892759323 -0.9716759920120239 -0.21859699487686157 1.6497880220413208 0.0 0.0 0.0 1.0
-0.03130200132727623 -0.21317000687122345 0.9765130281448364 5.453285217285156 -0.9953770041465759 -0.08210500329732895 -0.04983000084757805 2.9907588958740234 0.0907989963889122 -0.9735590219497681 -0.20961500704288483 1.6544770002365112 0.0 0.0 0.0 1.0
-0.038724999874830246 -0.20352700352668762 0.9783030152320862 5.456286907196045 -0.9952369928359985 -0.07979399710893631 -0.05599600076675415 2.994399070739746 0.08945900201797485 -0.9758120179176331 -0.1994680017232895 1.6591160297393799 0.0 0.0 0.0 1.0
-0.04224200174212456 -0.19411900639533997 0.980068027973175 5.45963716506958 -0.9952690005302429 -0.07772199809551239 -0.0582909993827343 2.990834951400757 0.08748800307512283 -0.9778940081596375 -0.18991799652576447 1.6621509790420532 0.0 0.0 0.0 1.0
-0.05109399929642677 -0.1794780045747757 0.9824339747428894 5.465875148773193 -0.9950219988822937 -0.07512299716472626 -0.06547299772500992 2.9882209300994873 0.08555500209331512 -0.9808890223503113 -0.17474600672721863 1.6700750589370728 0.0 0.0 0.0 1.0
-0.05370999872684479 -0.16801799833774567 0.9843189716339111 5.470883846282959 -0.9949809908866882 -0.07433599978685379 -0.06697999686002731 2.9881350994110107 0.08442500233650208 -0.9829769730567932 -0.16318200528621674 1.6740679740905762 0.0 0.0 0.0 1.0
-0.05231799930334091 -0.15577100217342377 0.9864069819450378 5.471088886260986 -0.9951080083847046 -0.07475700229406357 -0.06458500027656555 2.9821250438690186 0.08380100131034851 -0.9849600195884705 -0.15109799802303314 1.6796120405197144 0.0 0.0 0.0 1.0
-0.0517750009894371 -0.1434900015592575 0.9882959723472595 5.474938869476318 -0.9951980113983154 -0.07490099966526031 -0.06301199644804001 2.980483055114746 0.08306600153446198 -0.9868130087852478 -0.13892300426959991 1.6819180250167847 0.0 0.0 0.0 1.0
-0.04725100100040436 -0.13145899772644043 0.9901949763298035 5.476998805999756 -0.9953050017356873 -0.07763399928808212 -0.057801999151706696 2.973707914352417 0.08447100222110748 -0.988277018070221 -0.12717300653457642 1.683413028717041 0.0 0.0 0.0 1.0
-0.041085999459028244 -0.12068700045347214 0.9918400049209595 5.476925849914551 -0.9947559833526611 -0.08811700344085693 -0.051927998661994934 2.969470977783203 0.0936649963259697 -0.9887719750404358 -0.1164340004324913 1.6758190393447876 0.0 0.0 0.0 1.0
-0.036205001175403595 -0.12303300201892853 0.9917420148849487 5.482701778411865 -0.9946820139884949 -0.09131400287151337 -0.047641001641750336 2.963927984237671 0.0964210033416748 -0.9881929755210876 -0.11907199770212173 1.693181037902832 0.0 0.0 0.0 1.0
-0.03125099837779999 -0.11833900213241577 0.992480993270874 5.4845781326293945 -0.9944440126419067 -0.09617900103330612 -0.04278099909424782 2.959980010986328 0.10051800310611725 -0.9883040189743042 -0.11467599868774414 1.6971139907836914 0.0 0.0 0.0 1.0
-0.024833999574184418 -0.11396700143814087 0.9931740164756775 5.487317085266113 -0.9940339922904968 -0.1027270033955574 -0.03664400056004524 2.9558019638061523 0.10620199888944626 -0.9881590008735657 -0.11073599755764008 1.7013839483261108 0.0 0.0 0.0 1.0
-0.01620200090110302 -0.10802000015974045 0.9940170049667358 5.488875865936279 -0.9936370253562927 -0.10908199846744537 -0.028049999848008156 2.9500410556793213 0.11145900189876556 -0.9881460070610046 -0.10556499660015106 1.7006640434265137 0.0 0.0 0.0 1.0
-0.00621100002899766 -0.10191500186920166 0.9947739839553833 5.489006996154785 -0.9931939840316772 -0.11507400125265121 -0.017990000545978546 2.945919990539551 0.11630599945783615 -0.9881150126457214 -0.10050699859857559 1.705968976020813 0.0 0.0 0.0 1.0
0.0035250000655651093 -0.09050600230693817 0.9958890080451965 5.491011142730713 -0.992484986782074 -0.12213099747896194 -0.007586999796330929 2.9432740211486816 0.12231600284576416 -0.9883790016174316 -0.09025599807500839 1.7056150436401367 0.0 0.0 0.0 1.0
0.013419999741017818 -0.07838000357151031 0.9968330264091492 5.491339206695557 -0.9918839931488037 -0.12710599601268768 0.003358999965712428 2.938114881515503 0.12644000351428986 -0.9887869954109192 -0.07944899797439575 1.7068090438842773 0.0 0.0 0.0 1.0
0.023941000923514366 -0.06630600243806839 0.9975119829177856 5.4911298751831055 -0.9913309812545776 -0.13051700592041016 0.015116999857127666 2.9280970096588135 0.12918999791145325 -0.9892259836196899 -0.06885600090026855 1.7082220315933228 0.0 0.0 0.0 1.0
0.03124300017952919 -0.05639300122857094 0.9979190230369568 5.492074012756348 -0.9910770058631897 -0.13118399679660797 0.023615999147295952 2.9226949214935303 0.12957899272441864 -0.989753007888794 -0.05998799949884415 1.7136249542236328 0.0 0.0 0.0 1.0
0.038107000291347504 -0.036802999675273895 0.9985960125923157 5.488962173461914 -0.9894539713859558 -0.14114199578762054 0.03255600109696388 2.917836904525757 0.13974599540233612 -0.9893050193786621 -0.04179299995303154 1.695451021194458 0.0 0.0 0.0 1.0
0.04724999889731407 -0.029603000730276108 0.9984440207481384 5.4891581535339355 -0.9891440272331238 -0.140625 0.04264099895954132 2.907280921936035 0.13914300501346588 -0.9896199703216553 -0.03592599928379059 1.7053320407867432 0.0 0.0 0.0 1.0
0.053617000579833984 -0.01941699907183647 0.9983729720115662 5.488739013671875 -0.9887239933013916 -0.14102700352668762 0.050356000661849976 2.90278697013855 0.13981999456882477 -0.9898149967193604 -0.026760000735521317 1.7099629640579224 0.0 0.0 0.0 1.0
0.059877000749111176 -0.01002500019967556 0.9981549978256226 5.4889397621154785 -0.9882749915122986 -0.141292005777359 0.05786500126123428 2.897078037261963 0.14045099914073944 -0.989916980266571 -0.01836800016462803 1.7127649784088135 0.0 0.0 0.0 1.0
0.06580699980258942 -0.0010770000517368317 0.9978320002555847 5.488715171813965 -0.9877840280532837 -0.14163300395011902 0.06499099731445312 2.8904531002044678 0.14125500619411469 -0.9899190068244934 -0.010383999906480312 1.7170360088348389 0.0 0.0 0.0 1.0
0.07104499638080597 0.0091540003195405 0.9974309802055359 5.488195896148682 -0.9870839715003967 -0.14330199360847473 0.07162299752235413 2.8841021060943604 0.14359000325202942 -0.989637017250061 -0.0011449999874457717 1.7171640396118164 0.0 0.0 0.0 1.0
0.07595299929380417 0.01955600082874298 0.9969199895858765 5.488469123840332 -0.9863719940185547 -0.14487099647521973 0.07799100130796432 2.8754169940948486 0.14595000445842743 -0.9892569780349731 0.008286000229418278 1.7173850536346436 0.0 0.0 0.0 1.0
0.08101800084114075 0.02647400088608265 0.9963610172271729 5.487618923187256 -0.9857900142669678 -0.14546099305152893 0.08402299880981445 2.8652360439300537 0.1471569985151291 -0.9890099763870239 0.01431300025433302 1.72073495388031 0.0 0.0 0.0 1.0
0.08406399935483932 0.033062998205423355 0.9959120154380798 5.48829984664917 -0.9852579832077026 -0.14668700098991394 0.08803500235080719 2.860435962677002 0.14899800717830658 -0.9886299967765808 0.020244000479578972 1.7204289436340332 0.0 0.0 0.0 1.0
0.09043999761343002 0.039652999490499496 0.9951120018959045 5.488214015960693 -0.9842680096626282 -0.14872199296951294 0.095380999147892 2.8485000133514404 0.1517769992351532 -0.9880840182304382 0.025578999891877174 1.7196780443191528 0.0 0.0 0.0 1.0
0.09264100342988968 0.050356000661849976 0.9944249987602234 5.487783908843994 -0.9832919836044312 -0.15254800021648407 0.09932799637317657 2.849644899368286 0.156700000166893 -0.9870120286941528 0.03538300096988678 1.7025740146636963 0.0 0.0 0.0 1.0
0.09873300045728683 0.05004199966788292 0.9938549995422363 5.487539768218994 -0.9827029705047607 -0.15234099328517914 0.10529500246047974 2.8421130180358887 0.15667399764060974 -0.987060010433197 0.03413499891757965 1.714087963104248 0.0 0.0 0.0 1.0
0.10253799706697464 0.054802000522613525 0.9932180047035217 5.488205909729004 -0.98191899061203 -0.15414899587631226 0.10987699776887894 2.8397600650787354 0.15912500023841858 -0.9865270256996155 0.038005001842975616 1.712641954421997 0.0 0.0 0.0 1.0
0.10856200009584427 0.05755700170993805 0.9924219846725464 5.488303184509277 -0.9811850190162659 -0.1541299968957901 0.11627200245857239 2.833030939102173 0.15965400636196136 -0.9863730072975159 0.039740998297929764 1.7138069868087769 0.0 0.0 0.0 1.0
0.11229799687862396 0.06305199861526489 0.9916719794273376 5.489687919616699 -0.9802560210227966 -0.15642400085926056 0.12094999849796295 2.8304600715637207 0.16274799406528473 -0.9856749773025513 0.04424099996685982 1.71144700050354 0.0 0.0 0.0 1.0
0.11886099725961685 0.06983000040054321 0.990451991558075 5.488648891448975 -0.9793859720230103 -0.15583600103855133 0.12851999700069427 2.821803092956543 0.16332300007343292 -0.9853119850158691 0.04986799880862236 1.7117550373077393 0.0 0.0 0.0 1.0
0.12451300024986267 0.07566899806261063 0.9893280267715454 5.487427234649658 -0.9788339734077454 -0.1538500040769577 0.13495899736881256 2.8204360008239746 0.16242000460624695 -0.9851920008659363 0.05491099879145622 1.712906002998352 0.0 0.0 0.0 1.0
0.1319900006055832 0.07803399860858917 0.9881749749183655 5.485641002655029 -0.9779329895973206 -0.1526149958372116 0.14267399907112122 2.818789005279541 0.16194400191307068 -0.9851999878883362 0.056168001145124435 1.71937894821167 0.0 0.0 0.0 1.0
0.1432580053806305 0.08171000331640244 0.9863060116767883 5.484532833099365 -0.9766139984130859 -0.1497659981250763 0.15425799787044525 2.8135130405426025 0.1603190004825592 -0.9853389859199524 0.058343999087810516 1.7159490585327148 0.0 0.0 0.0 1.0
0.15566900372505188 0.08407899737358093 0.9842240214347839 5.482450008392334 -0.9752489924430847 -0.1453009992837906 0.16666199266910553 2.8121449947357178 0.15702199935913086 -0.9858080148696899 0.05937900021672249 1.7150160074234009 0.0 0.0 0.0 1.0
0.17249499261379242 0.09112700074911118 0.9807860255241394 5.478786945343018 -0.9724069833755493 -0.14301900565624237 0.1843090057373047 2.806049108505249 0.15706700086593628 -0.9855160117149353 0.06394299864768982 1.7040719985961914 0.0 0.0 0.0 1.0
0.18828600645065308 0.09429500252008438 0.9775769710540771 5.476016998291016 -0.9697099924087524 -0.13985499739646912 0.2002599984407425 2.8031229972839355 0.15560300648212433 -0.9856719970703125 0.06510599702596664 1.7034059762954712 0.0 0.0 0.0 1.0
0.20387700200080872 0.095490001142025 0.9743279814720154 5.474691867828369 -0.9673010110855103 -0.1337289959192276 0.21551300585269928 2.805340051651001 0.1508750021457672 -0.9864069819450378 0.06510300189256668 1.7041109800338745 0.0 0.0 0.0 1.0
0.2219340056180954 0.0961579978466034 0.9703090190887451 5.470631122589111 -0.9639649987220764 -0.12806899845600128 0.23317399621009827 2.803217887878418 0.14668799936771393 -0.9870929718017578 0.06426999717950821 1.7069389820098877 0.0 0.0 0.0 1.0
0.23807799816131592 0.10004600137472153 0.9660800099372864 5.46830415725708 -0.9603639841079712 -0.12423399835824966 0.2495349943637848 2.8054909706115723 0.14498500525951385 -0.9871960282325745 0.06650300323963165 1.7037739753723145 0.0 0.0 0.0 1.0
0.2562530040740967 0.1007860004901886 0.9613410234451294 5.464477062225342 -0.9559170007705688 -0.12110000103712082 0.2675029933452606 2.8044350147247314 0.14337900280952454 -0.9875109791755676 0.065310999751091 1.7044179439544678 0.0 0.0 0.0 1.0
0.27344098687171936 0.099092997610569 0.9567710161209106 5.459823131561279 -0.9516199827194214 -0.11708500236272812 0.28409498929977417 2.8059630393981934 0.140174999833107 -0.9881659746170044 0.062283001840114594 1.704846978187561 0.0 0.0 0.0 1.0
0.28875601291656494 0.09726399928331375 0.9524490237236023 5.457610130310059 -0.9473699927330017 -0.11461199820041656 0.29892098903656006 2.8085379600524902 0.13823600113391876 -0.9886369705200195 0.059050001204013824 1.7029680013656616 0.0 0.0 0.0 1.0
0.30400800704956055 0.092228002846241 0.9481949806213379 5.455205917358398 -0.9428409934043884 -0.11347199976444244 0.31332799792289734 2.809325933456421 0.13649100065231323 -0.9892510175704956 0.05245999991893768 1.7053569555282593 0.0 0.0 0.0 1.0
0.31787699460983276 0.08668000251054764 0.9441609978675842 5.4498820304870605 -0.9384030103683472 -0.11352500319480896 0.3263610005378723 2.810940980911255 0.13547499477863312 -0.9897469878196716 0.045253999531269073 1.7047319412231445 0.0 0.0 0.0 1.0
0.3320319950580597 0.07937999814748764 0.9399219751358032 5.447775840759277 -0.9338459968566895 -0.11282899975776672 0.33941400051116943 2.81473708152771 0.13299299776554108 -0.9904389977455139 0.03666599839925766 1.7060669660568237 0.0 0.0 0.0 1.0
0.3449940085411072 0.07675600051879883 0.9354609847068787 5.449160099029541 -0.9291650056838989 -0.11306899785995483 0.351949006319046 2.8127200603485107 0.13278500735759735 -0.9906179904937744 0.03231099992990494 1.6900919675827026 0.0 0.0 0.0 1.0
0.35657399892807007 0.06913600116968155 0.9317049980163574 5.443902015686035 -0.9249680042266846 -0.11423099786043167 0.3624719977378845 2.8156139850616455 0.13149000704288483 -0.9910460114479065 0.02321700006723404 1.6844700574874878 0.0 0.0 0.0 1.0
0.36749300360679626 0.05951999872922897 0.9281200170516968 5.442505836486816 -0.921172022819519 -0.11408700048923492 0.3720580041408539 2.819361925125122 0.12803100049495697 -0.9916859865188599 0.012901999987661839 1.6823220252990723 0.0 0.0 0.0 1.0
0.3787260055541992 0.05104599893093109 0.9240999817848206 5.44122314453125 -0.9170519709587097 -0.11397100239992142 0.38213300704956055 2.8208799362182617 0.12482699751853943 -0.9921720027923584 0.003648000070825219 1.6757869720458984 0.0 0.0 0.0 1.0
0.3896830081939697 0.04406299814581871 0.9198939800262451 5.4420390129089355 -0.9125109910964966 -0.1164340004324913 0.3921320140361786 2.8199679851531982 0.12438599765300751 -0.9922209978103638 -0.005164000205695629 1.6666799783706665 0.0 0.0 0.0 1.0
0.39667999744415283 0.033691998571157455 0.9173380136489868 5.438386917114258 -0.9096199870109558 -0.11995299905538559 0.3977479934692383 2.8312768936157227 0.12343800067901611 -0.9922080039978027 -0.01693600043654442 1.661674976348877 0.0 0.0 0.0 1.0
0.40770798921585083 0.021128999069333076 0.9128680229187012 5.438893795013428 -0.9049429893493652 -0.12408299744129181 0.407039999961853 2.82830810546875 0.12187200039625168 -0.9920470118522644 -0.03146899864077568 1.6622350215911865 0.0 0.0 0.0 1.0
0.41690298914909363 0.009781000204384327 0.9088979959487915 5.436117172241211 -0.9011210203170776 -0.12651799619197845 0.41469699144363403 2.8328371047973633 0.11904899775981903 -0.9919160008430481 -0.0439319983124733 1.6606650352478027 0.0 0.0 0.0 1.0
0.43030598759651184 0.004904999863356352 0.9026690125465393 5.434906959533691 -0.894894003868103 -0.12876400351524353 0.42729899287223816 2.826770067214966 0.11832699924707413 -0.9916629791259766 -0.05101900175213814 1.6455600261688232 0.0 0.0 0.0 1.0
0.43679898977279663 -0.00802099984139204 0.8995230197906494 5.42312479019165 -0.8921669721603394 -0.13179300725460052 0.43205100297927856 2.859905958175659 0.11508599668741226 -0.9912449717521667 -0.06472399830818176 1.6439919471740723 0.0 0.0 0.0 1.0
0.446617990732193 -0.01472300011664629 0.8946040272712708 5.4160919189453125 -0.8875790238380432 -0.13340899348258972 0.44091498851776123 2.864474058151245 0.11285699903964996 -0.9909520149230957 -0.07265099883079529 1.630486011505127 0.0 0.0 0.0 1.0
0.4561919867992401 -0.024327000603079796 0.8895490169525146 5.418591022491455 -0.8828799724578857 -0.13751700520515442 0.44901201128959656 2.869847059249878 0.11140500009059906 -0.9902009963989258 -0.08421199768781662 1.6216830015182495 0.0 0.0 0.0 1.0
0.46646401286125183 -0.03438299894332886 0.8838719725608826 5.416611194610596 -0.8776010274887085 -0.14291299879550934 0.45759400725364685 2.8663508892059326 0.11058299988508224 -0.9891380071640015 -0.09683799743652344 1.6169860363006592 0.0 0.0 0.0 1.0
0.4754070043563843 -0.0469990000128746 0.8785099983215332 5.417634963989258 -0.8730909824371338 -0.14798299968242645 0.4645580053329468 2.8660519123077393 0.10817000269889832 -0.9878720045089722 -0.1113860011100769 1.6175010204315186 0.0 0.0 0.0 1.0
0.48382899165153503 -0.058143001049757004 0.8732290267944336 5.417129993438721 -0.8686689734458923 -0.15323199331760406 0.47109898924827576 2.8698360919952393 0.10641500353813171 -0.9864779710769653 -0.12464500218629837 1.6107189655303955 0.0 0.0 0.0 1.0
0.49421900510787964 -0.07086600363254547 0.8664439916610718 5.416974067687988 -0.8633419871330261 -0.1568630039691925 0.4796200096607208 2.8687779903411865 0.10192400217056274 -0.9850749969482422 -0.1387069970369339 1.6060270071029663 0.0 0.0 0.0 1.0
0.5022640228271484 -0.08256399631500244 0.8607640266418457 5.4154767990112305 -0.8590700030326843 -0.16119800508022308 0.4858129918575287 2.877307891845703 0.098642997443676 -0.9834619760513306 -0.15189200639724731 1.5997519493103027 0.0 0.0 0.0 1.0
0.5121039748191833 -0.09354399889707565 0.8538140058517456 5.413288116455078 -0.8536589741706848 -0.1653199940919876 0.49389898777008057 2.8772809505462646 0.09495200216770172 -0.981793999671936 -0.16451600193977356 1.59238600730896 0.0 0.0 0.0 1.0
0.5212669968605042 -0.10668700188398361 0.8466989994049072 5.411725044250488 -0.8484619855880737 -0.1712999939918518 0.5007680058479309 2.8766589164733887 0.0916140004992485 -0.9794250130653381 -0.1798119992017746 1.5901529788970947 0.0 0.0 0.0 1.0
0.5340160131454468 -0.1252399981021881 0.8361459970474243 5.426271915435791 -0.8405290246009827 -0.18544700741767883 0.5090389847755432 2.8707408905029297 0.09130799770355225 -0.9746410250663757 -0.20430000126361847 1.597053050994873 0.0 0.0 0.0 1.0
0.5408110022544861 -0.14200499653816223 0.829069972038269 5.427044868469238 -0.8366310000419617 -0.19277900457382202 0.5127230286598206 2.869127035140991 0.08701799809932709 -0.970911979675293 -0.22306300699710846 1.5942230224609375 0.0 0.0 0.0 1.0
0.5450590252876282 -0.15841400623321533 0.823294997215271 5.427948951721191 -0.8340929746627808 -0.20183399319648743 0.513372004032135 2.873528003692627 0.08484400063753128 -0.9665240049362183 -0.24214300513267517 1.5849570035934448 0.0 0.0 0.0 1.0
0.5509470105171204 -0.17402000725269318 0.816195011138916 5.424678802490234 -0.8304740190505981 -0.21074700355529785 0.5156530141830444 2.866429090499878 0.08227699995040894 -0.9619259834289551 -0.2606300115585327 1.570633053779602 0.0 0.0 0.0 1.0
0.5533850193023682 -0.19543899595737457 0.8096719980239868 5.424767017364502 -0.8291429877281189 -0.22179800271987915 0.5131549835205078 2.87368106842041 0.07929199934005737 -0.9553059935569763 -0.28478699922561646 1.571071982383728 0.0 0.0 0.0 1.0
0.555774986743927 -0.211667001247406 0.8039349913597107 5.423333168029785 -0.8278040289878845 -0.22991299629211426 0.5117419958114624 2.8728740215301514 0.07651600241661072 -0.9499139785766602 -0.30299898982048035 1.559509038925171 0.0 0.0 0.0 1.0
0.5551270246505737 -0.22924299538135529 0.7995499968528748 5.423795223236084 -0.8283050060272217 -0.2399500012397766 0.5062940120697021 2.8779749870300293 0.0757879987359047 -0.9433299899101257 -0.3230859935283661 1.5548429489135742 0.0 0.0 0.0 1.0
0.5529620051383972 -0.24536900222301483 0.7962579727172852 5.423183917999268 -0.8295890092849731 -0.2510850131511688 0.4987359941005707 2.8808979988098145 0.07755400240421295 -0.9363499879837036 -0.34239599108695984 1.544523000717163 0.0 0.0 0.0 1.0
0.5493540167808533 -0.2607960104942322 0.7938479781150818 5.416016101837158 -0.8316519856452942 -0.2627739906311035 0.48918798565864563 2.881511926651001 0.08102499693632126 -0.9289429783821106 -0.3612470030784607 1.5328710079193115 0.0 0.0 0.0 1.0
0.5494210124015808 -0.2797339856624603 0.7873280048370361 5.418008804321289 -0.8316280245780945 -0.27421900629997253 0.4829060137271881 2.8764278888702393 0.08081500232219696 -0.9200829863548279 -0.38329699635505676 1.5309460163116455 0.0 0.0 0.0 1.0
0.5476269721984863 -0.3153179883956909 0.77503502368927 5.436339855194092 -0.8334259986877441 -0.2876960039138794 0.47183799743652344 2.885050058364868 0.07419600337743759 -0.9043260216712952 -0.4203439950942993 1.5686689615249634 0.0 0.0 0.0 1.0
0.5478749871253967 -0.3299899995326996 0.7687259912490845 5.434065818786621 -0.8332329988479614 -0.29713600873947144 0.46629801392555237 2.8848819732666016 0.07454200088977814 -0.8960009813308716 -0.43775200843811035 1.5631990432739258 0.0 0.0 0.0 1.0
0.5465530157089233 -0.3427659869194031 0.7640630006790161 5.429337024688721 -0.8341240286827087 -0.30375900864601135 0.46039900183677673 2.885498046875 0.07428199797868729 -0.8889549970626831 -0.4519299864768982 1.555757999420166 0.0 0.0 0.0 1.0
0.5471979975700378 -0.3562540113925934 0.7574009895324707 5.4265217781066895 -0.8337339758872986 -0.31189700961112976 0.4556399881839752 2.8813540935516357 0.0739080011844635 -0.8807970285415649 -0.46769100427627563 1.5481330156326294 0.0 0.0 0.0 1.0
0.5463590025901794 -0.37255099415779114 0.7501310110092163 5.422015190124512 -0.8343420028686523 -0.32042500376701355 0.44855499267578125 2.8818020820617676 0.07325100153684616 -0.8709380030632019 -0.48590201139450073 1.5408920049667358 0.0 0.0 0.0 1.0
0.5459349751472473 -0.39166098833084106 0.7406460046768188 5.41648006439209 -0.8346819877624512 -0.33077800273895264 0.44033101201057434 2.881371021270752 0.07252900302410126 -0.8585960268974304 -0.5074959993362427 1.5343719720840454 0.0 0.0 0.0 1.0
0.5452709794044495 -0.41080498695373535 0.730696976184845 5.411159038543701 -0.8352090120315552 -0.3405489921569824 0.4318009912967682 2.8812599182128906 0.07145199924707413 -0.8457340002059937 -0.5288000106811523 1.529829978942871 0.0 0.0 0.0 1.0
0.5427340269088745 -0.42777299880981445 0.722806990146637 5.409515857696533 -0.8372859954833984 -0.3434619903564453 0.4254240095615387 2.8811440467834473 0.06627099961042404 -0.8360880017280579 -0.5445770025253296 1.5277420282363892 0.0 0.0 0.0 1.0
0.5372009873390198 -0.43873998522758484 0.7203630208969116 5.40282678604126 -0.841159999370575 -0.34163200855255127 0.4192110002040863 2.8840389251708984 0.0621739998459816 -0.8311409950256348 -0.5525749921798706 1.5237740278244019 0.0 0.0 0.0 1.0
0.531686007976532 -0.4489760100841522 0.7181429862976074 5.39674186706543 -0.8452000021934509 -0.3356280028820038 0.41592299938201904 2.8798999786376953 0.05428899824619293 -0.8281149864196777 -0.5579230189323425 1.5205789804458618 0.0 0.0 0.0 1.0
0.5244140028953552 -0.45961999893188477 0.7167559862136841 5.391510963439941 -0.8502780199050903 -0.32708799839019775 0.4123600125312805 2.872231960296631 0.044913001358509064 -0.8256890177726746 -0.5623340010643005 1.5160000324249268 0.0 0.0 0.0 1.0
0.5189099907875061 -0.4713509976863861 0.7131339907646179 5.386157989501953 -0.8538879752159119 -0.32494398951530457 0.4065549969673157 2.8687260150909424 0.040098000317811966 -0.8199020028114319 -0.5710980296134949 1.5118529796600342 0.0 0.0 0.0 1.0
0.5118809938430786 -0.48489299416542053 0.7091240286827087 5.3776469230651855 -0.8583059906959534 -0.32318800687789917 0.39857399463653564 2.8684608936309814 0.03591499850153923 -0.8126670122146606 -0.5816199779510498 1.5085190534591675 0.0 0.0 0.0 1.0
0.5050749778747559 -0.4972749948501587 0.7054190039634705 5.3683648109436035 -0.862421989440918 -0.32259100675582886 0.390080988407135 2.868122100830078 0.03358500078320503 -0.8053889870643616 -0.5917940139770508 1.5053340196609497 0.0 0.0 0.0 1.0
0.49893099069595337 -0.5083330273628235 0.7019010186195374 5.360628128051758 -0.8660740256309509 -0.3217790126800537 0.3825890123844147 2.8685131072998047 0.03137499839067459 -0.7987840175628662 -0.600799024105072 1.5038349628448486 0.0 0.0 0.0 1.0
0.4919300079345703 -0.5167760252952576 0.7006760239601135 5.352089881896973 -0.8701369762420654 -0.31904301047325134 0.3755980134010315 2.868638038635254 0.02944600023329258 -0.7944520115852356 -0.6066129803657532 1.503098964691162 0.0 0.0 0.0 1.0
0.4842360019683838 -0.5214409828186035 0.7025769948959351 5.338077068328857 -0.8744099736213684 -0.31630200147628784 0.36791399121284485 2.8663930892944336 0.03038099966943264 -0.7924969792366028 -0.6091179847717285 1.4999569654464722 0.0 0.0 0.0 1.0
0.4737910032272339 -0.5291810035705566 0.7039099931716919 5.327042102813721 -0.8801730275154114 -0.3105199933052063 0.35899001359939575 2.8693580627441406 0.028606999665498734 -0.7896490097045898 -0.6128919720649719 1.497581958770752 0.0 0.0 0.0 1.0
0.46643099188804626 -0.5366269946098328 0.7031869888305664 5.313210964202881 -0.884211003780365 -0.3050979971885681 0.3536750078201294 2.8646531105041504 0.024748999625444412 -0.7867310047149658 -0.616798996925354 1.4946130514144897 0.0 0.0 0.0 1.0
0.45723700523376465 -0.5469570159912109 0.7012649774551392 5.30086088180542 -0.889145016670227 -0.2978779971599579 0.34740498661994934 2.8664910793304443 0.018875999376177788 -0.7823730111122131 -0.6225240230560303 1.492676019668579 0.0 0.0 0.0 1.0
0.4505020081996918 -0.5554609894752502 0.6989349722862244 5.283299922943115 -0.8926900029182434 -0.2910979986190796 0.3440450131893158 2.856218099594116 0.012354999780654907 -0.7789260149002075 -0.6269950270652771 1.4894640445709229 0.0 0.0 0.0 1.0
0.4429750144481659 -0.5650720000267029 0.6960359811782837 5.270442962646484 -0.8964999914169312 -0.28595200181007385 0.3384079933166504 2.8570990562438965 0.007807999849319458 -0.7739030122756958 -0.6332569718360901 1.4863920211791992 0.0 0.0 0.0 1.0
0.43778300285339355 -0.5731449723243713 0.6927130222320557 5.257695198059082 -0.8990679979324341 -0.2832919955253601 0.3338020145893097 2.854909896850586 0.0049230000004172325 -0.7689279913902283 -0.6393160223960876 1.48335599899292 0.0 0.0 0.0 1.0
0.43116000294685364 -0.5802850127220154 0.6909199953079224 5.24478816986084 -0.9022700190544128 -0.2799060046672821 0.32796499133110046 2.8532559871673584 0.0030789999291300774 -0.7648019790649414 -0.6442580223083496 1.480694055557251 0.0 0.0 0.0 1.0
0.42446601390838623 -0.5850840210914612 0.6910179853439331 5.230675220489502 -0.9054250121116638 -0.2792550027370453 0.3197230100631714 2.849755048751831 0.005905000027269125 -0.7613760232925415 -0.6482840180397034 1.4771389961242676 0.0 0.0 0.0 1.0
0.4161440134048462 -0.5897709727287292 0.6920940279960632 5.219841003417969 -0.9092450141906738 -0.27818500995635986 0.3096559941768646 2.8494129180908203 0.00990500021725893 -0.7581449747085571 -0.652010977268219 1.4746129512786865 0.0 0.0 0.0 1.0
0.4084460139274597 -0.5940809845924377 0.6929929852485657 5.207186222076416 -0.9126899838447571 -0.2766309976577759 0.3007879853248596 2.847491979598999 0.013011000119149685 -0.7553430199623108 -0.6552000045776367 1.4710819721221924 0.0 0.0 0.0 1.0
0.40116700530052185 -0.6023960113525391 0.6900609731674194 5.196310043334961 -0.9158939719200134 -0.2755280137062073 0.2919299900531769 2.846622943878174 0.014274000190198421 -0.7491350173950195 -0.6622629761695862 1.4682090282440186 0.0 0.0 0.0 1.0
0.39037901163101196 -0.6162310242652893 0.6840050220489502 5.173661231994629 -0.9204670190811157 -0.2762190103530884 0.2764829993247986 2.8420310020446777 0.018557999283075333 -0.7375379800796509 -0.6750509738922119 1.4602919816970825 0.0 0.0 0.0 1.0
0.3846830129623413 -0.6226270198822021 0.6814360022544861 5.164783000946045 -0.9228399991989136 -0.2751460075378418 0.26955899596214294 2.837904930114746 0.019658999517560005 -0.7325509786605835 -0.6804289817810059 1.4571449756622314 0.0 0.0 0.0 1.0
0.3823989927768707 -0.6271920204162598 0.6785280108451843 5.153913974761963 -0.9236689805984497 -0.27904999256134033 0.26261600852012634 2.825525999069214 0.02463199943304062 -0.7271590232849121 -0.6860269904136658 1.4509429931640625 0.0 0.0 0.0 1.0
0.3747909963130951 -0.6373500227928162 0.6732879877090454 5.147162914276123 -0.9266849756240845 -0.27950501441955566 0.25126001238822937 2.824043035507202 0.028046999126672745 -0.7180960178375244 -0.6953790187835693 1.4486600160598755 0.0 0.0 0.0 1.0
0.3671570122241974 -0.6447380185127258 0.6704540252685547 5.142169952392578 -0.9296330213546753 -0.27858999371528625 0.2411849945783615 2.819972038269043 0.031279999762773514 -0.7118290066719055 -0.7016559839248657 1.4455300569534302 0.0 0.0 0.0 1.0
0.3627699911594391 -0.6489400267601013 0.6687859892845154 5.135815143585205 -0.9312710165977478 -0.27838099002838135 0.23502999544143677 2.814560890197754 0.033656999468803406 -0.7080820202827454 -0.7053269743919373 1.4435889720916748 0.0 0.0 0.0 1.0
0.3584040105342865 -0.652679979801178 0.6674990057945251 5.130293846130371 -0.932964026927948 -0.2760840058326721 0.23098699748516083 2.813404083251953 0.033525001257658005 -0.7055400013923645 -0.707876980304718 1.4412709474563599 0.0 0.0 0.0 1.0
0.3535279929637909 -0.6563659906387329 0.6664829850196838 5.125331878662109 -0.9348210096359253 -0.2734679877758026 0.2265480011701584 2.8127689361572266 0.033562999218702316 -0.7031340003013611 -0.7102640271186829 1.4397879838943481 0.0 0.0 0.0 1.0
0.3500469923019409 -0.6594390273094177 0.6652870178222656 5.120798110961914 -0.9361469745635986 -0.2713660001754761 0.223581001162529 2.8126280307769775 0.0330980010330677 -0.70107102394104 -0.712323009967804 1.4380229711532593 0.0 0.0 0.0 1.0
0.3492650091648102 -0.6617010235786438 0.6634500026702881 5.1165289878845215 -0.9364410042762756 -0.271465003490448 0.22222800552845 2.8102409839630127 0.03305500000715256 -0.6988980174064636 -0.7144569754600525 1.4360779523849487 0.0 0.0 0.0 1.0
0.34498998522758484 -0.6644740104675293 0.662913978099823 5.114605903625488 -0.9380350112915039 -0.2687140107154846 0.2188200056552887 2.812356948852539 0.03273399919271469 -0.6973279714584351 -0.7160040140151978 1.4337979555130005 0.0 0.0 0.0 1.0
0.34767499566078186 -0.6649810075759888 0.6610010266304016 5.110479831695557 -0.9370520114898682 -0.27087000012397766 0.22037099301815033 2.8075509071350098 0.032503001391887665 -0.6960099935531616 -0.7172960042953491 1.4311259984970093 0.0 0.0 0.0 1.0
0.340705007314682 -0.6716179847717285 0.657912015914917 5.109291076660156 -0.9396659731864929 -0.266169011592865 0.2148990035057068 2.810096025466919 0.030786000192165375 -0.6914349794387817 -0.7217820286750793 1.4303900003433228 0.0 0.0 0.0 1.0
0.3407680094242096 -0.6759349703788757 0.6534439921379089 5.1094441413879395 -0.9396029710769653 -0.26851698756217957 0.21223999559879303 2.806586980819702 0.03200099989771843 -0.6863020062446594 -0.7266119718551636 1.429049015045166 0.0 0.0 0.0 1.0
0.3383829891681671 -0.6782029867172241 0.6523320078849792 5.1080121994018555 -0.9403579831123352 -0.2694869935512543 0.20761500298976898 2.806432008743286 0.03499000146985054 -0.6836789846420288 -0.7289429903030396 1.424746036529541 0.0 0.0 0.0 1.0
0.33671998977661133 -0.6798350214958191 0.6514930129051208 5.109389781951904 -0.9408180117607117 -0.2711839973926544 0.20327499508857727 2.8061881065368652 0.03848100081086159 -0.6813840270042419 -0.7309139966964722 1.4235899448394775 0.0 0.0 0.0 1.0
0.3341889977455139 -0.6795660257339478 0.6530749797821045 5.111560821533203 -0.9415649771690369 -0.27167201042175293 0.19912199676036835 2.8048079013824463 0.04210500046610832 -0.681456983089447 -0.730646014213562 1.4231410026550293 0.0 0.0 0.0 1.0
0.33324599266052246 -0.6776059865951538 0.6555889844894409 5.113282203674316 -0.9417660236358643 -0.2724039852619171 0.19716300070285797 2.801740884780884 0.044985998421907425 -0.6831150054931641 -0.7289239764213562 1.4228390455245972 0.0 0.0 0.0 1.0
0.3287560045719147 -0.6763889789581299 0.6591029763221741 5.116926193237305 -0.943215012550354 -0.27032598853111267 0.1930530071258545 2.8031411170959473 0.04759399965405464 -0.685142993927002 -0.7268519997596741 1.4232829809188843 0.0 0.0 0.0 1.0
0.3289870023727417 -0.6718900203704834 0.6635749936103821 5.120190143585205 -0.9429259896278381 -0.2720929980278015 0.1919810026884079 2.800494909286499 0.05156400054693222 -0.6888610124588013 -0.723056972026825 1.4212470054626465 0.0 0.0 0.0 1.0
0.32629698514938354 -0.6703320145606995 0.6664720177650452 5.124688148498535 -0.9437029957771301 -0.27156099677085876 0.1888909935951233 2.800481081008911 0.054368000477552414 -0.6905859708786011 -0.7212039828300476 1.4222389459609985 0.0 0.0 0.0 1.0
0.3242340087890625 -0.6694769859313965 0.6683350205421448 5.130623817443848 -0.9442499876022339 -0.2717219889163971 0.18590299785137177 2.800632953643799 0.05714299902319908 -0.6913520097732544 -0.7202550172805786 1.422171950340271 0.0 0.0 0.0 1.0
0.31593701243400574 -0.6733450293540955 0.6684229969978333 5.138586044311523 -0.9470840096473694 -0.2659209966659546 0.17976899445056915 2.8064870834350586 0.05670100077986717 -0.6898490190505981 -0.7217289805412292 1.4243359565734863 0.0 0.0 0.0 1.0
0.3186590075492859 -0.6699309945106506 0.670557975769043 5.146151065826416 -0.9460070133209229 -0.2690980136394501 0.18070900440216064 2.8049449920654297 0.059383999556303024 -0.6919379830360413 -0.7195109724998474 1.4248019456863403 0.0 0.0 0.0 1.0
0.3194270133972168 -0.6675339937210083 0.6725800037384033 5.154820919036865 -0.9456949830055237 -0.2696689963340759 0.18149100244045258 2.8076539039611816 0.06022299826145172 -0.6940289735794067 -0.7174239754676819 1.4255690574645996 0.0 0.0 0.0 1.0
0.3221290111541748 -0.6644449830055237 0.674347996711731 5.164041042327881 -0.9447460174560547 -0.2713179886341095 0.18396200239658356 2.8097949028015137 0.06072999909520149 -0.6963469982147217 -0.7151309847831726 1.425271987915039 0.0 0.0 0.0 1.0
0.325639009475708 -0.6611930131912231 0.6758570075035095 5.1743998527526855 -0.943576991558075 -0.2727600038051605 0.1877879947423935 2.8111679553985596 0.060182999819517136 -0.6988750100135803 -0.7127079963684082 1.4258270263671875 0.0 0.0 0.0 1.0
0.32822200655937195 -0.658348023891449 0.6773830056190491 5.186873912811279 -0.9427070021629333 -0.27368199825286865 0.19079099595546722 2.813277006149292 0.05978100001811981 -0.701196014881134 -0.710457980632782 1.426697015762329 0.0 0.0 0.0 1.0
0.3302080035209656 -0.6545199751853943 0.6801220178604126 5.200160026550293 -0.9419680237770081 -0.2746700048446655 0.19300800561904907 2.817634105682373 0.0604810006916523 -0.7043870091438293 -0.7072349786758423 1.426548957824707 0.0 0.0 0.0 1.0
0.33706000447273254 -0.6470339894294739 0.6839119791984558 5.215050220489502 -0.9395830035209656 -0.27730101346969604 0.2007170021533966 2.81905198097229 0.05977899953722954 -0.7102469801902771 -0.7014099955558777 1.4273840188980103 0.0 0.0 0.0 1.0
0.34307199716567993 -0.6384649872779846 0.6889579892158508 5.231351852416992 -0.9374060034751892 -0.2793850004673004 0.2078779935836792 2.8242650032043457 0.059762001037597656 -0.7171509861946106 -0.694350004196167 1.4305490255355835 0.0 0.0 0.0 1.0
0.35335400700569153 -0.6270899772644043 0.6941890120506287 5.247250080108643 -0.9336739778518677 -0.28260698914527893 0.21996599435806274 2.8251020908355713 0.05824499949812889 -0.7258729934692383 -0.685359001159668 1.4328999519348145 0.0 0.0 0.0 1.0
0.3595550060272217 -0.6218129992485046 0.6957510113716125 5.263037204742432 -0.9313780069351196 -0.284743994474411 0.22683900594711304 2.833786964416504 0.05705900117754936 -0.7295680046081543 -0.6815239787101746 1.4369579553604126 0.0 0.0 0.0 1.0
0.37118399143218994 -0.6121090054512024 0.6982439756393433 5.2793378829956055 -0.9267429709434509 -0.2912150025367737 0.23736199736595154 2.8377389907836914 0.05804799869656563 -0.7351980209350586 -0.6753619909286499 1.4383089542388916 0.0 0.0 0.0 1.0
0.3842880129814148 -0.6037430167198181 0.6984390020370483 5.295898914337158 -0.9214590191841125 -0.2974399924278259 0.2498839944601059 2.8414759635925293 0.05687800049781799 -0.739611029624939 -0.6706269979476929 1.442363977432251 0.0 0.0 0.0 1.0
0.3974350094795227 -0.5955730080604553 0.6980969905853271 5.3147969245910645 -0.916146993637085 -0.30077698826789856 0.26496899127960205 2.847158908843994 0.05216300114989281 -0.7448670268058777 -0.6651710271835327 1.4476549625396729 0.0 0.0 0.0 1.0
0.4133009910583496 -0.5821250081062317 0.7002230286598206 5.329009056091309 -0.9091330170631409 -0.3073360025882721 0.28110700845718384 2.850564956665039 0.05156499892473221 -0.7527779936790466 -0.6562520265579224 1.4503949880599976 0.0 0.0 0.0 1.0
0.4272260069847107 -0.5698469877243042 0.7019630074501038 5.343675136566162 -0.9026359915733337 -0.31364598870277405 0.29474401473999023 2.8561758995056152 0.0522099994122982 -0.7595400214195251 -0.6483619809150696 1.4530450105667114 0.0 0.0 0.0 1.0
0.4395959973335266 -0.5602350234985352 0.7020620107650757 5.358957767486572 -0.8965129852294922 -0.321494996547699 0.3048030138015747 2.8621740341186523 0.054947998374700546 -0.7633990049362183 -0.6435859799385071 1.456138014793396 0.0 0.0 0.0 1.0
0.44951000809669495 -0.5524629950523376 0.7019439935684204 5.371540069580078 -0.8915209770202637 -0.3266820013523102 0.3137969970703125 2.867172956466675 0.05595099925994873 -0.7668529748916626 -0.6393790245056152 1.459913969039917 0.0 0.0 0.0 1.0
0.4609670042991638 -0.5435569882392883 0.7014660239219666 5.38643217086792 -0.8855569958686829 -0.3329069912433624 0.323976993560791 2.87438702583313 0.057422999292612076 -0.7705309987068176 -0.6348109841346741 1.4645839929580688 0.0 0.0 0.0 1.0
0.47442400455474854 -0.5309119820594788 0.7021780014038086 5.396932125091553 -0.8783299922943115 -0.33876898884773254 0.33730000257492065 2.8790431022644043 0.05879899859428406 -0.7767680287361145 -0.6270359754562378 1.4661870002746582 0.0 0.0 0.0 1.0
0.4840250015258789 -0.5263649821281433 0.699042022228241 5.400982856750488 -0.8732439875602722 -0.34190601110458374 0.3471960127353668 2.883143901824951 0.056255001574754715 -0.7784860134124756 -0.6251360177993774 1.4677419662475586 0.0 0.0 0.0 1.0
0.4958130121231079 -0.5234310030937195 0.6929569840431213 5.413455963134766 -0.8667969703674316 -0.3471919894218445 0.35794100165367126 2.8914730548858643 0.05323199927806854 -0.778124988079071 -0.6258500218391418 1.4713770151138306 0.0 0.0 0.0 1.0
0.5077589750289917 -0.5198699831962585 0.6869609951972961 5.426078796386719 -0.8600130081176758 -0.3526960015296936 0.36875998973846436 2.903007984161377 0.05058100074529648 -0.7780359983444214 -0.6261799931526184 1.4758110046386719 0.0 0.0 0.0 1.0
0.5198439955711365 -0.5153099894523621 0.6813349723815918 5.43849515914917 -0.853069007396698 -0.35527199506759644 0.38217198848724365 2.9095780849456787 0.04512200132012367 -0.7798960208892822 -0.6242809891700745 1.4821619987487793 0.0 0.0 0.0 1.0
0.5295040011405945 -0.5072360038757324 0.6799539923667908 5.448423862457275 -0.8473299741744995 -0.3547169864177704 0.3952310085296631 2.916071891784668 0.04071599990129471 -0.7854220271110535 -0.6176199913024902 1.4884099960327148 0.0 0.0 0.0 1.0
0.5381799936294556 -0.4969789981842041 0.6807159781455994 5.458316802978516 -0.8420230150222778 -0.3523699939250946 0.40845099091529846 2.9276769161224365 0.03687300160527229 -0.7929990291595459 -0.6081060171127319 1.4923830032348633 0.0 0.0 0.0 1.0
0.5471779704093933 -0.4885909855365753 0.6796140074729919 5.47037410736084 -0.8364019989967346 -0.35027799010276794 0.4215889871120453 2.939815044403076 0.03206900134682655 -0.799115002155304 -0.6003230214118958 1.496062994003296 0.0 0.0 0.0 1.0
0.5550950169563293 -0.48154300451278687 0.6782220005989075 5.477356910705566 -0.8313490152359009 -0.34765100479125977 0.4335879981517792 2.949007034301758 0.026993000879883766 -0.8045219779014587 -0.5933089852333069 1.4995440244674683 0.0 0.0 0.0 1.0
0.5631899833679199 -0.4745829999446869 0.6764519810676575 5.489019870758057 -0.8259890079498291 -0.3467490077018738 0.4444189965724945 2.960486888885498 0.023645000532269478 -0.809033989906311 -0.5872859954833984 1.5031360387802124 0.0 0.0 0.0 1.0
0.5691140294075012 -0.4664759933948517 0.6771330237388611 5.502233982086182 -0.8219169974327087 -0.3464820086956024 0.4521099925041199 2.9741299152374268 0.023716000840067863 -0.8138499855995178 -0.5805919766426086 1.5057339668273926 0.0 0.0 0.0 1.0
0.5678880214691162 -0.4620409905910492 0.6811910271644592 5.506601810455322 -0.8227440118789673 -0.34315600991249084 0.453139990568161 2.9945809841156006 0.024385999888181686 -0.8177779912948608 -0.5750160217285156 1.5061579942703247 0.0 0.0 0.0 1.0
0.5701519846916199 -0.45692700147628784 0.6827470064163208 5.518621921539307 -0.8211590051651001 -0.3422510027885437 0.45668700337409973 3.0026888847351074 0.024997999891638756 -0.821025013923645 -0.5703449845314026 1.506788969039917 0.0 0.0 0.0 1.0
0.5701460242271423 -0.4523339867591858 0.685804009437561 5.529428958892822 -0.8210359811782837 -0.3430730104446411 0.45629099011421204 3.015186071395874 0.028884999454021454 -0.8232229948043823 -0.5669839978218079 1.5084149837493896 0.0 0.0 0.0 1.0
0.5672529935836792 -0.44891801476478577 0.6904320120811462 5.543690204620361 -0.8229529857635498 -0.34073999524116516 0.45458200573921204 3.0309510231018066 0.0311879999935627 -0.8260560035705566 -0.5627239942550659 1.5109169483184814 0.0 0.0 0.0 1.0
0.5645120143890381 -0.44379499554634094 0.695967972278595 5.5575408935546875 -0.8247810006141663 -0.3365499973297119 0.4543890058994293 3.044734001159668 0.032572001218795776 -0.8305299878120422 -0.556020975112915 1.5147210359573364 0.0 0.0 0.0 1.0
0.5592079758644104 -0.4364910125732422 0.7048130035400391 5.565217018127441 -0.8282759785652161 -0.3303529918193817 0.45257699489593506 3.068743944168091 0.03529199957847595 -0.8368650078773499 -0.546271026134491 1.5184580087661743 0.0 0.0 0.0 1.0
0.5557010173797607 -0.4288310110569 0.7122499942779541 5.577396869659424 -0.8306819796562195 -0.32155099511146545 0.4545019865036011 3.0917270183563232 0.03412000089883804 -0.844219982624054 -0.5349090099334717 1.5234140157699585 0.0 0.0 0.0 1.0
0.5549619793891907 -0.4193120002746582 0.7184659838676453 5.586289882659912 -0.8313350081443787 -0.31067100167274475 0.4608309864997864 3.107649087905884 0.029975000768899918 -0.8530300259590149 -0.5210000276565552 1.5226060152053833 0.0 0.0 0.0 1.0
0.5560349822044373 -0.4138740003108978 0.7207859754562378 5.609432220458984 -0.8307350277900696 -0.3044379949569702 0.46604400873184204 3.128851890563965 0.026551000773906708 -0.8579189777374268 -0.5130980014801025 1.530853033065796 0.0 0.0 0.0 1.0
0.5545240044593811 -0.4047040045261383 0.7271289825439453 5.621534824371338 -0.8318430185317993 -0.2939859926700592 0.4707539975643158 3.1515660285949707 0.023249000310897827 -0.8659020066261292 -0.4996730089187622 1.543634057044983 0.0 0.0 0.0 1.0
0.5510320067405701 -0.382735013961792 0.7415369749069214 5.616254806518555 -0.8341060280799866 -0.2793630063533783 0.4756290018558502 3.171505928039551 0.02511800080537796 -0.880607008934021 -0.47317999601364136 1.5208070278167725 0.0 0.0 0.0 1.0
0.5437710285186768 -0.3796069920063019 0.7484729886054993 5.614853858947754 -0.838919997215271 -0.2702310085296631 0.47242799401283264 3.194814920425415 0.022924000397324562 -0.884801983833313 -0.4654029905796051 1.503221035003662 0.0 0.0 0.0 1.0
0.5402510166168213 -0.391092985868454 0.7451000213623047 5.627307891845703 -0.8412119746208191 -0.2743059992790222 0.46595901250839233 3.2068428993225098 0.022151999175548553 -0.8785229921340942 -0.47718700766563416 1.501373052597046 0.0 0.0 0.0 1.0
0.5369499921798706 -0.4022519886493683 0.7415369749069214 5.646615982055664 -0.8431950211524963 -0.2836180031299591 0.45670899748802185 3.2239990234375 0.026600999757647514 -0.8704910278320312 -0.4914659857749939 1.5075420141220093 0.0 0.0 0.0 1.0
0.5312470197677612 -0.4085470139980316 0.7422029972076416 5.657394886016846 -0.8467170000076294 -0.28610900044441223 0.4485659897327423 3.243662118911743 0.0290910005569458 -0.8667359948158264 -0.4979189932346344 1.5183049440383911 0.0 0.0 0.0 1.0
0.527400016784668 -0.40511998534202576 0.7468109726905823 5.665689945220947 -0.8490549921989441 -0.28327199816703796 0.44593900442123413 3.2672789096832275 0.030890999361872673 -0.869271993637085 -0.4933669865131378 1.5211679935455322 0.0 0.0 0.0 1.0
0.5297669768333435 -0.40230101346969604 0.7466599941253662 5.677832126617432 -0.8477709889411926 -0.27723899483680725 0.452129989862442 3.2761290073394775 0.025110999122262 -0.8725200295448303 -0.4879319965839386 1.517943024635315 0.0 0.0 0.0 1.0
0.5301250219345093 -0.40543198585510254 0.7447090148925781 5.683897018432617 -0.8477169871330261 -0.27261999249458313 0.45503199100494385 3.2912299633026123 0.01853800006210804 -0.872527003288269 -0.48821499943733215 1.5143380165100098 0.0 0.0 0.0 1.0
0.5343989729881287 -0.41081199049949646 0.738681972026825 5.698575019836426 -0.845130980014801 -0.2732360064983368 0.4594520032405853 3.303597927093506 0.013086000457406044 -0.8698139786720276 -0.49320700764656067 1.5136120319366455 0.0 0.0 0.0 1.0
0.5395439863204956 -0.414902001619339 0.7326310276985168 5.710293769836426 -0.8418390154838562 -0.2804119884967804 0.46116799116134644 3.318711042404175 0.0140990000218153 -0.8655779957771301 -0.5005750060081482 1.5168360471725464 0.0 0.0 0.0 1.0
0.54585200548172 -0.4094330072402954 0.7310330271720886 5.72145414352417 -0.8376849889755249 -0.2855679988861084 0.46554800868034363 3.326106071472168 0.0181489996612072 -0.8664960265159607 -0.49885401129722595 1.5091379880905151 0.0 0.0 0.0 1.0
0.5498859882354736 -0.4060100018978119 0.7299180030822754 5.7259440422058105 -0.8348889946937561 -0.2925240099430084 0.4662509858608246 3.3441660404205322 0.024215999990701675 -0.8657860159873962 -0.4998280107975006 1.5106359720230103 0.0 0.0 0.0 1.0
0.5567830204963684 -0.4027310013771057 0.726498007774353 5.738927841186523 -0.8301659822463989 -0.29989001154899597 0.46998998522758484 3.354990005493164 0.028589999303221703 -0.8647969961166382 -0.5013070106506348 1.5047589540481567 0.0 0.0 0.0 1.0
0.562034010887146 -0.4033829867839813 0.7220799922943115 5.7518839836120605 -0.8264219760894775 -0.3095740079879761 0.47030898928642273 3.366931915283203 0.03382299840450287 -0.8610730171203613 -0.5073559880256653 1.5001369714736938 0.0 0.0 0.0 1.0
0.5666339993476868 -0.4048309922218323 0.7176610231399536 5.764469146728516 -0.8231610059738159 -0.3166930079460144 0.4712870121002197 3.382312059402466 0.036486998200416565 -0.8577979803085327 -0.512690007686615 1.4991040229797363 0.0 0.0 0.0 1.0
0.5727530121803284 -0.40583300590515137 0.7122169733047485 5.780550956726074 -0.818884015083313 -0.32267698645591736 0.4746670126914978 3.3979690074920654 0.03717999905347824 -0.8550900220870972 -0.5171440243721008 1.5018390417099 0.0 0.0 0.0 1.0
0.5798100233078003 -0.4058769941329956 0.7064579725265503 5.79567289352417 -0.8139690160751343 -0.32654398679733276 0.4804399907588959 3.4082820415496826 0.035691000521183014 -0.853600025177002 -0.5197049975395203 1.5035370588302612 0.0 0.0 0.0 1.0
0.5872269868850708 -0.40502700209617615 0.7007970213890076 5.814504146575928 -0.8087130188941956 -0.32982200384140015 0.4870319962501526 3.4222049713134766 0.03387799859046936 -0.8527430295944214 -0.5212309956550598 1.5036779642105103 0.0 0.0 0.0 1.0
0.5939549803733826 -0.40408000349998474 0.6956549882888794 5.828918933868408 -0.8039299845695496 -0.330608993768692 0.4943619966506958 3.442193031311035 0.03022800013422966 -0.852886974811554 -0.52121901512146 1.5084199905395508 0.0 0.0 0.0 1.0
0.6084349751472473 -0.39781099557876587 0.6866970062255859 5.851977825164795 -0.7933210134506226 -0.32795101404190063 0.5129219889640808 3.4510068893432617 0.021158000454306602 -0.8568519949913025 -0.515129029750824 1.5176409482955933 0.0 0.0 0.0 1.0
0.618241012096405 -0.3821670114994049 0.6868230104446411 5.863438129425049 -0.7859280109405518 -0.3113830089569092 0.5341879725456238 3.460073947906494 0.009716000407934189 -0.8700510263442993 -0.4928649961948395 1.502140998840332 0.0 0.0 0.0 1.0
0.6321690082550049 -0.3648900091648102 0.6835319995880127 5.880034923553467 -0.7747970223426819 -0.3058309853076935 0.5533139705657959 3.4674699306488037 0.007145999930799007 -0.8793879747390747 -0.47605299949645996 1.4984140396118164 0.0 0.0 0.0 1.0
0.6427909731864929 -0.3460099995136261 0.6834449768066406 5.895611763000488 -0.7659339904785156 -0.30529698729515076 0.5658090114593506 3.481010913848877 0.012877999804913998 -0.8871700167655945 -0.4612630009651184 1.4959290027618408 0.0 0.0 0.0 1.0
0.6505360007286072 -0.332614004611969 0.6827660202980042 5.907349109649658 -0.7591310143470764 -0.3118399977684021 0.5713809728622437 3.493053913116455 0.022864999249577522 -0.8900129795074463 -0.455361008644104 1.4896390438079834 0.0 0.0 0.0 1.0
0.6559330224990845 -0.32993999123573303 0.6788899898529053 5.925304889678955 -0.7541620135307312 -0.3239870071411133 0.5712019801139832 3.5075509548187256 0.03149000182747841 -0.886663019657135 -0.4613420069217682 1.484328031539917 0.0 0.0 0.0 1.0
0.6605669856071472 -0.3303700089454651 0.674170970916748 5.94463586807251 -0.7497820258140564 -0.3362730145454407 0.5698649883270264 3.523439884185791 0.03843899816274643 -0.8819159865379333 -0.4698370099067688 1.4943549633026123 0.0 0.0 0.0 1.0
0.6656829714775085 -0.32746198773384094 0.6705470085144043 5.959348201751709 -0.7452179789543152 -0.33859699964523315 0.5744580030441284 3.538252115249634 0.03893199935555458 -0.8821110129356384 -0.46942898631095886 1.4962849617004395 0.0 0.0 0.0 1.0
0.6753640174865723 -0.32537901401519775 0.6618239879608154 5.976665019989014 -0.7367650270462036 -0.3373120129108429 0.586001992225647 3.5513620376586914 0.03256800025701523 -0.8833730220794678 -0.467536985874176 1.501816987991333 0.0 0.0 0.0 1.0
0.6888669729232788 -0.3189049959182739 0.6509699821472168 5.990569114685059 -0.7245479822158813 -0.3304310142993927 0.604852020740509 3.565216064453125 0.022211000323295593 -0.8883209824562073 -0.4586850106716156 1.5059230327606201 0.0 0.0 0.0 1.0
0.7038869857788086 -0.3097499907016754 0.6392170190811157 6.000956058502197 -0.7101190090179443 -0.3278540074825287 0.623091995716095 3.5801219940185547 0.016567999497056007 -0.8925060033798218 -0.4507310092449188 1.5053629875183105 0.0 0.0 0.0 1.0
0.7158859968185425 -0.3068229854106903 0.6271889805793762 6.011198043823242 -0.6979659795761108 -0.33856499195098877 0.6310449838638306 3.5976200103759766 0.01872600056231022 -0.8895130157470703 -0.4565260112285614 1.5067180395126343 0.0 0.0 0.0 1.0
0.7238109707832336 -0.3025059998035431 0.6201509833335876 6.017570972442627 -0.6895170211791992 -0.3506599962711334 0.6337220072746277 3.6151978969573975 0.025756999850273132 -0.8863000273704529 -0.46239399909973145 1.5072189569473267 0.0 0.0 0.0 1.0
0.7283139824867249 -0.30094999074935913 0.6156200170516968 6.029231071472168 -0.6845009922981262 -0.3613260090351105 0.6331679821014404 3.6329100131988525 0.031888000667095184 -0.8825380206108093 -0.46915900707244873 1.5089329481124878 0.0 0.0 0.0 1.0
0.7329040169715881 -0.29661500453948975 0.6122679710388184 6.039402008056641 -0.6794340014457703 -0.36534398794174194 0.6363120079040527 3.6471428871154785 0.03494900092482567 -0.8823509812355042 -0.469292014837265 1.513996958732605 0.0 0.0 0.0 1.0
0.7405930161476135 -0.28989699482917786 0.606203019618988 6.052570819854736 -0.6711419820785522 -0.36346399784088135 0.6461129784584045 3.658876895904541 0.03302700072526932 -0.8853549957275391 -0.4637410044670105 1.5117629766464233 0.0 0.0 0.0 1.0
0.748009979724884 -0.2854990065097809 0.5991420149803162 6.05952787399292 -0.6630229949951172 -0.3618130087852478 0.6553559899330139 3.6730120182037354 0.029673999175429344 -0.8874580264091492 -0.45993199944496155 1.5129640102386475 0.0 0.0 0.0 1.0
0.7573490142822266 -0.2808369994163513 0.5895349979400635 6.071214199066162 -0.6524969935417175 -0.3612099885940552 0.666163980960846 3.6841700077056885 0.02586200088262558 -0.8891890048980713 -0.4568080008029938 1.5127429962158203 0.0 0.0 0.0 1.0
0.7639960050582886 -0.27281099557876587 0.5847089886665344 6.076700210571289 -0.6446170210838318 -0.3619619905948639 0.6733890175819397 3.696974039077759 0.027935000136494637 -0.8913800120353699 -0.4523960053920746 1.5072590112686157 0.0 0.0 0.0 1.0
0.768979012966156 -0.2674109935760498 0.5806570053100586 6.08819580078125 -0.6385310292243958 -0.3650889992713928 0.6774870157241821 3.7117819786071777 0.030825000256299973 -0.8917409777641296 -0.4514960050582886 1.5069780349731445 0.0 0.0 0.0 1.0
0.7704859972000122 -0.26045000553131104 0.5818219780921936 6.095335006713867 -0.6363599896430969 -0.36776798963546753 0.6780800223350525 3.724931001663208 0.037370000034570694 -0.8926990032196045 -0.44909998774528503 1.5054759979248047 0.0 0.0 0.0 1.0
0.772400975227356 -0.24893100559711456 0.5843200087547302 6.1076250076293945 -0.6333400011062622 -0.3709920048713684 0.6791509985923767 3.734869956970215 0.04771599918603897 -0.8946499824523926 -0.4442119896411896 1.5016030073165894 0.0 0.0 0.0 1.0
0.7713819742202759 -0.24346600472927094 0.5879579782485962 6.114232063293457 -0.634332001209259 -0.36810699105262756 0.6797940135002136 3.7470970153808594 0.05092500150203705 -0.8973410129547119 -0.43838900327682495 1.500694990158081 0.0 0.0 0.0 1.0
0.7737280130386353 -0.24371600151062012 0.5847629904747009 6.12403678894043 -0.6318070292472839 -0.3646480143070221 0.6839969754219055 3.7567310333251953 0.04653099924325943 -0.8986849784851074 -0.43612000346183777 1.4982999563217163 0.0 0.0 0.0 1.0
0.775098979473114 -0.24601000547409058 0.5819799900054932 6.135324001312256 -0.6302340030670166 -0.3666529953479767 0.6843770146369934 3.7837579250335693 0.04501999914646149 -0.8972430229187012 -0.43923598527908325 1.5009839534759521 0.0 0.0 0.0 1.0
0.7730609774589539 -0.2411230057477951 0.5867170095443726 6.141438961029053 -0.632669985294342 -0.36000698804855347 0.6856560111045837 3.7950539588928223 0.04589499905705452 -0.9012519717216492 -0.43085798621177673 1.5018260478973389 0.0 0.0 0.0 1.0
0.7699959874153137 -0.2387389987707138 0.59170001745224 6.144224166870117 -0.6364660263061523 -0.35267600417137146 0.6859530210494995 3.8067309856414795 0.04491500183939934 -0.904778003692627 -0.4235079884529114 1.5015649795532227 0.0 0.0 0.0 1.0
0.7698050141334534 -0.2421170026063919 0.5905749797821045 6.1506571769714355 -0.6369699835777283 -0.3506369888782501 0.6865299940109253 3.81795597076416 0.04085699841380119 -0.9046729803085327 -0.4241439998149872 1.5063279867172241 0.0 0.0 0.0 1.0
0.7726269960403442 -0.245945006608963 0.585286021232605 6.156814098358154 -0.6338480114936829 -0.3509080111980438 0.6892759799957275 3.825270891189575 0.03585800155997276 -0.9035339951515198 -0.42701300978660583 1.50177001953125 0.0 0.0 0.0 1.0
0.7754300236701965 -0.2518010139465332 0.5790550112724304 6.162051200866699 -0.6305729746818542 -0.3566719889640808 0.689320981502533 3.8348898887634277 0.032962001860141754 -0.8996559977531433 -0.43535301089286804 1.502261996269226 0.0 0.0 0.0 1.0
0.7788140177726746 -0.2522119879722595 0.5743160247802734 6.166232109069824 -0.6263880133628845 -0.36085501313209534 0.6909570097923279 3.843322992324829 0.03297699987888336 -0.8978710174560547 -0.4390209913253784 1.5020220279693604 0.0 0.0 0.0 1.0
0.7814559936523438 -0.2556309998035431 0.5691909790039062 6.17341423034668 -0.6233800053596497 -0.3591809868812561 0.6945409774780273 3.8547589778900146 0.026895999908447266 -0.8975750207901001 -0.4400399923324585 1.5074900388717651 0.0 0.0 0.0 1.0
0.7858350276947021 -0.2520650029182434 0.564736008644104 6.177768230438232 -0.6179580092430115 -0.3559719920158386 0.7010070085525513 3.8629310131073 0.024330999702215195 -0.8998590111732483 -0.43550100922584534 1.508357048034668 0.0 0.0 0.0 1.0
0.790145993232727 -0.24911700189113617 0.5600079894065857 6.180692195892334 -0.6124860048294067 -0.3552339971065521 0.7061660289764404 3.870845079421997 0.023016000166535378 -0.900970995426178 -0.4332680106163025 1.5073939561843872 0.0 0.0 0.0 1.0
0.7934110164642334 -0.2489199936389923 0.5554620027542114 6.1833109855651855 -0.6083419919013977 -0.3550100028514862 0.7098510265350342 3.879262924194336 0.02049900032579899 -0.9011139869689941 -0.4330970048904419 1.5083529949188232 0.0 0.0 0.0 1.0
0.7978690266609192 -0.2464199960231781 0.5501660108566284 6.188118934631348 -0.602512001991272 -0.35569900274276733 0.7144629955291748 3.8858089447021484 0.019634999334812164 -0.9015290141105652 -0.4322719871997833 1.5068769454956055 0.0 0.0 0.0 1.0
0.8079739809036255 -0.2428939938545227 0.5368250012397766 6.19904899597168 -0.589024007320404 -0.35636401176452637 0.7252960205078125 3.8977479934692383 0.015135000459849834 -0.9022229909896851 -0.43100300431251526 1.5076119899749756 0.0 0.0 0.0 1.0
0.8149600028991699 -0.24184399843215942 0.5266420245170593 6.205129146575928 -0.5794399976730347 -0.35491499304771423 0.7336789965629578 3.901684045791626 0.009476999752223492 -0.9030770063400269 -0.4293749928474426 1.507593035697937 0.0 0.0 0.0 1.0
0.8229650259017944 -0.2393690049648285 0.5152000188827515 6.210834980010986 -0.5680750012397766 -0.35366401076316833 0.7431100010871887 3.9060559272766113 0.0043299999088048935 -0.9042260050773621 -0.4270319938659668 1.5087180137634277 0.0 0.0 0.0 1.0
0.8320069909095764 -0.23757000267505646 0.5013219714164734 6.2201972007751465 -0.5547599792480469 -0.3527199923992157 0.7535449862480164 3.90950608253479 -0.0021929999347776175 -0.9050679802894592 -0.4252600073814392 1.5119099617004395 0.0 0.0 0.0 1.0
0.839851975440979 -0.23286299407482147 0.4903300106525421 6.224678993225098 -0.5427820086479187 -0.350151002407074 0.763401985168457 3.915070056915283 -0.00607800018042326 -0.9072870016098022 -0.4204689860343933 1.5115269422531128 0.0 0.0 0.0 1.0
0.850724995136261 -0.2274789959192276 0.4738360047340393 6.237102031707764 -0.525484025478363 -0.3482779860496521 0.7762529850006104 3.9168059825897217 -0.011555000208318233 -0.909371018409729 -0.4158250093460083 1.5140769481658936 0.0 0.0 0.0 1.0
0.8606119751930237 -0.22465099394321442 0.4570330083370209 6.247557163238525 -0.5089809894561768 -0.34964001178741455 0.7865689992904663 3.9225950241088867 -0.016906000673770905 -0.9095510244369507 -0.41524800658226013 1.5220340490341187 0.0 0.0 0.0 1.0
0.8711119890213013 -0.21583400666713715 0.4411120116710663 6.255463123321533 -0.4907180070877075 -0.3478679955005646 0.7988640069961548 3.9254209995269775 -0.01897300034761429 -0.9123619794845581 -0.4089449942111969 1.5173799991607666 0.0 0.0 0.0 1.0
0.8811619877815247 -0.2070010006427765 0.42509299516677856 6.264019012451172 -0.47247499227523804 -0.35141798853874207 0.8082529902458191 3.9291250705718994 -0.017923999577760696 -0.9130480289459229 -0.40745899081230164 1.5180449485778809 0.0 0.0 0.0 1.0
0.8911629915237427 -0.19687199592590332 0.4087420105934143 6.275132179260254 -0.45344600081443787 -0.35733601450920105 0.8165159821510315 3.93046498298645 -0.014689999632537365 -0.9129909873008728 -0.40771499276161194 1.5188380479812622 0.0 0.0 0.0 1.0
0.8991029858589172 -0.18684899806976318 0.39585399627685547 6.284618854522705 -0.4376159906387329 -0.3624730110168457 0.8228639960289001 3.933907985687256 -0.010263999924063683 -0.9130719900131226 -0.4076690077781677 1.5167399644851685 0.0 0.0 0.0 1.0
0.906827986240387 -0.1746309995651245 0.38362300395965576 6.294997215270996 -0.4214690029621124 -0.36443498730659485 0.8303920030593872 3.934873104095459 -0.005206999834626913 -0.9147080183029175 -0.40408098697662354 1.5135250091552734 0.0 0.0 0.0 1.0
0.9143639802932739 -0.1629450023174286 0.3706580102443695 6.307643890380859 -0.4048919975757599 -0.36565500497817993 0.8380680084228516 3.9358110427856445 -0.0010260000126436353 -0.916375994682312 -0.4003170132637024 1.5167139768600464 0.0 0.0 0.0 1.0
0.9205819964408875 -0.1522890031337738 0.3596329987049103 6.317352771759033 -0.3905450105667114 -0.36285400390625 0.8460559844970703 3.9376189708709717 0.00164899998344481 -0.9193170070648193 -0.3935129940509796 1.5128639936447144 0.0 0.0 0.0 1.0
0.9269880056381226 -0.14451000094413757 0.3461360037326813 6.32848596572876 -0.3750840127468109 -0.3628700077533722 0.8530169725418091 3.9388349056243896 0.0023330000694841146 -0.9205660223960876 -0.3905799984931946 1.5116519927978516 0.0 0.0 0.0 1.0
0.9335920214653015 -0.13645899295806885 0.33133798837661743 6.337368965148926 -0.3583090007305145 -0.36739298701286316 0.8582760095596313 3.9393250942230225 0.004610999953001738 -0.9200009703636169 -0.3918890058994293 1.5200070142745972 0.0 0.0 0.0 1.0
0.9396250247955322 -0.12834200263023376 0.31722599267959595 6.345617771148682 -0.3421730101108551 -0.36507099866867065 0.8658180236816406 3.9397571086883545 0.004689000081270933 -0.922091007232666 -0.3869450092315674 1.5168700218200684 0.0 0.0 0.0 1.0
0.9456040263175964 -0.12095600366592407 0.30199700593948364 6.35523796081543 -0.3252840042114258 -0.36507898569107056 0.8723000288009644 3.940011978149414 0.004743000026792288 -0.9230849742889404 -0.3845660090446472 1.51740300655365 0.0 0.0 0.0 1.0
0.9511880278587341 -0.11517799645662308 0.2863120138645172 6.3640899658203125 -0.3085930049419403 -0.36499300599098206 0.8783800005912781 3.9401049613952637 0.0033319999929517508 -0.9238579869270325 -0.3827199935913086 1.51813805103302 0.0 0.0 0.0 1.0
0.9565799832344055 -0.10660199820995331 0.27127501368522644 6.372408866882324 -0.2914290130138397 -0.3652060031890869 0.8841350078582764 3.9388558864593506 0.004821000155061483 -0.9248030185699463 -0.38041600584983826 1.5148789882659912 0.0 0.0 0.0 1.0
0.960985004901886 -0.0977730005979538 0.25874200463294983 6.380253791809082 -0.27645498514175415 -0.36966899037361145 0.8870829939842224 3.9385619163513184 0.00891599990427494 -0.9240049719810486 -0.3822770118713379 1.5119919776916504 0.0 0.0 0.0 1.0
0.9642429947853088 -0.09201999753713608 0.2485319972038269 6.386353969573975 -0.2647640109062195 -0.37567299604415894 0.8881270289421082 3.939661979675293 0.011641000397503376 -0.922173023223877 -0.3866029977798462 1.5114760398864746 0.0 0.0 0.0 1.0
0.9711490273475647 -0.08431500196456909 0.22306999564170837 6.400232791900635 -0.23830600082874298 -0.3780350089073181 0.8945950269699097 3.940546989440918 0.008901000022888184 -0.9219440221786499 -0.38722100853919983 1.510833978652954 0.0 0.0 0.0 1.0
0.9745830297470093 -0.08126799762248993 0.20876599848270416 6.406108856201172 -0.22394900023937225 -0.37789300084114075 0.898356020450592 3.940234899520874 0.005884000100195408 -0.9222760200500488 -0.3864879906177521 1.5075069665908813 0.0 0.0 0.0 1.0
0.9779070019721985 -0.07611899822950363 0.19468699395656586 6.411579132080078 -0.2089720070362091 -0.37940898537635803 0.9013209939002991 3.94018292427063 0.005259000230580568 -0.9220929741859436 -0.38693299889564514 1.5079070329666138 0.0 0.0 0.0 1.0
0.9808139801025391 -0.0703589990735054 0.18180599808692932 6.417521953582764 -0.19481199979782104 -0.38828399777412415 0.9007130265235901 3.940438985824585 0.0072189997881650925 -0.9188500046730042 -0.3945409953594208 1.522271990776062 0.0 0.0 0.0 1.0
0.9833080172538757 -0.06706099957227707 0.1691419929265976 6.421116828918457 -0.18187999725341797 -0.388278990983963 0.9034150242805481 3.9397919178009033 0.005090999882668257 -0.9190980195999146 -0.3939949870109558 1.5165870189666748 0.0 0.0 0.0 1.0
0.9858409762382507 -0.06367900222539902 0.15512099862098694 6.424577236175537 -0.16765600442886353 -0.3907879889011383 0.9050840139389038 3.9401679039001465 0.0029849999118596315 -0.918274998664856 -0.3959310054779053 1.5237090587615967 0.0 0.0 0.0 1.0
0.9880310297012329 -0.05963100120425224 0.14226199686527252 6.4261651039123535 -0.15425099432468414 -0.3876970112323761 0.9087889790534973 3.9397940635681152 0.0009619999909773469 -0.9198560118675232 -0.3922550082206726 1.5178979635238647 0.0 0.0 0.0 1.0
0.9899129867553711 -0.057732000946998596 0.12938199937343597 6.4268798828125 -0.14165300130844116 -0.3858950138092041 0.9116029739379883 3.9410109519958496 -0.0027000000700354576 -0.9207339882850647 -0.39017999172210693 1.5167629718780518 0.0 0.0 0.0 1.0
0.9918450117111206 -0.053839001804590225 0.1155180037021637 6.428596019744873 -0.1273529976606369 -0.3836210072040558 0.914667010307312 3.940239906311035 -0.0049299998208880424 -0.9219200015068054 -0.387349009513855 1.515076994895935 0.0 0.0 0.0 1.0
0.9933710098266602 -0.04948899894952774 0.10375600308179855 6.428349018096924 -0.11481499671936035 -0.3827340006828308 0.9166960120201111 3.9420878887176514 -0.005654999986290932 -0.9225320219993591 -0.3858790099620819 1.5149290561676025 0.0 0.0 0.0 1.0
0.9946240186691284 -0.045875001698732376 0.09283000230789185 6.4288010597229 -0.10332600027322769 -0.3811210095882416 0.9187330007553101 3.94352388381958 -0.006767000071704388 -0.9233859777450562 -0.3838129937648773 1.512794017791748 0.0 0.0 0.0 1.0
0.9957150220870972 -0.039009999483823776 0.08383999764919281 6.429092884063721 -0.09238699823617935 -0.380950003862381 0.9199680089950562 3.9451489448547363 -0.003949000034481287 -0.9237719774246216 -0.3829219937324524 1.5170619487762451 0.0 0.0 0.0 1.0
0.9965599775314331 -0.03159099817276001 0.07662300020456314 6.428981781005859 -0.08287999778985977 -0.38111498951911926 0.9208049774169922 3.948091983795166 0.00011300000187475234 -0.9239879846572876 -0.38242200016975403 1.521813988685608 0.0 0.0 0.0 1.0
0.9972469806671143 -0.025761999189853668 0.06952899694442749 6.430385112762451 -0.07409299910068512 -0.38242200016975403 0.9210119843482971 3.9504499435424805 0.002862999914214015 -0.9236279726028442 -0.3832780122756958 1.5307539701461792 0.0 0.0 0.0 1.0
0.9977669715881348 -0.02269200049340725 0.0628189966082573 6.429683208465576 -0.06671600043773651 -0.3834240138530731 0.9211599826812744 3.9553279876708984 0.003183000022545457 -0.9232940077781677 -0.38408198952674866 1.5369930267333984 0.0 0.0 0.0 1.0
0.9983159899711609 -0.0219310000538826 0.05369900166988373 6.430039882659912 -0.05800500139594078 -0.38118699193000793 0.9226760268211365 3.957089900970459 0.00023400000645779073 -0.9242380261421204 -0.3818170130252838 1.535910964012146 0.0 0.0 0.0 1.0
0.9987959861755371 -0.020671000704169273 0.04447599872946739 6.428161144256592 -0.0489949993789196 -0.37969300150871277 0.9238139986991882 3.96097993850708 -0.0022090000566095114 -0.9248809814453125 -0.3802489936351776 1.5375709533691406 0.0 0.0 0.0 1.0
0.9992889761924744 -0.014352000318467617 0.03485700115561485 6.427145004272461 -0.037696000188589096 -0.3770979940891266 0.9254059791564941 3.9631540775299072 -0.00013699999544769526 -0.9260619878768921 -0.37737101316452026 1.5378979444503784 0.0 0.0 0.0 1.0
0.9996209740638733 -0.008605999872088432 0.02613699994981289 6.426552772521973 -0.027456000447273254 -0.3755509853363037 0.9263949990272522 3.9641759395599365 0.00184299994725734 -0.9267619848251343 -0.3756450116634369 1.5329710245132446 0.0 0.0 0.0 1.0
0.9998199939727783 -0.001101000001654029 0.018957000225782394 6.425973892211914 -0.017955999821424484 -0.37950798869132996 0.9250140190124512 3.9644179344177246 0.006175999995321035 -0.9251880049705505 -0.37946000695228577 1.5312310457229614 0.0 0.0 0.0 1.0
0.9999070167541504 0.004801000002771616 0.012725000269711018 6.424159049987793 -0.009875000454485416 -0.3870840072631836 0.9219909906387329 3.9678640365600586 0.009352000430226326 -0.9220319986343384 -0.38700100779533386 1.5290199518203735 0.0 0.0 0.0 1.0
0.999925971031189 0.010297000408172607 0.0064409999176859856 6.420766830444336 -0.001858999952673912 -0.39436399936676025 0.9189519882202148 3.9736080169677734 0.012001999653875828 -0.9188969731330872 -0.3943159878253937 1.5265899896621704 0.0 0.0 0.0 1.0
0.9999039769172668 0.01370800007134676 -0.0018500000005587935 6.419528007507324 0.007187000010162592 -0.40056198835372925 0.9162420034408569 3.974618911743164 0.011819000355899334 -0.9161670207977295 -0.40062201023101807 1.5281000137329102 0.0 0.0 0.0 1.0
0.9998160004615784 0.014014000073075294 -0.013089999556541443 6.423479080200195 0.01764800027012825 -0.40541601181030273 0.9139620065689087 3.9695169925689697 0.007501000072807074 -0.9140250086784363 -0.4055890142917633 1.5272879600524902 0.0 0.0 0.0 1.0
0.9995920062065125 0.013085000216960907 -0.02538900077342987 6.423954010009766 0.028510000556707382 -0.4029420018196106 0.9147809743881226 3.963939905166626 0.0017399999778717756 -0.9151319861412048 -0.4031510055065155 1.5113840103149414 0.0 0.0 0.0 1.0
0.9992409944534302 0.014665000140666962 -0.03607200086116791 6.422851085662842 0.03891799971461296 -0.4065830111503601 0.9127839803695679 3.9646100997924805 -0.0012809999752789736 -0.9134960174560547 -0.40684598684310913 1.5104399919509888 0.0 0.0 0.0 1.0
0.9988150000572205 0.017952000722289085 -0.045242998749017715 6.421800136566162 0.048622000962495804 -0.4109410047531128 0.9103639721870422 3.9652230739593506 -0.002248999895527959 -0.9114850163459778 -0.4113270044326782 1.505270004272461 0.0 0.0 0.0 1.0
0.998088002204895 0.023907000198960304 -0.05699099972844124 6.419696807861328 0.06174200028181076 -0.4263229966163635 0.9024609923362732 3.966031074523926 -0.002722000004723668 -0.9042549729347229 -0.4269840121269226 1.4947830438613892 0.0 0.0 0.0 1.0
0.9975770115852356 0.028593000024557114 -0.06342499703168869 6.4169511795043945 0.06954599916934967 -0.43466299772262573 0.8979039788246155 3.969230890274048 -0.0018949999939650297 -0.9001389741897583 -0.4355989992618561 1.490841031074524 0.0 0.0 0.0 1.0
0.9968309998512268 0.03378500044345856 -0.07201600074768066 6.417420864105225 0.07953300327062607 -0.439875990152359 0.8945299983024597 3.968055009841919 -0.0014570000348612666 -0.8974230289459229 -0.44116899371147156 1.4834120273590088 0.0 0.0 0.0 1.0
0.9961230158805847 0.03988400101661682 -0.07841099798679352 6.415742874145508 0.08797000348567963 -0.44784700870513916 0.8897719979286194 3.967365026473999 0.000371000001905486 -0.8932200074195862 -0.44962000846862793 1.4767069816589355 0.0 0.0 0.0 1.0
0.9953879714012146 0.04415399953722954 -0.08515899628400803 6.416186809539795 0.09592500329017639 -0.45915499329566956 0.8831620216369629 3.966831922531128 -0.00010599999950500205 -0.887257993221283 -0.4612730145454407 1.4680989980697632 0.0 0.0 0.0 1.0
0.994596004486084 0.049995001405477524 -0.09098800271749496 6.415363788604736 0.10381399840116501 -0.4700849950313568 0.8764950037002563 3.965303897857666 0.0010479999473318458 -0.8812040090560913 -0.4727349877357483 1.4600950479507446 0.0 0.0 0.0 1.0
0.9935150146484375 0.05691099911928177 -0.0984330028295517 6.418379783630371 0.11369899660348892 -0.4913890063762665 0.8634870052337646 3.9806718826293945 0.0007730000070296228 -0.8690789937973022 -0.4946730136871338 1.4791860580444336 0.0 0.0 0.0 1.0
0.9930239915847778 0.0578170008957386 -0.10276299715042114 6.417992115020752 0.1179020032286644 -0.4977180063724518 0.8592879772186279 3.980336904525757 -0.0014659999869763851 -0.8654099702835083 -0.5010619759559631 1.4628150463104248 0.0 0.0 0.0 1.0
0.9925119876861572 0.06078999862074852 -0.10594099760055542 6.417262077331543 0.12212900072336197 -0.506879985332489 0.8533210158348083 3.984797954559326 -0.0018260000506415963 -0.8598700165748596 -0.5105090141296387 1.4602279663085938 0.0 0.0 0.0 1.0
0.9919400215148926 0.0648220032453537 -0.10887400060892105 6.4158477783203125 0.12670700252056122 -0.5133079886436462 0.8487989902496338 3.986517906188965 -0.0008650000090710819 -0.8557530045509338 -0.5173839926719666 1.4513499736785889 0.0 0.0 0.0 1.0
0.9907469749450684 0.07529400289058685 -0.11292000114917755 6.413776874542236 0.13569200038909912 -0.5325120091438293 0.8354750275611877 3.9986109733581543 0.0027749999426305294 -0.8430669903755188 -0.53780198097229 1.4389259815216064 0.0 0.0 0.0 1.0
0.9903630018234253 0.07869800180196762 -0.11396399885416031 6.412169933319092 0.13846799731254578 -0.5461739897727966 0.8261479735374451 4.0054850578308105 0.002770999912172556 -0.8339669704437256 -0.5518069863319397 1.4355440139770508 0.0 0.0 0.0 1.0
0.9900379776954651 0.08252999931573868 -0.11407700181007385 6.408999919891357 0.14075100421905518 -0.5588399767875671 0.8172429800033569 4.013084888458252 0.0036959999706596136 -0.8251579999923706 -0.5648890137672424 1.4326139688491821 0.0 0.0 0.0 1.0
0.989687979221344 0.08407600224018097 -0.11596599966287613 6.4058837890625 0.14322499930858612 -0.5704320073127747 0.8087610006332397 4.021496772766113 0.00184599997010082 -0.8170300126075745 -0.5765910148620605 1.431717038154602 0.0 0.0 0.0 1.0
0.98928302526474 0.0879490002989769 -0.11655200272798538 6.401308059692383 0.14598600566387177 -0.5809680223464966 0.8007270097732544 4.032466888427734 0.0027099999133497477 -0.8091599941253662 -0.587581992149353 1.4329639673233032 0.0 0.0 0.0 1.0
0.9887809753417969 0.09052199870347977 -0.11881300061941147 6.399734020233154 0.14934399724006653 -0.5849480032920837 0.797203004360199 4.036868095397949 0.0026650000363588333 -0.8060029745101929 -0.5919049978256226 1.4274729490280151 0.0 0.0 0.0 1.0
0.9876999855041504 0.09861300140619278 -0.1213420033454895 6.398898124694824 0.1562509983778 -0.5935180187225342 0.7895079851150513 4.049300193786621 0.005836999975144863 -0.798757016658783 -0.6016259789466858 1.4325319528579712 0.0 0.0 0.0 1.0
0.9870380163192749 0.10091099888086319 -0.12479099631309509 6.397836208343506 0.16042600572109222 -0.5990610122680664 0.7844669818878174 4.0505290031433105 0.004404000006616116 -0.7943189740180969 -0.6074849963188171 1.4209970235824585 0.0 0.0 0.0 1.0
0.9867089986801147 0.10302100330591202 -0.12566299736499786 6.391415119171143 0.16246600449085236 -0.6109690070152283 0.7748039960861206 4.063354015350342 0.0030449999030679464 -0.7849230170249939 -0.6195859909057617 1.4224209785461426 0.0 0.0 0.0 1.0
0.9862189888954163 0.10481400042772293 -0.12801000475883484 6.388110160827637 0.16543899476528168 -0.6172320246696472 0.7691910266876221 4.074810981750488 0.001610000035725534 -0.7797679901123047 -0.6260660290718079 1.4282530546188354 0.0 0.0 0.0 1.0
0.9859480261802673 0.1050650030374527 -0.12987299263477325 6.383735179901123 0.16704699397087097 -0.615401029586792 0.7703089714050293 4.083827018737793 0.0010079999919980764 -0.7811800241470337 -0.624305009841919 1.4279309511184692 0.0 0.0 0.0 1.0
0.9860759973526001 0.10175199806690216 -0.13152800500392914 6.3797831535339355 0.16628000140190125 -0.6129360198974609 0.7724379897117615 4.091141223907471 -0.0020210000220686197 -0.7835530042648315 -0.6213210225105286 1.4241280555725098 0.0 0.0 0.0 1.0
0.9861199855804443 0.09952100366353989 -0.13289999961853027 6.377167224884033 0.16595999896526337 -0.6144589781761169 0.7712960243225098 4.099302768707275 -0.004900999832898378 -0.7826460003852844 -0.6224470138549805 1.420272946357727 0.0 0.0 0.0 1.0
0.9866350293159485 0.09645199775695801 -0.13133500516414642 6.373054027557373 0.16277900338172913 -0.6199889779090881 0.7675390243530273 4.11035680770874 -0.007395000196993351 -0.778659999370575 -0.6274030208587646 1.4230890274047852 0.0 0.0 0.0 1.0
0.9871969819068909 0.09217000007629395 -0.1301790028810501 6.369762897491455 0.15916599333286285 -0.622435986995697 0.7663159966468811 4.11906099319458 -0.01039700023829937 -0.7772250175476074 -0.6291369795799255 1.4231690168380737 0.0 0.0 0.0 1.0
0.9875540137290955 0.08926600217819214 -0.12949199974536896 6.3672380447387695 0.15677599608898163 -0.6244670152664185 0.765155017375946 4.127060890197754 -0.01256099995225668 -0.775933027267456 -0.6306899785995483 1.4252279996871948 0.0 0.0 0.0 1.0
0.9874650239944458 0.08880899846553802 -0.1304820030927658 6.366829872131348 0.1572369933128357 -0.6255009770393372 0.7642149925231934 4.136012077331543 -0.013747000135481358 -0.7751520276069641 -0.6316249966621399 1.4318079948425293 0.0 0.0 0.0 1.0
0.9877089858055115 0.08811599761247635 -0.1290999948978424 6.361227989196777 0.1557459980249405 -0.6246029734611511 0.765254020690918 4.147983074188232 -0.013205000199377537 -0.7759559750556946 -0.6306489706039429 1.4376779794692993 0.0 0.0 0.0 1.0
0.9877039790153503 0.0866909995675087 -0.13009999692440033 6.359622955322266 0.15570899844169617 -0.6200050115585327 0.768992006778717 4.152681827545166 -0.0139979999512434 -0.7797939777374268 -0.6258800029754639 1.4377599954605103 0.0 0.0 0.0 1.0
0.9874889850616455 0.08470500260591507 -0.13300399482250214 6.357541084289551 0.156809002161026 -0.6163290143013 0.7717189788818359 4.1599531173706055 -0.016605999320745468 -0.7829200029373169 -0.6219000220298767 1.438302993774414 0.0 0.0 0.0 1.0
0.9869620203971863 0.08386100083589554 -0.13737699389457703 6.356634140014648 0.15977999567985535 -0.6132320165634155 0.7735739946365356 4.165369987487793 -0.019370999187231064 -0.7854390144348145 -0.6186360120773315 1.437211036682129 0.0 0.0 0.0 1.0
0.9861549735069275 0.08513599634170532 -0.14230500161647797 6.3566999435424805 0.1644580066204071 -0.6121870279312134 0.7734220027923584 4.171708106994629 -0.021270999684929848 -0.7861170172691345 -0.6177120208740234 1.4378999471664429 0.0 0.0 0.0 1.0
0.9853500127792358 0.08713100105524063 -0.1466049998998642 6.358321189880371 0.16910000145435333 -0.6107529997825623 0.7735540270805359 4.175562858581543 -0.022137999534606934 -0.7870129942893982 -0.6165390014648438 1.4369699954986572 0.0 0.0 0.0 1.0
0.984673023223877 0.0898829996585846 -0.14946800470352173 6.359638214111328 0.1730639934539795 -0.6098679900169373 0.7733759880065918 4.1808180809021 -0.021642999723553658 -0.7873889803886414 -0.6160759925842285 1.4360029697418213 0.0 0.0 0.0 1.0
0.9839299917221069 0.09371799975633621 -0.15198099613189697 6.362390995025635 0.17740599811077118 -0.6094319820404053 0.7727360129356384 4.18482780456543 -0.020201999694108963 -0.7872800230979919 -0.6162639856338501 1.4352660179138184 0.0 0.0 0.0 1.0
0.9831990003585815 0.0980060026049614 -0.15399199724197388 6.365555763244629 0.18162499368190765 -0.6093590259552002 0.7718129754066467 4.190443992614746 -0.01819399930536747 -0.7868149876594543 -0.6169210076332092 1.4341180324554443 0.0 0.0 0.0 1.0
0.982716977596283 0.10035400092601776 -0.1555500030517578 6.36632776260376 0.1842450052499771 -0.6115049719810486 0.7694900035858154 4.2004241943359375 -0.01789800077676773 -0.7848510146141052 -0.6194260120391846 1.438843011856079 0.0 0.0 0.0 1.0
0.9822009801864624 0.10241600126028061 -0.15745100378990173 6.368555068969727 0.1869959980249405 -0.6120539903640747 0.7683899998664856 4.2114458084106445 -0.017673000693321228 -0.7841569781303406 -0.6203110218048096 1.4437170028686523 0.0 0.0 0.0 1.0
0.9814860224723816 0.10255099833011627 -0.16176700592041016 6.3737030029296875 0.19054700434207916 -0.6084280014038086 0.7703940272331238 4.216795921325684 -0.01941799931228161 -0.7869560122489929 -0.616703987121582 1.4419900178909302 0.0 0.0 0.0 1.0
0.9805499911308289 0.10333199799060822 -0.1668650060892105 6.377678871154785 0.19507600367069244 -0.6066830158233643 0.7706369757652283 4.228641033172607 -0.021601999178528786 -0.7882000207901001 -0.6150400042533875 1.4443930387496948 0.0 0.0 0.0 1.0
0.9794149994850159 0.10604599863290787 -0.1717589944601059 6.38243293762207 0.200654998421669 -0.6042240262031555 0.7711359858512878 4.238504886627197 -0.022004999220371246 -0.7897260189056396 -0.6130650043487549 1.4487069845199585 0.0 0.0 0.0 1.0
0.9780129790306091 0.10791900008916855 -0.17844800651073456 6.388635158538818 0.20715899765491486 -0.6011790037155151 0.7717959880828857 4.2501420974731445 -0.023987000808119774 -0.7917940020561218 -0.6103169918060303 1.4553550481796265 0.0 0.0 0.0 1.0
0.9765440225601196 0.11183200031518936 -0.1839980036020279 6.392128944396973 0.21410499513149261 -0.5948759913444519 0.7747780084609985 4.2613630294799805 -0.022810999304056168 -0.7960000038146973 -0.6048660278320312 1.4616860151290894 0.0 0.0 0.0 1.0
0.9742429852485657 0.12924900650978088 -0.18478399515151978 6.385563850402832 0.2253209948539734 -0.5906100273132324 0.7748619914054871 4.274271011352539 -0.008984999731183052 -0.7965390086174011 -0.6045200228691101 1.4765009880065918 0.0 0.0 0.0 1.0
0.9716969728469849 0.13865099847316742 -0.19125699996948242 6.389522075653076 0.23617899417877197 -0.5865809917449951 0.7746880054473877 4.28469705581665 -0.004776999820023775 -0.7979339957237244 -0.6027259826660156 1.4864699840545654 0.0 0.0 0.0 1.0
0.9690899848937988 0.1448490023612976 -0.1997070014476776 6.39536190032959 0.24669800698757172 -0.5759739875793457 0.779354989528656 4.292843818664551 -0.002136999974027276 -0.8045330047607422 -0.5939040184020996 1.4864259958267212 0.0 0.0 0.0 1.0
0.9812170267105103 0.128152996301651 -0.1441890001296997 6.244553089141846 0.1917160004377365 -0.5648109912872314 0.802640974521637 4.248878002166748 0.021421000361442566 -0.8152089715003967 -0.5787709951400757 1.4781420230865479 0.0 0.0 0.0 1.0
0.9791749715805054 0.13519099354743958 -0.15145500004291534 6.248054027557373 0.2013929933309555 -0.5526890158653259 0.8086879849433899 4.255023002624512 0.025620000436902046 -0.8223490118980408 -0.5684059858322144 1.4819300174713135 0.0 0.0 0.0 1.0
0.9766280055046082 0.1422789990901947 -0.16110500693321228 6.253908157348633 0.21308700740337372 -0.5427600145339966 0.8124070167541504 4.265295028686523 0.028147000819444656 -0.8277490139007568 -0.5603920221328735 1.4901859760284424 0.0 0.0 0.0 1.0
0.9744539856910706 0.1473180055618286 -0.16951599717140198 6.2597222328186035 0.22246700525283813 -0.529757022857666 0.8184530138969421 4.269585132598877 0.030771000310778618 -0.8352569937705994 -0.5489979982376099 1.4871430397033691 0.0 0.0 0.0 1.0
0.9728609919548035 0.15254199504852295 -0.1739879995584488 6.261545181274414 0.22885900735855103 -0.5234419703483582 0.8207510113716125 4.2804059982299805 0.03412599861621857 -0.8382949829101562 -0.5441470146179199 1.4974310398101807 0.0 0.0 0.0 1.0
0.9712589979171753 0.15706099569797516 -0.178847998380661 6.263484001159668 0.23494699597358704 -0.5122069716453552 0.8261020183563232 4.289455890655518 0.038141001015901566 -0.8443790078163147 -0.5343869924545288 1.5057549476623535 0.0 0.0 0.0 1.0
0.970071017742157 0.15812000632286072 -0.18428200483322144 6.265194892883301 0.23951299488544464 -0.49825501441955566 0.8332920074462891 4.296532154083252 0.0399399995803833 -0.8524900078773499 -0.52121502161026 1.511422038078308 0.0 0.0 0.0 1.0
0.9688979983329773 0.16054899990558624 -0.18831099569797516 6.267397880554199 0.24365100264549255 -0.48590099811553955 0.8393660187721252 4.302619934082031 0.04325899854302406 -0.859142005443573 -0.509905993938446 1.5145089626312256 0.0 0.0 0.0 1.0
0.9680899977684021 0.1644199937582016 -0.18912099301815033 6.267076015472412 0.24594399333000183 -0.4785520136356354 0.8429120182991028 4.310939788818359 0.04808799922466278 -0.8625280261039734 -0.5037189722061157 1.5218620300292969 0.0 0.0 0.0 1.0
0.9676430225372314 0.16784800589084625 -0.188400998711586 6.267012119293213 0.2465900033712387 -0.470770001411438 0.8470950126647949 4.318511009216309 0.05349000170826912 -0.866142988204956 -0.4969260096549988 1.5248119831085205 0.0 0.0 0.0 1.0
0.968520998954773 0.1635410040616989 -0.1876710057258606 6.269597053527832 0.2429399937391281 -0.4566029906272888 0.8558589816093445 4.318497180938721 0.054276999086141586 -0.8745099902153015 -0.4819599986076355 1.5134210586547852 0.0 0.0 0.0 1.0
0.9689180254936218 0.16733700037002563 -0.1821960061788559 6.2602009773254395 0.2399190068244934 -0.4561249911785126 0.8569650053977966 4.340260982513428 0.060297999531030655 -0.8740410208702087 -0.48209500312805176 1.5457160472869873 0.0 0.0 0.0 1.0
0.9687420129776001 0.1667490005493164 -0.18366600573062897 6.26035213470459 0.23984399437904358 -0.4405069947242737 0.8651170134544373 4.34902286529541 0.06335200369358063 -0.8821269869804382 -0.466731995344162 1.5491379499435425 0.0 0.0 0.0 1.0
0.9698929786682129 0.16231299936771393 -0.181551992893219 6.2553791999816895 0.23516899347305298 -0.43058401346206665 0.8713740110397339 4.359438896179199 0.06326200067996979 -0.8878350257873535 -0.45579200983047485 1.5605809688568115 0.0 0.0 0.0 1.0
0.970458984375 0.1621759980916977 -0.17862600088119507 6.253541946411133 0.23140700161457062 -0.4162209928035736 0.8793240189552307 4.366425037384033 0.06825800240039825 -0.8946840167045593 -0.44145500659942627 1.5644739866256714 0.0 0.0 0.0 1.0
0.9724810123443604 0.1587900072336197 -0.1704840064048767 6.248507976531982 0.22153300046920776 -0.40369999408721924 0.8876649737358093 4.376330852508545 0.07212799787521362 -0.9010059833526611 -0.4277679920196533 1.5717120170593262 0.0 0.0 0.0 1.0
0.9742529988288879 0.15721599757671356 -0.16159699857234955 6.2490949630737305 0.21171799302101135 -0.39160600304603577 0.8954439759254456 4.388535022735596 0.0774959996342659 -0.9066029787063599 -0.4148080050945282 1.576928973197937 0.0 0.0 0.0 1.0
0.9767469763755798 0.15547199547290802 -0.14762799441814423 6.245389938354492 0.19767700135707855 -0.3864850103855133 0.9008619785308838 4.401944160461426 0.0830020010471344 -0.9090970158576965 -0.4082309901714325 1.5869220495224 0.0 0.0 0.0 1.0
0.9790419936180115 0.15616799890995026 -0.13071699440479279 6.23749303817749 0.18192699551582336 -0.38217198848724365 0.9060059785842896 4.415340900421143 0.09153299778699875 -0.9107999801635742 -0.40257400274276733 1.5975760221481323 0.0 0.0 0.0 1.0
0.9807379841804504 0.15376199781894684 -0.12045600265264511 6.243588924407959 0.170196995139122 -0.3701210021972656 0.9132599830627441 4.423519134521484 0.09584199637174606 -0.9161700010299683 -0.38916099071502686 1.592810034751892 0.0 0.0 0.0 1.0
0.98471999168396 0.1353060007095337 -0.10962799936532974 6.254799842834473 0.15037600696086884 -0.3431990146636963 0.9271469712257385 4.411909103393555 0.0878250002861023 -0.9294660091400146 -0.3583019971847534 1.549368977546692 0.0 0.0 0.0 1.0
0.9859219789505005 0.13639900088310242 -0.09670600295066833 6.259199142456055 0.13774000108242035 -0.33468499779701233 0.9322090148925781 4.42595100402832 0.09478600323200226 -0.9324060082435608 -0.3487609922885895 1.5601030588150024 0.0 0.0 0.0 1.0
0.9876310229301453 0.1354839950799942 -0.07891999930143356 6.254573822021484 0.11951900273561478 -0.3247320055961609 0.9382240176200867 4.434935092926025 0.10148700326681137 -0.9360520243644714 -0.3369089961051941 1.5632209777832031 0.0 0.0 0.0 1.0
0.9885129928588867 0.1371929943561554 -0.06340499967336655 6.255472183227539 0.10441199690103531 -0.3165920078754425 0.9427980184555054 4.445675849914551 0.10927200317382812 -0.93858802318573 -0.3272800147533417 1.5693269968032837 0.0 0.0 0.0 1.0
0.9890990257263184 0.13874399662017822 -0.04931899905204773 6.256676197052002 0.09030299633741379 -0.30698901414871216 0.9474189877510071 4.454162120819092 0.11630900204181671 -0.9415450096130371 -0.31617099046707153 1.5710159540176392 0.0 0.0 0.0 1.0
0.9893389940261841 0.14155800640583038 -0.03420500084757805 6.254308223724365 0.07591000199317932 -0.3008210062980652 0.9506549835205078 4.463634014129639 0.12428399920463562 -0.9431160092353821 -0.3083589971065521 1.5773650407791138 0.0 0.0 0.0 1.0
0.9892420172691345 0.14482200145721436 -0.020665999501943588 6.254843235015869 0.06291600316762924 -0.29364898800849915 0.9538400173187256 4.470317840576172 0.1320679932832718 -0.9448789954185486 -0.2996020019054413 1.5767320394515991 0.0 0.0 0.0 1.0
0.9888100028038025 0.14916999638080597 -0.0017610000213608146 6.2444329261779785 0.04548799991607666 -0.29024800658226013 0.9558690190315247 4.47918701171875 0.14207600057125092 -0.9452530145645142 -0.2937859892845154 1.5866190195083618 0.0 0.0 0.0 1.0
0.9884790182113647 0.15126299858093262 0.005402999930083752 6.255486965179443 0.037622999399900436 -0.28012099862098694 0.9592270255088806 4.483643054962158 0.14660899341106415 -0.9479730129241943 -0.282584011554718 1.5852299928665161 0.0 0.0 0.0 1.0
0.9876419901847839 0.1553100049495697 0.021012000739574432 6.249403953552246 0.023010000586509705 -0.276311993598938 0.9607920050621033 4.4940290451049805 0.15502600371837616 -0.9484360218048096 -0.27647098898887634 1.593369960784912 0.0 0.0 0.0 1.0
0.9877110123634338 0.15256600081920624 0.03389900177717209 6.250092029571533 0.00923100020736456 -0.2734780013561249 0.9618340134620667 4.502946853637695 0.15601399540901184 -0.9497020244598389 -0.2715260088443756 1.5998280048370361 0.0 0.0 0.0 1.0
0.9873520135879517 0.152756005525589 0.04243899881839752 6.255555152893066 -0.0006169999833218753 -0.26398101449012756 0.9645270109176636 4.508796215057373 0.1585409939289093 -0.9523550271987915 -0.2605479955673218 1.5977200269699097 0.0 0.0 0.0 1.0
0.9867039918899536 0.1536320000886917 0.05302400141954422 6.252974987030029 -0.011688999831676483 -0.25832200050354004 0.9659879803657532 4.516482830047607 0.16210399568080902 -0.953764021396637 -0.2530919909477234 1.6057900190353394 0.0 0.0 0.0 1.0
0.9863880276679993 0.1528249979019165 0.06069200113415718 6.255022048950195 -0.020673999562859535 -0.2509100139141083 0.9677889943122864 4.52243185043335 0.1631309986114502 -0.9558709859848022 -0.24433599412441254 1.6088919639587402 0.0 0.0 0.0 1.0
0.9858030080795288 0.15281499922275543 0.06957200169563293 6.254461765289307 -0.031163999810814857 -0.24062900245189667 0.9701169729232788 4.5261759757995605 0.16498899459838867 -0.958512008190155 -0.23245100677013397 1.6039650440216064 0.0 0.0 0.0 1.0
0.9854080080986023 0.14909499883651733 0.08210299909114838 6.253015995025635 -0.04665600135922432 -0.2272839993238449 0.9727100133895874 4.538090229034424 0.16368700563907623 -0.9623469710350037 -0.21701200306415558 1.6139060258865356 0.0 0.0 0.0 1.0
0.9850900173187256 0.14811600744724274 0.08751799911260605 6.249091148376465 -0.05358799919486046 -0.2192240059375763 0.9742019772529602 4.543846130371094 0.1634809970855713 -0.9643660187721252 -0.2080180048942566 1.6205559968948364 0.0 0.0 0.0 1.0
0.9855430126190186 0.1453319936990738 0.08707799762487411 6.255403995513916 -0.05601700022816658 -0.20554499328136444 0.9770429730415344 4.544623851776123 0.15989400446414948 -0.9677960276603699 -0.19443200528621674 1.6164870262145996 0.0 0.0 0.0 1.0
0.9857950210571289 0.1407950073480606 0.09156999737024307 6.251736164093018 -0.06260000169277191 -0.19791099429130554 0.9782189726829529 4.549716949462891 0.15585100650787354 -0.9700559973716736 -0.18628600239753723 1.6216429471969604 0.0 0.0 0.0 1.0
0.9862179756164551 0.13709299266338348 0.09262000024318695 6.2543230056762695 -0.06613600254058838 -0.1864739954471588 0.980230987071991 4.553676128387451 0.15165400505065918 -0.9728479981422424 -0.17483699321746826 1.6243460178375244 0.0 0.0 0.0 1.0
0.9871860146522522 0.12479999661445618 0.09943699836730957 6.245731830596924 -0.07622899860143661 -0.17861799895763397 0.9809610247612 4.557689189910889 0.14018499851226807 -0.9759719967842102 -0.16681599617004395 1.6292860507965088 0.0 0.0 0.0 1.0
0.9875419735908508 0.12210000306367874 0.09926100075244904 6.250767230987549 -0.07794900238513947 -0.16838200390338898 0.9826350212097168 4.5616559982299805 0.13669300079345703 -0.9781299829483032 -0.15676699578762054 1.6359130144119263 0.0 0.0 0.0 1.0
0.9872699975967407 0.1212410032749176 0.10294599831104279 6.250918865203857 -0.083235003054142 -0.15771399438381195 0.9839709997177124 4.5629801750183105 0.13553400337696075 -0.9800140261650085 -0.14561499655246735 1.6381269693374634 0.0 0.0 0.0 1.0
0.9864050149917603 0.11807899922132492 0.11429399996995926 6.249916076660156 -0.09733399748802185 -0.1405850052833557 0.985273003578186 4.571566104888916 0.132409006357193 -0.9830020070075989 -0.12718099355697632 1.644389033317566 0.0 0.0 0.0 1.0
0.9857450127601624 0.11692400276660919 0.12097600102424622 6.251198768615723 -0.10519500076770782 -0.13283400237560272 0.985539972782135 4.575357913970947 0.13130299746990204 -0.9842169880867004 -0.11864099651575089 1.644368052482605 0.0 0.0 0.0 1.0
0.9849200248718262 0.11473199725151062 0.12949399650096893 6.250878810882568 -0.11483500152826309 -0.1262979954481125 0.9853230118751526 4.579460144042969 0.1294029951095581 -0.9853349924087524 -0.11121799796819687 1.6433279514312744 0.0 0.0 0.0 1.0
0.9822419881820679 0.11222799867391586 0.15035299956798553 6.245848178863525 -0.13680000603199005 -0.12004300206899643 0.9832980036735535 4.589733123779297 0.12840299308300018 -0.9864050149917603 -0.10255800187587738 1.6559430360794067 0.0 0.0 0.0 1.0
0.9805070161819458 0.11113599687814713 0.16202899813652039 6.246492862701416 -0.1489180028438568 -0.11760299652814865 0.9818310141563416 4.595390796661377 0.12817199528217316 -0.9868220090866089 -0.09876099973917007 1.6554689407348633 0.0 0.0 0.0 1.0
0.9785150289535522 0.10962200164794922 0.17461499571800232 6.248197078704834 -0.1618649959564209 -0.11611499637365341 0.9799579977989197 4.600457191467285 0.12770099937915802 -0.98716801404953 -0.09587600082159042 1.6542600393295288 0.0 0.0 0.0 1.0
0.9764019846916199 0.10689999908208847 0.1876479983329773 6.248838901519775 -0.17533999681472778 -0.11484900116920471 0.9777860045433044 4.605800151824951 0.12607699632644653 -0.9876139760017395 -0.09339500218629837 1.6550929546356201 0.0 0.0 0.0 1.0
0.9722149968147278 0.10637400299310684 0.20852400362491608 6.2375168800354 -0.19501200318336487 -0.12471900135278702 0.9728389978408813 4.612874984741211 0.12949100136756897 -0.9864739775657654 -0.10050900280475616 1.6660009622573853 0.0 0.0 0.0 1.0
0.9659910202026367 0.10336799919605255 0.23701399564743042 6.244825839996338 -0.22367200255393982 -0.12585799396038055 0.9665039777755737 4.62412691116333 0.1297360062599182 -0.9866480231285095 -0.09845799952745438 1.6662180423736572 0.0 0.0 0.0 1.0
0.961916983127594 0.09976699948310852 0.25448301434516907 6.245879173278809 -0.24152499437332153 -0.1257060021162033 0.9622179865837097 4.632346153259277 0.12798799574375153 -0.9870380163192749 -0.09682200103998184 1.6616020202636719 0.0 0.0 0.0 1.0
0.9567599892616272 0.09642399847507477 0.2744309902191162 6.242329120635986 -0.2610020041465759 -0.13189999759197235 0.9562849998474121 4.640255928039551 0.12840600311756134 -0.9865620136260986 -0.10102999955415726 1.6651819944381714 0.0 0.0 0.0 1.0
0.9524250030517578 0.09235099703073502 0.2904439866542816 6.246623992919922 -0.2769460082054138 -0.1355780065059662 0.9512730240821838 4.647851943969727 0.1272290050983429 -0.9864529967308044 -0.10355199873447418 1.6625059843063354 0.0 0.0 0.0 1.0
0.9423580169677734 0.08172900229692459 0.32447201013565063 6.247078895568848 -0.3111869990825653 -0.14233900606632233 0.9396290183067322 4.663751125335693 0.12297999858856201 -0.986437976360321 -0.10870099812746048 1.6658600568771362 0.0 0.0 0.0 1.0
0.9371680021286011 0.07961300015449524 0.33967098593711853 6.25305700302124 -0.3266029953956604 -0.14210499823093414 0.9344180226325989 4.667535781860352 0.12266100198030472 -0.986644983291626 -0.10717500001192093 1.6612670421600342 0.0 0.0 0.0 1.0
0.9302290081977844 0.07630900293588638 0.3589569926261902 6.25278377532959 -0.3455210030078888 -0.1474439948797226 0.9267550110816956 4.675642967224121 0.12364500015974045 -0.9861220121383667 -0.11078999936580658 1.6601300239562988 0.0 0.0 0.0 1.0
0.9224179983139038 0.07330100238323212 0.3791719973087311 6.253806114196777 -0.36456799507141113 -0.15865300595760345 0.9175609946250916 4.6814961433410645 0.1274150013923645 -0.9846100211143494 -0.11962100118398666 1.6612520217895508 0.0 0.0 0.0 1.0
0.915365993976593 0.07213400304317474 0.3961080014705658 6.26043701171875 -0.3810180127620697 -0.16274100542068481 0.9101319909095764 4.686809062957764 0.13011500239372253 -0.9840279817581177 -0.12148299813270569 1.654170036315918 0.0 0.0 0.0 1.0
0.9022489786148071 0.07086499780416489 0.4253529906272888 6.242448806762695 -0.40950098633766174 -0.16826499998569489 0.8966580033302307 4.695601940155029 0.13511300086975098 -0.9831910133361816 -0.12279800325632095 1.6415339708328247 0.0 0.0 0.0 1.0
0.893280029296875 0.07037200033664703 0.44395801424980164 6.244739055633545 -0.4273900091648102 -0.17298300564289093 0.8873639702796936 4.701824188232422 0.1392430067062378 -0.9824069738388062 -0.12444599717855453 1.6389000415802002 0.0 0.0 0.0 1.0
0.8871920108795166 0.07163699716329575 0.4558039903640747 6.256875038146973 -0.4385479986667633 -0.1761160045862198 0.8812829852104187 4.702685832977295 0.14340700209140778 -0.9817590117454529 -0.12483300268650055 1.634263038635254 0.0 0.0 0.0 1.0
0.8783090114593506 0.07158199697732925 0.4727030098438263 6.259676933288574 -0.45480799674987793 -0.1797019988298416 0.8722710013389587 4.709057807922363 0.14738400280475616 -0.9811130166053772 -0.12527799606323242 1.6265770196914673 0.0 0.0 0.0 1.0
0.870727002620697 0.06927800178527832 0.4868620038032532 6.26466178894043 -0.46828699111938477 -0.18545199930667877 0.8638949990272522 4.713504791259766 0.1501380056142807 -0.9802079796791077 -0.12903599441051483 1.6291450262069702 0.0 0.0 0.0 1.0
0.8628309965133667 0.06916400045156479 0.5007380247116089 6.268117904663086 -0.48142001032829285 -0.18961800634860992 0.8557339906692505 4.716748237609863 0.15413500368595123 -0.9794189929962158 -0.1303109973669052 1.62581205368042 0.0 0.0 0.0 1.0
0.8545920252799988 0.06856600195169449 0.5147539973258972 6.269457817077637 -0.49440398812294006 -0.19581300020217896 0.8468890190124512 4.722256183624268 0.15886299312114716 -0.9782410264015198 -0.1334410011768341 1.6276830434799194 0.0 0.0 0.0 1.0
0.847320020198822 0.06921699643135071 0.5265529751777649 6.273295879364014 -0.5042440295219421 -0.20634900033473969 0.838545024394989 4.730198860168457 0.1666949987411499 -0.9760270118713379 -0.13994100689888 1.633715033531189 0.0 0.0 0.0 1.0
0.8386690020561218 0.06733699887990952 0.5404629707336426 6.273680210113525 -0.5173760056495667 -0.21153900027275085 0.829200029373169 4.735705852508545 0.17016400396823883 -0.9750469923019409 -0.14257200062274933 1.6352089643478394 0.0 0.0 0.0 1.0
0.8323180079460144 0.0671050027012825 0.5502200126647949 6.280974864959717 -0.5261229872703552 -0.21680299937725067 0.8223080039024353 4.739309787750244 0.17447100579738617 -0.9739059805870056 -0.14514300227165222 1.6353280544281006 0.0 0.0 0.0 1.0
0.8148720264434814 0.05855700001120567 0.5766749978065491 6.2594499588012695 -0.5554450154304504 -0.20555900037288666 0.8057460188865662 4.734309196472168 0.16572299599647522 -0.9768909811973572 -0.1349789947271347 1.5820430517196655 0.0 0.0 0.0 1.0
0.8072770237922668 0.05548499897122383 0.5875589847564697 6.267045021057129 -0.5646179914474487 -0.217180997133255 0.7962660193443298 4.738677978515625 0.17178699374198914 -0.9745529890060425 -0.14399699866771698 1.5914570093154907 0.0 0.0 0.0 1.0
0.7986689805984497 0.05139999836683273 0.5995709896087646 6.272121906280518 -0.5750070214271545 -0.22864900529384613 0.785548985004425 4.744423866271973 0.17746900022029877 -0.972150981426239 -0.1530590057373047 1.6027330160140991 0.0 0.0 0.0 1.0
0.7921220064163208 0.05083499848842621 0.6082419753074646 6.280765056610107 -0.5816760063171387 -0.23904499411582947 0.7775030136108398 4.748459815979004 0.184921994805336 -0.9696769714355469 -0.1597830057144165 1.6029490232467651 0.0 0.0 0.0 1.0
0.7836840152740479 0.05120500177145004 0.6190450191497803 6.283866882324219 -0.5895180106163025 -0.2527109980583191 0.7672070264816284 4.758984088897705 0.1957239955663681 -0.966185986995697 -0.1678590029478073 1.6130650043487549 0.0 0.0 0.0 1.0
0.7775560021400452 0.04634999856352806 0.6271029710769653 6.292926788330078 -0.5978710055351257 -0.2544960081577301 0.7601199746131897 4.7589898109436035 0.19482600688934326 -0.9659630060195923 -0.17017300426959991 1.6160609722137451 0.0 0.0 0.0 1.0
0.7705979943275452 0.04574299976229668 0.6356779932975769 6.297070026397705 -0.6052240133285522 -0.26002299785614014 0.75239098072052 4.762598037719727 0.1997070014476776 -0.9645180106163025 -0.17268800735473633 1.61729097366333 0.0 0.0 0.0 1.0
0.7638289928436279 0.045177001506090164 0.6438360214233398 6.300962924957275 -0.612034022808075 -0.2659749984741211 0.7447630167007446 4.765384197235107 0.20488999783992767 -0.9629210233688354 -0.1755100041627884 1.6175379753112793 0.0 0.0 0.0 1.0
0.7575110197067261 0.041255999356508255 0.6515179872512817 6.304897785186768 -0.6185539960861206 -0.27373600006103516 0.7365180253982544 4.769998073577881 0.20872899889945984 -0.960919976234436 -0.1818390041589737 1.6246269941329956 0.0 0.0 0.0 1.0
0.7519389986991882 0.03923400118947029 0.6580640077590942 6.312373161315918 -0.6241700053215027 -0.2788409888744354 0.7298349738121033 4.769751071929932 0.21212999522686005 -0.9595350027084351 -0.18518300354480743 1.6236929893493652 0.0 0.0 0.0 1.0
0.7326639890670776 0.020924000069499016 0.6802690029144287 6.294021129608154 -0.6551510095596313 -0.24904200434684753 0.7132710218429565 4.761491775512695 0.1843400001525879 -0.968267023563385 -0.16875599324703217 1.5804500579833984 0.0 0.0 0.0 1.0
0.7296280264854431 0.013500000350177288 0.6837120056152344 6.303936004638672 -0.6587790250778198 -0.2543349862098694 0.7080429792404175 4.758047103881836 0.18344999849796295 -0.9670220017433167 -0.17667600512504578 1.5833309888839722 0.0 0.0 0.0 1.0
0.7242220044136047 0.006306999828666449 0.6895380020141602 6.306323051452637 -0.665041983127594 -0.2579210102558136 0.7008540034294128 4.7590532302856445 0.1822669953107834 -0.9661449790000916 -0.18259799480438232 1.583367943763733 0.0 0.0 0.0 1.0
0.721002995967865 -0.00013600000238511711 0.6929320096969604 6.310093879699707 -0.6685389876365662 -0.2631309926509857 0.6955699920654297 4.758910179138184 0.18223799765110016 -0.9647600054740906 -0.18980899453163147 1.5843679904937744 0.0 0.0 0.0 1.0
0.7179380059242249 -0.005280000157654285 0.6960880160331726 6.31103515625 -0.6718479990959167 -0.26694899797439575 0.6909120082855225 4.7589311599731445 0.1821720004081726 -0.9636960029602051 -0.19519999623298645 1.5796619653701782 0.0 0.0 0.0 1.0
0.7158550024032593 -0.009026999585330486 0.6981899738311768 6.312766075134277 -0.6733719706535339 -0.2734529972076416 0.6868730187416077 4.76068115234375 0.18472200632095337 -0.9618430137634277 -0.20183199644088745 1.5770740509033203 0.0 0.0 0.0 1.0
0.7142329812049866 -0.016769999638199806 0.6997069716453552 6.314405918121338 -0.6759200096130371 -0.27601099014282227 0.6833379864692688 4.761279106140137 0.1816670000553131 -0.9610080122947693 -0.20847199857234955 1.576511025428772 0.0 0.0 0.0 1.0
0.7125290036201477 -0.021594999358057976 0.7013099789619446 6.3160200119018555 -0.6781049966812134 -0.2779119908809662 0.6803960204124451 4.759545803070068 0.1802089959383011 -0.9603639841079712 -0.21266399323940277 1.5728460550308228 0.0 0.0 0.0 1.0
0.7092530131340027 -0.02705799974501133 0.7044339776039124 6.315753936767578 -0.6818659901618958 -0.27997100353240967 0.675777018070221 4.760081768035889 0.17893700301647186 -0.9596269726753235 -0.21702000498771667 1.5685590505599976 0.0 0.0 0.0 1.0
0.7067019939422607 -0.033263999968767166 0.706728994846344 6.315669059753418 -0.6846939921379089 -0.2837899923324585 0.6713100075721741 4.760737895965576 0.17823199927806854 -0.95830899477005 -0.22333000600337982 1.568843960762024 0.0 0.0 0.0 1.0
0.6994199752807617 -0.039441000670194626 0.713621973991394 6.3070549964904785 -0.6918960213661194 -0.2876319885253906 0.6622290015220642 4.766118049621582 0.17914099991321564 -0.956928014755249 -0.2284650057554245 1.5643880367279053 0.0 0.0 0.0 1.0
0.6984850168228149 -0.04598499834537506 0.7141460180282593 6.310290813446045 -0.6930299997329712 -0.29224899411201477 0.6590139865875244 4.764400959014893 0.17840400338172913 -0.95523601770401 -0.23600099980831146 1.564695954322815 0.0 0.0 0.0 1.0
0.6977840065956116 -0.05251599848270416 0.7143809795379639 6.313086032867432 -0.6941519975662231 -0.2957029938697815 0.6562870144844055 4.760912895202637 0.17677900195121765 -0.9538350105285645 -0.24279099702835083 1.5612659454345703 0.0 0.0 0.0 1.0
0.6975299715995789 -0.05869999900460243 0.7141469717025757 6.3140130043029785 -0.694337010383606 -0.3016299903392792 0.6533880233764648 4.760110855102539 0.1770550012588501 -0.9516159892082214 -0.25115400552749634 1.5575939416885376 0.0 0.0 0.0 1.0
0.6978830099105835 -0.06653399765491486 0.7131149768829346 6.3143310546875 -0.6937130093574524 -0.31040000915527344 0.6499339938163757 4.757569789886475 0.17810800671577454 -0.9482750296592712 -0.26277801394462585 1.5552029609680176 0.0 0.0 0.0 1.0
0.6964859962463379 -0.07659599930047989 0.7134699821472168 6.313345909118652 -0.695106029510498 -0.31885701417922974 0.6443269848823547 4.757555961608887 0.1781419962644577 -0.9447029829025269 -0.27532199025154114 1.5518959760665894 0.0 0.0 0.0 1.0
0.6971679925918579 -0.08601199835538864 0.7117289900779724 6.315207004547119 -0.6944519877433777 -0.3275560140609741 0.640658974647522 4.754016876220703 0.17802700400352478 -0.9409090280532837 -0.2880919873714447 1.5478630065917969 0.0 0.0 0.0 1.0
0.6982769966125488 -0.094821996986866 0.7095199823379517 6.31723690032959 -0.6933299899101257 -0.33613499999046326 0.6374220252037048 4.750696182250977 0.17805300652980804 -0.9370279908180237 -0.30045801401138306 1.5422049760818481 0.0 0.0 0.0 1.0
0.7001670002937317 -0.10311099886894226 0.7064939737319946 6.315701961517334 -0.6913610100746155 -0.3450019955635071 0.6348170042037964 4.749973773956299 0.17828600108623505 -0.9329209923744202 -0.31284600496292114 1.5369340181350708 0.0 0.0 0.0 1.0
0.7051010131835938 -0.11354199796915054 0.6999580264091492 6.314614772796631 -0.6872209906578064 -0.35275998711586 0.6350489854812622 4.746281147003174 0.17481300234794617 -0.9287989735603333 -0.3267599940299988 1.5348880290985107 0.0 0.0 0.0 1.0
0.6981589794158936 -0.13518700003623962 0.7030640244483948 6.284759998321533 -0.6964600086212158 -0.35577699542045593 0.6231909990310669 4.760863780975342 0.1658869981765747 -0.9247419834136963 -0.34254100918769836 1.531546950340271 0.0 0.0 0.0 1.0
0.706932008266449 -0.14428700506687164 0.69240802526474 6.27975606918335 -0.6890919804573059 -0.3610990047454834 0.6282989978790283 4.761115074157715 0.1593720018863678 -0.921297013759613 -0.3546999990940094 1.5375269651412964 0.0 0.0 0.0 1.0
0.7173219919204712 -0.1488640010356903 0.6806529760360718 6.277019023895264 -0.6794559955596924 -0.36571601033210754 0.6360759735107422 4.753735065460205 0.15423700213432312 -0.9187449812889099 -0.3634830117225647 1.5349420309066772 0.0 0.0 0.0 1.0
0.7258999943733215 -0.15507400035858154 0.6700900197029114 6.273324012756348 -0.671425998210907 -0.37108200788497925 0.6414710283279419 4.748764991760254 0.1491830050945282 -0.9155600070953369 -0.37348899245262146 1.5321840047836304 0.0 0.0 0.0 1.0
0.7342270016670227 -0.1610500067472458 0.659525990486145 6.271268844604492 -0.6634500026702881 -0.3763059973716736 0.6467049717903137 4.742115020751953 0.14403200149536133 -0.9123910069465637 -0.38314300775527954 1.532981038093567 0.0 0.0 0.0 1.0
0.7416999936103821 -0.1644120067358017 0.6502689719200134 6.268030166625977 -0.6557260155677795 -0.38166800141334534 0.651423990726471 4.735926151275635 0.14108499884605408 -0.9095590114593506 -0.39089199900627136 1.5365179777145386 0.0 0.0 0.0 1.0
0.7488849759101868 -0.16668599843978882 0.6413940191268921 6.266891956329346 -0.6486070156097412 -0.38289201259613037 0.6578009724617004 4.728010177612305 0.13593800365924835 -0.9086310267448425 -0.3948560059070587 1.5399049520492554 0.0 0.0 0.0 1.0
0.7558429837226868 -0.16276000440120697 0.6342009902000427 6.263539791107178 -0.6407279968261719 -0.3832710087299347 0.6652600169181824 4.718547821044922 0.1347929984331131 -0.9091820120811462 -0.39397698640823364 1.5433809757232666 0.0 0.0 0.0 1.0
0.7632189989089966 -0.15768000483512878 0.6266049742698669 6.259654998779297 -0.631646990776062 -0.3863230049610138 0.6721429824829102 4.709715843200684 0.1360889971256256 -0.9087859988212585 -0.39444699883461 1.5518709421157837 0.0 0.0 0.0 1.0
0.7719399929046631 -0.15313200652599335 0.6169760227203369 6.259222030639648 -0.6215239763259888 -0.3856000006198883 0.6819239854812622 4.695343971252441 0.13348199427127838 -0.9098700284957886 -0.39283499121665955 1.554002046585083 0.0 0.0 0.0 1.0
0.7880820035934448 -0.13740499317646027 0.600039005279541 6.275553226470947 -0.6009389758110046 -0.38299399614334106 0.7015609741210938 4.663047790527344 0.13341400027275085 -0.9134740233421326 -0.38440200686454773 1.5419989824295044 0.0 0.0 0.0 1.0
0.7958840131759644 -0.1337449997663498 0.5904920101165771 6.273055076599121 -0.5900229811668396 -0.3900870084762573 0.7068979740142822 4.6556549072265625 0.13579900562763214 -0.9110130071640015 -0.38937699794769287 1.5587509870529175 0.0 0.0 0.0 1.0
0.8039839863777161 -0.1262820065021515 0.5810880064964294 6.270153999328613 -0.5788120031356812 -0.39022698998451233 0.7160300016403198 4.6403422355651855 0.13633400201797485 -0.9120169878005981 -0.38683000206947327 1.5623530149459839 0.0 0.0 0.0 1.0
0.8127120137214661 -0.11818200349807739 0.5705540180206299 6.268672943115234 -0.5663750171661377 -0.39016300439834595 0.7259420156478882 4.621448993682861 0.13681599497795105 -0.913129985332489 -0.3840250074863434 1.5639070272445679 0.0 0.0 0.0 1.0
0.8204920291900635 -0.11271800100803375 0.5604339838027954 6.267148017883301 -0.5552989840507507 -0.39000698924064636 0.7345319986343384 4.602940082550049 0.13577799499034882 -0.9138870239257812 -0.38258999586105347 1.5670239925384521 0.0 0.0 0.0 1.0
0.827672004699707 -0.10871200263500214 0.5505819916725159 6.265505790710449 -0.5451679825782776 -0.38864800333976746 0.7427949905395508 4.582787036895752 0.1332319974899292 -0.9149510264396667 -0.3809390068054199 1.5689380168914795 0.0 0.0 0.0 1.0
0.8342919945716858 -0.1055930033326149 0.5411159992218018 6.263737201690674 -0.5357189774513245 -0.38711899518966675 0.7504289746284485 4.562366962432861 0.13023699820041656 -0.9159640073776245 -0.37953799962997437 1.5699199438095093 0.0 0.0 0.0 1.0
0.8413360118865967 -0.10602600127458572 0.5300120115280151 6.2653961181640625 -0.5259310007095337 -0.38681501150131226 0.7574769854545593 4.541510105133057 0.1247050017118454 -0.9160419702529907 -0.3812040090560913 1.5740200281143188 0.0 0.0 0.0 1.0
0.8488879799842834 -0.10343199968338013 0.5183539986610413 6.267442226409912 -0.5145699977874756 -0.38594600558280945 0.7656790018081665 4.516712188720703 0.1208610013127327 -0.9167050123214722 -0.3808479905128479 1.568613052368164 0.0 0.0 0.0 1.0
0.8562840223312378 -0.09956800192594528 0.5068169832229614 6.268002986907959 -0.5016390085220337 -0.3940410017967224 0.7701240181922913 4.4969868659973145 0.12302699685096741 -0.9136840105056763 -0.38735800981521606 1.572182059288025 0.0 0.0 0.0 1.0
0.8738150000572205 -0.09408999979496002 0.4770689904689789 6.3136677742004395 -0.4717879891395569 -0.401623010635376 0.7849299907684326 4.461030006408691 0.117747001349926 -0.910959005355835 -0.39533400535583496 1.5701730251312256 0.0 0.0 0.0 1.0
0.8809559941291809 -0.09141500294208527 0.4642849862575531 6.319052219390869 -0.4584429860115051 -0.4079959988594055 0.7895380258560181 4.434772968292236 0.11725100129842758 -0.908394992351532 -0.4013350009918213 1.5709240436553955 0.0 0.0 0.0 1.0
0.8868619799613953 -0.09097400307655334 0.45298901200294495 6.320572853088379 -0.44789600372314453 -0.40995699167251587 0.7945590019226074 4.414135932922363 0.11342199891805649 -0.9075559973716736 -0.404323011636734 1.5703129768371582 0.0 0.0 0.0 1.0
0.8924210071563721 -0.08873700350522995 0.4423919916152954 6.321997165679932 -0.43722501397132874 -0.41224101185798645 0.7993069887161255 4.392923831939697 0.11144399642944336 -0.9067429900169373 -0.40669000148773193 1.5707910060882568 0.0 0.0 0.0 1.0
0.8981459736824036 -0.08583199977874756 0.43123799562454224 6.3207831382751465 -0.4255580008029938 -0.4164069890975952 0.8034340143203735 4.375970840454102 0.1106100007891655 -0.9051179885864258 -0.410521000623703 1.5725350379943848 0.0 0.0 0.0 1.0
0.9051070213317871 -0.0847800001502037 0.41664499044418335 6.3239569664001465 -0.41193100810050964 -0.4175949990749359 0.809893012046814 4.351291179656982 0.10532700270414352 -0.9046689867973328 -0.41289201378822327 1.5717970132827759 0.0 0.0 0.0 1.0
0.9118340015411377 -0.0854170024394989 0.4015749990940094 6.326465129852295 -0.3985440135002136 -0.4190540015697479 0.8158169984817505 4.328939914703369 0.09859699755907059 -0.9039350152015686 -0.4161500036716461 1.5713180303573608 0.0 0.0 0.0 1.0
0.9176769852638245 -0.08267699927091599 0.3886289894580841 6.327053070068359 -0.38534700870513916 -0.423566997051239 0.819815993309021 4.309169769287109 0.09683000296354294 -0.9020839929580688 -0.4205569922924042 1.5691859722137451 0.0 0.0 0.0 1.0
0.9225950241088867 -0.08134700357913971 0.3770950138568878 6.326811790466309 -0.373414009809494 -0.43373098969459534 0.8200240135192871 4.29270601272583 0.09685199707746506 -0.897363007068634 -0.4305340051651001 1.5755150318145752 0.0 0.0 0.0 1.0
0.9263610243797302 -0.07952400296926498 0.36814600229263306 6.323400020599365 -0.36350199580192566 -0.44465601444244385 0.8186249732971191 4.281158924102783 0.09859699755907059 -0.8921639919281006 -0.44081899523735046 1.5802890062332153 0.0 0.0 0.0 1.0
0.9307169914245605 -0.07881399989128113 0.3571479916572571 6.329493045806885 -0.35432198643684387 -0.43639901280403137 0.827049970626831 4.2471208572387695 0.09067600220441818 -0.8962950110435486 -0.4340890049934387 1.53554105758667 0.0 0.0 0.0 1.0
0.9321140050888062 -0.07419999688863754 0.3544830083847046 6.322805881500244 -0.3487339913845062 -0.4479770064353943 0.8232259750366211 4.241024017333984 0.09771600365638733 -0.8909609913825989 -0.4434410035610199 1.5433340072631836 0.0 0.0 0.0 1.0
0.9333699941635132 -0.06804300099611282 0.35240599513053894 6.320635795593262 -0.3439429998397827 -0.45020100474357605 0.8240280151367188 4.227759838104248 0.10258399695158005 -0.890330970287323 -0.44360700249671936 1.5445419549942017 0.0 0.0 0.0 1.0
0.9332119822502136 -0.06419699639081955 0.3535430133342743 6.3169097900390625 -0.34330400824546814 -0.44981101155281067 0.824508011341095 4.217745780944824 0.10609699785709381 -0.8908140063285828 -0.44180798530578613 1.5454829931259155 0.0 0.0 0.0 1.0
0.9328569769859314 -0.06315799802541733 0.3546670079231262 6.316092014312744 -0.34402599930763245 -0.4482789933681488 0.8250399827957153 4.204109191894531 0.1068819984793663 -0.8916590213775635 -0.4399079978466034 1.5463500022888184 0.0 0.0 0.0 1.0
0.9322429895401001 -0.060888998210430145 0.3566719889640808 6.313685894012451 -0.34512099623680115 -0.4457400143146515 0.8259580135345459 4.192211151123047 0.1086919978260994 -0.8930889964103699 -0.4365519881248474 1.545562982559204 0.0 0.0 0.0 1.0
0.9319469928741455 -0.06084199994802475 0.35745298862457275 6.312445163726807 -0.3460969924926758 -0.4432370066642761 0.8268960118293762 4.179811954498291 0.10812599956989288 -0.894336998462677 -0.434130996465683 1.5443229675292969 0.0 0.0 0.0 1.0
0.9320319890975952 -0.06105300039052963 0.3571940064430237 6.31069803237915 -0.34590598940849304 -0.4436730146408081 0.8267430067062378 4.168434143066406 0.10800199955701828 -0.8941069841384888 -0.4346359968185425 1.5448039770126343 0.0 0.0 0.0 1.0
0.9326769709587097 -0.06557799875736237 0.3547019958496094 6.309024810791016 -0.34511399269104004 -0.4482789933681488 0.8245859742164612 4.158445835113525 0.10493099689483643 -0.8914849758148193 -0.4407309889793396 1.5502150058746338 0.0 0.0 0.0 1.0
0.9332870244979858 -0.06839500367641449 0.35255900025367737 6.305731773376465 -0.3442099988460541 -0.4503909945487976 0.8238130211830139 4.14892578125 0.10244499891996384 -0.8902080059051514 -0.44388601183891296 1.5531120300292969 0.0 0.0 0.0 1.0
0.935604989528656 -0.06973999738693237 0.34609100222587585 6.314953804016113 -0.3403890132904053 -0.43833601474761963 0.8318629860877991 4.114809036254883 0.09369000047445297 -0.8961009979248047 -0.43384799361228943 1.5323270559310913 0.0 0.0 0.0 1.0
0.9345070123672485 -0.07194499671459198 0.34859898686408997 6.306517124176025 -0.34445300698280334 -0.42964300513267517 0.834721028804779 4.09102201461792 0.08971899747848511 -0.9001280069351196 -0.4262860119342804 1.520913004875183 0.0 0.0 0.0 1.0
0.9334700107574463 -0.0776280015707016 0.35015401244163513 6.301685810089111 -0.348116010427475 -0.4310469925403595 0.8324750065803528 4.080982208251953 0.08630900084972382 -0.8989840149879456 -0.4293929934501648 1.5161329507827759 0.0 0.0 0.0 1.0
0.9336410164833069 -0.0851840004324913 0.3479340076446533 6.297489166259766 -0.3487190008163452 -0.43825000524520874 0.8284519910812378 4.0723137855529785 0.08191099762916565 -0.8948079943656921 -0.4388729929924011 1.5205010175704956 0.0 0.0 0.0 1.0
0.9333490133285522 -0.09263399988412857 0.34681200981140137 6.290999889373779 -0.3500269949436188 -0.44916999340057373 0.8220270276069641 4.06442403793335 0.07963000237941742 -0.8886309862136841 -0.4516569972038269 1.5213149785995483 0.0 0.0 0.0 1.0
0.9333480000495911 -0.09755899757146835 0.34546199440956116 6.286581993103027 -0.35027098655700684 -0.45812198519706726 0.8169659972190857 4.053279876708984 0.07856199890375137 -0.8835189938545227 -0.4617590010166168 1.521178960800171 0.0 0.0 0.0 1.0
0.9329500198364258 -0.09673500061035156 0.34676501154899597 6.281662940979004 -0.3509660065174103 -0.4588850140571594 0.8162389993667603 4.040528774261475 0.08016599714756012 -0.883213996887207 -0.46206799149513245 1.5186070203781128 0.0 0.0 0.0 1.0
0.9310479760169983 -0.09373000264167786 0.35265201330184937 6.274753093719482 -0.35464099049568176 -0.4599429965019226 0.8140529990196228 4.029972076416016 0.08589799702167511 -0.8829879760742188 -0.46146899461746216 1.5171780586242676 0.0 0.0 0.0 1.0
0.9281920194625854 -0.09418699890375137 0.35998401045799255 6.269268035888672 -0.36095699667930603 -0.46290600299835205 0.8095849752426147 4.018819808959961 0.0903870016336441 -0.8813890218734741 -0.4636630117893219 1.5135990381240845 0.0 0.0 0.0 1.0
0.923454999923706 -0.1059269979596138 0.3687939941883087 6.261785984039307 -0.3736400008201599 -0.46694400906562805 0.8014709949493408 3.9980618953704834 0.08730900287628174 -0.8779199719429016 -0.47077998518943787 1.5050790309906006 0.0 0.0 0.0 1.0
0.922631025314331 -0.1103539988398552 0.3695580065250397 6.255782127380371 -0.3755429983139038 -0.4753119945526123 0.7956420183181763 3.9937350749969482 0.08785299956798553 -0.8728690147399902 -0.479981005191803 1.5226609706878662 0.0 0.0 0.0 1.0
0.9232140183448792 -0.11429499834775925 0.36689600348472595 6.25239896774292 -0.3752169907093048 -0.47430700063705444 0.7963950037956238 3.9823529720306396 0.08299700170755386 -0.8729090094566345 -0.4807719886302948 1.5221220254898071 0.0 0.0 0.0 1.0
0.9242110252380371 -0.117296002805233 0.3634209930896759 6.2491559982299805 -0.3737359941005707 -0.4733180105686188 0.7976790070533752 3.9718129634857178 0.07844900339841843 -0.8730469942092896 -0.4812839925289154 1.5236979722976685 0.0 0.0 0.0 1.0
0.9269880056381226 -0.11979100108146667 0.355446994304657 6.243916988372803 -0.3680570125579834 -0.4731470048427582 0.8004159927368164 3.9518210887908936 0.07229600101709366 -0.8728010058403015 -0.48269200325012207 1.5248440504074097 0.0 0.0 0.0 1.0
0.928659975528717 -0.12139300256967545 0.350504994392395 6.2430419921875 -0.36445701122283936 -0.4743950068950653 0.8013240098953247 3.9422190189361572 0.06900300085544586 -0.8719019889831543 -0.4847950041294098 1.5241689682006836 0.0 0.0 0.0 1.0
0.9302449822425842 -0.12185899913311005 0.3461120128631592 6.241686820983887 -0.3607710003852844 -0.47594699263572693 0.8020719885826111 3.933288097381592 0.06699100136756897 -0.8709909915924072 -0.4867109954357147 1.5237209796905518 0.0 0.0 0.0 1.0
0.9327419996261597 -0.12683899700641632 0.3374960124492645 6.240502834320068 -0.3554539978504181 -0.48023200035095215 0.801891028881073 3.9183640480041504 0.06036499887704849 -0.8679220080375671 -0.4930180013179779 1.526872992515564 0.0 0.0 0.0 1.0
0.9343400001525879 -0.12947699427604675 0.3320319950580597 6.240673065185547 -0.3521220088005066 -0.4790470004081726 0.8040670156478882 3.9107420444488525 0.05495100095868111 -0.8681870102882385 -0.49318501353263855 1.5275620222091675 0.0 0.0 0.0 1.0
0.9360629916191101 -0.1322769969701767 0.3260189890861511 6.240610122680664 -0.34836098551750183 -0.4783079922199249 0.8061429858207703 3.9041130542755127 0.04930400103330612 -0.8681730031967163 -0.49380600452423096 1.5257869958877563 0.0 0.0 0.0 1.0
0.939070999622345 -0.13785000145435333 0.3148689866065979 6.243454933166504 -0.3413209915161133 -0.4820820093154907 0.80690598487854 3.8932158946990967 0.0405610017478466 -0.8652139902114868 -0.4997600018978119 1.5231839418411255 0.0 0.0 0.0 1.0
0.9390100240707397 -0.13993500173091888 0.3141320049762726 6.244048118591309 -0.3414280116558075 -0.4884999990463257 0.8029909729957581 3.8897829055786133 0.04108700156211853 -0.861270010471344 -0.5064839720726013 1.515982985496521 0.0 0.0 0.0 1.0
0.9364920258522034 -0.14733800292015076 0.31823399662971497 6.251852035522461 -0.3480150103569031 -0.5022839903831482 0.791579008102417 3.8839149475097656 0.04321499913930893 -0.8520579934120178 -0.5216609835624695 1.5065829753875732 0.0 0.0 0.0 1.0
0.9306210279464722 -0.15618599951267242 0.3309830129146576 6.261133193969727 -0.3622249960899353 -0.522350013256073 0.7719730138778687 3.8817009925842285 0.05231799930334091 -0.8383049964904785 -0.5426849722862244 1.4990979433059692 0.0 0.0 0.0 1.0
0.9260799884796143 -0.1633400022983551 0.3401409983634949 6.2645440101623535 -0.3729130029678345 -0.5336840152740479 0.7590240240097046 3.8830549716949463 0.057548001408576965 -0.8297600150108337 -0.5551459789276123 1.4934450387954712 0.0 0.0 0.0 1.0
0.9218670129776001 -0.17201699316501617 0.34723299741744995 6.269323825836182 -0.3827660083770752 -0.5439450144767761 0.7467349767684937 3.8829519748687744 0.06042499840259552 -0.8213000297546387 -0.5672879815101624 1.488049030303955 0.0 0.0 0.0 1.0
0.9186480045318604 -0.18135100603103638 0.3509959876537323 6.274755954742432 -0.390529990196228 -0.551243007183075 0.7373039722442627 3.881364107131958 0.059773001819849014 -0.8143979907035828 -0.5772209763526917 1.484475016593933 0.0 0.0 0.0 1.0
0.9158719778060913 -0.1912900060415268 0.3529669940471649 6.279347896575928 -0.397367000579834 -0.5573030114173889 0.729049026966095 3.8815250396728516 0.0572500005364418 -0.8079739809036255 -0.5864310264587402 1.4824880361557007 0.0 0.0 0.0 1.0
0.9136009812355042 -0.20119500160217285 0.3533470034599304 6.284375190734863 -0.40318799018859863 -0.5607950091362 0.7231519818305969 3.8806509971618652 0.05265999957919121 -0.8031370043754578 -0.5934619903564453 1.4797639846801758 0.0 0.0 0.0 1.0
0.9117429852485657 -0.20838899910449982 0.35397401452064514 6.289555072784424 -0.4077790081501007 -0.5628359913825989 0.7189800143241882 3.8786420822143555 0.04940199851989746 -0.7998690009117126 -0.5981379747390747 1.4751919507980347 0.0 0.0 0.0 1.0
0.9092569947242737 -0.21579499542713165 0.3559269905090332 6.294229984283447 -0.41347500681877136 -0.5665929913520813 0.7127490043640137 3.8784780502319336 0.04785799980163574 -0.7952389717102051 -0.6044039726257324 1.4734209775924683 0.0 0.0 0.0 1.0
0.9055089950561523 -0.22456200420856476 0.3600339889526367 6.295599937438965 -0.42159798741340637 -0.5722110271453857 0.7034419775009155 3.8798630237579346 0.04804899916052818 -0.7887629866600037 -0.6128169894218445 1.475221037864685 0.0 0.0 0.0 1.0
0.9025980234146118 -0.22912000119686127 0.3644460141658783 6.29899787902832 -0.42750799655914307 -0.5764549970626831 0.6963739991188049 3.8785650730133057 0.050533998757600784 -0.7843490242958069 -0.618257999420166 1.470015048980713 0.0 0.0 0.0 1.0
0.900223970413208 -0.23526600003242493 0.3663960099220276 6.305513858795166 -0.43244099617004395 -0.581430971622467 0.6891540288925171 3.878922939300537 0.050898998975753784 -0.7788370251655579 -0.6251569986343384 1.4693700075149536 0.0 0.0 0.0 1.0
0.8985620141029358 -0.23819500207901 0.3685779869556427 6.311299800872803 -0.43574199080467224 -0.5839970111846924 0.6848909854888916 3.8768789768218994 0.05211099982261658 -0.7760220170021057 -0.6285489797592163 1.465819001197815 0.0 0.0 0.0 1.0
0.8969519734382629 -0.24120600521564484 0.3705359995365143 6.3183112144470215 -0.43903398513793945 -0.5848900079727173 0.682021975517273 3.875991106033325 0.05221499875187874 -0.7744190096855164 -0.6305149793624878 1.462697982788086 0.0 0.0 0.0 1.0
0.8945059776306152 -0.24557699263095856 0.3735649883747101 6.32302188873291 -0.44410499930381775 -0.5839800238609314 0.6795129776000977 3.876944065093994 0.05128199979662895 -0.773730993270874 -0.6314359903335571 1.4605610370635986 0.0 0.0 0.0 1.0
0.8929200172424316 -0.2488970011472702 0.37515801191329956 6.329400062561035 -0.4474489986896515 -0.582830011844635 0.678305983543396 3.8756680488586426 0.04982500150799751 -0.7735369801521301 -0.6317890286445618 1.4565969705581665 0.0 0.0 0.0 1.0
0.8888030052185059 -0.260221004486084 0.3772459924221039 6.345987796783447 -0.4557420015335083 -0.5885440111160278 0.6677690148353577 3.877269983291626 0.04825900122523308 -0.7654410004615784 -0.6416929960250854 1.4517929553985596 0.0 0.0 0.0 1.0
0.8869460225105286 -0.2666890025138855 0.37709999084472656 6.354428768157959 -0.45935800671577454 -0.5944399833679199 0.6600239872932434 3.879257917404175 0.048142001032829285 -0.7586290240287781 -0.6497420072555542 1.4496890306472778 0.0 0.0 0.0 1.0
0.8872190117835999 -0.2715640068054199 0.37295401096343994 6.366233825683594 -0.4591760039329529 -0.5981339812278748 0.6568059921264648 3.8798820972442627 0.04471199959516525 -0.7539820075035095 -0.6553710103034973 1.4503899812698364 0.0 0.0 0.0 1.0
0.8861870169639587 -0.2779569923877716 0.3706910014152527 6.372374057769775 -0.4617919921875 -0.5949599742889404 0.6578530073165894 3.8817648887634277 0.03769100084900856 -0.7541630268096924 -0.6556040048599243 1.450974941253662 0.0 0.0 0.0 1.0
0.8881890177726746 -0.2783679962158203 0.365556001663208 6.382382869720459 -0.45840200781822205 -0.5912600159645081 0.663536012172699 3.8809289932250977 0.03143100067973137 -0.7569169998168945 -0.6527550220489502 1.4511289596557617 0.0 0.0 0.0 1.0
0.8903869986534119 -0.27913698554039 0.35957300662994385 6.394759178161621 -0.45453301072120667 -0.5880600214004517 0.6690179705619812 3.880836009979248 0.024702999740839005 -0.7591230273246765 -0.6504790186882019 1.4519100189208984 0.0 0.0 0.0 1.0
0.8930420279502869 -0.2794579863548279 0.3526720106601715 6.409224987030029 -0.4496220052242279 -0.5851110219955444 0.6748960018157959 3.8787639141082764 0.017746999859809875 -0.7612800002098083 -0.6481800079345703 1.4533870220184326 0.0 0.0 0.0 1.0
0.8949329853057861 -0.27967599034309387 0.3476729989051819 6.424313068389893 -0.44603100419044495 -0.582256019115448 0.679731011390686 3.8779449462890625 0.012330999597907066 -0.7633860111236572 -0.6458250284194946 1.4545949697494507 0.0 0.0 0.0 1.0
0.8964179754257202 -0.2784839868545532 0.3447900116443634 6.440467834472656 -0.4431140124797821 -0.5791829824447632 0.684249997138977 3.877502918243408 0.00914399977773428 -0.7661550045013428 -0.6425899863243103 1.454190969467163 0.0 0.0 0.0 1.0
0.8972640037536621 -0.2785769999027252 0.342509001493454 6.458789825439453 -0.4414539933204651 -0.5766839981079102 0.687425971031189 3.8764469623565674 0.006018000189214945 -0.7680040001869202 -0.6404160261154175 1.45563805103302 0.0 0.0 0.0 1.0
0.8990970253944397 -0.2767060101032257 0.3392010033130646 6.480495929718018 -0.43773600459098816 -0.5743089914321899 0.6917780041694641 3.873414993286133 0.003386999946087599 -0.7704560160636902 -0.6374840140342712 1.45688796043396 0.0 0.0 0.0 1.0
0.9016939997673035 -0.2722490131855011 0.3359000086784363 6.502615928649902 -0.4323750138282776 -0.5685080289840698 0.6998940110206604 3.8678910732269287 0.00041599999531172216 -0.776324987411499 -0.6303330063819885 1.4549989700317383 0.0 0.0 0.0 1.0
0.904416024684906 -0.2685219943523407 0.33155399560928345 6.526424884796143 -0.42663899064064026 -0.5630080103874207 0.7078139781951904 3.863213062286377 -0.003396000014618039 -0.781611979007721 -0.6237559914588928 1.4559459686279297 0.0 0.0 0.0 1.0
0.9050250053405762 -0.2652600109577179 0.33251601457595825 6.543027877807617 -0.42535200715065 -0.5600579977035522 0.7109220027923584 3.861423969268799 -0.0023509999737143517 -0.7848389744758606 -0.6196950078010559 1.458866000175476 0.0 0.0 0.0 1.0
0.9074079990386963 -0.26227301359176636 0.32836300134658813 6.569918155670166 -0.42024001479148865 -0.5610880255699158 0.713146984577179 3.859373092651367 -0.0027979998849332333 -0.7851070165634155 -0.6193540096282959 1.464231014251709 0.0 0.0 0.0 1.0
0.9094750285148621 -0.2574009895324707 0.32649698853492737 6.595180988311768 -0.41575899720191956 -0.563709020614624 0.7137060165405273 3.8557889461517334 0.00034100000630132854 -0.7848420143127441 -0.6196960210800171 1.464529037475586 0.0 0.0 0.0 1.0
0.9097999930381775 -0.25212201476097107 0.329694002866745 6.618217945098877 -0.41498100757598877 -0.5667279958724976 0.7117660045623779 3.852708101272583 0.007395999971777201 -0.7843809723854065 -0.620235025882721 1.4630299806594849 0.0 0.0 0.0 1.0
0.910556972026825 -0.24685099720954895 0.3315869867801666 6.644262790679932 -0.4132170081138611 -0.5662909746170044 0.713138997554779 3.849069118499756 0.011735999956727028 -0.7863709926605225 -0.6176429986953735 1.4622570276260376 0.0 0.0 0.0 1.0
0.9118009805679321 -0.24065600335597992 0.332720011472702 6.669196128845215 -0.4103429913520813 -0.5644009709358215 0.7162899971008301 3.8456320762634277 0.015407999977469444 -0.7896429896354675 -0.6133729815483093 1.4620929956436157 0.0 0.0 0.0 1.0
0.9119920134544373 -0.2358739972114563 0.3356100022792816 6.691236972808838 -0.40971800684928894 -0.5637630224227905 0.717149019241333 3.8438398838043213 0.020047999918460846 -0.7915400266647339 -0.6107890009880066 1.4614750146865845 0.0 0.0 0.0 1.0
0.9120919704437256 -0.23269100487232208 0.337554007768631 6.714463233947754 -0.4092690050601959 -0.5654190182685852 0.7161009907722473 3.842363119125366 0.024229999631643295 -0.7912999987602234 -0.6109470129013062 1.4622910022735596 0.0 0.0 0.0 1.0
0.9116780161857605 -0.22947999835014343 0.3408539891242981 6.736309051513672 -0.40983301401138306 -0.5676869750022888 0.7139809727668762 3.84118390083313 0.02965399995446205 -0.7906140089035034 -0.6115959882736206 1.461287021636963 0.0 0.0 0.0 1.0
0.9111189842224121 -0.22715100646018982 0.3438970148563385 6.75665807723999 -0.41065099835395813 -0.5713059902191162 0.7106159925460815 3.8403160572052 0.03505299985408783 -0.7886769771575928 -0.6138070225715637 1.4619979858398438 0.0 0.0 0.0 1.0
0.9097340106964111 -0.2200540006160736 0.35207998752593994 6.763505935668945 -0.41286501288414 -0.56911301612854 0.711093008518219 3.8340671062469482 0.04389499872922897 -0.7922670245170593 -0.6085940003395081 1.4538880586624146 0.0 0.0 0.0 1.0
0.909093976020813 -0.21665699779987335 0.3558200001716614 6.779078006744385 -0.4136199951171875 -0.5712559819221497 0.7089329957962036 3.832777976989746 0.04966900125145912 -0.7916610240936279 -0.608938992023468 1.4497950077056885 0.0 0.0 0.0 1.0
0.908827006816864 -0.21629799902439117 0.3567180037498474 6.797412872314453 -0.4138909876346588 -0.5745369791984558 0.7061169743537903 3.833043098449707 0.052216000854969025 -0.7893810272216797 -0.6116790175437927 1.450706958770752 0.0 0.0 0.0 1.0
0.9088000059127808 -0.2175530046224594 0.35602501034736633 6.814568996429443 -0.41413500905036926 -0.5741279721260071 0.7063069939613342 3.831028938293457 0.05074499920010567 -0.7893339991569519 -0.6118630170822144 1.4493130445480347 0.0 0.0 0.0 1.0
0.9090690016746521 -0.22031700611114502 0.353630006313324 6.83058500289917 -0.4140569865703583 -0.5721870064735413 0.707925021648407 3.829927921295166 0.04637400060892105 -0.7899760007858276 -0.611382007598877 1.4489489793777466 0.0 0.0 0.0 1.0
0.9100189805030823 -0.22194400429725647 0.35015198588371277 6.844789981842041 -0.41244199872016907 -0.570097029209137 0.7105500102043152 3.8299779891967773 0.04191799834370613 -0.791031002998352 -0.6103379726409912 1.4475560188293457 0.0 0.0 0.0 1.0
0.9116079807281494 -0.22192500531673431 0.34600600600242615 6.857460975646973 -0.40924501419067383 -0.5690129995346069 0.7132620215415955 3.830504894256592 0.03859199956059456 -0.791815996170044 -0.6095389723777771 1.4470219612121582 0.0 0.0 0.0 1.0
0.9167230129241943 -0.22072400152683258 0.33301499485969543 6.8825907707214355 -0.39807701110839844 -0.575465977191925 0.7144050002098083 3.8347740173339844 0.033952999860048294 -0.7874770164489746 -0.6154080033302307 1.4474420547485352 0.0 0.0 0.0 1.0
0.9209219813346863 -0.2185640037059784 0.3226970136165619 6.894702911376953 -0.38850998878479004 -0.5807290077209473 0.7154120206832886 3.8358700275421143 0.031036999076604843 -0.7842090129852295 -0.6197199821472168 1.444038987159729 0.0 0.0 0.0 1.0
0.9259179830551147 -0.21688799560070038 0.30924901366233826 6.9048638343811035 -0.3768799901008606 -0.5851879715919495 0.7179949879646301 3.836414098739624 0.02524399943649769 -0.7813550233840942 -0.6235769987106323 1.4412360191345215 0.0 0.0 0.0 1.0
0.9334620237350464 -0.20694099366664886 0.29295700788497925 6.911762237548828 -0.35806798934936523 -0.5852000117301941 0.7275500297546387 3.831231117248535 0.020879000425338745 -0.7840390205383301 -0.6203609704971313 1.4304389953613281 0.0 0.0 0.0 1.0
0.9399970173835754 -0.20017099380493164 0.27629101276397705 6.921590805053711 -0.3408089876174927 -0.5887179970741272 0.7329810261726379 3.833436965942383 0.015936000272631645 -0.783161997795105 -0.6216130256652832 1.4271659851074219 0.0 0.0 0.0 1.0
0.945946991443634 -0.19314000010490417 0.26054099202156067 6.9326910972595215 -0.3241040110588074 -0.592428982257843 0.7375530004501343 3.837095022201538 0.011900999583303928 -0.7821279764175415 -0.6230030059814453 1.4247080087661743 0.0 0.0 0.0 1.0
0.9512739777565002 -0.18384100496768951 0.24754799902439117 6.941927909851074 -0.3081960082054138 -0.5920109748840332 0.7446730136871338 3.840118885040283 0.009650000371038914 -0.7846819758415222 -0.6198229789733887 1.4202619791030884 0.0 0.0 0.0 1.0
0.95694500207901 -0.17326399683952332 0.2328840047121048 6.953409194946289 -0.2901510000228882 -0.5937889814376831 0.7504850029945374 3.845227003097534 0.00825200043618679 -0.7857440114021301 -0.6184960007667542 1.4184590578079224 0.0 0.0 0.0 1.0
0.9620260000228882 -0.16300399601459503 0.21893900632858276 6.965581893920898 -0.2728019952774048 -0.6010730266571045 0.7511919736862183 3.8527889251708984 0.00915099959820509 -0.7823939919471741 -0.6227160096168518 1.4178489446640015 0.0 0.0 0.0 1.0
0.9665499925613403 -0.15405699610710144 0.20505300164222717 6.977400779724121 -0.25630098581314087 -0.6097689867019653 0.7499949932098389 3.85880708694458 0.009492999874055386 -0.7774630188941956 -0.6288570165634155 1.4159619808197021 0.0 0.0 0.0 1.0
0.971081018447876 -0.1462160050868988 0.18874099850654602 6.990032196044922 -0.23864999413490295 -0.6175119876861572 0.7494829893112183 3.8631300926208496 0.006963999941945076 -0.7728520035743713 -0.634548008441925 1.4120830297470093 0.0 0.0 0.0 1.0
0.9763129949569702 -0.1350329965353012 0.16904999315738678 7.001098155975342 -0.21630999445915222 -0.6260489821434021 0.7491809725761414 3.866410970687866 0.004668999928981066 -0.768002986907959 -0.6404290199279785 1.4088170528411865 0.0 0.0 0.0 1.0
0.9819269776344299 -0.12194400280714035 0.14473800361156464 7.013247013092041 -0.18925799429416656 -0.6364099979400635 0.7477719783782959 3.8703811168670654 0.0009270000155083835 -0.761650025844574 -0.6479870080947876 1.4071049690246582 0.0 0.0 0.0 1.0
0.986840009689331 -0.1014069989323616 0.1259479969739914 7.015923976898193 -0.1615159958600998 -0.655148983001709 0.7380329966545105 3.873764991760254 0.007672999985516071 -0.7486630082130432 -0.6629070043563843 1.401371955871582 0.0 0.0 0.0 1.0
0.9897159934043884 -0.08913400024175644 0.11187700182199478 7.024623870849609 -0.14273199439048767 -0.6669359803199768 0.7313169836997986 3.875746011734009 0.009429999627172947 -0.7397649884223938 -0.6727989912033081 1.3980250358581543 0.0 0.0 0.0 1.0
0.9921259880065918 -0.07716800272464752 0.09864699840545654 7.035608768463135 -0.124938003718853 -0.6648939847946167 0.7364150285720825 3.874289035797119 0.00876300036907196 -0.7429410219192505 -0.6692990064620972 1.394698977470398 0.0 0.0 0.0 1.0
0.9945989847183228 -0.0612960010766983 0.08375799655914307 7.046202182769775 -0.10330600291490555 -0.6625289916992188 0.7418779730796814 3.8768489360809326 0.01001800037920475 -0.7465239763259888 -0.6652830243110657 1.3971370458602905 0.0 0.0 0.0 1.0
0.9967150092124939 -0.0439319983124733 0.06803599745035172 7.055581092834473 -0.08000499755144119 -0.6645600199699402 0.7429389953613281 3.8801140785217285 0.0125749995931983 -0.7459419965744019 -0.6658920049667358 1.3986680507659912 0.0 0.0 0.0 1.0
0.9982249736785889 -0.027860000729560852 0.05263400077819824 7.063011169433594 -0.05779099836945534 -0.6665760278701782 0.7431939840316772 3.881309986114502 0.014379000291228294 -0.7449160218238831 -0.6670029759407043 1.3987410068511963 0.0 0.0 0.0 1.0
0.999347984790802 -0.010394000448286533 0.03457700088620186 7.070798873901367 -0.03266799822449684 -0.668097972869873 0.7433559894561768 3.88264799118042 0.015375000424683094 -0.7440009713172913 -0.6680020093917847 1.399266004562378 0.0 0.0 0.0 1.0
0.9995229840278625 0.029784999787807465 -0.008092000149190426 7.086956977844238 0.02579200081527233 -0.6620180010795593 0.7490440011024475 3.882751941680908 0.01695300079882145 -0.7488960027694702 -0.6624709963798523 1.3977329730987549 0.0 0.0 0.0 1.0
0.9983119964599609 0.049855999648571014 -0.029782000929117203 7.0952301025390625 0.055222999304533005 -0.6562820076942444 0.7524920105934143 3.8843278884887695 0.01797099970281124 -0.7528669834136963 -0.6579279899597168 1.399158000946045 0.0 0.0 0.0 1.0
0.9963060021400452 0.06797999888658524 -0.052459001541137695 7.103738784790039 0.08408000320196152 -0.6483240127563477 0.756708025932312 3.885175943374634 0.017431000247597694 -0.7583240270614624 -0.6516450047492981 1.3994029760360718 0.0 0.0 0.0 1.0
0.9935610294342041 0.08694499731063843 -0.07263699918985367 7.108341217041016 0.11158300191164017 -0.6399649977684021 0.7602589726448059 3.8842239379882812 0.01961600035429001 -0.7634689807891846 -0.6455469727516174 1.3967950344085693 0.0 0.0 0.0 1.0
0.9892699718475342 0.11304699629545212 -0.09254799783229828 7.113381862640381 0.14315299689769745 -0.6234970092773438 0.7686079740524292 3.877372980117798 0.02918500080704689 -0.7736089825630188 -0.6329900026321411 1.386860966682434 0.0 0.0 0.0 1.0
0.9848769903182983 0.13217300176620483 -0.11200899630784988 7.122160911560059 0.17022599279880524 -0.6179649829864502 0.7675560116767883 3.878690004348755 0.03223299980163574 -0.7750160098075867 -0.6311190128326416 1.3866369724273682 0.0 0.0 0.0 1.0
0.9793890118598938 0.1526550054550171 -0.13226500153541565 7.1332502365112305 0.19891700148582458 -0.6152660250663757 0.7628099918365479 3.8797969818115234 0.035068001598119736 -0.7733979821205139 -0.6329500079154968 1.3846039772033691 0.0 0.0 0.0 1.0
0.972898006439209 0.17545300722122192 -0.15061399340629578 7.1443328857421875 0.22777099907398224 -0.6148689985275269 0.7550209760665894 3.8810319900512695 0.03986300155520439 -0.7688639760017395 -0.63816899061203 1.3826149702072144 0.0 0.0 0.0 1.0
0.9656310081481934 0.19644799828529358 -0.17018799483776093 7.158091068267822 0.2565700113773346 -0.6157330274581909 0.7450129985809326 3.8824450969696045 0.04156599938869476 -0.7630739808082581 -0.6449739933013916 1.3796910047531128 0.0 0.0 0.0 1.0
0.95871502161026 0.21494999527931213 -0.18617799878120422 7.170090198516846 0.28100401163101196 -0.6156799793243408 0.7361890077590942 3.8832008838653564 0.04361800104379654 -0.7581130266189575 -0.6506630182266235 1.3761470317840576 0.0 0.0 0.0 1.0
0.9512029886245728 0.2337229996919632 -0.20145800709724426 7.182951927185059 0.3050979971885681 -0.6148149967193604 0.7272679805755615 3.8837618827819824 0.04611999914050102 -0.7532439827919006 -0.6561220288276672 1.3755309581756592 0.0 0.0 0.0 1.0
0.9436489939689636 0.25081101059913635 -0.21591700613498688 7.193099021911621 0.3271409869194031 -0.6082640290260315 0.7231829762458801 3.8815789222717285 0.050046999007463455 -0.7530660033226013 -0.6560389995574951 1.3729909658432007 0.0 0.0 0.0 1.0
0.9351980090141296 0.2663460075855255 -0.23337499797344208 7.203094005584717 0.35017699003219604 -0.5974199771881104 0.7214329838752747 3.8787569999694824 0.05272800102829933 -0.7564060091972351 -0.6519740223884583 1.372439980506897 0.0 0.0 0.0 1.0
0.9270449876785278 0.27526798844337463 -0.2545880079269409 7.213385105133057 0.37228599190711975 -0.5949620008468628 0.712336003780365 3.88181209564209 0.04461300000548363 -0.7551469802856445 -0.6540349721908569 1.3795959949493408 0.0 0.0 0.0 1.0
0.9177169799804688 0.2891860008239746 -0.2723340094089508 7.225214004516602 0.3947789967060089 -0.5878739953041077 0.7060829997062683 3.881977081298828 0.044091999530792236 -0.7554969787597656 -0.6536669731140137 1.3811709880828857 0.0 0.0 0.0 1.0
0.9066889882087708 0.308912992477417 -0.2872050106525421 7.235875129699707 0.41878700256347656 -0.5780820250511169 0.7003129720687866 3.8796370029449463 0.05030699819326401 -0.7552449703216553 -0.6535099744796753 1.3824130296707153 0.0 0.0 0.0 1.0
0.8964040279388428 0.3264999985694885 -0.2997620105743408 7.245552062988281 0.43953999876976013 -0.5676349997520447 0.6961280107498169 3.8772389888763428 0.057130999863147736 -0.7557700276374817 -0.6523399949073792 1.384171962738037 0.0 0.0 0.0 1.0
0.8864650130271912 0.3426539897918701 -0.31107398867607117 7.252829074859619 0.45817700028419495 -0.5550770163536072 0.6942359805107117 3.8733770847320557 0.06521199643611908 -0.7579429745674133 -0.6490529775619507 1.3855559825897217 0.0 0.0 0.0 1.0
0.8770449757575989 0.3556619882583618 -0.32295000553131104 7.260426998138428 0.47510600090026855 -0.5425390005111694 0.6927670240402222 3.869688034057617 0.07117799669504166 -0.761023998260498 -0.6448079943656921 1.3891279697418213 0.0 0.0 0.0 1.0
0.8597909808158875 0.36987000703811646 -0.3520730137825012 7.272596836090088 0.5055710077285767 -0.5196089744567871 0.6887710094451904 3.8611929416656494 0.07181599736213684 -0.7701960206031799 -0.6337509751319885 1.3976500034332275 0.0 0.0 0.0 1.0
0.8512910008430481 0.37327998876571655 -0.3687349855899811 7.278388023376465 0.5202419757843018 -0.5091429948806763 0.6856539845466614 3.85575795173645 0.06820199638605118 -0.775521993637085 -0.6276249885559082 1.400771975517273 0.0 0.0 0.0 1.0
0.8434659838676453 0.3766309916973114 -0.38303300738334656 7.2812018394470215 0.5332040190696716 -0.5003759860992432 0.6821420192718506 3.849447011947632 0.06525500118732452 -0.7795979976654053 -0.6228709816932678 1.4039649963378906 0.0 0.0 0.0 1.0
0.8333560228347778 0.38008299469947815 -0.40131500363349915 7.290731906890869 0.5496129989624023 -0.49273499846458435 0.6746389865875244 3.845721960067749 0.05867699906229973 -0.7827829718589783 -0.6195229887962341 1.4080259799957275 0.0 0.0 0.0 1.0
0.8227519989013672 0.3936370015144348 -0.41003501415252686 7.275567054748535 0.5639200210571289 -0.47488901019096375 0.6756290197372437 3.8260319232940674 0.07123100012540817 -0.7871019840240479 -0.6126959919929504 1.4090509414672852 0.0 0.0 0.0 1.0
0.8146529793739319 0.3971959948539734 -0.4225820004940033 7.278210163116455 0.5758240222930908 -0.4672290086746216 0.6709129810333252 3.8190269470214844 0.06904099881649017 -0.7898939847946167 -0.6093440055847168 1.4121160507202148 0.0 0.0 0.0 1.0
0.8058639764785767 0.40044501423835754 -0.436149001121521 7.283259868621826 0.5883809924125671 -0.4591670036315918 0.6655629873275757 3.8123788833618164 0.06625699996948242 -0.7929750084877014 -0.6056410074234009 1.4116569757461548 0.0 0.0 0.0 1.0
0.7973740100860596 0.4056369960308075 -0.4468260109424591 7.286131858825684 0.5998439788818359 -0.45151299238204956 0.6605479717254639 3.80621600151062 0.06619500368833542 -0.7947289943695068 -0.6033440232276917 1.4157040119171143 0.0 0.0 0.0 1.0
0.7903710007667542 0.4070039987564087 -0.45788800716400146 7.2904372215271 0.6093360185623169 -0.4448870122432709 0.6563420295715332 3.8005530834198 0.06342600286006927 -0.7977619767189026 -0.5996279716491699 1.4163529872894287 0.0 0.0 0.0 1.0
0.7832710146903992 0.4096600115299225 -0.4676159918308258 7.292695999145508 0.6184989809989929 -0.4375140070915222 0.6527180075645447 3.793860912322998 0.06280399858951569 -0.800475001335144 -0.5960659980773926 1.4182820320129395 0.0 0.0 0.0 1.0
0.7760189771652222 0.41027799248695374 -0.4790259897708893 7.2970709800720215 0.6278989911079407 -0.4309380054473877 0.6481019854545593 3.7890310287475586 0.05947199836373329 -0.8037189841270447 -0.5920289754867554 1.4219549894332886 0.0 0.0 0.0 1.0
0.7693079710006714 0.41044700145721436 -0.48958998918533325 7.299769878387451 0.6363909840583801 -0.4247739911079407 0.6438729763031006 3.7823989391326904 0.056311000138521194 -0.8069080114364624 -0.5879870057106018 1.4241650104522705 0.0 0.0 0.0 1.0
0.761821985244751 0.4132550060749054 -0.49884599447250366 7.301106929779053 0.6454539895057678 -0.4189800024032593 0.6386269927024841 3.776068925857544 0.05490899831056595 -0.8085020184516907 -0.5859259963035583 1.4245729446411133 0.0 0.0 0.0 1.0
0.7545089721679688 0.41572800278663635 -0.5078250169754028 7.304081916809082 0.6541969776153564 -0.414685994386673 0.6325039863586426 3.7700788974761963 0.05236100032925606 -0.8094469904899597 -0.5848529934883118 1.4245389699935913 0.0 0.0 0.0 1.0
0.7440029978752136 0.4291419982910156 -0.5121480226516724 7.299801826477051 0.6652969717979431 -0.4047060012817383 0.6273699998855591 3.76249098777771 0.06196200102567673 -0.8074960112571716 -0.5866090059280396 1.4306989908218384 0.0 0.0 0.0 1.0
0.736735999584198 0.4345099925994873 -0.518094003200531 7.300327777862549 0.6731899976730347 -0.3993479907512665 0.6223639845848083 3.75632905960083 0.06352300196886063 -0.8072940111160278 -0.5867210030555725 1.4306390285491943 0.0 0.0 0.0 1.0
0.7222719788551331 0.44208401441574097 -0.5318689942359924 7.3054962158203125 0.6888880133628845 -0.3917190134525299 0.6099089980125427 3.74704909324646 0.06128799915313721 -0.8069189786911011 -0.58747398853302 1.4321279525756836 0.0 0.0 0.0 1.0
0.7154719829559326 0.44675400853157043 -0.537132978439331 7.3051371574401855 0.6958950161933899 -0.38760700821876526 0.6045590043067932 3.7406089305877686 0.061893001198768616 -0.806331992149353 -0.5882149934768677 1.433912992477417 0.0 0.0 0.0 1.0
0.7084879875183105 0.4496249854564667 -0.5439500212669373 7.306096076965332 0.7031369805335999 -0.3838120102882385 0.5985710024833679 3.736217975616455 0.06035799905657768 -0.806551992893219 -0.5880740284919739 1.4330339431762695 0.0 0.0 0.0 1.0
0.7009580135345459 0.4531550109386444 -0.5507339835166931 7.307538986206055 0.710644006729126 -0.3784320056438446 0.5931050181388855 3.7315330505371094 0.06035299971699715 -0.8071179986000061 -0.5872970223426819 1.4334399700164795 0.0 0.0 0.0 1.0
0.6945580244064331 0.45544201135635376 -0.5569210052490234 7.30803108215332 0.7170479893684387 -0.3752079904079437 0.5874189734458923 3.7267189025878906 0.058573998510837555 -0.8073359727859497 -0.5871779918670654 1.435081958770752 0.0 0.0 0.0 1.0
0.6883509755134583 0.4583359956741333 -0.5622280240058899 7.307621955871582 0.7230449914932251 -0.3714370131492615 0.5824429988861084 3.7218799591064453 0.058122001588344574 -0.8074420094490051 -0.5870770215988159 1.4346120357513428 0.0 0.0 0.0 1.0
0.6808210015296936 0.4620940089225769 -0.5682889819145203 7.309761047363281 0.7301769852638245 -0.36711201071739197 0.5762550234794617 3.71812105178833 0.05765800178050995 -0.8072779774665833 -0.5873479843139648 1.4356670379638672 0.0 0.0 0.0 1.0
0.6746540069580078 0.465813010931015 -0.5725910067558289 7.310276031494141 0.7358059883117676 -0.36284399032592773 0.5717819929122925 3.7137629985809326 0.05858299881219864 -0.8070700168609619 -0.5875419974327087 1.4353179931640625 0.0 0.0 0.0 1.0
0.6645860075950623 0.4708710014820099 -0.5801770091056824 7.319460868835449 0.7446539998054504 -0.35318198800086975 0.5663509964942932 3.7119929790496826 0.061769999563694 -0.8084200024604797 -0.5853559970855713 1.4302610158920288 0.0 0.0 0.0 1.0
0.6594669818878174 0.47603100538253784 -0.5818060040473938 7.316112995147705 0.7490100264549255 -0.3502649962902069 0.562404990196228 3.7066779136657715 0.06393600255250931 -0.8066660165786743 -0.5875399708747864 1.4340629577636719 0.0 0.0 0.0 1.0
0.6543999910354614 0.4776870012283325 -0.5861539840698242 7.317162036895752 0.7535309791564941 -0.3475250005722046 0.5580490231513977 3.7031140327453613 0.06287000328302383 -0.8068720102310181 -0.5873720049858093 1.4338380098342896 0.0 0.0 0.0 1.0
0.6496639847755432 0.4801900088787079 -0.5893679857254028 7.316571235656738 0.7576709985733032 -0.3455190062522888 0.5536710023880005 3.6994659900665283 0.06222999840974808 -0.8062469959259033 -0.5882970094680786 1.4343520402908325 0.0 0.0 0.0 1.0
0.6448500156402588 0.4828430116176605 -0.5924779772758484 7.317686080932617 0.7618560194969177 -0.3440150022506714 0.5488430261611938 3.696392059326172 0.061184000223875046 -0.805305004119873 -0.5896949768066406 1.4342230558395386 0.0 0.0 0.0 1.0
0.640608012676239 0.4837459921836853 -0.596331000328064 7.318812847137451 0.7656239867210388 -0.34307798743247986 0.5441660284996033 3.6943299770355225 0.058649998158216476 -0.8051630258560181 -0.5901470184326172 1.4348599910736084 0.0 0.0 0.0 1.0
0.636309027671814 0.4842570126056671 -0.6005039811134338 7.3207011222839355 0.7693920135498047 -0.3417870104312897 0.5396450161933899 3.6918179988861084 0.05608300119638443 -0.8054050207138062 -0.5900660157203674 1.4340280294418335 0.0 0.0 0.0 1.0
0.6324650049209595 0.48667699098587036 -0.6026049852371216 7.320559024810791 0.7724530100822449 -0.33855000138282776 0.5373079776763916 3.687347888946533 0.05748400092124939 -0.805312991142273 -0.5900560021400452 1.4313499927520752 0.0 0.0 0.0 1.0
0.6287320256233215 0.4914259910583496 -0.6026579737663269 7.319293975830078 0.7752630114555359 -0.3357990086078644 0.5349829792976379 3.68414306640625 0.06053199991583824 -0.8035789728164673 -0.5921120047569275 1.4296460151672363 0.0 0.0 0.0 1.0
0.624330997467041 0.4941520094871521 -0.6050000190734863 7.321924209594727 0.7789509892463684 -0.3356179893016815 0.5297139883041382 3.6837210655212402 0.0587100014090538 -0.8019819855690002 -0.5944560170173645 1.431056022644043 0.0 0.0 0.0 1.0
0.620415985584259 0.4985330104827881 -0.6054329872131348 7.320634841918945 0.7815939784049988 -0.3292739987373352 0.5298010110855103 3.6782660484313965 0.06476999819278717 -0.8019000291824341 -0.5939369797706604 1.4287539720535278 0.0 0.0 0.0 1.0
0.6169779896736145 0.5013200044631958 -0.60664302110672 7.317611217498779 0.7841709852218628 -0.3265500068664551 0.527675986289978 3.674715042114258 0.06643500179052353 -0.8012769818305969 -0.5945940017700195 1.4306459426879883 0.0 0.0 0.0 1.0
0.6117299795150757 0.5021499991416931 -0.6112539768218994 7.320043087005615 0.7883710265159607 -0.3232550024986267 0.5234289765357971 3.673245906829834 0.065249003469944 -0.8020920157432556 -0.5936260223388672 1.4319089651107788 0.0 0.0 0.0 1.0
0.6067289710044861 0.503570020198822 -0.6150580048561096 7.318729877471924 0.7921929955482483 -0.3191480040550232 0.5201680064201355 3.6686348915100098 0.06564699858427048 -0.8028460144996643 -0.5925610065460205 1.4319360256195068 0.0 0.0 0.0 1.0
0.600737988948822 0.5057960152626038 -0.6190999746322632 7.319362163543701 0.7967849969863892 -0.3156780004501343 0.5152490139007568 3.665519952774048 0.06517399847507477 -0.802819013595581 -0.5926499962806702 1.4320199489593506 0.0 0.0 0.0 1.0
0.594344973564148 0.5093089938163757 -0.6223819851875305 7.31915283203125 0.8014829754829407 -0.3114370107650757 0.5105220079421997 3.6622729301452637 0.06617999821901321 -0.8022540211677551 -0.5933030247688293 1.4320249557495117 0.0 0.0 0.0 1.0
0.5872470140457153 0.5137569904327393 -0.6254559755325317 7.31951904296875 0.80656498670578 -0.3067280054092407 0.5053420066833496 3.6593129634857178 0.06777799874544144 -0.8012310266494751 -0.5945039987564087 1.4325389862060547 0.0 0.0 0.0 1.0
0.5806729793548584 0.5154290199279785 -0.6301990151405334 7.319806098937988 0.8113620281219482 -0.3025200068950653 0.5001729726791382 3.6549110412597656 0.06715600192546844 -0.8017569780349731 -0.5938649773597717 1.4310740232467651 0.0 0.0 0.0 1.0
0.5718740224838257 0.5179809927940369 -0.6361250281333923 7.319064140319824 0.81768399477005 -0.29756098985671997 0.49279800057411194 3.6504390239715576 0.06597399711608887 -0.801967978477478 -0.5937129855155945 1.4324829578399658 0.0 0.0 0.0 1.0
0.5619570016860962 0.5211769938468933 -0.6423230171203613 7.318893909454346 0.8247060179710388 -0.29316699504852295 0.4836460053920746 3.6464459896087646 0.06375700235366821 -0.8015159964561462 -0.5945649743080139 1.4327319860458374 0.0 0.0 0.0 1.0
0.5516669750213623 0.5265949964523315 -0.6468080282211304 7.316883087158203 0.8315619826316833 -0.28722700476646423 0.47540000081062317 3.6428229808807373 0.06456299871206284 -0.8001239895820618 -0.5963500142097473 1.4360560178756714 0.0 0.0 0.0 1.0
0.5438560247421265 0.530368983745575 -0.6503300070762634 7.310200214385986 0.8367440104484558 -0.283735990524292 0.46835198998451233 3.6347270011901855 0.06387700140476227 -0.7988759875297546 -0.5980949997901917 1.4409250020980835 0.0 0.0 0.0 1.0
0.5325800180435181 0.5326439738273621 -0.6577609777450562 7.309587001800537 0.8442000150680542 -0.27856001257896423 0.4579640030860901 3.6325230598449707 0.0607060007750988 -0.7991840243339539 -0.5980139970779419 1.441701054573059 0.0 0.0 0.0 1.0
0.5207239985466003 0.5371459722518921 -0.663565993309021 7.308032989501953 0.8515660166740417 -0.2715590000152588 0.44843098521232605 3.627645969390869 0.06067600101232529 -0.7985799908638 -0.5988230109214783 1.441359043121338 0.0 0.0 0.0 1.0
0.5091320276260376 0.5415499806404114 -0.6689609885215759 7.305822849273682 0.8586770296096802 -0.26648300886154175 0.43779098987579346 3.6217660903930664 0.0588189996778965 -0.7973150014877319 -0.600691020488739 1.4411959648132324 0.0 0.0 0.0 1.0
0.4967069923877716 0.5480579733848572 -0.672989010810852 7.302434921264648 0.8659070134162903 -0.2601790130138397 0.42721399664878845 3.6154870986938477 0.05904100090265274 -0.794946014881134 -0.6037999987602234 1.4435540437698364 0.0 0.0 0.0 1.0
0.48268699645996094 0.5537649989128113 -0.6784970164299011 7.299663066864014 0.8738909959793091 -0.2535179853439331 0.41478100419044495 3.614130973815918 0.057679999619722366 -0.7931420207023621 -0.6062999963760376 1.446084976196289 0.0 0.0 0.0 1.0
0.46937599778175354 0.5564990043640137 -0.685562014579773 7.297735214233398 0.8812239766120911 -0.24603299796581268 0.4036239981651306 3.6095829010009766 0.055945999920368195 -0.7935850024223328 -0.6058819890022278 1.4443379640579224 0.0 0.0 0.0 1.0
0.4539969861507416 0.560247004032135 -0.6928269863128662 7.2959699630737305 0.8895099759101868 -0.23998700082302094 0.3888170123100281 3.6066009998321533 0.05156400054693222 -0.7927979826927185 -0.6072989702224731 1.446423053741455 0.0 0.0 0.0 1.0
0.43873900175094604 0.5638309717178345 -0.6997159719467163 7.292097091674805 0.8973439931869507 -0.23350800573825836 0.3744960129261017 3.601893901824951 0.047763001173734665 -0.7921919822692871 -0.6083999872207642 1.4487049579620361 0.0 0.0 0.0 1.0
0.42480599880218506 0.5608919858932495 -0.7105910181999207 7.294270992279053 0.9039850234985352 -0.22078700363636017 0.3661470115184784 3.5940380096435547 0.04848000034689903 -0.7979059815406799 -0.6008300185203552 1.4389450550079346 0.0 0.0 0.0 1.0
0.41239601373672485 0.5629000067710876 -0.7162910103797913 7.289305210113525 0.9097449779510498 -0.21312199532985687 0.3562920093536377 3.5874509811401367 0.047899000346660614 -0.7985749840736389 -0.5999860167503357 1.4382619857788086 0.0 0.0 0.0 1.0
0.4013639986515045 0.5672780275344849 -0.7190989851951599 7.281786918640137 0.9145529866218567 -0.20536400377750397 0.3484500050544739 3.579258918762207 0.049991000443696976 -0.7975090146064758 -0.6012319922447205 1.4404850006103516 0.0 0.0 0.0 1.0
0.3894129991531372 0.5704579949378967 -0.7231420278549194 7.275561809539795 0.9197229743003845 -0.19848699867725372 0.3386929929256439 3.574676990509033 0.04967600107192993 -0.7969819903373718 -0.6019570231437683 1.4431129693984985 0.0 0.0 0.0 1.0
0.37683001160621643 0.5698490142822266 -0.7302539944648743 7.270891189575195 0.9249939918518066 -0.18993499875068665 0.32910698652267456 3.5679759979248047 0.048840999603271484 -0.7994980216026306 -0.5986800193786621 1.4414260387420654 0.0 0.0 0.0 1.0
0.36445701122283936 0.5704990029335022 -0.7360039949417114 7.263476848602295 0.9299950003623962 -0.18246300518512726 0.3190869987010956 3.5592589378356934 0.0477450005710125 -0.8007739782333374 -0.5970609784126282 1.4440670013427734 0.0 0.0 0.0 1.0
0.348581999540329 0.5726709961891174 -0.7419819831848145 7.259654998779297 0.9360020160675049 -0.17139099538326263 0.3074510097503662 3.557018995285034 0.048900000751018524 -0.8016690015792847 -0.5957649946212769 1.4474350214004517 0.0 0.0 0.0 1.0
0.33615100383758545 0.5735689997673035 -0.7470080256462097 7.254392147064209 0.9404789805412292 -0.1623149961233139 0.2985840141773224 3.5496509075164795 0.05000799894332886 -0.8029149770736694 -0.5939919948577881 1.4493800401687622 0.0 0.0 0.0 1.0
0.3229160010814667 0.5749250054359436 -0.7517889738082886 7.250237941741943 0.9449620246887207 -0.1516689956188202 0.289902001619339 3.545219898223877 0.05264899879693985 -0.8040260076522827 -0.5922589898109436 1.4491419792175293 0.0 0.0 0.0 1.0
0.31001800298690796 0.5779209733009338 -0.7549149990081787 7.243742942810059 0.9491400122642517 -0.14222200214862823 0.28090301156044006 3.540837049484253 0.05497400090098381 -0.8036050200462341 -0.592619001865387 1.4519939422607422 0.0 0.0 0.0 1.0
0.29398900270462036 0.5786610245704651 -0.7607380151748657 7.244339942932129 0.9542099833488464 -0.13166899979114532 0.2686010003089905 3.544950008392334 0.05526300147175789 -0.8048689961433411 -0.5908730030059814 1.4520260095596313 0.0 0.0 0.0 1.0
0.27925100922584534 0.5787460207939148 -0.7662060260772705 7.241322040557861 0.9586300253868103 -0.1221579983830452 0.2571110129356384 3.5429999828338623 0.05520299822092056 -0.8063070178031921 -0.588916003704071 1.4521880149841309 0.0 0.0 0.0 1.0
0.2644819915294647 0.5814039707183838 -0.7694270014762878 7.235641002655029 0.9626100063323975 -0.11068899929523468 0.24724599719047546 3.5381019115448 0.05858200043439865 -0.8060500025749207 -0.5889409780502319 1.4569209814071655 0.0 0.0 0.0 1.0
0.25184500217437744 0.5810480117797852 -0.7739229798316956 7.231042861938477 0.9657419919967651 -0.09918300062417984 0.23980100452899933 3.5316081047058105 0.06257499754428864 -0.8078029751777649 -0.5861219763755798 1.4563870429992676 0.0 0.0 0.0 1.0
0.23866499960422516 0.5818759799003601 -0.7774699926376343 7.227198123931885 0.9689919948577881 -0.08994700014591217 0.23014000058174133 3.528949022293091 0.06398200243711472 -0.8082879781723022 -0.5853000283241272 1.4602110385894775 0.0 0.0 0.0 1.0
0.22758500277996063 0.5824480056762695 -0.7803580164909363 7.220375061035156 0.9715030193328857 -0.0813010036945343 0.2226489931344986 3.5239241123199463 0.06623800098896027 -0.808791995048523 -0.5843530297279358 1.4622130393981934 0.0 0.0 0.0 1.0
0.2195039987564087 0.5818589925765991 -0.7831079959869385 7.213957786560059 0.9734569787979126 -0.07731500267982483 0.21541300415992737 3.5181219577789307 0.06479399651288986 -0.8096060156822205 -0.5833860039710999 1.4656909704208374 0.0 0.0 0.0 1.0
0.20959199965000153 0.5806260108947754 -0.7867299914360046 7.2087178230285645 0.9754819869995117 -0.06892900168895721 0.20900599658489227 3.5132389068603516 0.06712599843740463 -0.8112469911575317 -0.5808370113372803 1.4669339656829834 0.0 0.0 0.0 1.0
0.20214000344276428 0.5796939730644226 -0.7893630266189575 7.201066017150879 0.9770529866218567 -0.06411799788475037 0.2031169980764389 3.5044519901275635 0.06713300198316574 -0.8123080134391785 -0.5793529748916626 1.4697699546813965 0.0 0.0 0.0 1.0
0.19253799319267273 0.5776569843292236 -0.7932479977607727 7.197050094604492 0.9791420102119446 -0.059640999883413315 0.19422699511051178 3.4993810653686523 0.06488599628210068 -0.8140980005264282 -0.5770909786224365 1.4712120294570923 0.0 0.0 0.0 1.0
0.17527399957180023 0.5768259763717651 -0.7978410124778748 7.1958231925964355 0.9824439883232117 -0.04988599941134453 0.17976200580596924 3.5052499771118164 0.0638900026679039 -0.8153420090675354 -0.5754430294036865 1.471858024597168 0.0 0.0 0.0 1.0
0.16486899554729462 0.5769690275192261 -0.7999529838562012 7.190266132354736 0.9841110110282898 -0.042027998715639114 0.17250999808311462 3.4964630603790283 0.06591200083494186 -0.8156840205192566 -0.5747309923171997 1.4743369817733765 0.0 0.0 0.0 1.0
0.15318900346755981 0.5767229795455933 -0.8024479746818542 7.188141822814941 0.9858629703521729 -0.03342299908399582 0.16418300569057465 3.491750955581665 0.06786800175905228 -0.8162559866905212 -0.5736899971961975 1.4732530117034912 0.0 0.0 0.0 1.0
0.14384299516677856 0.5787649750709534 -0.8027080297470093 7.180523872375488 0.987076997756958 -0.026024000719189644 0.15811899304389954 3.484153985977173 0.07062400132417679 -0.8150789737701416 -0.5750290155410767 1.4750499725341797 0.0 0.0 0.0 1.0
0.13313600420951843 0.5800120234489441 -0.8036550283432007 7.175014972686768 0.9885290265083313 -0.019370000809431076 0.14978300034999847 3.479343891143799 0.07130900025367737 -0.814378023147583 -0.5759369730949402 1.4785640239715576 0.0 0.0 0.0 1.0
0.12347199767827988 0.5801740288734436 -0.8050789833068848 7.168683052062988 0.9898920059204102 -0.01496999990195036 0.1410290002822876 3.472886085510254 0.0697690024971962 -0.8143550157546997 -0.5761590003967285 1.4797320365905762 0.0 0.0 0.0 1.0
0.11241400241851807 0.5807669758796692 -0.8062710165977478 7.163112163543701 0.9915109872817993 -0.012210000306367874 0.12944599986076355 3.4682960510253906 0.06533399969339371 -0.8139780163764954 -0.5772089958190918 1.483132004737854 0.0 0.0 0.0 1.0
0.1029609963297844 0.5811960101127625 -0.8072239756584167 7.151456832885742 0.9927589893341064 -0.009565000422298908 0.11973900347948074 3.4592549800872803 0.06187000125646591 -0.8137080073356628 -0.5779719948768616 1.49241304397583 0.0 0.0 0.0 1.0
0.09379500150680542 0.5724350214004517 -0.8145679831504822 7.150530815124512 0.9938030242919922 -0.004807999823242426 0.11105500161647797 3.4531280994415283 0.059654999524354935 -0.8199359774589539 -0.5693380236625671 1.493607997894287 0.0 0.0 0.0 1.0
0.08444900065660477 0.5630980134010315 -0.8220630288124084 7.1528639793396 0.9947609901428223 5.8000001445179805e-05 0.1022299975156784 3.4516220092773438 0.05761300027370453 -0.8263900279998779 -0.560142993927002 1.4907399415969849 0.0 0.0 0.0 1.0
0.0710349977016449 0.5612339973449707 -0.8246030211448669 7.154676914215088 0.9961609840393066 0.002481000032275915 0.08750200271606445 3.461232900619507 0.05115500092506409 -0.8276529908180237 -0.5589029788970947 1.4879939556121826 0.0 0.0 0.0 1.0
0.06277699768543243 0.5618159770965576 -0.8248770236968994 7.1517720222473145 0.9966639876365662 0.00790799967944622 0.08123700320720673 3.457629919052124 0.052163999527692795 -0.8272250294685364 -0.5594450235366821 1.4884229898452759 0.0 0.0 0.0 1.0
0.052542999386787415 0.5603979825973511 -0.8265550136566162 7.145892143249512 0.9973120093345642 0.012884999625384808 0.07213500142097473 3.452821969985962 0.05107500031590462 -0.8281229734420776 -0.5582150220870972 1.495000958442688 0.0 0.0 0.0 1.0
0.03982499986886978 0.5540519952774048 -0.8315290212631226 7.1439900398254395 0.9980090260505676 0.01867399923503399 0.06024099886417389 3.4490160942077637 0.04890500009059906 -0.8322719931602478 -0.5522059798240662 1.4973499774932861 0.0 0.0 0.0 1.0
0.027414999902248383 0.5473650097846985 -0.8364449739456177 7.14491605758667 0.9985269904136658 0.02419699914753437 0.048562001436948776 3.443380117416382 0.046820998191833496 -0.8365439772605896 -0.545894980430603 1.4979170560836792 0.0 0.0 0.0 1.0
0.01107299979776144 0.5418949723243713 -0.8403729796409607 7.148951053619385 0.99897700548172 0.030849000439047813 0.03305500000715256 3.4443180561065674 0.04383699968457222 -0.8398799896240234 -0.5410000085830688 1.4974080324172974 0.0 0.0 0.0 1.0
-0.0038139999378472567 0.5399109721183777 -0.8417140245437622 7.150626182556152 0.9990839958190918 0.037932999432086945 0.019804999232292175 3.4433629512786865 0.04262100160121918 -0.8408669829368591 -0.5395609736442566 1.4976869821548462 0.0 0.0 0.0 1.0
-0.019523000344634056 0.5396379828453064 -0.8416709899902344 7.149106979370117 0.9988719820976257 0.046973999589681625 0.006947999820113182 3.440709114074707 0.043285999447107315 -0.8405860066413879 -0.5399460196495056 1.5032559633255005 0.0 0.0 0.0 1.0
-0.03915400058031082 0.533972978591919 -0.8445940017700195 7.152394771575928 0.9982089996337891 0.059154998511075974 -0.008875999599695206 3.4405839443206787 0.045221999287605286 -0.8434290289878845 -0.535332977771759 1.5044209957122803 0.0 0.0 0.0 1.0
-0.05950399860739708 0.5282809734344482 -0.8469820022583008 7.1569647789001465 0.9971510171890259 0.07086200267076492 -0.025855999439954758 3.441046953201294 0.046358998864889145 -0.846107006072998 -0.5309919714927673 1.5043940544128418 0.0 0.0 0.0 1.0
-0.08498500287532806 0.5223770141601562 -0.8484690189361572 7.172722816467285 0.9953969717025757 0.08237499743700027 -0.04898599907755852 3.453080892562866 0.04430399835109711 -0.8487269878387451 -0.5269730091094971 1.5057439804077148 0.0 0.0 0.0 1.0
-0.10927999764680862 0.516864001750946 -0.8490639925003052 7.1790242195129395 0.9929659962654114 0.09591799974441528 -0.069412000477314 3.454400062561035 0.04556399956345558 -0.8506770133972168 -0.5237110257148743 1.5046850442886353 0.0 0.0 0.0 1.0
-0.13589100539684296 0.5118650197982788 -0.8482490181922913 7.185294151306152 0.9895190000534058 0.11233200132846832 -0.09073799848556519 3.453705072402954 0.0488400012254715 -0.8516899943351746 -0.5217660069465637 1.5060319900512695 0.0 0.0 0.0 1.0
-0.1633249968290329 0.5069130063056946 -0.8463829755783081 7.19769287109375 0.9853379726409912 0.12672199308872223 -0.11424200236797333 3.4602138996124268 0.04934399947524071 -0.8526309728622437 -0.5201770067214966 1.4990609884262085 0.0 0.0 0.0 1.0
-0.18813000619411469 0.5092030167579651 -0.8398320078849792 7.205883026123047 0.9808059930801392 0.14202700555324554 -0.1335960030555725 3.4631760120391846 0.05125100165605545 -0.8488460183143616 -0.5261489748954773 1.497596025466919 0.0 0.0 0.0 1.0
-0.21240299940109253 0.5118510127067566 -0.8324019908905029 7.2102179527282715 0.9756669998168945 0.1584949940443039 -0.15150000154972076 3.462646007537842 0.05438600108027458 -0.8443269729614258 -0.5330610275268555 1.5027159452438354 0.0 0.0 0.0 1.0
-0.23816199600696564 0.5058959722518921 -0.8290650248527527 7.219277858734131 0.9695640206336975 0.17375999689102173 -0.17249399423599243 3.465709924697876 0.056793998926877975 -0.8449119925498962 -0.5318809747695923 1.5029699802398682 0.0 0.0 0.0 1.0
-0.26201000809669495 0.49965301156044006 -0.8256499767303467 7.230582237243652 0.9632729887962341 0.1875070035457611 -0.19221100211143494 3.4716110229492188 0.058775998651981354 -0.845687985420227 -0.5304309725761414 1.5013010501861572 0.0 0.0 0.0 1.0
-0.28210800886154175 0.49673599004745483 -0.8207719922065735 7.244059085845947 0.9572470188140869 0.20278699696063995 -0.20628799498081207 3.4765400886535645 0.06397099792957306 -0.8438779711723328 -0.5327079892158508 1.498540997505188 0.0 0.0 0.0 1.0
-0.30286499857902527 0.4981130063533783 -0.8124989867210388 7.2505669593811035 0.9505339860916138 0.2195899933576584 -0.21969600021839142 3.484239101409912 0.06898300349712372 -0.8388460278511047 -0.5399799942970276 1.4967689514160156 0.0 0.0 0.0 1.0
-0.3439429998397827 0.49286800622940063 -0.799239993095398 7.254811763763428 0.9365220069885254 0.24174299836158752 -0.2539440095424652 3.5334420204162598 0.06804999709129333 -0.8358479738235474 -0.5447270274162292 1.4869329929351807 0.0 0.0 0.0 1.0
-0.35874301195144653 0.49560099840164185 -0.79100102186203 7.2626190185546875 0.930279016494751 0.25947099924087524 -0.25933799147605896 3.5349040031433105 0.07671400159597397 -0.8288879990577698 -0.5541300177574158 1.4891530275344849 0.0 0.0 0.0 1.0
-0.37560200691223145 0.4937640130519867 -0.7842959761619568 7.270080089569092 0.9232050180435181 0.27360600233078003 -0.2698729932308197 3.5392038822174072 0.08133400231599808 -0.8254309892654419 -0.5586130023002625 1.488800048828125 0.0 0.0 0.0 1.0
-0.3919450044631958 0.48777899146080017 -0.7800329923629761 7.2810821533203125 0.9161229729652405 0.2845799922943115 -0.2823689877986908 3.542357921600342 0.08424799889326096 -0.8252789974212646 -0.5584049820899963 1.4868500232696533 0.0 0.0 0.0 1.0
-0.40936699509620667 0.4817749857902527 -0.7747979760169983 7.291006088256836 0.9084849953651428 0.2935270071029663 -0.29748401045799255 3.5500409603118896 0.08410400152206421 -0.8256719708442688 -0.5578449964523315 1.485867977142334 0.0 0.0 0.0 1.0
-0.4246329963207245 0.47655799984931946 -0.7697920203208923 7.29980993270874 0.9014019966125488 0.30200499296188354 -0.31026899814605713 3.5529069900512695 0.08461999893188477 -0.8256419897079468 -0.557811975479126 1.4869029521942139 0.0 0.0 0.0 1.0
-0.4402399957180023 0.46999698877334595 -0.7650430202484131 7.308298110961914 0.8937399983406067 0.31111401319503784 -0.32316699624061584 3.5592410564422607 0.08612799644470215 -0.8260210156440735 -0.5570200085639954 1.489719033241272 0.0 0.0 0.0 1.0
-0.45423099398612976 0.46316999197006226 -0.7610170245170593 7.317760944366455 0.8865749835968018 0.3189209997653961 -0.33507201075553894 3.567326068878174 0.08750899881124496 -0.826898992061615 -0.5554990172386169 1.487962007522583 0.0 0.0 0.0 1.0
-0.4669730067253113 0.4586310088634491 -0.7560380101203918 7.324648857116699 0.8796820044517517 0.32793399691581726 -0.3444100022315979 3.570812940597534 0.08997400104999542 -0.8259040117263794 -0.5565860271453857 1.4895449876785278 0.0 0.0 0.0 1.0
-0.47896599769592285 0.4519129991531372 -0.7525730133056641 7.33416223526001 0.872979998588562 0.3352389931678772 -0.3542900085449219 3.5746560096740723 0.09218399971723557 -0.8266739845275879 -0.5550789833068848 1.4893139600753784 0.0 0.0 0.0 1.0
-0.5160390138626099 0.4282500147819519 -0.7418259978294373 7.322107791900635 0.8514990210533142 0.3505289852619171 -0.3899739980697632 3.632158041000366 0.09302499890327454 -0.8329060077667236 -0.5455399751663208 1.4725079536437988 0.0 0.0 0.0 1.0
-0.5267900228500366 0.4252749979496002 -0.7359579801559448 7.328901767730713 0.8445389866828918 0.359824001789093 -0.39658600091934204 3.6315860748291016 0.0961569994688034 -0.8304629921913147 -0.5487130284309387 1.4776170253753662 0.0 0.0 0.0 1.0
-0.5384550094604492 0.4192480146884918 -0.7309560179710388 7.333639144897461 0.8370350003242493 0.36612099409103394 -0.40660399198532104 3.635840892791748 0.09715099632740021 -0.8307740092277527 -0.5480650067329407 1.4801510572433472 0.0 0.0 0.0 1.0
-0.5472139716148376 0.41309601068496704 -0.727948009967804 7.344407081604004 0.8315590023994446 0.3672659993171692 -0.41668400168418884 3.6379380226135254 0.09521999955177307 -0.8333470225334167 -0.5444869995117188 1.4798059463500977 0.0 0.0 0.0 1.0
-0.5604040026664734 0.4059959948062897 -0.7218819856643677 7.351322174072266 0.8230410218238831 0.3703089952468872 -0.4306670129299164 3.6458349227905273 0.09246999770402908 -0.8354870080947876 -0.5416749715805054 1.477228045463562 0.0 0.0 0.0 1.0
-0.5699719786643982 0.4049929976463318 -0.7149220108985901 7.358066082000732 0.8168380260467529 0.37345001101493835 -0.43966999650001526 3.6451950073242188 0.08892399817705154 -0.8345749974250793 -0.5436699986457825 1.4814070463180542 0.0 0.0 0.0 1.0
-0.5815989971160889 0.4002990126609802 -0.7081689834594727 7.366898059844971 0.8089519739151001 0.37628400325775146 -0.4516710042953491 3.6471240520477295 0.08567000180482864 -0.835565984249115 -0.5426689982414246 1.4824910163879395 0.0 0.0 0.0 1.0
-0.593297004699707 0.3970339894294739 -0.7002589702606201 7.3725152015686035 0.800819993019104 0.3794710040092468 -0.4633449912071228 3.647697925567627 0.08176399767398834 -0.8356829881668091 -0.5430920124053955 1.482725977897644 0.0 0.0 0.0 1.0
-0.6065790057182312 0.3932180106639862 -0.6909719705581665 7.376126766204834 0.791022002696991 0.38558900356292725 -0.4749779999256134 3.6502230167388916 0.07966099679470062 -0.8346859812736511 -0.5449349880218506 1.483590006828308 0.0 0.0 0.0 1.0
-0.6174719929695129 0.38790398836135864 -0.6842949986457825 7.3816070556640625 0.7826259732246399 0.39022698998451233 -0.48499399423599243 3.649712085723877 0.07889900356531143 -0.8350170254707336 -0.5445380210876465 1.4855539798736572 0.0 0.0 0.0 1.0
-0.6284679770469666 0.3739059865474701 -0.6820719838142395 7.3876261711120605 0.7735959887504578 0.3918890058994293 -0.49796798825263977 3.6567070484161377 0.08110299706459045 -0.8406050205230713 -0.5355420112609863 1.4759509563446045 0.0 0.0 0.0 1.0
-0.6388339996337891 0.3686569929122925 -0.6752650141716003 7.390562057495117 0.7653859853744507 0.3934679925441742 -0.5092809796333313 3.65527606010437 0.07794500142335892 -0.8421840071678162 -0.5335260033607483 1.4790159463882446 0.0 0.0 0.0 1.0
-0.648281991481781 0.36486101150512695 -0.6682869791984558 7.397675037384033 0.7577139735221863 0.39541101455688477 -0.5191529989242554 3.6560189723968506 0.07482899725437164 -0.8429279923439026 -0.5327979922294617 1.479673981666565 0.0 0.0 0.0 1.0
-0.6574239730834961 0.3627220094203949 -0.6604740023612976 7.4006500244140625 0.7500079870223999 0.39952901005744934 -0.5271289944648743 3.6550159454345703 0.07267700135707855 -0.8419079780578613 -0.5347049832344055 1.4803290367126465 0.0 0.0 0.0 1.0
-0.6686220169067383 0.3585300147533417 -0.6514599919319153 7.402696132659912 0.740077018737793 0.4060649871826172 -0.5360950231552124 3.6558289527893066 0.07232899963855743 -0.8405759930610657 -0.53684401512146 1.4812500476837158 0.0 0.0 0.0 1.0
-0.6783000230789185 0.35464000701904297 -0.6435369849205017 7.406342029571533 0.7313730120658875 0.4101699888706207 -0.5448439717292786 3.6552610397338867 0.07073599845170975 -0.8402330279350281 -0.5375919938087463 1.4817179441452026 0.0 0.0 0.0 1.0
-0.6888350248336792 0.35005098581314087 -0.6347990036010742 7.41162109375 0.7214990258216858 0.4160059988498688 -0.5535140037536621 3.654405117034912 0.07032199949026108 -0.8392879962921143 -0.5391209721565247 1.483883023262024 0.0 0.0 0.0 1.0
-0.6994140148162842 0.3462980091571808 -0.6252179741859436 7.417017936706543 0.7114289999008179 0.4211379885673523 -0.5625939965248108 3.654388904571533 0.06847800314426422 -0.8382840156555176 -0.5409160256385803 1.4833099842071533 0.0 0.0 0.0 1.0
-0.7122740149497986 0.3419620096683502 -0.6129670143127441 7.41947078704834 0.6987050175666809 0.4286920130252838 -0.5727440118789673 3.6545960903167725 0.06691700220108032 -0.8362330198287964 -0.5442759990692139 1.4845969676971436 0.0 0.0 0.0 1.0
-0.7233499884605408 0.33845099806785583 -0.6018440127372742 7.420145034790039 0.6875150203704834 0.4337489902973175 -0.5823950171470642 3.6518731117248535 0.06393600255250931 -0.8350520133972168 -0.546442985534668 1.4866739511489868 0.0 0.0 0.0 1.0
-0.7305650115013123 0.3297860026359558 -0.5979269742965698 7.426558017730713 0.680118978023529 0.4295780062675476 -0.5940549969673157 3.651844024658203 0.06094500049948692 -0.8406569957733154 -0.5381280183792114 1.472870945930481 0.0 0.0 0.0 1.0
-0.7404339909553528 0.3238919973373413 -0.5889409780502319 7.428671836853027 0.6694859862327576 0.4330340027809143 -0.603547990322113 3.6484880447387695 0.059546999633312225 -0.8411750197410583 -0.5374749898910522 1.477180004119873 0.0 0.0 0.0 1.0
-0.7488489747047424 0.32005900144577026 -0.5803340077400208 7.4305830001831055 0.660178005695343 0.43717798590660095 -0.6107699871063232 3.6440470218658447 0.05822699889540672 -0.8404979705810547 -0.5386760234832764 1.4809550046920776 0.0 0.0 0.0 1.0
-0.7570649981498718 0.3172459900379181 -0.5711460113525391 7.431305885314941 0.6510310173034668 0.4397450089454651 -0.6186950206756592 3.6412620544433594 0.05488099902868271 -0.8402259945869446 -0.5394520163536072 1.4826090335845947 0.0 0.0 0.0 1.0
-0.7654860019683838 0.3127779960632324 -0.5623170137405396 7.431424140930176 0.6413570046424866 0.44135600328445435 -0.6275870203971863 3.6389389038085938 0.05188700184226036 -0.8410559892654419 -0.5384550094604492 1.4817609786987305 0.0 0.0 0.0 1.0
-0.7740749716758728 0.30735498666763306 -0.5534809827804565 7.431952953338623 0.6310700178146362 0.4444510042667389 -0.63577800989151 3.6356139183044434 0.050586000084877014 -0.8414250016212463 -0.5380010008811951 1.4825290441513062 0.0 0.0 0.0 1.0
-0.7820640206336975 0.3025070130825043 -0.5448529720306396 7.433101177215576 0.6212909817695618 0.4468030035495758 -0.6437119841575623 3.631380081176758 0.04871400073170662 -0.8419359922409058 -0.5373730063438416 1.4840960502624512 0.0 0.0 0.0 1.0
-0.7910550236701965 0.2960500121116638 -0.5353379845619202 7.434185981750488 0.6098899841308594 0.4497720003128052 -0.6524869799613953 3.627289056777954 0.04761099815368652 -0.8426499962806702 -0.5363529920578003 1.4857900142669678 0.0 0.0 0.0 1.0
-0.8002880215644836 0.29051101207733154 -0.5245400071144104 7.433643817901611 0.5978990197181702 0.4527769982814789 -0.6614450216293335 3.6246750354766846 0.04534199833869934 -0.8429690003395081 -0.5360479950904846 1.486232042312622 0.0 0.0 0.0 1.0
-0.8088330030441284 0.284078985452652 -0.5148670077323914 7.431549072265625 0.5863320231437683 0.4562689960002899 -0.6693530082702637 3.6194679737091064 0.04476900026202202 -0.8432779908180237 -0.535610020160675 1.4871139526367188 0.0 0.0 0.0 1.0
-0.8107450008392334 0.2799839973449707 -0.5141040086746216 7.43992280960083 0.5838639736175537 0.4503229856491089 -0.675508975982666 3.6172521114349365 0.04238099977374077 -0.8478320240974426 -0.5285689830780029 1.47440505027771 0.0 0.0 0.0 1.0
-0.8173969984054565 0.2752000093460083 -0.506089985370636 7.438899993896484 0.5744739770889282 0.45484599471092224 -0.6805109977722168 3.6102640628814697 0.04291699826717377 -0.846983015537262 -0.5298849940299988 1.4764180183410645 0.0 0.0 0.0 1.0
-0.8231599926948547 0.2706240117549896 -0.4991700053215027 7.438354015350342 0.5662029981613159 0.4573119878768921 -0.6857699751853943 3.6041500568389893 0.04269000142812729 -0.8471300005912781 -0.5296689867973328 1.4772670269012451 0.0 0.0 0.0 1.0
-0.8288149833679199 0.2658880054950714 -0.4923110008239746 7.435472011566162 0.5578740239143372 0.4602090120315552 -0.6906409859657288 3.596743106842041 0.04293299838900566 -0.8470600247383118 -0.5297600030899048 1.4785219430923462 0.0 0.0 0.0 1.0
-0.8338930010795593 0.26107099652290344 -0.4862770140171051 7.431820869445801 0.550258994102478 0.4616999924182892 -0.6957359910011292 3.589066982269287 0.04287699982523918 -0.8477470278739929 -0.5286650061607361 1.4787460565567017 0.0 0.0 0.0 1.0
-0.8378409743309021 0.2572939991950989 -0.4814800024032593 7.42982816696167 0.5442799925804138 0.46190500259399414 -0.7002890110015869 3.5809929370880127 0.04221799969673157 -0.8487899899482727 -0.5270419716835022 1.4800950288772583 0.0 0.0 0.0 1.0
-0.8418710231781006 0.2534480094909668 -0.4764629900455475 7.425714015960693 0.5381100177764893 0.46147099137306213 -0.7053239941596985 3.572650909423828 0.04111099988222122 -0.8501819968223572 -0.5248820185661316 1.481091022491455 0.0 0.0 0.0 1.0
-0.8452379703521729 0.24988600611686707 -0.47236499190330505 7.421225070953369 0.5328689813613892 0.46074599027633667 -0.7097629904747009 3.564393997192383 0.04027999937534332 -0.8516280055046082 -0.522596001625061 1.4812339544296265 0.0 0.0 0.0 1.0
-0.8473600149154663 0.24706800282001495 -0.4700410068035126 7.417840003967285 0.5294489860534668 0.46111100912094116 -0.712082028388977 3.554716110229492 0.04080900177359581 -0.8522520065307617 -0.5215370059013367 1.4827779531478882 0.0 0.0 0.0 1.0
-0.8484820127487183 0.24477499723434448 -0.469215989112854 7.4135332107543945 0.5276089906692505 0.4604789912700653 -0.7138550281524658 3.543750047683716 0.0413299985229969 -0.8532549738883972 -0.5198540091514587 1.4845860004425049 0.0 0.0 0.0 1.0
-0.8488690257072449 0.24318599700927734 -0.4693419933319092 7.406930923461914 0.5270900130271912 0.4565330147743225 -0.7167659997940063 3.535022020339966 0.039962999522686005 -0.8558260202407837 -0.5157179832458496 1.4835580587387085 0.0 0.0 0.0 1.0
-0.8489810228347778 0.2398509979248047 -0.47085198760032654 7.401223182678223 0.5267469882965088 0.4550490081310272 -0.7179610133171082 3.521764039993286 0.04205700010061264 -0.8575549721717834 -0.512669026851654 1.4870439767837524 0.0 0.0 0.0 1.0
-0.8486700057983398 0.23793399333953857 -0.4723829925060272 7.396111965179443 0.5273150205612183 0.4501909911632538 -0.7206019759178162 3.5105690956115723 0.041207000613212585 -0.860647976398468 -0.5075299739837646 1.4909729957580566 0.0 0.0 0.0 1.0
-0.8482760190963745 0.2347860038280487 -0.4746600091457367 7.38997220993042 0.5280460119247437 0.44260498881340027 -0.7247539758682251 3.4995369911193848 0.03992500156164169 -0.865435004234314 -0.49942898750305176 1.4934899806976318 0.0 0.0 0.0 1.0
-0.8477209806442261 0.23234699666500092 -0.4768480062484741 7.384082794189453 0.5290610194206238 0.4351780116558075 -0.72850102186203 3.488948106765747 0.038249000906944275 -0.8698480129241943 -0.49183499813079834 1.496999979019165 0.0 0.0 0.0 1.0
-0.8450300097465515 0.2290080040693283 -0.4831959903240204 7.368424892425537 0.5333510041236877 0.42555901408195496 -0.7310510277748108 3.469115972518921 0.03821200132369995 -0.8754739761352539 -0.4817520081996918 1.5022929906845093 0.0 0.0 0.0 1.0
-0.8413680195808411 0.23123699426651 -0.4884969890117645 7.361045837402344 0.5391539931297302 0.42198601365089417 -0.728863000869751 3.4578559398651123 0.037599001079797745 -0.8766170144081116 -0.47971799969673157 1.5068880319595337 0.0 0.0 0.0 1.0
-0.8388280272483826 0.22926799952983856 -0.4937649965286255 7.353124141693115 0.543038010597229 0.41643399000167847 -0.7291730046272278 3.449341058731079 0.038444001227617264 -0.8797829747200012 -0.47381800413131714 1.510179042816162 0.0 0.0 0.0 1.0
-0.8358929753303528 0.22760699689388275 -0.4994780123233795 7.347049236297607 0.547510027885437 0.41029098629951477 -0.7293099761009216 3.4414169788360596 0.03893499821424484 -0.8830940127372742 -0.4675770103931427 1.5144139528274536 0.0 0.0 0.0 1.0
-0.8337029814720154 0.22336499392986298 -0.5050219893455505 7.3401899337768555 0.5507490038871765 0.40288299322128296 -0.7310000061988831 3.433828115463257 0.040185000747442245 -0.8875769972801208 -0.4589020013809204 1.5200309753417969 0.0 0.0 0.0 1.0
-0.8325870037078857 0.21479199826717377 -0.5105519890785217 7.335121154785156 0.5524389743804932 0.38880598545074463 -0.7373200058937073 3.43143892288208 0.04013599827885628 -0.8959320187568665 -0.44237399101257324 1.5210959911346436 0.0 0.0 0.0 1.0
-0.8303430080413818 0.20557600259780884 -0.5179470181465149 7.332609176635742 0.555508017539978 0.37885499000549316 -0.7401890158653259 3.4244279861450195 0.04406199976801872 -0.9023339748382568 -0.4287790060043335 1.5292030572891235 0.0 0.0 0.0 1.0
-0.8281149864196777 0.19908900558948517 -0.5240129828453064 7.3298869132995605 0.5587490200996399 0.36823299527168274 -0.7431049942970276 3.421475887298584 0.04501499980688095 -0.9081670045852661 -0.4161800146102905 1.5329780578613281 0.0 0.0 0.0 1.0
-0.8269680142402649 0.19440500438213348 -0.5275700092315674 7.325872898101807 0.5604919791221619 0.35915300250053406 -0.7462289929389954 3.419264078140259 0.04440699890255928 -0.91280597448349 -0.4059709906578064 1.5392789840698242 0.0 0.0 0.0 1.0
-0.8265770077705383 0.18866899609565735 -0.5302590131759644 7.319974899291992 0.5612199902534485 0.34738001227378845 -0.751239001750946 3.4185869693756104 0.042465999722480774 -0.9185479879379272 -0.39302098751068115 1.546746015548706 0.0 0.0 0.0 1.0
-0.8268049955368042 0.17996899783611298 -0.5329200029373169 7.314703941345215 0.5608680248260498 0.33563700318336487 -0.7568190097808838 3.4196619987487793 0.042663998901844025 -0.9246399998664856 -0.37844499945640564 1.554535984992981 0.0 0.0 0.0 1.0
-0.8261780142784119 0.16764900088310242 -0.5378879904747009 7.314949989318848 0.5615490078926086 0.3225260078907013 -0.7619969844818115 3.422398090362549 0.04573500156402588 -0.9315959811210632 -0.36060699820518494 1.5578190088272095 0.0 0.0 0.0 1.0
-0.8274070024490356 0.15656499564647675 -0.5393369793891907 7.3112568855285645 0.559561014175415 0.3116469979286194 -0.7679629921913147 3.4273478984832764 0.047846999019384384 -0.9372100234031677 -0.3454670011997223 1.5589250326156616 0.0 0.0 0.0 1.0
-0.8275460004806519 0.1511410027742386 -0.5406690239906311 7.3106160163879395 0.5592460036277771 0.30617600679397583 -0.770389974117279 3.431865930557251 0.04910299926996231 -0.9398999810218811 -0.3379000127315521 1.5636019706726074 0.0 0.0 0.0 1.0
-0.8287410140037537 0.1461939960718155 -0.5401999950408936 7.305920124053955 0.5573790073394775 0.30216801166534424 -0.7733200192451477 3.4371659755706787 0.05017700046300888 -0.9419779777526855 -0.33190399408340454 1.567931056022644 0.0 0.0 0.0 1.0
-0.8310070037841797 0.1425970047712326 -0.5376740097999573 7.300735950469971 0.5541470050811768 0.29642799496650696 -0.7778509855270386 3.447709083557129 0.04846300184726715 -0.944350004196167 -0.3253529965877533 1.5717829465866089 0.0 0.0 0.0 1.0
-0.8304780125617981 0.13860900700092316 -0.5395320057868958 7.2993268966674805 0.5549650192260742 0.2896350026130676 -0.7798240184783936 3.4535939693450928 0.048177000135183334 -0.9470469951629639 -0.31745898723602295 1.5760899782180786 0.0 0.0 0.0 1.0
-0.8314909934997559 0.13251300156116486 -0.5395029783248901 7.294777870178223 0.5533249974250793 0.2841620147228241 -0.7829970121383667 3.462414026260376 0.04954899847507477 -0.9495750069618225 -0.3096010088920593 1.580191969871521 0.0 0.0 0.0 1.0
-0.8312860131263733 0.12644700706005096 -0.5412709712982178 7.291339874267578 0.5533249974250793 0.2808769941329956 -0.7841809988021851 3.4716179370880127 0.052873000502586365 -0.9513769745826721 -0.30345600843429565 1.5830949544906616 0.0 0.0 0.0 1.0
-0.8289769887924194 0.1192300021648407 -0.5464249849319458 7.289604187011719 0.555974006652832 0.28178200125694275 -0.7819790244102478 3.4775590896606445 0.06073800101876259 -0.95204097032547 -0.2998799979686737 1.585847020149231 0.0 0.0 0.0 1.0
-0.8270310163497925 0.11205500364303589 -0.5508750081062317 7.285778045654297 0.5580940246582031 0.28126299381256104 -0.780655026435852 3.4859619140625 0.06746499985456467 -0.9530659914016724 -0.2951500117778778 1.5888179540634155 0.0 0.0 0.0 1.0
-0.8244779706001282 0.10516399890184402 -0.5560359954833984 7.283534049987793 0.5610790252685547 0.27981600165367126 -0.7790340185165405 3.4939279556274414 0.07366199791431427 -0.9542760252952576 -0.2897070050239563 1.593027949333191 0.0 0.0 0.0 1.0
-0.8210819959640503 0.09400200098752975 -0.5630159974098206 7.27635383605957 0.565081000328064 0.2732490003108978 -0.7784720063209534 3.513664960861206 0.08066599816083908 -0.9573389887809753 -0.27747800946235657 1.5965019464492798 0.0 0.0 0.0 1.0
-0.8191429972648621 0.09033200144767761 -0.566431999206543 7.275476932525635 0.5676159858703613 0.2698119878768921 -0.7778260111808777 3.5210371017456055 0.08256799727678299 -0.9586660265922546 -0.2722879946231842 1.601565957069397 0.0 0.0 0.0 1.0
-0.8185949921607971 0.08469399809837341 -0.5680930018424988 7.272980213165283 0.5682719945907593 0.26319199800491333 -0.7796139717102051 3.5323948860168457 0.08348900079727173 -0.961018979549408 -0.26357701420783997 1.6041040420532227 0.0 0.0 0.0 1.0
-0.8170310258865356 0.07508499920368195 -0.5716840028762817 7.274903774261475 0.5699759721755981 0.254956990480423 -0.7811040282249451 3.54288911819458 0.08710499852895737 -0.9640330076217651 -0.25110501050949097 1.5999139547348022 0.0 0.0 0.0 1.0
-0.8154199719429016 0.07190199941396713 -0.5743870139122009 7.272334098815918 0.5718389749526978 0.2542310059070587 -0.7799789905548096 3.550379991531372 0.0899450033903122 -0.9644669890403748 -0.24842099845409393 1.6108670234680176 0.0 0.0 0.0 1.0
-0.8135740160942078 0.06687899678945541 -0.5776020288467407 7.269713878631592 0.5742560029029846 0.24831299483776093 -0.7801100015640259 3.56005597114563 0.09125299751758575 -0.9663680195808411 -0.24042700231075287 1.6133790016174316 0.0 0.0 0.0 1.0
-0.8108130097389221 0.06213099882006645 -0.5819979906082153 7.2696990966796875 0.5781170129776001 0.24036400020122528 -0.7797470092773438 3.568937063217163 0.09144499897956848 -0.9686920046806335 -0.23080900311470032 1.6143399477005005 0.0 0.0 0.0 1.0
-0.809607982635498 0.05914999917149544 -0.583981990814209 7.265554904937744 0.5799840092658997 0.2336609959602356 -0.7803980112075806 3.5791399478912354 0.09029299765825272 -0.9705169796943665 -0.2234800010919571 1.6209440231323242 0.0 0.0 0.0 1.0
-0.805903971195221 0.05341299995779991 -0.589631974697113 7.266965866088867 0.585096001625061 0.22401399910449982 -0.7794110178947449 3.587662935256958 0.09045500308275223 -0.9731209874153137 -0.21178600192070007 1.621749997138977 0.0 0.0 0.0 1.0
-0.8025649785995483 0.049665000289678574 -0.5944929718971252 7.264797210693359 0.589821994304657 0.21546800434589386 -0.7782570123672485 3.597240924835205 0.08944199979305267 -0.9752470254898071 -0.20222100615501404 1.622567057609558 0.0 0.0 0.0 1.0
-0.8008450269699097 0.04541900008916855 -0.5971469879150391 7.259059906005859 0.5921210050582886 0.20934300124645233 -0.7781820297241211 3.6067299842834473 0.0896650031208992 -0.9767869710922241 -0.19454500079154968 1.6260329484939575 0.0 0.0 0.0 1.0
-0.7977759838104248 0.04055299982428551 -0.601589024066925 7.258203983306885 0.596347987651825 0.20036399364471436 -0.777318000793457 3.6136419773101807 0.08901499956846237 -0.9788820147514343 -0.1840289980173111 1.6298860311508179 0.0 0.0 0.0 1.0
-0.7964950203895569 0.03432999923825264 -0.6036689877510071 7.254915237426758 0.5980169773101807 0.19215300679206848 -0.7781090140342712 3.6216800212860107 0.0892840027809143 -0.9807639718055725 -0.17357900738716125 1.6365280151367188 0.0 0.0 0.0 1.0
-0.7927579879760742 0.026839999482035637 -0.6089450120925903 7.261478900909424 0.6037999987602234 0.17131300270557404 -0.7785090208053589 3.6269829273223877 0.08342500030994415 -0.9848510026931763 -0.15201599895954132 1.6229480504989624 0.0 0.0 0.0 1.0
-0.7908959984779358 0.022772999480366707 -0.6115270256996155 7.261443138122559 0.6065250039100647 0.1619430035352707 -0.7783970236778259 3.632888078689575 0.08130600303411484 -0.986536979675293 -0.14189200103282928 1.6274340152740479 0.0 0.0 0.0 1.0
-0.7897639870643616 0.017371000722050667 -0.6131640076637268 7.260918140411377 0.6082299947738647 0.15181900560855865 -0.7791069746017456 3.6393868923187256 0.07955600321292877 -0.9882559776306152 -0.1304669976234436 1.631466031074524 0.0 0.0 0.0 1.0
-0.7893909811973572 0.01368900015950203 -0.6137380003929138 7.258755207061768 0.6091269850730896 0.14176799356937408 -0.7802990078926086 3.645699977874756 0.07632700353860855 -0.9898049831390381 -0.12024900317192078 1.6365619897842407 0.0 0.0 0.0 1.0
-0.7881489992141724 0.008747000247240067 -0.6154220104217529 7.259641170501709 0.6110600233078003 0.13078999519348145 -0.7807040214538574 3.6511409282684326 0.07366199791431427 -0.9913719892501831 -0.1084270030260086 1.6392920017242432 0.0 0.0 0.0 1.0
-0.7884129881858826 0.005402999930083752 -0.6151229739189148 7.257327079772949 0.6110929846763611 0.12148399651050568 -0.7821810245513916 3.65704607963562 0.07050199806690216 -0.9925789833068848 -0.09908100217580795 1.6452339887619019 0.0 0.0 0.0 1.0
-0.7880550026893616 0.0006399999838322401 -0.6156039834022522 7.257246971130371 0.611844003200531 0.11117199808359146 -0.7831270098686218 3.662029981613159 0.06793700158596039 -0.9938009977340698 -0.08800099790096283 1.64786696434021 0.0 0.0 0.0 1.0
-0.7893660068511963 -0.001066999975591898 -0.6139219999313354 7.254010200500488 0.6106190085411072 0.10224500298500061 -0.7852960228919983 3.6686880588531494 0.06360799819231033 -0.9947590231895447 -0.08005700260400772 1.6501049995422363 0.0 0.0 0.0 1.0
-0.7908139824867249 -0.0038129999302327633 -0.6120449900627136 7.253130912780762 0.6090109944343567 0.09474200010299683 -0.7874829769134521 3.6739039421081543 0.06098899990320206 -0.9954950213432312 -0.07260199636220932 1.6539020538330078 0.0 0.0 0.0 1.0
-0.7922599911689758 -0.004736999981105328 -0.610164999961853 7.253962993621826 0.6075339913368225 0.08696000277996063 -0.7895190119743347 3.678252935409546 0.0568000003695488 -0.9962009787559509 -0.06601700186729431 1.6565860509872437 0.0 0.0 0.0 1.0
-0.7948700189590454 -0.009215000085532665 -0.6067090034484863 7.254239082336426 0.6042969822883606 0.07833699882030487 -0.7928990125656128 3.6801960468292236 0.05483400076627731 -0.9968839883804321 -0.0566990002989769 1.6536669731140137 0.0 0.0 0.0 1.0
-0.7990270256996155 -0.010894999839365482 -0.6011959910392761 7.252406120300293 0.5988919734954834 0.07487799972295761 -0.7973219752311707 3.6836938858032227 0.05370299890637398 -0.9971330165863037 -0.0533050000667572 1.664091944694519 0.0 0.0 0.0 1.0
-0.8030890226364136 -0.011249000206589699 -0.5957520008087158 7.252702236175537 0.5938400030136108 0.0671209990978241 -0.8017789721488953 3.6878769397735596 0.04900699853897095 -0.9976810216903687 -0.047224000096321106 1.6681629419326782 0.0 0.0 0.0 1.0
-0.807466983795166 -0.011793999932706356 -0.5897939801216125 7.253264904022217 0.5883409976959229 0.056825000792741776 -0.8066139817237854 3.693382978439331 0.043028999119997025 -0.9983140230178833 -0.03894500061869621 1.6683690547943115 0.0 0.0 0.0 1.0
-0.8123810291290283 -0.015441999770700932 -0.5829219818115234 7.254230976104736 0.5816940069198608 0.048572998493909836 -0.811955988407135 3.696697950363159 0.040853001177310944 -0.9987000226974487 -0.030477000400424004 1.6740189790725708 0.0 0.0 0.0 1.0
-0.8173900246620178 -0.01988999918103218 -0.5757409930229187 7.254627227783203 0.5748090147972107 0.038329001516103745 -0.8173900246620178 3.7008330821990967 0.038325000554323196 -0.9990670084953308 -0.01989700086414814 1.674630045890808 0.0 0.0 0.0 1.0
-0.8222230076789856 -0.022954000160098076 -0.568701982498169 7.254367828369141 0.5680130124092102 0.030462000519037247 -0.8224560022354126 3.7051780223846436 0.036201998591423035 -0.9992719888687134 -0.012009000405669212 1.6803090572357178 0.0 0.0 0.0 1.0
-0.8258209824562073 -0.026517000049352646 -0.5633080005645752 7.257298946380615 0.5630000233650208 0.018616000190377235 -0.826246976852417 3.7077279090881348 0.03239699825644493 -0.9994750022888184 -0.0004440000047907233 1.6787259578704834 0.0 0.0 0.0 1.0
-0.8312820196151733 -0.030628999695181847 -0.5550050139427185 7.254833221435547 0.5548869967460632 0.013043000362813473 -0.831824004650116 3.7124569416046143 0.03271700069308281 -0.9994459748268127 0.0061530000530183315 1.686210036277771 0.0 0.0 0.0 1.0
-0.8331300020217896 -0.032409001141786575 -0.5521270036697388 7.260899066925049 0.5523430109024048 0.0026889999862760305 -0.8336129784584045 3.7138919830322266 0.028501000255346298 -0.9994710087776184 0.015660999342799187 1.6844199895858765 0.0 0.0 0.0 1.0
-0.8395810127258301 -0.042180001735687256 -0.5415949821472168 7.260512828826904 0.5424389839172363 -0.011146999895572662 -0.840021014213562 3.722459077835083 0.0293940007686615 -0.9990479946136475 0.032239001244306564 1.6918840408325195 0.0 0.0 0.0 1.0
-0.841949999332428 -0.04552299901843071 -0.5376330018043518 7.261600971221924 0.5387610197067261 -0.016822999343276024 -0.842290997505188 3.7254478931427 0.029299000278115273 -0.9988219738006592 0.038690000772476196 1.6929889917373657 0.0 0.0 0.0 1.0
-0.8443729877471924 -0.04907200112938881 -0.5335040092468262 7.263459205627441 0.534857988357544 -0.01955300010740757 -0.8447160124778748 3.726830005645752 0.03102000057697296 -0.9986039996147156 0.042757000774145126 1.697437047958374 0.0 0.0 0.0 1.0
-0.847117006778717 -0.05303800106048584 -0.5287529826164246 7.265111923217773 0.5304830074310303 -0.025748999789357185 -0.8473049998283386 3.7290730476379395 0.031325001269578934 -0.9982600212097168 0.04994799941778183 1.6942379474639893 0.0 0.0 0.0 1.0
-0.850521981716156 -0.05826399847865105 -0.5227019786834717 7.267974853515625 0.5248559713363647 -0.030240999534726143 -0.8506540060043335 3.7298951148986816 0.03375500068068504 -0.9978430271148682 0.05630100145936012 1.6949739456176758 0.0 0.0 0.0 1.0
-0.8545719981193542 -0.06149899959564209 -0.5156779885292053 7.271835803985596 0.518284022808075 -0.03791999816894531 -0.8543679714202881 3.7317259311676025 0.03298899903893471 -0.9973869919776917 0.0642789974808693 1.691552996635437 0.0 0.0 0.0 1.0
-0.8602139949798584 -0.06106799840927124 -0.5062639713287354 7.274318218231201 0.5088779926300049 -0.03895200043916702 -0.8599569797515869 3.7338879108428955 0.03279599919915199 -0.9973729848861694 0.06458400189876556 1.7004389762878418 0.0 0.0 0.0 1.0
-0.8664109706878662 -0.0608379989862442 -0.4956119954586029 7.274909019470215 0.4983600080013275 -0.04341999813914299 -0.8658829927444458 3.7373130321502686 0.03115900047123432 -0.99720299243927 0.06793799996376038 1.702057957649231 0.0 0.0 0.0 1.0
-0.8712490200996399 -0.06141199916601181 -0.4869840145111084 7.27771520614624 0.4899129867553711 -0.04782500118017197 -0.8704590201377869 3.7395710945129395 0.030167000368237495 -0.9969660043716431 0.07175300270318985 1.7035540342330933 0.0 0.0 0.0 1.0
-0.8755819797515869 -0.06263899803161621 -0.4789919853210449 7.280756950378418 0.4821299910545349 -0.05146700143814087 -0.8745869994163513 3.7409300804138184 0.03013099916279316 -0.9967089891433716 0.07526399940252304 1.7093210220336914 0.0 0.0 0.0 1.0
-0.8805750012397766 -0.06717199832201004 -0.4691230058670044 7.280813217163086 0.47288599610328674 -0.05960100144147873 -0.8791049718856812 3.7467589378356934 0.031091000884771347 -0.995959997177124 0.08424700051546097 1.7108980417251587 0.0 0.0 0.0 1.0
-0.8824959993362427 -0.07033500075340271 -0.4650309979915619 7.290398120880127 0.4693869948387146 -0.06947299838066101 -0.8802549839019775 3.746669054031372 0.02960599958896637 -0.9951009750366211 0.09432400017976761 1.709697961807251 0.0 0.0 0.0 1.0
-0.8875120282173157 -0.07317599654197693 -0.45493701100349426 7.291179180145264 0.45983999967575073 -0.07746700197458267 -0.8846169710159302 3.7498528957366943 0.02949099987745285 -0.9943060278892517 0.10240200161933899 1.7098950147628784 0.0 0.0 0.0 1.0
-0.8924990296363831 -0.07335399836301804 -0.44504401087760925 7.294074058532715 0.45023900270462036 -0.08580899983644485 -0.8887749910354614 3.7509748935699463 0.02700600028038025 -0.9936079978942871 0.10961099714040756 1.7081040143966675 0.0 0.0 0.0 1.0
-0.8986009955406189 -0.07285600155591965 -0.43267399072647095 7.294826984405518 0.4379670023918152 -0.0894870012998581 -0.8945260047912598 3.7534759044647217 0.02645299956202507 -0.9933199882507324 0.11232099682092667 1.7120569944381714 0.0 0.0 0.0 1.0
-0.9047060012817383 -0.07118400186300278 -0.4200479984283447 7.296008110046387 0.4253480136394501 -0.0948610007762909 -0.9000449776649475 3.755815029144287 0.024222999811172485 -0.9929419755935669 0.11609899997711182 1.7130409479141235 0.0 0.0 0.0 1.0
-0.9094259738922119 -0.07093200087547302 -0.40977099537849426 7.300477981567383 0.415228009223938 -0.10036099702119827 -0.9041640162467957 3.7560060024261475 0.023009000346064568 -0.9924190044403076 0.12072300165891647 1.7117409706115723 0.0 0.0 0.0 1.0
-0.9141349792480469 -0.06943300366401672 -0.39941900968551636 7.301825046539307 0.4047990143299103 -0.10227099806070328 -0.9086689949035645 3.757258892059326 0.022242000326514244 -0.992330014705658 0.12159600108861923 1.7160940170288086 0.0 0.0 0.0 1.0
-0.9179109930992126 -0.06835900247097015 -0.39085400104522705 7.302840232849121 0.3961679935455322 -0.10288099944591522 -0.9123960137367249 3.758737087249756 0.022159000858664513 -0.9923419952392578 0.12151700258255005 1.7172080278396606 0.0 0.0 0.0 1.0
-0.9212809801101685 -0.06534700095653534 -0.38336700201034546 7.304324150085449 0.3883959949016571 -0.10457199811935425 -0.9155399799346924 3.7584381103515625 0.019737999886274338 -0.9923679828643799 0.12172099947929382 1.7163540124893188 0.0 0.0 0.0 1.0
-0.9270830154418945 -0.06270000338554382 -0.3695729970932007 7.297481060028076 0.37417900562286377 -0.09561800211668015 -0.9224140048027039 3.771578073501587 0.022498000413179398 -0.9934409856796265 0.11210700124502182 1.7313779592514038 0.0 0.0 0.0 1.0
-0.9301930069923401 -0.06188900023698807 -0.3618150055408478 7.300041198730469 0.366456001996994 -0.09959399700164795 -0.9250900149345398 3.770500898361206 0.02121799997985363 -0.9931020140647888 0.11532100290060043 1.7239160537719727 0.0 0.0 0.0 1.0
-0.9332219958305359 -0.06192399933934212 -0.3539249897003174 7.302045822143555 0.3586440086364746 -0.10099200159311295 -0.9279950261116028 3.7696380615234375 0.021720999851822853 -0.9929580092430115 0.116457000374794 1.7245899438858032 0.0 0.0 0.0 1.0
-0.9358289837837219 -0.06278599798679352 -0.3468160033226013 7.304923057556152 0.35172098875045776 -0.10294199734926224 -0.9304280281066895 3.769810914993286 0.02271600067615509 -0.9927039742469788 0.11841899901628494 1.7248250246047974 0.0 0.0 0.0 1.0
-0.93927001953125 -0.06232300028204918 -0.3374730050563812 7.3056440353393555 0.342415988445282 -0.10459800064563751 -0.9337080121040344 3.769339084625244 0.02289300039410591 -0.9925600290298462 0.11958599835634232 1.7225689888000488 0.0 0.0 0.0 1.0
-0.9427239894866943 -0.06025400012731552 -0.3280859887599945 7.308524131774902 0.3328059911727905 -0.10324700176715851 -0.9373260140419006 3.768465995788574 0.022602999582886696 -0.9928290247917175 0.11738599836826324 1.7261070013046265 0.0 0.0 0.0 1.0
-0.94684898853302 -0.05808499827980995 -0.3163889944553375 7.3114190101623535 0.3209649920463562 -0.10518199950456619 -0.9412320256233215 3.7677628993988037 0.021392999216914177 -0.9927549958229065 0.11823400110006332 1.7255510091781616 0.0 0.0 0.0 1.0
-0.9514849781990051 -0.055305998772382736 -0.3026840090751648 7.313320159912109 0.3070560097694397 -0.10727199912071228 -0.945626974105835 3.767277956008911 0.019828999415040016 -0.9926900267601013 0.11905000358819962 1.727254033088684 0.0 0.0 0.0 1.0
-0.955623984336853 -0.05335799977183342 -0.2897149920463562 7.317298889160156 0.2940329909324646 -0.11243099719285965 -0.9491599798202515 3.76584792137146 0.01807199977338314 -0.9922260046005249 0.12313000112771988 1.7290910482406616 0.0 0.0 0.0 1.0
-0.959538996219635 -0.05284800007939339 -0.27656999230384827 7.319340229034424 0.2810260057449341 -0.11847899854183197 -0.9523580074310303 3.764944076538086 0.017562000080943108 -0.991549015045166 0.12853699922561646 1.7311160564422607 0.0 0.0 0.0 1.0
-0.962365984916687 -0.049639999866485596 -0.26718300580978394 7.325203895568848 0.2712010145187378 -0.11265099793672562 -0.9559080004692078 3.7649118900299072 0.0173530001193285 -0.992393970489502 0.12187399715185165 1.7437690496444702 0.0 0.0 0.0 1.0
-0.9657920002937317 -0.04485499858856201 -0.25540998578071594 7.32639217376709 0.25893300771713257 -0.1130789965391159 -0.9592530131340027 3.7616679668426514 0.014146000146865845 -0.9925730228424072 0.12082500010728836 1.7400959730148315 0.0 0.0 0.0 1.0
-0.9691600203514099 -0.04108000174164772 -0.24298200011253357 7.32600212097168 0.24610699713230133 -0.11083099991083145 -0.9628850221633911 3.7583229541778564 0.012625000439584255 -0.9929900169372559 0.11752299964427948 1.7416069507598877 0.0 0.0 0.0 1.0
-0.9719640016555786 -0.0402740016579628 -0.23165300488471985 7.325881004333496 0.23473499715328217 -0.10926699638366699 -0.9658989906311035 3.7541310787200928 0.01358800008893013 -0.9931960105895996 0.11565700173377991 1.743952989578247 0.0 0.0 0.0 1.0
-0.9746180176734924 -0.03867200016975403 -0.22050799429416656 7.324812889099121 0.22345800697803497 -0.10805699974298477 -0.9687049984931946 3.74954891204834 0.013635000213980675 -0.9933919906616211 0.11395599693059921 1.744573950767517 0.0 0.0 0.0 1.0
-0.9773939847946167 -0.03565099835395813 -0.2083979994058609 7.322596073150635 0.21105599403381348 -0.1063150018453598 -0.9716749787330627 3.74383807182312 0.01248599961400032 -0.9936929941177368 0.11143600195646286 1.7438499927520752 0.0 0.0 0.0 1.0
-0.9798589944839478 -0.03334999829530716 -0.19688700139522552 7.3196940422058105 0.19931499660015106 -0.10282500088214874 -0.9745259881019592 3.73796010017395 0.012254999950528145 -0.9941400289535522 0.10740099847316742 1.743425965309143 0.0 0.0 0.0 1.0
-0.9820650219917297 -0.03050200082361698 -0.18605700135231018 7.315542221069336 0.18818899989128113 -0.09832099825143814 -0.9771990180015564 3.7313120365142822 0.0115130003541708 -0.994687020778656 0.10229799896478653 1.7450159788131714 0.0 0.0 0.0 1.0
-0.9835730195045471 -0.029364999383687973 -0.17810699343681335 7.311192989349365 0.18011599779129028 -0.09435400366783142 -0.979108989238739 3.723978042602539 0.01194700039923191 -0.9951059818267822 0.09809400141239166 1.7485450506210327 0.0 0.0 0.0 1.0
-0.9844790101051331 -0.028344999998807907 -0.1731950044631958 7.305070877075195 0.17510099709033966 -0.09217000007629395 -0.980226993560791 3.7160708904266357 0.011820999905467033 -0.9953399896621704 0.09570199996232986 1.7504340410232544 0.0 0.0 0.0 1.0
-0.98478102684021 -0.021754000335931778 -0.17243200540542603 7.293169975280762 0.17367400228977203 -0.08553799986839294 -0.9810810089111328 3.6988871097564697 0.006593000143766403 -0.9960970282554626 0.08801399916410446 1.7546279430389404 0.0 0.0 0.0 1.0
-0.9845719933509827 -0.014732999727129936 -0.1743600070476532 7.287391185760498 0.1749809980392456 -0.08390200138092041 -0.9809899926185608 3.6901650428771973 -0.00017600000137463212 -0.9963650107383728 0.08518599718809128 1.7586359977722168 0.0 0.0 0.0 1.0
-0.9847530126571655 -0.008771000429987907 -0.17373499274253845 7.280001163482666 0.1738400012254715 -0.08614400029182434 -0.9809989929199219 3.6825599670410156 -0.00636200001463294 -0.9962440133094788 0.08635500073432922 1.7627589702606201 0.0 0.0 0.0 1.0
-0.9853450059890747 -0.004579999949783087 -0.17051300406455994 7.272181987762451 0.17022499442100525 -0.09034500271081924 -0.9812549948692322 3.6769089698791504 -0.01090999972075224 -0.9958999752998352 0.08980000019073486 1.7675429582595825 0.0 0.0 0.0 1.0
-0.9861029982566833 -0.002644000109285116 -0.1661120057106018 7.264490127563477 0.16560600697994232 -0.09518100321292877 -0.9815880060195923 3.67130708694458 -0.013214999809861183 -0.9954569935798645 0.09429600089788437 1.7671990394592285 0.0 0.0 0.0 1.0
-0.986965000629425 -0.0006150000263005495 -0.16093100607395172 7.256449222564697 0.1602499932050705 -0.09574799984693527 -0.9824209809303284 3.6661009788513184 -0.014805000275373459 -0.9954050183296204 0.09459800273180008 1.768718957901001 0.0 0.0 0.0 1.0
-0.9879270195960999 0.00113800005055964 -0.15491299331188202 7.247482776641846 0.15404999256134033 -0.09849099814891815 -0.9831420183181763 3.662174940109253 -0.01637599989771843 -0.9951369762420654 0.09712699800729752 1.77195405960083 0.0 0.0 0.0 1.0
-0.989674985408783 0.004910999909043312 -0.14324399828910828 7.230344772338867 0.14174999296665192 -0.11439099907875061 -0.9832710027694702 3.6554040908813477 -0.02121499925851822 -0.9934239983558655 0.1125129982829094 1.7748980522155762 0.0 0.0 0.0 1.0
-0.9907529950141907 0.005324000027030706 -0.13557299971580505 7.220595836639404 0.13404500484466553 -0.11617299914360046 -0.984142005443573 3.6533689498901367 -0.02098900079727173 -0.993215024471283 0.11438500136137009 1.7766239643096924 0.0 0.0 0.0 1.0
-0.9916110038757324 0.004257999826222658 -0.12918399274349213 7.21272087097168 0.12781700491905212 -0.11634799838066101 -0.984948992729187 3.6515889167785645 -0.019223999232053757 -0.9931989908218384 0.114826999604702 1.7802050113677979 0.0 0.0 0.0 1.0
-0.992883026599884 0.00021899999410379678 -0.11909300088882446 7.2016448974609375 0.11825300008058548 -0.11681199818849564 -0.9860889911651611 3.650331974029541 -0.014127999544143677 -0.993153989315033 0.11595500260591507 1.783750057220459 0.0 0.0 0.0 1.0
-0.9937769770622253 -0.0033629999961704016 -0.11133699864149094 7.192241191864014 0.11090599745512009 -0.12269499897956848 -0.9862279891967773 3.6498799324035645 -0.010343999601900578 -0.9924389719963074 0.1223049983382225 1.7845669984817505 0.0 0.0 0.0 1.0
-0.9948049783706665 -0.005537000019103289 -0.10164599865674973 7.1810808181762695 0.10152500122785568 -0.12693600356578827 -0.986702024936676 3.6500489711761475 -0.007439000066369772 -0.9918950200080872 0.12683899700641632 1.7838059663772583 0.0 0.0 0.0 1.0
-0.9958069920539856 -0.006897000130265951 -0.09122099727392197 7.1700968742370605 0.09135399758815765 -0.12773700058460236 -0.9875919818878174 3.6499838829040527 -0.0048409998416900635 -0.9917839765548706 0.12783199548721313 1.7853540182113647 0.0 0.0 0.0 1.0
-0.9968240261077881 -0.007664000149816275 -0.07927200198173523 7.158477783203125 0.07959800213575363 -0.1288899928331375 -0.9884589910507202 3.650639057159424 -0.0026420000940561295 -0.9916290044784546 0.12909099459648132 1.785599946975708 0.0 0.0 0.0 1.0
-0.9978730082511902 -0.00917499978095293 -0.06453800201416016 7.144713878631592 0.06518299877643585 -0.12950600683689117 -0.989434003829956 3.652353048324585 0.0007200000109151006 -0.991536021232605 0.12982900440692902 1.7857069969177246 0.0 0.0 0.0 1.0
-0.9987149834632874 -0.011514999903738499 -0.049359001219272614 7.130946159362793 0.05043400079011917 -0.1289830058813095 -0.9903640151023865 3.654675006866455 0.005036999937146902 -0.9915800094604492 0.12939800322055817 1.7856589555740356 0.0 0.0 0.0 1.0
-0.99931401014328 -0.015093999914824963 -0.03381999954581261 7.115531921386719 0.03544199839234352 -0.12471900135278702 -0.9915590286254883 3.6568539142608643 0.010747999884188175 -0.9920769929885864 0.12516799569129944 1.7819310426712036 0.0 0.0 0.0 1.0
-0.9996730089187622 -0.017079999670386314 -0.0190420001745224 7.099832057952881 0.020889999344944954 -0.11548600345849991 -0.9930890202522278 3.6584420204162598 0.014763000421226025 -0.9931619763374329 0.1158050000667572 1.7816029787063599 0.0 0.0 0.0 1.0
-0.9998869895935059 -0.013980000279843807 -0.005464999936521053 7.084842205047607 0.006955000106245279 -0.10886900126934052 -0.9940320253372192 3.66076397895813 0.013300999999046326 -0.9939579963684082 0.10895399749279022 1.7828890085220337 0.0 0.0 0.0 1.0
-0.9998469948768616 -0.013763000257313251 0.010772000066936016 7.067543029785156 -0.009259999729692936 -0.10555399954319 -0.9943709969520569 3.6649649143218994 0.014822999946773052 -0.9943180084228516 0.10541000217199326 1.785776972770691 0.0 0.0 0.0 1.0
-0.999584972858429 -0.012736000120639801 0.025831999257206917 7.051146984100342 -0.024365000426769257 -0.10429400205612183 -0.9942479729652405 3.6684389114379883 0.015356999821960926 -0.9944649934768677 0.10394100099802017 1.7835290431976318 0.0 0.0 0.0 1.0
-0.9991819858551025 -0.012621000409126282 0.038405999541282654 7.036574840545654 -0.03696700185537338 -0.0992560014128685 -0.9943749904632568 3.6715331077575684 0.01636200025677681 -0.9949820041656494 0.09870799630880356 1.7831159830093384 0.0 0.0 0.0 1.0
-0.998665988445282 -0.010928000323474407 0.0504629984498024 7.021924018859863 -0.049247998744249344 -0.09203100204467773 -0.9945380091667175 3.6750690937042236 0.015513000078499317 -0.9956960082054138 0.09137000143527985 1.7813880443572998 0.0 0.0 0.0 1.0
-0.9979789853096008 -0.007048000115901232 0.06314700096845627 7.006631851196289 -0.06238799914717674 -0.07960999757051468 -0.994871973991394 3.678828001022339 0.012039000168442726 -0.9968010187149048 0.0790100023150444 1.7850639820098877 0.0 0.0 0.0 1.0
-0.9971740245819092 -1.5999999959603883e-05 0.07512900233268738 6.99406099319458 -0.074924997985363 -0.07347200065851212 -0.9944790005683899 3.682008981704712 0.005535999778658152 -0.9972969889640808 0.07326299697160721 1.7846759557724 0.0 0.0 0.0 1.0
-0.9959220290184021 0.003386999946087599 0.09015300124883652 6.978705883026123 -0.09017200022935867 -0.06867799907922745 -0.9935550093650818 3.6858439445495605 0.0028260000981390476 -0.9976329803466797 0.06870300322771072 1.7883590459823608 0.0 0.0 0.0 1.0
-0.9947270154953003 0.004296000115573406 0.10246200114488602 6.966183185577393 -0.10252100229263306 -0.06637199968099594 -0.9925140142440796 3.689462900161743 0.0025369999930262566 -0.9977859854698181 0.06646200269460678 1.7881560325622559 0.0 0.0 0.0 1.0
-0.9934750199317932 0.0036929999478161335 0.11398699879646301 6.953169822692871 -0.11400099843740463 -0.060405001044273376 -0.9916430115699768 3.692713975906372 0.0032240001019090414 -0.9981669783592224 0.06043199822306633 1.7896239757537842 0.0 0.0 0.0 1.0
-0.9923210144042969 0.0020959998946636915 0.12366800010204315 6.941641807556152 -0.12359499931335449 -0.05493300035595894 -0.9908109903335571 3.69500994682312 0.0047160000540316105 -0.9984880089759827 0.05477000027894974 1.7902309894561768 0.0 0.0 0.0 1.0
-0.9912220239639282 -0.0028019999153912067 0.13217699527740479 6.931107997894287 -0.1319119930267334 -0.04576199874281883 -0.9902049899101257 3.7023370265960693 0.008822999894618988 -0.9989479780197144 0.04499100148677826 1.8024879693984985 0.0 0.0 0.0 1.0
-0.9901109933853149 -0.004774999804794788 0.1402049958705902 6.921011924743652 -0.13988099992275238 -0.04232599958777428 -0.9892629981040955 3.7062630653381348 0.01065799966454506 -0.9990919828414917 0.04123900085687637 1.808176040649414 0.0 0.0 0.0 1.0
-0.9886620044708252 -0.006147000007331371 0.15003299713134766 6.909049987792969 -0.14963799715042114 -0.042803000658750534 -0.9878140091896057 3.7093870639801025 0.012493999674916267 -0.9990649819374084 0.041397999972105026 1.8113830089569092 0.0 0.0 0.0 1.0
-0.9871389865875244 -0.005861999932676554 0.15975500643253326 6.898046016693115 -0.15936200320720673 -0.04295999929308891 -0.9862849712371826 3.7128989696502686 0.012644000351428986 -0.9990599751472473 0.04147300124168396 1.816912055015564 0.0 0.0 0.0 1.0
-0.9855080246925354 -0.005549000110477209 0.1695369929075241 6.887371063232422 -0.1690800040960312 -0.048121001571416855 -0.9844269752502441 3.7165000438690186 0.01362099964171648 -0.9988260269165039 0.04648600146174431 1.819430947303772 0.0 0.0 0.0 1.0
-0.9838830232620239 -0.004455000162124634 0.17875899374485016 6.8764472007751465 -0.1781879961490631 -0.059202998876571655 -0.9822139739990234 3.720262050628662 0.014959000051021576 -0.9982360005378723 0.057454999536275864 1.8189669847488403 0.0 0.0 0.0 1.0
-0.982463002204895 -0.0035570000763982534 0.1864210069179535 6.865570068359375 -0.18580299615859985 -0.06486199796199799 -0.9804440140724182 3.724057912826538 0.015579000115394592 -0.9978880286216736 0.06306400150060654 1.825551986694336 0.0 0.0 0.0 1.0
-0.9802790284156799 -0.0011259999591857195 0.19761499762535095 6.844587802886963 -0.1968819946050644 -0.08066599816083908 -0.9771029949188232 3.7286980152130127 0.017041999846696854 -0.9967399835586548 0.07885400205850601 1.8336189985275269 0.0 0.0 0.0 1.0
-0.9796640276908875 0.0018649999983608723 0.20063599944114685 6.834978103637695 -0.2000579982995987 -0.08550100028514862 -0.9760460257530212 3.7298450469970703 0.015333999879658222 -0.9963359832763672 0.08413500338792801 1.8392900228500366 0.0 0.0 0.0 1.0
-0.9792659878730774 0.0046790000051259995 0.20252199470996857 6.825962066650391 -0.20212499797344208 -0.08921899646520615 -0.9752879738807678 3.7310640811920166 0.013504999689757824 -0.9960010051727295 0.08831500262022018 1.8419049978256226 0.0 0.0 0.0 1.0
-0.9792330265045166 0.00875800009816885 0.2025499939918518 6.817737102508545 -0.20248299837112427 -0.09247700124979019 -0.9749100208282471 3.733222007751465 0.010192999616265297 -0.9956759810447693 0.09233000129461288 1.8430860042572021 0.0 0.0 0.0 1.0
-0.9794600009918213 0.010924999602138996 0.20134100317955017 6.809689998626709 -0.20146599411964417 -0.09410899877548218 -0.9749640226364136 3.7336740493774414 0.008297000080347061 -0.9955019950866699 0.09437700361013412 1.8474550247192383 0.0 0.0 0.0 1.0
-0.979619026184082 0.014984999783337116 0.20030400156974792 6.800540924072266 -0.20079800486564636 -0.09842000156641006 -0.9746760129928589 3.733275890350342 0.005107999779284 -0.995032012462616 0.09942299872636795 1.8481910228729248 0.0 0.0 0.0 1.0
-0.9799559712409973 0.01941699907183647 0.19826599955558777 6.792840003967285 -0.1992110013961792 -0.10046900063753128 -0.974793016910553 3.7331960201263428 0.0009919999865815043 -0.9947509765625 0.1023240014910698 1.8515510559082031 0.0 0.0 0.0 1.0
-0.9801620244979858 0.023399999365210533 0.1968110054731369 6.785027980804443 -0.19818100333213806 -0.10323499888181686 -0.9747139811515808 3.7328920364379883 -0.0024900001008063555 -0.9943820238113403 0.10582499951124191 1.8523730039596558 0.0 0.0 0.0 1.0
-0.9805150032043457 0.026851000264286995 0.1945990025997162 6.778090953826904 -0.1963540017604828 -0.10428400337696075 -0.9749720096588135 3.7323150634765625 -0.005884999874979258 -0.9941849708557129 0.10752499848604202 1.8542829751968384 0.0 0.0 0.0 1.0
-0.9807080030441284 0.031069999560713768 0.19299300014972687 6.7704758644104 -0.19523200392723083 -0.10617999732494354 -0.9749929904937744 3.730747938156128 -0.009801000356674194 -0.9938610196113586 0.1101979985833168 1.8524940013885498 0.0 0.0 0.0 1.0
-0.9811220169067383 0.03317499905824661 0.1905200034379959 6.763758182525635 -0.19298599660396576 -0.10455500334501266 -0.9756150245666504 3.729546070098877 -0.01244600024074316 -0.9939659833908081 0.10898300260305405 1.8537310361862183 0.0 0.0 0.0 1.0
-0.981531023979187 0.0352259986102581 0.18803000450134277 6.756958961486816 -0.19070599973201752 -0.10268499702215195 -0.9762619733810425 3.72707200050354 -0.015081999823451042 -0.9940900206565857 0.10750699788331985 1.8516089916229248 0.0 0.0 0.0 1.0
-0.9818670153617859 0.03698199987411499 0.18592999875545502 6.750132083892822 -0.188742995262146 -0.09905300289392471 -0.9770179986953735 3.7254579067230225 -0.017714999616146088 -0.9943950176239014 0.10423699766397476 1.8513230085372925 0.0 0.0 0.0 1.0
-0.9829699993133545 0.037808001041412354 0.17983700335025787 6.749149799346924 -0.18264199793338776 -0.09281700104475021 -0.9787889719009399 3.724713087081909 -0.02031400054693222 -0.9949650168418884 0.09814199805259705 1.8562660217285156 0.0 0.0 0.0 1.0
-0.9834380149841309 0.039570000022649765 0.17687200009822845 6.744380950927734 -0.17972800135612488 -0.08698300272226334 -0.9798629879951477 3.7219369411468506 -0.023388000205159187 -0.9954239726066589 0.0926550030708313 1.8555899858474731 0.0 0.0 0.0 1.0
-0.984050989151001 0.04102399945259094 0.17308899760246277 6.740922927856445 -0.17591500282287598 -0.08005499839782715 -0.9811450242996216 3.719106912612915 -0.02639400027692318 -0.9959459900856018 0.08599500358104706 1.8531769514083862 0.0 0.0 0.0 1.0
-0.9845619797706604 0.04329099878668785 0.16959799826145172 6.737082004547119 -0.17237000167369843 -0.0713300034403801 -0.982446014881134 3.7151379585266113 -0.03043299913406372 -0.9965130090713501 0.07769100368022919 1.8484959602355957 0.0 0.0 0.0 1.0
-0.98505699634552 0.04375600069761276 0.16657699644565582 6.732473850250244 -0.16903699934482574 -0.06031600013375282 -0.9837629795074463 3.711514949798584 -0.03299799934029579 -0.997219979763031 0.06681100279092789 1.8433150053024292 0.0 0.0 0.0 1.0
-0.9857490062713623 0.04374599829316139 0.16243299841880798 6.729337215423584 -0.1644349992275238 -0.046897999942302704 -0.985273003578186 3.7072229385375977 -0.03548400104045868 -0.9979410171508789 0.05342299863696098 1.8382149934768677 0.0 0.0 0.0 1.0
-0.9863449931144714 0.04488300159573555 0.15845699608325958 6.725924015045166 -0.159962996840477 -0.03220200166106224 -0.986598014831543 3.7027409076690674 -0.0391790010035038 -0.9984729886054993 0.03894200176000595 1.8312289714813232 0.0 0.0 0.0 1.0
-0.986723005771637 0.0453919991850853 0.1559399962425232 6.721865177154541 -0.15680000185966492 -0.01602100022137165 -0.9875010251998901 3.697882890701294 -0.04232599958777428 -0.9988409876823425 0.022926000878214836 1.8267309665679932 0.0 0.0 0.0 1.0
-0.9869639873504639 0.04777299985289574 0.15368899703025818 6.72076416015625 -0.15403099358081818 -0.003527000080794096 -0.9880599975585938 3.6934220790863037 -0.046661000698804855 -0.998852014541626 0.01083999965339899 1.818560004234314 0.0 0.0 0.0 1.0
-0.9868800044059753 0.050182998180389404 0.15345799922943115 6.719285011291504 -0.15314899384975433 0.009968999773263931 -0.9881529808044434 3.6901350021362305 -0.05111899971961975 -0.9986900091171265 -0.00215300009585917 1.8105180263519287 0.0 0.0 0.0 1.0
-0.9870020151138306 0.04873400181531906 0.15313799679279327 6.722424030303955 -0.15168899297714233 0.03219100087881088 -0.9879040122032166 3.687649965286255 -0.05307399854063988 -0.9982929825782776 -0.02438100054860115 1.8177690505981445 0.0 0.0 0.0 1.0
-0.9866970181465149 0.049341000616550446 0.15490299463272095 6.721628189086914 -0.15259400010108948 0.04757099971175194 -0.9871429800987244 3.684242010116577 -0.056074999272823334 -0.9976480007171631 -0.03940900042653084 1.8087899684906006 0.0 0.0 0.0 1.0
-0.9865350127220154 0.05018400028347969 0.1556600034236908 6.722774982452393 -0.15223999321460724 0.06599300354719162 -0.9861379861831665 3.6801810264587402 -0.05976099893450737 -0.9965569972991943 -0.057464998215436935 1.8007800579071045 0.0 0.0 0.0 1.0
-0.986549973487854 0.05074600130319595 0.15538600087165833 6.723313808441162 -0.15083199739456177 0.0837860032916069 -0.9850019812583923 3.6757869720458984 -0.06300400197505951 -0.9951909780502319 -0.07500500231981277 1.7932759523391724 0.0 0.0 0.0 1.0
-0.9867439866065979 0.04938900098204613 0.15458300709724426 6.722361087799072 -0.14925700426101685 0.09769199788570404 -0.9839609861373901 3.6716480255126953 -0.06369899958372116 -0.9939900040626526 -0.08902599662542343 1.7821979522705078 0.0 0.0 0.0 1.0
-0.9872069954872131 0.04837600141763687 0.15192699432373047 6.72283411026001 -0.14573200047016144 0.1127920001745224 -0.9828730225563049 3.6675820350646973 -0.06468400359153748 -0.9924399852752686 -0.10429900139570236 1.776203989982605 0.0 0.0 0.0 1.0
-0.987525999546051 0.046177998185157776 0.15052899718284607 6.723092079162598 -0.14376400411128998 0.12544499337673187 -0.9816290140151978 3.6655189990997314 -0.06421300023794174 -0.9910249710083008 -0.1172420009970665 1.768923044204712 0.0 0.0 0.0 1.0
-0.9878460168838501 0.043428000062704086 0.14924199879169464 6.724492073059082 -0.14191800355911255 0.13958999514579773 -0.9799870252609253 3.6624820232391357 -0.06339100003242493 -0.9892569780349731 -0.13173100352287292 1.763800024986267 0.0 0.0 0.0 1.0
-0.9882130026817322 0.041338998824357986 0.14740000665187836 6.72759485244751 -0.1395229995250702 0.1530349999666214 -0.9783220291137695 3.660959005355835 -0.06300099939107895 -0.9873560070991516 -0.1454640030860901 1.755363941192627 0.0 0.0 0.0 1.0
-0.9884830117225647 0.03932899981737137 0.14613400399684906 6.728764057159424 -0.13794000446796417 0.1630290001630783 -0.9769309759140015 3.6582579612731934 -0.06224599853157997 -0.9858369827270508 -0.15572600066661835 1.7464020252227783 0.0 0.0 0.0 1.0
-0.9887700080871582 0.04222999885678291 0.14335300028324127 6.734206199645996 -0.13397899270057678 0.17445799708366394 -0.9755070209503174 3.658843994140625 -0.06620500236749649 -0.9837589859962463 -0.16684100031852722 1.7364710569381714 0.0 0.0 0.0 1.0
-0.9888370037078857 0.04306099936366081 0.14264099299907684 6.737968921661377 -0.13247400522232056 0.1841149926185608 -0.9739369750022888 3.6576359272003174 -0.06820099800825119 -0.9819610118865967 -0.1763550043106079 1.7317490577697754 0.0 0.0 0.0 1.0
-0.9885979890823364 0.04499199986457825 0.14370200037956238 6.738894939422607 -0.13249799609184265 0.19351600110530853 -0.9721090197563171 3.6566550731658936 -0.07154600322246552 -0.9800649881362915 -0.1853480041027069 1.7267299890518188 0.0 0.0 0.0 1.0
-0.9887440204620361 0.044576000422239304 0.14282099902629852 6.74204683303833 -0.1312350034713745 0.20002399384975433 -0.9709619879722595 3.6566898822784424 -0.07184900343418121 -0.9787769913673401 -0.19192199409008026 1.7156120538711548 0.0 0.0 0.0 1.0
-0.9890810251235962 0.0415400005877018 0.1413940042257309 6.744748115539551 -0.1297149956226349 0.20996199548244476 -0.9690669775009155 3.65541410446167 -0.06994199752807617 -0.9768270254135132 -0.20228099822998047 1.705314040184021 0.0 0.0 0.0 1.0
-0.9893779754638672 0.03924199938774109 0.1399639993906021 6.744595050811768 -0.1279979944229126 0.2211569994688034 -0.9668020009994507 3.652985095977783 -0.06889399886131287 -0.974448025226593 -0.21378499269485474 1.6923019886016846 0.0 0.0 0.0 1.0
-0.9903339743614197 0.03728200122714043 0.13359899818897247 6.749182224273682 -0.12115100026130676 0.23647400736808777 -0.9640550017356873 3.6502881050109863 -0.06753399968147278 -0.9709219932556152 -0.22967100143432617 1.6840720176696777 0.0 0.0 0.0 1.0
-0.9913150072097778 0.03546199947595596 0.1266379952430725 6.751957893371582 -0.11382299661636353 0.2509709894657135 -0.9612789750099182 3.6475670337677 -0.06587100028991699 -0.9673449993133545 -0.24475499987602234 1.6749860048294067 0.0 0.0 0.0 1.0
-0.9922249913215637 0.03309300169348717 0.11997800320386887 6.75560998916626 -0.10698500275611877 0.2657740116119385 -0.9580810070037842 3.6452219486236572 -0.06359300017356873 -0.963467001914978 -0.2601670026779175 1.6701890230178833 0.0 0.0 0.0 1.0
-0.9927740097045898 0.032214000821113586 0.11559499800205231 6.757309913635254 -0.10234399884939194 0.27566200494766235 -0.9557909965515137 3.6421010494232178 -0.0626550018787384 -0.9607149958610535 -0.27037400007247925 1.661784052848816 0.0 0.0 0.0 1.0
-0.9935870170593262 0.02130799926817417 0.11104200035333633 6.758556842803955 -0.10061799734830856 0.281360000371933 -0.9543120265007019 3.6400089263916016 -0.05157700181007385 -0.9593660235404968 -0.2774119973182678 1.646407961845398 0.0 0.0 0.0 1.0
-0.9932600259780884 0.020841000601649284 0.11401599645614624 6.754405975341797 -0.10317700356245041 0.2891960144042969 -0.9516929984092712 3.639842987060547 -0.052806999534368515 -0.9570429921150208 -0.28509700298309326 1.6299149990081787 0.0 0.0 0.0 1.0
-0.9933819770812988 0.018890999257564545 0.11329100281000137 6.757099151611328 -0.10219699889421463 0.30476999282836914 -0.946927011013031 3.6383121013641357 -0.05241600051522255 -0.9522389769554138 -0.300821989774704 1.617118000984192 0.0 0.0 0.0 1.0
-0.9935070276260376 0.01603900082409382 0.112636998295784 6.760024070739746 -0.10126300156116486 0.3266650140285492 -0.9397000074386597 3.634474992752075 -0.05186700075864792 -0.9450039863586426 -0.32291901111602783 1.6088910102844238 0.0 0.0 0.0 1.0
-0.9939240217208862 0.013163000345230103 0.10927999764680862 6.760754108428955 -0.09795600175857544 0.34702301025390625 -0.9327269792556763 3.6306540966033936 -0.050200000405311584 -0.9377639889717102 -0.343625009059906 1.6025710105895996 0.0 0.0 0.0 1.0
-0.9947500228881836 0.010483999736607075 0.10179699957370758 6.762382984161377 -0.0909850001335144 0.3647310137748718 -0.9266570210456848 3.6251978874206543 -0.0468440018594265 -0.9310539960861206 -0.3618620038032532 1.5968010425567627 0.0 0.0 0.0 1.0
-0.9953370094299316 0.010608999989926815 0.09586899727582932 6.761763095855713 -0.08470100164413452 0.3793340027332306 -0.9213749766349792 3.622123956680298 -0.04614200070500374 -0.9251989722251892 -0.37666699290275574 1.588513970375061 0.0 0.0 0.0 1.0
-0.9959030151367188 0.012206999585032463 0.0895949974656105 6.762325763702393 -0.07756499946117401 0.39392799139022827 -0.9158620238304138 3.61775803565979 -0.046473998576402664 -0.9190599918365479 -0.39136800169944763 1.582698941230774 0.0 0.0 0.0 1.0
-0.996097981929779 0.014103000052273273 0.08711600303649902 6.760512828826904 -0.07400300353765488 0.40432700514793396 -0.9116160273551941 3.615017890930176 -0.04808000102639198 -0.9145060181617737 -0.4017049968242645 1.5762269496917725 0.0 0.0 0.0 1.0
-0.9964399933815002 0.015163999982178211 0.08293300122022629 6.760903835296631 -0.06918700039386749 0.4150499999523163 -0.9071639776229858 3.6120429039001465 -0.048177000135183334 -0.9096720218658447 -0.4125230014324188 1.568809986114502 0.0 0.0 0.0 1.0
-0.9974449872970581 0.01011900044977665 0.07071799784898758 6.773595809936523 -0.0594400018453598 0.4315580129623413 -0.9001240134239197 3.6078639030456543 -0.03962700068950653 -0.9020280241966248 -0.42985400557518005 1.5674450397491455 0.0 0.0 0.0 1.0
-0.9976099729537964 0.012045999988913536 0.06803999841213226 6.767889976501465 -0.05573200061917305 0.44181400537490845 -0.8953740000724792 3.606674909591675 -0.040846001356840134 -0.897026002407074 -0.4400869905948639 1.5564839839935303 0.0 0.0 0.0 1.0
-0.9980030059814453 0.014802999794483185 0.0613970011472702 6.765285015106201 -0.047954000532627106 0.45501500368118286 -0.8891909718513489 3.6018710136413574 -0.041099000722169876 -0.8903599977493286 -0.4533970057964325 1.5513759851455688 0.0 0.0 0.0 1.0
-0.9983090162277222 0.01926399953663349 0.05484899878501892 6.761754989624023 -0.03966199979186058 0.46409499645233154 -0.884896993637085 3.598443031311035 -0.042500998824834824 -0.8855760097503662 -0.4625459909439087 1.5466209650039673 0.0 0.0 0.0 1.0
-0.9986129999160767 0.021851999685168266 0.047906000167131424 6.758917808532715 -0.03190600126981735 0.4726400077342987 -0.8806779980659485 3.595036029815674 -0.04188700020313263 -0.8809850215911865 -0.4712870121002197 1.5415970087051392 0.0 0.0 0.0 1.0
-0.9988070130348206 0.026288999244570732 0.041133999824523926 6.754785060882568 -0.023399999365210533 0.4816739857196808 -0.8760380148887634 3.592423915863037 -0.04284299910068512 -0.8759559988975525 -0.4804840087890625 1.5359090566635132 0.0 0.0 0.0 1.0
-0.9988660216331482 0.031052999198436737 0.03607900068163872 6.748776912689209 -0.01616399921476841 0.4916110038757324 -0.8706650137901306 3.5893208980560303 -0.044773999601602554 -0.870261013507843 -0.4905509948730469 1.5312199592590332 0.0 0.0 0.0 1.0
-0.9988129734992981 0.036952000111341476 0.0317390002310276 6.742308139801025 -0.008942999877035618 0.5013960003852844 -0.8651720285415649 3.586556911468506 -0.04788300022482872 -0.8644289970397949 -0.500469982624054 1.527297019958496 0.0 0.0 0.0 1.0
-0.9987630248069763 0.042291998863220215 0.026131000369787216 6.735683917999268 -0.0009379999828524888 0.5095070004463196 -0.8604660034179688 3.5846219062805176 -0.04970499873161316 -0.8594269752502441 -0.5088369846343994 1.5217889547348022 0.0 0.0 0.0 1.0
-0.9986420273780823 0.048955000936985016 0.017821000888943672 6.729647159576416 0.010085999965667725 0.5172579884529114 -0.8557699918746948 3.5827488899230957 -0.05111299827694893 -0.8544279932975769 -0.5170490145683289 1.5184249877929688 0.0 0.0 0.0 1.0
-0.9985139966011047 0.05423500016331673 0.005322999786585569 6.723951816558838 0.023910000920295715 0.5237789750099182 -0.851518988609314 3.577558994293213 -0.04897100105881691 -0.8501260280609131 -0.5242969989776611 1.5180599689483643 0.0 0.0 0.0 1.0
-0.9981909990310669 0.059808000922203064 -0.006184000056236982 6.715806007385254 0.036786001175642014 0.5261009931564331 -0.8496260046958923 3.5764191150665283 -0.047561999410390854 -0.8483160138130188 -0.5273489952087402 1.514847993850708 0.0 0.0 0.0 1.0
-0.9976840019226074 0.06525500118732452 -0.019213000312447548 6.709060192108154 0.0508509986102581 0.5278210043907166 -0.8478320240974426 3.576127052307129 -0.045184001326560974 -0.8468449711799622 -0.5299170017242432 1.5108109712600708 0.0 0.0 0.0 1.0
-0.9969450235366821 0.07113900035619736 -0.032235998660326004 6.702733993530273 0.06519000232219696 0.5306339859962463 -0.8450909852981567 3.5744709968566895 -0.04301299899816513 -0.8446109890937805 -0.5336509943008423 1.5074900388717651 0.0 0.0 0.0 1.0
-0.9960110187530518 0.0784360021352768 -0.042539000511169434 6.694011211395264 0.07794699817895889 0.5328059792518616 -0.8426399827003479 3.5744950771331787 -0.043428000062704086 -0.8425949811935425 -0.5367940068244934 1.5042370557785034 0.0 0.0 0.0 1.0
-0.9948700070381165 0.08682999759912491 -0.05190199986100197 6.685378074645996 0.09061499685049057 0.5368559956550598 -0.8387939929962158 3.5731050968170166 -0.044968001544475555 -0.8391939997673035 -0.5419700145721436 1.5026580095291138 0.0 0.0 0.0 1.0
-0.9934729933738708 0.09581399708986282 -0.06190099939703941 6.677588939666748 0.10407800227403641 0.5392699837684631 -0.8356760144233704 3.573103904724121 -0.04668800160288811 -0.8366640210151672 -0.545723021030426 1.4997789859771729 0.0 0.0 0.0 1.0
-0.9918389916419983 0.10595700144767761 -0.07091599702835083 6.667998790740967 0.11743299663066864 0.5425660014152527 -0.8317639827728271 3.570702075958252 -0.0496550016105175 -0.8333039879798889 -0.5505809783935547 1.499690055847168 0.0 0.0 0.0 1.0
-0.9900069832801819 0.11525099724531174 -0.08126100152730942 6.658857822418213 0.13124799728393555 0.5422930121421814 -0.8298749923706055 3.5700979232788086 -0.05157700181007385 -0.8322470188140869 -0.5519999861717224 1.497933030128479 0.0 0.0 0.0 1.0
-0.9878960251808167 0.12415199726819992 -0.09299000352621078 6.650084018707275 0.14595800638198853 0.5410640239715576 -0.8282189965248108 3.569056987762451 -0.05251200124621391 -0.8317670226097107 -0.5526360273361206 1.4974579811096191 0.0 0.0 0.0 1.0
-0.9862470030784607 0.13320599496364594 -0.09783700108528137 6.6331892013549805 0.15505899488925934 0.5408579707145691 -0.8266980051994324 3.565753936767578 -0.05720499902963638 -0.830498993396759 -0.5540739893913269 1.4991979598999023 0.0 0.0 0.0 1.0
-0.9841259717941284 0.14066100120544434 -0.10821600258350372 6.622366905212402 0.16782499849796295 0.5393099784851074 -0.8252149820327759 3.5659689903259277 -0.05771400034427643 -0.8302770256996155 -0.5543550252914429 1.4967249631881714 0.0 0.0 0.0 1.0
-0.9785119891166687 0.16042500734329224 -0.1295280009508133 6.60080623626709 0.19686099886894226 0.5400739908218384 -0.8182700276374817 3.5622260570526123 -0.06131599843502045 -0.8261860013008118 -0.5600510239601135 1.4943360090255737 0.0 0.0 0.0 1.0
-0.9748370051383972 0.17283500730991364 -0.14078399538993835 6.589151859283447 0.2132669985294342 0.5392860174179077 -0.8146700263023376 3.556889057159424 -0.06488099694252014 -0.8241959810256958 -0.5625759959220886 1.4960050582885742 0.0 0.0 0.0 1.0
-0.9706439971923828 0.18522599339485168 -0.15342800319194794 6.578226089477539 0.23050500452518463 0.5342450141906738 -0.8132950067520142 3.553189992904663 -0.06867499649524689 -0.8247870206832886 -0.5612580180168152 1.495771050453186 0.0 0.0 0.0 1.0
-0.9661359786987305 0.19850300252437592 -0.16485600173473358 6.565386772155762 0.24727100133895874 0.5296440124511719 -0.811378002166748 3.5485610961914062 -0.07374600321054459 -0.8246660232543945 -0.5607920289039612 1.4968730211257935 0.0 0.0 0.0 1.0
-0.9611539840698242 0.21148599684238434 -0.1773570030927658 6.553918838500977 0.26456600427627563 0.5228009819984436 -0.8103600144386292 3.543898105621338 -0.07865799963474274 -0.8258039951324463 -0.5584440231323242 1.4964029788970947 0.0 0.0 0.0 1.0
-0.9562199711799622 0.22361800074577332 -0.18877799808979034 6.541669845581055 0.28015100955963135 0.5129839777946472 -0.8113960027694702 3.5379440784454346 -0.0846019983291626 -0.828760027885437 -0.5531719923019409 1.498039960861206 0.0 0.0 0.0 1.0
-0.9522889852523804 0.23255600035190582 -0.19764000177383423 6.5297770500183105 0.2912079989910126 0.4985780119895935 -0.8164659738540649 3.5331130027770996 -0.0913349986076355 -0.8350669741630554 -0.5425140261650085 1.4987260103225708 0.0 0.0 0.0 1.0
-0.9491789937019348 0.24071399867534637 -0.2027679979801178 6.515116214752197 0.29868200421333313 0.48579999804496765 -0.8214539885520935 3.528233051300049 -0.09923099726438522 -0.84027099609375 -0.5330079793930054 1.5003210306167603 0.0 0.0 0.0 1.0
-0.9484320282936096 0.24274900555610657 -0.20383499562740326 6.496929168701172 0.2995240092277527 0.47588399052619934 -0.8269339799880981 3.5241711139678955 -0.10373599827289581 -0.8453450202941895 -0.5240529775619507 1.498594045639038 0.0 0.0 0.0 1.0
-0.9451559782028198 0.24781200289726257 -0.21276600658893585 6.477971076965332 0.309222012758255 0.46914100646972656 -0.8272169828414917 3.5172109603881836 -0.10517700016498566 -0.8476409912109375 -0.5200409889221191 1.4970799684524536 0.0 0.0 0.0 1.0
-0.9407029747962952 0.2512420117855072 -0.2279359996318817 6.462000846862793 0.3238449990749359 0.4650479853153229 -0.8239259719848633 3.509192943572998 -0.10100399702787399 -0.8488860130310059 -0.5188360214233398 1.4951510429382324 0.0 0.0 0.0 1.0
-0.9348660111427307 0.2537130117416382 -0.24830499291419983 6.443360805511475 0.3427470028400421 0.4628849923610687 -0.8174729943275452 3.497231960296631 -0.09246599674224854 -0.8493329882621765 -0.519694983959198 1.4933979511260986 0.0 0.0 0.0 1.0
-0.9284020066261292 0.2566869854927063 -0.26866400241851807 6.423633098602295 0.36197400093078613 0.46145400404930115 -0.8099600076675415 3.4850339889526367 -0.08393000066280365 -0.8492180109024048 -0.5213289856910706 1.4923369884490967 0.0 0.0 0.0 1.0
-0.9216039776802063 0.2599419951438904 -0.2882300019264221 6.4041361808776855 0.38062000274658203 0.45988398790359497 -0.8022680282592773 3.4730300903320312 -0.07598999887704849 -0.8490800261497498 -0.5227699875831604 1.4919190406799316 0.0 0.0 0.0 1.0
-0.9148719906806946 0.2654789984226227 -0.3041880130767822 6.382880210876465 0.3971729874610901 0.4563950002193451 -0.7962139844894409 3.4609858989715576 -0.07254800200462341 -0.849249005317688 -0.5229840278625488 1.4921519756317139 0.0 0.0 0.0 1.0
-0.9074580073356628 0.27592000365257263 -0.3168399930000305 6.367373943328857 0.4134030044078827 0.451867014169693 -0.7905150055885315 3.448251962661743 -0.0749489963054657 -0.8483420014381409 -0.5241169929504395 1.4940509796142578 0.0 0.0 0.0 1.0
-0.9037839770317078 0.28195101022720337 -0.3219889998435974 6.3439040184021 0.42087000608444214 0.44886401295661926 -0.7882819771766663 3.4368059635162354 -0.07772800326347351 -0.8479530215263367 -0.5243409872055054 1.49747896194458 0.0 0.0 0.0 1.0
-0.8993470072746277 0.2837829887866974 -0.3326280117034912 6.326007843017578 0.4307500123977661 0.44451600313186646 -0.7854040265083313 3.4250540733337402 -0.0750259980559349 -0.8496310114860535 -0.5220140218734741 1.4992949962615967 0.0 0.0 0.0 1.0
-0.894366979598999 0.28496500849723816 -0.3448219895362854 6.316691875457764 0.44222700595855713 0.4470919966697693 -0.777525007724762 3.412619113922119 -0.0674000009894371 -0.8478819727897644 -0.5258830189704895 1.5046910047531128 0.0 0.0 0.0 1.0
-0.8887119889259338 0.2846049964427948 -0.35943201184272766 6.2965779304504395 0.45460501313209534 0.4455049932003021 -0.7712709903717041 3.402853012084961 -0.05937900021672249 -0.8488379716873169 -0.5253080129623413 1.5055099725723267 0.0 0.0 0.0 1.0
-0.8823999762535095 0.28470999002456665 -0.3745810091495514 6.27687406539917 0.4677479863166809 0.44483399391174316 -0.7637640237808228 3.3908491134643555 -0.05082499980926514 -0.849153995513916 -0.5256940126419067 1.5076830387115479 0.0 0.0 0.0 1.0
-0.8757020235061646 0.28714099526405334 -0.3881959915161133 6.256830215454102 0.4806259870529175 0.4412490129470825 -0.7578240036964417 3.3767879009246826 -0.04631099849939346 -0.8502050042152405 -0.5244100093841553 1.5117650032043457 0.0 0.0 0.0 1.0
-0.8699349761009216 0.28711700439453125 -0.4009700119495392 6.237182140350342 0.4912869930267334 0.4336189925670624 -0.7553880214691162 3.366179943084717 -0.04301699995994568 -0.8541300296783447 -0.5182769894599915 1.5132789611816406 0.0 0.0 0.0 1.0
-0.8630610108375549 0.29062899947166443 -0.41311100125312805 6.217181205749512 0.5033339858055115 0.4265249967575073 -0.7514860033988953 3.3573451042175293 -0.04220199957489967 -0.8565109968185425 -0.5144000053405762 1.5113190412521362 0.0 0.0 0.0 1.0
-0.8557689785957336 0.29851099848747253 -0.4225519895553589 6.197793960571289 0.5156270265579224 0.42535701394081116 -0.7437750101089478 3.349020004272461 -0.04228900000452995 -0.8543789982795715 -0.5179269909858704 1.5112570524215698 0.0 0.0 0.0 1.0
-0.8485959768295288 0.3070099949836731 -0.4308469891548157 6.176465034484863 0.5273740291595459 0.4263010025024414 -0.7349449992179871 3.3375070095062256 -0.041965000331401825 -0.8508890271186829 -0.5236669778823853 1.513914942741394 0.0 0.0 0.0 1.0
-0.8418639898300171 0.3143259882926941 -0.43870699405670166 6.1597747802734375 0.537962019443512 0.42375901341438293 -0.7287150025367737 3.3265271186828613 -0.04314799979329109 -0.8494859933853149 -0.5258430242538452 1.5161080360412598 0.0 0.0 0.0 1.0
-0.836866021156311 0.32066598534584045 -0.4436529874801636 6.142037868499756 0.5454339981079102 0.4196949899196625 -0.725504994392395 3.3172249794006348 -0.046445999294519424 -0.8491340279579163 -0.5261309742927551 1.5183570384979248 0.0 0.0 0.0 1.0
-0.8329690098762512 0.3220590054988861 -0.4499340057373047 6.1312360763549805 0.5516939759254456 0.4211220145225525 -0.7199230194091797 3.298513889312744 -0.04238099977374077 -0.8478990197181702 -0.5284600257873535 1.5218429565429688 0.0 0.0 0.0 1.0
-0.8292440176010132 0.32615500688552856 -0.4538480043411255 6.112168788909912 0.5571010112762451 0.41750800609588623 -0.7178620100021362 3.2916810512542725 -0.04464900121092796 -0.8481220006942749 -0.5279170274734497 1.5203969478607178 0.0 0.0 0.0 1.0
-0.8251410126686096 0.3297260105609894 -0.4587189853191376 6.0918498039245605 0.5632380247116089 0.4174329936504364 -0.713100016117096 3.283308982849121 -0.04364300146698952 -0.846776008605957 -0.5301550030708313 1.519618034362793 0.0 0.0 0.0 1.0
-0.8206909894943237 0.3322089910507202 -0.4648689925670624 6.072894096374512 0.5699470043182373 0.41854599118232727 -0.7070919871330261 3.2762060165405273 -0.04033400118350983 -0.8452550172805786 -0.532837986946106 1.5169800519943237 0.0 0.0 0.0 1.0
-0.8161739706993103 0.33647701144218445 -0.46972599625587463 6.052605152130127 0.576557993888855 0.42087000608444214 -0.7003210186958313 3.2699239253997803 -0.03794800117611885 -0.8424080014228821 -0.5375019907951355 1.5144970417022705 0.0 0.0 0.0 1.0
-0.812762975692749 0.34117698669433594 -0.472243994474411 6.034102916717529 0.5814560055732727 0.4243830144405365 -0.6941239833831787 3.2610840797424316 -0.036407001316547394 -0.8387479782104492 -0.5433019995689392 1.5149610042572021 0.0 0.0 0.0 1.0
-0.8116120100021362 0.34369900822639465 -0.4723939895629883 6.01383113861084 0.5829470157623291 0.4236209988594055 -0.6933379769325256 3.2522289752960205 -0.038182999938726425 -0.8381029963493347 -0.5441740155220032 1.5168980360031128 0.0 0.0 0.0 1.0
-0.8123120069503784 0.34172800183296204 -0.47262099385261536 5.997104167938232 0.581836998462677 0.4190030097961426 -0.6970670223236084 3.24462890625 -0.04017699882388115 -0.8412250280380249 -0.5391910076141357 1.5184299945831299 0.0 0.0 0.0 1.0
-0.8135740160942078 0.3406960070133209 -0.47119298577308655 5.973045825958252 0.5798109769821167 0.4143339991569519 -0.7015320062637329 3.2401158809661865 -0.04377799853682518 -0.8439509868621826 -0.5346310138702393 1.5175909996032715 0.0 0.0 0.0 1.0
-0.8147979974746704 0.3371419906616211 -0.47163400053977966 5.951381206512451 0.5782790184020996 0.41481998562812805 -0.7025079727172852 3.2304959297180176 -0.04120200127363205 -0.8451380133628845 -0.5329570174217224 1.5215129852294922 0.0 0.0 0.0 1.0
-0.8154850006103516 0.33264899253845215 -0.4736340045928955 5.93128776550293 0.5774379968643188 0.4119260013103485 -0.7049000263214111 3.2173469066619873 -0.039381999522447586 -0.8483290076255798 -0.5280029773712158 1.5282180309295654 0.0 0.0 0.0 1.0
-0.8192600011825562 0.32534798979759216 -0.4721890091896057 5.910940170288086 0.5721219778060913 0.4083380103111267 -0.7112929821014404 3.2161550521850586 -0.03860500082373619 -0.852882981300354 -0.5206739902496338 1.52263605594635 0.0 0.0 0.0 1.0
-0.8231499791145325 0.3227199912071228 -0.46720001101493835 5.89185905456543 0.5664780139923096 0.41012299060821533 -0.7147740125656128 3.2161080837249756 -0.039062999188899994 -0.8530250191688538 -0.5204060077667236 1.517003059387207 0.0 0.0 0.0 1.0
-0.825534999370575 0.3232330083847046 -0.4626150131225586 5.873692989349365 0.5630239844322205 0.4155220091342926 -0.7143849730491638 3.208132028579712 -0.03868599981069565 -0.8502129912376404 -0.5250160098075867 1.5169659852981567 0.0 0.0 0.0 1.0
-0.8275359869003296 0.32508599758148193 -0.4577150046825409 5.853391170501709 0.5599679946899414 0.4194850027561188 -0.7144709825515747 3.199328899383545 -0.04025999829173088 -0.8475559949874878 -0.5291759967803955 1.522326946258545 0.0 0.0 0.0 1.0
-0.8292269706726074 0.3257859945297241 -0.4541440010070801 5.834199905395508 0.5572760105133057 0.41981199383735657 -0.7163810133934021 3.1899139881134033 -0.04273200035095215 -0.8471260070800781 -0.5296720266342163 1.5319130420684814 0.0 0.0 0.0 1.0
-0.8304370045661926 0.32265299558639526 -0.45416900515556335 5.817564964294434 0.555279016494751 0.4132789969444275 -0.7217100262641907 3.181382894515991 -0.045162998139858246 -0.8515250086784363 -0.5223640203475952 1.5327509641647339 0.0 0.0 0.0 1.0
-0.8341019749641418 0.3190149962902069 -0.4500040113925934 5.797403812408447 0.5494199991226196 0.40783101320266724 -0.7292540073394775 3.182276964187622 -0.04911800101399422 -0.8555129766464233 -0.5154460072517395 1.5268219709396362 0.0 0.0 0.0 1.0
-0.8367329835891724 0.32103198766708374 -0.44363999366760254 5.778470993041992 0.5449740290641785 0.4087510108947754 -0.7320700287818909 3.1804590225219727 -0.053679998964071274 -0.8543189764022827 -0.5169690251350403 1.52013099193573 0.0 0.0 0.0 1.0
-0.8374360203742981 0.3256550133228302 -0.43891799449920654 5.76307487487793 0.543819010257721 0.41655299067497253 -0.728522002696991 3.173779010772705 -0.05441400036215782 -0.848783016204834 -0.5259349942207336 1.5203219652175903 0.0 0.0 0.0 1.0
-0.8358349800109863 0.3348209857940674 -0.43505701422691345 5.738461971282959 0.5459629893302917 0.42399999499320984 -0.7225980162620544 3.1622140407562256 -0.05747700110077858 -0.8414980173110962 -0.537194013595581 1.5275059938430786 0.0 0.0 0.0 1.0
-0.8325859904289246 0.33894601464271545 -0.4380829930305481 5.715734958648682 0.5510079860687256 0.42615100741386414 -0.7174860239028931 3.149035930633545 -0.05649900063872337 -0.8387550115585327 -0.5415689945220947 1.528872013092041 0.0 0.0 0.0 1.0
-0.8282020092010498 0.34168899059295654 -0.4442189931869507 5.697512149810791 0.5577290058135986 0.42478400468826294 -0.7130900025367737 3.1407721042633057 -0.054958000779151917 -0.8383359909057617 -0.5423769950866699 1.527804970741272 0.0 0.0 0.0 1.0
-0.8230379819869995 0.3461579978466034 -0.450314998626709 5.681625843048096 0.5652559995651245 0.42153000831604004 -0.7090830206871033 3.1378889083862305 -0.055633001029491425 -0.8381450176239014 -0.5426030158996582 1.522225022315979 0.0 0.0 0.0 1.0
-0.8176990151405334 0.3520199954509735 -0.45546799898147583 5.657270908355713 0.5729349851608276 0.42097601294517517 -0.7032250165939331 3.130613088607788 -0.05580800026655197 -0.8359789848327637 -0.5459160208702087 1.5172959566116333 0.0 0.0 0.0 1.0
-0.810554027557373 0.3600969910621643 -0.4618789851665497 5.632680892944336 0.5830600261688232 0.4218739867210388 -0.6943079829216003 3.12034010887146 -0.055163998156785965 -0.8320770263671875 -0.5519099831581116 1.5185879468917847 0.0 0.0 0.0 1.0
-0.8007779717445374 0.36751800775527954 -0.4729529917240143 5.611983776092529 0.5966389775276184 0.419981986284256 -0.6838399767875671 3.1072089672088623 -0.052691999822854996 -0.8297860026359558 -0.5555880069732666 1.518149971961975 0.0 0.0 0.0 1.0
-0.7913150191307068 0.37272199988365173 -0.4846639931201935 5.590473175048828 0.6093710064888 0.4161059856414795 -0.6749250292778015 3.0966479778289795 -0.0498879998922348 -0.8294180035591125 -0.5563960075378418 1.5149229764938354 0.0 0.0 0.0 1.0
-0.7812790274620056 0.3782219886779785 -0.49654000997543335 5.565793037414551 0.6223300099372864 0.4107629954814911 -0.6663179993629456 3.087315082550049 -0.04805599898099899 -0.8295909762382507 -0.5562999844551086 1.5089900493621826 0.0 0.0 0.0 1.0
-0.7698730230331421 0.3839089870452881 -0.5098130106925964 5.54453706741333 0.6366590261459351 0.406578004360199 -0.6552559733390808 3.076766014099121 -0.044280000030994415 -0.8290410041809082 -0.5574319958686829 1.5040639638900757 0.0 0.0 0.0 1.0
-0.7443029880523682 0.4059540033340454 -0.5302960276603699 5.4942498207092285 0.6660090088844299 0.3924010097980499 -0.6343920230865479 3.060422897338867 -0.04944499954581261 -0.8253620266914368 -0.5624340176582336 1.5007120370864868 0.0 0.0 0.0 1.0
-0.7315670251846313 0.4112600088119507 -0.5437600016593933 5.472837924957275 0.6800330281257629 0.3832710087299347 -0.6250270009040833 3.0418310165405273 -0.04864099994301796 -0.827023983001709 -0.5600590109825134 1.4978810548782349 0.0 0.0 0.0 1.0
-0.7222489714622498 0.4127900004386902 -0.5549420118331909 5.446556091308594 0.6899030208587646 0.3732599914073944 -0.6202509999275208 3.0321381092071533 -0.04889500141143799 -0.8308320045471191 -0.5543720126152039 1.498487949371338 0.0 0.0 0.0 1.0
-0.695937991142273 0.41036200523376465 -0.5892990231513977 5.392923831939697 0.7168899774551392 0.3493730127811432 -0.6033290028572083 3.0077219009399414 -0.04169800132513046 -0.8423429727554321 -0.5373259782791138 1.4958449602127075 0.0 0.0 0.0 1.0
-0.6779369711875916 0.41166698932647705 -0.6090409755706787 5.3690619468688965 0.7342190146446228 0.33816999197006226 -0.5886970162391663 2.9934630393981934 -0.03638799861073494 -0.8462690114974976 -0.5315120220184326 1.4954309463500977 0.0 0.0 0.0 1.0
-0.6574500203132629 0.416471004486084 -0.6279420256614685 5.346704006195068 0.7527790069580078 0.326649010181427 -0.5715100169181824 2.9815139770507812 -0.03290100023150444 -0.8484410047531128 -0.5282670259475708 1.4934459924697876 0.0 0.0 0.0 1.0
-0.6155310273170471 0.42264699935913086 -0.6651999950408936 5.28134298324585 0.7877259850502014 0.303505003452301 -0.5360710024833679 2.9579660892486572 -0.02467699907720089 -0.8539639711380005 -0.5197470188140869 1.5035979747772217 0.0 0.0 0.0 1.0
-0.5919679999351501 0.41880398988723755 -0.688605010509491 5.263479232788086 0.8057019710540771 0.28581300377845764 -0.5188030004501343 2.9461429119110107 -0.02046399936079979 -0.8619250059127808 -0.5066230297088623 1.5070040225982666 0.0 0.0 0.0 1.0
-0.5490540266036987 0.41933000087738037 -0.7229809761047363 5.217415809631348 0.8355330228805542 0.2540540099143982 -0.4871770143508911 2.934556007385254 -0.020611999556422234 -0.8715609908103943 -0.48985400795936584 1.5080499649047852 0.0 0.0 0.0 1.0
-0.5262709856033325 0.4253169894218445 -0.736303985118866 5.197278022766113 0.8502110242843628 0.24956099689006805 -0.4635300040245056 2.9259281158447266 -0.013395000249147415 -0.8699569702148438 -0.49294599890708923 1.511957049369812 0.0 0.0 0.0 1.0
-0.4837050139904022 0.4499250054359436 -0.7507299780845642 5.20639705657959 0.8749539852142334 0.2269970029592514 -0.4277009963989258 2.9025208950042725 -0.022019999101758003 -0.8637359738349915 -0.5034639835357666 1.5263899564743042 0.0 0.0 0.0 1.0
-0.4622969925403595 0.4514780044555664 -0.7631829977035522 5.183378219604492 0.8865180015563965 0.21673500537872314 -0.40879198908805847 2.898961067199707 -0.019152000546455383 -0.865559995174408 -0.5004400014877319 1.5331740379333496 0.0 0.0 0.0 1.0
-0.4433879852294922 0.44932499527931213 -0.7755730152130127 5.160356044769287 0.8961949944496155 0.20722700655460358 -0.39228999614715576 2.891084909439087 -0.015545999631285667 -0.8690009713172913 -0.4945650100708008 1.5360389947891235 0.0 0.0 0.0 1.0
-0.42814499139785767 0.4479059875011444 -0.7849019765853882 5.137975215911865 0.903581976890564 0.19757500290870667 -0.38013601303100586 2.8864099979400635 -0.015189000405371189 -0.8719769716262817 -0.48931100964546204 1.5404510498046875 0.0 0.0 0.0 1.0
-0.41799598932266235 0.4418160021305084 -0.7937750220298767 5.116876125335693 0.9083470106124878 0.19017399847507477 -0.3724769949913025 2.885267972946167 -0.013611000031232834 -0.8767169713973999 -0.48081400990486145 1.542037010192871 0.0 0.0 0.0 1.0
-0.40842801332473755 0.43606799840927124 -0.8018919825553894 5.099061012268066 0.9127069711685181 0.18325099349021912 -0.36521801352500916 2.881253957748413 -0.012311999686062336 -0.8810579776763916 -0.47284701466560364 1.54509699344635 0.0 0.0 0.0 1.0
-0.4041999876499176 0.42878299951553345 -0.8079400062561035 5.076755046844482 0.9146080017089844 0.17915800213813782 -0.3624829947948456 2.8809969425201416 -0.010677999816834927 -0.8854650259017944 -0.46458399295806885 1.5495760440826416 0.0 0.0 0.0 1.0
-0.4025059938430786 0.4181469976902008 -0.8143349885940552 5.060362815856934 0.915382981300354 0.17611199617385864 -0.36201998591423035 2.8804500102996826 -0.007962999865412712 -0.8911439776420593 -0.4536510109901428 1.5513399839401245 0.0 0.0 0.0 1.0
-0.4025830030441284 0.40933799743652344 -0.8187609910964966 5.043243885040283 0.9153670072555542 0.17467699944972992 -0.3627550005912781 2.877919912338257 -0.005470000207424164 -0.8955050110816956 -0.445017009973526 1.5546599626541138 0.0 0.0 0.0 1.0
-0.4020180106163025 0.39858099818229675 -0.8243269920349121 5.028319835662842 0.9156219959259033 0.17091700434684753 -0.36390000581741333 2.8773539066314697 -0.0041519999504089355 -0.90106600522995 -0.43366101384162903 1.5593589544296265 0.0 0.0 0.0 1.0
-0.39877399802207947 0.38635000586509705 -0.8316929936408997 5.028923034667969 0.917048990726471 0.1675270050764084 -0.36187800765037537 2.8577980995178223 -0.0004799999878741801 -0.9070109724998474 -0.4211080074310303 1.560276985168457 0.0 0.0 0.0 1.0
-0.40039798617362976 0.37760400772094727 -0.8349230289459229 5.016125202178955 0.9163410067558289 0.1661829948425293 -0.3642840087413788 2.855968952178955 0.0011950000189244747 -0.9109330177307129 -0.41255301237106323 1.5640900135040283 0.0 0.0 0.0 1.0
-0.40400299429893494 0.3686769902706146 -0.8371729850769043 5.0039191246032715 0.9147560000419617 0.16467800736427307 -0.36892199516296387 2.857067108154297 0.0018500000005587935 -0.9148539900779724 -0.4037800133228302 1.5670160055160522 0.0 0.0 0.0 1.0
-0.40803998708724976 0.36043599247932434 -0.8388019800186157 4.990067005157471 0.9129589796066284 0.16418899595737457 -0.37356099486351013 2.8559300899505615 0.003077999921515584 -0.9182199835777283 -0.3960590064525604 1.5725840330123901 0.0 0.0 0.0 1.0
-0.4114910066127777 0.34936198592185974 -0.8417969942092896 4.982513904571533 0.9113789796829224 0.16584500670433044 -0.376675009727478 2.8540890216827393 0.008011000230908394 -0.9221940040588379 -0.38664498925209045 1.574761986732483 0.0 0.0 0.0 1.0
-0.4155620038509369 0.3377699851989746 -0.844523012638092 4.970573902130127 0.9094769954681396 0.1671839952468872 -0.3806590139865875 2.853437900543213 0.012614999897778034 -0.9262620210647583 -0.3766689896583557 1.5772260427474976 0.0 0.0 0.0 1.0
-0.4174880087375641 0.32665398716926575 -0.8479390144348145 4.96229887008667 0.9085010290145874 0.16869999468326569 -0.3823170065879822 2.851331949234009 0.01816200092434883 -0.9299659729003906 -0.3671959936618805 1.5786670446395874 0.0 0.0 0.0 1.0
-0.41785699129104614 0.3160650134086609 -0.8517619967460632 4.954308032989502 0.9081389904022217 0.17218799889087677 -0.38162100315093994 2.8485169410705566 0.02604600042104721 -0.932981014251709 -0.35898101329803467 1.5771249532699585 0.0 0.0 0.0 1.0
-0.4158090054988861 0.3117389976978302 -0.8543540239334106 4.9414801597595215 0.9089450240135193 0.1738010048866272 -0.3789609968662262 2.8468799591064453 0.03034999966621399 -0.9341369867324829 -0.35562199354171753 1.581663966178894 0.0 0.0 0.0 1.0
-0.4111329913139343 0.3094150125980377 -0.8574560284614563 4.932794094085693 0.9110649824142456 0.17092899978160858 -0.3751569986343384 2.8429360389709473 0.03048500046133995 -0.9354389905929565 -0.35217198729515076 1.5896480083465576 0.0 0.0 0.0 1.0
-0.4018400013446808 0.310712993144989 -0.8613830208778381 4.920262813568115 0.9154769778251648 0.1575089991092682 -0.37026000022888184 2.829843044281006 0.02063100039958954 -0.9373630285263062 -0.3477439880371094 1.6070669889450073 0.0 0.0 0.0 1.0
-0.3974510133266449 0.29932498931884766 -0.8674309849739075 4.908547878265381 0.917402982711792 0.15031300485134125 -0.36847901344299316 2.8227639198303223 0.02009199932217598 -0.9422370195388794 -0.3343439996242523 1.6254329681396484 0.0 0.0 0.0 1.0
-0.3941740095615387 0.2800010144710541 -0.8753430247306824 4.90090799331665 0.9187740087509155 0.1427910029888153 -0.3680559992790222 2.820159912109375 0.021934999153017998 -0.9493209719657898 -0.3135420083999634 1.6299749612808228 0.0 0.0 0.0 1.0
-0.39006999135017395 0.2633329927921295 -0.8823270201683044 4.894007205963135 0.9204639792442322 0.13682399690151215 -0.36609500646591187 2.8201370239257812 0.02431900054216385 -0.9549530148506165 -0.29576000571250916 1.634855031967163 0.0 0.0 0.0 1.0
-0.38444098830223083 0.24892500042915344 -0.8889549970626831 4.885836124420166 0.9225729703903198 0.1376190036535263 -0.36044299602508545 2.8162429332733154 0.032614000141620636 -0.9586949944496155 -0.28255799412727356 1.6393369436264038 0.0 0.0 0.0 1.0
-0.37443798780441284 0.23735900223255157 -0.896356999874115 4.880610942840576 0.9264820218086243 0.13515500724315643 -0.35123199224472046 2.807152032852173 0.03777899965643883 -0.961974024772644 -0.2705160081386566 1.6409560441970825 0.0 0.0 0.0 1.0
-0.36921200156211853 0.22869199514389038 -0.900767982006073 4.867461204528809 0.9283810257911682 0.1349020004272461 -0.3462800085544586 2.8106749057769775 0.042323999106884 -0.964106023311615 -0.2621209919452667 1.6513019800186157 0.0 0.0 0.0 1.0
-0.3586820065975189 0.21878500282764435 -0.9074580073356628 4.860225200653076 0.9323949813842773 0.13039399683475494 -0.337101012468338 2.8008129596710205 0.04457499831914902 -0.9670209884643555 -0.25076401233673096 1.6604050397872925 0.0 0.0 0.0 1.0
-0.3505370020866394 0.20127500593662262 -0.9146649837493896 4.857999801635742 0.935276985168457 0.12610800564289093 -0.3306860029697418 2.797461986541748 0.04878799989819527 -0.9713829755783081 -0.23245400190353394 1.653512954711914 0.0 0.0 0.0 1.0
-0.3415049910545349 0.19408400356769562 -0.919622004032135 4.850130081176758 0.9385809898376465 0.12184499949216843 -0.32283100485801697 2.7927329540252686 0.04939499869942665 -0.9733880162239075 -0.2237749993801117 1.6572870016098022 0.0 0.0 0.0 1.0
-0.32000601291656494 0.1964700073003769 -0.9268199801445007 4.863190174102783 0.946744978427887 0.10311300307512283 -0.3050270080566406 2.76042103767395 0.035638000816106796 -0.975072979927063 -0.21900400519371033 1.655339002609253 0.0 0.0 0.0 1.0
-0.30903199315071106 0.1901170015335083 -0.9318550229072571 4.856777191162109 0.9504539966583252 0.09645599871873856 -0.29552099108695984 2.750454902648926 0.033698998391628265 -0.9770119786262512 -0.21050600707530975 1.6591490507125854 0.0 0.0 0.0 1.0
-0.2994059920310974 0.18372300267219543 -0.936269998550415 4.850403785705566 0.9534119963645935 0.09556099772453308 -0.2861360013484955 2.7428760528564453 0.03690100088715553 -0.9783220291137695 -0.20377500355243683 1.6693079471588135 0.0 0.0 0.0 1.0
-0.2920359969139099 0.17296800017356873 -0.9406369924545288 4.841402053833008 0.9555420279502869 0.0945959985256195 -0.2792679965496063 2.7460029125213623 0.04067699983716011 -0.9803739786148071 -0.19290299713611603 1.6725640296936035 0.0 0.0 0.0 1.0
-0.27688100934028625 0.16382500529289246 -0.946835994720459 4.834986209869385 0.9598770141601562 0.09271500259637833 -0.2646520137786865 2.733665943145752 0.044429000467061996 -0.9821230173110962 -0.18292300403118134 1.6812560558319092 0.0 0.0 0.0 1.0
-0.26391899585723877 0.14863599836826324 -0.9530240297317505 4.832420825958252 0.9634270071983337 0.0881659984588623 -0.25304898619651794 2.725670099258423 0.04641199856996536 -0.9849539995193481 -0.16646799445152283 1.6801799535751343 0.0 0.0 0.0 1.0
-0.24881500005722046 0.13879899680614471 -0.9585540294647217 4.830041885375977 0.9674670100212097 0.0824349969625473 -0.23919199407100677 2.7099239826202393 0.0458189994096756 -0.9868839979171753 -0.15479399263858795 1.6862629652023315 0.0 0.0 0.0 1.0
-0.24347899854183197 0.13260899484157562 -0.9607980251312256 4.822751045227051 0.9688529968261719 0.07939799875020981 -0.2345619946718216 2.7142789363861084 0.045180000364780426 -0.987982988357544 -0.14781099557876587 1.6937220096588135 0.0 0.0 0.0 1.0
-0.22951699793338776 0.1269029974937439 -0.9649959802627563 4.821528911590576 0.9722729921340942 0.07552400231361389 -0.22131599485874176 2.699753999710083 0.044794999063014984 -0.9890360236167908 -0.1407179981470108 1.6977980136871338 0.0 0.0 0.0 1.0
-0.21919600665569305 0.1182899996638298 -0.9684829711914062 4.820484161376953 0.9744979739189148 0.07540500164031982 -0.21134699881076813 2.6905860900878906 0.04802799969911575 -0.9901120066642761 -0.13180199265480042 1.7057640552520752 0.0 0.0 0.0 1.0
-0.20160000026226044 0.1018500030040741 -0.974157989025116 4.825930118560791 0.9792230129241943 0.04319300130009651 -0.1981319934129715 2.674323081970215 0.021896999329328537 -0.993861973285675 -0.10844100266695023 1.6759530305862427 0.0 0.0 0.0 1.0
-0.19458000361919403 0.10081200301647186 -0.9756919741630554 4.82131814956665 0.9806129932403564 0.04348300024867058 -0.19106799364089966 2.6696910858154297 0.02316400036215782 -0.9939550161361694 -0.10731899738311768 1.7079110145568848 0.0 0.0 0.0 1.0
-0.18420200049877167 0.08965100347995758 -0.9787909984588623 4.821622848510742 0.9826859831809998 0.03700000047683716 -0.18154600262641907 2.6597909927368164 0.019938999786973 -0.9952859878540039 -0.09491399675607681 1.714516043663025 0.0 0.0 0.0 1.0
-0.1730629950761795 0.08323000371456146 -0.9813879728317261 4.821544170379639 0.9847409725189209 0.033135998994112015 -0.17084400355815887 2.647922992706299 0.018300000578165054 -0.9959790110588074 -0.08769399672746658 1.7273579835891724 0.0 0.0 0.0 1.0
-0.16094200313091278 0.0759579986333847 -0.9840360283851624 4.8200860023498535 0.9868689775466919 0.026225000619888306 -0.15938100218772888 2.640393018722534 0.013700000010430813 -0.9967659711837769 -0.0791810005903244 1.7299549579620361 0.0 0.0 0.0 1.0
-0.14746199548244476 0.0676800012588501 -0.986748993396759 4.819433212280273 0.9890149831771851 0.020339999347925186 -0.14640599489212036 2.6305010318756104 0.010161999613046646 -0.9975000023841858 -0.06993599981069565 1.7352889776229858 0.0 0.0 0.0 1.0
-0.1391019970178604 0.058316998183727264 -0.9885590076446533 4.817996978759766 0.990261971950531 0.013817000202834606 -0.13852599263191223 2.6329538822174072 0.00558000011369586 -0.9982029795646667 -0.05967099964618683 1.740502953529358 0.0 0.0 0.0 1.0
-0.1253490000963211 0.050648000091314316 -0.990818977355957 4.8189778327941895 0.9921050071716309 0.010456000454723835 -0.1249770000576973 2.6208391189575195 0.004029999952763319 -0.998661994934082 -0.051559001207351685 1.7546379566192627 0.0 0.0 0.0 1.0
-0.11804500222206116 0.04022999852895737 -0.9921929836273193 4.8190531730651855 0.993008017539978 0.003766000038012862 -0.11798900365829468 2.6193230152130127 -0.0010100000072270632 -0.9991829991340637 -0.040394000709056854 1.76426100730896 0.0 0.0 0.0 1.0
-0.10704100131988525 0.027573000639677048 -0.9938719868659973 4.821997165679932 0.9942489862442017 -0.0003260000084992498 -0.10709100216627121 2.6091439723968506 -0.0032760000322014093 -0.9996200203895569 -0.027379000559449196 1.769428014755249 0.0 0.0 0.0 1.0
-0.09738200157880783 0.0098860003054142 -0.9951980113983154 4.8267598152160645 0.9941719770431519 -0.04549900069832802 -0.0977339968085289 2.6045780181884766 -0.046247001737356186 -0.9989150166511536 -0.0053980001248419285 1.7302110195159912 0.0 0.0 0.0 1.0
-0.08845599740743637 -0.002228999976068735 -0.9960770010948181 4.828917980194092 0.9949340224266052 -0.04815499857068062 -0.08824600279331207 2.599592924118042 -0.04776899889111519 -0.9988369941711426 0.006477000191807747 1.7285809516906738 0.0 0.0 0.0 1.0
-0.07682699710130692 -0.010098000057041645 -0.9969930052757263 4.831599235534668 0.9960049986839294 -0.04642000049352646 -0.07627999782562256 2.591233968734741 -0.045510001480579376 -0.9988710284233093 0.013624000363051891 1.7330210208892822 0.0 0.0 0.0 1.0
-0.06991899758577347 -0.014186999760568142 -0.9974520206451416 4.829611778259277 0.9965190291404724 -0.04649500176310539 -0.06919199973344803 2.5960159301757812 -0.04539500176906586 -0.9988179802894592 0.017388999462127686 1.7408219575881958 0.0 0.0 0.0 1.0
-0.059154000133275986 -0.02091200090944767 -0.9980289936065674 4.8325629234313965 0.9973070025444031 -0.04465499892830849 -0.05817599967122078 2.5897879600524902 -0.04335099831223488 -0.9987829923629761 0.023497000336647034 1.7435050010681152 0.0 0.0 0.0 1.0
-0.046484000980854034 -0.027154000476002693 -0.9985499978065491 4.836386203765869 0.9980459809303284 -0.04305399954319 -0.04529000073671341 2.5780229568481445 -0.04176200181245804 -0.9987040162086487 0.02910199947655201 1.7491140365600586 0.0 0.0 0.0 1.0
-0.040828000754117966 -0.036479998379945755 -0.9984999895095825 4.838560104370117 0.9983389973640442 -0.042139001190662384 -0.03928200155496597 2.580806016921997 -0.04064200073480606 -0.998445987701416 0.03813999891281128 1.7484439611434937 0.0 0.0 0.0 1.0
-0.029054999351501465 -0.04267600178718567 -0.998665988445282 4.840827941894531 0.9988120198249817 -0.040337998420000076 -0.027334999293088913 2.569538116455078 -0.0391170009970665 -0.998274028301239 0.043797001242637634 1.7562949657440186 0.0 0.0 0.0 1.0
-0.02206999994814396 -0.04893599823117256 -0.998557984828949 4.843564033508301 0.9990929961204529 -0.03746499866247177 -0.020245999097824097 2.570460081100464 -0.03641999885439873 -0.9980990290641785 0.04971799999475479 1.7622419595718384 0.0 0.0 0.0 1.0
-0.0115769999101758 -0.05253399908542633 -0.9985520243644714 4.843942165374756 0.9993789792060852 -0.03383899852633476 -0.00980599969625473 2.565603017807007 -0.033275000751018524 -0.9980459809303284 0.05289300158619881 1.7690750360488892 0.0 0.0 0.0 1.0
-0.005179000087082386 -0.06435900181531906 -0.9979130029678345 4.847074031829834 0.9994699954986572 -0.032423000782728195 -0.0030960000585764647 2.5703790187835693 -0.03215600177645683 -0.9973999857902527 0.06449300050735474 1.7558629512786865 0.0 0.0 0.0 1.0
0.0031930000986903906 -0.0707160010933876 -0.9974910020828247 4.844665050506592 0.9994890093803406 -0.03148899972438812 0.005431999918073416 2.5759549140930176 -0.031794000416994095 -0.9969990253448486 0.07057999819517136 1.7575750350952148 0.0 0.0 0.0 1.0
0.008395000360906124 -0.0788630023598671 -0.9968500137329102 4.848367214202881 0.999530017375946 -0.02872299961745739 0.010689999908208847 2.587415933609009 -0.029475999996066093 -0.9964720010757446 0.07858499884605408 1.7613999843597412 0.0 0.0 0.0 1.0
0.019209999591112137 -0.08720000088214874 -0.9960060119628906 4.853693008422852 0.9994779825210571 -0.02422500029206276 0.021398000419139862 2.5802760124206543 -0.02599399909377098 -0.9958959817886353 0.08668900281190872 1.7680660486221313 0.0 0.0 0.0 1.0
0.023799000307917595 -0.0963980033993721 -0.995058000087738 4.857562065124512 0.9994379878044128 -0.02122100070118904 0.025960000231862068 2.5837531089782715 -0.023617999628186226 -0.9951170086860657 0.0958390012383461 1.7714250087738037 0.0 0.0 0.0 1.0
0.02651599980890751 -0.10445199906826019 -0.9941759705543518 4.862994194030762 0.9993979930877686 -0.019504999741911888 0.02870500087738037 2.5849850177764893 -0.022390000522136688 -0.9943389892578125 0.10387200117111206 1.7764270305633545 0.0 0.0 0.0 1.0
0.02789900079369545 -0.10763400048017502 -0.9937989711761475 4.866634845733643 0.9993860125541687 -0.018094999715685844 0.030014999210834503 2.5898029804229736 -0.021213000640273094 -0.9940260052680969 0.10706300288438797 1.7873539924621582 0.0 0.0 0.0 1.0
0.030011000111699104 -0.11717599630355835 -0.9926570057868958 4.871960163116455 0.99931401014328 -0.018028000369668007 0.03234099969267845 2.592271089553833 -0.021685000509023666 -0.992946982383728 0.11655499786138535 1.783385992050171 0.0 0.0 0.0 1.0
0.0359559990465641 -0.12138500064611435 -0.9919540286064148 4.876780986785889 0.9991499781608582 -0.01568100042641163 0.03813499957323074 2.5899860858917236 -0.020183999091386795 -0.9924820065498352 0.12071800231933594 1.7912739515304565 0.0 0.0 0.0 1.0
0.041363999247550964 -0.12699200212955475 -0.9910410046577454 4.881586074829102 0.9989519715309143 -0.014205999672412872 0.043515000492334366 2.587131977081299 -0.01960499957203865 -0.9918019771575928 0.12627099454402924 1.7944409847259521 0.0 0.0 0.0 1.0
0.042169999331235886 -0.13230000436306 -0.9903119802474976 4.886356830596924 0.9990170001983643 -0.008004999719560146 0.04361100122332573 2.5920870304107666 -0.013697000220417976 -0.9911770224571228 0.1318330019712448 1.7962679862976074 0.0 0.0 0.0 1.0
0.04865099862217903 -0.13253900408744812 -0.9899830222129822 4.895472049713135 0.998773992061615 -0.002630000002682209 0.049435000866651535 2.5791969299316406 -0.009154999628663063 -0.9911739826202393 0.13224899768829346 1.802319049835205 0.0 0.0 0.0 1.0
0.050613999366760254 -0.13481299579143524 -0.9895769953727722 4.9040751457214355 0.9987009763717651 0.0010659999679774046 0.05093500018119812 2.5735459327697754 -0.0058109997771680355 -0.9908699989318848 0.1346919983625412 1.8016899824142456 0.0 0.0 0.0 1.0
0.04161300137639046 -0.13750199973583221 -0.9896270036697388 4.906896114349365 0.9991239905357361 0.0013569999719038606 0.04182400181889534 2.590131998062134 -0.004408000037074089 -0.9904999732971191 0.13743799924850464 1.8010070323944092 0.0 0.0 0.0 1.0
0.039806999266147614 -0.14368799328804016 -0.9888219833374023 4.917303085327148 0.9992049932479858 0.0034749999176710844 0.039719998836517334 2.585545063018799 -0.002271000063046813 -0.9896169900894165 0.14371199905872345 1.799394965171814 0.0 0.0 0.0 1.0
0.03268799930810928 -0.15032200515270233 -0.9880959987640381 4.923223972320557 0.9994649887084961 0.00621700007468462 0.03211899846792221 2.5904290676116943 0.0013150000013411045 -0.9886170029640198 0.15044499933719635 1.7993680238723755 0.0 0.0 0.0 1.0
0.028188999742269516 -0.14906799793243408 -0.9884250164031982 4.933259010314941 0.9995750188827515 0.01160299964249134 0.026758000254631042 2.59226393699646 0.0074800001457333565 -0.9887589812278748 0.1493310034275055 1.808413028717041 0.0 0.0 0.0 1.0
0.024118000641465187 -0.1450520008802414 -0.9891300201416016 4.94044303894043 0.9996169805526733 0.01694300025701523 0.02188899926841259 2.5995559692382812 0.01358299981802702 -0.9892789721488953 0.14540499448776245 1.8124940395355225 0.0 0.0 0.0 1.0
0.019964000210165977 -0.14392100274562836 -0.9893879890441895 4.946131229400635 0.999642014503479 0.020503999665379524 0.01718899980187416 2.60874605178833 0.017813000828027725 -0.9893770217895508 0.14427900314331055 1.809386968612671 0.0 0.0 0.0 1.0
0.017118999734520912 -0.14751699566841125 -0.988910973072052 4.954013824462891 0.9995859861373901 0.02540699951350689 0.013513999991118908 2.617506980895996 0.023132000118494034 -0.9887329936027527 0.14789000153541565 1.8053669929504395 0.0 0.0 0.0 1.0
0.010755999945104122 -0.15005800127983093 -0.9886190295219421 4.958037853240967 0.9995080232620239 0.030740000307559967 0.006209000013768673 2.637176990509033 0.029457999393343925 -0.98819899559021 0.15031400322914124 1.808784008026123 0.0 0.0 0.0 1.0
0.01620900072157383 -0.15270400047302246 -0.9881389737129211 4.967976093292236 0.9992709755897522 0.0366550013422966 0.010727000422775745 2.628369092941284 0.034582000225782394 -0.9875919818878174 0.15318700671195984 1.8121509552001953 0.0 0.0 0.0 1.0
0.013674999587237835 -0.16062100231647491 -0.9869210124015808 4.972309112548828 0.9992129802703857 0.03895900025963783 0.00750399986281991 2.640155076980591 0.0372450016438961 -0.9862470030784607 0.1610269993543625 1.8078370094299316 0.0 0.0 0.0 1.0
0.014964999631047249 -0.168504998087883 -0.9855870008468628 4.979403018951416 0.9990829825401306 0.042061999440193176 0.007978999987244606 2.641434907913208 0.040111999958753586 -0.9848030209541321 0.16898000240325928 1.8092440366744995 0.0 0.0 0.0 1.0
0.01460300013422966 -0.17598199844360352 -0.9842849969863892 4.988030910491943 0.998956024646759 0.045184001326560974 0.006742000114172697 2.647491931915283 0.04328799992799759 -0.9833559989929199 0.17645899951457977 1.811521053314209 0.0 0.0 0.0 1.0
0.014263000339269638 -0.17883099615573883 -0.9837759733200073 4.993917942047119 0.9988089799880981 0.048454999923706055 0.005673000123351812 2.6563150882720947 0.046654000878334045 -0.9826859831809998 0.17930899560451508 1.8160300254821777 0.0 0.0 0.0 1.0
0.014115000143647194 -0.1811860054731369 -0.9833469986915588 4.998462200164795 0.9986940026283264 0.05085400119423866 0.004966000095009804 2.6670069694519043 0.04910799860954285 -0.9821329712867737 0.1816670000553131 1.8169440031051636 0.0 0.0 0.0 1.0
0.019689999520778656 -0.1841849982738495 -0.9826939702033997 5.004354000091553 0.998458981513977 0.054625000804662704 0.00976799987256527 2.6661760807037354 0.05187999829649925 -0.9813719987869263 0.1849769949913025 1.8166470527648926 0.0 0.0 0.0 1.0
0.023406000807881355 -0.18806399405002594 -0.9818779826164246 5.01376485824585 0.9982150197029114 0.05837000161409378 0.012614999897778034 2.6710550785064697 0.05494000017642975 -0.9804210066795349 0.18909500539302826 1.815945029258728 0.0 0.0 0.0 1.0
0.02848999947309494 -0.19242200255393982 -0.9808980226516724 5.02512788772583 0.9980589747428894 0.05984700098633766 0.01724799908697605 2.6751248836517334 0.05538500100374222 -0.9794859886169434 0.19375300407409668 1.8172659873962402 0.0 0.0 0.0 1.0
0.02948400005698204 -0.2006240040063858 -0.9792240262031555 5.026947021484375 0.9979140162467957 0.062199000269174576 0.01730399951338768 2.6834828853607178 0.05743499845266342 -0.9776920080184937 0.20204000174999237 1.8142739534378052 0.0 0.0 0.0 1.0
0.0296229999512434 -0.20730699598789215 -0.9778270125389099 5.029152870178223 0.9978799819946289 0.06285099685192108 0.016905000433325768 2.695204973220825 0.05795300006866455 -0.9762549996376038 0.20872899889945984 1.8146660327911377 0.0 0.0 0.0 1.0
0.03272600099444389 -0.21104499697685242 -0.9769279956817627 5.036485195159912 0.9977890253067017 0.06347200274467468 0.01971299946308136 2.7001519203186035 0.0578479990363121 -0.9754130244255066 0.21265600621700287 1.8196049928665161 0.0 0.0 0.0 1.0
0.03951200097799301 -0.21311399340629578 -0.9762279987335205 5.04374885559082 0.9974179863929749 0.06703999638557434 0.02573399990797043 2.7010769844055176 0.05996200069785118 -0.9747250080108643 0.21521200239658356 1.8250190019607544 0.0 0.0 0.0 1.0
0.042475998401641846 -0.21648399531841278 -0.9753609895706177 5.047961235046387 0.9972839951515198 0.06798099726438522 0.028341999277472496 2.7098701000213623 0.060169998556375504 -0.9739159941673279 0.21878400444984436 1.8256510496139526 0.0 0.0 0.0 1.0
0.04983000084757805 -0.21961000561714172 -0.9743139743804932 5.054536819458008 0.9968839883804321 0.07065799832344055 0.035057999193668365 2.70870304107666 0.06114400178194046 -0.9730259776115417 0.2224459946155548 1.826213002204895 0.0 0.0 0.0 1.0
0.051899999380111694 -0.22134199738502502 -0.9738140106201172 5.056581020355225 0.9967899918556213 0.07100900262594223 0.03698499873280525 2.719913959503174 0.06096399948000908 -0.9726070165634155 0.22431699931621552 1.8276870250701904 0.0 0.0 0.0 1.0
0.057436998933553696 -0.2223230004310608 -0.9732789993286133 5.0601887702941895 0.9964690208435059 0.07256399840116501 0.04222999885678291 2.7231500148773193 0.06123699992895126 -0.9722689986228943 0.22570599615573883 1.8291770219802856 0.0 0.0 0.0 1.0
0.06051899865269661 -0.2238450050354004 -0.9727439880371094 5.065299987792969 0.9963229894638062 0.07274899631738663 0.04524499922990799 2.72904896736145 0.06063900142908096 -0.9719060063362122 0.2274239957332611 1.8306020498275757 0.0 0.0 0.0 1.0
0.0668250024318695 -0.22505399584770203 -0.9720519781112671 5.069284915924072 0.995881974697113 0.074863001704216 0.0511309988796711 2.727454900741577 0.061264000833034515 -0.9714660048484802 0.22912999987602234 1.832190990447998 0.0 0.0 0.0 1.0
0.0748559981584549 -0.2311059981584549 -0.9700440168380737 5.076515197753906 0.9952759742736816 0.07762099802494049 0.058309998363256454 2.7239580154418945 0.061820000410079956 -0.9698269963264465 0.23582400381565094 1.8255610466003418 0.0 0.0 0.0 1.0
0.07639200240373611 -0.22879700362682343 -0.970471978187561 5.078060150146484 0.99515300989151 0.07795300334692001 0.05995599925518036 2.736166000366211 0.06193400174379349 -0.9703480005264282 0.23364299535751343 1.8297120332717896 0.0 0.0 0.0 1.0
0.08096200227737427 -0.22848300635814667 -0.97017502784729 5.082296848297119 0.9948520064353943 0.07804899662733078 0.06464000046253204 2.740971088409424 0.06095200031995773 -0.9704139828681946 0.23362599313259125 1.8291679620742798 0.0 0.0 0.0 1.0
0.08574000000953674 -0.22811000049114227 -0.9698529839515686 5.084974765777588 0.9945089817047119 0.07822699844837189 0.0695199966430664 2.745634078979492 0.06001099944114685 -0.9704880118370056 0.23356400430202484 1.8296879529953003 0.0 0.0 0.0 1.0
0.08878599852323532 -0.22687600553035736 -0.969868004322052 5.088621139526367 0.994350016117096 0.07706800103187561 0.0729990005493164 2.752595901489258 0.058184001594781876 -0.9708700180053711 0.23243600130081177 1.8311150074005127 0.0 0.0 0.0 1.0
0.09629300236701965 -0.22570699453353882 -0.9694240093231201 5.0913920402526855 0.9937859773635864 0.07643800228834152 0.08091600239276886 2.752532958984375 0.055838000029325485 -0.9711920022964478 0.2316650003194809 1.8317500352859497 0.0 0.0 0.0 1.0
0.10198500007390976 -0.2230139970779419 -0.969465970993042 5.094942092895508 0.9932889938354492 0.07627800107002258 0.08694399893283844 2.7574729919433594 0.054558999836444855 -0.9718260169029236 0.2292969971895218 1.8334909677505493 0.0 0.0 0.0 1.0
0.11067499965429306 -0.21910999715328217 -0.9694030284881592 5.097136974334717 0.9923369884490967 0.07828699797391891 0.09559900313615799 2.7603859901428223 0.054944999516010284 -0.9725540280342102 0.2260960042476654 1.8342119455337524 0.0 0.0 0.0 1.0
0.12206199765205383 -0.21229900419712067 -0.9695510268211365 5.102731227874756 0.99098801612854 0.0803619995713234 0.10716400295495987 2.7631869316101074 0.05516500025987625 -0.9738950133323669 0.2201949954032898 1.8358319997787476 0.0 0.0 0.0 1.0
0.13513700664043427 -0.20198799669742584 -0.9700199961662292 5.099605083465576 0.9893820285797119 0.08036299794912338 0.1211009994149208 2.7624669075012207 0.053491998463869095 -0.9760850071907043 0.21070300042629242 1.8382140398025513 0.0 0.0 0.0 1.0
0.15568700432777405 -0.19697999954223633 -0.9679669737815857 5.107868194580078 0.9866340160369873 0.07873599976301193 0.1426669955253601 2.7501211166381836 0.048110999166965485 -0.9772409796714783 0.20660500228405 1.8316620588302612 0.0 0.0 0.0 1.0
0.15500399470329285 -0.1901710033416748 -0.9694370031356812 5.100880146026611 0.9868419766426086 0.07549600303173065 0.14297699928283691 2.7876789569854736 0.04599799960851669 -0.9788439869880676 0.19937099516391754 1.826179027557373 0.0 0.0 0.0 1.0
0.16305500268936157 -0.1807830035686493 -0.9699130058288574 5.096520900726318 0.9856380224227905 0.07362200319766998 0.15197600424289703 2.798957109451294 0.0439319983124733 -0.9807639718055725 0.19019100069999695 1.8235100507736206 0.0 0.0 0.0 1.0
0.1759449988603592 -0.1671849936246872 -0.9700989723205566 5.099515914916992 0.983597993850708 0.06961899995803833 0.16639600694179535 2.8004720211029053 0.039719000458717346 -0.9834640026092529 0.17669199407100677 1.8248389959335327 0.0 0.0 0.0 1.0
0.18640099465847015 -0.15665799379348755 -0.9699029922485352 5.094818115234375 0.9819089770317078 0.06317300349473953 0.17850500345230103 2.8077809810638428 0.03330700099468231 -0.9856299757957458 0.1655990034341812 1.8209259510040283 0.0 0.0 0.0 1.0
0.19606399536132812 -0.146479994058609 -0.9695889949798584 5.09075403213501 0.9801869988441467 0.057670000940561295 0.1894949972629547 2.8167800903320312 0.028158999979496002 -0.9875310063362122 0.15488499402999878 1.8166630268096924 0.0 0.0 0.0 1.0
0.2113019973039627 -0.13242000341415405 -0.96840900182724 5.091220855712891 0.977180004119873 0.05059799924492836 0.20629799365997314 2.810698986053467 0.021681999787688255 -0.9899010062217712 0.1400890052318573 1.820072054862976 0.0 0.0 0.0 1.0
0.21580399572849274 -0.12010499835014343 -0.9690219759941101 5.082221984863281 0.9763190150260925 0.04198100045323372 0.21222500503063202 2.8298799991607666 0.015190999954938889 -0.991873025894165 0.1263210028409958 1.8189929723739624 0.0 0.0 0.0 1.0
0.2276580035686493 -0.10731200128793716 -0.9678099751472473 5.08267879486084 0.973675012588501 0.03669000044465065 0.22496899962425232 2.8320090770721436 0.011366999708116055 -0.9935479760169983 0.11283999681472778 1.815714955329895 0.0 0.0 0.0 1.0
0.23527200520038605 -0.09064199775457382 -0.9676939845085144 5.073582172393799 0.9718980193138123 0.030014999210834503 0.23348300158977509 2.851407051086426 0.00788199994713068 -0.9954310059547424 0.0951559990644455 1.8157320022583008 0.0 0.0 0.0 1.0
0.2628209888935089 -0.07198899984359741 -0.9621549844741821 5.096065044403076 0.9648020267486572 0.028971999883651733 0.2613770067691803 2.8385469913482666 0.009058999828994274 -0.9969840049743652 0.0770689994096756 1.8187910318374634 0.0 0.0 0.0 1.0
0.26754701137542725 -0.05183500051498413 -0.9621490240097046 5.086306095123291 0.9635109901428223 0.022784000262618065 0.2666980028152466 2.863140106201172 0.008097999729216099 -0.9983959794044495 0.056040000170469284 1.8122930526733398 0.0 0.0 0.0 1.0
0.27741700410842896 -0.025273000821471214 -0.9604169726371765 5.081864833831787 0.960722029209137 0.014866000041365623 0.27711400389671326 2.875854969024658 0.007273999974131584 -0.9995700120925903 0.028403999283909798 1.8137179613113403 0.0 0.0 0.0 1.0
0.2902269959449768 0.002053000032901764 -0.9569550156593323 5.076179027557373 0.9569069743156433 0.009704000316560268 0.29023298621177673 2.8742599487304688 0.009882000274956226 -0.9999510049819946 0.0008520000264979899 1.8164459466934204 0.0 0.0 0.0 1.0
0.30123600363731384 0.022388000041246414 -0.9532859921455383 5.07842493057251 0.9534890055656433 0.004226999823004007 0.30139899253845215 2.875062942504883 0.010777999646961689 -0.9997400045394897 -0.02007400058209896 1.805222988128662 0.0 0.0 0.0 1.0
0.30856001377105713 0.045069001615047455 -0.9501360058784485 5.0707597732543945 0.9511370062828064 -0.0027260000351816416 0.3087559938430786 2.8797500133514404 0.01132499985396862 -0.9989799857139587 -0.04370800033211708 1.8026920557022095 0.0 0.0 0.0 1.0
0.31407999992370605 0.06279899924993515 -0.9473170042037964 5.068902969360352 0.9493560194969177 -0.011528999544680119 0.3139910101890564 2.8911449909210205 0.008797000162303448 -0.9979590177536011 -0.06323900073766708 1.7922409772872925 0.0 0.0 0.0 1.0
0.3189629912376404 0.0842519998550415 -0.9440150260925293 5.06379508972168 0.9477530121803284 -0.022792000323534012 0.3181909918785095 2.9005630016326904 0.0052919997833669186 -0.9961839914321899 -0.08711999654769897 1.792518973350525 0.0 0.0 0.0 1.0
0.32428500056266785 0.10130900144577026 -0.9405180215835571 5.062218189239502 0.9459540247917175 -0.031463999301195145 0.32276999950408936 2.906583070755005 0.0031079999171197414 -0.9943569898605347 -0.10603699833154678 1.7792259454727173 0.0 0.0 0.0 1.0
0.3279910087585449 0.1210630014538765 -0.9368910193443298 5.058298110961914 0.9446809887886047 -0.04140099883079529 0.3253679871559143 2.9157869815826416 0.0006019999855197966 -0.9917809963226318 -0.12794500589370728 1.7726759910583496 0.0 0.0 0.0 1.0
0.3234969973564148 0.13221800327301025 -0.9369459748268127 5.090939044952393 0.9459239840507507 -0.02002600021660328 0.32377099990844727 2.9504969120025635 0.024044999852776527 -0.9910179972648621 -0.1315470039844513 1.6646820306777954 0.0 0.0 0.0 1.0
0.33068200945854187 0.14879900217056274 -0.9319379925727844 5.087274074554443 0.94337397813797 -0.02452399954199791 0.33082398772239685 2.9509849548339844 0.026372000575065613 -0.9885630011558533 -0.14848299324512482 1.6420520544052124 0.0 0.0 0.0 1.0
0.34221699833869934 0.19011299312114716 -0.9201869964599609 5.081759929656982 0.9391459822654724 -0.038061000406742096 0.341403990983963 2.950187921524048 0.029882000759243965 -0.9810240268707275 -0.1915690004825592 1.6278129816055298 0.0 0.0 0.0 1.0
0.3483940064907074 0.2093300074338913 -0.9136750102043152 5.076509952545166 0.9368739724159241 -0.04675799980759621 0.34652701020240784 2.9534618854522705 0.029817000031471252 -0.9767270088195801 -0.2124059945344925 1.6222790479660034 0.0 0.0 0.0 1.0
0.3518590033054352 0.22770899534225464 -0.9079329967498779 5.071900844573975 0.9356060028076172 -0.055573999881744385 0.34864598512649536 2.9588611125946045 0.028931999579072 -0.9721419811248779 -0.23260000348091125 1.6160049438476562 0.0 0.0 0.0 1.0
0.356564998626709 0.24526800215244293 -0.9015009999275208 5.066143035888672 0.933821976184845 -0.06366200000047684 0.3520280122756958 2.961045026779175 0.028950000181794167 -0.9673629999160767 -0.25173598527908325 1.6102910041809082 0.0 0.0 0.0 1.0
0.36005499958992004 0.2590849995613098 -0.8962330222129822 5.067359924316406 0.9325370192527771 -0.07203800231218338 0.3538149893283844 2.9641029834747314 0.02710600011050701 -0.9631639719009399 -0.2675440013408661 1.602005958557129 0.0 0.0 0.0 1.0
0.3645719885826111 0.27522900700569153 -0.8895710110664368 5.063813209533691 0.9307249784469604 -0.07799500226974487 0.35730600357055664 2.964729070663452 0.02895900048315525 -0.9582089781761169 -0.2845979928970337 1.5961790084838867 0.0 0.0 0.0 1.0
0.3703170120716095 0.29054901003837585 -0.8822960257530212 5.059930801391602 0.9284729957580566 -0.08681000024080276 0.36111098527908325 2.9679150581359863 0.028328999876976013 -0.9529139995574951 -0.3019149899482727 1.5910500288009644 0.0 0.0 0.0 1.0
0.3760969936847687 0.3066050112247467 -0.8743820190429688 5.056039810180664 0.9260730147361755 -0.09315899759531021 0.365664005279541 2.9696478843688965 0.030657999217510223 -0.9472669959068298 -0.3189760148525238 1.5848629474639893 0.0 0.0 0.0 1.0
0.38318300247192383 0.31926900148391724 -0.8667399883270264 5.068498134613037 0.9233610033988953 -0.10804300010204315 0.36841699481010437 2.977268934249878 0.02397800050675869 -0.9414849877357483 -0.336201012134552 1.5798900127410889 0.0 0.0 0.0 1.0
0.38890698552131653 0.3335370123386383 -0.8587809801101685 5.064824104309082 0.9209690093994141 -0.11665300279855728 0.37176400423049927 2.9779601097106934 0.023817000910639763 -0.9354919791221619 -0.35254499316215515 1.5760420560836792 0.0 0.0 0.0 1.0
0.39375001192092896 0.3451269865036011 -0.8519669771194458 5.063689231872559 0.9189389944076538 -0.12498199939727783 0.37407299876213074 2.9791789054870605 0.022622000426054 -0.93019700050354 -0.3663620054721832 1.570605993270874 0.0 0.0 0.0 1.0
0.3976050019264221 0.3574250042438507 -0.8450779914855957 5.062911033630371 0.9173240065574646 -0.13409000635147095 0.3748829960823059 2.983022928237915 0.02067600004374981 -0.92426598072052 -0.3811889886856079 1.5654159784317017 0.0 0.0 0.0 1.0
0.40310901403427124 0.3691540062427521 -0.8373939990997314 5.059910774230957 0.9149550199508667 -0.1435689926147461 0.37715500593185425 2.9817678928375244 0.019005000591278076 -0.9182119965553284 -0.3956330120563507 1.560539960861206 0.0 0.0 0.0 1.0
0.40706899762153625 0.3803110122680664 -0.830456018447876 5.059375762939453 0.9132149815559387 -0.1513029932975769 0.3783459961414337 2.9812240600585938 0.01823900081217289 -0.9123979806900024 -0.4088970124721527 1.5563019514083862 0.0 0.0 0.0 1.0
0.41043001413345337 0.39114001393318176 -0.8237460255622864 5.056687831878662 0.911749005317688 -0.1599940061569214 0.3783070147037506 2.9829349517822266 0.016177000477910042 -0.9063180088996887 -0.4222869873046875 1.5521780252456665 0.0 0.0 0.0 1.0
0.41342800855636597 0.4016459882259369 -0.8171650171279907 5.055077075958252 0.9104130268096924 -0.1675650030374527 0.3782449960708618 2.9843060970306396 0.014991999603807926 -0.9003350138664246 -0.43494001030921936 1.5504659414291382 0.0 0.0 0.0 1.0
0.41679200530052185 0.4086959958076477 -0.811942994594574 5.055384159088135 0.9088889956474304 -0.1732649952173233 0.3793430030345917 2.985568046569824 0.014355000108480453 -0.8960729837417603 -0.4436750113964081 1.5455280542373657 0.0 0.0 0.0 1.0
0.42211800813674927 0.4142549932003021 -0.8063549995422363 5.053644180297852 0.9064499735832214 -0.1802629977464676 0.38190901279449463 2.9866878986358643 0.012852000072598457 -0.892130970954895 -0.4515939950942993 1.538588047027588 0.0 0.0 0.0 1.0
0.42605099081993103 0.4171139895915985 -0.8028050065040588 5.060256004333496 0.9046369791030884 -0.18601299822330475 0.38344699144363403 2.988852024078369 0.010608999989926815 -0.889614999294281 -0.4565880000591278 1.5259239673614502 0.0 0.0 0.0 1.0
0.4289500117301941 0.4253759980201721 -0.7969040274620056 5.061755180358887 0.9032959938049316 -0.19448600709438324 0.38240399956703186 2.9902191162109375 0.0076779997907578945 -0.8838719725608826 -0.46766600012779236 1.517598032951355 0.0 0.0 0.0 1.0
0.43182599544525146 0.43610501289367676 -0.7895179986953735 5.0609869956970215 0.9019479751586914 -0.20493300259113312 0.38012099266052246 2.990138053894043 0.003973999992012978 -0.8762500286102295 -0.48184001445770264 1.5131479501724243 0.0 0.0 0.0 1.0
0.4326240122318268 0.4465169906616211 -0.783236026763916 5.060883045196533 0.9015700221061707 -0.2115509957075119 0.3773829936981201 2.991302013397217 0.002814000006765127 -0.8694069981575012 -0.49408799409866333 1.5074050426483154 0.0 0.0 0.0 1.0
0.43437400460243225 0.4566110074520111 -0.7764179706573486 5.0615129470825195 0.9007310271263123 -0.21887800097465515 0.3752000033855438 2.9908509254455566 0.0013800000306218863 -0.8623219728469849 -0.5063589811325073 1.5032219886779785 0.0 0.0 0.0 1.0
0.43532198667526245 0.4653480052947998 -0.7706789970397949 5.060829162597656 0.9002730250358582 -0.22320400178432465 0.3737500011920929 2.9908640384674072 0.001905999961309135 -0.8565229773521423 -0.5161049962043762 1.4991790056228638 0.0 0.0 0.0 1.0
0.43550801277160645 0.4720019996166229 -0.7665159702301025 5.062435150146484 0.900180995464325 -0.22580599784851074 0.372406005859375 2.991892099380493 0.002693000016734004 -0.8521890044212341 -0.5232279896736145 1.4938349723815918 0.0 0.0 0.0 1.0
0.43598100543022156 0.47898900508880615 -0.7618989944458008 5.064330101013184 0.8999419808387756 -0.22736699879169464 0.3720329999923706 2.991363048553467 0.00496899988502264 -0.8478639721870422 -0.5301899909973145 1.4885259866714478 0.0 0.0 0.0 1.0
0.43699100613594055 0.4861080050468445 -0.7567939758300781 5.06601619720459 0.8994470238685608 -0.23073899745941162 0.37115299701690674 2.99141001701355 0.005797999911010265 -0.8428869843482971 -0.5380589962005615 1.4827580451965332 0.0 0.0 0.0 1.0
0.4378179907798767 0.49449700117111206 -0.7508580088615417 5.0671257972717285 0.8990389704704285 -0.23467600345611572 0.36966899037361145 2.9910969734191895 0.006591999903321266 -0.8368989825248718 -0.5473179817199707 1.4774459600448608 0.0 0.0 0.0 1.0
0.4368639886379242 0.501865029335022 -0.7465130090713501 5.069882869720459 0.8995059728622437 -0.23802399635314941 0.3663780093193054 2.9947869777679443 0.006184000056236982 -0.8315510153770447 -0.5554140210151672 1.4706239700317383 0.0 0.0 0.0 1.0
0.4378420114517212 0.5093389749526978 -0.7408559918403625 5.07135009765625 0.899025022983551 -0.24160000681877136 0.36521801352500916 2.9936089515686035 0.007029000204056501 -0.8259559869766235 -0.5636910200119019 1.4649779796600342 0.0 0.0 0.0 1.0
0.4382610023021698 0.5174689888954163 -0.7349510192871094 5.071866035461426 0.8988100290298462 -0.24480700492858887 0.3636069893836975 2.9942989349365234 0.008233999833464622 -0.8199359774589539 -0.5723959803581238 1.4604860544204712 0.0 0.0 0.0 1.0
0.43908798694610596 0.5242559909820557 -0.7296280264854431 5.074179172515869 0.898406982421875 -0.24880699813365936 0.3618850111961365 2.994072914123535 0.008183999918401241 -0.8144019842147827 -0.5802429914474487 1.4546970129013062 0.0 0.0 0.0 1.0
0.43950799107551575 0.5326669812202454 -0.7232549786567688 5.073606014251709 0.8981980085372925 -0.2529729902744293 0.3595069944858551 2.9939160346984863 0.008534000255167484 -0.8076320290565491 -0.5896239876747131 1.4515379667282104 0.0 0.0 0.0 1.0
0.4391010105609894 0.5390040278434753 -0.7187939882278442 5.074148178100586 0.8984060287475586 -0.2566959857940674 0.35633400082588196 2.9922990798950195 0.007553999777883291 -0.8022350072860718 -0.5969600081443787 1.448322057723999 0.0 0.0 0.0 1.0
0.43771401047706604 0.5439069867134094 -0.7159410119056702 5.075647830963135 0.8990960121154785 -0.25966599583625793 0.35242098569869995 2.990319013595581 0.005778000224381685 -0.79795902967453 -0.6026840209960938 1.4452569484710693 0.0 0.0 0.0 1.0
0.4345870018005371 0.5497199892997742 -0.7134010195732117 5.076042175292969 0.9006170034408569 -0.26106199622154236 0.3474699854850769 2.9888830184936523 0.0047690002247691154 -0.793507993221283 -0.6085420250892639 1.4427720308303833 0.0 0.0 0.0 1.0
0.4309009909629822 0.5548340082168579 -0.7116760015487671 5.076613903045654 0.9023939967155457 -0.2624039947986603 0.3418020009994507 2.9876909255981445 0.0028959999326616526 -0.7894949913024902 -0.6137499809265137 1.4414169788360596 0.0 0.0 0.0 1.0
0.4264630079269409 0.558692991733551 -0.7113310098648071 5.077637195587158 0.9045040011405945 -0.26214900612831116 0.3363789916038513 2.985200881958008 0.00145800004247576 -0.7868540287017822 -0.6171370148658752 1.4394090175628662 0.0 0.0 0.0 1.0
0.4229139983654022 0.5630940198898315 -0.7099779844284058 5.077664852142334 0.9061689972877502 -0.2637929916381836 0.3305619955062866 2.9834818840026855 -0.0011500000255182385 -0.7831590175628662 -0.6218199729919434 1.4395430088043213 0.0 0.0 0.0 1.0
0.4175249934196472 0.5668089985847473 -0.710211992263794 5.0792999267578125 0.9086560010910034 -0.264041006565094 0.32346099615097046 2.978743076324463 -0.004184999968856573 -0.7803909778594971 -0.6252779960632324 1.4377540349960327 0.0 0.0 0.0 1.0
0.4099709987640381 0.5705990195274353 -0.711575984954834 5.080729961395264 0.9120630025863647 -0.2633799910545349 0.31428098678588867 2.9756948947906494 -0.008086999878287315 -0.7778480052947998 -0.6284000277519226 1.4358940124511719 0.0 0.0 0.0 1.0
0.4009630084037781 0.5751270055770874 -0.7130619883537292 5.082282066345215 0.91600501537323 -0.2625750005245209 0.3032990097999573 2.9716169834136963 -0.012796999886631966 -0.7747799754142761 -0.6321020126342773 1.4344209432601929 0.0 0.0 0.0 1.0
0.39097699522972107 0.5784329771995544 -0.7159280180931091 5.083596229553223 0.9202359914779663 -0.2603900134563446 0.292169988155365 2.967550039291382 -0.017419999465346336 -0.7730540037155151 -0.6341009736061096 1.433158040046692 0.0 0.0 0.0 1.0
0.37950098514556885 0.5823649764060974 -0.7189090251922607 5.084557056427002 0.9249560236930847 -0.2563450038433075 0.2806130051612854 2.963541030883789 -0.020868999883532524 -0.771452009677887 -0.6359450221061707 1.4327019453048706 0.0 0.0 0.0 1.0
0.3685539960861206 0.5873180031776428 -0.7205730080604553 5.085044860839844 0.929295003414154 -0.25282201170921326 0.2692430019378662 2.9595999717712402 -0.024044999852776527 -0.7688559889793396 -0.6389700174331665 1.4330459833145142 0.0 0.0 0.0 1.0
0.35766100883483887 0.5917710065841675 -0.7224159836769104 5.086648941040039 0.9334740042686462 -0.248539000749588 0.25856098532676697 2.9561879634857178 -0.02653999999165535 -0.766834020614624 -0.6412960290908813 1.4307940006256104 0.0 0.0 0.0 1.0
0.34774699807167053 0.5969989895820618 -0.7229549884796143 5.087080955505371 0.9372130036354065 -0.24315999448299408 0.25001099705696106 2.950057029724121 -0.02653699927031994 -0.764503002166748 -0.6440730094909668 1.4303549528121948 0.0 0.0 0.0 1.0
0.3364669978618622 0.6031259894371033 -0.7232069969177246 5.086828231811523 0.94132399559021 -0.23697300255298615 0.24031800031661987 2.945828914642334 -0.026437999680638313 -0.7616310119628906 -0.647471010684967 1.4305009841918945 0.0 0.0 0.0 1.0
0.32520800828933716 0.6111029982566833 -0.7216600179672241 5.087499141693115 0.9453349709510803 -0.2295529991388321 0.2316190004348755 2.938762903213501 -0.024116000160574913 -0.7575340270996094 -0.6523500084877014 1.430191993713379 0.0 0.0 0.0 1.0
0.31351301074028015 0.6176509857177734 -0.7212600111961365 5.089389801025391 0.9493359923362732 -0.22122099995613098 0.22320899367332458 2.932987928390503 -0.021693000569939613 -0.7546970248222351 -0.6557149887084961 1.4270319938659668 0.0 0.0 0.0 1.0
0.30044299364089966 0.6248310208320618 -0.7206389904022217 5.091213226318359 0.9535769820213318 -0.21309399604797363 0.21279500424861908 2.9280080795288086 -0.02060299925506115 -0.7511169910430908 -0.6598470211029053 1.4248449802398682 0.0 0.0 0.0 1.0
0.27443501353263855 0.6353570222854614 -0.7218080163002014 5.091608047485352 0.9614189863204956 -0.19608700275421143 0.19293400645256042 2.9172849655151367 -0.018955999985337257 -0.7469069957733154 -0.6646580100059509 1.423814058303833 0.0 0.0 0.0 1.0
0.26156899333000183 0.6390799880027771 -0.7232969999313354 5.09252405166626 0.9649909734725952 -0.18816900253295898 0.18271499872207642 2.9116570949554443 -0.019332999363541603 -0.7457669973373413 -0.6659259796142578 1.4238009452819824 0.0 0.0 0.0 1.0
0.24932199716567993 0.6417890191078186 -0.7252209782600403 5.093111038208008 0.9682049751281738 -0.18099099397659302 0.17268699407577515 2.907521963119507 -0.020430000498890877 -0.7452170252799988 -0.6665089726448059 1.4236160516738892 0.0 0.0 0.0 1.0
0.23884299397468567 0.6434980034828186 -0.7272300124168396 5.094438076019287 0.9708030223846436 -0.1753849983215332 0.16364799439907074 2.9037020206451416 -0.022237999364733696 -0.7450839877128601 -0.6665999889373779 1.4228349924087524 0.0 0.0 0.0 1.0
0.22878700494766235 0.645596981048584 -0.7286019921302795 5.094091892242432 0.9731569886207581 -0.17086400091648102 0.15418100357055664 2.900381088256836 -0.024953000247478485 -0.7443190217018127 -0.6673579812049866 1.4235090017318726 0.0 0.0 0.0 1.0
0.21689899265766144 0.6466889977455139 -0.7312650084495544 5.094185829162598 0.9758089780807495 -0.16467000544071198 0.1438080072402954 2.8980789184570312 -0.027418000623583794 -0.7447659969329834 -0.6667619943618774 1.4246809482574463 0.0 0.0 0.0 1.0
0.20278599858283997 0.647599995136261 -0.7345010042190552 5.09488582611084 0.97884601354599 -0.15487800538539886 0.13369199633598328 2.8982250690460205 -0.02717900089919567 -0.7460740208625793 -0.6653079986572266 1.425726056098938 0.0 0.0 0.0 1.0
0.19122099876403809 0.6512640118598938 -0.7343630194664001 5.095330238342285 0.9811869859695435 -0.1470859944820404 0.12504899501800537 2.896923065185547 -0.02657400071620941 -0.7444599866867065 -0.6671379804611206 1.4281840324401855 0.0 0.0 0.0 1.0
0.18091100454330444 0.6533570289611816 -0.7351160049438477 5.095787048339844 0.9832199811935425 -0.13797999918460846 0.11933399736881256 2.8978030681610107 -0.02346399985253811 -0.7443689703941345 -0.667356014251709 1.4288660287857056 0.0 0.0 0.0 1.0
0.1731339991092682 0.6554549932479858 -0.7351210117340088 5.095676898956299 0.9846969842910767 -0.13029499351978302 0.11573900282382965 2.8991169929504395 -0.019920000806450844 -0.743910014629364 -0.6679829955101013 1.4293229579925537 0.0 0.0 0.0 1.0
0.1680629998445511 0.6565210223197937 -0.7353469729423523 5.094077110290527 0.985617995262146 -0.12527400255203247 0.11341699957847595 2.9003729820251465 -0.01765899918973446 -0.743831992149353 -0.668133020401001 1.4306750297546387 0.0 0.0 0.0 1.0
0.16343900561332703 0.6539450287818909 -0.7386760115623474 5.093577861785889 0.986411988735199 -0.12098100036382675 0.11114999651908875 2.9029219150543213 -0.016680000349879265 -0.7468060255050659 -0.6648330092430115 1.4318219423294067 0.0 0.0 0.0 1.0
0.15933600068092346 0.6498900055885315 -0.7431380152702332 5.092477798461914 0.9871000051498413 -0.11683399975299835 0.10947000235319138 2.9069199562072754 -0.01568100042641163 -0.7509940266609192 -0.6601229906082153 1.4343420267105103 0.0 0.0 0.0 1.0
0.15564599633216858 0.6455659866333008 -0.7476750016212463 5.0918378829956055 0.9877300262451172 -0.1114950031042099 0.10935100167989731 2.911860942840576 -0.012768999673426151 -0.7555220127105713 -0.6549990177154541 1.437150001525879 0.0 0.0 0.0 1.0
0.15353000164031982 0.6423140168190002 -0.7509070038795471 5.0899858474731445 0.9881129860877991 -0.10584600269794464 0.11148999631404877 2.918912887573242 -0.00786800030618906 -0.7590979933738708 -0.6509289741516113 1.439231038093567 0.0 0.0 0.0 1.0
0.1542460024356842 0.641185998916626 -0.7517229914665222 5.087514877319336 0.9880310297012329 -0.10146000236272812 0.11619400233030319 2.925450086593628 -0.0017679999582469463 -0.7606480121612549 -0.6491619944572449 1.4412740468978882 0.0 0.0 0.0 1.0
0.15659700334072113 0.6408389806747437 -0.7515339851379395 5.083578109741211 0.987654983997345 -0.09870100021362305 0.12163399904966354 2.932612895965576 0.003771000076085329 -0.7613040208816528 -0.6483839750289917 1.443181037902832 0.0 0.0 0.0 1.0
0.1558160036802292 0.6384180188179016 -0.7537519931793213 5.082819938659668 0.9877669811248779 -0.09594199806451797 0.12292999774217606 2.9393808841705322 0.006163999903947115 -0.7636860013008118 -0.6455579996109009 1.4441909790039062 0.0 0.0 0.0 1.0
0.15842899680137634 0.6345599889755249 -0.7564619779586792 5.077602863311768 0.9873430132865906 -0.09615500271320343 0.12612399458885193 2.9451119899749756 0.007294999901205301 -0.7668690085411072 -0.6417620182037354 1.4473669528961182 0.0 0.0 0.0 1.0
0.15891699492931366 0.6294710040092468 -0.7605990171432495 5.071761131286621 0.9872660040855408 -0.09577500075101852 0.12701299786567688 2.953713893890381 0.007104999851435423 -0.7710989713668823 -0.636676013469696 1.4512439966201782 0.0 0.0 0.0 1.0
0.15972299873828888 0.6236960291862488 -0.7651739716529846 5.066162109375 0.9871349930763245 -0.09521999955177307 0.1284410059452057 2.9629271030426025 0.0072479997761547565 -0.775846004486084 -0.6308810114860535 1.4548310041427612 0.0 0.0 0.0 1.0
0.16178999841213226 0.6181390285491943 -0.7692379951477051 5.059615135192871 0.9867820143699646 -0.09408000111579895 0.13194499909877777 2.9729669094085693 0.009190999902784824 -0.7804179787635803 -0.625190019607544 1.4580010175704956 0.0 0.0 0.0 1.0
0.166702002286911 0.6117579936981201 -0.7732800245285034 5.052154064178467 0.9859529733657837 -0.09517399966716766 0.13725599646568298 2.983314037322998 0.010370999574661255 -0.7852979898452759 -0.6190310120582581 1.4605599641799927 0.0 0.0 0.0 1.0
0.1714629977941513 0.6057249903678894 -0.7769799828529358 5.044491767883301 0.9851260185241699 -0.09637100249528885 0.14226700365543365 2.9930100440979004 0.011296000331640244 -0.7898160219192505 -0.6132400035858154 1.46294105052948 0.0 0.0 0.0 1.0
0.18033799529075623 0.5955610275268555 -0.7828059792518616 5.025269985198975 0.983564019203186 -0.10192999988794327 0.14903900027275085 3.015491008758545 0.008971000090241432 -0.7968170046806335 -0.6041539907455444 1.4677150249481201 0.0 0.0 0.0 1.0
0.18484799563884735 0.5906569957733154 -0.7854650020599365 5.013998985290527 0.9827430248260498 -0.10548599809408188 0.15195199847221375 3.026319980621338 0.006895999889820814 -0.7999979853630066 -0.5999630093574524 1.4705920219421387 0.0 0.0 0.0 1.0
0.18819400668144226 0.5856220126152039 -0.7884349822998047 5.002467155456543 0.9821299910545349 -0.11055900156497955 0.15230900049209595 3.038580894470215 0.0020260000601410866 -0.8030089735984802 -0.5959630012512207 1.472609043121338 0.0 0.0 0.0 1.0
0.18722400069236755 0.5822479724884033 -0.791159987449646 4.99250602722168 0.9823169708251953 -0.11103399842977524 0.15074600279331207 3.0486090183258057 -7.400000322377309e-05 -0.8053929805755615 -0.5927410125732422 1.4738889932632446 0.0 0.0 0.0 1.0
0.1888740062713623 0.5759950280189514 -0.795333981513977 4.9830708503723145 0.9819869995117188 -0.11514899879693985 0.14980700612068176 3.0625360012054443 -0.005293999798595905 -0.8093019723892212 -0.5873690247535706 1.4708149433135986 0.0 0.0 0.0 1.0
0.1887039989233017 0.5743259787559509 -0.7965800166130066 4.968232154846191 0.9820259809494019 -0.11354999989271164 0.1507669985294342 3.076894998550415 -0.0038620000705122948 -0.810712993144989 -0.5854309797286987 1.472193956375122 0.0 0.0 0.0 1.0
0.1898999959230423 0.5718309879302979 -0.7980890274047852 4.952658176422119 0.9818009734153748 -0.1124500036239624 0.1530430018901825 3.0906999111175537 -0.002230999991297722 -0.8126279711723328 -0.5827789902687073 1.4720779657363892 0.0 0.0 0.0 1.0
0.1902649998664856 0.5687749981880188 -0.8001829981803894 4.934272766113281 0.9817330241203308 -0.11054400354623795 0.1548590064048767 3.1060869693756104 -0.000375000003259629 -0.8150299787521362 -0.5794180035591125 1.4732270240783691 0.0 0.0 0.0 1.0
0.19147799909114838 0.5646470189094543 -0.8028140068054199 4.91372013092041 0.9814910292625427 -0.10726600140333176 0.1586499959230423 3.1192240715026855 0.003467000089585781 -0.8183320164680481 -0.5747349858283997 1.4748469591140747 0.0 0.0 0.0 1.0
0.19230900704860687 0.5579370260238647 -0.8072940111160278 4.899261951446533 0.9813309907913208 -0.1070069968700409 0.15981200337409973 3.1377758979797363 0.0027779999654740095 -0.8229560256004333 -0.5680990219116211 1.4686189889907837 0.0 0.0 0.0 1.0
0.19872400164604187 0.5613179802894592 -0.8033869862556458 4.881734848022461 0.9800490140914917 -0.11077500134706497 0.165024995803833 3.155179023742676 0.0036359999794512987 -0.820152997970581 -0.5721330046653748 1.4627759456634521 0.0 0.0 0.0 1.0
0.20854300260543823 0.5699470043182373 -0.7947760224342346 4.855503082275391 0.9779890179634094 -0.11578600108623505 0.1735839992761612 3.1717779636383057 0.006909999996423721 -0.8134819865226746 -0.5815489888191223 1.4654020071029663 0.0 0.0 0.0 1.0
0.21800799667835236 0.5714390277862549 -0.7911570072174072 4.824828147888184 0.9758539795875549 -0.11644800007343292 0.18479399383068085 3.189110040664673 0.013469000346958637 -0.8123409748077393 -0.5830280184745789 1.4726999998092651 0.0 0.0 0.0 1.0
0.2234950065612793 0.5622739791870117 -0.7961770296096802 4.801517009735107 0.9745219945907593 -0.11306300014257431 0.19371099770069122 3.2072689533233643 0.018900999799370766 -0.8191859722137451 -0.57321697473526 1.4767179489135742 0.0 0.0 0.0 1.0
0.23268400132656097 0.5458379983901978 -0.804934024810791 4.779867172241211 0.9723169803619385 -0.11235400289297104 0.2048809975385666 3.2232589721679688 0.021393999457359314 -0.8303239941596985 -0.5568699836730957 1.4768110513687134 0.0 0.0 0.0 1.0
0.24369299411773682 0.5312169790267944 -0.8114320039749146 4.761443138122559 0.9697369933128357 -0.12055300176143646 0.21231399476528168 3.2364699840545654 0.014964999631047249 -0.8386150002479553 -0.5445190072059631 1.473242998123169 0.0 0.0 0.0 1.0
0.2501260042190552 0.523747980594635 -0.8143249750137329 4.741643905639648 0.9681869745254517 -0.12908999621868134 0.21435999870300293 3.2560770511627197 0.007149999961256981 -0.8420360088348389 -0.5393750071525574 1.4710969924926758 0.0 0.0 0.0 1.0
0.2616739869117737 0.5190320014953613 -0.8137149810791016 4.725572109222412 0.9651510119438171 -0.13781699538230896 0.22246499359607697 3.270404100418091 0.0033229999244213104 -0.8435710072517395 -0.5370069742202759 1.4651559591293335 0.0 0.0 0.0 1.0
0.27490898966789246 0.5267090201377869 -0.8043649792671204 4.704693794250488 0.9614499807357788 -0.14514000713825226 0.23355700075626373 3.2855288982391357 0.006271000020205975 -0.8375629782676697 -0.5463039875030518 1.4620260000228882 0.0 0.0 0.0 1.0
0.3053300082683563 0.5382909774780273 -0.7855039834976196 4.658918857574463 0.9521510004997253 -0.16092200577259064 0.2598310112953186 3.3198819160461426 0.013460000045597553 -0.827252984046936 -0.5616689920425415 1.4685640335083008 0.0 0.0 0.0 1.0
0.3180910050868988 0.5344709753990173 -0.7830439805984497 4.639132022857666 0.9479920268058777 -0.16943399608135223 0.26944899559020996 3.332365036010742 0.011339000426232815 -0.8280289769172668 -0.5605700016021729 1.4715169668197632 0.0 0.0 0.0 1.0
0.32750099897384644 0.527646005153656 -0.7837939858436584 4.62436580657959 0.9448310136795044 -0.17744599282741547 0.2753329873085022 3.342061996459961 0.0061969999223947525 -0.8307240009307861 -0.5566499829292297 1.4719300270080566 0.0 0.0 0.0 1.0
0.33102598786354065 0.5230910181999207 -0.7853649854660034 4.610435962677002 0.9436219930648804 -0.18360300362110138 0.2754420042037964 3.355797052383423 -0.0001140000022132881 -0.8322650194168091 -0.554377019405365 1.4718589782714844 0.0 0.0 0.0 1.0
0.32874101400375366 0.521822988986969 -0.7871659994125366 4.602516174316406 0.9444130063056946 -0.18494300544261932 0.27180999517440796 3.369389057159424 -0.0037440001033246517 -0.8327649831771851 -0.5536140203475952 1.4679069519042969 0.0 0.0 0.0 1.0
0.3302780091762543 0.5248110294342041 -0.7845309972763062 4.590133190155029 0.943871021270752 -0.18797999620437622 0.27160900831222534 3.3793399333953857 -0.004933000076562166 -0.8302029967308044 -0.5574399828910828 1.465831995010376 0.0 0.0 0.0 1.0
0.33028098940849304 0.5304449796676636 -0.7807319760322571 4.574699878692627 0.9438729882240295 -0.18932199478149414 0.27066799998283386 3.388762950897217 -0.004234999883919954 -0.826308012008667 -0.563202977180481 1.4668010473251343 0.0 0.0 0.0 1.0
0.3269500136375427 0.5336049795150757 -0.7799810171127319 4.559947967529297 0.9450259804725647 -0.18932099640369415 0.26661399006843567 3.397818088531494 -0.005400000140070915 -0.8242719769477844 -0.566169023513794 1.4700720310211182 0.0 0.0 0.0 1.0
0.3193820118904114 0.532908022403717 -0.7835839986801147 4.546638011932373 0.9475970268249512 -0.18609200417995453 0.25967299938201904 3.4067440032958984 -0.007437000051140785 -0.825456976890564 -0.5644170045852661 1.4710400104522705 0.0 0.0 0.0 1.0
0.3099519908428192 0.5309510231018066 -0.7886829972267151 4.535120010375977 0.9507120251655579 -0.18067699670791626 0.2519949972629547 3.416079044342041 -0.008700000122189522 -0.8279169797897339 -0.5607830286026001 1.4700759649276733 0.0 0.0 0.0 1.0
0.3009609878063202 0.5299810171127319 -0.7928060293197632 4.524527072906494 0.9535850286483765 -0.17585499584674835 0.24443799257278442 3.424269914627075 -0.009871000424027443 -0.8295750021934509 -0.5583080053329468 1.466130018234253 0.0 0.0 0.0 1.0
0.2919760048389435 0.532226026058197 -0.7946599721908569 4.5126848220825195 0.9563379883766174 -0.17367799580097198 0.23505899310112 3.432662010192871 -0.012911000289022923 -0.8285959959030151 -0.5596979856491089 1.4629449844360352 0.0 0.0 0.0 1.0
0.2808130085468292 0.5355740189552307 -0.7964320182800293 4.499718189239502 0.9596059918403625 -0.17163999378681183 0.22292500734329224 3.4420199394226074 -0.01730700023472309 -0.8268619775772095 -0.5621389746665955 1.4609320163726807 0.0 0.0 0.0 1.0
0.26846399903297424 0.5403379797935486 -0.7974720001220703 4.482858180999756 0.9630060195922852 -0.17062599956989288 0.20858100056648254 3.45290207862854 -0.023365000262856483 -0.8239669799804688 -0.5661560297012329 1.464143991470337 0.0 0.0 0.0 1.0
0.2434449940919876 0.5435450077056885 -0.8033009767532349 4.466104984283447 0.969569981098175 -0.15844400227069855 0.18662400543689728 3.4677369594573975 -0.025839999318122864 -0.8242899775505066 -0.5655779838562012 1.463467001914978 0.0 0.0 0.0 1.0
0.22319599986076355 0.5398269891738892 -0.8116459846496582 4.454010009765625 0.9742720127105713 -0.15026000142097473 0.16797800362110138 3.4761109352111816 -0.031279001384973526 -0.8282560110092163 -0.5594760179519653 1.457260012626648 0.0 0.0 0.0 1.0
0.20126700401306152 0.5380610227584839 -0.8185240030288696 4.437117099761963 0.9787049889564514 -0.1448889970779419 0.14541000127792358 3.488879919052124 -0.040355999022722244 -0.8303599953651428 -0.5557640194892883 1.4598439931869507 0.0 0.0 0.0 1.0
0.17958399653434753 0.5321570038795471 -0.8273810148239136 4.421070098876953 0.9825959801673889 -0.1376280039548874 0.12475299835205078 3.496983051300049 -0.04748300090432167 -0.8353850245475769 -0.5476109981536865 1.4587420225143433 0.0 0.0 0.0 1.0
0.15742899477481842 0.5263199806213379 -0.8355849981307983 4.406515121459961 0.9861189723014832 -0.12900100648403168 0.10453499853610992 3.507873058319092 -0.05277299880981445 -0.8404430150985718 -0.5393229722976685 1.4589749574661255 0.0 0.0 0.0 1.0
0.13731899857521057 0.5206789970397949 -0.8426370024681091 4.387054920196533 0.9887710213661194 -0.12267699837684631 0.08533000200986862 3.5171499252319336 -0.0589429996907711 -0.8448929786682129 -0.5316780209541321 1.4631719589233398 0.0 0.0 0.0 1.0
0.11208000034093857 0.5117670297622681 -0.8517820239067078 4.377130031585693 0.9918069839477539 -0.11048900336027145 0.06412100046873093 3.5254130363464355 -0.06129699945449829 -0.8519899845123291 -0.5199570059776306 1.4598729610443115 0.0 0.0 0.0 1.0
0.08643999695777893 0.5109990239143372 -0.8552240133285522 4.3657989501953125 0.9944620132446289 -0.09576299786567688 0.04329400137066841 3.5321249961853027 -0.05977499857544899 -0.8542299866676331 -0.5164470076560974 1.4575120210647583 0.0 0.0 0.0 1.0
0.06120999902486801 0.5140209794044495 -0.8555909991264343 4.351923942565918 0.9964969754219055 -0.08041000366210938 0.022981999441981316 3.5380899906158447 -0.056984998285770416 -0.8539999723434448 -0.5171419978141785 1.4583239555358887 0.0 0.0 0.0 1.0
0.03572700172662735 0.5153080224990845 -0.8562600016593933 4.338644027709961 0.9978119730949402 -0.0660879984498024 0.0018609999679028988 3.5452499389648438 -0.055629000067710876 -0.8544530272483826 -0.5165420174598694 1.4602370262145996 0.0 0.0 0.0 1.0
0.012879000045359135 0.519366979598999 -0.854453980922699 4.326171875 0.9984019994735718 -0.05369500070810318 -0.01758899912238121 3.5560379028320312 -0.05501500144600868 -0.8528630137443542 -0.519228994846344 1.4670660495758057 0.0 0.0 0.0 1.0
-0.03120799921452999 0.5164229869842529 -0.8557639718055725 4.309238910675049 0.9980329871177673 -0.03047199919819832 -0.05478600040078163 3.5642709732055664 -0.05437000095844269 -0.8557909727096558 -0.5144569873809814 1.464426040649414 0.0 0.0 0.0 1.0
-0.052577000111341476 0.5206080079078674 -0.8521749973297119 4.300899028778076 0.9972699880599976 -0.016930999234318733 -0.0718730017542839 3.567634105682373 -0.05184600129723549 -0.8536279797554016 -0.518297016620636 1.4611250162124634 0.0 0.0 0.0 1.0
-0.07216399908065796 0.5287799835205078 -0.8456850051879883 4.290029048919678 0.9961940050125122 -0.003343000076711178 -0.08709800243377686 3.5712969303131104 -0.048882998526096344 -0.8487520217895508 -0.5265269875526428 1.4610639810562134 0.0 0.0 0.0 1.0
-0.09087000042200089 0.5361239910125732 -0.8392329812049866 4.281039237976074 0.9949110150337219 0.012032000347971916 -0.10003899782896042 3.575382947921753 -0.043535999953746796 -0.8440529704093933 -0.5344889760017395 1.4618819952011108 0.0 0.0 0.0 1.0
-0.12271200120449066 0.5474900007247925 -0.8277649879455566 4.26016902923584 0.9919970035552979 0.04270000010728836 -0.11881700158119202 3.581907033920288 -0.029704999178647995 -0.835722029209137 -0.5483490228652954 1.4641790390014648 0.0 0.0 0.0 1.0
-0.13538199663162231 0.5492370128631592 -0.8246269822120667 4.2499260902404785 0.9905809760093689 0.05779699981212616 -0.12413199990987778 3.584146022796631 -0.020517000928521156 -0.8336650133132935 -0.5518879890441895 1.4672729969024658 0.0 0.0 0.0 1.0
-0.14688199758529663 0.5456979870796204 -0.825007975101471 4.243910789489746 0.9890869855880737 0.07130099833011627 -0.12893299758434296 3.5863990783691406 -0.011535000056028366 -0.8349429965019226 -0.550216019153595 1.4663410186767578 0.0 0.0 0.0 1.0
-0.15640899538993835 0.5448690056800842 -0.8238040208816528 4.239658832550049 0.9876779913902283 0.08178900182247162 -0.1334259957075119 3.5853888988494873 -0.00532200001180172 -0.8345230221748352 -0.5509480237960815 1.4637889862060547 0.0 0.0 0.0 1.0
-0.16675600409507751 0.5490440130233765 -0.8189889788627625 4.233220100402832 0.9859960079193115 0.09109500050544739 -0.13969099521636963 3.5845930576324463 -0.0020910000894218683 -0.830814003944397 -0.5565459728240967 1.4652730226516724 0.0 0.0 0.0 1.0
-0.17651300132274628 0.5533030033111572 -0.8140630125999451 4.21940803527832 0.9842939972877502 0.0969180017709732 -0.14755100011825562 3.581393003463745 -0.002742999931797385 -0.8273230195045471 -0.5617200136184692 1.4689140319824219 0.0 0.0 0.0 1.0
-0.18562699854373932 0.5535619854927063 -0.8118569850921631 4.2145771980285645 0.9826170206069946 0.10239999741315842 -0.15484899282455444 3.575392007827759 -0.0025839998852461576 -0.8264889717102051 -0.5629479885101318 1.4725439548492432 0.0 0.0 0.0 1.0
-0.19719499349594116 0.5505189895629883 -0.8111979961395264 4.208521842956543 0.9803490042686462 0.10609500110149384 -0.16631299257278442 3.576190948486328 -0.005493999924510717 -0.8280529975891113 -0.560621976852417 1.4755549430847168 0.0 0.0 0.0 1.0
-0.2074739933013916 0.5455780029296875 -0.8119720220565796 4.205557823181152 0.9782220125198364 0.11060500144958496 -0.17563700675964355 3.5761709213256836 -0.006014999933540821 -0.8307290077209473 -0.5566440224647522 1.4768019914627075 0.0 0.0 0.0 1.0
-0.21738199889659882 0.5412129759788513 -0.812300980091095 4.201486110687256 0.9760820269584656 0.11799100041389465 -0.18259799480438232 3.5769529342651367 -0.0029800001066178083 -0.8325660228729248 -0.5539169907569885 1.476693034172058 0.0 0.0 0.0 1.0
-0.23169299960136414 0.539089024066925 -0.8097540140151978 4.194110870361328 0.9727590084075928 0.13486500084400177 -0.18854700028896332 3.5752599239349365 0.007563999854028225 -0.8313810229301453 -0.5556520223617554 1.4788939952850342 0.0 0.0 0.0 1.0
-0.23824700713157654 0.5377339720726013 -0.8087520003318787 4.190089225769043 0.9711610078811646 0.1397619992494583 -0.19316299259662628 3.573383092880249 0.00916299968957901 -0.8314499855041504 -0.5555239915847778 1.4825079441070557 0.0 0.0 0.0 1.0
-0.24868999421596527 0.5326690077781677 -0.8089600205421448 4.188267230987549 0.9685419797897339 0.14445599913597107 -0.2026289999485016 3.572175979614258 0.008925000205636024 -0.8339040279388428 -0.5518379807472229 1.4847979545593262 0.0 0.0 0.0 1.0
-0.26041799783706665 0.5259209871292114 -0.8096849918365479 4.188735008239746 0.9654549956321716 0.14960600435733795 -0.21334299445152283 3.570796012878418 0.008933000266551971 -0.8372719883918762 -0.5467129945755005 1.4839099645614624 0.0 0.0 0.0 1.0
-0.2736240029335022 0.5226650238037109 -0.8074349761009216 4.18719482421875 0.9617980122566223 0.15623100101947784 -0.22480300068855286 3.5730810165405273 0.008648999966681004 -0.8381010293960571 -0.5454469919204712 1.4838329553604126 0.0 0.0 0.0 1.0
-0.2821899950504303 0.5217220187187195 -0.805092990398407 4.186888217926025 0.9593260288238525 0.16035999357700348 -0.23233099281787872 3.570502996444702 0.007892999798059464 -0.8379080295562744 -0.5457540154457092 1.4842040538787842 0.0 0.0 0.0 1.0
-0.2908180058002472 0.5199829936027527 -0.8031449913978577 4.186348915100098 0.9567310214042664 0.16636599600315094 -0.23871999979019165 3.56496000289917 0.009484999813139439 -0.83781898021698 -0.5458660125732422 1.4869569540023804 0.0 0.0 0.0 1.0
-0.302713006734848 0.5161679983139038 -0.8012089729309082 4.186085224151611 0.9530439972877502 0.17138299345970154 -0.24966800212860107 3.5656299591064453 0.008442999795079231 -0.8391649723052979 -0.543811023235321 1.4882760047912598 0.0 0.0 0.0 1.0
-0.31138500571250916 0.509893000125885 -0.8019030094146729 4.185534954071045 0.9502589702606201 0.17314599454402924 -0.25889700651168823 3.5666990280151367 0.006837000139057636 -0.8426330089569092 -0.5384460091590881 1.4863580465316772 0.0 0.0 0.0 1.0
-0.3169029951095581 0.5068719983100891 -0.8016560077667236 4.183040142059326 0.9484310150146484 0.17572499811649323 -0.2638159990310669 3.5678799152374268 0.007149999961256981 -0.8439199924468994 -0.5364220142364502 1.4855949878692627 0.0 0.0 0.0 1.0
-0.3177329897880554 0.5062260031700134 -0.8017359972000122 4.181763172149658 0.9481580257415771 0.17546199262142181 -0.264970988035202 3.566638946533203 0.0065390001982450485 -0.8443629741668701 -0.5357319712638855 1.4858360290527344 0.0 0.0 0.0 1.0
-0.31985199451446533 0.5065150260925293 -0.8007100224494934 4.1795268058776855 0.9474530220031738 0.1756889969110489 -0.26733100414276123 3.5665290355682373 0.005268999841064215 -0.8441420197486877 -0.5360940098762512 1.486335039138794 0.0 0.0 0.0 1.0
-0.32150399684906006 0.5065039992332458 -0.8000550270080566 4.179865837097168 0.9469010233879089 0.17516200244426727 -0.26962101459503174 3.565531015396118 0.0035749999806284904 -0.8442580103874207 -0.5359249711036682 1.4869890213012695 0.0 0.0 0.0 1.0
